{"type":"FeatureCollection","features":[{"type":"Feature","id":"hes177-001","geometry":{"type":"Point","coordinates":[36.73953,38.1078]},"properties":{"id":"hes177-001","entityId":"hes177-001","entityType":"hes177","name":"ADATEPE HES","inventoryOrder":1,"basinId":"20","basinName":"Ceyhan","province":"KAHRAMANMARAŞ","damName":"ADATEPE","installedPowerMw":4.0,"unitFlowM3s":5.0,"maxWaterLevelM":1311.79,"minWaterLevelM":1270.5,"maxVolumeHm3":524.0,"minVolumeHm3":76.0,"activeVolumeHm3":273.08,"waterEnergyMwh":54.02,"epiasDate":"46278.81434027778","dataQuality":"A","sourceMatchMethod":"exact","cascadeName":"KANDİL HES","cascadeSourceValue":"KANDİL HES","notes":null,"coordinateStatus":"Doğrulanmış koordinat mevcut","coordinateType":"HES / baraj noktası","coordinateSource":"workbook-verified","coordinateKind":"verified","transformerId":null,"transformerName":null,"riverNameSource":"Havza ana akarsuyu ön-eşleme; TATUS spatial query ile doğrulanmalı","riverCode":"TR20NH092730","riverQueryUrl":"https://cbs1.tarimorman.gov.tr/server/rest/services/TATUS/FeatureServer/8/query?where=HAVZA_ID%3D20&geometry=36.739530%2C38.107800&geometryType=esriGeometryPoint&inSR=4326&spatialRel=esriSpatialRelIntersects&distance=5&units=esriSRUnit_Kilometer&outFields=OBJECTID%2Cadi%2Cnehir_kod%2Cstrahler%2Cuzunluk%2CHAVZA_ID&returnGeometry=true&outSR=4326&orderByFields=strahler+DESC&resultRecordCount=20&f=geojson","catchmentUrl":"https://cbs1.tarimorman.gov.tr/server/rest/services/TATUS/FeatureServer/9/query?where=1%3D1&geometry=36.739530%2C38.107800&geometryType=esriGeometryPoint&inSR=4326&spatialRel=esriSpatialRelIntersects&outFields=%2A&returnGeometry=true&outSR=4326&resultRecordCount=5&f=geojson","catchmentLabel":"Santral popup: Su alanını göster","gisConfidence":"Yüksek","gisNote":null,"hasDamMatch":true,"damMatchMethod":"name+basin+near-coordinate","riverIds":["river177-0001","river177-0002","river177-0003","river177-0004","river177-0005","river177-0006","river177-0007","river177-0008","river177-0009","river177-0010","river177-0011","river177-0012","river177-0013"],"damIds":["dam177-040"],"stationIds":["station177-542","station177-559","station177-933","station177-938"],"cascadeToId":"hes177-089","cascadeFromIds":[],"isProducer":true}},{"type":"Feature","id":"hes177-002","geometry":{"type":"Point","coordinates":[29.15691,38.13667]},"properties":{"id":"hes177-002","entityId":"hes177-002","entityType":"hes177","name":"ADIGÜZEL2 HES","inventoryOrder":2,"basinId":"7","basinName":"Büyük Menderes","province":"DENİZLİ","damName":"ADIGÜZEL-2 HES","installedPowerMw":30.1,"unitFlowM3s":66.0,"maxWaterLevelM":318.0,"minWaterLevelM":310.0,"maxVolumeHm3":15.25,"minVolumeHm3":9.73,"activeVolumeHm3":0.09,"waterEnergyMwh":0.01,"epiasDate":"46278.81434027778","dataQuality":"A","sourceMatchMethod":"alias","cascadeName":null,"cascadeSourceValue":"10","notes":"Baraj adı eşleşmesi: ADIGÜZEL-2 HES; Kaskat alanında kaynak değeri '10' (belirsiz/sentinel)","coordinateStatus":"Doğrulanmış koordinat mevcut","coordinateType":"HES / baraj noktası","coordinateSource":"workbook-verified","coordinateKind":"verified","transformerId":null,"transformerName":null,"riverNameSource":"Havza ana akarsuyu ön-eşleme; TATUS spatial query ile doğrulanmalı","riverCode":"TR07NH137075","riverQueryUrl":"https://cbs1.tarimorman.gov.tr/server/rest/services/TATUS/FeatureServer/8/query?where=HAVZA_ID%3D7&geometry=29.156910%2C38.136670&geometryType=esriGeometryPoint&inSR=4326&spatialRel=esriSpatialRelIntersects&distance=5&units=esriSRUnit_Kilometer&outFields=OBJECTID%2Cadi%2Cnehir_kod%2Cstrahler%2Cuzunluk%2CHAVZA_ID&returnGeometry=true&outSR=4326&orderByFields=strahler+DESC&resultRecordCount=20&f=geojson","catchmentUrl":"https://cbs1.tarimorman.gov.tr/server/rest/services/TATUS/FeatureServer/9/query?where=1%3D1&geometry=29.156910%2C38.136670&geometryType=esriGeometryPoint&inSR=4326&spatialRel=esriSpatialRelIntersects&outFields=%2A&returnGeometry=true&outSR=4326&resultRecordCount=5&f=geojson","catchmentLabel":"Santral popup: Su alanını göster","gisConfidence":"Yüksek","gisNote":null,"hasDamMatch":true,"damMatchMethod":"name+basin+near-coordinate","riverIds":["river177-0014","river177-0015","river177-0016","river177-0017","river177-0018","river177-0019","river177-0020","river177-0021","river177-0022","river177-0023","river177-0024","river177-0025","river177-0026","river177-0027","river177-0028","river177-0029","river177-0030","river177-0031","river177-0032"],"damIds":["dam177-062"],"stationIds":[],"cascadeToId":null,"cascadeFromIds":[],"isProducer":true}},{"type":"Feature","id":"hes177-003","geometry":{"type":"Point","coordinates":[29.20555,38.15861]},"properties":{"id":"hes177-003","entityId":"hes177-003","entityType":"hes177","name":"ADIGÜZEL HES","inventoryOrder":3,"basinId":"7","basinName":"Büyük Menderes","province":"DENİZLİ","damName":"ADIGÜZEL","installedPowerMw":62.0,"unitFlowM3s":66.0,"maxWaterLevelM":453.0,"minWaterLevelM":406.0,"maxVolumeHm3":1032.26,"minVolumeHm3":226.44,"activeVolumeHm3":null,"waterEnergyMwh":null,"epiasDate":"46278.81434027778","dataQuality":"A","sourceMatchMethod":"exact","cascadeName":null,"cascadeSourceValue":"10","notes":"Kaskat alanında kaynak değeri '10' (belirsiz/sentinel)","coordinateStatus":"Doğrulanmış koordinat mevcut","coordinateType":"HES / baraj noktası","coordinateSource":"workbook-verified","coordinateKind":"verified","transformerId":"570","transformerName":"ADIGÜZEL HES","riverNameSource":"Havza ana akarsuyu ön-eşleme; TATUS spatial query ile doğrulanmalı","riverCode":"TR07NH182518","riverQueryUrl":"https://cbs1.tarimorman.gov.tr/server/rest/services/TATUS/FeatureServer/8/query?where=HAVZA_ID%3D7&geometry=29.205550%2C38.158610&geometryType=esriGeometryPoint&inSR=4326&spatialRel=esriSpatialRelIntersects&distance=5&units=esriSRUnit_Kilometer&outFields=OBJECTID%2Cadi%2Cnehir_kod%2Cstrahler%2Cuzunluk%2CHAVZA_ID&returnGeometry=true&outSR=4326&orderByFields=strahler+DESC&resultRecordCount=20&f=geojson","catchmentUrl":"https://cbs1.tarimorman.gov.tr/server/rest/services/TATUS/FeatureServer/9/query?where=1%3D1&geometry=29.205550%2C38.158610&geometryType=esriGeometryPoint&inSR=4326&spatialRel=esriSpatialRelIntersects&outFields=%2A&returnGeometry=true&outSR=4326&resultRecordCount=5&f=geojson","catchmentLabel":"Santral popup: Su alanını göster","gisConfidence":"Yüksek","gisNote":null,"hasDamMatch":true,"damMatchMethod":"name+basin+near-coordinate","riverIds":["river177-0014","river177-0016","river177-0017","river177-0018","river177-0019","river177-0020","river177-0022","river177-0025","river177-0026","river177-0027","river177-0028","river177-0029","river177-0031","river177-0033","river177-0034","river177-0035","river177-0036","river177-0037","river177-0038","river177-0039"],"damIds":["dam177-061"],"stationIds":[],"cascadeToId":null,"cascadeFromIds":[],"isProducer":true}},{"type":"Feature","id":"hes177-004","geometry":{"type":"Point","coordinates":[28.897,36.899]},"properties":{"id":"hes177-004","entityId":"hes177-004","entityType":"hes177","name":"AKKÖPRÜ HES","inventoryOrder":4,"basinId":"8","basinName":"Batı Akdeniz","province":"MUĞLA","damName":"AKKÖPRÜ","installedPowerMw":118.6,"unitFlowM3s":150.0,"maxWaterLevelM":204.0,"minWaterLevelM":140.0,"maxVolumeHm3":419.2,"minVolumeHm3":195.81,"activeVolumeHm3":12.49,"waterEnergyMwh":2.38,"epiasDate":"46278.81434027778","dataQuality":"B","sourceMatchMethod":"exact","cascadeName":null,"cascadeSourceValue":"10","notes":"Kaskat alanında kaynak değeri '10' (belirsiz/sentinel); Koordinat güvenilir açık kaynaktan doğrulanamadı; Santral/baraj kesin koordinatı doğrulanamadığı için eşleşen trafo merkezi koordinatı harita referansı olarak kullanıldı; kesin HES konumu değildir.","coordinateStatus":"Trafo merkezi koordinatı ile tamamlandı","coordinateType":"Trafo merkezi / elektrik bağlantı noktası (yaklaşık)","coordinateSource":"transformer","coordinateKind":"transformer","transformerId":"456","transformerName":"AKKÖPRÜ HES","riverNameSource":"TATUS spatial query hazır; en yakın/uygun LineString seçilmeli","riverCode":"TR08NH034668","riverQueryUrl":"https://cbs1.tarimorman.gov.tr/server/rest/services/TATUS/FeatureServer/8/query?where=HAVZA_ID%3D8&geometry=28.897000%2C36.899000&geometryType=esriGeometryPoint&inSR=4326&spatialRel=esriSpatialRelIntersects&distance=5&units=esriSRUnit_Kilometer&outFields=OBJECTID%2Cadi%2Cnehir_kod%2Cstrahler%2Cuzunluk%2CHAVZA_ID&returnGeometry=true&outSR=4326&orderByFields=strahler+DESC&resultRecordCount=20&f=geojson","catchmentUrl":"https://cbs1.tarimorman.gov.tr/server/rest/services/TATUS/FeatureServer/9/query?where=1%3D1&geometry=28.897000%2C36.899000&geometryType=esriGeometryPoint&inSR=4326&spatialRel=esriSpatialRelIntersects&outFields=%2A&returnGeometry=true&outSR=4326&resultRecordCount=5&f=geojson","catchmentLabel":"Santral popup: Su alanını göster","gisConfidence":"Orta-Düşük","gisNote":"TATUS baraj point doğrudan eşleşmesi bu çalışma kitabında çözülmedi; sorgu URL'si eklendi; Akarsu/catchment sorgusu yaklaşık trafo noktasına dayanır; santral/baraj noktası ile doğrulanmalı","hasDamMatch":true,"damMatchMethod":"name+basin+near-coordinate","riverIds":["river177-0040","river177-0041","river177-0042","river177-0043","river177-0044","river177-0045","river177-0046","river177-0047","river177-0048","river177-0049","river177-0050","river177-0051","river177-0052","river177-0053","river177-0054"],"damIds":["dam177-066"],"stationIds":["station177-985","station177-986","station177-1010","station177-1017"],"cascadeToId":null,"cascadeFromIds":[],"isProducer":true}},{"type":"Feature","id":"hes177-005","geometry":{"type":"Point","coordinates":[39.09545,40.69314]},"properties":{"id":"hes177-005","entityId":"hes177-005","entityType":"hes177","name":"AKKÖY1 HES","inventoryOrder":5,"basinId":"22","basinName":"Doğu Karadeniz","province":"GÜMÜŞHANE","damName":"AKKÖY 1","installedPowerMw":101.9,"unitFlowM3s":90.0,"maxWaterLevelM":545.0,"minWaterLevelM":530.0,"maxVolumeHm3":3.34,"minVolumeHm3":0.62,"activeVolumeHm3":null,"waterEnergyMwh":null,"epiasDate":"46278.81434027778","dataQuality":"A","sourceMatchMethod":"exact","cascadeName":null,"cascadeSourceValue":"10","notes":"Kaskat alanında kaynak değeri '10' (belirsiz/sentinel)","coordinateStatus":"Doğrulanmış koordinat mevcut","coordinateType":"HES / baraj noktası","coordinateSource":"workbook-verified","coordinateKind":"verified","transformerId":null,"transformerName":null,"riverNameSource":"TATUS spatial query hazır; en yakın/uygun LineString seçilmeli","riverCode":null,"riverQueryUrl":"https://cbs1.tarimorman.gov.tr/server/rest/services/TATUS/FeatureServer/8/query?where=HAVZA_ID%3D22&geometry=39.095450%2C40.693140&geometryType=esriGeometryPoint&inSR=4326&spatialRel=esriSpatialRelIntersects&distance=5&units=esriSRUnit_Kilometer&outFields=OBJECTID%2Cadi%2Cnehir_kod%2Cstrahler%2Cuzunluk%2CHAVZA_ID&returnGeometry=true&outSR=4326&orderByFields=strahler+DESC&resultRecordCount=20&f=geojson","catchmentUrl":"https://cbs1.tarimorman.gov.tr/server/rest/services/TATUS/FeatureServer/9/query?where=1%3D1&geometry=39.095450%2C40.693140&geometryType=esriGeometryPoint&inSR=4326&spatialRel=esriSpatialRelIntersects&outFields=%2A&returnGeometry=true&outSR=4326&resultRecordCount=5&f=geojson","catchmentLabel":"Santral popup: Su alanını göster","gisConfidence":"Yüksek","gisNote":null,"hasDamMatch":true,"damMatchMethod":"name+basin+near-coordinate","riverIds":[],"damIds":["dam177-049"],"stationIds":["station177-1387","station177-1389","station177-1495","station177-1526","station177-1529","station177-1530"],"cascadeToId":null,"cascadeFromIds":[],"isProducer":true}},{"type":"Feature","id":"hes177-006","geometry":{"type":"Point","coordinates":[38.9909,40.73784]},"properties":{"id":"hes177-006","entityId":"hes177-006","entityType":"hes177","name":"AKKÖY2 HES","inventoryOrder":6,"basinId":"22","basinName":"Doğu Karadeniz","province":"GÜMÜŞHANE","damName":"AKKÖY2","installedPowerMw":229.68,"unitFlowM3s":null,"maxWaterLevelM":1627.0,"minWaterLevelM":1588.0,"maxVolumeHm3":null,"minVolumeHm3":null,"activeVolumeHm3":null,"waterEnergyMwh":null,"epiasDate":null,"dataQuality":"B","sourceMatchMethod":"eşleşme yok","cascadeName":null,"cascadeSourceValue":"10","notes":"EPİAŞ su göstergesi eşleşmesi bulunamadı; Kaskat alanında kaynak değeri '10' (belirsiz/sentinel); Koordinat güvenilir açık kaynaktan doğrulanamadı; Kurulu güç bulunamadı; Eksik kurulu güç/il bilgisi kamuya açık web kaynağıyla tamamlandı; Koordinat OSM tabanlı ikincil kaynak; Ünite debisi doğrulanamadı; Maksimum/minimum hacim doğrulanamadı","coordinateStatus":"Doğrulanmış koordinat mevcut","coordinateType":"HES / baraj noktası","coordinateSource":"workbook-verified","coordinateKind":"verified","transformerId":null,"transformerName":null,"riverNameSource":"TATUS spatial query hazır; en yakın/uygun LineString seçilmeli","riverCode":"TR22NH046515","riverQueryUrl":"https://cbs1.tarimorman.gov.tr/server/rest/services/TATUS/FeatureServer/8/query?where=HAVZA_ID%3D22&geometry=38.990900%2C40.737840&geometryType=esriGeometryPoint&inSR=4326&spatialRel=esriSpatialRelIntersects&distance=5&units=esriSRUnit_Kilometer&outFields=OBJECTID%2Cadi%2Cnehir_kod%2Cstrahler%2Cuzunluk%2CHAVZA_ID&returnGeometry=true&outSR=4326&orderByFields=strahler+DESC&resultRecordCount=20&f=geojson","catchmentUrl":"https://cbs1.tarimorman.gov.tr/server/rest/services/TATUS/FeatureServer/9/query?where=1%3D1&geometry=38.990900%2C40.737840&geometryType=esriGeometryPoint&inSR=4326&spatialRel=esriSpatialRelIntersects&outFields=%2A&returnGeometry=true&outSR=4326&resultRecordCount=5&f=geojson","catchmentLabel":"Santral popup: Su alanını göster","gisConfidence":"Yüksek","gisNote":"TATUS baraj point doğrudan eşleşmesi bu çalışma kitabında çözülmedi; sorgu URL'si eklendi","hasDamMatch":false,"riverIds":["river177-0055","river177-0056","river177-0057","river177-0058","river177-0059","river177-0060","river177-0061","river177-0062","river177-0063","river177-0064","river177-0065","river177-0066","river177-0067","river177-0068","river177-0069","river177-0070","river177-0071","river177-0072"],"damIds":[],"stationIds":[],"cascadeToId":null,"cascadeFromIds":[],"isProducer":false}},{"type":"Feature","id":"hes177-007","geometry":{"type":"Point","coordinates":[42.429,38.14]},"properties":{"id":"hes177-007","entityId":"hes177-007","entityType":"hes177","name":"AKŞAR NAZAR HES","inventoryOrder":7,"basinId":"21","basinName":"Fırat-Dicle","province":"BİTLİS","damName":"AKŞAR NAZAR","installedPowerMw":30.24,"unitFlowM3s":null,"maxWaterLevelM":1126.0,"minWaterLevelM":1122.0,"maxVolumeHm3":null,"minVolumeHm3":null,"activeVolumeHm3":null,"waterEnergyMwh":null,"epiasDate":null,"dataQuality":"C","sourceMatchMethod":"eşleşme yok","cascadeName":null,"cascadeSourceValue":"10","notes":"EPİAŞ su göstergesi eşleşmesi bulunamadı; Kaskat alanında kaynak değeri '10' (belirsiz/sentinel); Koordinat güvenilir açık kaynaktan doğrulanamadı; Kurulu güç bulunamadı; Eksik kurulu güç/il bilgisi kamuya açık web kaynağıyla tamamlandı; Ünite debisi doğrulanamadı; Maksimum/minimum hacim doğrulanamadı; Santral/baraj kesin koordinatı doğrulanamadığı için eşleşen trafo merkezi koordinatı harita referansı olarak kullanıldı; kesin HES konumu değildir.","coordinateStatus":"Trafo merkezi koordinatı ile tamamlandı","coordinateType":"Trafo merkezi / elektrik bağlantı noktası (yaklaşık)","coordinateSource":"transformer","coordinateKind":"transformer","transformerId":"1504","transformerName":"AKŞAR NAZAR HES","riverNameSource":"TATUS spatial query hazır; en yakın/uygun LineString seçilmeli","riverCode":"TR21NH294046","riverQueryUrl":"https://cbs1.tarimorman.gov.tr/server/rest/services/TATUS/FeatureServer/8/query?where=HAVZA_ID%3D21&geometry=42.429000%2C38.140000&geometryType=esriGeometryPoint&inSR=4326&spatialRel=esriSpatialRelIntersects&distance=5&units=esriSRUnit_Kilometer&outFields=OBJECTID%2Cadi%2Cnehir_kod%2Cstrahler%2Cuzunluk%2CHAVZA_ID&returnGeometry=true&outSR=4326&orderByFields=strahler+DESC&resultRecordCount=20&f=geojson","catchmentUrl":"https://cbs1.tarimorman.gov.tr/server/rest/services/TATUS/FeatureServer/9/query?where=1%3D1&geometry=42.429000%2C38.140000&geometryType=esriGeometryPoint&inSR=4326&spatialRel=esriSpatialRelIntersects&outFields=%2A&returnGeometry=true&outSR=4326&resultRecordCount=5&f=geojson","catchmentLabel":"Santral popup: Su alanını göster","gisConfidence":"Orta-Düşük","gisNote":"TATUS baraj point doğrudan eşleşmesi bu çalışma kitabında çözülmedi; sorgu URL'si eklendi; Akarsu/catchment sorgusu yaklaşık trafo noktasına dayanır; santral/baraj noktası ile doğrulanmalı; Fırat-Dicle havzasında nehir adı havzadan türetilmedi; yanlış Fırat/Dicle eşleşmesini önlemek için spatial doğrulama gerekli","hasDamMatch":false,"riverIds":["river177-0073","river177-0074","river177-0075","river177-0076","river177-0077","river177-0078","river177-0079","river177-0080","river177-0081","river177-0082","river177-0083","river177-0084","river177-0085","river177-0086","river177-0087"],"damIds":[],"stationIds":["station177-1628"],"cascadeToId":null,"cascadeFromIds":[],"isProducer":false}},{"type":"Feature","id":"hes177-008","geometry":{"type":"Point","coordinates":[32.895,36.181667]},"properties":{"id":"hes177-008","entityId":"hes177-008","entityType":"hes177","name":"ALAKÖPRÜ HES","inventoryOrder":8,"basinId":"17","basinName":"Doğu Akdeniz","province":"İÇEL","damName":"ALAKÖPRÜ","installedPowerMw":32.0,"unitFlowM3s":43.0,"maxWaterLevelM":135.0,"minWaterLevelM":119.0,"maxVolumeHm3":117.07,"minVolumeHm3":36.28,"activeVolumeHm3":56.61,"waterEnergyMwh":11.18,"epiasDate":"46278.81434027778","dataQuality":"A","sourceMatchMethod":"exact","cascadeName":null,"cascadeSourceValue":"10","notes":"Kaskat alanında kaynak değeri '10' (belirsiz/sentinel)","coordinateStatus":"Doğrulanmış koordinat mevcut","coordinateType":"HES / baraj noktası","coordinateSource":"workbook-verified","coordinateKind":"verified","transformerId":null,"transformerName":null,"riverNameSource":"TATUS spatial query hazır; en yakın/uygun LineString seçilmeli","riverCode":"TR17NH005555","riverQueryUrl":"https://cbs1.tarimorman.gov.tr/server/rest/services/TATUS/FeatureServer/8/query?where=HAVZA_ID%3D17&geometry=32.895000%2C36.181667&geometryType=esriGeometryPoint&inSR=4326&spatialRel=esriSpatialRelIntersects&distance=5&units=esriSRUnit_Kilometer&outFields=OBJECTID%2Cadi%2Cnehir_kod%2Cstrahler%2Cuzunluk%2CHAVZA_ID&returnGeometry=true&outSR=4326&orderByFields=strahler+DESC&resultRecordCount=20&f=geojson","catchmentUrl":"https://cbs1.tarimorman.gov.tr/server/rest/services/TATUS/FeatureServer/9/query?where=1%3D1&geometry=32.895000%2C36.181667&geometryType=esriGeometryPoint&inSR=4326&spatialRel=esriSpatialRelIntersects&outFields=%2A&returnGeometry=true&outSR=4326&resultRecordCount=5&f=geojson","catchmentLabel":"Santral popup: Su alanını göster","gisConfidence":"Yüksek","gisNote":"TATUS baraj point doğrudan eşleşmesi bu çalışma kitabında çözülmedi; sorgu URL'si eklendi","hasDamMatch":false,"riverName":"Güney","riverMatchMethod":"tatus-spatial","riverConfidence":"medium","riverIds":["river177-0088","river177-0089","river177-0090","river177-0091","river177-0092","river177-0093","river177-0094","river177-0095","river177-0096","river177-0097","river177-0098","river177-0099","river177-0100","river177-0101","river177-0102","river177-0103","river177-0104","river177-0105","river177-0106","river177-0107"],"damIds":[],"stationIds":["station177-915","station177-1190","station177-1191","station177-1192","station177-1193","station177-1205","station177-1207"],"cascadeToId":null,"cascadeFromIds":[],"isProducer":false}},{"type":"Feature","id":"hes177-009","geometry":{"type":"Point","coordinates":[42.091,37.955]},"properties":{"id":"hes177-009","entityId":"hes177-009","entityType":"hes177","name":"ALKUMRU HES","inventoryOrder":9,"basinId":"21","basinName":"Fırat-Dicle","province":"SİİRT","damName":"ALKUMRU","installedPowerMw":276.0,"unitFlowM3s":null,"maxWaterLevelM":647.0,"minWaterLevelM":611.8,"maxVolumeHm3":null,"minVolumeHm3":null,"activeVolumeHm3":null,"waterEnergyMwh":null,"epiasDate":null,"dataQuality":"C","sourceMatchMethod":"eşleşme yok","cascadeName":"ILISU HES","cascadeSourceValue":"ILISU HES","notes":"EPİAŞ su göstergesi eşleşmesi bulunamadı; Koordinat güvenilir açık kaynaktan doğrulanamadı; Ünite debisi doğrulanamadı; Maksimum/minimum hacim doğrulanamadı; Santral/baraj kesin koordinatı doğrulanamadığı için eşleşen trafo merkezi koordinatı harita referansı olarak kullanıldı; kesin HES konumu değildir.","coordinateStatus":"Trafo merkezi koordinatı ile tamamlandı","coordinateType":"Trafo merkezi / elektrik bağlantı noktası (yaklaşık)","coordinateSource":"transformer","coordinateKind":"transformer","transformerId":"690","transformerName":"ALKUMRU HES","riverNameSource":"TATUS spatial query hazır; en yakın/uygun LineString seçilmeli","riverCode":"TR21NH720736","riverQueryUrl":"https://cbs1.tarimorman.gov.tr/server/rest/services/TATUS/FeatureServer/8/query?where=HAVZA_ID%3D21&geometry=42.091000%2C37.955000&geometryType=esriGeometryPoint&inSR=4326&spatialRel=esriSpatialRelIntersects&distance=5&units=esriSRUnit_Kilometer&outFields=OBJECTID%2Cadi%2Cnehir_kod%2Cstrahler%2Cuzunluk%2CHAVZA_ID&returnGeometry=true&outSR=4326&orderByFields=strahler+DESC&resultRecordCount=20&f=geojson","catchmentUrl":"https://cbs1.tarimorman.gov.tr/server/rest/services/TATUS/FeatureServer/9/query?where=1%3D1&geometry=42.091000%2C37.955000&geometryType=esriGeometryPoint&inSR=4326&spatialRel=esriSpatialRelIntersects&outFields=%2A&returnGeometry=true&outSR=4326&resultRecordCount=5&f=geojson","catchmentLabel":"Santral popup: Su alanını göster","gisConfidence":"Orta-Düşük","gisNote":"TATUS baraj point doğrudan eşleşmesi bu çalışma kitabında çözülmedi; sorgu URL'si eklendi; Akarsu/catchment sorgusu yaklaşık trafo noktasına dayanır; santral/baraj noktası ile doğrulanmalı; Fırat-Dicle havzasında nehir adı havzadan türetilmedi; yanlış Fırat/Dicle eşleşmesini önlemek için spatial doğrulama gerekli","hasDamMatch":false,"riverName":"Dicle","riverMatchMethod":"tatus-spatial+name","riverConfidence":"high","riverIds":["river177-0108","river177-0109","river177-0110","river177-0111","river177-0112","river177-0113","river177-0114","river177-0115","river177-0116","river177-0117","river177-0118","river177-0119","river177-0120","river177-0121","river177-0122","river177-0123","river177-0124","river177-0125","river177-0126"],"damIds":[],"stationIds":[],"cascadeToId":"hes177-086","cascadeFromIds":["hes177-052"],"isProducer":false}},{"type":"Feature","id":"hes177-010","geometry":{"type":"Point","coordinates":[36.90323,40.40784]},"properties":{"id":"hes177-010","entityId":"hes177-010","entityType":"hes177","name":"ALMUS HES","inventoryOrder":10,"basinId":"14","basinName":"Yeşilırmak","province":"TOKAT","damName":"ALMUS","installedPowerMw":27.0,"unitFlowM3s":49.5,"maxWaterLevelM":804.5,"minWaterLevelM":767.37,"maxVolumeHm3":975.74,"minVolumeHm3":146.06,"activeVolumeHm3":602.84,"waterEnergyMwh":97.75,"epiasDate":"46278.81434027778","dataQuality":"A","sourceMatchMethod":"exact","cascadeName":null,"cascadeSourceValue":"10","notes":"Kaskat alanında kaynak değeri '10' (belirsiz/sentinel)","coordinateStatus":"Doğrulanmış koordinat mevcut","coordinateType":"HES / baraj noktası","coordinateSource":"workbook-verified","coordinateKind":"verified","transformerId":"790","transformerName":"ALMUS HES","riverNameSource":"Havza ana akarsuyu ön-eşleme; TATUS spatial query ile doğrulanmalı","riverCode":"TR14NH182047","riverQueryUrl":"https://cbs1.tarimorman.gov.tr/server/rest/services/TATUS/FeatureServer/8/query?where=HAVZA_ID%3D14&geometry=36.903230%2C40.407840&geometryType=esriGeometryPoint&inSR=4326&spatialRel=esriSpatialRelIntersects&distance=5&units=esriSRUnit_Kilometer&outFields=OBJECTID%2Cadi%2Cnehir_kod%2Cstrahler%2Cuzunluk%2CHAVZA_ID&returnGeometry=true&outSR=4326&orderByFields=strahler+DESC&resultRecordCount=20&f=geojson","catchmentUrl":"https://cbs1.tarimorman.gov.tr/server/rest/services/TATUS/FeatureServer/9/query?where=1%3D1&geometry=36.903230%2C40.407840&geometryType=esriGeometryPoint&inSR=4326&spatialRel=esriSpatialRelIntersects&outFields=%2A&returnGeometry=true&outSR=4326&resultRecordCount=5&f=geojson","catchmentLabel":"Santral popup: Su alanını göster","gisConfidence":"Yüksek","gisNote":null,"hasDamMatch":true,"damMatchMethod":"name+basin+near-coordinate","riverName":"Yeşilırmak","riverMatchMethod":"tatus-spatial+name","riverConfidence":"high","riverIds":["river177-0127","river177-0128","river177-0129","river177-0130","river177-0131","river177-0132","river177-0133","river177-0134","river177-0135","river177-0136","river177-0137","river177-0138","river177-0139","river177-0140","river177-0141","river177-0142","river177-0143","river177-0144"],"damIds":["dam177-007"],"stationIds":[],"cascadeToId":null,"cascadeFromIds":[],"isProducer":true}},{"type":"Feature","id":"hes177-011","geometry":{"type":"Point","coordinates":[41.815,39.053]},"properties":{"id":"hes177-011","entityId":"hes177-011","entityType":"hes177","name":"ALPASLAN1 HES","inventoryOrder":11,"basinId":"21","basinName":"Fırat-Dicle","province":"MUŞ","damName":"ALPASLAN1","installedPowerMw":160.0,"unitFlowM3s":null,"maxWaterLevelM":1450.0,"minWaterLevelM":1430.0,"maxVolumeHm3":null,"minVolumeHm3":null,"activeVolumeHm3":null,"waterEnergyMwh":null,"epiasDate":null,"dataQuality":"C","sourceMatchMethod":"eşleşme yok","cascadeName":null,"cascadeSourceValue":"10","notes":"EPİAŞ su göstergesi eşleşmesi bulunamadı; Kaskat alanında kaynak değeri '10' (belirsiz/sentinel); Koordinat güvenilir açık kaynaktan doğrulanamadı; Ünite debisi doğrulanamadı; Maksimum/minimum hacim doğrulanamadı; Santral/baraj kesin koordinatı doğrulanamadığı için eşleşen trafo merkezi koordinatı harita referansı olarak kullanıldı; kesin HES konumu değildir.","coordinateStatus":"Trafo merkezi koordinatı ile tamamlandı","coordinateType":"Trafo merkezi / elektrik bağlantı noktası (yaklaşık)","coordinateSource":"transformer","coordinateKind":"transformer","transformerId":"2506","transformerName":"ALPASLAN1 HES","riverNameSource":"TATUS spatial query hazır; en yakın/uygun LineString seçilmeli","riverCode":"TR21NH725561","riverQueryUrl":"https://cbs1.tarimorman.gov.tr/server/rest/services/TATUS/FeatureServer/8/query?where=HAVZA_ID%3D21&geometry=41.815000%2C39.053000&geometryType=esriGeometryPoint&inSR=4326&spatialRel=esriSpatialRelIntersects&distance=5&units=esriSRUnit_Kilometer&outFields=OBJECTID%2Cadi%2Cnehir_kod%2Cstrahler%2Cuzunluk%2CHAVZA_ID&returnGeometry=true&outSR=4326&orderByFields=strahler+DESC&resultRecordCount=20&f=geojson","catchmentUrl":"https://cbs1.tarimorman.gov.tr/server/rest/services/TATUS/FeatureServer/9/query?where=1%3D1&geometry=41.815000%2C39.053000&geometryType=esriGeometryPoint&inSR=4326&spatialRel=esriSpatialRelIntersects&outFields=%2A&returnGeometry=true&outSR=4326&resultRecordCount=5&f=geojson","catchmentLabel":"Santral popup: Su alanını göster","gisConfidence":"Orta-Düşük","gisNote":"TATUS baraj point doğrudan eşleşmesi bu çalışma kitabında çözülmedi; sorgu URL'si eklendi; Akarsu/catchment sorgusu yaklaşık trafo noktasına dayanır; santral/baraj noktası ile doğrulanmalı; Fırat-Dicle havzasında nehir adı havzadan türetilmedi; yanlış Fırat/Dicle eşleşmesini önlemek için spatial doğrulama gerekli","hasDamMatch":false,"riverName":"Fırat","riverMatchMethod":"tatus-spatial+name","riverConfidence":"high","riverIds":["river177-0145","river177-0146","river177-0147","river177-0148","river177-0149","river177-0150","river177-0151","river177-0152","river177-0153","river177-0154","river177-0155","river177-0156","river177-0157","river177-0158","river177-0159","river177-0160","river177-0161","river177-0162"],"damIds":[],"stationIds":["station177-577","station177-626"],"cascadeToId":null,"cascadeFromIds":[],"isProducer":false}},{"type":"Feature","id":"hes177-012","geometry":{"type":"Point","coordinates":[41.519,39.033]},"properties":{"id":"hes177-012","entityId":"hes177-012","entityType":"hes177","name":"ALPASLAN2 HES","inventoryOrder":12,"basinId":"21","basinName":"Fırat-Dicle","province":"MUŞ","damName":"ALPASLAN2","installedPowerMw":280.0,"unitFlowM3s":null,"maxWaterLevelM":1369.3,"minWaterLevelM":1340.0,"maxVolumeHm3":null,"minVolumeHm3":null,"activeVolumeHm3":null,"waterEnergyMwh":null,"epiasDate":null,"dataQuality":"C","sourceMatchMethod":"eşleşme yok","cascadeName":"YUKARI KALEKÖY HES","cascadeSourceValue":"YUKARI KALEKÖY HES","notes":"EPİAŞ su göstergesi eşleşmesi bulunamadı; Koordinat güvenilir açık kaynaktan doğrulanamadı; Ünite debisi doğrulanamadı; Maksimum/minimum hacim doğrulanamadı; Santral/baraj kesin koordinatı doğrulanamadığı için eşleşen trafo merkezi koordinatı harita referansı olarak kullanıldı; kesin HES konumu değildir.","coordinateStatus":"Trafo merkezi koordinatı ile tamamlandı","coordinateType":"Trafo merkezi / elektrik bağlantı noktası (yaklaşık)","coordinateSource":"transformer","coordinateKind":"transformer","transformerId":"1736","transformerName":"ALPASLAN2 HES","riverNameSource":"TATUS spatial query hazır; en yakın/uygun LineString seçilmeli","riverCode":"TR21NH697108","riverQueryUrl":"https://cbs1.tarimorman.gov.tr/server/rest/services/TATUS/FeatureServer/8/query?where=HAVZA_ID%3D21&geometry=41.519000%2C39.033000&geometryType=esriGeometryPoint&inSR=4326&spatialRel=esriSpatialRelIntersects&distance=5&units=esriSRUnit_Kilometer&outFields=OBJECTID%2Cadi%2Cnehir_kod%2Cstrahler%2Cuzunluk%2CHAVZA_ID&returnGeometry=true&outSR=4326&orderByFields=strahler+DESC&resultRecordCount=20&f=geojson","catchmentUrl":"https://cbs1.tarimorman.gov.tr/server/rest/services/TATUS/FeatureServer/9/query?where=1%3D1&geometry=41.519000%2C39.033000&geometryType=esriGeometryPoint&inSR=4326&spatialRel=esriSpatialRelIntersects&outFields=%2A&returnGeometry=true&outSR=4326&resultRecordCount=5&f=geojson","catchmentLabel":"Santral popup: Su alanını göster","gisConfidence":"Orta-Düşük","gisNote":"TATUS baraj point doğrudan eşleşmesi bu çalışma kitabında çözülmedi; sorgu URL'si eklendi; Akarsu/catchment sorgusu yaklaşık trafo noktasına dayanır; santral/baraj noktası ile doğrulanmalı; Fırat-Dicle havzasında nehir adı havzadan türetilmedi; yanlış Fırat/Dicle eşleşmesini önlemek için spatial doğrulama gerekli","hasDamMatch":false,"riverName":"Fırat","riverMatchMethod":"tatus-spatial+name","riverConfidence":"high","riverIds":["river177-0163","river177-0164","river177-0165","river177-0166","river177-0167","river177-0168","river177-0169","river177-0170","river177-0171","river177-0172","river177-0173","river177-0174","river177-0175","river177-0176","river177-0177","river177-0178","river177-0179","river177-0180","river177-0181","river177-0182"],"damIds":[],"stationIds":["station177-647","station177-648"],"cascadeToId":"hes177-175","cascadeFromIds":[],"isProducer":false}},{"type":"Feature","id":"hes177-013","geometry":null,"properties":{"id":"hes177-013","entityId":"hes177-013","entityType":"hes177","name":"ALTEK GÖNEN HES","inventoryOrder":13,"basinId":"3","basinName":"Susurluk","province":"BALIKESİR","damName":"ALTEK GÖNEN","installedPowerMw":10.6,"unitFlowM3s":null,"maxWaterLevelM":162.94,"minWaterLevelM":125.0,"maxVolumeHm3":null,"minVolumeHm3":null,"activeVolumeHm3":null,"waterEnergyMwh":null,"epiasDate":null,"dataQuality":"C","sourceMatchMethod":"eşleşme yok","cascadeName":null,"cascadeSourceValue":"10","notes":"EPİAŞ su göstergesi eşleşmesi bulunamadı; Kaskat alanında kaynak değeri '10' (belirsiz/sentinel); Koordinat güvenilir açık kaynaktan doğrulanamadı; Ünite debisi doğrulanamadı; Maksimum/minimum hacim doğrulanamadı","coordinateStatus":"Koordinat eksik","coordinateType":"—","coordinateSource":null,"coordinateKind":"unresolved","transformerId":null,"transformerName":null,"riverNameSource":"Havza ana akarsuyu ön-eşleme; TATUS spatial query ile doğrulanmalı","riverCode":"TR03NH112829","riverQueryUrl":null,"catchmentUrl":null,"catchmentLabel":"Santral popup: Su alanını göster","gisConfidence":"Yok","gisNote":"TATUS baraj point doğrudan eşleşmesi bu çalışma kitabında çözülmedi; sorgu URL'si eklendi; Koordinat eksik olduğu için akarsu ve su toplama alanı spatial sorgusu üretilemedi","hasDamMatch":false,"riverIds":["river177-0183","river177-0184","river177-0185","river177-0186"],"damIds":[],"stationIds":[],"cascadeToId":null,"cascadeFromIds":[],"isProducer":false}},{"type":"Feature","id":"hes177-014","geometry":{"type":"Point","coordinates":[35.724167,41.363333]},"properties":{"id":"hes177-014","entityId":"hes177-014","entityType":"hes177","name":"ALTINKAYA HES","inventoryOrder":14,"basinId":"15","basinName":"Kızılırmak","province":"SAMSUN","damName":"ALTINKAYA","installedPowerMw":700.0,"unitFlowM3s":151.7,"maxWaterLevelM":190.0,"minWaterLevelM":160.0,"maxVolumeHm3":5763.0,"minVolumeHm3":2871.0,"activeVolumeHm3":1214.23,"waterEnergyMwh":343.49,"epiasDate":"46278.81434027778","dataQuality":"A","sourceMatchMethod":"exact","cascadeName":"DERBENT HES","cascadeSourceValue":"DERBENT HES","notes":null,"coordinateStatus":"Doğrulanmış koordinat mevcut","coordinateType":"HES / baraj noktası","coordinateSource":"workbook-verified","coordinateKind":"verified","transformerId":"593","transformerName":"ALTINKAYA HES","riverNameSource":"Havza ana akarsuyu ön-eşleme; TATUS spatial query ile doğrulanmalı","riverCode":"TR15NH407861","riverQueryUrl":"https://cbs1.tarimorman.gov.tr/server/rest/services/TATUS/FeatureServer/8/query?where=HAVZA_ID%3D15&geometry=35.724167%2C41.363333&geometryType=esriGeometryPoint&inSR=4326&spatialRel=esriSpatialRelIntersects&distance=5&units=esriSRUnit_Kilometer&outFields=OBJECTID%2Cadi%2Cnehir_kod%2Cstrahler%2Cuzunluk%2CHAVZA_ID&returnGeometry=true&outSR=4326&orderByFields=strahler+DESC&resultRecordCount=20&f=geojson","catchmentUrl":"https://cbs1.tarimorman.gov.tr/server/rest/services/TATUS/FeatureServer/9/query?where=1%3D1&geometry=35.724167%2C41.363333&geometryType=esriGeometryPoint&inSR=4326&spatialRel=esriSpatialRelIntersects&outFields=%2A&returnGeometry=true&outSR=4326&resultRecordCount=5&f=geojson","catchmentLabel":"Santral popup: Su alanını göster","gisConfidence":"Yüksek","gisNote":"TATUS baraj point doğrudan eşleşmesi bu çalışma kitabında çözülmedi; sorgu URL'si eklendi","hasDamMatch":true,"damMatchMethod":"name+basin+near-coordinate","riverName":"Kızılırmak","riverMatchMethod":"tatus-spatial+name","riverConfidence":"high","riverIds":["river177-0187","river177-0188","river177-0189","river177-0190","river177-0191","river177-0192","river177-0193","river177-0194","river177-0195","river177-0196","river177-0197","river177-0198","river177-0199","river177-0200","river177-0201","river177-0202","river177-0203","river177-0204","river177-0205","river177-0206"],"damIds":["dam177-017"],"stationIds":["station177-904"],"cascadeToId":"hes177-058","cascadeFromIds":["hes177-040"],"isProducer":true}},{"type":"Feature","id":"hes177-015","geometry":{"type":"Point","coordinates":[36.241,37.533]},"properties":{"id":"hes177-015","entityId":"hes177-015","entityType":"hes177","name":"ANDIRIN HES","inventoryOrder":15,"basinId":"20","basinName":"Ceyhan","province":"KAHRAMANMARAŞ","damName":"ANDIRIN","installedPowerMw":40.5,"unitFlowM3s":null,"maxWaterLevelM":1070.0,"minWaterLevelM":1055.0,"maxVolumeHm3":null,"minVolumeHm3":null,"activeVolumeHm3":null,"waterEnergyMwh":null,"epiasDate":null,"dataQuality":"C","sourceMatchMethod":"eşleşme yok","cascadeName":null,"cascadeSourceValue":"10","notes":"EPİAŞ su göstergesi eşleşmesi bulunamadı; Kaskat alanında kaynak değeri '10' (belirsiz/sentinel); Koordinat güvenilir açık kaynaktan doğrulanamadı; Ünite debisi doğrulanamadı; Maksimum/minimum hacim doğrulanamadı; Santral/baraj kesin koordinatı doğrulanamadığı için eşleşen trafo merkezi koordinatı harita referansı olarak kullanıldı; kesin HES konumu değildir.","coordinateStatus":"Trafo merkezi koordinatı ile tamamlandı","coordinateType":"Trafo merkezi / elektrik bağlantı noktası (yaklaşık)","coordinateSource":"transformer","coordinateKind":"transformer","transformerId":"457","transformerName":"ANDIRIN HES","riverNameSource":"Havza ana akarsuyu ön-eşleme; TATUS spatial query ile doğrulanmalı","riverCode":"TR20NH033500","riverQueryUrl":"https://cbs1.tarimorman.gov.tr/server/rest/services/TATUS/FeatureServer/8/query?where=HAVZA_ID%3D20&geometry=36.241000%2C37.533000&geometryType=esriGeometryPoint&inSR=4326&spatialRel=esriSpatialRelIntersects&distance=5&units=esriSRUnit_Kilometer&outFields=OBJECTID%2Cadi%2Cnehir_kod%2Cstrahler%2Cuzunluk%2CHAVZA_ID&returnGeometry=true&outSR=4326&orderByFields=strahler+DESC&resultRecordCount=20&f=geojson","catchmentUrl":"https://cbs1.tarimorman.gov.tr/server/rest/services/TATUS/FeatureServer/9/query?where=1%3D1&geometry=36.241000%2C37.533000&geometryType=esriGeometryPoint&inSR=4326&spatialRel=esriSpatialRelIntersects&outFields=%2A&returnGeometry=true&outSR=4326&resultRecordCount=5&f=geojson","catchmentLabel":"Santral popup: Su alanını göster","gisConfidence":"Orta-Düşük","gisNote":"TATUS baraj point doğrudan eşleşmesi bu çalışma kitabında çözülmedi; sorgu URL'si eklendi; Akarsu/catchment sorgusu yaklaşık trafo noktasına dayanır; santral/baraj noktası ile doğrulanmalı","hasDamMatch":false,"riverName":"Keşiş","riverMatchMethod":"tatus-spatial","riverConfidence":"medium","riverIds":["river177-0207","river177-0208","river177-0209","river177-0210","river177-0211","river177-0212","river177-0213","river177-0214","river177-0215","river177-0216","river177-0217","river177-0218","river177-0219","river177-0220","river177-0221","river177-0222","river177-0223","river177-0224","river177-0225","river177-0226"],"damIds":[],"stationIds":["station177-551","station177-552","station177-558","station177-1262","station177-1264","station177-1266","station177-1270","station177-1272","station177-1273","station177-1275","station177-1278","station177-1280"],"cascadeToId":null,"cascadeFromIds":[],"isProducer":false}},{"type":"Feature","id":"hes177-016","geometry":null,"properties":{"id":"hes177-016","entityId":"hes177-016","entityType":"hes177","name":"ARAÇ HES","inventoryOrder":16,"basinId":"13","basinName":"Batı Karadeniz","province":"KASTAMONU","damName":"Araç Barajı","installedPowerMw":5.0,"unitFlowM3s":16.6,"maxWaterLevelM":736.0,"minWaterLevelM":710.0,"maxVolumeHm3":53.43,"minVolumeHm3":7.9,"activeVolumeHm3":11.64,"waterEnergyMwh":1.32,"epiasDate":"46278.81434027778","dataQuality":"B","sourceMatchMethod":"exact","cascadeName":null,"cascadeSourceValue":"10","notes":"Kaskat alanında kaynak değeri '10' (belirsiz/sentinel); Koordinat güvenilir açık kaynaktan doğrulanamadı","coordinateStatus":"Koordinat eksik","coordinateType":"—","coordinateSource":null,"coordinateKind":"unresolved","transformerId":null,"transformerName":null,"riverNameSource":"Koordinat yok; spatial eşleme yapılamadı","riverCode":null,"riverQueryUrl":null,"catchmentUrl":null,"catchmentLabel":"Santral popup: Su alanını göster","gisConfidence":"Yok","gisNote":"TATUS baraj point doğrudan eşleşmesi bu çalışma kitabında çözülmedi; sorgu URL'si eklendi; Koordinat eksik olduğu için akarsu ve su toplama alanı spatial sorgusu üretilemedi","hasDamMatch":false,"riverIds":[],"damIds":[],"stationIds":[],"cascadeToId":null,"cascadeFromIds":[],"isProducer":false}},{"type":"Feature","id":"hes177-017","geometry":{"type":"Point","coordinates":[43.1035,41.2235]},"properties":{"id":"hes177-017","entityId":"hes177-017","entityType":"hes177","name":"ARDAHAN AKINCI HES","inventoryOrder":17,"basinId":"24","basinName":"Aras","province":"ARDAHAN","damName":"ARDAHAN AKINCI","installedPowerMw":84.681,"unitFlowM3s":null,"maxWaterLevelM":1577.0,"minWaterLevelM":1550.0,"maxVolumeHm3":null,"minVolumeHm3":null,"activeVolumeHm3":null,"waterEnergyMwh":null,"epiasDate":null,"dataQuality":"B","sourceMatchMethod":"eşleşme yok","cascadeName":null,"cascadeSourceValue":"10","notes":"EPİAŞ su göstergesi eşleşmesi bulunamadı; Kaskat alanında kaynak değeri '10' (belirsiz/sentinel); Koordinat güvenilir açık kaynaktan doğrulanamadı; Kurulu güç bulunamadı; Eksik kurulu güç/il bilgisi kamuya açık web kaynağıyla tamamlandı; Koordinat Global Energy Monitor kaynaklı; Ünite debisi doğrulanamadı; Maksimum/minimum hacim doğrulanamadı","coordinateStatus":"Doğrulanmış koordinat mevcut","coordinateType":"HES / baraj noktası","coordinateSource":"workbook-verified","coordinateKind":"verified","transformerId":null,"transformerName":null,"riverNameSource":"Havza ana akarsuyu ön-eşleme; TATUS spatial query ile doğrulanmalı","riverCode":"TR24NH065085","riverQueryUrl":"https://cbs1.tarimorman.gov.tr/server/rest/services/TATUS/FeatureServer/8/query?where=HAVZA_ID%3D24&geometry=43.103500%2C41.223500&geometryType=esriGeometryPoint&inSR=4326&spatialRel=esriSpatialRelIntersects&distance=5&units=esriSRUnit_Kilometer&outFields=OBJECTID%2Cadi%2Cnehir_kod%2Cstrahler%2Cuzunluk%2CHAVZA_ID&returnGeometry=true&outSR=4326&orderByFields=strahler+DESC&resultRecordCount=20&f=geojson","catchmentUrl":"https://cbs1.tarimorman.gov.tr/server/rest/services/TATUS/FeatureServer/9/query?where=1%3D1&geometry=43.103500%2C41.223500&geometryType=esriGeometryPoint&inSR=4326&spatialRel=esriSpatialRelIntersects&outFields=%2A&returnGeometry=true&outSR=4326&resultRecordCount=5&f=geojson","catchmentLabel":"Santral popup: Su alanını göster","gisConfidence":"Yüksek","gisNote":"TATUS baraj point doğrudan eşleşmesi bu çalışma kitabında çözülmedi; sorgu URL'si eklendi","hasDamMatch":false,"riverIds":["river177-0227","river177-0228","river177-0229","river177-0230","river177-0231","river177-0232","river177-0233","river177-0234","river177-0235","river177-0236","river177-0237","river177-0238","river177-0239","river177-0240","river177-0241","river177-0242","river177-0243","river177-0244","river177-0245","river177-0246"],"damIds":[],"stationIds":["station177-812","station177-813","station177-1606","station177-1611"],"cascadeToId":null,"cascadeFromIds":["hes177-114"],"isProducer":false}},{"type":"Feature","id":"hes177-018","geometry":{"type":"Point","coordinates":[41.418,40.719]},"properties":{"id":"hes177-018","entityId":"hes177-018","entityType":"hes177","name":"ARKUN HES","inventoryOrder":18,"basinId":"23","basinName":"Çoruh","province":"ERZURUM","damName":"ARKUN","installedPowerMw":245.0,"unitFlowM3s":null,"maxWaterLevelM":935.0,"minWaterLevelM":871.5,"maxVolumeHm3":null,"minVolumeHm3":null,"activeVolumeHm3":null,"waterEnergyMwh":null,"epiasDate":null,"dataQuality":"C","sourceMatchMethod":"eşleşme yok","cascadeName":"YUSUFELİ HES","cascadeSourceValue":"YUSUFELİ HES","notes":"EPİAŞ su göstergesi eşleşmesi bulunamadı; Koordinat güvenilir açık kaynaktan doğrulanamadı; Ünite debisi doğrulanamadı; Maksimum/minimum hacim doğrulanamadı; Santral/baraj kesin koordinatı doğrulanamadığı için eşleşen trafo merkezi koordinatı harita referansı olarak kullanıldı; kesin HES konumu değildir.","coordinateStatus":"Trafo merkezi koordinatı ile tamamlandı","coordinateType":"Trafo merkezi / elektrik bağlantı noktası (yaklaşık)","coordinateSource":"transformer","coordinateKind":"transformer","transformerId":"1186","transformerName":"ARKUN HES","riverNameSource":"Havza ana akarsuyu ön-eşleme; TATUS spatial query ile doğrulanmalı","riverCode":"TR23NH055689","riverQueryUrl":"https://cbs1.tarimorman.gov.tr/server/rest/services/TATUS/FeatureServer/8/query?where=HAVZA_ID%3D23&geometry=41.418000%2C40.719000&geometryType=esriGeometryPoint&inSR=4326&spatialRel=esriSpatialRelIntersects&distance=5&units=esriSRUnit_Kilometer&outFields=OBJECTID%2Cadi%2Cnehir_kod%2Cstrahler%2Cuzunluk%2CHAVZA_ID&returnGeometry=true&outSR=4326&orderByFields=strahler+DESC&resultRecordCount=20&f=geojson","catchmentUrl":"https://cbs1.tarimorman.gov.tr/server/rest/services/TATUS/FeatureServer/9/query?where=1%3D1&geometry=41.418000%2C40.719000&geometryType=esriGeometryPoint&inSR=4326&spatialRel=esriSpatialRelIntersects&outFields=%2A&returnGeometry=true&outSR=4326&resultRecordCount=5&f=geojson","catchmentLabel":"Santral popup: Su alanını göster","gisConfidence":"Orta-Düşük","gisNote":"TATUS baraj point doğrudan eşleşmesi bu çalışma kitabında çözülmedi; sorgu URL'si eklendi; Akarsu/catchment sorgusu yaklaşık trafo noktasına dayanır; santral/baraj noktası ile doğrulanmalı","hasDamMatch":false,"riverName":"Çoruh","riverMatchMethod":"tatus-spatial+name","riverConfidence":"high","riverIds":["river177-0247","river177-0248","river177-0249","river177-0250","river177-0251","river177-0252","river177-0253","river177-0254","river177-0255","river177-0256","river177-0257","river177-0258","river177-0259","river177-0260","river177-0261","river177-0262"],"damIds":[],"stationIds":["station177-1571","station177-1585"],"cascadeToId":"hes177-177","cascadeFromIds":["hes177-077","hes177-144"],"isProducer":false}},{"type":"Feature","id":"hes177-019","geometry":{"type":"Point","coordinates":[41.763,40.951]},"properties":{"id":"hes177-019","entityId":"hes177-019","entityType":"hes177","name":"ARTVİN HES","inventoryOrder":19,"basinId":"23","basinName":"Çoruh","province":"ARTVİN","damName":"ARTVİN","installedPowerMw":332.0,"unitFlowM3s":null,"maxWaterLevelM":500.5,"minWaterLevelM":498.0,"maxVolumeHm3":null,"minVolumeHm3":null,"activeVolumeHm3":null,"waterEnergyMwh":null,"epiasDate":null,"dataQuality":"C","sourceMatchMethod":"eşleşme yok","cascadeName":"DERİNER HES","cascadeSourceValue":"DERİNER HES","notes":"EPİAŞ su göstergesi eşleşmesi bulunamadı; Koordinat güvenilir açık kaynaktan doğrulanamadı; Ünite debisi doğrulanamadı; Maksimum/minimum hacim doğrulanamadı; Santral/baraj kesin koordinatı doğrulanamadığı için eşleşen trafo merkezi koordinatı harita referansı olarak kullanıldı; kesin HES konumu değildir.","coordinateStatus":"Trafo merkezi koordinatı ile tamamlandı","coordinateType":"Trafo merkezi / elektrik bağlantı noktası (yaklaşık)","coordinateSource":"transformer","coordinateKind":"transformer","transformerId":"1290","transformerName":"ARTVİN HES","riverNameSource":"Havza ana akarsuyu ön-eşleme; TATUS spatial query ile doğrulanmalı","riverCode":"TR23NH084398","riverQueryUrl":"https://cbs1.tarimorman.gov.tr/server/rest/services/TATUS/FeatureServer/8/query?where=HAVZA_ID%3D23&geometry=41.763000%2C40.951000&geometryType=esriGeometryPoint&inSR=4326&spatialRel=esriSpatialRelIntersects&distance=5&units=esriSRUnit_Kilometer&outFields=OBJECTID%2Cadi%2Cnehir_kod%2Cstrahler%2Cuzunluk%2CHAVZA_ID&returnGeometry=true&outSR=4326&orderByFields=strahler+DESC&resultRecordCount=20&f=geojson","catchmentUrl":"https://cbs1.tarimorman.gov.tr/server/rest/services/TATUS/FeatureServer/9/query?where=1%3D1&geometry=41.763000%2C40.951000&geometryType=esriGeometryPoint&inSR=4326&spatialRel=esriSpatialRelIntersects&outFields=%2A&returnGeometry=true&outSR=4326&resultRecordCount=5&f=geojson","catchmentLabel":"Santral popup: Su alanını göster","gisConfidence":"Orta-Düşük","gisNote":"TATUS baraj point doğrudan eşleşmesi bu çalışma kitabında çözülmedi; sorgu URL'si eklendi; Akarsu/catchment sorgusu yaklaşık trafo noktasına dayanır; santral/baraj noktası ile doğrulanmalı","hasDamMatch":false,"riverName":"Çoruh","riverMatchMethod":"tatus-spatial+name","riverConfidence":"high","riverIds":["river177-0263","river177-0264","river177-0265","river177-0266","river177-0267","river177-0268","river177-0269","river177-0270","river177-0271","river177-0272","river177-0273","river177-0274","river177-0275","river177-0276","river177-0277","river177-0278","river177-0279","river177-0280","river177-0281","river177-0282"],"damIds":[],"stationIds":[],"cascadeToId":"hes177-059","cascadeFromIds":["hes177-177"],"isProducer":false}},{"type":"Feature","id":"hes177-020","geometry":{"type":"Point","coordinates":[38.846,40.911]},"properties":{"id":"hes177-020","entityId":"hes177-020","entityType":"hes177","name":"ASLANCIK HES","inventoryOrder":20,"basinId":"22","basinName":"Doğu Karadeniz","province":"GİRESUN","damName":"ASLANCIK","installedPowerMw":98.0,"unitFlowM3s":null,"maxWaterLevelM":183.0,"minWaterLevelM":180.0,"maxVolumeHm3":null,"minVolumeHm3":null,"activeVolumeHm3":null,"waterEnergyMwh":null,"epiasDate":null,"dataQuality":"C","sourceMatchMethod":"eşleşme yok","cascadeName":null,"cascadeSourceValue":"10","notes":"EPİAŞ su göstergesi eşleşmesi bulunamadı; Kaskat alanında kaynak değeri '10' (belirsiz/sentinel); Koordinat güvenilir açık kaynaktan doğrulanamadı; Ünite debisi doğrulanamadı; Maksimum/minimum hacim doğrulanamadı; Santral/baraj kesin koordinatı doğrulanamadığı için eşleşen trafo merkezi koordinatı harita referansı olarak kullanıldı; kesin HES konumu değildir.","coordinateStatus":"Trafo merkezi koordinatı ile tamamlandı","coordinateType":"Trafo merkezi / elektrik bağlantı noktası (yaklaşık)","coordinateSource":"transformer","coordinateKind":"transformer","transformerId":"831","transformerName":"ASLANCIK HES","riverNameSource":"TATUS spatial query hazır; en yakın/uygun LineString seçilmeli","riverCode":"TR22NH067207","riverQueryUrl":"https://cbs1.tarimorman.gov.tr/server/rest/services/TATUS/FeatureServer/8/query?where=HAVZA_ID%3D22&geometry=38.846000%2C40.911000&geometryType=esriGeometryPoint&inSR=4326&spatialRel=esriSpatialRelIntersects&distance=5&units=esriSRUnit_Kilometer&outFields=OBJECTID%2Cadi%2Cnehir_kod%2Cstrahler%2Cuzunluk%2CHAVZA_ID&returnGeometry=true&outSR=4326&orderByFields=strahler+DESC&resultRecordCount=20&f=geojson","catchmentUrl":"https://cbs1.tarimorman.gov.tr/server/rest/services/TATUS/FeatureServer/9/query?where=1%3D1&geometry=38.846000%2C40.911000&geometryType=esriGeometryPoint&inSR=4326&spatialRel=esriSpatialRelIntersects&outFields=%2A&returnGeometry=true&outSR=4326&resultRecordCount=5&f=geojson","catchmentLabel":"Santral popup: Su alanını göster","gisConfidence":"Orta-Düşük","gisNote":"TATUS baraj point doğrudan eşleşmesi bu çalışma kitabında çözülmedi; sorgu URL'si eklendi; Akarsu/catchment sorgusu yaklaşık trafo noktasına dayanır; santral/baraj noktası ile doğrulanmalı","hasDamMatch":false,"riverIds":["river177-0283","river177-0284","river177-0285","river177-0286","river177-0287","river177-0288","river177-0289","river177-0290","river177-0291","river177-0292","river177-0293","river177-0294","river177-0295","river177-0296","river177-0297","river177-0298","river177-0299","river177-0300","river177-0301","river177-0302"],"damIds":[],"stationIds":["station177-664","station177-668","station177-669","station177-681","station177-1385","station177-1386","station177-1388","station177-1390","station177-1391","station177-1394","station177-1395","station177-1483","station177-1485","station177-1486","station177-1487","station177-1488","station177-1496","station177-1503","station177-1512","station177-1517","station177-1518","station177-1519","station177-1532","station177-1533","station177-1534"],"cascadeToId":null,"cascadeFromIds":[],"isProducer":false}},{"type":"Feature","id":"hes177-021","geometry":null,"properties":{"id":"hes177-021","entityId":"hes177-021","entityType":"hes177","name":"ASLANDAĞI HES","inventoryOrder":21,"basinId":"25","basinName":"Van Gölü","province":"HAKKARİ","damName":"ASLANDAĞI","installedPowerMw":19.16,"unitFlowM3s":null,"maxWaterLevelM":1320.5,"minWaterLevelM":1315.0,"maxVolumeHm3":null,"minVolumeHm3":null,"activeVolumeHm3":null,"waterEnergyMwh":null,"epiasDate":null,"dataQuality":"C","sourceMatchMethod":"eşleşme yok","cascadeName":null,"cascadeSourceValue":"10","notes":"EPİAŞ su göstergesi eşleşmesi bulunamadı; Kaskat alanında kaynak değeri '10' (belirsiz/sentinel); Koordinat güvenilir açık kaynaktan doğrulanamadı; Ünite debisi doğrulanamadı; Maksimum/minimum hacim doğrulanamadı","coordinateStatus":"Koordinat eksik","coordinateType":"—","coordinateSource":null,"coordinateKind":"unresolved","transformerId":null,"transformerName":null,"riverNameSource":"Koordinat yok; spatial eşleme yapılamadı","riverCode":"TR25NH044484","riverQueryUrl":null,"catchmentUrl":null,"catchmentLabel":"Santral popup: Su alanını göster","gisConfidence":"Yok","gisNote":"TATUS baraj point doğrudan eşleşmesi bu çalışma kitabında çözülmedi; sorgu URL'si eklendi; Koordinat eksik olduğu için akarsu ve su toplama alanı spatial sorgusu üretilemedi","hasDamMatch":false,"riverIds":["river177-0303"],"damIds":[],"stationIds":[],"cascadeToId":null,"cascadeFromIds":[],"isProducer":false}},{"type":"Feature","id":"hes177-022","geometry":{"type":"Point","coordinates":[36.27156,37.2729]},"properties":{"id":"hes177-022","entityId":"hes177-022","entityType":"hes177","name":"ASLANTAŞ HES","inventoryOrder":22,"basinId":"20","basinName":"Ceyhan","province":"ADANA","damName":"ASLANTAŞ","installedPowerMw":138.0,"unitFlowM3s":270.0,"maxWaterLevelM":155.0,"minWaterLevelM":130.0,"maxVolumeHm3":1515.48,"minVolumeHm3":418.08,"activeVolumeHm3":669.47,"waterEnergyMwh":109.53,"epiasDate":"46278.81434027778","dataQuality":"A","sourceMatchMethod":"exact","cascadeName":null,"cascadeSourceValue":"10","notes":"Kaskat alanında kaynak değeri '10' (belirsiz/sentinel)","coordinateStatus":"Doğrulanmış koordinat mevcut","coordinateType":"HES / baraj noktası","coordinateSource":"workbook-verified","coordinateKind":"verified","transformerId":"68","transformerName":"ASLANTAŞ HES","riverNameSource":"Havza ana akarsuyu ön-eşleme; TATUS spatial query ile doğrulanmalı","riverCode":"TR20NH110928","riverQueryUrl":"https://cbs1.tarimorman.gov.tr/server/rest/services/TATUS/FeatureServer/8/query?where=HAVZA_ID%3D20&geometry=36.271560%2C37.272900&geometryType=esriGeometryPoint&inSR=4326&spatialRel=esriSpatialRelIntersects&distance=5&units=esriSRUnit_Kilometer&outFields=OBJECTID%2Cadi%2Cnehir_kod%2Cstrahler%2Cuzunluk%2CHAVZA_ID&returnGeometry=true&outSR=4326&orderByFields=strahler+DESC&resultRecordCount=20&f=geojson","catchmentUrl":"https://cbs1.tarimorman.gov.tr/server/rest/services/TATUS/FeatureServer/9/query?where=1%3D1&geometry=36.271560%2C37.272900&geometryType=esriGeometryPoint&inSR=4326&spatialRel=esriSpatialRelIntersects&outFields=%2A&returnGeometry=true&outSR=4326&resultRecordCount=5&f=geojson","catchmentLabel":"Santral popup: Su alanını göster","gisConfidence":"Yüksek","gisNote":null,"hasDamMatch":true,"damMatchMethod":"name+basin+near-coordinate","riverIds":["river177-0304","river177-0305","river177-0306","river177-0307","river177-0308","river177-0309","river177-0310","river177-0311","river177-0312","river177-0313","river177-0314","river177-0315","river177-0316","river177-0317","river177-0318","river177-0319","river177-0320","river177-0321","river177-0322","river177-0323"],"damIds":["dam177-041"],"stationIds":["station177-539","station177-540","station177-541","station177-543"],"cascadeToId":null,"cascadeFromIds":[],"isProducer":true}},{"type":"Feature","id":"hes177-023","geometry":{"type":"Point","coordinates":[40.72,38.836]},"properties":{"id":"hes177-023","entityId":"hes177-023","entityType":"hes177","name":"AŞAĞI KALEKÖY HES","inventoryOrder":23,"basinId":"21","basinName":"Fırat-Dicle","province":"BİNGÖL","damName":"AŞAĞI KALEKÖY","installedPowerMw":500.0,"unitFlowM3s":null,"maxWaterLevelM":1102.5,"minWaterLevelM":1085.0,"maxVolumeHm3":null,"minVolumeHm3":null,"activeVolumeHm3":null,"waterEnergyMwh":null,"epiasDate":null,"dataQuality":"C","sourceMatchMethod":"eşleşme yok","cascadeName":"BEYHAN1 HES","cascadeSourceValue":"BEYHAN1 HES","notes":"EPİAŞ su göstergesi eşleşmesi bulunamadı; Koordinat güvenilir açık kaynaktan doğrulanamadı; Ünite debisi doğrulanamadı; Maksimum/minimum hacim doğrulanamadı; Santral/baraj kesin koordinatı doğrulanamadığı için eşleşen trafo merkezi koordinatı harita referansı olarak kullanıldı; kesin HES konumu değildir.","coordinateStatus":"Trafo merkezi koordinatı ile tamamlandı","coordinateType":"Trafo merkezi / elektrik bağlantı noktası (yaklaşık)","coordinateSource":"transformer","coordinateKind":"transformer","transformerId":"1528","transformerName":"AŞAĞI KALEKÖY HES","riverNameSource":"TATUS spatial query hazır; en yakın/uygun LineString seçilmeli","riverCode":"TR21NH695007","riverQueryUrl":"https://cbs1.tarimorman.gov.tr/server/rest/services/TATUS/FeatureServer/8/query?where=HAVZA_ID%3D21&geometry=40.720000%2C38.836000&geometryType=esriGeometryPoint&inSR=4326&spatialRel=esriSpatialRelIntersects&distance=5&units=esriSRUnit_Kilometer&outFields=OBJECTID%2Cadi%2Cnehir_kod%2Cstrahler%2Cuzunluk%2CHAVZA_ID&returnGeometry=true&outSR=4326&orderByFields=strahler+DESC&resultRecordCount=20&f=geojson","catchmentUrl":"https://cbs1.tarimorman.gov.tr/server/rest/services/TATUS/FeatureServer/9/query?where=1%3D1&geometry=40.720000%2C38.836000&geometryType=esriGeometryPoint&inSR=4326&spatialRel=esriSpatialRelIntersects&outFields=%2A&returnGeometry=true&outSR=4326&resultRecordCount=5&f=geojson","catchmentLabel":"Santral popup: Su alanını göster","gisConfidence":"Orta-Düşük","gisNote":"TATUS baraj point doğrudan eşleşmesi bu çalışma kitabında çözülmedi; sorgu URL'si eklendi; Akarsu/catchment sorgusu yaklaşık trafo noktasına dayanır; santral/baraj noktası ile doğrulanmalı; Fırat-Dicle havzasında nehir adı havzadan türetilmedi; yanlış Fırat/Dicle eşleşmesini önlemek için spatial doğrulama gerekli","hasDamMatch":false,"riverName":"Fırat","riverMatchMethod":"tatus-spatial+name","riverConfidence":"high","riverIds":["river177-0324","river177-0325","river177-0326","river177-0327","river177-0328","river177-0329","river177-0330","river177-0331","river177-0332","river177-0333","river177-0334","river177-0335","river177-0336","river177-0337","river177-0338","river177-0339","river177-0340","river177-0341"],"damIds":[],"stationIds":["station177-946"],"cascadeToId":"hes177-036","cascadeFromIds":["hes177-175"],"isProducer":false}},{"type":"Feature","id":"hes177-024","geometry":{"type":"Point","coordinates":[36.88133,40.42512]},"properties":{"id":"hes177-024","entityId":"hes177-024","entityType":"hes177","name":"ATAKÖY HES","inventoryOrder":24,"basinId":"14","basinName":"Yeşilırmak","province":"TOKAT","damName":"ATAKÖY","installedPowerMw":5.5,"unitFlowM3s":27.1,"maxWaterLevelM":733.5,"minWaterLevelM":729.75,"maxVolumeHm3":1.93,"minVolumeHm3":0.82,"activeVolumeHm3":1.06,"waterEnergyMwh":0.04,"epiasDate":"46278.81434027778","dataQuality":"A","sourceMatchMethod":"exact","cascadeName":null,"cascadeSourceValue":"10","notes":"Kaskat alanında kaynak değeri '10' (belirsiz/sentinel)","coordinateStatus":"Doğrulanmış koordinat mevcut","coordinateType":"HES / baraj noktası","coordinateSource":"workbook-verified","coordinateKind":"verified","transformerId":null,"transformerName":null,"riverNameSource":"Havza ana akarsuyu ön-eşleme; TATUS spatial query ile doğrulanmalı","riverCode":"TR14NH182401","riverQueryUrl":"https://cbs1.tarimorman.gov.tr/server/rest/services/TATUS/FeatureServer/8/query?where=HAVZA_ID%3D14&geometry=36.881330%2C40.425120&geometryType=esriGeometryPoint&inSR=4326&spatialRel=esriSpatialRelIntersects&distance=5&units=esriSRUnit_Kilometer&outFields=OBJECTID%2Cadi%2Cnehir_kod%2Cstrahler%2Cuzunluk%2CHAVZA_ID&returnGeometry=true&outSR=4326&orderByFields=strahler+DESC&resultRecordCount=20&f=geojson","catchmentUrl":"https://cbs1.tarimorman.gov.tr/server/rest/services/TATUS/FeatureServer/9/query?where=1%3D1&geometry=36.881330%2C40.425120&geometryType=esriGeometryPoint&inSR=4326&spatialRel=esriSpatialRelIntersects&outFields=%2A&returnGeometry=true&outSR=4326&resultRecordCount=5&f=geojson","catchmentLabel":"Santral popup: Su alanını göster","gisConfidence":"Yüksek","gisNote":null,"hasDamMatch":true,"damMatchMethod":"name+basin+near-coordinate","riverIds":["river177-0342","river177-0343","river177-0344","river177-0345","river177-0346"],"damIds":["dam177-008"],"stationIds":["station177-346","station177-364","station177-1117","station177-1152","station177-1153"],"cascadeToId":null,"cascadeFromIds":[],"isProducer":true}},{"type":"Feature","id":"hes177-025","geometry":{"type":"Point","coordinates":[38.3175,37.481667]},"properties":{"id":"hes177-025","entityId":"hes177-025","entityType":"hes177","name":"ATATÜRK HES","inventoryOrder":25,"basinId":"21","basinName":"Fırat-Dicle","province":"ŞANLIURFA","damName":"ATATÜRK","installedPowerMw":2405.0,"unitFlowM3s":null,"maxWaterLevelM":542.0,"minWaterLevelM":526.0,"maxVolumeHm3":null,"minVolumeHm3":null,"activeVolumeHm3":null,"waterEnergyMwh":null,"epiasDate":null,"dataQuality":"B","sourceMatchMethod":"eşleşme yok","cascadeName":"BİRECİK-NİZİP HES","cascadeSourceValue":"BİRECİK-NİZİP HES","notes":"EPİAŞ su göstergesi eşleşmesi bulunamadı; Ünite debisi doğrulanamadı; Maksimum/minimum hacim doğrulanamadı","coordinateStatus":"Doğrulanmış koordinat mevcut","coordinateType":"HES / baraj noktası","coordinateSource":"workbook-verified","coordinateKind":"verified","transformerId":"359","transformerName":"ATATÜRK HES","riverNameSource":"TATUS spatial query hazır; en yakın/uygun LineString seçilmeli","riverCode":"TR21NH711714","riverQueryUrl":"https://cbs1.tarimorman.gov.tr/server/rest/services/TATUS/FeatureServer/8/query?where=HAVZA_ID%3D21&geometry=38.317500%2C37.481667&geometryType=esriGeometryPoint&inSR=4326&spatialRel=esriSpatialRelIntersects&distance=5&units=esriSRUnit_Kilometer&outFields=OBJECTID%2Cadi%2Cnehir_kod%2Cstrahler%2Cuzunluk%2CHAVZA_ID&returnGeometry=true&outSR=4326&orderByFields=strahler+DESC&resultRecordCount=20&f=geojson","catchmentUrl":"https://cbs1.tarimorman.gov.tr/server/rest/services/TATUS/FeatureServer/9/query?where=1%3D1&geometry=38.317500%2C37.481667&geometryType=esriGeometryPoint&inSR=4326&spatialRel=esriSpatialRelIntersects&outFields=%2A&returnGeometry=true&outSR=4326&resultRecordCount=5&f=geojson","catchmentLabel":"Santral popup: Su alanını göster","gisConfidence":"Yüksek","gisNote":"TATUS baraj point doğrudan eşleşmesi bu çalışma kitabında çözülmedi; sorgu URL'si eklendi; Fırat-Dicle havzasında nehir adı havzadan türetilmedi; yanlış Fırat/Dicle eşleşmesini önlemek için spatial doğrulama gerekli","hasDamMatch":false,"riverName":"Fırat","riverMatchMethod":"tatus-spatial+name","riverConfidence":"high","riverIds":["river177-0347","river177-0348","river177-0349","river177-0350","river177-0351","river177-0352","river177-0353","river177-0354","river177-0355","river177-0356","river177-0357","river177-0358","river177-0359","river177-0360","river177-0361","river177-0362","river177-0363"],"damIds":[],"stationIds":[],"cascadeToId":"hes177-037","cascadeFromIds":["hes177-093","hes177-146"],"isProducer":false}},{"type":"Feature","id":"hes177-026","geometry":{"type":"Point","coordinates":[41.835,40.754]},"properties":{"id":"hes177-026","entityId":"hes177-026","entityType":"hes177","name":"AYVALI HES","inventoryOrder":26,"basinId":"23","basinName":"Çoruh","province":"ERZURUM","damName":"AYVALI","installedPowerMw":122.0,"unitFlowM3s":null,"maxWaterLevelM":930.0,"minWaterLevelM":908.0,"maxVolumeHm3":null,"minVolumeHm3":null,"activeVolumeHm3":null,"waterEnergyMwh":null,"epiasDate":null,"dataQuality":"C","sourceMatchMethod":"eşleşme yok","cascadeName":"YUSUFELİ HES","cascadeSourceValue":"YUSUFELİ HES","notes":"EPİAŞ su göstergesi eşleşmesi bulunamadı; Koordinat güvenilir açık kaynaktan doğrulanamadı; Ünite debisi doğrulanamadı; Maksimum/minimum hacim doğrulanamadı; Santral/baraj kesin koordinatı doğrulanamadığı için eşleşen trafo merkezi koordinatı harita referansı olarak kullanıldı; kesin HES konumu değildir.","coordinateStatus":"Trafo merkezi koordinatı ile tamamlandı","coordinateType":"Trafo merkezi / elektrik bağlantı noktası (yaklaşık)","coordinateSource":"transformer","coordinateKind":"transformer","transformerId":"1280","transformerName":"AYVALI HES","riverNameSource":"Havza ana akarsuyu ön-eşleme; TATUS spatial query ile doğrulanmalı","riverCode":"TR23NH057689","riverQueryUrl":"https://cbs1.tarimorman.gov.tr/server/rest/services/TATUS/FeatureServer/8/query?where=HAVZA_ID%3D23&geometry=41.835000%2C40.754000&geometryType=esriGeometryPoint&inSR=4326&spatialRel=esriSpatialRelIntersects&distance=5&units=esriSRUnit_Kilometer&outFields=OBJECTID%2Cadi%2Cnehir_kod%2Cstrahler%2Cuzunluk%2CHAVZA_ID&returnGeometry=true&outSR=4326&orderByFields=strahler+DESC&resultRecordCount=20&f=geojson","catchmentUrl":"https://cbs1.tarimorman.gov.tr/server/rest/services/TATUS/FeatureServer/9/query?where=1%3D1&geometry=41.835000%2C40.754000&geometryType=esriGeometryPoint&inSR=4326&spatialRel=esriSpatialRelIntersects&outFields=%2A&returnGeometry=true&outSR=4326&resultRecordCount=5&f=geojson","catchmentLabel":"Santral popup: Su alanını göster","gisConfidence":"Orta-Düşük","gisNote":"TATUS baraj point doğrudan eşleşmesi bu çalışma kitabında çözülmedi; sorgu URL'si eklendi; Akarsu/catchment sorgusu yaklaşık trafo noktasına dayanır; santral/baraj noktası ile doğrulanmalı","hasDamMatch":false,"riverIds":["river177-0364","river177-0365","river177-0366","river177-0367","river177-0368","river177-0369","river177-0370","river177-0371","river177-0372","river177-0373","river177-0374","river177-0375","river177-0376","river177-0377","river177-0378","river177-0379","river177-0380","river177-0381","river177-0382","river177-0383"],"damIds":[],"stationIds":["station177-1572","station177-1573","station177-1586"],"cascadeToId":"hes177-177","cascadeFromIds":[],"isProducer":false}},{"type":"Feature","id":"hes177-027","geometry":{"type":"Point","coordinates":[38.52,39.448]},"properties":{"id":"hes177-027","entityId":"hes177-027","entityType":"hes177","name":"BAĞIŞTAŞ1 HES","inventoryOrder":27,"basinId":"21","basinName":"Fırat-Dicle","province":"ERZİNCAN","damName":"BAĞIŞTAŞ1","installedPowerMw":141.0,"unitFlowM3s":null,"maxWaterLevelM":915.0,"minWaterLevelM":912.5,"maxVolumeHm3":null,"minVolumeHm3":null,"activeVolumeHm3":null,"waterEnergyMwh":null,"epiasDate":null,"dataQuality":"C","sourceMatchMethod":"eşleşme yok","cascadeName":"BAĞIŞTAŞ2 HES","cascadeSourceValue":"BAĞIŞTAŞ2 HES","notes":"EPİAŞ su göstergesi eşleşmesi bulunamadı; Koordinat güvenilir açık kaynaktan doğrulanamadı; Ünite debisi doğrulanamadı; Maksimum/minimum hacim doğrulanamadı; Santral/baraj kesin koordinatı doğrulanamadığı için eşleşen trafo merkezi koordinatı harita referansı olarak kullanıldı; kesin HES konumu değildir.","coordinateStatus":"Trafo merkezi koordinatı ile tamamlandı","coordinateType":"Trafo merkezi / elektrik bağlantı noktası (yaklaşık)","coordinateSource":"transformer","coordinateKind":"transformer","transformerId":"1439","transformerName":"BAĞIŞTAŞ1 HES","riverNameSource":"TATUS spatial query hazır; en yakın/uygun LineString seçilmeli","riverCode":"TR21NH714528","riverQueryUrl":"https://cbs1.tarimorman.gov.tr/server/rest/services/TATUS/FeatureServer/8/query?where=HAVZA_ID%3D21&geometry=38.520000%2C39.448000&geometryType=esriGeometryPoint&inSR=4326&spatialRel=esriSpatialRelIntersects&distance=5&units=esriSRUnit_Kilometer&outFields=OBJECTID%2Cadi%2Cnehir_kod%2Cstrahler%2Cuzunluk%2CHAVZA_ID&returnGeometry=true&outSR=4326&orderByFields=strahler+DESC&resultRecordCount=20&f=geojson","catchmentUrl":"https://cbs1.tarimorman.gov.tr/server/rest/services/TATUS/FeatureServer/9/query?where=1%3D1&geometry=38.520000%2C39.448000&geometryType=esriGeometryPoint&inSR=4326&spatialRel=esriSpatialRelIntersects&outFields=%2A&returnGeometry=true&outSR=4326&resultRecordCount=5&f=geojson","catchmentLabel":"Santral popup: Su alanını göster","gisConfidence":"Orta-Düşük","gisNote":"TATUS baraj point doğrudan eşleşmesi bu çalışma kitabında çözülmedi; sorgu URL'si eklendi; Akarsu/catchment sorgusu yaklaşık trafo noktasına dayanır; santral/baraj noktası ile doğrulanmalı; Fırat-Dicle havzasında nehir adı havzadan türetilmedi; yanlış Fırat/Dicle eşleşmesini önlemek için spatial doğrulama gerekli","hasDamMatch":false,"riverName":"Fırat","riverMatchMethod":"tatus-spatial+name","riverConfidence":"high","riverIds":["river177-0384","river177-0385","river177-0386","river177-0387","river177-0388","river177-0389","river177-0390","river177-0391","river177-0392","river177-0393","river177-0394","river177-0395","river177-0396","river177-0397","river177-0398","river177-0399","river177-0400","river177-0401"],"damIds":[],"stationIds":["station177-1330","station177-1340"],"cascadeToId":"hes177-028","cascadeFromIds":["hes177-157"],"isProducer":false}},{"type":"Feature","id":"hes177-028","geometry":{"type":"Point","coordinates":[38.41,39.428]},"properties":{"id":"hes177-028","entityId":"hes177-028","entityType":"hes177","name":"BAĞIŞTAŞ2 HES","inventoryOrder":28,"basinId":"21","basinName":"Fırat-Dicle","province":"ERZİNCAN","damName":"BAĞIŞTAŞ2","installedPowerMw":48.6,"unitFlowM3s":null,"maxWaterLevelM":865.0,"minWaterLevelM":861.5,"maxVolumeHm3":null,"minVolumeHm3":null,"activeVolumeHm3":null,"waterEnergyMwh":null,"epiasDate":null,"dataQuality":"C","sourceMatchMethod":"eşleşme yok","cascadeName":"KEBAN HES","cascadeSourceValue":"KEBAN HES","notes":"EPİAŞ su göstergesi eşleşmesi bulunamadı; Koordinat güvenilir açık kaynaktan doğrulanamadı; Ünite debisi doğrulanamadı; Maksimum/minimum hacim doğrulanamadı; Santral/baraj kesin koordinatı doğrulanamadığı için eşleşen trafo merkezi koordinatı harita referansı olarak kullanıldı; kesin HES konumu değildir.","coordinateStatus":"Trafo merkezi koordinatı ile tamamlandı","coordinateType":"Trafo merkezi / elektrik bağlantı noktası (yaklaşık)","coordinateSource":"transformer","coordinateKind":"transformer","transformerId":"1440","transformerName":"BAĞIŞTAŞ2 HES","riverNameSource":"TATUS spatial query hazır; en yakın/uygun LineString seçilmeli","riverCode":"TR21NH724081","riverQueryUrl":"https://cbs1.tarimorman.gov.tr/server/rest/services/TATUS/FeatureServer/8/query?where=HAVZA_ID%3D21&geometry=38.410000%2C39.428000&geometryType=esriGeometryPoint&inSR=4326&spatialRel=esriSpatialRelIntersects&distance=5&units=esriSRUnit_Kilometer&outFields=OBJECTID%2Cadi%2Cnehir_kod%2Cstrahler%2Cuzunluk%2CHAVZA_ID&returnGeometry=true&outSR=4326&orderByFields=strahler+DESC&resultRecordCount=20&f=geojson","catchmentUrl":"https://cbs1.tarimorman.gov.tr/server/rest/services/TATUS/FeatureServer/9/query?where=1%3D1&geometry=38.410000%2C39.428000&geometryType=esriGeometryPoint&inSR=4326&spatialRel=esriSpatialRelIntersects&outFields=%2A&returnGeometry=true&outSR=4326&resultRecordCount=5&f=geojson","catchmentLabel":"Santral popup: Su alanını göster","gisConfidence":"Orta-Düşük","gisNote":"TATUS baraj point doğrudan eşleşmesi bu çalışma kitabında çözülmedi; sorgu URL'si eklendi; Akarsu/catchment sorgusu yaklaşık trafo noktasına dayanır; santral/baraj noktası ile doğrulanmalı; Fırat-Dicle havzasında nehir adı havzadan türetilmedi; yanlış Fırat/Dicle eşleşmesini önlemek için spatial doğrulama gerekli","hasDamMatch":false,"riverName":"Fırat","riverMatchMethod":"tatus-spatial+name","riverConfidence":"high","riverIds":["river177-0402","river177-0403","river177-0404","river177-0405","river177-0406","river177-0407","river177-0408","river177-0409","river177-0410","river177-0411","river177-0412","river177-0413","river177-0414","river177-0415","river177-0416","river177-0417","river177-0418","river177-0419"],"damIds":[],"stationIds":["station177-649","station177-1336"],"cascadeToId":"hes177-105","cascadeFromIds":["hes177-027"],"isProducer":false}},{"type":"Feature","id":"hes177-029","geometry":{"type":"Point","coordinates":[36.29083,38.67639]},"properties":{"id":"hes177-029","entityId":"hes177-029","entityType":"hes177","name":"BAHÇELİK HES","inventoryOrder":29,"basinId":"18","basinName":"Seyhan","province":"KAYSERİ","damName":"BAHÇELİK","installedPowerMw":4.0,"unitFlowM3s":10.0,"maxWaterLevelM":1500.0,"minWaterLevelM":1472.0,"maxVolumeHm3":210.0,"minVolumeHm3":28.0,"activeVolumeHm3":101.92,"waterEnergyMwh":9.92,"epiasDate":"46278.81434027778","dataQuality":"B","sourceMatchMethod":"exact","cascadeName":null,"cascadeSourceValue":"10","notes":"Kaskat alanında kaynak değeri '10' (belirsiz/sentinel); Koordinat güvenilir açık kaynaktan doğrulanamadı; TATUS baraj noktası fallback: BAHÇELİK (exact); 1 nokta","coordinateStatus":"TATUS baraj gözlem istasyonu ile tamamlandı","coordinateType":"Baraj gözlem istasyonu (TATUS fallback)","coordinateSource":"workbook","coordinateKind":"verified","transformerId":null,"transformerName":null,"riverNameSource":"Havza ana akarsuyu ön-eşleme; TATUS spatial query ile doğrulanmalı","riverCode":"TR20NH002346","riverQueryUrl":"https://cbs1.tarimorman.gov.tr/server/rest/services/TATUS/FeatureServer/8/query?where=HAVZA_ID%3D18&geometry=36.290830%2C38.676390&geometryType=esriGeometryPoint&inSR=4326&spatialRel=esriSpatialRelIntersects&distance=5&units=esriSRUnit_Kilometer&outFields=OBJECTID%2Cadi%2Cnehir_kod%2Cstrahler%2Cuzunluk%2CHAVZA_ID&returnGeometry=true&outSR=4326&orderByFields=strahler+DESC&resultRecordCount=20&f=geojson","catchmentUrl":"https://cbs1.tarimorman.gov.tr/server/rest/services/TATUS/FeatureServer/9/query?where=1%3D1&geometry=36.290830%2C38.676390&geometryType=esriGeometryPoint&inSR=4326&spatialRel=esriSpatialRelIntersects&outFields=%2A&returnGeometry=true&outSR=4326&resultRecordCount=5&f=geojson","catchmentLabel":"Santral popup: Su alanını göster","gisConfidence":"Yüksek-Orta","gisNote":null,"hasDamMatch":true,"damMatchMethod":"name+basin+near-coordinate","riverIds":["river177-0420","river177-0421","river177-0422","river177-0423","river177-0424","river177-0425","river177-0426","river177-0427","river177-0428","river177-0429"],"damIds":["dam177-029"],"stationIds":["station177-522","station177-926","station177-927"],"cascadeToId":null,"cascadeFromIds":[],"isProducer":true}},{"type":"Feature","id":"hes177-030","geometry":{"type":"Point","coordinates":[32.96389,36.70389]},"properties":{"id":"hes177-030","entityId":"hes177-030","entityType":"hes177","name":"BALKUSAN HES","inventoryOrder":30,"basinId":"17","basinName":"Doğu Akdeniz","province":"KARAMAN","damName":"BALKUSAN","installedPowerMw":10.0,"unitFlowM3s":4.1,"maxWaterLevelM":1485.0,"minWaterLevelM":1465.6,"maxVolumeHm3":14.99,"minVolumeHm3":2.33,"activeVolumeHm3":7.95,"waterEnergyMwh":7.61,"epiasDate":"46278.81434027778","dataQuality":"B","sourceMatchMethod":"exact","cascadeName":null,"cascadeSourceValue":"10","notes":"Kaskat alanında kaynak değeri '10' (belirsiz/sentinel); Koordinat güvenilir açık kaynaktan doğrulanamadı; TATUS baraj noktası fallback: BALKUSAN (exact); 1 nokta","coordinateStatus":"TATUS baraj gözlem istasyonu ile tamamlandı","coordinateType":"Baraj gözlem istasyonu (TATUS fallback)","coordinateSource":"workbook","coordinateKind":"verified","transformerId":null,"transformerName":null,"riverNameSource":"TATUS spatial query hazır; en yakın/uygun LineString seçilmeli","riverCode":"TR17NH042852","riverQueryUrl":"https://cbs1.tarimorman.gov.tr/server/rest/services/TATUS/FeatureServer/8/query?where=HAVZA_ID%3D17&geometry=32.963890%2C36.703890&geometryType=esriGeometryPoint&inSR=4326&spatialRel=esriSpatialRelIntersects&distance=5&units=esriSRUnit_Kilometer&outFields=OBJECTID%2Cadi%2Cnehir_kod%2Cstrahler%2Cuzunluk%2CHAVZA_ID&returnGeometry=true&outSR=4326&orderByFields=strahler+DESC&resultRecordCount=20&f=geojson","catchmentUrl":"https://cbs1.tarimorman.gov.tr/server/rest/services/TATUS/FeatureServer/9/query?where=1%3D1&geometry=32.963890%2C36.703890&geometryType=esriGeometryPoint&inSR=4326&spatialRel=esriSpatialRelIntersects&outFields=%2A&returnGeometry=true&outSR=4326&resultRecordCount=5&f=geojson","catchmentLabel":"Santral popup: Su alanını göster","gisConfidence":"Yüksek-Orta","gisNote":null,"hasDamMatch":true,"damMatchMethod":"name+basin+near-coordinate","riverName":"Balkusan","riverMatchMethod":"tatus-spatial","riverConfidence":"medium","riverIds":["river177-0430","river177-0431","river177-0432","river177-0433","river177-0434","river177-0435","river177-0436","river177-0437","river177-0438","river177-0439","river177-0440","river177-0441","river177-0442","river177-0443","river177-0444","river177-0445","river177-0446"],"damIds":["dam177-027"],"stationIds":["station177-490","station177-918"],"cascadeToId":null,"cascadeFromIds":[],"isProducer":true}},{"type":"Feature","id":"hes177-031","geometry":null,"properties":{"id":"hes177-031","entityId":"hes177-031","entityType":"hes177","name":"BALLI HES","inventoryOrder":31,"basinId":"21","basinName":"Fırat-Dicle","province":"ŞIRNAK","damName":"BALLI","installedPowerMw":2.37,"unitFlowM3s":null,"maxWaterLevelM":958.67,"minWaterLevelM":0.0,"maxVolumeHm3":null,"minVolumeHm3":null,"activeVolumeHm3":null,"waterEnergyMwh":null,"epiasDate":null,"dataQuality":"C","sourceMatchMethod":"eşleşme yok","cascadeName":"ULUDERE BARAJI VE HES","cascadeSourceValue":"ULUDERE BARAJI VE HES","notes":"EPİAŞ su göstergesi eşleşmesi bulunamadı; Koordinat güvenilir açık kaynaktan doğrulanamadı; Kurulu güç bulunamadı; Kurulu güç kamu kaynağıyla doğrulandı; Ünite debisi doğrulanamadı; Maksimum/minimum hacim doğrulanamadı","coordinateStatus":"Koordinat eksik","coordinateType":"—","coordinateSource":null,"coordinateKind":"unresolved","transformerId":null,"transformerName":null,"riverNameSource":"Koordinat yok; spatial eşleme yapılamadı","riverCode":"TR21NH692532","riverQueryUrl":null,"catchmentUrl":null,"catchmentLabel":"Santral popup: Su alanını göster","gisConfidence":"Yok","gisNote":"TATUS baraj point doğrudan eşleşmesi bu çalışma kitabında çözülmedi; sorgu URL'si eklendi; Fırat-Dicle havzasında nehir adı havzadan türetilmedi; yanlış Fırat/Dicle eşleşmesini önlemek için spatial doğrulama gerekli; Koordinat eksik olduğu için akarsu ve su toplama alanı spatial sorgusu üretilemedi","hasDamMatch":false,"riverName":"Şahnahan","riverMatchMethod":"tatus-spatial+name","riverConfidence":"high","riverIds":["river177-0447","river177-0448","river177-0449","river177-0450","river177-0451","river177-0452","river177-0453","river177-0454","river177-0455","river177-0456","river177-0457","river177-0458","river177-0459","river177-0460","river177-0461","river177-0462","river177-0463","river177-0464","river177-0465","river177-0466","river177-0467","river177-0468","river177-0469","river177-0470","river177-0471","river177-0472","river177-0473","river177-0474","river177-0475","river177-0476","river177-0477","river177-0478","river177-0479","river177-0480","river177-0481","river177-0482","river177-0483","river177-0484","river177-0485","river177-0486"],"damIds":[],"stationIds":[],"cascadeToId":"hes177-165","cascadeFromIds":["hes177-131"],"isProducer":false}},{"type":"Feature","id":"hes177-032","geometry":{"type":"Point","coordinates":[41.203,38.158]},"properties":{"id":"hes177-032","entityId":"hes177-032","entityType":"hes177","name":"BATMAN HES","inventoryOrder":32,"basinId":"21","basinName":"Fırat-Dicle","province":"BATMAN","damName":"BATMAN","installedPowerMw":198.0,"unitFlowM3s":null,"maxWaterLevelM":666.0,"minWaterLevelM":645.0,"maxVolumeHm3":null,"minVolumeHm3":null,"activeVolumeHm3":null,"waterEnergyMwh":null,"epiasDate":null,"dataQuality":"C","sourceMatchMethod":"eşleşme yok","cascadeName":"ILISU HES","cascadeSourceValue":"ILISU HES","notes":"EPİAŞ su göstergesi eşleşmesi bulunamadı; Koordinat güvenilir açık kaynaktan doğrulanamadı; Ünite debisi doğrulanamadı; Maksimum/minimum hacim doğrulanamadı; Santral/baraj kesin koordinatı doğrulanamadığı için eşleşen trafo merkezi koordinatı harita referansı olarak kullanıldı; kesin HES konumu değildir.","coordinateStatus":"Trafo merkezi koordinatı ile tamamlandı","coordinateType":"Trafo merkezi / elektrik bağlantı noktası (yaklaşık)","coordinateSource":"transformer","coordinateKind":"transformer","transformerId":"609","transformerName":"BATMAN HES","riverNameSource":"TATUS spatial query hazır; en yakın/uygun LineString seçilmeli","riverCode":"TR21NH700671","riverQueryUrl":"https://cbs1.tarimorman.gov.tr/server/rest/services/TATUS/FeatureServer/8/query?where=HAVZA_ID%3D21&geometry=41.203000%2C38.158000&geometryType=esriGeometryPoint&inSR=4326&spatialRel=esriSpatialRelIntersects&distance=5&units=esriSRUnit_Kilometer&outFields=OBJECTID%2Cadi%2Cnehir_kod%2Cstrahler%2Cuzunluk%2CHAVZA_ID&returnGeometry=true&outSR=4326&orderByFields=strahler+DESC&resultRecordCount=20&f=geojson","catchmentUrl":"https://cbs1.tarimorman.gov.tr/server/rest/services/TATUS/FeatureServer/9/query?where=1%3D1&geometry=41.203000%2C38.158000&geometryType=esriGeometryPoint&inSR=4326&spatialRel=esriSpatialRelIntersects&outFields=%2A&returnGeometry=true&outSR=4326&resultRecordCount=5&f=geojson","catchmentLabel":"Santral popup: Su alanını göster","gisConfidence":"Orta-Düşük","gisNote":"TATUS baraj point doğrudan eşleşmesi bu çalışma kitabında çözülmedi; sorgu URL'si eklendi; Akarsu/catchment sorgusu yaklaşık trafo noktasına dayanır; santral/baraj noktası ile doğrulanmalı; Fırat-Dicle havzasında nehir adı havzadan türetilmedi; yanlış Fırat/Dicle eşleşmesini önlemek için spatial doğrulama gerekli","hasDamMatch":false,"riverName":"Dicle","riverMatchMethod":"tatus-spatial+name","riverConfidence":"high","riverIds":["river177-0487","river177-0488","river177-0489","river177-0490","river177-0491","river177-0492","river177-0493","river177-0494","river177-0495","river177-0496","river177-0497","river177-0498","river177-0499","river177-0500","river177-0501","river177-0502","river177-0503","river177-0504"],"damIds":[],"stationIds":["station177-769","station177-771","station177-978"],"cascadeToId":"hes177-086","cascadeFromIds":[],"isProducer":false}},{"type":"Feature","id":"hes177-033","geometry":{"type":"Point","coordinates":[34.967,38.763]},"properties":{"id":"hes177-033","entityId":"hes177-033","entityType":"hes177","name":"BAYRAMHACILI HES","inventoryOrder":33,"basinId":"15","basinName":"Kızılırmak","province":"NEVŞEHİR","damName":"BAYRAMHACILI HES","installedPowerMw":48.5,"unitFlowM3s":135.0,"maxWaterLevelM":980.0,"minWaterLevelM":975.0,"maxVolumeHm3":215.0,"minVolumeHm3":149.0,"activeVolumeHm3":45.24,"waterEnergyMwh":4.4,"epiasDate":"46278.81434027778","dataQuality":"B","sourceMatchMethod":"exact","cascadeName":"HİRFANLI HES","cascadeSourceValue":"HİRFANLI HES","notes":"Koordinat güvenilir açık kaynaktan doğrulanamadı; Santral/baraj kesin koordinatı doğrulanamadığı için eşleşen trafo merkezi koordinatı harita referansı olarak kullanıldı; kesin HES konumu değildir.","coordinateStatus":"Trafo merkezi koordinatı ile tamamlandı","coordinateType":"Trafo merkezi / elektrik bağlantı noktası (yaklaşık)","coordinateSource":"transformer","coordinateKind":"transformer","transformerId":"7","transformerName":"BAYRAMHACILI HES","riverNameSource":"Havza ana akarsuyu ön-eşleme; TATUS spatial query ile doğrulanmalı","riverCode":"TR15NH019384","riverQueryUrl":"https://cbs1.tarimorman.gov.tr/server/rest/services/TATUS/FeatureServer/8/query?where=HAVZA_ID%3D15&geometry=34.967000%2C38.763000&geometryType=esriGeometryPoint&inSR=4326&spatialRel=esriSpatialRelIntersects&distance=5&units=esriSRUnit_Kilometer&outFields=OBJECTID%2Cadi%2Cnehir_kod%2Cstrahler%2Cuzunluk%2CHAVZA_ID&returnGeometry=true&outSR=4326&orderByFields=strahler+DESC&resultRecordCount=20&f=geojson","catchmentUrl":"https://cbs1.tarimorman.gov.tr/server/rest/services/TATUS/FeatureServer/9/query?where=1%3D1&geometry=34.967000%2C38.763000&geometryType=esriGeometryPoint&inSR=4326&spatialRel=esriSpatialRelIntersects&outFields=%2A&returnGeometry=true&outSR=4326&resultRecordCount=5&f=geojson","catchmentLabel":"Santral popup: Su alanını göster","gisConfidence":"Orta-Düşük","gisNote":"TATUS baraj point doğrudan eşleşmesi bu çalışma kitabında çözülmedi; sorgu URL'si eklendi; Akarsu/catchment sorgusu yaklaşık trafo noktasına dayanır; santral/baraj noktası ile doğrulanmalı","hasDamMatch":true,"damMatchMethod":"name+basin+near-coordinate","riverName":"Kızılırmak","riverMatchMethod":"tatus-spatial","riverConfidence":"medium","riverIds":["river177-0505","river177-0506","river177-0507","river177-0508","river177-0509","river177-0510","river177-0511","river177-0512","river177-0513","river177-0514","river177-0515","river177-0516","river177-0517","river177-0518","river177-0519","river177-0520","river177-0521","river177-0522"],"damIds":["dam177-018"],"stationIds":["station177-1184"],"cascadeToId":"hes177-084","cascadeFromIds":["hes177-171"],"isProducer":true}},{"type":"Feature","id":"hes177-034","geometry":null,"properties":{"id":"hes177-034","entityId":"hes177-034","entityType":"hes177","name":"BERDAN HES","inventoryOrder":34,"basinId":"17","basinName":"Doğu Akdeniz","province":"İÇEL","damName":"BERDAN","installedPowerMw":10.2,"unitFlowM3s":48.0,"maxWaterLevelM":67.41,"minWaterLevelM":44.0,"maxVolumeHm3":170.01,"minVolumeHm3":16.79,"activeVolumeHm3":87.33,"waterEnergyMwh":6.54,"epiasDate":"46278.81434027778","dataQuality":"B","sourceMatchMethod":"exact","cascadeName":null,"cascadeSourceValue":"10","notes":"Kaskat alanında kaynak değeri '10' (belirsiz/sentinel); Koordinat güvenilir açık kaynaktan doğrulanamadı","coordinateStatus":"Koordinat eksik","coordinateType":"—","coordinateSource":null,"coordinateKind":"unresolved","transformerId":null,"transformerName":null,"riverNameSource":"Koordinat yok; spatial eşleme yapılamadı","riverCode":"TR17NH060019","riverQueryUrl":null,"catchmentUrl":null,"catchmentLabel":"Santral popup: Su alanını göster","gisConfidence":"Yok","gisNote":"TATUS baraj point doğrudan eşleşmesi bu çalışma kitabında çözülmedi; sorgu URL'si eklendi; Koordinat eksik olduğu için akarsu ve su toplama alanı spatial sorgusu üretilemedi","hasDamMatch":false,"riverIds":["river177-0523","river177-0524","river177-0525","river177-0526"],"damIds":[],"stationIds":[],"cascadeToId":null,"cascadeFromIds":[],"isProducer":false}},{"type":"Feature","id":"hes177-035","geometry":{"type":"Point","coordinates":[36.46155,37.37308]},"properties":{"id":"hes177-035","entityId":"hes177-035","entityType":"hes177","name":"BERKE HES","inventoryOrder":35,"basinId":"20","basinName":"Ceyhan","province":"OSMANİYE","damName":"BERKE","installedPowerMw":510.0,"unitFlowM3s":301.7,"maxWaterLevelM":345.0,"minWaterLevelM":290.0,"maxVolumeHm3":427.0,"minVolumeHm3":125.0,"activeVolumeHm3":274.34,"waterEnergyMwh":126.48,"epiasDate":"46278.81434027778","dataQuality":"A","sourceMatchMethod":"exact","cascadeName":null,"cascadeSourceValue":"10","notes":"Kaskat alanında kaynak değeri '10' (belirsiz/sentinel)","coordinateStatus":"Doğrulanmış koordinat mevcut","coordinateType":"HES / baraj noktası","coordinateSource":"workbook-verified","coordinateKind":"verified","transformerId":"74","transformerName":"BERKE HES","riverNameSource":"Havza ana akarsuyu ön-eşleme; TATUS spatial query ile doğrulanmalı","riverCode":"TR20NH022965","riverQueryUrl":"https://cbs1.tarimorman.gov.tr/server/rest/services/TATUS/FeatureServer/8/query?where=HAVZA_ID%3D20&geometry=36.461550%2C37.373080&geometryType=esriGeometryPoint&inSR=4326&spatialRel=esriSpatialRelIntersects&distance=5&units=esriSRUnit_Kilometer&outFields=OBJECTID%2Cadi%2Cnehir_kod%2Cstrahler%2Cuzunluk%2CHAVZA_ID&returnGeometry=true&outSR=4326&orderByFields=strahler+DESC&resultRecordCount=20&f=geojson","catchmentUrl":"https://cbs1.tarimorman.gov.tr/server/rest/services/TATUS/FeatureServer/9/query?where=1%3D1&geometry=36.461550%2C37.373080&geometryType=esriGeometryPoint&inSR=4326&spatialRel=esriSpatialRelIntersects&outFields=%2A&returnGeometry=true&outSR=4326&resultRecordCount=5&f=geojson","catchmentLabel":"Santral popup: Su alanını göster","gisConfidence":"Yüksek","gisNote":null,"hasDamMatch":true,"damMatchMethod":"name+basin+near-coordinate","riverName":"Ceyhan","riverMatchMethod":"tatus-spatial+name","riverConfidence":"high","riverIds":["river177-0527","river177-0528","river177-0529","river177-0530","river177-0531","river177-0532","river177-0533","river177-0534","river177-0535","river177-0536","river177-0537","river177-0538","river177-0539","river177-0540","river177-0541","river177-0542","river177-0543","river177-0544","river177-0545","river177-0546"],"damIds":["dam177-042"],"stationIds":["station177-1255","station177-1256","station177-1258","station177-1274"],"cascadeToId":null,"cascadeFromIds":[],"isProducer":true}},{"type":"Feature","id":"hes177-036","geometry":{"type":"Point","coordinates":[40.128,38.743]},"properties":{"id":"hes177-036","entityId":"hes177-036","entityType":"hes177","name":"BEYHAN1 HES","inventoryOrder":36,"basinId":"21","basinName":"Fırat-Dicle","province":"ELAZIĞ","damName":"BEYHAN1","installedPowerMw":582.0,"unitFlowM3s":null,"maxWaterLevelM":982.0,"minWaterLevelM":977.0,"maxVolumeHm3":null,"minVolumeHm3":null,"activeVolumeHm3":null,"waterEnergyMwh":null,"epiasDate":null,"dataQuality":"C","sourceMatchMethod":"eşleşme yok","cascadeName":"KEBAN HES","cascadeSourceValue":"KEBAN HES","notes":"EPİAŞ su göstergesi eşleşmesi bulunamadı; Koordinat güvenilir açık kaynaktan doğrulanamadı; Ünite debisi doğrulanamadı; Maksimum/minimum hacim doğrulanamadı; Santral/baraj kesin koordinatı doğrulanamadığı için eşleşen trafo merkezi koordinatı harita referansı olarak kullanıldı; kesin HES konumu değildir.","coordinateStatus":"Trafo merkezi koordinatı ile tamamlandı","coordinateType":"Trafo merkezi / elektrik bağlantı noktası (yaklaşık)","coordinateSource":"transformer","coordinateKind":"transformer","transformerId":"1225","transformerName":"BEYHAN1 HES","riverNameSource":"TATUS spatial query hazır; en yakın/uygun LineString seçilmeli","riverCode":"TR21NH712807","riverQueryUrl":"https://cbs1.tarimorman.gov.tr/server/rest/services/TATUS/FeatureServer/8/query?where=HAVZA_ID%3D21&geometry=40.128000%2C38.743000&geometryType=esriGeometryPoint&inSR=4326&spatialRel=esriSpatialRelIntersects&distance=5&units=esriSRUnit_Kilometer&outFields=OBJECTID%2Cadi%2Cnehir_kod%2Cstrahler%2Cuzunluk%2CHAVZA_ID&returnGeometry=true&outSR=4326&orderByFields=strahler+DESC&resultRecordCount=20&f=geojson","catchmentUrl":"https://cbs1.tarimorman.gov.tr/server/rest/services/TATUS/FeatureServer/9/query?where=1%3D1&geometry=40.128000%2C38.743000&geometryType=esriGeometryPoint&inSR=4326&spatialRel=esriSpatialRelIntersects&outFields=%2A&returnGeometry=true&outSR=4326&resultRecordCount=5&f=geojson","catchmentLabel":"Santral popup: Su alanını göster","gisConfidence":"Orta-Düşük","gisNote":"TATUS baraj point doğrudan eşleşmesi bu çalışma kitabında çözülmedi; sorgu URL'si eklendi; Akarsu/catchment sorgusu yaklaşık trafo noktasına dayanır; santral/baraj noktası ile doğrulanmalı; Fırat-Dicle havzasında nehir adı havzadan türetilmedi; yanlış Fırat/Dicle eşleşmesini önlemek için spatial doğrulama gerekli","hasDamMatch":false,"riverName":"Fırat","riverMatchMethod":"tatus-spatial+name","riverConfidence":"high","riverIds":["river177-0547","river177-0548","river177-0549","river177-0550","river177-0551","river177-0552","river177-0553","river177-0554","river177-0555","river177-0556","river177-0557","river177-0558","river177-0559","river177-0560","river177-0561","river177-0562","river177-0563","river177-0564","river177-0565","river177-0566"],"damIds":[],"stationIds":["station177-578","station177-623","station177-1313","station177-1351"],"cascadeToId":"hes177-105","cascadeFromIds":["hes177-023"],"isProducer":false}},{"type":"Feature","id":"hes177-037","geometry":{"type":"Point","coordinates":[37.89,37.05]},"properties":{"id":"hes177-037","entityId":"hes177-037","entityType":"hes177","name":"BİRECİK-NİZİP HES","inventoryOrder":37,"basinId":"21","basinName":"Fırat-Dicle","province":"ŞANLIURFA/GAZİANTEP","damName":"BİRECİK-NİZİP","installedPowerMw":672.0,"unitFlowM3s":null,"maxWaterLevelM":385.0,"minWaterLevelM":373.0,"maxVolumeHm3":null,"minVolumeHm3":null,"activeVolumeHm3":null,"waterEnergyMwh":null,"epiasDate":null,"dataQuality":"C","sourceMatchMethod":"eşleşme yok","cascadeName":"KARKAMIŞ HES","cascadeSourceValue":"KARKAMIŞ HES","notes":"EPİAŞ su göstergesi eşleşmesi bulunamadı; Koordinat güvenilir açık kaynaktan doğrulanamadı; Ünite debisi doğrulanamadı; Maksimum/minimum hacim doğrulanamadı; Santral/baraj kesin koordinatı doğrulanamadığı için eşleşen trafo merkezi koordinatı harita referansı olarak kullanıldı; kesin HES konumu değildir.","coordinateStatus":"Trafo merkezi koordinatı ile tamamlandı","coordinateType":"Trafo merkezi / elektrik bağlantı noktası (yaklaşık)","coordinateSource":"transformer","coordinateKind":"transformer","transformerId":"538","transformerName":"BİRECİK HES","riverNameSource":"TATUS spatial query hazır; en yakın/uygun LineString seçilmeli","riverCode":"TR21NH712878","riverQueryUrl":"https://cbs1.tarimorman.gov.tr/server/rest/services/TATUS/FeatureServer/8/query?where=HAVZA_ID%3D21&geometry=37.890000%2C37.050000&geometryType=esriGeometryPoint&inSR=4326&spatialRel=esriSpatialRelIntersects&distance=5&units=esriSRUnit_Kilometer&outFields=OBJECTID%2Cadi%2Cnehir_kod%2Cstrahler%2Cuzunluk%2CHAVZA_ID&returnGeometry=true&outSR=4326&orderByFields=strahler+DESC&resultRecordCount=20&f=geojson","catchmentUrl":"https://cbs1.tarimorman.gov.tr/server/rest/services/TATUS/FeatureServer/9/query?where=1%3D1&geometry=37.890000%2C37.050000&geometryType=esriGeometryPoint&inSR=4326&spatialRel=esriSpatialRelIntersects&outFields=%2A&returnGeometry=true&outSR=4326&resultRecordCount=5&f=geojson","catchmentLabel":"Santral popup: Su alanını göster","gisConfidence":"Orta-Düşük","gisNote":"TATUS baraj point doğrudan eşleşmesi bu çalışma kitabında çözülmedi; sorgu URL'si eklendi; Akarsu/catchment sorgusu yaklaşık trafo noktasına dayanır; santral/baraj noktası ile doğrulanmalı; Fırat-Dicle havzasında nehir adı havzadan türetilmedi; yanlış Fırat/Dicle eşleşmesini önlemek için spatial doğrulama gerekli","hasDamMatch":false,"riverName":"Fırat","riverMatchMethod":"tatus-spatial+name","riverConfidence":"high","riverIds":["river177-0567","river177-0568","river177-0569","river177-0570","river177-0571","river177-0572","river177-0573","river177-0574","river177-0575","river177-0576","river177-0577","river177-0578","river177-0579","river177-0580","river177-0581","river177-0582","river177-0583","river177-0584","river177-0585","river177-0586"],"damIds":[],"stationIds":[],"cascadeToId":"hes177-100","cascadeFromIds":["hes177-025","hes177-067"],"isProducer":false}},{"type":"Feature","id":"hes177-038","geometry":null,"properties":{"id":"hes177-038","entityId":"hes177-038","entityType":"hes177","name":"BOĞAZKÖY HES","inventoryOrder":38,"basinId":"2","basinName":"Marmara","province":"BURSA","damName":"BOĞAZKÖY","installedPowerMw":10.6,"unitFlowM3s":69.5,"maxWaterLevelM":266.5,"minWaterLevelM":255.0,"maxVolumeHm3":38.91,"minVolumeHm3":8.06,"activeVolumeHm3":11.73,"waterEnergyMwh":0.49,"epiasDate":"46278.81434027778","dataQuality":"B","sourceMatchMethod":"exact","cascadeName":null,"cascadeSourceValue":"10","notes":"Kaskat alanında kaynak değeri '10' (belirsiz/sentinel); Koordinat güvenilir açık kaynaktan doğrulanamadı","coordinateStatus":"Koordinat eksik","coordinateType":"—","coordinateSource":null,"coordinateKind":"unresolved","transformerId":null,"transformerName":null,"riverNameSource":"Koordinat yok; spatial eşleme yapılamadı","riverCode":null,"riverQueryUrl":null,"catchmentUrl":null,"catchmentLabel":"Santral popup: Su alanını göster","gisConfidence":"Yok","gisNote":"TATUS baraj point doğrudan eşleşmesi bu çalışma kitabında çözülmedi; sorgu URL'si eklendi; Koordinat eksik olduğu için akarsu ve su toplama alanı spatial sorgusu üretilemedi","hasDamMatch":false,"riverIds":[],"damIds":[],"stationIds":[],"cascadeToId":null,"cascadeFromIds":[],"isProducer":false}},{"type":"Feature","id":"hes177-039","geometry":{"type":"Point","coordinates":[41.683,41.351]},"properties":{"id":"hes177-039","entityId":"hes177-039","entityType":"hes177","name":"BORÇKA HES","inventoryOrder":39,"basinId":"23","basinName":"Çoruh","province":"ARTVİN","damName":"BORÇKA","installedPowerMw":301.0,"unitFlowM3s":null,"maxWaterLevelM":185.0,"minWaterLevelM":170.0,"maxVolumeHm3":null,"minVolumeHm3":null,"activeVolumeHm3":null,"waterEnergyMwh":null,"epiasDate":null,"dataQuality":"C","sourceMatchMethod":"eşleşme yok","cascadeName":"MURATLI HES","cascadeSourceValue":"MURATLI HES","notes":"EPİAŞ su göstergesi eşleşmesi bulunamadı; Koordinat güvenilir açık kaynaktan doğrulanamadı; Ünite debisi doğrulanamadı; Maksimum/minimum hacim doğrulanamadı; Santral/baraj kesin koordinatı doğrulanamadığı için eşleşen trafo merkezi koordinatı harita referansı olarak kullanıldı; kesin HES konumu değildir.","coordinateStatus":"Trafo merkezi koordinatı ile tamamlandı","coordinateType":"Trafo merkezi / elektrik bağlantı noktası (yaklaşık)","coordinateSource":"transformer","coordinateKind":"transformer","transformerId":"280","transformerName":"BORÇKA HES","riverNameSource":"Havza ana akarsuyu ön-eşleme; TATUS spatial query ile doğrulanmalı","riverCode":"TR23NH083804","riverQueryUrl":"https://cbs1.tarimorman.gov.tr/server/rest/services/TATUS/FeatureServer/8/query?where=HAVZA_ID%3D23&geometry=41.683000%2C41.351000&geometryType=esriGeometryPoint&inSR=4326&spatialRel=esriSpatialRelIntersects&distance=5&units=esriSRUnit_Kilometer&outFields=OBJECTID%2Cadi%2Cnehir_kod%2Cstrahler%2Cuzunluk%2CHAVZA_ID&returnGeometry=true&outSR=4326&orderByFields=strahler+DESC&resultRecordCount=20&f=geojson","catchmentUrl":"https://cbs1.tarimorman.gov.tr/server/rest/services/TATUS/FeatureServer/9/query?where=1%3D1&geometry=41.683000%2C41.351000&geometryType=esriGeometryPoint&inSR=4326&spatialRel=esriSpatialRelIntersects&outFields=%2A&returnGeometry=true&outSR=4326&resultRecordCount=5&f=geojson","catchmentLabel":"Santral popup: Su alanını göster","gisConfidence":"Orta-Düşük","gisNote":"TATUS baraj point doğrudan eşleşmesi bu çalışma kitabında çözülmedi; sorgu URL'si eklendi; Akarsu/catchment sorgusu yaklaşık trafo noktasına dayanır; santral/baraj noktası ile doğrulanmalı","hasDamMatch":false,"riverName":"Çoruh","riverMatchMethod":"tatus-spatial+name","riverConfidence":"high","riverIds":["river177-0587","river177-0588","river177-0589","river177-0590","river177-0591","river177-0592","river177-0593","river177-0594","river177-0595","river177-0596","river177-0597","river177-0598","river177-0599","river177-0600","river177-0601","river177-0602","river177-0603"],"damIds":[],"stationIds":["station177-697","station177-1374","station177-1539","station177-1540","station177-1541","station177-1542","station177-1543","station177-1544","station177-1545","station177-1546","station177-1547","station177-1548","station177-1549","station177-1550","station177-1551","station177-1552","station177-1555"],"cascadeToId":"hes177-129","cascadeFromIds":["hes177-059"],"isProducer":false}},{"type":"Feature","id":"hes177-040","geometry":{"type":"Point","coordinates":[34.99575,41.33471]},"properties":{"id":"hes177-040","entityId":"hes177-040","entityType":"hes177","name":"BOYABAT HES","inventoryOrder":40,"basinId":"15","basinName":"Kızılırmak","province":"SİNOP","damName":"BOYABAT","installedPowerMw":10.0,"unitFlowM3s":10.0,"maxWaterLevelM":330.0,"minWaterLevelM":305.0,"maxVolumeHm3":3557.0,"minVolumeHm3":2155.0,"activeVolumeHm3":901.26,"waterEnergyMwh":304.17,"epiasDate":"46278.81434027778","dataQuality":"A","sourceMatchMethod":"exact","cascadeName":"ALTINKAYA HES","cascadeSourceValue":"ALTINKAYA HES","notes":null,"coordinateStatus":"Doğrulanmış koordinat mevcut","coordinateType":"HES / baraj noktası","coordinateSource":"workbook-verified","coordinateKind":"verified","transformerId":"703","transformerName":"BOYABAT HES","riverNameSource":"Havza ana akarsuyu ön-eşleme; TATUS spatial query ile doğrulanmalı","riverCode":"TR15NH406905","riverQueryUrl":"https://cbs1.tarimorman.gov.tr/server/rest/services/TATUS/FeatureServer/8/query?where=HAVZA_ID%3D15&geometry=34.995750%2C41.334710&geometryType=esriGeometryPoint&inSR=4326&spatialRel=esriSpatialRelIntersects&distance=5&units=esriSRUnit_Kilometer&outFields=OBJECTID%2Cadi%2Cnehir_kod%2Cstrahler%2Cuzunluk%2CHAVZA_ID&returnGeometry=true&outSR=4326&orderByFields=strahler+DESC&resultRecordCount=20&f=geojson","catchmentUrl":"https://cbs1.tarimorman.gov.tr/server/rest/services/TATUS/FeatureServer/9/query?where=1%3D1&geometry=34.995750%2C41.334710&geometryType=esriGeometryPoint&inSR=4326&spatialRel=esriSpatialRelIntersects&outFields=%2A&returnGeometry=true&outSR=4326&resultRecordCount=5&f=geojson","catchmentLabel":"Santral popup: Su alanını göster","gisConfidence":"Yüksek","gisNote":null,"hasDamMatch":true,"damMatchMethod":"name+basin+near-coordinate","riverName":"Kızılırmak","riverMatchMethod":"tatus-spatial","riverConfidence":"medium","riverIds":["river177-0604","river177-0605","river177-0606","river177-0607","river177-0608","river177-0609","river177-0610","river177-0611","river177-0612","river177-0613","river177-0614","river177-0615","river177-0616","river177-0617","river177-0618","river177-0619","river177-0620","river177-0621"],"damIds":["dam177-019"],"stationIds":["station177-404","station177-412","station177-433","station177-1180"],"cascadeToId":"hes177-014","cascadeFromIds":["hes177-098"],"isProducer":true}},{"type":"Feature","id":"hes177-041","geometry":null,"properties":{"id":"hes177-041","entityId":"hes177-041","entityType":"hes177","name":"BOZKIR ETEK HES","inventoryOrder":41,"basinId":"16","basinName":"Konya Kapalı","province":"KONYA","damName":"BOZKIR ETEK","installedPowerMw":18.838,"unitFlowM3s":null,"maxWaterLevelM":1353.58,"minWaterLevelM":1275.0,"maxVolumeHm3":null,"minVolumeHm3":null,"activeVolumeHm3":null,"waterEnergyMwh":null,"epiasDate":null,"dataQuality":"C","sourceMatchMethod":"eşleşme yok","cascadeName":null,"cascadeSourceValue":"10","notes":"EPİAŞ su göstergesi eşleşmesi bulunamadı; Kaskat alanında kaynak değeri '10' (belirsiz/sentinel); Koordinat güvenilir açık kaynaktan doğrulanamadı; Kurulu güç bulunamadı; Eksik kurulu güç/il bilgisi kamuya açık web kaynağıyla tamamlandı; Ünite debisi doğrulanamadı; Maksimum/minimum hacim doğrulanamadı","coordinateStatus":"Koordinat eksik","coordinateType":"—","coordinateSource":null,"coordinateKind":"unresolved","transformerId":null,"transformerName":null,"riverNameSource":"Koordinat yok; spatial eşleme yapılamadı","riverCode":"TR16NH099269","riverQueryUrl":null,"catchmentUrl":null,"catchmentLabel":"Santral popup: Su alanını göster","gisConfidence":"Yok","gisNote":"TATUS baraj point doğrudan eşleşmesi bu çalışma kitabında çözülmedi; sorgu URL'si eklendi; Koordinat eksik olduğu için akarsu ve su toplama alanı spatial sorgusu üretilemedi","hasDamMatch":false,"riverName":"Horoz","riverMatchMethod":"tatus-spatial","riverConfidence":"medium","riverIds":["river177-0622","river177-0623","river177-0624","river177-0625","river177-0626","river177-0627","river177-0628","river177-0629","river177-0630","river177-0631","river177-0632","river177-0633","river177-0634","river177-0635","river177-0636","river177-0637","river177-0638","river177-0639","river177-0640","river177-0641","river177-0642","river177-0643","river177-0644","river177-0645","river177-0646","river177-0647","river177-0648","river177-0649","river177-0650","river177-0651","river177-0652","river177-0653","river177-0654","river177-0655","river177-0656"],"damIds":[],"stationIds":[],"cascadeToId":null,"cascadeFromIds":[],"isProducer":false}},{"type":"Feature","id":"hes177-042","geometry":null,"properties":{"id":"hes177-042","entityId":"hes177-042","entityType":"hes177","name":"BURÇBENDİ HES","inventoryOrder":42,"basinId":"21","basinName":"Fırat-Dicle","province":"ADIYAMAN","damName":"BURÇBENDİ","installedPowerMw":27.33,"unitFlowM3s":null,"maxWaterLevelM":421.0,"minWaterLevelM":416.5,"maxVolumeHm3":null,"minVolumeHm3":null,"activeVolumeHm3":null,"waterEnergyMwh":null,"epiasDate":null,"dataQuality":"C","sourceMatchMethod":"eşleşme yok","cascadeName":null,"cascadeSourceValue":"10","notes":"EPİAŞ su göstergesi eşleşmesi bulunamadı; Kaskat alanında kaynak değeri '10' (belirsiz/sentinel); Koordinat güvenilir açık kaynaktan doğrulanamadı; Ünite debisi doğrulanamadı; Maksimum/minimum hacim doğrulanamadı","coordinateStatus":"Koordinat eksik","coordinateType":"—","coordinateSource":null,"coordinateKind":"unresolved","transformerId":null,"transformerName":null,"riverNameSource":"Koordinat yok; spatial eşleme yapılamadı","riverCode":"TR21NH692532","riverQueryUrl":null,"catchmentUrl":null,"catchmentLabel":"Santral popup: Su alanını göster","gisConfidence":"Yok","gisNote":"TATUS baraj point doğrudan eşleşmesi bu çalışma kitabında çözülmedi; sorgu URL'si eklendi; Fırat-Dicle havzasında nehir adı havzadan türetilmedi; yanlış Fırat/Dicle eşleşmesini önlemek için spatial doğrulama gerekli; Koordinat eksik olduğu için akarsu ve su toplama alanı spatial sorgusu üretilemedi","hasDamMatch":false,"riverName":"Şahnahan","riverMatchMethod":"tatus-spatial+name","riverConfidence":"high","riverIds":["river177-0447","river177-0448","river177-0455","river177-0456","river177-0463","river177-0465","river177-0466","river177-0467","river177-0468","river177-0469","river177-0470","river177-0471","river177-0472","river177-0473","river177-0475","river177-0476","river177-0477","river177-0479","river177-0480","river177-0481","river177-0483","river177-0486"],"damIds":[],"stationIds":[],"cascadeToId":null,"cascadeFromIds":[],"isProducer":false}},{"type":"Feature","id":"hes177-043","geometry":{"type":"Point","coordinates":[39.113,40.634]},"properties":{"id":"hes177-043","entityId":"hes177-043","entityType":"hes177","name":"BÜYÜKDÜZ HES","inventoryOrder":43,"basinId":"22","basinName":"Doğu Karadeniz","province":"GÜMÜŞHANE","damName":"BÜYÜKDÜZ","installedPowerMw":68.9,"unitFlowM3s":null,"maxWaterLevelM":1189.5,"minWaterLevelM":1182.7,"maxVolumeHm3":null,"minVolumeHm3":null,"activeVolumeHm3":null,"waterEnergyMwh":null,"epiasDate":null,"dataQuality":"C","sourceMatchMethod":"eşleşme yok","cascadeName":null,"cascadeSourceValue":"10","notes":"EPİAŞ su göstergesi eşleşmesi bulunamadı; Kaskat alanında kaynak değeri '10' (belirsiz/sentinel); Koordinat güvenilir açık kaynaktan doğrulanamadı; Ünite debisi doğrulanamadı; Maksimum/minimum hacim doğrulanamadı; Santral/baraj kesin koordinatı doğrulanamadığı için eşleşen trafo merkezi koordinatı harita referansı olarak kullanıldı; kesin HES konumu değildir.","coordinateStatus":"Trafo merkezi koordinatı ile tamamlandı","coordinateType":"Trafo merkezi / elektrik bağlantı noktası (yaklaşık)","coordinateSource":"transformer","coordinateKind":"transformer","transformerId":"843","transformerName":"BÜYÜKDÜZ HES","riverNameSource":"TATUS spatial query hazır; en yakın/uygun LineString seçilmeli","riverCode":"TR22NH098778","riverQueryUrl":"https://cbs1.tarimorman.gov.tr/server/rest/services/TATUS/FeatureServer/8/query?where=HAVZA_ID%3D22&geometry=39.113000%2C40.634000&geometryType=esriGeometryPoint&inSR=4326&spatialRel=esriSpatialRelIntersects&distance=5&units=esriSRUnit_Kilometer&outFields=OBJECTID%2Cadi%2Cnehir_kod%2Cstrahler%2Cuzunluk%2CHAVZA_ID&returnGeometry=true&outSR=4326&orderByFields=strahler+DESC&resultRecordCount=20&f=geojson","catchmentUrl":"https://cbs1.tarimorman.gov.tr/server/rest/services/TATUS/FeatureServer/9/query?where=1%3D1&geometry=39.113000%2C40.634000&geometryType=esriGeometryPoint&inSR=4326&spatialRel=esriSpatialRelIntersects&outFields=%2A&returnGeometry=true&outSR=4326&resultRecordCount=5&f=geojson","catchmentLabel":"Santral popup: Su alanını göster","gisConfidence":"Orta-Düşük","gisNote":"TATUS baraj point doğrudan eşleşmesi bu çalışma kitabında çözülmedi; sorgu URL'si eklendi; Akarsu/catchment sorgusu yaklaşık trafo noktasına dayanır; santral/baraj noktası ile doğrulanmalı","hasDamMatch":false,"riverIds":["river177-0657","river177-0658","river177-0659","river177-0660","river177-0661","river177-0662","river177-0663","river177-0664","river177-0665","river177-0666","river177-0667","river177-0668","river177-0669","river177-0670","river177-0671","river177-0672","river177-0673","river177-0674","river177-0675"],"damIds":[],"stationIds":["station177-1500"],"cascadeToId":null,"cascadeFromIds":[],"isProducer":false}},{"type":"Feature","id":"hes177-044","geometry":{"type":"Point","coordinates":[35.98745,36.18809]},"properties":{"id":"hes177-044","entityId":"hes177-044","entityType":"hes177","name":"BÜYÜK KARAÇAY HES","inventoryOrder":44,"basinId":"19","basinName":"Asi","province":"HATAY","damName":"BÜYÜK KARAÇAY","installedPowerMw":3.3,"unitFlowM3s":4.3,"maxWaterLevelM":351.93,"minWaterLevelM":290.0,"maxVolumeHm3":57.35,"minVolumeHm3":3.58,"activeVolumeHm3":39.12,"waterEnergyMwh":9.01,"epiasDate":"46278.81434027778","dataQuality":"A","sourceMatchMethod":"exact","cascadeName":null,"cascadeSourceValue":"10","notes":"Kaskat alanında kaynak değeri '10' (belirsiz/sentinel)","coordinateStatus":"Doğrulanmış koordinat mevcut","coordinateType":"HES / baraj noktası","coordinateSource":"workbook-verified","coordinateKind":"verified","transformerId":null,"transformerName":null,"riverNameSource":"Havza ana akarsuyu ön-eşleme; TATUS spatial query ile doğrulanmalı","riverCode":"TR19NH025813","riverQueryUrl":"https://cbs1.tarimorman.gov.tr/server/rest/services/TATUS/FeatureServer/8/query?where=HAVZA_ID%3D19&geometry=35.987450%2C36.188090&geometryType=esriGeometryPoint&inSR=4326&spatialRel=esriSpatialRelIntersects&distance=5&units=esriSRUnit_Kilometer&outFields=OBJECTID%2Cadi%2Cnehir_kod%2Cstrahler%2Cuzunluk%2CHAVZA_ID&returnGeometry=true&outSR=4326&orderByFields=strahler+DESC&resultRecordCount=20&f=geojson","catchmentUrl":"https://cbs1.tarimorman.gov.tr/server/rest/services/TATUS/FeatureServer/9/query?where=1%3D1&geometry=35.987450%2C36.188090&geometryType=esriGeometryPoint&inSR=4326&spatialRel=esriSpatialRelIntersects&outFields=%2A&returnGeometry=true&outSR=4326&resultRecordCount=5&f=geojson","catchmentLabel":"Santral popup: Su alanını göster","gisConfidence":"Yüksek","gisNote":null,"hasDamMatch":true,"damMatchMethod":"name+basin+near-coordinate","riverName":"Dörtortak","riverMatchMethod":"tatus-spatial","riverConfidence":"medium","riverIds":["river177-0676","river177-0677","river177-0678","river177-0679","river177-0680","river177-0681","river177-0682","river177-0683","river177-0684","river177-0685","river177-0686","river177-0687","river177-0688","river177-0689","river177-0690","river177-0691","river177-0692"],"damIds":["dam177-039"],"stationIds":["station177-528","station177-531","station177-532","station177-535","station177-931"],"cascadeToId":null,"cascadeFromIds":[],"isProducer":true}},{"type":"Feature","id":"hes177-045","geometry":{"type":"Point","coordinates":[29.03511,38.11523]},"properties":{"id":"hes177-045","entityId":"hes177-045","entityType":"hes177","name":"CİNDERE HES","inventoryOrder":45,"basinId":"7","basinName":"Büyük Menderes","province":"DENİZLİ","damName":"CİNDERE","installedPowerMw":27.8,"unitFlowM3s":63.0,"maxWaterLevelM":267.7,"minWaterLevelM":238.5,"maxVolumeHm3":84.27,"minVolumeHm3":5.62,"activeVolumeHm3":27.08,"waterEnergyMwh":1.95,"epiasDate":"46278.81434027778","dataQuality":"A","sourceMatchMethod":"exact","cascadeName":null,"cascadeSourceValue":"10","notes":"Kaskat alanında kaynak değeri '10' (belirsiz/sentinel)","coordinateStatus":"Doğrulanmış koordinat mevcut","coordinateType":"HES / baraj noktası","coordinateSource":"workbook-verified","coordinateKind":"verified","transformerId":null,"transformerName":null,"riverNameSource":"Havza ana akarsuyu ön-eşleme; TATUS spatial query ile doğrulanmalı","riverCode":"TR07NH182290","riverQueryUrl":"https://cbs1.tarimorman.gov.tr/server/rest/services/TATUS/FeatureServer/8/query?where=HAVZA_ID%3D7&geometry=29.035110%2C38.115230&geometryType=esriGeometryPoint&inSR=4326&spatialRel=esriSpatialRelIntersects&distance=5&units=esriSRUnit_Kilometer&outFields=OBJECTID%2Cadi%2Cnehir_kod%2Cstrahler%2Cuzunluk%2CHAVZA_ID&returnGeometry=true&outSR=4326&orderByFields=strahler+DESC&resultRecordCount=20&f=geojson","catchmentUrl":"https://cbs1.tarimorman.gov.tr/server/rest/services/TATUS/FeatureServer/9/query?where=1%3D1&geometry=29.035110%2C38.115230&geometryType=esriGeometryPoint&inSR=4326&spatialRel=esriSpatialRelIntersects&outFields=%2A&returnGeometry=true&outSR=4326&resultRecordCount=5&f=geojson","catchmentLabel":"Santral popup: Su alanını göster","gisConfidence":"Yüksek","gisNote":null,"hasDamMatch":true,"damMatchMethod":"name+basin+near-coordinate","riverIds":["river177-0693","river177-0694","river177-0695","river177-0696","river177-0697","river177-0698","river177-0699","river177-0700","river177-0701","river177-0702","river177-0703","river177-0704","river177-0705","river177-0706","river177-0707","river177-0708","river177-0709","river177-0710","river177-0711"],"damIds":["dam177-063"],"stationIds":["station177-851"],"cascadeToId":null,"cascadeFromIds":[],"isProducer":true}},{"type":"Feature","id":"hes177-046","geometry":{"type":"Point","coordinates":[38.07583,40.22917]},"properties":{"id":"hes177-046","entityId":"hes177-046","entityType":"hes177","name":"ÇAMLIGÖZE HES","inventoryOrder":46,"basinId":"14","basinName":"Yeşilırmak","province":"SİVAS","damName":"ÇAMLIGÖZE","installedPowerMw":32.0,"unitFlowM3s":166.0,"maxWaterLevelM":751.0,"minWaterLevelM":745.0,"maxVolumeHm3":42.43,"minVolumeHm3":24.32,"activeVolumeHm3":18.11,"waterEnergyMwh":1.16,"epiasDate":"46278.81434027778","dataQuality":"B","sourceMatchMethod":"exact","cascadeName":null,"cascadeSourceValue":"10","notes":"Kaskat alanında kaynak değeri '10' (belirsiz/sentinel); Koordinat güvenilir açık kaynaktan doğrulanamadı; TATUS baraj noktası fallback: ÇAMLIGÖZE (exact); 1 nokta","coordinateStatus":"TATUS baraj gözlem istasyonu ile tamamlandı","coordinateType":"Baraj gözlem istasyonu (TATUS fallback)","coordinateSource":"workbook","coordinateKind":"verified","transformerId":null,"transformerName":null,"riverNameSource":"Havza ana akarsuyu ön-eşleme; TATUS spatial query ile doğrulanmalı","riverCode":"TR14NH180498","riverQueryUrl":"https://cbs1.tarimorman.gov.tr/server/rest/services/TATUS/FeatureServer/8/query?where=HAVZA_ID%3D14&geometry=38.075830%2C40.229170&geometryType=esriGeometryPoint&inSR=4326&spatialRel=esriSpatialRelIntersects&distance=5&units=esriSRUnit_Kilometer&outFields=OBJECTID%2Cadi%2Cnehir_kod%2Cstrahler%2Cuzunluk%2CHAVZA_ID&returnGeometry=true&outSR=4326&orderByFields=strahler+DESC&resultRecordCount=20&f=geojson","catchmentUrl":"https://cbs1.tarimorman.gov.tr/server/rest/services/TATUS/FeatureServer/9/query?where=1%3D1&geometry=38.075830%2C40.229170&geometryType=esriGeometryPoint&inSR=4326&spatialRel=esriSpatialRelIntersects&outFields=%2A&returnGeometry=true&outSR=4326&resultRecordCount=5&f=geojson","catchmentLabel":"Santral popup: Su alanını göster","gisConfidence":"Yüksek-Orta","gisNote":null,"hasDamMatch":true,"damMatchMethod":"name+basin+near-coordinate","riverIds":["river177-0712","river177-0713","river177-0714","river177-0715","river177-0716","river177-0717","river177-0718","river177-0719","river177-0720","river177-0721","river177-0722","river177-0723","river177-0724","river177-0725","river177-0726","river177-0727","river177-0728","river177-0729","river177-0730","river177-0731"],"damIds":["dam177-009"],"stationIds":["station177-352","station177-893","station177-1107","station177-1108","station177-1109"],"cascadeToId":null,"cascadeFromIds":["hes177-109"],"isProducer":true}},{"type":"Feature","id":"hes177-047","geometry":null,"properties":{"id":"hes177-047","entityId":"hes177-047","entityType":"hes177","name":"ÇANDIR HES","inventoryOrder":47,"basinId":"9","basinName":"Antalya","province":"ANTALYA","damName":"ÇANDIR","installedPowerMw":1.71,"unitFlowM3s":null,"maxWaterLevelM":474.65,"minWaterLevelM":472.97,"maxVolumeHm3":null,"minVolumeHm3":null,"activeVolumeHm3":null,"waterEnergyMwh":null,"epiasDate":null,"dataQuality":"C","sourceMatchMethod":"eşleşme yok","cascadeName":null,"cascadeSourceValue":"10","notes":"EPİAŞ su göstergesi eşleşmesi bulunamadı; Kaskat alanında kaynak değeri '10' (belirsiz/sentinel); Koordinat güvenilir açık kaynaktan doğrulanamadı; Kurulu güç bulunamadı; Eksik kurulu güç/il bilgisi kamuya açık web kaynağıyla tamamlandı; Ünite debisi doğrulanamadı; Maksimum/minimum hacim doğrulanamadı","coordinateStatus":"Koordinat eksik","coordinateType":"—","coordinateSource":null,"coordinateKind":"unresolved","transformerId":null,"transformerName":null,"riverNameSource":"Koordinat yok; spatial eşleme yapılamadı","riverCode":"TR09NH060792","riverQueryUrl":null,"catchmentUrl":null,"catchmentLabel":"Santral popup: Su alanını göster","gisConfidence":"Yok","gisNote":"TATUS baraj point doğrudan eşleşmesi bu çalışma kitabında çözülmedi; sorgu URL'si eklendi; Koordinat eksik olduğu için akarsu ve su toplama alanı spatial sorgusu üretilemedi","hasDamMatch":false,"riverIds":["river177-0732","river177-0733","river177-0734","river177-0735","river177-0736"],"damIds":[],"stationIds":[],"cascadeToId":null,"cascadeFromIds":[],"isProducer":false}},{"type":"Feature","id":"hes177-048","geometry":{"type":"Point","coordinates":[35.28179,37.19874]},"properties":{"id":"hes177-048","entityId":"hes177-048","entityType":"hes177","name":"ÇATALAN HES","inventoryOrder":48,"basinId":"18","basinName":"Seyhan","province":"ADANA","damName":"ÇATALAN","installedPowerMw":168.9,"unitFlowM3s":355.2,"maxWaterLevelM":125.0,"minWaterLevelM":115.0,"maxVolumeHm3":2028.68,"minVolumeHm3":1302.32,"activeVolumeHm3":126.43,"waterEnergyMwh":16.37,"epiasDate":"46278.81434027778","dataQuality":"A","sourceMatchMethod":"exact","cascadeName":"SEYHAN 1 HES","cascadeSourceValue":"SEYHAN 1 HES","notes":null,"coordinateStatus":"Doğrulanmış koordinat mevcut","coordinateType":"HES / baraj noktası","coordinateSource":"workbook-verified","coordinateKind":"verified","transformerId":"482","transformerName":"ÇATALAN HES","riverNameSource":"Havza ana akarsuyu ön-eşleme; TATUS spatial query ile doğrulanmalı","riverCode":"TR18NH109168","riverQueryUrl":"https://cbs1.tarimorman.gov.tr/server/rest/services/TATUS/FeatureServer/8/query?where=HAVZA_ID%3D18&geometry=35.281790%2C37.198740&geometryType=esriGeometryPoint&inSR=4326&spatialRel=esriSpatialRelIntersects&distance=5&units=esriSRUnit_Kilometer&outFields=OBJECTID%2Cadi%2Cnehir_kod%2Cstrahler%2Cuzunluk%2CHAVZA_ID&returnGeometry=true&outSR=4326&orderByFields=strahler+DESC&resultRecordCount=20&f=geojson","catchmentUrl":"https://cbs1.tarimorman.gov.tr/server/rest/services/TATUS/FeatureServer/9/query?where=1%3D1&geometry=35.281790%2C37.198740&geometryType=esriGeometryPoint&inSR=4326&spatialRel=esriSpatialRelIntersects&outFields=%2A&returnGeometry=true&outSR=4326&resultRecordCount=5&f=geojson","catchmentLabel":"Santral popup: Su alanını göster","gisConfidence":"Yüksek","gisNote":null,"hasDamMatch":true,"damMatchMethod":"name+basin+near-coordinate","riverName":"Seyhan","riverMatchMethod":"tatus-spatial+name","riverConfidence":"high","riverIds":["river177-0737","river177-0738","river177-0739","river177-0740","river177-0741","river177-0742","river177-0743","river177-0744","river177-0745","river177-0746","river177-0747","river177-0748","river177-0749","river177-0750","river177-0751","river177-0752","river177-0753","river177-0754","river177-0755","river177-0756"],"damIds":["dam177-030"],"stationIds":["station177-521","station177-921","station177-925","station177-1225","station177-1226","station177-1237"],"cascadeToId":"hes177-142","cascadeFromIds":["hes177-137"],"isProducer":true}},{"type":"Feature","id":"hes177-049","geometry":{"type":"Point","coordinates":[28.21611,39.27195]},"properties":{"id":"hes177-049","entityId":"hes177-049","entityType":"hes177","name":"ÇAYGÖREN HES","inventoryOrder":49,"basinId":"3","basinName":"Susurluk","province":"BALIKESİR","damName":"ÇAYGÖREN","installedPowerMw":4.6,"unitFlowM3s":11.5,"maxWaterLevelM":270.5,"minWaterLevelM":241.5,"maxVolumeHm3":155.7,"minVolumeHm3":12.06,"activeVolumeHm3":48.6,"waterEnergyMwh":3.6,"epiasDate":"46278.81434027778","dataQuality":"A","sourceMatchMethod":"exact","cascadeName":null,"cascadeSourceValue":"10","notes":"Kaskat alanında kaynak değeri '10' (belirsiz/sentinel)","coordinateStatus":"Doğrulanmış koordinat mevcut","coordinateType":"HES / baraj noktası","coordinateSource":"workbook-verified","coordinateKind":"verified","transformerId":null,"transformerName":null,"riverNameSource":"Havza ana akarsuyu ön-eşleme; TATUS spatial query ile doğrulanmalı","riverCode":"TR03NH020427","riverQueryUrl":"https://cbs1.tarimorman.gov.tr/server/rest/services/TATUS/FeatureServer/8/query?where=HAVZA_ID%3D3&geometry=28.216110%2C39.271950&geometryType=esriGeometryPoint&inSR=4326&spatialRel=esriSpatialRelIntersects&distance=5&units=esriSRUnit_Kilometer&outFields=OBJECTID%2Cadi%2Cnehir_kod%2Cstrahler%2Cuzunluk%2CHAVZA_ID&returnGeometry=true&outSR=4326&orderByFields=strahler+DESC&resultRecordCount=20&f=geojson","catchmentUrl":"https://cbs1.tarimorman.gov.tr/server/rest/services/TATUS/FeatureServer/9/query?where=1%3D1&geometry=28.216110%2C39.271950&geometryType=esriGeometryPoint&inSR=4326&spatialRel=esriSpatialRelIntersects&outFields=%2A&returnGeometry=true&outSR=4326&resultRecordCount=5&f=geojson","catchmentLabel":"Santral popup: Su alanını göster","gisConfidence":"Yüksek","gisNote":null,"hasDamMatch":true,"damMatchMethod":"name+basin+near-coordinate","riverIds":["river177-0757","river177-0758","river177-0759","river177-0760","river177-0761","river177-0762","river177-0763","river177-0764","river177-0765","river177-0766","river177-0767","river177-0768","river177-0769","river177-0770","river177-0771","river177-0772","river177-0773","river177-0774","river177-0775","river177-0776"],"damIds":["dam177-056"],"stationIds":["station177-72","station177-75","station177-87","station177-91","station177-95","station177-837"],"cascadeToId":null,"cascadeFromIds":[],"isProducer":true}},{"type":"Feature","id":"hes177-050","geometry":{"type":"Point","coordinates":[35.53778,40.04222]},"properties":{"id":"hes177-050","entityId":"hes177-050","entityType":"hes177","name":"ÇEKEREK SÜREYYABEY HES","inventoryOrder":50,"basinId":"14","basinName":"Yeşilırmak","province":"YOZGAT","damName":"SÜREYYABEY (ÇEKEREK)","installedPowerMw":14.4,"unitFlowM3s":7.5,"maxWaterLevelM":858.25,"minWaterLevelM":820.0,"maxVolumeHm3":1310.0,"minVolumeHm3":229.2,"activeVolumeHm3":null,"waterEnergyMwh":null,"epiasDate":"46278.81434027778","dataQuality":"B","sourceMatchMethod":"alias","cascadeName":null,"cascadeSourceValue":"10","notes":"Baraj adı eşleşmesi: SÜREYYABEY (ÇEKEREK); Kaskat alanında kaynak değeri '10' (belirsiz/sentinel); Koordinat güvenilir açık kaynaktan doğrulanamadı; TATUS baraj noktası fallback: ÇEKEREK (controlled_alias); 1 nokta","coordinateStatus":"TATUS baraj gözlem istasyonu ile tamamlandı","coordinateType":"Baraj gözlem istasyonu (TATUS fallback)","coordinateSource":"workbook","coordinateKind":"verified","transformerId":null,"transformerName":null,"riverNameSource":"Havza ana akarsuyu ön-eşleme; TATUS spatial query ile doğrulanmalı","riverCode":"TR14NH179670","riverQueryUrl":"https://cbs1.tarimorman.gov.tr/server/rest/services/TATUS/FeatureServer/8/query?where=HAVZA_ID%3D14&geometry=35.537780%2C40.042220&geometryType=esriGeometryPoint&inSR=4326&spatialRel=esriSpatialRelIntersects&distance=5&units=esriSRUnit_Kilometer&outFields=OBJECTID%2Cadi%2Cnehir_kod%2Cstrahler%2Cuzunluk%2CHAVZA_ID&returnGeometry=true&outSR=4326&orderByFields=strahler+DESC&resultRecordCount=20&f=geojson","catchmentUrl":"https://cbs1.tarimorman.gov.tr/server/rest/services/TATUS/FeatureServer/9/query?where=1%3D1&geometry=35.537780%2C40.042220&geometryType=esriGeometryPoint&inSR=4326&spatialRel=esriSpatialRelIntersects&outFields=%2A&returnGeometry=true&outSR=4326&resultRecordCount=5&f=geojson","catchmentLabel":"Santral popup: Su alanını göster","gisConfidence":"Yüksek-Orta","gisNote":null,"hasDamMatch":false,"riverIds":["river177-0777","river177-0778","river177-0779","river177-0780","river177-0781","river177-0782","river177-0783","river177-0784","river177-0785","river177-0786","river177-0787","river177-0788","river177-0789","river177-0790","river177-0791","river177-0792","river177-0793"],"damIds":[],"stationIds":["station177-1115","station177-1156"],"cascadeToId":null,"cascadeFromIds":[],"isProducer":false}},{"type":"Feature","id":"hes177-051","geometry":{"type":"Point","coordinates":[36.37848,39.29711]},"properties":{"id":"hes177-051","entityId":"hes177-051","entityType":"hes177","name":"ÇERMİKLER HES","inventoryOrder":51,"basinId":"15","basinName":"Kızılırmak","province":"SİVAS","damName":"ÇERMİKLER","installedPowerMw":25.0,"unitFlowM3s":55.0,"maxWaterLevelM":1190.7,"minWaterLevelM":1189.0,"maxVolumeHm3":37.4,"minVolumeHm3":30.5,"activeVolumeHm3":5.95,"waterEnergyMwh":0.39,"epiasDate":"46278.81434027778","dataQuality":"B","sourceMatchMethod":"exact","cascadeName":"YAMULA HES","cascadeSourceValue":"YAMULA HES","notes":"Koordinat güvenilir açık kaynaktan doğrulanamadı; TATUS baraj noktası fallback: ÇERMİKLER (exact); 1 nokta","coordinateStatus":"TATUS baraj gözlem istasyonu ile tamamlandı","coordinateType":"Baraj gözlem istasyonu (TATUS fallback)","coordinateSource":"workbook","coordinateKind":"verified","transformerId":null,"transformerName":null,"riverNameSource":"Havza ana akarsuyu ön-eşleme; TATUS spatial query ile doğrulanmalı","riverCode":"TR15NH122876","riverQueryUrl":"https://cbs1.tarimorman.gov.tr/server/rest/services/TATUS/FeatureServer/8/query?where=HAVZA_ID%3D15&geometry=36.378480%2C39.297110&geometryType=esriGeometryPoint&inSR=4326&spatialRel=esriSpatialRelIntersects&distance=5&units=esriSRUnit_Kilometer&outFields=OBJECTID%2Cadi%2Cnehir_kod%2Cstrahler%2Cuzunluk%2CHAVZA_ID&returnGeometry=true&outSR=4326&orderByFields=strahler+DESC&resultRecordCount=20&f=geojson","catchmentUrl":"https://cbs1.tarimorman.gov.tr/server/rest/services/TATUS/FeatureServer/9/query?where=1%3D1&geometry=36.378480%2C39.297110&geometryType=esriGeometryPoint&inSR=4326&spatialRel=esriSpatialRelIntersects&outFields=%2A&returnGeometry=true&outSR=4326&resultRecordCount=5&f=geojson","catchmentLabel":"Santral popup: Su alanını göster","gisConfidence":"Yüksek-Orta","gisNote":null,"hasDamMatch":true,"damMatchMethod":"name+basin+near-coordinate","riverName":"Sofular","riverMatchMethod":"tatus-spatial","riverConfidence":"medium","riverIds":["river177-0794","river177-0795","river177-0796","river177-0797","river177-0798","river177-0799","river177-0800","river177-0801","river177-0802","river177-0803","river177-0804","river177-0805","river177-0806","river177-0807","river177-0808","river177-0809","river177-0810"],"damIds":["dam177-020"],"stationIds":["station177-410","station177-455","station177-1173"],"cascadeToId":"hes177-171","cascadeFromIds":[],"isProducer":true}},{"type":"Feature","id":"hes177-052","geometry":{"type":"Point","coordinates":[42.356,37.973]},"properties":{"id":"hes177-052","entityId":"hes177-052","entityType":"hes177","name":"ÇETİN HES","inventoryOrder":52,"basinId":"21","basinName":"Fırat-Dicle","province":"SİİRT","damName":"ÇETİN","installedPowerMw":420.0,"unitFlowM3s":null,"maxWaterLevelM":822.0,"minWaterLevelM":780.0,"maxVolumeHm3":null,"minVolumeHm3":null,"activeVolumeHm3":null,"waterEnergyMwh":null,"epiasDate":null,"dataQuality":"C","sourceMatchMethod":"eşleşme yok","cascadeName":"ALKUMRU HES","cascadeSourceValue":"ALKUMRU HES","notes":"EPİAŞ su göstergesi eşleşmesi bulunamadı; Koordinat güvenilir açık kaynaktan doğrulanamadı; Ünite debisi doğrulanamadı; Maksimum/minimum hacim doğrulanamadı; Santral/baraj kesin koordinatı doğrulanamadığı için eşleşen trafo merkezi koordinatı harita referansı olarak kullanıldı; kesin HES konumu değildir.","coordinateStatus":"Trafo merkezi koordinatı ile tamamlandı","coordinateType":"Trafo merkezi / elektrik bağlantı noktası (yaklaşık)","coordinateSource":"transformer","coordinateKind":"transformer","transformerId":"1693","transformerName":"ÇETİN HES","riverNameSource":"TATUS spatial query hazır; en yakın/uygun LineString seçilmeli","riverCode":"TR21NH701199","riverQueryUrl":"https://cbs1.tarimorman.gov.tr/server/rest/services/TATUS/FeatureServer/8/query?where=HAVZA_ID%3D21&geometry=42.356000%2C37.973000&geometryType=esriGeometryPoint&inSR=4326&spatialRel=esriSpatialRelIntersects&distance=5&units=esriSRUnit_Kilometer&outFields=OBJECTID%2Cadi%2Cnehir_kod%2Cstrahler%2Cuzunluk%2CHAVZA_ID&returnGeometry=true&outSR=4326&orderByFields=strahler+DESC&resultRecordCount=20&f=geojson","catchmentUrl":"https://cbs1.tarimorman.gov.tr/server/rest/services/TATUS/FeatureServer/9/query?where=1%3D1&geometry=42.356000%2C37.973000&geometryType=esriGeometryPoint&inSR=4326&spatialRel=esriSpatialRelIntersects&outFields=%2A&returnGeometry=true&outSR=4326&resultRecordCount=5&f=geojson","catchmentLabel":"Santral popup: Su alanını göster","gisConfidence":"Orta-Düşük","gisNote":"TATUS baraj point doğrudan eşleşmesi bu çalışma kitabında çözülmedi; sorgu URL'si eklendi; Akarsu/catchment sorgusu yaklaşık trafo noktasına dayanır; santral/baraj noktası ile doğrulanmalı; Fırat-Dicle havzasında nehir adı havzadan türetilmedi; yanlış Fırat/Dicle eşleşmesini önlemek için spatial doğrulama gerekli","hasDamMatch":false,"riverIds":["river177-0811","river177-0812","river177-0813","river177-0814","river177-0815","river177-0816","river177-0817","river177-0818","river177-0819","river177-0820","river177-0821","river177-0822","river177-0823","river177-0824","river177-0825","river177-0826","river177-0827","river177-0828","river177-0829","river177-0830"],"damIds":[],"stationIds":["station177-1624"],"cascadeToId":"hes177-009","cascadeFromIds":[],"isProducer":false}},{"type":"Feature","id":"hes177-053","geometry":{"type":"Point","coordinates":[43.328,40.901]},"properties":{"id":"hes177-053","entityId":"hes177-053","entityType":"hes177","name":"ÇILDIR HES","inventoryOrder":53,"basinId":"24","basinName":"Aras","province":"ARDAHAN","damName":"ÇILDIR","installedPowerMw":15.36,"unitFlowM3s":null,"maxWaterLevelM":1962.0,"minWaterLevelM":1953.0,"maxVolumeHm3":null,"minVolumeHm3":null,"activeVolumeHm3":null,"waterEnergyMwh":null,"epiasDate":null,"dataQuality":"C","sourceMatchMethod":"eşleşme yok","cascadeName":null,"cascadeSourceValue":"10","notes":"EPİAŞ su göstergesi eşleşmesi bulunamadı; Kaskat alanında kaynak değeri '10' (belirsiz/sentinel); Koordinat güvenilir açık kaynaktan doğrulanamadı; Ünite debisi doğrulanamadı; Maksimum/minimum hacim doğrulanamadı; Santral/baraj kesin koordinatı doğrulanamadığı için eşleşen trafo merkezi koordinatı harita referansı olarak kullanıldı; kesin HES konumu değildir.","coordinateStatus":"Trafo merkezi koordinatı ile tamamlandı","coordinateType":"Trafo merkezi / elektrik bağlantı noktası (yaklaşık)","coordinateSource":"transformer","coordinateKind":"transformer","transformerId":"240","transformerName":"ÇILDIR HES","riverNameSource":"Havza ana akarsuyu ön-eşleme; TATUS spatial query ile doğrulanmalı","riverCode":"TR24NH063732","riverQueryUrl":"https://cbs1.tarimorman.gov.tr/server/rest/services/TATUS/FeatureServer/8/query?where=HAVZA_ID%3D24&geometry=43.328000%2C40.901000&geometryType=esriGeometryPoint&inSR=4326&spatialRel=esriSpatialRelIntersects&distance=5&units=esriSRUnit_Kilometer&outFields=OBJECTID%2Cadi%2Cnehir_kod%2Cstrahler%2Cuzunluk%2CHAVZA_ID&returnGeometry=true&outSR=4326&orderByFields=strahler+DESC&resultRecordCount=20&f=geojson","catchmentUrl":"https://cbs1.tarimorman.gov.tr/server/rest/services/TATUS/FeatureServer/9/query?where=1%3D1&geometry=43.328000%2C40.901000&geometryType=esriGeometryPoint&inSR=4326&spatialRel=esriSpatialRelIntersects&outFields=%2A&returnGeometry=true&outSR=4326&resultRecordCount=5&f=geojson","catchmentLabel":"Santral popup: Su alanını göster","gisConfidence":"Orta-Düşük","gisNote":"TATUS baraj point doğrudan eşleşmesi bu çalışma kitabında çözülmedi; sorgu URL'si eklendi; Akarsu/catchment sorgusu yaklaşık trafo noktasına dayanır; santral/baraj noktası ile doğrulanmalı","hasDamMatch":false,"riverName":"Çatak","riverMatchMethod":"tatus-spatial","riverConfidence":"medium","riverIds":["river177-0831","river177-0832","river177-0833","river177-0834","river177-0835","river177-0836","river177-0837","river177-0838","river177-0839","river177-0840","river177-0841","river177-0842","river177-0843","river177-0844","river177-0845","river177-0846","river177-0847","river177-0848","river177-0849","river177-0850"],"damIds":[],"stationIds":["station177-725","station177-734","station177-739","station177-740","station177-811","station177-1607","station177-1610"],"cascadeToId":null,"cascadeFromIds":[],"isProducer":false}},{"type":"Feature","id":"hes177-054","geometry":{"type":"Point","coordinates":[28.12994,37.49475]},"properties":{"id":"hes177-054","entityId":"hes177-054","entityType":"hes177","name":"ÇİNE HES","inventoryOrder":54,"basinId":"7","basinName":"Büyük Menderes","province":"AYDIN","damName":"ÇİNE ADNAN MENDERES","installedPowerMw":47.2,"unitFlowM3s":35.0,"maxWaterLevelM":260.0,"minWaterLevelM":220.0,"maxVolumeHm3":350.0,"minVolumeHm3":37.0,"activeVolumeHm3":162.25,"waterEnergyMwh":54.25,"epiasDate":"46278.81434027778","dataQuality":"A","sourceMatchMethod":"alias","cascadeName":null,"cascadeSourceValue":"10","notes":"Baraj adı eşleşmesi: ÇİNE ADNAN MENDERES; Kaskat alanında kaynak değeri '10' (belirsiz/sentinel)","coordinateStatus":"Doğrulanmış koordinat mevcut","coordinateType":"HES / baraj noktası","coordinateSource":"workbook-verified","coordinateKind":"verified","transformerId":"1199","transformerName":"ÇİNE HES","riverNameSource":"Havza ana akarsuyu ön-eşleme; TATUS spatial query ile doğrulanmalı","riverCode":"TR07NH018018","riverQueryUrl":"https://cbs1.tarimorman.gov.tr/server/rest/services/TATUS/FeatureServer/8/query?where=HAVZA_ID%3D7&geometry=28.129940%2C37.494750&geometryType=esriGeometryPoint&inSR=4326&spatialRel=esriSpatialRelIntersects&distance=5&units=esriSRUnit_Kilometer&outFields=OBJECTID%2Cadi%2Cnehir_kod%2Cstrahler%2Cuzunluk%2CHAVZA_ID&returnGeometry=true&outSR=4326&orderByFields=strahler+DESC&resultRecordCount=20&f=geojson","catchmentUrl":"https://cbs1.tarimorman.gov.tr/server/rest/services/TATUS/FeatureServer/9/query?where=1%3D1&geometry=28.129940%2C37.494750&geometryType=esriGeometryPoint&inSR=4326&spatialRel=esriSpatialRelIntersects&outFields=%2A&returnGeometry=true&outSR=4326&resultRecordCount=5&f=geojson","catchmentLabel":"Santral popup: Su alanını göster","gisConfidence":"Yüksek","gisNote":null,"hasDamMatch":true,"damMatchMethod":"name+basin+near-coordinate","riverIds":["river177-0851","river177-0852","river177-0853","river177-0854","river177-0855","river177-0856","river177-0857","river177-0858","river177-0859","river177-0860","river177-0861","river177-0862","river177-0863","river177-0864","river177-0865","river177-0866","river177-0867"],"damIds":["dam177-064"],"stationIds":["station177-157","station177-170"],"cascadeToId":null,"cascadeFromIds":[],"isProducer":true}},{"type":"Feature","id":"hes177-055","geometry":{"type":"Point","coordinates":[37.847,40.707]},"properties":{"id":"hes177-055","entityId":"hes177-055","entityType":"hes177","name":"DARICA1 HES","inventoryOrder":55,"basinId":"22","basinName":"Doğu Karadeniz","province":"ORDU","damName":"DARICA1","installedPowerMw":110.0,"unitFlowM3s":null,"maxWaterLevelM":650.0,"minWaterLevelM":640.0,"maxVolumeHm3":null,"minVolumeHm3":null,"activeVolumeHm3":null,"waterEnergyMwh":null,"epiasDate":null,"dataQuality":"C","sourceMatchMethod":"eşleşme yok","cascadeName":null,"cascadeSourceValue":"10","notes":"EPİAŞ su göstergesi eşleşmesi bulunamadı; Kaskat alanında kaynak değeri '10' (belirsiz/sentinel); Koordinat güvenilir açık kaynaktan doğrulanamadı; Ünite debisi doğrulanamadı; Maksimum/minimum hacim doğrulanamadı; Santral/baraj kesin koordinatı doğrulanamadığı için eşleşen trafo merkezi koordinatı harita referansı olarak kullanıldı; kesin HES konumu değildir.","coordinateStatus":"Trafo merkezi koordinatı ile tamamlandı","coordinateType":"Trafo merkezi / elektrik bağlantı noktası (yaklaşık)","coordinateSource":"transformer","coordinateKind":"transformer","transformerId":"806","transformerName":"DARICA1 HES","riverNameSource":"TATUS spatial query hazır; en yakın/uygun LineString seçilmeli","riverCode":"TR22NH042844","riverQueryUrl":"https://cbs1.tarimorman.gov.tr/server/rest/services/TATUS/FeatureServer/8/query?where=HAVZA_ID%3D22&geometry=37.847000%2C40.707000&geometryType=esriGeometryPoint&inSR=4326&spatialRel=esriSpatialRelIntersects&distance=5&units=esriSRUnit_Kilometer&outFields=OBJECTID%2Cadi%2Cnehir_kod%2Cstrahler%2Cuzunluk%2CHAVZA_ID&returnGeometry=true&outSR=4326&orderByFields=strahler+DESC&resultRecordCount=20&f=geojson","catchmentUrl":"https://cbs1.tarimorman.gov.tr/server/rest/services/TATUS/FeatureServer/9/query?where=1%3D1&geometry=37.847000%2C40.707000&geometryType=esriGeometryPoint&inSR=4326&spatialRel=esriSpatialRelIntersects&outFields=%2A&returnGeometry=true&outSR=4326&resultRecordCount=5&f=geojson","catchmentLabel":"Santral popup: Su alanını göster","gisConfidence":"Orta-Düşük","gisNote":"TATUS baraj point doğrudan eşleşmesi bu çalışma kitabında çözülmedi; sorgu URL'si eklendi; Akarsu/catchment sorgusu yaklaşık trafo noktasına dayanır; santral/baraj noktası ile doğrulanmalı","hasDamMatch":false,"riverIds":["river177-0868","river177-0869","river177-0870","river177-0871","river177-0872","river177-0873","river177-0874","river177-0875","river177-0876","river177-0877","river177-0878","river177-0879","river177-0880","river177-0881","river177-0882","river177-0883"],"damIds":[],"stationIds":["station177-1355"],"cascadeToId":null,"cascadeFromIds":[],"isProducer":false}},{"type":"Feature","id":"hes177-056","geometry":{"type":"Point","coordinates":[37.864,40.719]},"properties":{"id":"hes177-056","entityId":"hes177-056","entityType":"hes177","name":"DARICA2 HES","inventoryOrder":56,"basinId":"22","basinName":"Doğu Karadeniz","province":"ORDU","damName":"DARICA2","installedPowerMw":74.0,"unitFlowM3s":null,"maxWaterLevelM":1395.0,"minWaterLevelM":1379.5,"maxVolumeHm3":null,"minVolumeHm3":null,"activeVolumeHm3":null,"waterEnergyMwh":null,"epiasDate":null,"dataQuality":"C","sourceMatchMethod":"eşleşme yok","cascadeName":null,"cascadeSourceValue":"10","notes":"EPİAŞ su göstergesi eşleşmesi bulunamadı; Kaskat alanında kaynak değeri '10' (belirsiz/sentinel); Koordinat güvenilir açık kaynaktan doğrulanamadı; Ünite debisi doğrulanamadı; Maksimum/minimum hacim doğrulanamadı; Santral/baraj kesin koordinatı doğrulanamadığı için eşleşen trafo merkezi koordinatı harita referansı olarak kullanıldı; kesin HES konumu değildir.","coordinateStatus":"Trafo merkezi koordinatı ile tamamlandı","coordinateType":"Trafo merkezi / elektrik bağlantı noktası (yaklaşık)","coordinateSource":"transformer","coordinateKind":"transformer","transformerId":"1474","transformerName":"DARICA2 HES","riverNameSource":"TATUS spatial query hazır; en yakın/uygun LineString seçilmeli","riverCode":"TR22NH035545","riverQueryUrl":"https://cbs1.tarimorman.gov.tr/server/rest/services/TATUS/FeatureServer/8/query?where=HAVZA_ID%3D22&geometry=37.864000%2C40.719000&geometryType=esriGeometryPoint&inSR=4326&spatialRel=esriSpatialRelIntersects&distance=5&units=esriSRUnit_Kilometer&outFields=OBJECTID%2Cadi%2Cnehir_kod%2Cstrahler%2Cuzunluk%2CHAVZA_ID&returnGeometry=true&outSR=4326&orderByFields=strahler+DESC&resultRecordCount=20&f=geojson","catchmentUrl":"https://cbs1.tarimorman.gov.tr/server/rest/services/TATUS/FeatureServer/9/query?where=1%3D1&geometry=37.864000%2C40.719000&geometryType=esriGeometryPoint&inSR=4326&spatialRel=esriSpatialRelIntersects&outFields=%2A&returnGeometry=true&outSR=4326&resultRecordCount=5&f=geojson","catchmentLabel":"Santral popup: Su alanını göster","gisConfidence":"Orta-Düşük","gisNote":"TATUS baraj point doğrudan eşleşmesi bu çalışma kitabında çözülmedi; sorgu URL'si eklendi; Akarsu/catchment sorgusu yaklaşık trafo noktasına dayanır; santral/baraj noktası ile doğrulanmalı","hasDamMatch":false,"riverIds":["river177-0871","river177-0872","river177-0873","river177-0874","river177-0875","river177-0876","river177-0877","river177-0878","river177-0879","river177-0880","river177-0881","river177-0882","river177-0883","river177-0884","river177-0885","river177-0886","river177-0887","river177-0888","river177-0889","river177-0890"],"damIds":[],"stationIds":["station177-1354","station177-1372","station177-1506"],"cascadeToId":null,"cascadeFromIds":[],"isProducer":false}},{"type":"Feature","id":"hes177-057","geometry":{"type":"Point","coordinates":[28.291,38.603]},"properties":{"id":"hes177-057","entityId":"hes177-057","entityType":"hes177","name":"DEMİRKÖPRÜ HES","inventoryOrder":57,"basinId":"5","basinName":"Gediz","province":"MANİSA","damName":"DEMİRKÖPRÜ","installedPowerMw":69.0,"unitFlowM3s":73.8,"maxWaterLevelM":244.2,"minWaterLevelM":221.8,"maxVolumeHm3":1014.22,"minVolumeHm3":249.66,"activeVolumeHm3":332.42,"waterEnergyMwh":87.64,"epiasDate":"46278.81434027778","dataQuality":"B","sourceMatchMethod":"exact","cascadeName":null,"cascadeSourceValue":"10","notes":"Kaskat alanında kaynak değeri '10' (belirsiz/sentinel); Koordinat güvenilir açık kaynaktan doğrulanamadı; Santral/baraj kesin koordinatı doğrulanamadığı için eşleşen trafo merkezi koordinatı harita referansı olarak kullanıldı; kesin HES konumu değildir.","coordinateStatus":"Trafo merkezi koordinatı ile tamamlandı","coordinateType":"Trafo merkezi / elektrik bağlantı noktası (yaklaşık)","coordinateSource":"transformer","coordinateKind":"transformer","transformerId":"155","transformerName":"DEMİRKÖPRÜ HES","riverNameSource":"Havza ana akarsuyu ön-eşleme; TATUS spatial query ile doğrulanmalı","riverCode":"TR05NH041590","riverQueryUrl":"https://cbs1.tarimorman.gov.tr/server/rest/services/TATUS/FeatureServer/8/query?where=HAVZA_ID%3D5&geometry=28.291000%2C38.603000&geometryType=esriGeometryPoint&inSR=4326&spatialRel=esriSpatialRelIntersects&distance=5&units=esriSRUnit_Kilometer&outFields=OBJECTID%2Cadi%2Cnehir_kod%2Cstrahler%2Cuzunluk%2CHAVZA_ID&returnGeometry=true&outSR=4326&orderByFields=strahler+DESC&resultRecordCount=20&f=geojson","catchmentUrl":"https://cbs1.tarimorman.gov.tr/server/rest/services/TATUS/FeatureServer/9/query?where=1%3D1&geometry=28.291000%2C38.603000&geometryType=esriGeometryPoint&inSR=4326&spatialRel=esriSpatialRelIntersects&outFields=%2A&returnGeometry=true&outSR=4326&resultRecordCount=5&f=geojson","catchmentLabel":"Santral popup: Su alanını göster","gisConfidence":"Orta-Düşük","gisNote":"TATUS baraj point doğrudan eşleşmesi bu çalışma kitabında çözülmedi; sorgu URL'si eklendi; Akarsu/catchment sorgusu yaklaşık trafo noktasına dayanır; santral/baraj noktası ile doğrulanmalı","hasDamMatch":true,"damMatchMethod":"name+basin+near-coordinate","riverIds":["river177-0891","river177-0892","river177-0893","river177-0894","river177-0895","river177-0896","river177-0897","river177-0898","river177-0899","river177-0900","river177-0901","river177-0902","river177-0903","river177-0904","river177-0905","river177-0906","river177-0907","river177-0908","river177-0909","river177-0910"],"damIds":["dam177-060"],"stationIds":["station177-127","station177-128","station177-132","station177-843"],"cascadeToId":null,"cascadeFromIds":[],"isProducer":true}},{"type":"Feature","id":"hes177-058","geometry":{"type":"Point","coordinates":[35.84174,41.46121]},"properties":{"id":"hes177-058","entityId":"hes177-058","entityType":"hes177","name":"DERBENT HES","inventoryOrder":58,"basinId":"15","basinName":"Kızılırmak","province":"SAMSUN","damName":"DERBENT","installedPowerMw":56.4,"unitFlowM3s":121.4,"maxWaterLevelM":57.5,"minWaterLevelM":54.5,"maxVolumeHm3":190.01,"minVolumeHm3":145.82,"activeVolumeHm3":27.98,"waterEnergyMwh":1.52,"epiasDate":"46278.81434027778","dataQuality":"A","sourceMatchMethod":"exact","cascadeName":null,"cascadeSourceValue":"10","notes":"Kaskat alanında kaynak değeri '10' (belirsiz/sentinel)","coordinateStatus":"Doğrulanmış koordinat mevcut","coordinateType":"HES / baraj noktası","coordinateSource":"workbook-verified","coordinateKind":"verified","transformerId":"580","transformerName":"DERBENT HES","riverNameSource":"Havza ana akarsuyu ön-eşleme; TATUS spatial query ile doğrulanmalı","riverCode":"TR15NH408034","riverQueryUrl":"https://cbs1.tarimorman.gov.tr/server/rest/services/TATUS/FeatureServer/8/query?where=HAVZA_ID%3D15&geometry=35.841740%2C41.461210&geometryType=esriGeometryPoint&inSR=4326&spatialRel=esriSpatialRelIntersects&distance=5&units=esriSRUnit_Kilometer&outFields=OBJECTID%2Cadi%2Cnehir_kod%2Cstrahler%2Cuzunluk%2CHAVZA_ID&returnGeometry=true&outSR=4326&orderByFields=strahler+DESC&resultRecordCount=20&f=geojson","catchmentUrl":"https://cbs1.tarimorman.gov.tr/server/rest/services/TATUS/FeatureServer/9/query?where=1%3D1&geometry=35.841740%2C41.461210&geometryType=esriGeometryPoint&inSR=4326&spatialRel=esriSpatialRelIntersects&outFields=%2A&returnGeometry=true&outSR=4326&resultRecordCount=5&f=geojson","catchmentLabel":"Santral popup: Su alanını göster","gisConfidence":"Yüksek","gisNote":null,"hasDamMatch":true,"damMatchMethod":"name+basin+near-coordinate","riverName":"Kızılırmak","riverMatchMethod":"tatus-spatial+name","riverConfidence":"high","riverIds":["river177-0911","river177-0912","river177-0913","river177-0914","river177-0915","river177-0916","river177-0917","river177-0918","river177-0919","river177-0920","river177-0921","river177-0922","river177-0923","river177-0924","river177-0925","river177-0926","river177-0927","river177-0928","river177-0929"],"damIds":["dam177-021"],"stationIds":["station177-383","station177-427","station177-428","station177-438","station177-439","station177-453","station177-454","station177-796","station177-798","station177-1187"],"cascadeToId":null,"cascadeFromIds":["hes177-014"],"isProducer":true}},{"type":"Feature","id":"hes177-059","geometry":{"type":"Point","coordinates":[41.869,41.172]},"properties":{"id":"hes177-059","entityId":"hes177-059","entityType":"hes177","name":"DERİNER HES","inventoryOrder":59,"basinId":"23","basinName":"Çoruh","province":"ARTVİN","damName":"DERİNER","installedPowerMw":670.0,"unitFlowM3s":null,"maxWaterLevelM":392.0,"minWaterLevelM":347.83,"maxVolumeHm3":null,"minVolumeHm3":null,"activeVolumeHm3":null,"waterEnergyMwh":null,"epiasDate":null,"dataQuality":"C","sourceMatchMethod":"eşleşme yok","cascadeName":"BORÇKA HES","cascadeSourceValue":"BORÇKA HES","notes":"EPİAŞ su göstergesi eşleşmesi bulunamadı; Koordinat güvenilir açık kaynaktan doğrulanamadı; Ünite debisi doğrulanamadı; Maksimum/minimum hacim doğrulanamadı; Santral/baraj kesin koordinatı doğrulanamadığı için eşleşen trafo merkezi koordinatı harita referansı olarak kullanıldı; kesin HES konumu değildir.","coordinateStatus":"Trafo merkezi koordinatı ile tamamlandı","coordinateType":"Trafo merkezi / elektrik bağlantı noktası (yaklaşık)","coordinateSource":"transformer","coordinateKind":"transformer","transformerId":"1059","transformerName":"DERİNER HES","riverNameSource":"Havza ana akarsuyu ön-eşleme; TATUS spatial query ile doğrulanmalı","riverCode":"TR23NH076449","riverQueryUrl":"https://cbs1.tarimorman.gov.tr/server/rest/services/TATUS/FeatureServer/8/query?where=HAVZA_ID%3D23&geometry=41.869000%2C41.172000&geometryType=esriGeometryPoint&inSR=4326&spatialRel=esriSpatialRelIntersects&distance=5&units=esriSRUnit_Kilometer&outFields=OBJECTID%2Cadi%2Cnehir_kod%2Cstrahler%2Cuzunluk%2CHAVZA_ID&returnGeometry=true&outSR=4326&orderByFields=strahler+DESC&resultRecordCount=20&f=geojson","catchmentUrl":"https://cbs1.tarimorman.gov.tr/server/rest/services/TATUS/FeatureServer/9/query?where=1%3D1&geometry=41.869000%2C41.172000&geometryType=esriGeometryPoint&inSR=4326&spatialRel=esriSpatialRelIntersects&outFields=%2A&returnGeometry=true&outSR=4326&resultRecordCount=5&f=geojson","catchmentLabel":"Santral popup: Su alanını göster","gisConfidence":"Orta-Düşük","gisNote":"TATUS baraj point doğrudan eşleşmesi bu çalışma kitabında çözülmedi; sorgu URL'si eklendi; Akarsu/catchment sorgusu yaklaşık trafo noktasına dayanır; santral/baraj noktası ile doğrulanmalı","hasDamMatch":false,"riverName":"Çoruh","riverMatchMethod":"tatus-spatial+name","riverConfidence":"high","riverIds":["river177-0930","river177-0931","river177-0932","river177-0933","river177-0934","river177-0935","river177-0936","river177-0937","river177-0938","river177-0939","river177-0940","river177-0941","river177-0942","river177-0943","river177-0944","river177-0945","river177-0946","river177-0947","river177-0948"],"damIds":[],"stationIds":["station177-695"],"cascadeToId":"hes177-039","cascadeFromIds":["hes177-019"],"isProducer":false}},{"type":"Feature","id":"hes177-060","geometry":{"type":"Point","coordinates":[28.576,39.877]},"properties":{"id":"hes177-060","entityId":"hes177-060","entityType":"hes177","name":"DEVECİ KONAĞI HES","inventoryOrder":60,"basinId":"3","basinName":"Susurluk","province":"BURSA","damName":"DEVECİKONAĞI","installedPowerMw":28.9,"unitFlowM3s":120.0,"maxWaterLevelM":95.4,"minWaterLevelM":90.0,"maxVolumeHm3":6.21,"minVolumeHm3":4.33,"activeVolumeHm3":1.52,"waterEnergyMwh":0.1,"epiasDate":"46278.81434027778","dataQuality":"B","sourceMatchMethod":"alias","cascadeName":null,"cascadeSourceValue":"10","notes":"Baraj adı eşleşmesi: DEVECİKONAĞI; Kaskat alanında kaynak değeri '10' (belirsiz/sentinel); Koordinat güvenilir açık kaynaktan doğrulanamadı; Santral/baraj kesin koordinatı doğrulanamadığı için eşleşen trafo merkezi koordinatı harita referansı olarak kullanıldı; kesin HES konumu değildir.","coordinateStatus":"Trafo merkezi koordinatı ile tamamlandı","coordinateType":"Trafo merkezi / elektrik bağlantı noktası (yaklaşık)","coordinateSource":"transformer","coordinateKind":"transformer","transformerId":"1042","transformerName":"DEVECİKONAĞI HES","riverNameSource":"Havza ana akarsuyu ön-eşleme; TATUS spatial query ile doğrulanmalı","riverCode":"TR03NH089709","riverQueryUrl":"https://cbs1.tarimorman.gov.tr/server/rest/services/TATUS/FeatureServer/8/query?where=HAVZA_ID%3D3&geometry=28.576000%2C39.877000&geometryType=esriGeometryPoint&inSR=4326&spatialRel=esriSpatialRelIntersects&distance=5&units=esriSRUnit_Kilometer&outFields=OBJECTID%2Cadi%2Cnehir_kod%2Cstrahler%2Cuzunluk%2CHAVZA_ID&returnGeometry=true&outSR=4326&orderByFields=strahler+DESC&resultRecordCount=20&f=geojson","catchmentUrl":"https://cbs1.tarimorman.gov.tr/server/rest/services/TATUS/FeatureServer/9/query?where=1%3D1&geometry=28.576000%2C39.877000&geometryType=esriGeometryPoint&inSR=4326&spatialRel=esriSpatialRelIntersects&outFields=%2A&returnGeometry=true&outSR=4326&resultRecordCount=5&f=geojson","catchmentLabel":"Santral popup: Su alanını göster","gisConfidence":"Orta-Düşük","gisNote":"TATUS baraj point doğrudan eşleşmesi bu çalışma kitabında çözülmedi; sorgu URL'si eklendi; Akarsu/catchment sorgusu yaklaşık trafo noktasına dayanır; santral/baraj noktası ile doğrulanmalı","hasDamMatch":true,"damMatchMethod":"name+basin+near-coordinate","riverIds":["river177-0949","river177-0950","river177-0951","river177-0952","river177-0953","river177-0954","river177-0955","river177-0956","river177-0957","river177-0958","river177-0959","river177-0960","river177-0961","river177-0962","river177-0963"],"damIds":["dam177-058"],"stationIds":["station177-68","station177-94","station177-102","station177-104","station177-830","station177-995","station177-996","station177-997"],"cascadeToId":null,"cascadeFromIds":[],"isProducer":true}},{"type":"Feature","id":"hes177-061","geometry":{"type":"Point","coordinates":[40.175,38.229]},"properties":{"id":"hes177-061","entityId":"hes177-061","entityType":"hes177","name":"DİCLE HES","inventoryOrder":61,"basinId":"21","basinName":"Fırat-Dicle","province":"DİYARBAKIR","damName":"DİCLE","installedPowerMw":110.0,"unitFlowM3s":null,"maxWaterLevelM":715.0,"minWaterLevelM":697.0,"maxVolumeHm3":null,"minVolumeHm3":null,"activeVolumeHm3":null,"waterEnergyMwh":null,"epiasDate":null,"dataQuality":"C","sourceMatchMethod":"eşleşme yok","cascadeName":"ILISU HES","cascadeSourceValue":"ILISU HES","notes":"EPİAŞ su göstergesi eşleşmesi bulunamadı; Koordinat güvenilir açık kaynaktan doğrulanamadı; Ünite debisi doğrulanamadı; Maksimum/minimum hacim doğrulanamadı; Santral/baraj kesin koordinatı doğrulanamadığı için eşleşen trafo merkezi koordinatı harita referansı olarak kullanıldı; kesin HES konumu değildir.","coordinateStatus":"Trafo merkezi koordinatı ile tamamlandı","coordinateType":"Trafo merkezi / elektrik bağlantı noktası (yaklaşık)","coordinateSource":"transformer","coordinateKind":"transformer","transformerId":"105","transformerName":"DİCLE HES","riverNameSource":"TATUS spatial query hazır; en yakın/uygun LineString seçilmeli","riverCode":"TR21NH718153","riverQueryUrl":"https://cbs1.tarimorman.gov.tr/server/rest/services/TATUS/FeatureServer/8/query?where=HAVZA_ID%3D21&geometry=40.175000%2C38.229000&geometryType=esriGeometryPoint&inSR=4326&spatialRel=esriSpatialRelIntersects&distance=5&units=esriSRUnit_Kilometer&outFields=OBJECTID%2Cadi%2Cnehir_kod%2Cstrahler%2Cuzunluk%2CHAVZA_ID&returnGeometry=true&outSR=4326&orderByFields=strahler+DESC&resultRecordCount=20&f=geojson","catchmentUrl":"https://cbs1.tarimorman.gov.tr/server/rest/services/TATUS/FeatureServer/9/query?where=1%3D1&geometry=40.175000%2C38.229000&geometryType=esriGeometryPoint&inSR=4326&spatialRel=esriSpatialRelIntersects&outFields=%2A&returnGeometry=true&outSR=4326&resultRecordCount=5&f=geojson","catchmentLabel":"Santral popup: Su alanını göster","gisConfidence":"Orta-Düşük","gisNote":"TATUS baraj point doğrudan eşleşmesi bu çalışma kitabında çözülmedi; sorgu URL'si eklendi; Akarsu/catchment sorgusu yaklaşık trafo noktasına dayanır; santral/baraj noktası ile doğrulanmalı; Fırat-Dicle havzasında nehir adı havzadan türetilmedi; yanlış Fırat/Dicle eşleşmesini önlemek için spatial doğrulama gerekli","hasDamMatch":false,"riverName":"Dicle","riverMatchMethod":"tatus-spatial+name","riverConfidence":"high","riverIds":["river177-0964","river177-0965","river177-0966","river177-0967","river177-0968","river177-0969","river177-0970","river177-0971","river177-0972","river177-0973","river177-0974","river177-0975","river177-0976","river177-0977","river177-0978","river177-0979","river177-0980","river177-0981","river177-0982"],"damIds":[],"stationIds":[],"cascadeToId":"hes177-086","cascadeFromIds":["hes177-121"],"isProducer":false}},{"type":"Feature","id":"hes177-062","geometry":null,"properties":{"id":"hes177-062","entityId":"hes177-062","entityType":"hes177","name":"DİM HES","inventoryOrder":62,"basinId":"9","basinName":"Antalya","province":"ANTALYA","damName":"DİM","installedPowerMw":38.3,"unitFlowM3s":32.1,"maxWaterLevelM":169.5,"minWaterLevelM":130.0,"maxVolumeHm3":236.3,"minVolumeHm3":85.56,"activeVolumeHm3":null,"waterEnergyMwh":null,"epiasDate":"46278.81434027778","dataQuality":"B","sourceMatchMethod":"exact","cascadeName":null,"cascadeSourceValue":"10","notes":"Kaskat alanında kaynak değeri '10' (belirsiz/sentinel); Koordinat güvenilir açık kaynaktan doğrulanamadı","coordinateStatus":"Koordinat eksik","coordinateType":"—","coordinateSource":null,"coordinateKind":"unresolved","transformerId":null,"transformerName":null,"riverNameSource":"Koordinat yok; spatial eşleme yapılamadı","riverCode":"TR09NH060792","riverQueryUrl":null,"catchmentUrl":null,"catchmentLabel":"Santral popup: Su alanını göster","gisConfidence":"Yok","gisNote":"TATUS baraj point doğrudan eşleşmesi bu çalışma kitabında çözülmedi; sorgu URL'si eklendi; Koordinat eksik olduğu için akarsu ve su toplama alanı spatial sorgusu üretilemedi","hasDamMatch":false,"riverIds":["river177-0732","river177-0733","river177-0734","river177-0735","river177-0736"],"damIds":[],"stationIds":[],"cascadeToId":null,"cascadeFromIds":[],"isProducer":false}},{"type":"Feature","id":"hes177-063","geometry":null,"properties":{"id":"hes177-063","entityId":"hes177-063","entityType":"hes177","name":"DİNAR2 HES","inventoryOrder":63,"basinId":"7","basinName":"Büyük Menderes","province":"AFYONKARAHİSAR","damName":"DİNAR2","installedPowerMw":3.0,"unitFlowM3s":null,"maxWaterLevelM":2.4,"minWaterLevelM":1.2,"maxVolumeHm3":null,"minVolumeHm3":null,"activeVolumeHm3":null,"waterEnergyMwh":null,"epiasDate":null,"dataQuality":"C","sourceMatchMethod":"eşleşme yok","cascadeName":null,"cascadeSourceValue":"10","notes":"EPİAŞ su göstergesi eşleşmesi bulunamadı; Kaskat alanında kaynak değeri '10' (belirsiz/sentinel); Koordinat güvenilir açık kaynaktan doğrulanamadı; Ünite debisi doğrulanamadı; Maksimum/minimum hacim doğrulanamadı","coordinateStatus":"Koordinat eksik","coordinateType":"—","coordinateSource":null,"coordinateKind":"unresolved","transformerId":null,"transformerName":null,"riverNameSource":"Havza ana akarsuyu ön-eşleme; TATUS spatial query ile doğrulanmalı","riverCode":"TR07NH146511","riverQueryUrl":null,"catchmentUrl":null,"catchmentLabel":"Santral popup: Su alanını göster","gisConfidence":"Yok","gisNote":"TATUS baraj point doğrudan eşleşmesi bu çalışma kitabında çözülmedi; sorgu URL'si eklendi; Koordinat eksik olduğu için akarsu ve su toplama alanı spatial sorgusu üretilemedi","hasDamMatch":false,"riverName":"Kızıl","riverMatchMethod":"tatus-spatial","riverConfidence":"medium","riverIds":["river177-0983","river177-0984","river177-0985","river177-0986","river177-0987","river177-0988","river177-0989"],"damIds":[],"stationIds":[],"cascadeToId":null,"cascadeFromIds":[],"isProducer":false}},{"type":"Feature","id":"hes177-064","geometry":null,"properties":{"id":"hes177-064","entityId":"hes177-064","entityType":"hes177","name":"DOĞANKAYA HES","inventoryOrder":64,"basinId":"21","basinName":"Fırat-Dicle","province":"ADIYAMAN","damName":"DOĞANKAYA","installedPowerMw":20.55,"unitFlowM3s":null,"maxWaterLevelM":567.0,"minWaterLevelM":565.0,"maxVolumeHm3":null,"minVolumeHm3":null,"activeVolumeHm3":null,"waterEnergyMwh":null,"epiasDate":null,"dataQuality":"C","sourceMatchMethod":"eşleşme yok","cascadeName":null,"cascadeSourceValue":"10","notes":"EPİAŞ su göstergesi eşleşmesi bulunamadı; Kaskat alanında kaynak değeri '10' (belirsiz/sentinel); Koordinat güvenilir açık kaynaktan doğrulanamadı; Ünite debisi doğrulanamadı; Maksimum/minimum hacim doğrulanamadı","coordinateStatus":"Koordinat eksik","coordinateType":"—","coordinateSource":null,"coordinateKind":"unresolved","transformerId":null,"transformerName":null,"riverNameSource":"Koordinat yok; spatial eşleme yapılamadı","riverCode":"TR21NH692532","riverQueryUrl":null,"catchmentUrl":null,"catchmentLabel":"Santral popup: Su alanını göster","gisConfidence":"Yok","gisNote":"TATUS baraj point doğrudan eşleşmesi bu çalışma kitabında çözülmedi; sorgu URL'si eklendi; Fırat-Dicle havzasında nehir adı havzadan türetilmedi; yanlış Fırat/Dicle eşleşmesini önlemek için spatial doğrulama gerekli; Koordinat eksik olduğu için akarsu ve su toplama alanı spatial sorgusu üretilemedi","hasDamMatch":false,"riverName":"Şahnahan","riverMatchMethod":"tatus-spatial+name","riverConfidence":"high","riverIds":["river177-0447","river177-0448","river177-0455","river177-0456","river177-0463","river177-0465","river177-0466","river177-0467","river177-0468","river177-0469","river177-0470","river177-0471","river177-0472","river177-0473","river177-0475","river177-0476","river177-0477","river177-0479","river177-0480","river177-0481","river177-0483","river177-0486"],"damIds":[],"stationIds":[],"cascadeToId":null,"cascadeFromIds":[],"isProducer":false}},{"type":"Feature","id":"hes177-065","geometry":{"type":"Point","coordinates":[38.916,40.804]},"properties":{"id":"hes177-065","entityId":"hes177-065","entityType":"hes177","name":"DOĞANKENT HES","inventoryOrder":65,"basinId":"22","basinName":"Doğu Karadeniz","province":"GİRESUN","damName":"DOĞANKENT","installedPowerMw":74.0,"unitFlowM3s":null,"maxWaterLevelM":380.0,"minWaterLevelM":375.0,"maxVolumeHm3":null,"minVolumeHm3":null,"activeVolumeHm3":null,"waterEnergyMwh":null,"epiasDate":null,"dataQuality":"C","sourceMatchMethod":"eşleşme yok","cascadeName":null,"cascadeSourceValue":"10","notes":"EPİAŞ su göstergesi eşleşmesi bulunamadı; Kaskat alanında kaynak değeri '10' (belirsiz/sentinel); Koordinat güvenilir açık kaynaktan doğrulanamadı; Ünite debisi doğrulanamadı; Maksimum/minimum hacim doğrulanamadı; Santral/baraj kesin koordinatı doğrulanamadığı için eşleşen trafo merkezi koordinatı harita referansı olarak kullanıldı; kesin HES konumu değildir.","coordinateStatus":"Trafo merkezi koordinatı ile tamamlandı","coordinateType":"Trafo merkezi / elektrik bağlantı noktası (yaklaşık)","coordinateSource":"transformer","coordinateKind":"transformer","transformerId":"788","transformerName":"DOĞANKENT HES","riverNameSource":"TATUS spatial query hazır; en yakın/uygun LineString seçilmeli","riverCode":"TR22NH055229","riverQueryUrl":"https://cbs1.tarimorman.gov.tr/server/rest/services/TATUS/FeatureServer/8/query?where=HAVZA_ID%3D22&geometry=38.916000%2C40.804000&geometryType=esriGeometryPoint&inSR=4326&spatialRel=esriSpatialRelIntersects&distance=5&units=esriSRUnit_Kilometer&outFields=OBJECTID%2Cadi%2Cnehir_kod%2Cstrahler%2Cuzunluk%2CHAVZA_ID&returnGeometry=true&outSR=4326&orderByFields=strahler+DESC&resultRecordCount=20&f=geojson","catchmentUrl":"https://cbs1.tarimorman.gov.tr/server/rest/services/TATUS/FeatureServer/9/query?where=1%3D1&geometry=38.916000%2C40.804000&geometryType=esriGeometryPoint&inSR=4326&spatialRel=esriSpatialRelIntersects&outFields=%2A&returnGeometry=true&outSR=4326&resultRecordCount=5&f=geojson","catchmentLabel":"Santral popup: Su alanını göster","gisConfidence":"Orta-Düşük","gisNote":"TATUS baraj point doğrudan eşleşmesi bu çalışma kitabında çözülmedi; sorgu URL'si eklendi; Akarsu/catchment sorgusu yaklaşık trafo noktasına dayanır; santral/baraj noktası ile doğrulanmalı","hasDamMatch":false,"riverIds":["river177-0990","river177-0991","river177-0992","river177-0993","river177-0994","river177-0995","river177-0996","river177-0997","river177-0998","river177-0999","river177-1000","river177-1001","river177-1002","river177-1003","river177-1004","river177-1005","river177-1006","river177-1007"],"damIds":[],"stationIds":["station177-654"],"cascadeToId":null,"cascadeFromIds":[],"isProducer":false}},{"type":"Feature","id":"hes177-066","geometry":{"type":"Point","coordinates":[32.907,41.147]},"properties":{"id":"hes177-066","entityId":"hes177-066","entityType":"hes177","name":"EREN HES","inventoryOrder":66,"basinId":"13","basinName":"Batı Karadeniz","province":"KARABÜK","damName":"EREN","installedPowerMw":37.0,"unitFlowM3s":null,"maxWaterLevelM":530.28,"minWaterLevelM":529.5,"maxVolumeHm3":null,"minVolumeHm3":null,"activeVolumeHm3":null,"waterEnergyMwh":null,"epiasDate":null,"dataQuality":"C","sourceMatchMethod":"eşleşme yok","cascadeName":null,"cascadeSourceValue":"10","notes":"EPİAŞ su göstergesi eşleşmesi bulunamadı; Kaskat alanında kaynak değeri '10' (belirsiz/sentinel); Koordinat güvenilir açık kaynaktan doğrulanamadı; Kurulu güç bulunamadı; Eksik kurulu güç/il bilgisi kamuya açık web kaynağıyla tamamlandı; Ünite debisi doğrulanamadı; Maksimum/minimum hacim doğrulanamadı; Santral/baraj kesin koordinatı doğrulanamadığı için eşleşen trafo merkezi koordinatı harita referansı olarak kullanıldı; kesin HES konumu değildir.","coordinateStatus":"Trafo merkezi koordinatı ile tamamlandı","coordinateType":"Trafo merkezi / elektrik bağlantı noktası (yaklaşık)","coordinateSource":"transformer","coordinateKind":"transformer","transformerId":"1228","transformerName":"EREN HES","riverNameSource":"TATUS spatial query hazır; en yakın/uygun LineString seçilmeli","riverCode":"TR13NH058135","riverQueryUrl":"https://cbs1.tarimorman.gov.tr/server/rest/services/TATUS/FeatureServer/8/query?where=HAVZA_ID%3D13&geometry=32.907000%2C41.147000&geometryType=esriGeometryPoint&inSR=4326&spatialRel=esriSpatialRelIntersects&distance=5&units=esriSRUnit_Kilometer&outFields=OBJECTID%2Cadi%2Cnehir_kod%2Cstrahler%2Cuzunluk%2CHAVZA_ID&returnGeometry=true&outSR=4326&orderByFields=strahler+DESC&resultRecordCount=20&f=geojson","catchmentUrl":"https://cbs1.tarimorman.gov.tr/server/rest/services/TATUS/FeatureServer/9/query?where=1%3D1&geometry=32.907000%2C41.147000&geometryType=esriGeometryPoint&inSR=4326&spatialRel=esriSpatialRelIntersects&outFields=%2A&returnGeometry=true&outSR=4326&resultRecordCount=5&f=geojson","catchmentLabel":"Santral popup: Su alanını göster","gisConfidence":"Orta-Düşük","gisNote":"TATUS baraj point doğrudan eşleşmesi bu çalışma kitabında çözülmedi; sorgu URL'si eklendi; Akarsu/catchment sorgusu yaklaşık trafo noktasına dayanır; santral/baraj noktası ile doğrulanmalı","hasDamMatch":false,"riverIds":["river177-1008","river177-1009","river177-1010","river177-1011","river177-1012","river177-1013","river177-1014","river177-1015","river177-1016","river177-1017","river177-1018","river177-1019","river177-1020","river177-1021","river177-1022","river177-1023","river177-1024","river177-1025","river177-1026","river177-1027"],"damIds":[],"stationIds":["station177-291","station177-303","station177-304","station177-1079","station177-1090"],"cascadeToId":null,"cascadeFromIds":[],"isProducer":false}},{"type":"Feature","id":"hes177-067","geometry":null,"properties":{"id":"hes177-067","entityId":"hes177-067","entityType":"hes177","name":"ERKENEK (TEKTUĞ) HES","inventoryOrder":67,"basinId":"21","basinName":"Fırat-Dicle","province":"MALATYA","damName":"ERKENEK (TEKTUĞ)","installedPowerMw":0.32,"unitFlowM3s":null,"maxWaterLevelM":932.45,"minWaterLevelM":929.0,"maxVolumeHm3":null,"minVolumeHm3":null,"activeVolumeHm3":null,"waterEnergyMwh":null,"epiasDate":null,"dataQuality":"C","sourceMatchMethod":"eşleşme yok","cascadeName":"BİRECİK-NİZİP HES","cascadeSourceValue":"BİRECİK-NİZİP HES","notes":"EPİAŞ su göstergesi eşleşmesi bulunamadı; Koordinat güvenilir açık kaynaktan doğrulanamadı; Ünite debisi doğrulanamadı; Maksimum/minimum hacim doğrulanamadı","coordinateStatus":"Koordinat eksik","coordinateType":"—","coordinateSource":null,"coordinateKind":"unresolved","transformerId":null,"transformerName":null,"riverNameSource":"Koordinat yok; spatial eşleme yapılamadı","riverCode":"TR21NH692532","riverQueryUrl":null,"catchmentUrl":null,"catchmentLabel":"Santral popup: Su alanını göster","gisConfidence":"Yok","gisNote":"TATUS baraj point doğrudan eşleşmesi bu çalışma kitabında çözülmedi; sorgu URL'si eklendi; Fırat-Dicle havzasında nehir adı havzadan türetilmedi; yanlış Fırat/Dicle eşleşmesini önlemek için spatial doğrulama gerekli; Koordinat eksik olduğu için akarsu ve su toplama alanı spatial sorgusu üretilemedi","hasDamMatch":false,"riverName":"Şahnahan","riverMatchMethod":"tatus-spatial+name","riverConfidence":"high","riverIds":["river177-0447","river177-0448","river177-0455","river177-0456","river177-0463","river177-0465","river177-0466","river177-0467","river177-0468","river177-0469","river177-0470","river177-0471","river177-0472","river177-0473","river177-0475","river177-0476","river177-0477","river177-0479","river177-0480","river177-0481","river177-0483","river177-0486"],"damIds":[],"stationIds":[],"cascadeToId":"hes177-037","cascadeFromIds":[],"isProducer":false}},{"type":"Feature","id":"hes177-068","geometry":{"type":"Point","coordinates":[32.967778,36.568056]},"properties":{"id":"hes177-068","entityId":"hes177-068","entityType":"hes177","name":"ERMENEK HES EÜAŞ","inventoryOrder":68,"basinId":"17","basinName":"Doğu Akdeniz","province":"KARAMAN","damName":"ERMENEK","installedPowerMw":302.4,"unitFlowM3s":106.2,"maxWaterLevelM":694.0,"minWaterLevelM":660.0,"maxVolumeHm3":4582.6,"minVolumeHm3":2835.2,"activeVolumeHm3":1317.12,"waterEnergyMwh":1038.74,"epiasDate":"46278.81434027778","dataQuality":"A","sourceMatchMethod":"exact","cascadeName":null,"cascadeSourceValue":"10","notes":"Kaskat alanında kaynak değeri '10' (belirsiz/sentinel)","coordinateStatus":"Doğrulanmış koordinat mevcut","coordinateType":"HES / baraj noktası","coordinateSource":"workbook-verified","coordinateKind":"verified","transformerId":null,"transformerName":null,"riverNameSource":"TATUS spatial query hazır; en yakın/uygun LineString seçilmeli","riverCode":"TR17NH086054","riverQueryUrl":"https://cbs1.tarimorman.gov.tr/server/rest/services/TATUS/FeatureServer/8/query?where=HAVZA_ID%3D17&geometry=32.967778%2C36.568056&geometryType=esriGeometryPoint&inSR=4326&spatialRel=esriSpatialRelIntersects&distance=5&units=esriSRUnit_Kilometer&outFields=OBJECTID%2Cadi%2Cnehir_kod%2Cstrahler%2Cuzunluk%2CHAVZA_ID&returnGeometry=true&outSR=4326&orderByFields=strahler+DESC&resultRecordCount=20&f=geojson","catchmentUrl":"https://cbs1.tarimorman.gov.tr/server/rest/services/TATUS/FeatureServer/9/query?where=1%3D1&geometry=32.967778%2C36.568056&geometryType=esriGeometryPoint&inSR=4326&spatialRel=esriSpatialRelIntersects&outFields=%2A&returnGeometry=true&outSR=4326&resultRecordCount=5&f=geojson","catchmentLabel":"Santral popup: Su alanını göster","gisConfidence":"Yüksek","gisNote":"TATUS baraj point doğrudan eşleşmesi bu çalışma kitabında çözülmedi; sorgu URL'si eklendi","hasDamMatch":false,"riverName":"Ermenek","riverMatchMethod":"tatus-spatial","riverConfidence":"medium","riverIds":["river177-1028","river177-1029","river177-1030","river177-1031","river177-1032","river177-1033","river177-1034","river177-1035","river177-1036","river177-1037","river177-1038","river177-1039","river177-1040","river177-1041","river177-1042","river177-1043","river177-1044","river177-1045","river177-1046","river177-1047"],"damIds":[],"stationIds":[],"cascadeToId":null,"cascadeFromIds":[],"isProducer":false}},{"type":"Feature","id":"hes177-069","geometry":{"type":"Point","coordinates":[29.50089,36.83455]},"properties":{"id":"hes177-069","entityId":"hes177-069","entityType":"hes177","name":"EŞEN1 HES","inventoryOrder":69,"basinId":"7","basinName":"Büyük Menderes","province":"MUĞLA","damName":"EŞEN 1","installedPowerMw":60.0,"unitFlowM3s":10.0,"maxWaterLevelM":1115.0,"minWaterLevelM":1107.5,"maxVolumeHm3":22.92,"minVolumeHm3":2.62,"activeVolumeHm3":4.64,"waterEnergyMwh":7.84,"epiasDate":"46278.81434027778","dataQuality":"A","sourceMatchMethod":"exact","cascadeName":null,"cascadeSourceValue":"10","notes":"Kaskat alanında kaynak değeri '10' (belirsiz/sentinel)","coordinateStatus":"Doğrulanmış koordinat mevcut","coordinateType":"HES / baraj noktası","coordinateSource":"workbook-verified","coordinateKind":"verified","transformerId":null,"transformerName":null,"riverNameSource":"Havza ana akarsuyu ön-eşleme; TATUS spatial query ile doğrulanmalı","riverCode":"TR07NH146511","riverQueryUrl":"https://cbs1.tarimorman.gov.tr/server/rest/services/TATUS/FeatureServer/8/query?where=HAVZA_ID%3D7&geometry=29.500890%2C36.834550&geometryType=esriGeometryPoint&inSR=4326&spatialRel=esriSpatialRelIntersects&distance=5&units=esriSRUnit_Kilometer&outFields=OBJECTID%2Cadi%2Cnehir_kod%2Cstrahler%2Cuzunluk%2CHAVZA_ID&returnGeometry=true&outSR=4326&orderByFields=strahler+DESC&resultRecordCount=20&f=geojson","catchmentUrl":"https://cbs1.tarimorman.gov.tr/server/rest/services/TATUS/FeatureServer/9/query?where=1%3D1&geometry=29.500890%2C36.834550&geometryType=esriGeometryPoint&inSR=4326&spatialRel=esriSpatialRelIntersects&outFields=%2A&returnGeometry=true&outSR=4326&resultRecordCount=5&f=geojson","catchmentLabel":"Santral popup: Su alanını göster","gisConfidence":"Yüksek","gisNote":null,"hasDamMatch":false,"riverName":"Kızıl","riverMatchMethod":"tatus-spatial","riverConfidence":"medium","riverIds":["river177-0983","river177-0984","river177-0985","river177-0986","river177-0987","river177-0988","river177-0989"],"damIds":[],"stationIds":[],"cascadeToId":null,"cascadeFromIds":[],"isProducer":false}},{"type":"Feature","id":"hes177-070","geometry":{"type":"Point","coordinates":[35.8652,37.7449]},"properties":{"id":"hes177-070","entityId":"hes177-070","entityType":"hes177","name":"FEKE2 HES","inventoryOrder":70,"basinId":"18","basinName":"Seyhan","province":"ADANA","damName":"FEKE-2","installedPowerMw":69.3,"unitFlowM3s":127.5,"maxWaterLevelM":543.0,"minWaterLevelM":529.5,"maxVolumeHm3":63.07,"minVolumeHm3":34.74,"activeVolumeHm3":23.69,"waterEnergyMwh":3.66,"epiasDate":"46278.81434027778","dataQuality":"A","sourceMatchMethod":"alias","cascadeName":"MENGE HES","cascadeSourceValue":"MENGE HES","notes":"Baraj adı eşleşmesi: FEKE-2","coordinateStatus":"Doğrulanmış koordinat mevcut","coordinateType":"HES / baraj noktası","coordinateSource":"workbook-verified","coordinateKind":"verified","transformerId":"477","transformerName":"FEKE2 HES","riverNameSource":"Havza ana akarsuyu ön-eşleme; TATUS spatial query ile doğrulanmalı","riverCode":"TR18NH108286","riverQueryUrl":"https://cbs1.tarimorman.gov.tr/server/rest/services/TATUS/FeatureServer/8/query?where=HAVZA_ID%3D18&geometry=35.865200%2C37.744900&geometryType=esriGeometryPoint&inSR=4326&spatialRel=esriSpatialRelIntersects&distance=5&units=esriSRUnit_Kilometer&outFields=OBJECTID%2Cadi%2Cnehir_kod%2Cstrahler%2Cuzunluk%2CHAVZA_ID&returnGeometry=true&outSR=4326&orderByFields=strahler+DESC&resultRecordCount=20&f=geojson","catchmentUrl":"https://cbs1.tarimorman.gov.tr/server/rest/services/TATUS/FeatureServer/9/query?where=1%3D1&geometry=35.865200%2C37.744900&geometryType=esriGeometryPoint&inSR=4326&spatialRel=esriSpatialRelIntersects&outFields=%2A&returnGeometry=true&outSR=4326&resultRecordCount=5&f=geojson","catchmentLabel":"Santral popup: Su alanını göster","gisConfidence":"Yüksek","gisNote":null,"hasDamMatch":true,"damMatchMethod":"name+basin+near-coordinate","riverIds":["river177-1048","river177-1049","river177-1050","river177-1051","river177-1052","river177-1053","river177-1054","river177-1055","river177-1056","river177-1057","river177-1058","river177-1059","river177-1060","river177-1061","river177-1062","river177-1063","river177-1064","river177-1065"],"damIds":["dam177-031"],"stationIds":["station177-513","station177-1230","station177-1231","station177-1233","station177-1234"],"cascadeToId":"hes177-126","cascadeFromIds":[],"isProducer":true}},{"type":"Feature","id":"hes177-071","geometry":{"type":"Point","coordinates":[41.552,38.25]},"properties":{"id":"hes177-071","entityId":"hes177-071","entityType":"hes177","name":"GARZAN HES","inventoryOrder":71,"basinId":"21","basinName":"Fırat-Dicle","province":"BATMAN","damName":"GARZAN","installedPowerMw":52.0,"unitFlowM3s":null,"maxWaterLevelM":788.3,"minWaterLevelM":755.0,"maxVolumeHm3":null,"minVolumeHm3":null,"activeVolumeHm3":null,"waterEnergyMwh":null,"epiasDate":null,"dataQuality":"C","sourceMatchMethod":"eşleşme yok","cascadeName":"ILISU HES","cascadeSourceValue":"ILISU HES","notes":"EPİAŞ su göstergesi eşleşmesi bulunamadı; Koordinat güvenilir açık kaynaktan doğrulanamadı; Ünite debisi doğrulanamadı; Maksimum/minimum hacim doğrulanamadı; Santral/baraj kesin koordinatı doğrulanamadığı için eşleşen trafo merkezi koordinatı harita referansı olarak kullanıldı; kesin HES konumu değildir.","coordinateStatus":"Trafo merkezi koordinatı ile tamamlandı","coordinateType":"Trafo merkezi / elektrik bağlantı noktası (yaklaşık)","coordinateSource":"transformer","coordinateKind":"transformer","transformerId":"740","transformerName":"GARZAN HES","riverNameSource":"TATUS spatial query hazır; en yakın/uygun LineString seçilmeli","riverCode":"TR21NH305690","riverQueryUrl":"https://cbs1.tarimorman.gov.tr/server/rest/services/TATUS/FeatureServer/8/query?where=HAVZA_ID%3D21&geometry=41.552000%2C38.250000&geometryType=esriGeometryPoint&inSR=4326&spatialRel=esriSpatialRelIntersects&distance=5&units=esriSRUnit_Kilometer&outFields=OBJECTID%2Cadi%2Cnehir_kod%2Cstrahler%2Cuzunluk%2CHAVZA_ID&returnGeometry=true&outSR=4326&orderByFields=strahler+DESC&resultRecordCount=20&f=geojson","catchmentUrl":"https://cbs1.tarimorman.gov.tr/server/rest/services/TATUS/FeatureServer/9/query?where=1%3D1&geometry=41.552000%2C38.250000&geometryType=esriGeometryPoint&inSR=4326&spatialRel=esriSpatialRelIntersects&outFields=%2A&returnGeometry=true&outSR=4326&resultRecordCount=5&f=geojson","catchmentLabel":"Santral popup: Su alanını göster","gisConfidence":"Orta-Düşük","gisNote":"TATUS baraj point doğrudan eşleşmesi bu çalışma kitabında çözülmedi; sorgu URL'si eklendi; Akarsu/catchment sorgusu yaklaşık trafo noktasına dayanır; santral/baraj noktası ile doğrulanmalı; Fırat-Dicle havzasında nehir adı havzadan türetilmedi; yanlış Fırat/Dicle eşleşmesini önlemek için spatial doğrulama gerekli","hasDamMatch":false,"riverName":"Dicle","riverMatchMethod":"tatus-spatial+name","riverConfidence":"high","riverIds":["river177-1066","river177-1067","river177-1068","river177-1069","river177-1070","river177-1071","river177-1072","river177-1073","river177-1074","river177-1075","river177-1076","river177-1077","river177-1078","river177-1079","river177-1080","river177-1081","river177-1082","river177-1083","river177-1084"],"damIds":[],"stationIds":["station177-977","station177-1623"],"cascadeToId":"hes177-086","cascadeFromIds":[],"isProducer":false}},{"type":"Feature","id":"hes177-072","geometry":{"type":"Point","coordinates":[33.194444,36.528611]},"properties":{"id":"hes177-072","entityId":"hes177-072","entityType":"hes177","name":"GEZENDE HES","inventoryOrder":72,"basinId":"17","basinName":"Doğu Akdeniz","province":"İÇEL","damName":"GEZENDE","installedPowerMw":159.4,"unitFlowM3s":105.0,"maxWaterLevelM":333.0,"minWaterLevelM":310.0,"maxVolumeHm3":91.9,"minVolumeHm3":26.43,"activeVolumeHm3":34.94,"waterEnergyMwh":15.86,"epiasDate":"46278.81434027778","dataQuality":"A","sourceMatchMethod":"exact","cascadeName":null,"cascadeSourceValue":"10","notes":"Kaskat alanında kaynak değeri '10' (belirsiz/sentinel)","coordinateStatus":"Doğrulanmış koordinat mevcut","coordinateType":"HES / baraj noktası","coordinateSource":"workbook-verified","coordinateKind":"verified","transformerId":"633","transformerName":"GEZENDE HES","riverNameSource":"TATUS spatial query hazır; en yakın/uygun LineString seçilmeli","riverCode":"TR17NH027411","riverQueryUrl":"https://cbs1.tarimorman.gov.tr/server/rest/services/TATUS/FeatureServer/8/query?where=HAVZA_ID%3D17&geometry=33.194444%2C36.528611&geometryType=esriGeometryPoint&inSR=4326&spatialRel=esriSpatialRelIntersects&distance=5&units=esriSRUnit_Kilometer&outFields=OBJECTID%2Cadi%2Cnehir_kod%2Cstrahler%2Cuzunluk%2CHAVZA_ID&returnGeometry=true&outSR=4326&orderByFields=strahler+DESC&resultRecordCount=20&f=geojson","catchmentUrl":"https://cbs1.tarimorman.gov.tr/server/rest/services/TATUS/FeatureServer/9/query?where=1%3D1&geometry=33.194444%2C36.528611&geometryType=esriGeometryPoint&inSR=4326&spatialRel=esriSpatialRelIntersects&outFields=%2A&returnGeometry=true&outSR=4326&resultRecordCount=5&f=geojson","catchmentLabel":"Santral popup: Su alanını göster","gisConfidence":"Yüksek","gisNote":"TATUS baraj point doğrudan eşleşmesi bu çalışma kitabında çözülmedi; sorgu URL'si eklendi","hasDamMatch":true,"damMatchMethod":"name+basin+near-coordinate","riverIds":["river177-1085","river177-1086","river177-1087","river177-1088","river177-1089","river177-1090","river177-1091","river177-1092","river177-1093","river177-1094","river177-1095","river177-1096","river177-1097","river177-1098","river177-1099","river177-1100","river177-1101","river177-1102","river177-1103"],"damIds":["dam177-028"],"stationIds":["station177-914"],"cascadeToId":null,"cascadeFromIds":[],"isProducer":true}},{"type":"Feature","id":"hes177-073","geometry":{"type":"Point","coordinates":[31.016111,40.033056]},"properties":{"id":"hes177-073","entityId":"hes177-073","entityType":"hes177","name":"GÖKÇEKAYA HES","inventoryOrder":73,"basinId":"12","basinName":"Sakarya","province":"ESKİŞEHİR","damName":"GÖKÇEKAYA","installedPowerMw":278.4,"unitFlowM3s":297.8,"maxWaterLevelM":389.0,"minWaterLevelM":377.5,"maxVolumeHm3":953.1,"minVolumeHm3":731.71,"activeVolumeHm3":122.16,"waterEnergyMwh":33.57,"epiasDate":"46278.81434027778","dataQuality":"A","sourceMatchMethod":"exact","cascadeName":"YENİCE HES","cascadeSourceValue":"YENİCE HES","notes":null,"coordinateStatus":"Doğrulanmış koordinat mevcut","coordinateType":"HES / baraj noktası","coordinateSource":"workbook-verified","coordinateKind":"verified","transformerId":"887","transformerName":"GÖKÇEKAYA HES","riverNameSource":"Havza ana akarsuyu ön-eşleme; TATUS spatial query ile doğrulanmalı","riverCode":"TR12NH252473","riverQueryUrl":"https://cbs1.tarimorman.gov.tr/server/rest/services/TATUS/FeatureServer/8/query?where=HAVZA_ID%3D12&geometry=31.016111%2C40.033056&geometryType=esriGeometryPoint&inSR=4326&spatialRel=esriSpatialRelIntersects&distance=5&units=esriSRUnit_Kilometer&outFields=OBJECTID%2Cadi%2Cnehir_kod%2Cstrahler%2Cuzunluk%2CHAVZA_ID&returnGeometry=true&outSR=4326&orderByFields=strahler+DESC&resultRecordCount=20&f=geojson","catchmentUrl":"https://cbs1.tarimorman.gov.tr/server/rest/services/TATUS/FeatureServer/9/query?where=1%3D1&geometry=31.016111%2C40.033056&geometryType=esriGeometryPoint&inSR=4326&spatialRel=esriSpatialRelIntersects&outFields=%2A&returnGeometry=true&outSR=4326&resultRecordCount=5&f=geojson","catchmentLabel":"Santral popup: Su alanını göster","gisConfidence":"Yüksek","gisNote":"TATUS baraj point doğrudan eşleşmesi bu çalışma kitabında çözülmedi; sorgu URL'si eklendi","hasDamMatch":true,"damMatchMethod":"name+basin+near-coordinate","riverName":"Sakarya","riverMatchMethod":"tatus-spatial+name","riverConfidence":"high","riverIds":["river177-1104","river177-1105","river177-1106","river177-1107","river177-1108","river177-1109","river177-1110","river177-1111","river177-1112","river177-1113","river177-1114","river177-1115","river177-1116","river177-1117","river177-1118","river177-1119","river177-1120","river177-1121","river177-1122","river177-1123"],"damIds":["dam177-001"],"stationIds":["station177-874"],"cascadeToId":"hes177-174","cascadeFromIds":["hes177-140"],"isProducer":true}},{"type":"Feature","id":"hes177-074","geometry":null,"properties":{"id":"hes177-074","entityId":"hes177-074","entityType":"hes177","name":"GÖKÇELER HES","inventoryOrder":74,"basinId":"8","basinName":"Batı Akdeniz","province":"ANTALYA","damName":"GÖKÇELER","installedPowerMw":2.5,"unitFlowM3s":3.3,"maxWaterLevelM":0.0,"minWaterLevelM":0.0,"maxVolumeHm3":64.15,"minVolumeHm3":6.54,"activeVolumeHm3":22.94,"waterEnergyMwh":4.63,"epiasDate":"46278.81434027778","dataQuality":"B","sourceMatchMethod":"exact","cascadeName":null,"cascadeSourceValue":"10","notes":"Kaskat alanında kaynak değeri '10' (belirsiz/sentinel); Koordinat güvenilir açık kaynaktan doğrulanamadı","coordinateStatus":"Koordinat eksik","coordinateType":"—","coordinateSource":null,"coordinateKind":"unresolved","transformerId":null,"transformerName":null,"riverNameSource":"Koordinat yok; spatial eşleme yapılamadı","riverCode":"TR08NH071335","riverQueryUrl":null,"catchmentUrl":null,"catchmentLabel":"Santral popup: Su alanını göster","gisConfidence":"Yok","gisNote":"TATUS baraj point doğrudan eşleşmesi bu çalışma kitabında çözülmedi; sorgu URL'si eklendi; Koordinat eksik olduğu için akarsu ve su toplama alanı spatial sorgusu üretilemedi","hasDamMatch":false,"riverName":"Akçay","riverMatchMethod":"tatus-spatial","riverConfidence":"medium","riverIds":["river177-1124","river177-1125","river177-1126"],"damIds":[],"stationIds":[],"cascadeToId":null,"cascadeFromIds":[],"isProducer":false}},{"type":"Feature","id":"hes177-075","geometry":null,"properties":{"id":"hes177-075","entityId":"hes177-075","entityType":"hes177","name":"GÖKKAYA HES","inventoryOrder":75,"basinId":"18","basinName":"Seyhan","province":"ADANA","damName":"GÖKKAYA","installedPowerMw":28.54,"unitFlowM3s":null,"maxWaterLevelM":760.0,"minWaterLevelM":755.0,"maxVolumeHm3":null,"minVolumeHm3":null,"activeVolumeHm3":null,"waterEnergyMwh":null,"epiasDate":null,"dataQuality":"C","sourceMatchMethod":"eşleşme yok","cascadeName":null,"cascadeSourceValue":"10","notes":"EPİAŞ su göstergesi eşleşmesi bulunamadı; Kaskat alanında kaynak değeri '10' (belirsiz/sentinel); Koordinat güvenilir açık kaynaktan doğrulanamadı; Kurulu güç bulunamadı; Eksik kurulu güç/il bilgisi kamuya açık web kaynağıyla tamamlandı; Ünite debisi doğrulanamadı; Maksimum/minimum hacim doğrulanamadı","coordinateStatus":"Koordinat eksik","coordinateType":"—","coordinateSource":null,"coordinateKind":"unresolved","transformerId":null,"transformerName":null,"riverNameSource":"Havza ana akarsuyu ön-eşleme; TATUS spatial query ile doğrulanmalı","riverCode":"TR20NH002346","riverQueryUrl":null,"catchmentUrl":null,"catchmentLabel":"Santral popup: Su alanını göster","gisConfidence":"Yok","gisNote":"TATUS baraj point doğrudan eşleşmesi bu çalışma kitabında çözülmedi; sorgu URL'si eklendi; Koordinat eksik olduğu için akarsu ve su toplama alanı spatial sorgusu üretilemedi","hasDamMatch":false,"riverIds":["river177-0420","river177-0421","river177-0422","river177-0423","river177-0424","river177-0425","river177-0426","river177-0427","river177-0428","river177-0429"],"damIds":[],"stationIds":[],"cascadeToId":null,"cascadeFromIds":[],"isProducer":false}},{"type":"Feature","id":"hes177-076","geometry":{"type":"Point","coordinates":[35.48,37.71028]},"properties":{"id":"hes177-076","entityId":"hes177-076","entityType":"hes177","name":"GÖKTAŞ1 HES","inventoryOrder":76,"basinId":"18","basinName":"Seyhan","province":"ADANA","damName":"GÖKTAŞ-1","installedPowerMw":122.2,"unitFlowM3s":108.0,"maxWaterLevelM":630.0,"minWaterLevelM":620.0,"maxVolumeHm3":109.33,"minVolumeHm3":84.63,"activeVolumeHm3":7.39,"waterEnergyMwh":2.35,"epiasDate":"46278.81434027778","dataQuality":"A","sourceMatchMethod":"alias","cascadeName":null,"cascadeSourceValue":"10","notes":"Baraj adı eşleşmesi: GÖKTAŞ-1; Kaskat alanında kaynak değeri '10' (belirsiz/sentinel)","coordinateStatus":"Doğrulanmış koordinat mevcut","coordinateType":"HES / baraj noktası","coordinateSource":"workbook-verified","coordinateKind":"verified","transformerId":"1395","transformerName":"GÖKTAŞ1 HES","riverNameSource":"Havza ana akarsuyu ön-eşleme; TATUS spatial query ile doğrulanmalı","riverCode":"TR18NH107215","riverQueryUrl":"https://cbs1.tarimorman.gov.tr/server/rest/services/TATUS/FeatureServer/8/query?where=HAVZA_ID%3D18&geometry=35.480000%2C37.710280&geometryType=esriGeometryPoint&inSR=4326&spatialRel=esriSpatialRelIntersects&distance=5&units=esriSRUnit_Kilometer&outFields=OBJECTID%2Cadi%2Cnehir_kod%2Cstrahler%2Cuzunluk%2CHAVZA_ID&returnGeometry=true&outSR=4326&orderByFields=strahler+DESC&resultRecordCount=20&f=geojson","catchmentUrl":"https://cbs1.tarimorman.gov.tr/server/rest/services/TATUS/FeatureServer/9/query?where=1%3D1&geometry=35.480000%2C37.710280&geometryType=esriGeometryPoint&inSR=4326&spatialRel=esriSpatialRelIntersects&outFields=%2A&returnGeometry=true&outSR=4326&resultRecordCount=5&f=geojson","catchmentLabel":"Santral popup: Su alanını göster","gisConfidence":"Yüksek","gisNote":null,"hasDamMatch":true,"damMatchMethod":"name+basin+near-coordinate","riverIds":["river177-1127","river177-1128","river177-1129","river177-1130","river177-1131","river177-1132","river177-1133","river177-1134","river177-1135","river177-1136","river177-1137","river177-1138","river177-1139","river177-1140","river177-1141","river177-1142","river177-1143","river177-1144"],"damIds":["dam177-032"],"stationIds":["station177-512","station177-514","station177-924","station177-1244","station177-1247"],"cascadeToId":null,"cascadeFromIds":[],"isProducer":true}},{"type":"Feature","id":"hes177-077","geometry":{"type":"Point","coordinates":[41.047,40.544]},"properties":{"id":"hes177-077","entityId":"hes177-077","entityType":"hes177","name":"GÜLLÜBAĞ HES","inventoryOrder":77,"basinId":"23","basinName":"Çoruh","province":"ERZURUM","damName":"GÜLLÜBAĞ","installedPowerMw":96.0,"unitFlowM3s":null,"maxWaterLevelM":1147.0,"minWaterLevelM":1133.0,"maxVolumeHm3":null,"minVolumeHm3":null,"activeVolumeHm3":null,"waterEnergyMwh":null,"epiasDate":null,"dataQuality":"C","sourceMatchMethod":"eşleşme yok","cascadeName":"ARKUN HES","cascadeSourceValue":"ARKUN HES","notes":"EPİAŞ su göstergesi eşleşmesi bulunamadı; Koordinat güvenilir açık kaynaktan doğrulanamadı; Ünite debisi doğrulanamadı; Maksimum/minimum hacim doğrulanamadı; Santral/baraj kesin koordinatı doğrulanamadığı için eşleşen trafo merkezi koordinatı harita referansı olarak kullanıldı; kesin HES konumu değildir.","coordinateStatus":"Trafo merkezi koordinatı ile tamamlandı","coordinateType":"Trafo merkezi / elektrik bağlantı noktası (yaklaşık)","coordinateSource":"transformer","coordinateKind":"transformer","transformerId":"309","transformerName":"GÜLLÜBAĞ HES","riverNameSource":"Havza ana akarsuyu ön-eşleme; TATUS spatial query ile doğrulanmalı","riverCode":"TR23NH083645","riverQueryUrl":"https://cbs1.tarimorman.gov.tr/server/rest/services/TATUS/FeatureServer/8/query?where=HAVZA_ID%3D23&geometry=41.047000%2C40.544000&geometryType=esriGeometryPoint&inSR=4326&spatialRel=esriSpatialRelIntersects&distance=5&units=esriSRUnit_Kilometer&outFields=OBJECTID%2Cadi%2Cnehir_kod%2Cstrahler%2Cuzunluk%2CHAVZA_ID&returnGeometry=true&outSR=4326&orderByFields=strahler+DESC&resultRecordCount=20&f=geojson","catchmentUrl":"https://cbs1.tarimorman.gov.tr/server/rest/services/TATUS/FeatureServer/9/query?where=1%3D1&geometry=41.047000%2C40.544000&geometryType=esriGeometryPoint&inSR=4326&spatialRel=esriSpatialRelIntersects&outFields=%2A&returnGeometry=true&outSR=4326&resultRecordCount=5&f=geojson","catchmentLabel":"Santral popup: Su alanını göster","gisConfidence":"Orta-Düşük","gisNote":"TATUS baraj point doğrudan eşleşmesi bu çalışma kitabında çözülmedi; sorgu URL'si eklendi; Akarsu/catchment sorgusu yaklaşık trafo noktasına dayanır; santral/baraj noktası ile doğrulanmalı","hasDamMatch":false,"riverIds":["river177-1145","river177-1146","river177-1147","river177-1148","river177-1149","river177-1150","river177-1151","river177-1152","river177-1153","river177-1154","river177-1155","river177-1156","river177-1157","river177-1158","river177-1159","river177-1160","river177-1161"],"damIds":[],"stationIds":["station177-966","station177-968","station177-1567","station177-1577","station177-1583","station177-1589","station177-1592","station177-1593"],"cascadeToId":"hes177-018","cascadeFromIds":[],"isProducer":false}},{"type":"Feature","id":"hes177-078","geometry":{"type":"Point","coordinates":[35.62442,38.25815]},"properties":{"id":"hes177-078","entityId":"hes177-078","entityType":"hes177","name":"GÜMÜŞÖREN HES","inventoryOrder":78,"basinId":"18","basinName":"Seyhan","province":"KAYSERİ","damName":"GÜMÜŞÖREN","installedPowerMw":5.0,"unitFlowM3s":26.0,"maxWaterLevelM":1297.5,"minWaterLevelM":1285.0,"maxVolumeHm3":186.53,"minVolumeHm3":34.03,"activeVolumeHm3":116.89,"waterEnergyMwh":7.45,"epiasDate":"46278.81434027778","dataQuality":"B","sourceMatchMethod":"exact","cascadeName":null,"cascadeSourceValue":"10","notes":"Kaskat alanında kaynak değeri '10' (belirsiz/sentinel); Koordinat güvenilir açık kaynaktan doğrulanamadı; TATUS baraj noktası fallback: GÜMÜŞÖREN (exact); 1 nokta","coordinateStatus":"TATUS baraj gözlem istasyonu ile tamamlandı","coordinateType":"Baraj gözlem istasyonu (TATUS fallback)","coordinateSource":"workbook","coordinateKind":"verified","transformerId":null,"transformerName":null,"riverNameSource":"Havza ana akarsuyu ön-eşleme; TATUS spatial query ile doğrulanmalı","riverCode":"TR18NH109313","riverQueryUrl":"https://cbs1.tarimorman.gov.tr/server/rest/services/TATUS/FeatureServer/8/query?where=HAVZA_ID%3D18&geometry=35.624420%2C38.258150&geometryType=esriGeometryPoint&inSR=4326&spatialRel=esriSpatialRelIntersects&distance=5&units=esriSRUnit_Kilometer&outFields=OBJECTID%2Cadi%2Cnehir_kod%2Cstrahler%2Cuzunluk%2CHAVZA_ID&returnGeometry=true&outSR=4326&orderByFields=strahler+DESC&resultRecordCount=20&f=geojson","catchmentUrl":"https://cbs1.tarimorman.gov.tr/server/rest/services/TATUS/FeatureServer/9/query?where=1%3D1&geometry=35.624420%2C38.258150&geometryType=esriGeometryPoint&inSR=4326&spatialRel=esriSpatialRelIntersects&outFields=%2A&returnGeometry=true&outSR=4326&resultRecordCount=5&f=geojson","catchmentLabel":"Santral popup: Su alanını göster","gisConfidence":"Yüksek-Orta","gisNote":null,"hasDamMatch":true,"damMatchMethod":"name+basin+near-coordinate","riverIds":["river177-1162","river177-1163","river177-1164","river177-1165","river177-1166","river177-1167","river177-1168","river177-1169","river177-1170","river177-1171","river177-1172","river177-1173","river177-1174","river177-1175","river177-1176","river177-1177","river177-1178","river177-1179"],"damIds":["dam177-033"],"stationIds":["station177-523","station177-524","station177-525","station177-526","station177-922","station177-928","station177-1248"],"cascadeToId":null,"cascadeFromIds":[],"isProducer":true}},{"type":"Feature","id":"hes177-079","geometry":null,"properties":{"id":"hes177-079","entityId":"hes177-079","entityType":"hes177","name":"GÜNDER HES","inventoryOrder":79,"basinId":"9","basinName":"Antalya","province":"KARAMAN","damName":"GÜNDER","installedPowerMw":28.22,"unitFlowM3s":null,"maxWaterLevelM":1038.5,"minWaterLevelM":1036.0,"maxVolumeHm3":null,"minVolumeHm3":null,"activeVolumeHm3":null,"waterEnergyMwh":null,"epiasDate":null,"dataQuality":"C","sourceMatchMethod":"eşleşme yok","cascadeName":null,"cascadeSourceValue":"10","notes":"EPİAŞ su göstergesi eşleşmesi bulunamadı; Kaskat alanında kaynak değeri '10' (belirsiz/sentinel); Koordinat güvenilir açık kaynaktan doğrulanamadı; Ünite debisi doğrulanamadı; Maksimum/minimum hacim doğrulanamadı","coordinateStatus":"Koordinat eksik","coordinateType":"—","coordinateSource":null,"coordinateKind":"unresolved","transformerId":null,"transformerName":null,"riverNameSource":"Koordinat yok; spatial eşleme yapılamadı","riverCode":"TR09NH060792","riverQueryUrl":null,"catchmentUrl":null,"catchmentLabel":"Santral popup: Su alanını göster","gisConfidence":"Yok","gisNote":"TATUS baraj point doğrudan eşleşmesi bu çalışma kitabında çözülmedi; sorgu URL'si eklendi; Koordinat eksik olduğu için akarsu ve su toplama alanı spatial sorgusu üretilemedi","hasDamMatch":false,"riverIds":["river177-0732","river177-0733","river177-0734","river177-0735","river177-0736"],"damIds":[],"stationIds":[],"cascadeToId":null,"cascadeFromIds":[],"isProducer":false}},{"type":"Feature","id":"hes177-080","geometry":{"type":"Point","coordinates":[31.901,39.855]},"properties":{"id":"hes177-080","entityId":"hes177-080","entityType":"hes177","name":"GÜRSÖĞÜT HES","inventoryOrder":80,"basinId":"12","basinName":"Sakarya","province":"ANKARA","damName":"GÜRSÖĞÜT-1 BARAJI","installedPowerMw":39.6,"unitFlowM3s":75.4,"maxWaterLevelM":649.0,"minWaterLevelM":642.0,"maxVolumeHm3":76.86,"minVolumeHm3":48.58,"activeVolumeHm3":16.44,"waterEnergyMwh":2.38,"epiasDate":"46278.81434027778","dataQuality":"B","sourceMatchMethod":"fuzzy","cascadeName":"KARGI HES","cascadeSourceValue":"KARGI HES","notes":"Baraj adı eşleşmesi: GÜRSÖĞÜT-1 BARAJI; Koordinat güvenilir açık kaynaktan doğrulanamadı; Santral/baraj kesin koordinatı doğrulanamadığı için eşleşen trafo merkezi koordinatı harita referansı olarak kullanıldı; kesin HES konumu değildir.","coordinateStatus":"Trafo merkezi koordinatı ile tamamlandı","coordinateType":"Trafo merkezi / elektrik bağlantı noktası (yaklaşık)","coordinateSource":"transformer","coordinateKind":"transformer","transformerId":"1771","transformerName":"GÜRSÖĞÜT HES","riverNameSource":"Havza ana akarsuyu ön-eşleme; TATUS spatial query ile doğrulanmalı","riverCode":"TR12NH252293","riverQueryUrl":"https://cbs1.tarimorman.gov.tr/server/rest/services/TATUS/FeatureServer/8/query?where=HAVZA_ID%3D12&geometry=31.901000%2C39.855000&geometryType=esriGeometryPoint&inSR=4326&spatialRel=esriSpatialRelIntersects&distance=5&units=esriSRUnit_Kilometer&outFields=OBJECTID%2Cadi%2Cnehir_kod%2Cstrahler%2Cuzunluk%2CHAVZA_ID&returnGeometry=true&outSR=4326&orderByFields=strahler+DESC&resultRecordCount=20&f=geojson","catchmentUrl":"https://cbs1.tarimorman.gov.tr/server/rest/services/TATUS/FeatureServer/9/query?where=1%3D1&geometry=31.901000%2C39.855000&geometryType=esriGeometryPoint&inSR=4326&spatialRel=esriSpatialRelIntersects&outFields=%2A&returnGeometry=true&outSR=4326&resultRecordCount=5&f=geojson","catchmentLabel":"Santral popup: Su alanını göster","gisConfidence":"Orta-Düşük","gisNote":"TATUS baraj point doğrudan eşleşmesi bu çalışma kitabında çözülmedi; sorgu URL'si eklendi; Akarsu/catchment sorgusu yaklaşık trafo noktasına dayanır; santral/baraj noktası ile doğrulanmalı","hasDamMatch":true,"damMatchMethod":"name+basin+near-coordinate","riverIds":["river177-1180","river177-1181","river177-1182","river177-1183","river177-1184","river177-1185","river177-1186","river177-1187","river177-1188","river177-1189","river177-1190","river177-1191","river177-1192","river177-1193","river177-1194","river177-1195","river177-1196","river177-1197","river177-1198"],"damIds":["dam177-002"],"stationIds":[],"cascadeToId":"hes177-097","cascadeFromIds":[],"isProducer":true}},{"type":"Feature","id":"hes177-081","geometry":{"type":"Point","coordinates":[36.971,37.829]},"properties":{"id":"hes177-081","entityId":"hes177-081","entityType":"hes177","name":"HACININOĞLU HES","inventoryOrder":81,"basinId":"20","basinName":"Ceyhan","province":"KAHRAMANMARAŞ","damName":"HACININOĞLU","installedPowerMw":142.0,"unitFlowM3s":null,"maxWaterLevelM":748.0,"minWaterLevelM":744.0,"maxVolumeHm3":null,"minVolumeHm3":null,"activeVolumeHm3":null,"waterEnergyMwh":null,"epiasDate":null,"dataQuality":"C","sourceMatchMethod":"eşleşme yok","cascadeName":null,"cascadeSourceValue":"10","notes":"EPİAŞ su göstergesi eşleşmesi bulunamadı; Kaskat alanında kaynak değeri '10' (belirsiz/sentinel); Koordinat güvenilir açık kaynaktan doğrulanamadı; Ünite debisi doğrulanamadı; Maksimum/minimum hacim doğrulanamadı; Santral/baraj kesin koordinatı doğrulanamadığı için eşleşen trafo merkezi koordinatı harita referansı olarak kullanıldı; kesin HES konumu değildir.","coordinateStatus":"Trafo merkezi koordinatı ile tamamlandı","coordinateType":"Trafo merkezi / elektrik bağlantı noktası (yaklaşık)","coordinateSource":"transformer","coordinateKind":"transformer","transformerId":"689","transformerName":"HACININOĞLU HES","riverNameSource":"Havza ana akarsuyu ön-eşleme; TATUS spatial query ile doğrulanmalı","riverCode":"TR20NH071335","riverQueryUrl":"https://cbs1.tarimorman.gov.tr/server/rest/services/TATUS/FeatureServer/8/query?where=HAVZA_ID%3D20&geometry=36.971000%2C37.829000&geometryType=esriGeometryPoint&inSR=4326&spatialRel=esriSpatialRelIntersects&distance=5&units=esriSRUnit_Kilometer&outFields=OBJECTID%2Cadi%2Cnehir_kod%2Cstrahler%2Cuzunluk%2CHAVZA_ID&returnGeometry=true&outSR=4326&orderByFields=strahler+DESC&resultRecordCount=20&f=geojson","catchmentUrl":"https://cbs1.tarimorman.gov.tr/server/rest/services/TATUS/FeatureServer/9/query?where=1%3D1&geometry=36.971000%2C37.829000&geometryType=esriGeometryPoint&inSR=4326&spatialRel=esriSpatialRelIntersects&outFields=%2A&returnGeometry=true&outSR=4326&resultRecordCount=5&f=geojson","catchmentLabel":"Santral popup: Su alanını göster","gisConfidence":"Orta-Düşük","gisNote":"TATUS baraj point doğrudan eşleşmesi bu çalışma kitabında çözülmedi; sorgu URL'si eklendi; Akarsu/catchment sorgusu yaklaşık trafo noktasına dayanır; santral/baraj noktası ile doğrulanmalı","hasDamMatch":false,"riverIds":["river177-1199","river177-1200","river177-1201","river177-1202","river177-1203","river177-1204","river177-1205","river177-1206","river177-1207","river177-1208","river177-1209","river177-1210","river177-1211","river177-1212","river177-1213","river177-1214","river177-1215","river177-1216","river177-1217","river177-1218"],"damIds":[],"stationIds":["station177-550","station177-1265","station177-1284","station177-1285"],"cascadeToId":null,"cascadeFromIds":[],"isProducer":false}},{"type":"Feature","id":"hes177-082","geometry":{"type":"Point","coordinates":[31.27641,40.91051]},"properties":{"id":"hes177-082","entityId":"hes177-082","entityType":"hes177","name":"HASANLAR HES","inventoryOrder":82,"basinId":"13","basinName":"Batı Karadeniz","province":"DÜZCE","damName":"HASANLAR","installedPowerMw":9.4,"unitFlowM3s":22.0,"maxWaterLevelM":255.5,"minWaterLevelM":225.5,"maxVolumeHm3":34.24,"minVolumeHm3":0.0,"activeVolumeHm3":12.64,"waterEnergyMwh":1.33,"epiasDate":"46278.81434027778","dataQuality":"B","sourceMatchMethod":"exact","cascadeName":null,"cascadeSourceValue":"10","notes":"Kaskat alanında kaynak değeri '10' (belirsiz/sentinel); Koordinat güvenilir açık kaynaktan doğrulanamadı; TATUS baraj noktası fallback: HASANLAR (exact); 1 nokta","coordinateStatus":"TATUS baraj gözlem istasyonu ile tamamlandı","coordinateType":"Baraj gözlem istasyonu (TATUS fallback)","coordinateSource":"workbook","coordinateKind":"verified","transformerId":null,"transformerName":null,"riverNameSource":"TATUS spatial query hazır; en yakın/uygun LineString seçilmeli","riverCode":"TR13NH023864","riverQueryUrl":"https://cbs1.tarimorman.gov.tr/server/rest/services/TATUS/FeatureServer/8/query?where=HAVZA_ID%3D13&geometry=31.276410%2C40.910510&geometryType=esriGeometryPoint&inSR=4326&spatialRel=esriSpatialRelIntersects&distance=5&units=esriSRUnit_Kilometer&outFields=OBJECTID%2Cadi%2Cnehir_kod%2Cstrahler%2Cuzunluk%2CHAVZA_ID&returnGeometry=true&outSR=4326&orderByFields=strahler+DESC&resultRecordCount=20&f=geojson","catchmentUrl":"https://cbs1.tarimorman.gov.tr/server/rest/services/TATUS/FeatureServer/9/query?where=1%3D1&geometry=31.276410%2C40.910510&geometryType=esriGeometryPoint&inSR=4326&spatialRel=esriSpatialRelIntersects&outFields=%2A&returnGeometry=true&outSR=4326&resultRecordCount=5&f=geojson","catchmentLabel":"Santral popup: Su alanını göster","gisConfidence":"Yüksek-Orta","gisNote":null,"hasDamMatch":true,"damMatchMethod":"name+basin+near-coordinate","riverIds":["river177-1219","river177-1220","river177-1221","river177-1222","river177-1223","river177-1224","river177-1225","river177-1226","river177-1227","river177-1228","river177-1229","river177-1230","river177-1231","river177-1232","river177-1233","river177-1234","river177-1235","river177-1236","river177-1237","river177-1238"],"damIds":["dam177-004"],"stationIds":["station177-285","station177-289","station177-292","station177-307","station177-310","station177-886","station177-1066","station177-1069","station177-1074","station177-1075"],"cascadeToId":null,"cascadeFromIds":[],"isProducer":true}},{"type":"Feature","id":"hes177-083","geometry":{"type":"Point","coordinates":[36.64676,40.93654]},"properties":{"id":"hes177-083","entityId":"hes177-083","entityType":"hes177","name":"HASAN UĞURLU HES","inventoryOrder":83,"basinId":"14","basinName":"Yeşilırmak","province":"SAMSUN","damName":"H.UĞURLU","installedPowerMw":500.0,"unitFlowM3s":520.0,"maxWaterLevelM":190.0,"minWaterLevelM":150.0,"maxVolumeHm3":740.92,"minVolumeHm3":183.2,"activeVolumeHm3":307.82,"waterEnergyMwh":82.09,"epiasDate":"46278.81434027778","dataQuality":"A","sourceMatchMethod":"alias","cascadeName":"SUAT UĞURLU HES","cascadeSourceValue":"SUAT UĞURLU HES","notes":"Baraj adı eşleşmesi: H.UĞURLU","coordinateStatus":"Doğrulanmış koordinat mevcut","coordinateType":"HES / baraj noktası","coordinateSource":"workbook-verified","coordinateKind":"verified","transformerId":"787","transformerName":"HASAN UĞURLU HES","riverNameSource":"Havza ana akarsuyu ön-eşleme; TATUS spatial query ile doğrulanmalı","riverCode":"TR14NH182662","riverQueryUrl":"https://cbs1.tarimorman.gov.tr/server/rest/services/TATUS/FeatureServer/8/query?where=HAVZA_ID%3D14&geometry=36.646760%2C40.936540&geometryType=esriGeometryPoint&inSR=4326&spatialRel=esriSpatialRelIntersects&distance=5&units=esriSRUnit_Kilometer&outFields=OBJECTID%2Cadi%2Cnehir_kod%2Cstrahler%2Cuzunluk%2CHAVZA_ID&returnGeometry=true&outSR=4326&orderByFields=strahler+DESC&resultRecordCount=20&f=geojson","catchmentUrl":"https://cbs1.tarimorman.gov.tr/server/rest/services/TATUS/FeatureServer/9/query?where=1%3D1&geometry=36.646760%2C40.936540&geometryType=esriGeometryPoint&inSR=4326&spatialRel=esriSpatialRelIntersects&outFields=%2A&returnGeometry=true&outSR=4326&resultRecordCount=5&f=geojson","catchmentLabel":"Santral popup: Su alanını göster","gisConfidence":"Yüksek","gisNote":null,"hasDamMatch":true,"damMatchMethod":"name+basin+near-coordinate","riverIds":["river177-1239","river177-1240","river177-1241","river177-1242","river177-1243","river177-1244","river177-1245","river177-1246","river177-1247","river177-1248","river177-1249","river177-1250","river177-1251","river177-1252","river177-1253","river177-1254","river177-1255","river177-1256","river177-1257"],"damIds":["dam177-011"],"stationIds":[],"cascadeToId":"hes177-148","cascadeFromIds":[],"isProducer":true}},{"type":"Feature","id":"hes177-084","geometry":{"type":"Point","coordinates":[33.51871,39.2728]},"properties":{"id":"hes177-084","entityId":"hes177-084","entityType":"hes177","name":"HİRFANLI HES","inventoryOrder":84,"basinId":"15","basinName":"Kızılırmak","province":"ANKARA","damName":"HİRFANLI","installedPowerMw":128.0,"unitFlowM3s":240.0,"maxWaterLevelM":851.0,"minWaterLevelM":842.0,"maxVolumeHm3":5653.28,"minVolumeHm3":3683.77,"activeVolumeHm3":954.24,"waterEnergyMwh":145.66,"epiasDate":"46278.81434027778","dataQuality":"A","sourceMatchMethod":"exact","cascadeName":"KESİKKÖPRÜ","cascadeSourceValue":"KESİKKÖPRÜ","notes":null,"coordinateStatus":"Doğrulanmış koordinat mevcut","coordinateType":"HES / baraj noktası","coordinateSource":"workbook-verified","coordinateKind":"verified","transformerId":"915","transformerName":"HİRFANLI HES","riverNameSource":"Havza ana akarsuyu ön-eşleme; TATUS spatial query ile doğrulanmalı","riverCode":"TR15NH401414","riverQueryUrl":"https://cbs1.tarimorman.gov.tr/server/rest/services/TATUS/FeatureServer/8/query?where=HAVZA_ID%3D15&geometry=33.518710%2C39.272800&geometryType=esriGeometryPoint&inSR=4326&spatialRel=esriSpatialRelIntersects&distance=5&units=esriSRUnit_Kilometer&outFields=OBJECTID%2Cadi%2Cnehir_kod%2Cstrahler%2Cuzunluk%2CHAVZA_ID&returnGeometry=true&outSR=4326&orderByFields=strahler+DESC&resultRecordCount=20&f=geojson","catchmentUrl":"https://cbs1.tarimorman.gov.tr/server/rest/services/TATUS/FeatureServer/9/query?where=1%3D1&geometry=33.518710%2C39.272800&geometryType=esriGeometryPoint&inSR=4326&spatialRel=esriSpatialRelIntersects&outFields=%2A&returnGeometry=true&outSR=4326&resultRecordCount=5&f=geojson","catchmentLabel":"Santral popup: Su alanını göster","gisConfidence":"Yüksek","gisNote":null,"hasDamMatch":true,"damMatchMethod":"name+basin+near-coordinate","riverName":"Kızılırmak","riverMatchMethod":"tatus-spatial+name","riverConfidence":"high","riverIds":["river177-1258","river177-1259","river177-1260","river177-1261","river177-1262","river177-1263","river177-1264","river177-1265","river177-1266","river177-1267","river177-1268","river177-1269","river177-1270","river177-1271","river177-1272","river177-1273","river177-1274"],"damIds":["dam177-022"],"stationIds":[],"cascadeToId":"hes177-107","cascadeFromIds":["hes177-033"],"isProducer":true}},{"type":"Feature","id":"hes177-085","geometry":{"type":"Point","coordinates":[43.65705,38.35548]},"properties":{"id":"hes177-085","entityId":"hes177-085","entityType":"hes177","name":"HOŞAP HES","inventoryOrder":85,"basinId":"25","basinName":"Van Gölü","province":"VAN","damName":"ZERNEK","installedPowerMw":4.5,"unitFlowM3s":7.7,"maxWaterLevelM":1935.0,"minWaterLevelM":1910.5,"maxVolumeHm3":105.76,"minVolumeHm3":20.37,"activeVolumeHm3":56.41,"waterEnergyMwh":6.61,"epiasDate":"46278.81434027778","dataQuality":"B","sourceMatchMethod":"alias","cascadeName":null,"cascadeSourceValue":"10","notes":"Baraj adı eşleşmesi: ZERNEK; Kaskat alanında kaynak değeri '10' (belirsiz/sentinel); Koordinat güvenilir açık kaynaktan doğrulanamadı; TATUS baraj noktası fallback: ZERNEK (reservoir_exact); 1 nokta","coordinateStatus":"TATUS baraj gözlem istasyonu ile tamamlandı","coordinateType":"Baraj gözlem istasyonu (TATUS fallback)","coordinateSource":"workbook","coordinateKind":"verified","transformerId":null,"transformerName":null,"riverNameSource":"TATUS spatial query hazır; en yakın/uygun LineString seçilmeli","riverCode":"TR25NH008727","riverQueryUrl":"https://cbs1.tarimorman.gov.tr/server/rest/services/TATUS/FeatureServer/8/query?where=HAVZA_ID%3D25&geometry=43.657050%2C38.355480&geometryType=esriGeometryPoint&inSR=4326&spatialRel=esriSpatialRelIntersects&distance=5&units=esriSRUnit_Kilometer&outFields=OBJECTID%2Cadi%2Cnehir_kod%2Cstrahler%2Cuzunluk%2CHAVZA_ID&returnGeometry=true&outSR=4326&orderByFields=strahler+DESC&resultRecordCount=20&f=geojson","catchmentUrl":"https://cbs1.tarimorman.gov.tr/server/rest/services/TATUS/FeatureServer/9/query?where=1%3D1&geometry=43.657050%2C38.355480&geometryType=esriGeometryPoint&inSR=4326&spatialRel=esriSpatialRelIntersects&outFields=%2A&returnGeometry=true&outSR=4326&resultRecordCount=5&f=geojson","catchmentLabel":"Santral popup: Su alanını göster","gisConfidence":"Yüksek-Orta","gisNote":null,"hasDamMatch":true,"damMatchMethod":"name+basin+near-coordinate","riverName":"Güzelsu","riverMatchMethod":"tatus-spatial","riverConfidence":"medium","riverIds":["river177-1275","river177-1276","river177-1277","river177-1278","river177-1279","river177-1280","river177-1281","river177-1282","river177-1283","river177-1284","river177-1285","river177-1286","river177-1287","river177-1288","river177-1289","river177-1290","river177-1291","river177-1292","river177-1293","river177-1294"],"damIds":["dam177-055"],"stationIds":["station177-748","station177-749","station177-750"],"cascadeToId":null,"cascadeFromIds":[],"isProducer":true}},{"type":"Feature","id":"hes177-086","geometry":{"type":"Point","coordinates":[41.826,37.531]},"properties":{"id":"hes177-086","entityId":"hes177-086","entityType":"hes177","name":"ILISU HES","inventoryOrder":86,"basinId":"21","basinName":"Fırat-Dicle","province":"MARDİN/ŞIRNAK","damName":"ILISU","installedPowerMw":1209.0,"unitFlowM3s":null,"maxWaterLevelM":527.86,"minWaterLevelM":485.0,"maxVolumeHm3":null,"minVolumeHm3":null,"activeVolumeHm3":null,"waterEnergyMwh":null,"epiasDate":null,"dataQuality":"C","sourceMatchMethod":"eşleşme yok","cascadeName":null,"cascadeSourceValue":"10","notes":"EPİAŞ su göstergesi eşleşmesi bulunamadı; Kaskat alanında kaynak değeri '10' (belirsiz/sentinel); Koordinat güvenilir açık kaynaktan doğrulanamadı; Ünite debisi doğrulanamadı; Maksimum/minimum hacim doğrulanamadı; Santral/baraj kesin koordinatı doğrulanamadığı için eşleşen trafo merkezi koordinatı harita referansı olarak kullanıldı; kesin HES konumu değildir.","coordinateStatus":"Trafo merkezi koordinatı ile tamamlandı","coordinateType":"Trafo merkezi / elektrik bağlantı noktası (yaklaşık)","coordinateSource":"transformer","coordinateKind":"transformer","transformerId":"1533","transformerName":"ILISU HES","riverNameSource":"TATUS spatial query hazır; en yakın/uygun LineString seçilmeli","riverCode":"TR21NH236040","riverQueryUrl":"https://cbs1.tarimorman.gov.tr/server/rest/services/TATUS/FeatureServer/8/query?where=HAVZA_ID%3D21&geometry=41.826000%2C37.531000&geometryType=esriGeometryPoint&inSR=4326&spatialRel=esriSpatialRelIntersects&distance=5&units=esriSRUnit_Kilometer&outFields=OBJECTID%2Cadi%2Cnehir_kod%2Cstrahler%2Cuzunluk%2CHAVZA_ID&returnGeometry=true&outSR=4326&orderByFields=strahler+DESC&resultRecordCount=20&f=geojson","catchmentUrl":"https://cbs1.tarimorman.gov.tr/server/rest/services/TATUS/FeatureServer/9/query?where=1%3D1&geometry=41.826000%2C37.531000&geometryType=esriGeometryPoint&inSR=4326&spatialRel=esriSpatialRelIntersects&outFields=%2A&returnGeometry=true&outSR=4326&resultRecordCount=5&f=geojson","catchmentLabel":"Santral popup: Su alanını göster","gisConfidence":"Orta-Düşük","gisNote":"TATUS baraj point doğrudan eşleşmesi bu çalışma kitabında çözülmedi; sorgu URL'si eklendi; Akarsu/catchment sorgusu yaklaşık trafo noktasına dayanır; santral/baraj noktası ile doğrulanmalı; Fırat-Dicle havzasında nehir adı havzadan türetilmedi; yanlış Fırat/Dicle eşleşmesini önlemek için spatial doğrulama gerekli","hasDamMatch":false,"riverName":"Dicle","riverMatchMethod":"tatus-spatial+name","riverConfidence":"high","riverIds":["river177-1295","river177-1296","river177-1297","river177-1298","river177-1299","river177-1300","river177-1301","river177-1302","river177-1303","river177-1304","river177-1305","river177-1306","river177-1307","river177-1308","river177-1309","river177-1310"],"damIds":[],"stationIds":["station177-765","station177-766"],"cascadeToId":null,"cascadeFromIds":["hes177-009","hes177-032","hes177-061","hes177-071","hes177-154"],"isProducer":false}},{"type":"Feature","id":"hes177-087","geometry":{"type":"Point","coordinates":[34.789,37.088]},"properties":{"id":"hes177-087","entityId":"hes177-087","entityType":"hes177","name":"KADINCIK1 HES","inventoryOrder":87,"basinId":"17","basinName":"Doğu Akdeniz","province":"MERSİN","damName":"KADINCIK1","installedPowerMw":70.0,"unitFlowM3s":null,"maxWaterLevelM":406.48,"minWaterLevelM":400.0,"maxVolumeHm3":null,"minVolumeHm3":null,"activeVolumeHm3":null,"waterEnergyMwh":null,"epiasDate":null,"dataQuality":"C","sourceMatchMethod":"eşleşme yok","cascadeName":null,"cascadeSourceValue":"10","notes":"EPİAŞ su göstergesi eşleşmesi bulunamadı; Kaskat alanında kaynak değeri '10' (belirsiz/sentinel); Koordinat güvenilir açık kaynaktan doğrulanamadı; Ünite debisi doğrulanamadı; Maksimum/minimum hacim doğrulanamadı; Santral/baraj kesin koordinatı doğrulanamadığı için eşleşen trafo merkezi koordinatı harita referansı olarak kullanıldı; kesin HES konumu değildir.","coordinateStatus":"Trafo merkezi koordinatı ile tamamlandı","coordinateType":"Trafo merkezi / elektrik bağlantı noktası (yaklaşık)","coordinateSource":"transformer","coordinateKind":"transformer","transformerId":"573","transformerName":"KADINCIK1 HES","riverNameSource":"TATUS spatial query hazır; en yakın/uygun LineString seçilmeli","riverCode":"TR17NH077644","riverQueryUrl":"https://cbs1.tarimorman.gov.tr/server/rest/services/TATUS/FeatureServer/8/query?where=HAVZA_ID%3D17&geometry=34.789000%2C37.088000&geometryType=esriGeometryPoint&inSR=4326&spatialRel=esriSpatialRelIntersects&distance=5&units=esriSRUnit_Kilometer&outFields=OBJECTID%2Cadi%2Cnehir_kod%2Cstrahler%2Cuzunluk%2CHAVZA_ID&returnGeometry=true&outSR=4326&orderByFields=strahler+DESC&resultRecordCount=20&f=geojson","catchmentUrl":"https://cbs1.tarimorman.gov.tr/server/rest/services/TATUS/FeatureServer/9/query?where=1%3D1&geometry=34.789000%2C37.088000&geometryType=esriGeometryPoint&inSR=4326&spatialRel=esriSpatialRelIntersects&outFields=%2A&returnGeometry=true&outSR=4326&resultRecordCount=5&f=geojson","catchmentLabel":"Santral popup: Su alanını göster","gisConfidence":"Orta-Düşük","gisNote":"TATUS baraj point doğrudan eşleşmesi bu çalışma kitabında çözülmedi; sorgu URL'si eklendi; Akarsu/catchment sorgusu yaklaşık trafo noktasına dayanır; santral/baraj noktası ile doğrulanmalı","hasDamMatch":false,"riverName":"Gülek","riverMatchMethod":"tatus-spatial","riverConfidence":"medium","riverIds":["river177-1311","river177-1312","river177-1313","river177-1314","river177-1315","river177-1316","river177-1317","river177-1318","river177-1319","river177-1320","river177-1321","river177-1322","river177-1323","river177-1324","river177-1325","river177-1326","river177-1327","river177-1328"],"damIds":[],"stationIds":["station177-486","station177-1199"],"cascadeToId":null,"cascadeFromIds":[],"isProducer":false}},{"type":"Feature","id":"hes177-088","geometry":{"type":"Point","coordinates":[34.841,37.032]},"properties":{"id":"hes177-088","entityId":"hes177-088","entityType":"hes177","name":"KADINCIK2 HES","inventoryOrder":88,"basinId":"17","basinName":"Doğu Akdeniz","province":"MERSİN","damName":"KADINCIK2","installedPowerMw":56.0,"unitFlowM3s":null,"maxWaterLevelM":214.72,"minWaterLevelM":212.7,"maxVolumeHm3":null,"minVolumeHm3":null,"activeVolumeHm3":null,"waterEnergyMwh":null,"epiasDate":null,"dataQuality":"C","sourceMatchMethod":"eşleşme yok","cascadeName":null,"cascadeSourceValue":"10","notes":"EPİAŞ su göstergesi eşleşmesi bulunamadı; Kaskat alanında kaynak değeri '10' (belirsiz/sentinel); Koordinat güvenilir açık kaynaktan doğrulanamadı; Ünite debisi doğrulanamadı; Maksimum/minimum hacim doğrulanamadı; Santral/baraj kesin koordinatı doğrulanamadığı için eşleşen trafo merkezi koordinatı harita referansı olarak kullanıldı; kesin HES konumu değildir.","coordinateStatus":"Trafo merkezi koordinatı ile tamamlandı","coordinateType":"Trafo merkezi / elektrik bağlantı noktası (yaklaşık)","coordinateSource":"transformer","coordinateKind":"transformer","transformerId":"582","transformerName":"KADINCIK2 HES","riverNameSource":"TATUS spatial query hazır; en yakın/uygun LineString seçilmeli","riverCode":"TR17NH070775","riverQueryUrl":"https://cbs1.tarimorman.gov.tr/server/rest/services/TATUS/FeatureServer/8/query?where=HAVZA_ID%3D17&geometry=34.841000%2C37.032000&geometryType=esriGeometryPoint&inSR=4326&spatialRel=esriSpatialRelIntersects&distance=5&units=esriSRUnit_Kilometer&outFields=OBJECTID%2Cadi%2Cnehir_kod%2Cstrahler%2Cuzunluk%2CHAVZA_ID&returnGeometry=true&outSR=4326&orderByFields=strahler+DESC&resultRecordCount=20&f=geojson","catchmentUrl":"https://cbs1.tarimorman.gov.tr/server/rest/services/TATUS/FeatureServer/9/query?where=1%3D1&geometry=34.841000%2C37.032000&geometryType=esriGeometryPoint&inSR=4326&spatialRel=esriSpatialRelIntersects&outFields=%2A&returnGeometry=true&outSR=4326&resultRecordCount=5&f=geojson","catchmentLabel":"Santral popup: Su alanını göster","gisConfidence":"Orta-Düşük","gisNote":"TATUS baraj point doğrudan eşleşmesi bu çalışma kitabında çözülmedi; sorgu URL'si eklendi; Akarsu/catchment sorgusu yaklaşık trafo noktasına dayanır; santral/baraj noktası ile doğrulanmalı","hasDamMatch":false,"riverName":"Kadıncık","riverMatchMethod":"tatus-spatial","riverConfidence":"medium","riverIds":["river177-1329","river177-1330","river177-1331","river177-1332","river177-1333","river177-1334","river177-1335","river177-1336","river177-1337","river177-1338","river177-1339","river177-1340","river177-1341","river177-1342","river177-1343","river177-1344","river177-1345"],"damIds":[],"stationIds":["station177-487","station177-506","station177-1203","station177-1204"],"cascadeToId":null,"cascadeFromIds":[],"isProducer":false}},{"type":"Feature","id":"hes177-089","geometry":{"type":"Point","coordinates":[37.025,37.975]},"properties":{"id":"hes177-089","entityId":"hes177-089","entityType":"hes177","name":"KANDİL HES","inventoryOrder":89,"basinId":"20","basinName":"Ceyhan","province":"KAHRAMANMARAŞ","damName":"KANDİL HES","installedPowerMw":199.0,"unitFlowM3s":103.0,"maxWaterLevelM":1098.5,"minWaterLevelM":1064.0,"maxVolumeHm3":438.0,"minVolumeHm3":115.0,"activeVolumeHm3":196.67,"waterEnergyMwh":108.84,"epiasDate":"46278.81434027778","dataQuality":"B","sourceMatchMethod":"exact","cascadeName":"SARIGÜZEL HES","cascadeSourceValue":"SARIGÜZEL HES","notes":"Koordinat güvenilir açık kaynaktan doğrulanamadı; Santral/baraj kesin koordinatı doğrulanamadığı için eşleşen trafo merkezi koordinatı harita referansı olarak kullanıldı; kesin HES konumu değildir.","coordinateStatus":"Trafo merkezi koordinatı ile tamamlandı","coordinateType":"Trafo merkezi / elektrik bağlantı noktası (yaklaşık)","coordinateSource":"transformer","coordinateKind":"transformer","transformerId":"1062","transformerName":"KANDİL HES","riverNameSource":"Havza ana akarsuyu ön-eşleme; TATUS spatial query ile doğrulanmalı","riverCode":"TR20NH080136","riverQueryUrl":"https://cbs1.tarimorman.gov.tr/server/rest/services/TATUS/FeatureServer/8/query?where=HAVZA_ID%3D20&geometry=37.025000%2C37.975000&geometryType=esriGeometryPoint&inSR=4326&spatialRel=esriSpatialRelIntersects&distance=5&units=esriSRUnit_Kilometer&outFields=OBJECTID%2Cadi%2Cnehir_kod%2Cstrahler%2Cuzunluk%2CHAVZA_ID&returnGeometry=true&outSR=4326&orderByFields=strahler+DESC&resultRecordCount=20&f=geojson","catchmentUrl":"https://cbs1.tarimorman.gov.tr/server/rest/services/TATUS/FeatureServer/9/query?where=1%3D1&geometry=37.025000%2C37.975000&geometryType=esriGeometryPoint&inSR=4326&spatialRel=esriSpatialRelIntersects&outFields=%2A&returnGeometry=true&outSR=4326&resultRecordCount=5&f=geojson","catchmentLabel":"Santral popup: Su alanını göster","gisConfidence":"Orta-Düşük","gisNote":"TATUS baraj point doğrudan eşleşmesi bu çalışma kitabında çözülmedi; sorgu URL'si eklendi; Akarsu/catchment sorgusu yaklaşık trafo noktasına dayanır; santral/baraj noktası ile doğrulanmalı","hasDamMatch":true,"damMatchMethod":"name+basin+near-coordinate","riverName":"Ceyhan","riverMatchMethod":"tatus-spatial+name","riverConfidence":"high","riverIds":["river177-1346","river177-1347","river177-1348","river177-1349","river177-1350","river177-1351","river177-1352","river177-1353","river177-1354","river177-1355","river177-1356","river177-1357","river177-1358","river177-1359","river177-1360"],"damIds":["dam177-043"],"stationIds":["station177-1267"],"cascadeToId":"hes177-138","cascadeFromIds":["hes177-001"],"isProducer":true}},{"type":"Feature","id":"hes177-090","geometry":{"type":"Point","coordinates":[33.48299,39.73053]},"properties":{"id":"hes177-090","entityId":"hes177-090","entityType":"hes177","name":"KAPULUKAYA HES","inventoryOrder":90,"basinId":"15","basinName":"Kızılırmak","province":"KIRIKKALE","damName":"KAPULUKAYA","installedPowerMw":54.0,"unitFlowM3s":55.0,"maxWaterLevelM":724.0,"minWaterLevelM":715.0,"maxVolumeHm3":224.91,"minVolumeHm3":111.73,"activeVolumeHm3":100.36,"waterEnergyMwh":10.04,"epiasDate":"46278.81434027778","dataQuality":"A","sourceMatchMethod":"exact","cascadeName":null,"cascadeSourceValue":"10","notes":"Kaskat alanında kaynak değeri '10' (belirsiz/sentinel)","coordinateStatus":"Doğrulanmış koordinat mevcut","coordinateType":"HES / baraj noktası","coordinateSource":"workbook-verified","coordinateKind":"verified","transformerId":"903","transformerName":"KAPULUKAYA HES","riverNameSource":"Havza ana akarsuyu ön-eşleme; TATUS spatial query ile doğrulanmalı","riverCode":"TR15NH402934","riverQueryUrl":"https://cbs1.tarimorman.gov.tr/server/rest/services/TATUS/FeatureServer/8/query?where=HAVZA_ID%3D15&geometry=33.482990%2C39.730530&geometryType=esriGeometryPoint&inSR=4326&spatialRel=esriSpatialRelIntersects&distance=5&units=esriSRUnit_Kilometer&outFields=OBJECTID%2Cadi%2Cnehir_kod%2Cstrahler%2Cuzunluk%2CHAVZA_ID&returnGeometry=true&outSR=4326&orderByFields=strahler+DESC&resultRecordCount=20&f=geojson","catchmentUrl":"https://cbs1.tarimorman.gov.tr/server/rest/services/TATUS/FeatureServer/9/query?where=1%3D1&geometry=33.482990%2C39.730530&geometryType=esriGeometryPoint&inSR=4326&spatialRel=esriSpatialRelIntersects&outFields=%2A&returnGeometry=true&outSR=4326&resultRecordCount=5&f=geojson","catchmentLabel":"Santral popup: Su alanını göster","gisConfidence":"Yüksek","gisNote":null,"hasDamMatch":true,"damMatchMethod":"name+basin+near-coordinate","riverName":"Kızılırmak","riverMatchMethod":"tatus-spatial","riverConfidence":"medium","riverIds":["river177-1361","river177-1362","river177-1363","river177-1364","river177-1365","river177-1366","river177-1367","river177-1368","river177-1369","river177-1370","river177-1371","river177-1372","river177-1373","river177-1374","river177-1375","river177-1376","river177-1377","river177-1378","river177-1379","river177-1380"],"damIds":["dam177-023"],"stationIds":[],"cascadeToId":null,"cascadeFromIds":["hes177-107"],"isProducer":true}},{"type":"Feature","id":"hes177-091","geometry":{"type":"Point","coordinates":[30.83,37.367]},"properties":{"id":"hes177-091","entityId":"hes177-091","entityType":"hes177","name":"KARACAÖREN1 HES","inventoryOrder":91,"basinId":"9","basinName":"Antalya","province":"BURDUR","damName":"KARACAÖREN I","installedPowerMw":32.0,"unitFlowM3s":52.0,"maxWaterLevelM":270.0,"minWaterLevelM":245.0,"maxVolumeHm3":1234.0,"minVolumeHm3":346.96,"activeVolumeHm3":402.92,"waterEnergyMwh":71.76,"epiasDate":"46278.81434027778","dataQuality":"B","sourceMatchMethod":"alias","cascadeName":null,"cascadeSourceValue":"10","notes":"Baraj adı eşleşmesi: KARACAÖREN I; Kaskat alanında kaynak değeri '10' (belirsiz/sentinel); Koordinat güvenilir açık kaynaktan doğrulanamadı; Santral/baraj kesin koordinatı doğrulanamadığı için eşleşen trafo merkezi koordinatı harita referansı olarak kullanıldı; kesin HES konumu değildir.","coordinateStatus":"Trafo merkezi koordinatı ile tamamlandı","coordinateType":"Trafo merkezi / elektrik bağlantı noktası (yaklaşık)","coordinateSource":"transformer","coordinateKind":"transformer","transformerId":"327","transformerName":"KARACAÖREN 1 HES","riverNameSource":"TATUS spatial query hazır; en yakın/uygun LineString seçilmeli","riverCode":"TR09NH074866","riverQueryUrl":"https://cbs1.tarimorman.gov.tr/server/rest/services/TATUS/FeatureServer/8/query?where=HAVZA_ID%3D9&geometry=30.830000%2C37.367000&geometryType=esriGeometryPoint&inSR=4326&spatialRel=esriSpatialRelIntersects&distance=5&units=esriSRUnit_Kilometer&outFields=OBJECTID%2Cadi%2Cnehir_kod%2Cstrahler%2Cuzunluk%2CHAVZA_ID&returnGeometry=true&outSR=4326&orderByFields=strahler+DESC&resultRecordCount=20&f=geojson","catchmentUrl":"https://cbs1.tarimorman.gov.tr/server/rest/services/TATUS/FeatureServer/9/query?where=1%3D1&geometry=30.830000%2C37.367000&geometryType=esriGeometryPoint&inSR=4326&spatialRel=esriSpatialRelIntersects&outFields=%2A&returnGeometry=true&outSR=4326&resultRecordCount=5&f=geojson","catchmentLabel":"Santral popup: Su alanını göster","gisConfidence":"Orta-Düşük","gisNote":"TATUS baraj point doğrudan eşleşmesi bu çalışma kitabında çözülmedi; sorgu URL'si eklendi; Akarsu/catchment sorgusu yaklaşık trafo noktasına dayanır; santral/baraj noktası ile doğrulanmalı","hasDamMatch":true,"damMatchMethod":"name+basin+near-coordinate","riverIds":["river177-1381","river177-1382","river177-1383","river177-1384","river177-1385","river177-1386","river177-1387","river177-1388","river177-1389","river177-1390","river177-1391","river177-1392","river177-1393","river177-1394","river177-1395","river177-1396","river177-1397","river177-1398","river177-1399","river177-1400"],"damIds":["dam177-067"],"stationIds":["station177-206","station177-207","station177-221","station177-859","station177-1028","station177-1038"],"cascadeToId":null,"cascadeFromIds":[],"isProducer":true}},{"type":"Feature","id":"hes177-092","geometry":{"type":"Point","coordinates":[30.796,37.264]},"properties":{"id":"hes177-092","entityId":"hes177-092","entityType":"hes177","name":"KARACAÖREN2 HES","inventoryOrder":92,"basinId":"9","basinName":"Antalya","province":"BURDUR","damName":"KARACAÖREN II","installedPowerMw":47.2,"unitFlowM3s":51.2,"maxWaterLevelM":187.5,"minWaterLevelM":185.0,"maxVolumeHm3":31.38,"minVolumeHm3":26.34,"activeVolumeHm3":4.41,"waterEnergyMwh":1.18,"epiasDate":"46278.81434027778","dataQuality":"B","sourceMatchMethod":"alias","cascadeName":null,"cascadeSourceValue":"10","notes":"Baraj adı eşleşmesi: KARACAÖREN II; Kaskat alanında kaynak değeri '10' (belirsiz/sentinel); Koordinat güvenilir açık kaynaktan doğrulanamadı; Santral/baraj kesin koordinatı doğrulanamadığı için eşleşen trafo merkezi koordinatı harita referansı olarak kullanıldı; kesin HES konumu değildir.","coordinateStatus":"Trafo merkezi koordinatı ile tamamlandı","coordinateType":"Trafo merkezi / elektrik bağlantı noktası (yaklaşık)","coordinateSource":"transformer","coordinateKind":"transformer","transformerId":"334","transformerName":"KARACAÖREN 2 HES","riverNameSource":"TATUS spatial query hazır; en yakın/uygun LineString seçilmeli","riverCode":"TR09NH015414","riverQueryUrl":"https://cbs1.tarimorman.gov.tr/server/rest/services/TATUS/FeatureServer/8/query?where=HAVZA_ID%3D9&geometry=30.796000%2C37.264000&geometryType=esriGeometryPoint&inSR=4326&spatialRel=esriSpatialRelIntersects&distance=5&units=esriSRUnit_Kilometer&outFields=OBJECTID%2Cadi%2Cnehir_kod%2Cstrahler%2Cuzunluk%2CHAVZA_ID&returnGeometry=true&outSR=4326&orderByFields=strahler+DESC&resultRecordCount=20&f=geojson","catchmentUrl":"https://cbs1.tarimorman.gov.tr/server/rest/services/TATUS/FeatureServer/9/query?where=1%3D1&geometry=30.796000%2C37.264000&geometryType=esriGeometryPoint&inSR=4326&spatialRel=esriSpatialRelIntersects&outFields=%2A&returnGeometry=true&outSR=4326&resultRecordCount=5&f=geojson","catchmentLabel":"Santral popup: Su alanını göster","gisConfidence":"Orta-Düşük","gisNote":"TATUS baraj point doğrudan eşleşmesi bu çalışma kitabında çözülmedi; sorgu URL'si eklendi; Akarsu/catchment sorgusu yaklaşık trafo noktasına dayanır; santral/baraj noktası ile doğrulanmalı","hasDamMatch":true,"damMatchMethod":"name+basin+near-coordinate","riverIds":["river177-1401","river177-1402","river177-1403","river177-1404","river177-1405","river177-1406","river177-1407","river177-1408","river177-1409","river177-1410","river177-1411","river177-1412","river177-1413","river177-1414","river177-1415","river177-1416","river177-1417","river177-1418","river177-1419","river177-1420"],"damIds":["dam177-068"],"stationIds":["station177-194","station177-210","station177-214"],"cascadeToId":null,"cascadeFromIds":[],"isProducer":true}},{"type":"Feature","id":"hes177-093","geometry":{"type":"Point","coordinates":[39.135556,38.226389]},"properties":{"id":"hes177-093","entityId":"hes177-093","entityType":"hes177","name":"KARAKAYA HES DİYARBAKIR","inventoryOrder":93,"basinId":"21","basinName":"Fırat-Dicle","province":"DİYARBAKIR","damName":"KARAKAYA","installedPowerMw":1800.0,"unitFlowM3s":null,"maxWaterLevelM":693.0,"minWaterLevelM":675.0,"maxVolumeHm3":null,"minVolumeHm3":null,"activeVolumeHm3":null,"waterEnergyMwh":null,"epiasDate":null,"dataQuality":"B","sourceMatchMethod":"eşleşme yok","cascadeName":"ATATÜRK HES","cascadeSourceValue":"ATATÜRK HES","notes":"EPİAŞ su göstergesi eşleşmesi bulunamadı; Ünite debisi doğrulanamadı; Maksimum/minimum hacim doğrulanamadı","coordinateStatus":"Doğrulanmış koordinat mevcut","coordinateType":"HES / baraj noktası","coordinateSource":"workbook-verified","coordinateKind":"verified","transformerId":null,"transformerName":null,"riverNameSource":"TATUS spatial query hazır; en yakın/uygun LineString seçilmeli","riverCode":"TR21NH716518","riverQueryUrl":"https://cbs1.tarimorman.gov.tr/server/rest/services/TATUS/FeatureServer/8/query?where=HAVZA_ID%3D21&geometry=39.135556%2C38.226389&geometryType=esriGeometryPoint&inSR=4326&spatialRel=esriSpatialRelIntersects&distance=5&units=esriSRUnit_Kilometer&outFields=OBJECTID%2Cadi%2Cnehir_kod%2Cstrahler%2Cuzunluk%2CHAVZA_ID&returnGeometry=true&outSR=4326&orderByFields=strahler+DESC&resultRecordCount=20&f=geojson","catchmentUrl":"https://cbs1.tarimorman.gov.tr/server/rest/services/TATUS/FeatureServer/9/query?where=1%3D1&geometry=39.135556%2C38.226389&geometryType=esriGeometryPoint&inSR=4326&spatialRel=esriSpatialRelIntersects&outFields=%2A&returnGeometry=true&outSR=4326&resultRecordCount=5&f=geojson","catchmentLabel":"Santral popup: Su alanını göster","gisConfidence":"Yüksek","gisNote":"TATUS baraj point doğrudan eşleşmesi bu çalışma kitabında çözülmedi; sorgu URL'si eklendi; Fırat-Dicle havzasında nehir adı havzadan türetilmedi; yanlış Fırat/Dicle eşleşmesini önlemek için spatial doğrulama gerekli","hasDamMatch":false,"riverName":"Fırat","riverMatchMethod":"tatus-spatial+name","riverConfidence":"high","riverIds":["river177-1421","river177-1422","river177-1423","river177-1424","river177-1425","river177-1426","river177-1427","river177-1428","river177-1429","river177-1430","river177-1431","river177-1432","river177-1433","river177-1434","river177-1435","river177-1436","river177-1437"],"damIds":[],"stationIds":["station177-1347"],"cascadeToId":"hes177-025","cascadeFromIds":["hes177-105"],"isProducer":false}},{"type":"Feature","id":"hes177-094","geometry":{"type":"Point","coordinates":[42.699,40.143]},"properties":{"id":"hes177-094","entityId":"hes177-094","entityType":"hes177","name":"KARAKURT HES","inventoryOrder":94,"basinId":"24","basinName":"Aras","province":"KARS","damName":"KARAKURT","installedPowerMw":97.0,"unitFlowM3s":null,"maxWaterLevelM":1505.5,"minWaterLevelM":1470.0,"maxVolumeHm3":null,"minVolumeHm3":null,"activeVolumeHm3":null,"waterEnergyMwh":null,"epiasDate":null,"dataQuality":"C","sourceMatchMethod":"eşleşme yok","cascadeName":"SEFAKÖY HES","cascadeSourceValue":"SEFAKÖY HES","notes":"EPİAŞ su göstergesi eşleşmesi bulunamadı; Koordinat güvenilir açık kaynaktan doğrulanamadı; Ünite debisi doğrulanamadı; Maksimum/minimum hacim doğrulanamadı; Santral/baraj kesin koordinatı doğrulanamadığı için eşleşen trafo merkezi koordinatı harita referansı olarak kullanıldı; kesin HES konumu değildir.","coordinateStatus":"Trafo merkezi koordinatı ile tamamlandı","coordinateType":"Trafo merkezi / elektrik bağlantı noktası (yaklaşık)","coordinateSource":"transformer","coordinateKind":"transformer","transformerId":"1692","transformerName":"KARAKURT HES","riverNameSource":"Havza ana akarsuyu ön-eşleme; TATUS spatial query ile doğrulanmalı","riverCode":"TR24NH025029","riverQueryUrl":"https://cbs1.tarimorman.gov.tr/server/rest/services/TATUS/FeatureServer/8/query?where=HAVZA_ID%3D24&geometry=42.699000%2C40.143000&geometryType=esriGeometryPoint&inSR=4326&spatialRel=esriSpatialRelIntersects&distance=5&units=esriSRUnit_Kilometer&outFields=OBJECTID%2Cadi%2Cnehir_kod%2Cstrahler%2Cuzunluk%2CHAVZA_ID&returnGeometry=true&outSR=4326&orderByFields=strahler+DESC&resultRecordCount=20&f=geojson","catchmentUrl":"https://cbs1.tarimorman.gov.tr/server/rest/services/TATUS/FeatureServer/9/query?where=1%3D1&geometry=42.699000%2C40.143000&geometryType=esriGeometryPoint&inSR=4326&spatialRel=esriSpatialRelIntersects&outFields=%2A&returnGeometry=true&outSR=4326&resultRecordCount=5&f=geojson","catchmentLabel":"Santral popup: Su alanını göster","gisConfidence":"Orta-Düşük","gisNote":"TATUS baraj point doğrudan eşleşmesi bu çalışma kitabında çözülmedi; sorgu URL'si eklendi; Akarsu/catchment sorgusu yaklaşık trafo noktasına dayanır; santral/baraj noktası ile doğrulanmalı","hasDamMatch":false,"riverIds":["river177-1438","river177-1439","river177-1440","river177-1441","river177-1442","river177-1443","river177-1444","river177-1445","river177-1446","river177-1447","river177-1448","river177-1449","river177-1450","river177-1451","river177-1452","river177-1453","river177-1454"],"damIds":[],"stationIds":["station177-1598","station177-1599","station177-1600"],"cascadeToId":"hes177-141","cascadeFromIds":[],"isProducer":false}},{"type":"Feature","id":"hes177-095","geometry":{"type":"Point","coordinates":[35.124,37.363]},"properties":{"id":"hes177-095","entityId":"hes177-095","entityType":"hes177","name":"KARAKUZ HES","inventoryOrder":95,"basinId":"17","basinName":"Doğu Akdeniz","province":"ADANA","damName":"KARAKUZ","installedPowerMw":76.0,"unitFlowM3s":16.4,"maxWaterLevelM":831.0,"minWaterLevelM":818.0,"maxVolumeHm3":5.11,"minVolumeHm3":1.7,"activeVolumeHm3":2.25,"waterEnergyMwh":3.31,"epiasDate":"46278.81434027778","dataQuality":"B","sourceMatchMethod":"exact","cascadeName":null,"cascadeSourceValue":"10","notes":"Kaskat alanında kaynak değeri '10' (belirsiz/sentinel); Koordinat güvenilir açık kaynaktan doğrulanamadı; Santral/baraj kesin koordinatı doğrulanamadığı için eşleşen trafo merkezi koordinatı harita referansı olarak kullanıldı; kesin HES konumu değildir.","coordinateStatus":"Trafo merkezi koordinatı ile tamamlandı","coordinateType":"Trafo merkezi / elektrik bağlantı noktası (yaklaşık)","coordinateSource":"transformer","coordinateKind":"transformer","transformerId":"1235","transformerName":"KARAKUZ HES","riverNameSource":"TATUS spatial query hazır; en yakın/uygun LineString seçilmeli","riverCode":"TR17NH060019","riverQueryUrl":"https://cbs1.tarimorman.gov.tr/server/rest/services/TATUS/FeatureServer/8/query?where=HAVZA_ID%3D17&geometry=35.124000%2C37.363000&geometryType=esriGeometryPoint&inSR=4326&spatialRel=esriSpatialRelIntersects&distance=5&units=esriSRUnit_Kilometer&outFields=OBJECTID%2Cadi%2Cnehir_kod%2Cstrahler%2Cuzunluk%2CHAVZA_ID&returnGeometry=true&outSR=4326&orderByFields=strahler+DESC&resultRecordCount=20&f=geojson","catchmentUrl":"https://cbs1.tarimorman.gov.tr/server/rest/services/TATUS/FeatureServer/9/query?where=1%3D1&geometry=35.124000%2C37.363000&geometryType=esriGeometryPoint&inSR=4326&spatialRel=esriSpatialRelIntersects&outFields=%2A&returnGeometry=true&outSR=4326&resultRecordCount=5&f=geojson","catchmentLabel":"Santral popup: Su alanını göster","gisConfidence":"Orta-Düşük","gisNote":"TATUS baraj point doğrudan eşleşmesi bu çalışma kitabında çözülmedi; sorgu URL'si eklendi; Akarsu/catchment sorgusu yaklaşık trafo noktasına dayanır; santral/baraj noktası ile doğrulanmalı","hasDamMatch":false,"riverIds":["river177-0523","river177-0524","river177-0525","river177-0526"],"damIds":[],"stationIds":[],"cascadeToId":null,"cascadeFromIds":[],"isProducer":false}},{"type":"Feature","id":"hes177-096","geometry":{"type":"Point","coordinates":[26.66721,39.82303]},"properties":{"id":"hes177-096","entityId":"hes177-096","entityType":"hes177","name":"KARAMENDERES HES","inventoryOrder":96,"basinId":"4","basinName":"Kuzey Ege","province":"ÇANAKKALE","damName":"BAYRAMİÇ","installedPowerMw":1.8,"unitFlowM3s":6.8,"maxWaterLevelM":144.5,"minWaterLevelM":122.0,"maxVolumeHm3":96.24,"minVolumeHm3":9.77,"activeVolumeHm3":15.46,"waterEnergyMwh":1.09,"epiasDate":"46278.81434027778","dataQuality":"B","sourceMatchMethod":"alias","cascadeName":null,"cascadeSourceValue":"10","notes":"Baraj adı eşleşmesi: BAYRAMİÇ; Kaskat alanında kaynak değeri '10' (belirsiz/sentinel); Koordinat güvenilir açık kaynaktan doğrulanamadı; TATUS baraj noktası fallback: BAYRAMİÇ (reservoir_exact); 1 nokta","coordinateStatus":"TATUS baraj gözlem istasyonu ile tamamlandı","coordinateType":"Baraj gözlem istasyonu (TATUS fallback)","coordinateSource":"workbook","coordinateKind":"verified","transformerId":null,"transformerName":null,"riverNameSource":"TATUS spatial query hazır; en yakın/uygun LineString seçilmeli","riverCode":"TR04NH049388","riverQueryUrl":"https://cbs1.tarimorman.gov.tr/server/rest/services/TATUS/FeatureServer/8/query?where=HAVZA_ID%3D4&geometry=26.667210%2C39.823030&geometryType=esriGeometryPoint&inSR=4326&spatialRel=esriSpatialRelIntersects&distance=5&units=esriSRUnit_Kilometer&outFields=OBJECTID%2Cadi%2Cnehir_kod%2Cstrahler%2Cuzunluk%2CHAVZA_ID&returnGeometry=true&outSR=4326&orderByFields=strahler+DESC&resultRecordCount=20&f=geojson","catchmentUrl":"https://cbs1.tarimorman.gov.tr/server/rest/services/TATUS/FeatureServer/9/query?where=1%3D1&geometry=26.667210%2C39.823030&geometryType=esriGeometryPoint&inSR=4326&spatialRel=esriSpatialRelIntersects&outFields=%2A&returnGeometry=true&outSR=4326&resultRecordCount=5&f=geojson","catchmentLabel":"Santral popup: Su alanını göster","gisConfidence":"Yüksek-Orta","gisNote":null,"hasDamMatch":true,"damMatchMethod":"name+basin+near-coordinate","riverIds":["river177-1455","river177-1456","river177-1457","river177-1458","river177-1459","river177-1460","river177-1461","river177-1462","river177-1463","river177-1464","river177-1465","river177-1466","river177-1467","river177-1468","river177-1469"],"damIds":["dam177-059"],"stationIds":["station177-120"],"cascadeToId":null,"cascadeFromIds":[],"isProducer":true}},{"type":"Feature","id":"hes177-097","geometry":{"type":"Point","coordinates":[31.739,39.967]},"properties":{"id":"hes177-097","entityId":"hes177-097","entityType":"hes177","name":"KARGI HES","inventoryOrder":97,"basinId":"12","basinName":"Sakarya","province":"ANKARA","damName":"KARGI BARAJI VE HES","installedPowerMw":97.0,"unitFlowM3s":137.0,"maxWaterLevelM":557.5,"minWaterLevelM":552.6,"maxVolumeHm3":49.9,"minVolumeHm3":40.12,"activeVolumeHm3":5.05,"waterEnergyMwh":1.05,"epiasDate":"46278.81434027778","dataQuality":"B","sourceMatchMethod":"exact","cascadeName":"SARIYAR HES","cascadeSourceValue":"SARIYAR HES","notes":"Koordinat güvenilir açık kaynaktan doğrulanamadı; Santral/baraj kesin koordinatı doğrulanamadığı için eşleşen trafo merkezi koordinatı harita referansı olarak kullanıldı; kesin HES konumu değildir.","coordinateStatus":"Trafo merkezi koordinatı ile tamamlandı","coordinateType":"Trafo merkezi / elektrik bağlantı noktası (yaklaşık)","coordinateSource":"transformer","coordinateKind":"transformer","transformerId":"1436","transformerName":"KARGI HES","riverNameSource":"Havza ana akarsuyu ön-eşleme; TATUS spatial query ile doğrulanmalı","riverCode":"TR12NH251266","riverQueryUrl":"https://cbs1.tarimorman.gov.tr/server/rest/services/TATUS/FeatureServer/8/query?where=HAVZA_ID%3D12&geometry=31.739000%2C39.967000&geometryType=esriGeometryPoint&inSR=4326&spatialRel=esriSpatialRelIntersects&distance=5&units=esriSRUnit_Kilometer&outFields=OBJECTID%2Cadi%2Cnehir_kod%2Cstrahler%2Cuzunluk%2CHAVZA_ID&returnGeometry=true&outSR=4326&orderByFields=strahler+DESC&resultRecordCount=20&f=geojson","catchmentUrl":"https://cbs1.tarimorman.gov.tr/server/rest/services/TATUS/FeatureServer/9/query?where=1%3D1&geometry=31.739000%2C39.967000&geometryType=esriGeometryPoint&inSR=4326&spatialRel=esriSpatialRelIntersects&outFields=%2A&returnGeometry=true&outSR=4326&resultRecordCount=5&f=geojson","catchmentLabel":"Santral popup: Su alanını göster","gisConfidence":"Orta-Düşük","gisNote":"TATUS baraj point doğrudan eşleşmesi bu çalışma kitabında çözülmedi; sorgu URL'si eklendi; Akarsu/catchment sorgusu yaklaşık trafo noktasına dayanır; santral/baraj noktası ile doğrulanmalı","hasDamMatch":false,"riverIds":["river177-1470","river177-1471","river177-1472","river177-1473","river177-1474","river177-1475","river177-1476","river177-1477","river177-1478","river177-1479","river177-1480","river177-1481","river177-1482","river177-1483","river177-1484","river177-1485","river177-1486","river177-1487","river177-1488"],"damIds":[],"stationIds":[],"cascadeToId":"hes177-140","cascadeFromIds":["hes177-080"],"isProducer":false}},{"type":"Feature","id":"hes177-098","geometry":{"type":"Point","coordinates":[34.651,41.106]},"properties":{"id":"hes177-098","entityId":"hes177-098","entityType":"hes177","name":"KARGI KIZILIRMAK HES","inventoryOrder":98,"basinId":"15","basinName":"Kızılırmak","province":"ÇORUM","damName":"KARGI KIZILIRMAK","installedPowerMw":103.0,"unitFlowM3s":167.0,"maxWaterLevelM":405.0,"minWaterLevelM":402.0,"maxVolumeHm3":15.42,"minVolumeHm3":5.61,"activeVolumeHm3":2.33,"waterEnergyMwh":0.43,"epiasDate":"46278.81434027778","dataQuality":"B","sourceMatchMethod":"alias","cascadeName":"BOYABAT HES","cascadeSourceValue":"BOYABAT HES","notes":"Baraj adı eşleşmesi: KARGI KIZILIRMAK; Koordinat güvenilir açık kaynaktan doğrulanamadı; Santral/baraj kesin koordinatı doğrulanamadığı için eşleşen trafo merkezi koordinatı harita referansı olarak kullanıldı; kesin HES konumu değildir.","coordinateStatus":"Trafo merkezi koordinatı ile tamamlandı","coordinateType":"Trafo merkezi / elektrik bağlantı noktası (yaklaşık)","coordinateSource":"transformer","coordinateKind":"transformer","transformerId":"1261","transformerName":"KARGI KIZILIRMAK HES","riverNameSource":"Havza ana akarsuyu ön-eşleme; TATUS spatial query ile doğrulanmalı","riverCode":"TR15NH401187","riverQueryUrl":"https://cbs1.tarimorman.gov.tr/server/rest/services/TATUS/FeatureServer/8/query?where=HAVZA_ID%3D15&geometry=34.651000%2C41.106000&geometryType=esriGeometryPoint&inSR=4326&spatialRel=esriSpatialRelIntersects&distance=5&units=esriSRUnit_Kilometer&outFields=OBJECTID%2Cadi%2Cnehir_kod%2Cstrahler%2Cuzunluk%2CHAVZA_ID&returnGeometry=true&outSR=4326&orderByFields=strahler+DESC&resultRecordCount=20&f=geojson","catchmentUrl":"https://cbs1.tarimorman.gov.tr/server/rest/services/TATUS/FeatureServer/9/query?where=1%3D1&geometry=34.651000%2C41.106000&geometryType=esriGeometryPoint&inSR=4326&spatialRel=esriSpatialRelIntersects&outFields=%2A&returnGeometry=true&outSR=4326&resultRecordCount=5&f=geojson","catchmentLabel":"Santral popup: Su alanını göster","gisConfidence":"Orta-Düşük","gisNote":"TATUS baraj point doğrudan eşleşmesi bu çalışma kitabında çözülmedi; sorgu URL'si eklendi; Akarsu/catchment sorgusu yaklaşık trafo noktasına dayanır; santral/baraj noktası ile doğrulanmalı","hasDamMatch":false,"riverName":"Kızılırmak","riverMatchMethod":"tatus-spatial+name","riverConfidence":"high","riverIds":["river177-1489","river177-1490","river177-1491","river177-1492","river177-1493","river177-1494","river177-1495","river177-1496","river177-1497","river177-1498","river177-1499","river177-1500","river177-1501","river177-1502","river177-1503","river177-1504","river177-1505","river177-1506","river177-1507","river177-1508"],"damIds":[],"stationIds":["station177-449","station177-450","station177-903","station177-1170","station177-1171"],"cascadeToId":"hes177-040","cascadeFromIds":["hes177-132"],"isProducer":false}},{"type":"Feature","id":"hes177-099","geometry":{"type":"Point","coordinates":[36.239,37.519]},"properties":{"id":"hes177-099","entityId":"hes177-099","entityType":"hes177","name":"KARGILIK HES","inventoryOrder":99,"basinId":"20","basinName":"Ceyhan","province":"KAHRAMANMARAŞ","damName":"KARGILIK","installedPowerMw":23.9,"unitFlowM3s":null,"maxWaterLevelM":382.5,"minWaterLevelM":379.0,"maxVolumeHm3":null,"minVolumeHm3":null,"activeVolumeHm3":null,"waterEnergyMwh":null,"epiasDate":null,"dataQuality":"C","sourceMatchMethod":"eşleşme yok","cascadeName":null,"cascadeSourceValue":"10","notes":"EPİAŞ su göstergesi eşleşmesi bulunamadı; Kaskat alanında kaynak değeri '10' (belirsiz/sentinel); Koordinat güvenilir açık kaynaktan doğrulanamadı; Ünite debisi doğrulanamadı; Maksimum/minimum hacim doğrulanamadı; Santral/baraj kesin koordinatı doğrulanamadığı için eşleşen trafo merkezi koordinatı harita referansı olarak kullanıldı; kesin HES konumu değildir.","coordinateStatus":"Trafo merkezi koordinatı ile tamamlandı","coordinateType":"Trafo merkezi / elektrik bağlantı noktası (yaklaşık)","coordinateSource":"transformer","coordinateKind":"transformer","transformerId":"313","transformerName":"KARGILIK HES","riverNameSource":"Havza ana akarsuyu ön-eşleme; TATUS spatial query ile doğrulanmalı","riverCode":"TR20NH033332","riverQueryUrl":"https://cbs1.tarimorman.gov.tr/server/rest/services/TATUS/FeatureServer/8/query?where=HAVZA_ID%3D20&geometry=36.239000%2C37.519000&geometryType=esriGeometryPoint&inSR=4326&spatialRel=esriSpatialRelIntersects&distance=5&units=esriSRUnit_Kilometer&outFields=OBJECTID%2Cadi%2Cnehir_kod%2Cstrahler%2Cuzunluk%2CHAVZA_ID&returnGeometry=true&outSR=4326&orderByFields=strahler+DESC&resultRecordCount=20&f=geojson","catchmentUrl":"https://cbs1.tarimorman.gov.tr/server/rest/services/TATUS/FeatureServer/9/query?where=1%3D1&geometry=36.239000%2C37.519000&geometryType=esriGeometryPoint&inSR=4326&spatialRel=esriSpatialRelIntersects&outFields=%2A&returnGeometry=true&outSR=4326&resultRecordCount=5&f=geojson","catchmentLabel":"Santral popup: Su alanını göster","gisConfidence":"Orta-Düşük","gisNote":"TATUS baraj point doğrudan eşleşmesi bu çalışma kitabında çözülmedi; sorgu URL'si eklendi; Akarsu/catchment sorgusu yaklaşık trafo noktasına dayanır; santral/baraj noktası ile doğrulanmalı","hasDamMatch":false,"riverName":"Kesiş","riverMatchMethod":"tatus-spatial","riverConfidence":"medium","riverIds":["river177-0207","river177-0209","river177-0210","river177-0212","river177-0213","river177-0214","river177-0215","river177-0216","river177-0217","river177-0218","river177-0219","river177-0220","river177-0221","river177-0222","river177-1509","river177-1510","river177-1511","river177-1512","river177-1513","river177-1514"],"damIds":[],"stationIds":["station177-548","station177-1286"],"cascadeToId":null,"cascadeFromIds":[],"isProducer":false}},{"type":"Feature","id":"hes177-100","geometry":{"type":"Point","coordinates":[38.027,36.871]},"properties":{"id":"hes177-100","entityId":"hes177-100","entityType":"hes177","name":"KARKAMIŞ HES","inventoryOrder":100,"basinId":"21","basinName":"Fırat-Dicle","province":"GAZİANTEP","damName":"KARKAMIŞ","installedPowerMw":189.0,"unitFlowM3s":null,"maxWaterLevelM":340.0,"minWaterLevelM":336.0,"maxVolumeHm3":null,"minVolumeHm3":null,"activeVolumeHm3":null,"waterEnergyMwh":null,"epiasDate":null,"dataQuality":"C","sourceMatchMethod":"eşleşme yok","cascadeName":null,"cascadeSourceValue":"10","notes":"EPİAŞ su göstergesi eşleşmesi bulunamadı; Kaskat alanında kaynak değeri '10' (belirsiz/sentinel); Koordinat güvenilir açık kaynaktan doğrulanamadı; Ünite debisi doğrulanamadı; Maksimum/minimum hacim doğrulanamadı; Santral/baraj kesin koordinatı doğrulanamadığı için eşleşen trafo merkezi koordinatı harita referansı olarak kullanıldı; kesin HES konumu değildir.","coordinateStatus":"Trafo merkezi koordinatı ile tamamlandı","coordinateType":"Trafo merkezi / elektrik bağlantı noktası (yaklaşık)","coordinateSource":"transformer","coordinateKind":"transformer","transformerId":"665","transformerName":"KARKAMIŞ HES","riverNameSource":"TATUS spatial query hazır; en yakın/uygun LineString seçilmeli","riverCode":"TR21NH001992","riverQueryUrl":"https://cbs1.tarimorman.gov.tr/server/rest/services/TATUS/FeatureServer/8/query?where=HAVZA_ID%3D21&geometry=38.027000%2C36.871000&geometryType=esriGeometryPoint&inSR=4326&spatialRel=esriSpatialRelIntersects&distance=5&units=esriSRUnit_Kilometer&outFields=OBJECTID%2Cadi%2Cnehir_kod%2Cstrahler%2Cuzunluk%2CHAVZA_ID&returnGeometry=true&outSR=4326&orderByFields=strahler+DESC&resultRecordCount=20&f=geojson","catchmentUrl":"https://cbs1.tarimorman.gov.tr/server/rest/services/TATUS/FeatureServer/9/query?where=1%3D1&geometry=38.027000%2C36.871000&geometryType=esriGeometryPoint&inSR=4326&spatialRel=esriSpatialRelIntersects&outFields=%2A&returnGeometry=true&outSR=4326&resultRecordCount=5&f=geojson","catchmentLabel":"Santral popup: Su alanını göster","gisConfidence":"Orta-Düşük","gisNote":"TATUS baraj point doğrudan eşleşmesi bu çalışma kitabında çözülmedi; sorgu URL'si eklendi; Akarsu/catchment sorgusu yaklaşık trafo noktasına dayanır; santral/baraj noktası ile doğrulanmalı; Fırat-Dicle havzasında nehir adı havzadan türetilmedi; yanlış Fırat/Dicle eşleşmesini önlemek için spatial doğrulama gerekli","hasDamMatch":false,"riverName":"Fırat","riverMatchMethod":"tatus-spatial+name","riverConfidence":"high","riverIds":["river177-1515","river177-1516","river177-1517","river177-1518","river177-1519","river177-1520","river177-1521","river177-1522","river177-1523","river177-1524","river177-1525","river177-1526","river177-1527","river177-1528","river177-1529","river177-1530","river177-1531","river177-1532","river177-1533"],"damIds":[],"stationIds":["station177-590","station177-608"],"cascadeToId":null,"cascadeFromIds":["hes177-037"],"isProducer":false}},{"type":"Feature","id":"hes177-101","geometry":null,"properties":{"id":"hes177-101","entityId":"hes177-101","entityType":"hes177","name":"KARTALKAYA HES","inventoryOrder":101,"basinId":"20","basinName":"Ceyhan","province":"KAHRAMANMARAŞ","damName":"KARTALKAYA","installedPowerMw":8.0,"unitFlowM3s":19.7,"maxWaterLevelM":717.48,"minWaterLevelM":685.08,"maxVolumeHm3":160.78,"minVolumeHm3":0.0,"activeVolumeHm3":80.36,"waterEnergyMwh":9.16,"epiasDate":"46278.81434027778","dataQuality":"B","sourceMatchMethod":"exact","cascadeName":"SIR HES","cascadeSourceValue":"SIR HES","notes":"Koordinat güvenilir açık kaynaktan doğrulanamadı","coordinateStatus":"Koordinat eksik","coordinateType":"—","coordinateSource":null,"coordinateKind":"unresolved","transformerId":null,"transformerName":null,"riverNameSource":"Havza ana akarsuyu ön-eşleme; TATUS spatial query ile doğrulanmalı","riverCode":"TR20NH030292","riverQueryUrl":null,"catchmentUrl":null,"catchmentLabel":"Santral popup: Su alanını göster","gisConfidence":"Yok","gisNote":"TATUS baraj point doğrudan eşleşmesi bu çalışma kitabında çözülmedi; sorgu URL'si eklendi; Koordinat eksik olduğu için akarsu ve su toplama alanı spatial sorgusu üretilemedi","hasDamMatch":false,"riverName":"Kilgen","riverMatchMethod":"tatus-spatial","riverConfidence":"medium","riverIds":["river177-1534","river177-1535","river177-1536","river177-1537","river177-1538","river177-1539","river177-1540","river177-1541","river177-1542","river177-1543","river177-1544","river177-1545"],"damIds":[],"stationIds":[],"cascadeToId":"hes177-145","cascadeFromIds":[],"isProducer":false}},{"type":"Feature","id":"hes177-102","geometry":{"type":"Point","coordinates":[31.218,37.387]},"properties":{"id":"hes177-102","entityId":"hes177-102","entityType":"hes177","name":"KASIMLAR HES","inventoryOrder":102,"basinId":"9","basinName":"Antalya","province":"ISPARTA","damName":"KASIMLAR","installedPowerMw":25.0,"unitFlowM3s":null,"maxWaterLevelM":828.0,"minWaterLevelM":792.0,"maxVolumeHm3":null,"minVolumeHm3":null,"activeVolumeHm3":null,"waterEnergyMwh":null,"epiasDate":null,"dataQuality":"C","sourceMatchMethod":"eşleşme yok","cascadeName":null,"cascadeSourceValue":"10","notes":"EPİAŞ su göstergesi eşleşmesi bulunamadı; Kaskat alanında kaynak değeri '10' (belirsiz/sentinel); Koordinat güvenilir açık kaynaktan doğrulanamadı; Ünite debisi doğrulanamadı; Maksimum/minimum hacim doğrulanamadı; Santral/baraj kesin koordinatı doğrulanamadığı için eşleşen trafo merkezi koordinatı harita referansı olarak kullanıldı; kesin HES konumu değildir.","coordinateStatus":"Trafo merkezi koordinatı ile tamamlandı","coordinateType":"Trafo merkezi / elektrik bağlantı noktası (yaklaşık)","coordinateSource":"transformer","coordinateKind":"transformer","transformerId":"1347","transformerName":"KASIMLAR HES","riverNameSource":"TATUS spatial query hazır; en yakın/uygun LineString seçilmeli","riverCode":"TR09NH072283","riverQueryUrl":"https://cbs1.tarimorman.gov.tr/server/rest/services/TATUS/FeatureServer/8/query?where=HAVZA_ID%3D9&geometry=31.218000%2C37.387000&geometryType=esriGeometryPoint&inSR=4326&spatialRel=esriSpatialRelIntersects&distance=5&units=esriSRUnit_Kilometer&outFields=OBJECTID%2Cadi%2Cnehir_kod%2Cstrahler%2Cuzunluk%2CHAVZA_ID&returnGeometry=true&outSR=4326&orderByFields=strahler+DESC&resultRecordCount=20&f=geojson","catchmentUrl":"https://cbs1.tarimorman.gov.tr/server/rest/services/TATUS/FeatureServer/9/query?where=1%3D1&geometry=31.218000%2C37.387000&geometryType=esriGeometryPoint&inSR=4326&spatialRel=esriSpatialRelIntersects&outFields=%2A&returnGeometry=true&outSR=4326&resultRecordCount=5&f=geojson","catchmentLabel":"Santral popup: Su alanını göster","gisConfidence":"Orta-Düşük","gisNote":"TATUS baraj point doğrudan eşleşmesi bu çalışma kitabında çözülmedi; sorgu URL'si eklendi; Akarsu/catchment sorgusu yaklaşık trafo noktasına dayanır; santral/baraj noktası ile doğrulanmalı","hasDamMatch":false,"riverName":"Sannı","riverMatchMethod":"tatus-spatial","riverConfidence":"medium","riverIds":["river177-1546","river177-1547","river177-1548","river177-1549","river177-1550","river177-1551","river177-1552","river177-1553","river177-1554","river177-1555","river177-1556","river177-1557","river177-1558","river177-1559","river177-1560","river177-1561","river177-1562","river177-1563","river177-1564"],"damIds":[],"stationIds":["station177-1029","station177-1030","station177-1031","station177-1033"],"cascadeToId":null,"cascadeFromIds":[],"isProducer":false}},{"type":"Feature","id":"hes177-103","geometry":{"type":"Point","coordinates":[35.5294,37.562578]},"properties":{"id":"hes177-103","entityId":"hes177-103","entityType":"hes177","name":"KAVŞAKBENDİ HES","inventoryOrder":103,"basinId":"18","basinName":"Seyhan","province":"ADANA","damName":"KAVŞAKBENDİ HES","installedPowerMw":185.8,"unitFlowM3s":264.2,"maxWaterLevelM":318.0,"minWaterLevelM":312.0,"maxVolumeHm3":30.19,"minVolumeHm3":22.63,"activeVolumeHm3":3.64,"waterEnergyMwh":0.75,"epiasDate":"46278.81434027778","dataQuality":"A","sourceMatchMethod":"exact","cascadeName":"SANİBEY HES","cascadeSourceValue":"SANİBEY HES","notes":null,"coordinateStatus":"Doğrulanmış koordinat mevcut","coordinateType":"HES / baraj noktası","coordinateSource":"workbook-verified","coordinateKind":"verified","transformerId":"1098","transformerName":"KAVŞAKBENDİ HES","riverNameSource":"Havza ana akarsuyu ön-eşleme; TATUS spatial query ile doğrulanmalı","riverCode":"TR18NH029650","riverQueryUrl":"https://cbs1.tarimorman.gov.tr/server/rest/services/TATUS/FeatureServer/8/query?where=HAVZA_ID%3D18&geometry=35.529400%2C37.562578&geometryType=esriGeometryPoint&inSR=4326&spatialRel=esriSpatialRelIntersects&distance=5&units=esriSRUnit_Kilometer&outFields=OBJECTID%2Cadi%2Cnehir_kod%2Cstrahler%2Cuzunluk%2CHAVZA_ID&returnGeometry=true&outSR=4326&orderByFields=strahler+DESC&resultRecordCount=20&f=geojson","catchmentUrl":"https://cbs1.tarimorman.gov.tr/server/rest/services/TATUS/FeatureServer/9/query?where=1%3D1&geometry=35.529400%2C37.562578&geometryType=esriGeometryPoint&inSR=4326&spatialRel=esriSpatialRelIntersects&outFields=%2A&returnGeometry=true&outSR=4326&resultRecordCount=5&f=geojson","catchmentLabel":"Santral popup: Su alanını göster","gisConfidence":"Yüksek","gisNote":"TATUS baraj point doğrudan eşleşmesi bu çalışma kitabında çözülmedi; sorgu URL'si eklendi","hasDamMatch":true,"damMatchMethod":"name+basin+near-coordinate","riverName":"Yeşilırmak","riverMatchMethod":"tatus-spatial+name","riverConfidence":"high","riverIds":["river177-1565","river177-1566","river177-1567","river177-1568","river177-1569","river177-1570","river177-1571","river177-1572","river177-1573","river177-1574","river177-1575","river177-1576","river177-1577","river177-1578","river177-1579","river177-1580","river177-1581"],"damIds":["dam177-034"],"stationIds":[],"cascadeToId":"hes177-137","cascadeFromIds":["hes177-120"],"isProducer":true}},{"type":"Feature","id":"hes177-104","geometry":{"type":"Point","coordinates":[38.625,40.69]},"properties":{"id":"hes177-104","entityId":"hes177-104","entityType":"hes177","name":"KAYAKÖPRÜ HES","inventoryOrder":104,"basinId":"22","basinName":"Doğu Karadeniz","province":"GİRESUN","damName":"KAYAKÖPRÜ","installedPowerMw":38.6,"unitFlowM3s":null,"maxWaterLevelM":847.0,"minWaterLevelM":838.0,"maxVolumeHm3":null,"minVolumeHm3":null,"activeVolumeHm3":null,"waterEnergyMwh":null,"epiasDate":null,"dataQuality":"C","sourceMatchMethod":"eşleşme yok","cascadeName":null,"cascadeSourceValue":"10","notes":"EPİAŞ su göstergesi eşleşmesi bulunamadı; Kaskat alanında kaynak değeri '10' (belirsiz/sentinel); Koordinat güvenilir açık kaynaktan doğrulanamadı; Ünite debisi doğrulanamadı; Maksimum/minimum hacim doğrulanamadı; Santral/baraj kesin koordinatı doğrulanamadığı için eşleşen trafo merkezi koordinatı harita referansı olarak kullanıldı; kesin HES konumu değildir.","coordinateStatus":"Trafo merkezi koordinatı ile tamamlandı","coordinateType":"Trafo merkezi / elektrik bağlantı noktası (yaklaşık)","coordinateSource":"transformer","coordinateKind":"transformer","transformerId":"884","transformerName":"KAYAKÖPRÜ HES","riverNameSource":"TATUS spatial query hazır; en yakın/uygun LineString seçilmeli","riverCode":"TR22NH041020","riverQueryUrl":"https://cbs1.tarimorman.gov.tr/server/rest/services/TATUS/FeatureServer/8/query?where=HAVZA_ID%3D22&geometry=38.625000%2C40.690000&geometryType=esriGeometryPoint&inSR=4326&spatialRel=esriSpatialRelIntersects&distance=5&units=esriSRUnit_Kilometer&outFields=OBJECTID%2Cadi%2Cnehir_kod%2Cstrahler%2Cuzunluk%2CHAVZA_ID&returnGeometry=true&outSR=4326&orderByFields=strahler+DESC&resultRecordCount=20&f=geojson","catchmentUrl":"https://cbs1.tarimorman.gov.tr/server/rest/services/TATUS/FeatureServer/9/query?where=1%3D1&geometry=38.625000%2C40.690000&geometryType=esriGeometryPoint&inSR=4326&spatialRel=esriSpatialRelIntersects&outFields=%2A&returnGeometry=true&outSR=4326&resultRecordCount=5&f=geojson","catchmentLabel":"Santral popup: Su alanını göster","gisConfidence":"Orta-Düşük","gisNote":"TATUS baraj point doğrudan eşleşmesi bu çalışma kitabında çözülmedi; sorgu URL'si eklendi; Akarsu/catchment sorgusu yaklaşık trafo noktasına dayanır; santral/baraj noktası ile doğrulanmalı","hasDamMatch":false,"riverName":"Yağlı","riverMatchMethod":"tatus-spatial","riverConfidence":"medium","riverIds":["river177-1582","river177-1583","river177-1584","river177-1585","river177-1586","river177-1587","river177-1588","river177-1589","river177-1590","river177-1591","river177-1592","river177-1593","river177-1594","river177-1595","river177-1596","river177-1597","river177-1598","river177-1599","river177-1600"],"damIds":[],"stationIds":["station177-1392","station177-1393","station177-1490","station177-1492","station177-1498","station177-1499","station177-1509","station177-1515"],"cascadeToId":null,"cascadeFromIds":[],"isProducer":false}},{"type":"Feature","id":"hes177-105","geometry":{"type":"Point","coordinates":[38.754,38.807]},"properties":{"id":"hes177-105","entityId":"hes177-105","entityType":"hes177","name":"KEBAN HES","inventoryOrder":105,"basinId":"21","basinName":"Fırat-Dicle","province":"ELAZIĞ","damName":"KEBAN","installedPowerMw":1330.0,"unitFlowM3s":null,"maxWaterLevelM":845.0,"minWaterLevelM":820.0,"maxVolumeHm3":null,"minVolumeHm3":null,"activeVolumeHm3":null,"waterEnergyMwh":null,"epiasDate":null,"dataQuality":"C","sourceMatchMethod":"eşleşme yok","cascadeName":"KARAKAYA HES DİYARBAKIR","cascadeSourceValue":"KARAKAYA HES DİYARBAKIR","notes":"EPİAŞ su göstergesi eşleşmesi bulunamadı; Koordinat güvenilir açık kaynaktan doğrulanamadı; Ünite debisi doğrulanamadı; Maksimum/minimum hacim doğrulanamadı; Santral/baraj kesin koordinatı doğrulanamadığı için eşleşen trafo merkezi koordinatı harita referansı olarak kullanıldı; kesin HES konumu değildir.","coordinateStatus":"Trafo merkezi koordinatı ile tamamlandı","coordinateType":"Trafo merkezi / elektrik bağlantı noktası (yaklaşık)","coordinateSource":"transformer","coordinateKind":"transformer","transformerId":"857","transformerName":"KEBAN HES","riverNameSource":"TATUS spatial query hazır; en yakın/uygun LineString seçilmeli","riverCode":"TR21NH721890","riverQueryUrl":"https://cbs1.tarimorman.gov.tr/server/rest/services/TATUS/FeatureServer/8/query?where=HAVZA_ID%3D21&geometry=38.754000%2C38.807000&geometryType=esriGeometryPoint&inSR=4326&spatialRel=esriSpatialRelIntersects&distance=5&units=esriSRUnit_Kilometer&outFields=OBJECTID%2Cadi%2Cnehir_kod%2Cstrahler%2Cuzunluk%2CHAVZA_ID&returnGeometry=true&outSR=4326&orderByFields=strahler+DESC&resultRecordCount=20&f=geojson","catchmentUrl":"https://cbs1.tarimorman.gov.tr/server/rest/services/TATUS/FeatureServer/9/query?where=1%3D1&geometry=38.754000%2C38.807000&geometryType=esriGeometryPoint&inSR=4326&spatialRel=esriSpatialRelIntersects&outFields=%2A&returnGeometry=true&outSR=4326&resultRecordCount=5&f=geojson","catchmentLabel":"Santral popup: Su alanını göster","gisConfidence":"Orta-Düşük","gisNote":"TATUS baraj point doğrudan eşleşmesi bu çalışma kitabında çözülmedi; sorgu URL'si eklendi; Akarsu/catchment sorgusu yaklaşık trafo noktasına dayanır; santral/baraj noktası ile doğrulanmalı; Fırat-Dicle havzasında nehir adı havzadan türetilmedi; yanlış Fırat/Dicle eşleşmesini önlemek için spatial doğrulama gerekli","hasDamMatch":false,"riverName":"Fırat","riverMatchMethod":"tatus-spatial+name","riverConfidence":"high","riverIds":["river177-1601","river177-1602","river177-1603","river177-1604","river177-1605","river177-1606","river177-1607","river177-1608","river177-1609","river177-1610","river177-1611","river177-1612","river177-1613","river177-1614","river177-1615","river177-1616","river177-1617","river177-1618","river177-1619"],"damIds":[],"stationIds":["station177-618","station177-939","station177-1343"],"cascadeToId":"hes177-093","cascadeFromIds":["hes177-028","hes177-036","hes177-155","hes177-167"],"isProducer":false}},{"type":"Feature","id":"hes177-106","geometry":{"type":"Point","coordinates":[28.5249,37.57204]},"properties":{"id":"hes177-106","entityId":"hes177-106","entityType":"hes177","name":"KEMER HES","inventoryOrder":106,"basinId":"7","basinName":"Büyük Menderes","province":"AYDIN","damName":"KEMER","installedPowerMw":48.0,"unitFlowM3s":66.6,"maxWaterLevelM":292.5,"minWaterLevelM":248.65,"maxVolumeHm3":413.97,"minVolumeHm3":45.66,"activeVolumeHm3":91.21,"waterEnergyMwh":16.41,"epiasDate":"46278.81434027778","dataQuality":"A","sourceMatchMethod":"exact","cascadeName":null,"cascadeSourceValue":"10","notes":"Kaskat alanında kaynak değeri '10' (belirsiz/sentinel)","coordinateStatus":"Doğrulanmış koordinat mevcut","coordinateType":"HES / baraj noktası","coordinateSource":"workbook-verified","coordinateKind":"verified","transformerId":"435","transformerName":"KEMER HES","riverNameSource":"Havza ana akarsuyu ön-eşleme; TATUS spatial query ile doğrulanmalı","riverCode":"TR07NH058318","riverQueryUrl":"https://cbs1.tarimorman.gov.tr/server/rest/services/TATUS/FeatureServer/8/query?where=HAVZA_ID%3D7&geometry=28.524900%2C37.572040&geometryType=esriGeometryPoint&inSR=4326&spatialRel=esriSpatialRelIntersects&distance=5&units=esriSRUnit_Kilometer&outFields=OBJECTID%2Cadi%2Cnehir_kod%2Cstrahler%2Cuzunluk%2CHAVZA_ID&returnGeometry=true&outSR=4326&orderByFields=strahler+DESC&resultRecordCount=20&f=geojson","catchmentUrl":"https://cbs1.tarimorman.gov.tr/server/rest/services/TATUS/FeatureServer/9/query?where=1%3D1&geometry=28.524900%2C37.572040&geometryType=esriGeometryPoint&inSR=4326&spatialRel=esriSpatialRelIntersects&outFields=%2A&returnGeometry=true&outSR=4326&resultRecordCount=5&f=geojson","catchmentLabel":"Santral popup: Su alanını göster","gisConfidence":"Yüksek","gisNote":null,"hasDamMatch":true,"damMatchMethod":"name+basin+near-coordinate","riverIds":["river177-1620","river177-1621","river177-1622","river177-1623","river177-1624","river177-1625","river177-1626","river177-1627","river177-1628","river177-1629","river177-1630","river177-1631","river177-1632","river177-1633","river177-1634","river177-1635"],"damIds":["dam177-065"],"stationIds":["station177-164","station177-847"],"cascadeToId":null,"cascadeFromIds":[],"isProducer":true}},{"type":"Feature","id":"hes177-107","geometry":{"type":"Point","coordinates":[33.42084,39.39565]},"properties":{"id":"hes177-107","entityId":"hes177-107","entityType":"hes177","name":"KESİKKÖPRÜ","inventoryOrder":107,"basinId":"15","basinName":"Kızılırmak","province":"ANKARA","damName":"KESİKKÖPRÜ","installedPowerMw":76.0,"unitFlowM3s":110.0,"maxWaterLevelM":785.55,"minWaterLevelM":770.9,"maxVolumeHm3":89.78,"minVolumeHm3":32.45,"activeVolumeHm3":55.54,"waterEnergyMwh":5.18,"epiasDate":"46278.81434027778","dataQuality":"A","sourceMatchMethod":"exact","cascadeName":"KAPULUKAYA HES","cascadeSourceValue":"KAPULUKAYA HES","notes":null,"coordinateStatus":"Doğrulanmış koordinat mevcut","coordinateType":"HES / baraj noktası","coordinateSource":"workbook-verified","coordinateKind":"verified","transformerId":"916","transformerName":"KESİKKÖPRÜ HES","riverNameSource":"Havza ana akarsuyu ön-eşleme; TATUS spatial query ile doğrulanmalı","riverCode":"TR15NH401955","riverQueryUrl":"https://cbs1.tarimorman.gov.tr/server/rest/services/TATUS/FeatureServer/8/query?where=HAVZA_ID%3D15&geometry=33.420840%2C39.395650&geometryType=esriGeometryPoint&inSR=4326&spatialRel=esriSpatialRelIntersects&distance=5&units=esriSRUnit_Kilometer&outFields=OBJECTID%2Cadi%2Cnehir_kod%2Cstrahler%2Cuzunluk%2CHAVZA_ID&returnGeometry=true&outSR=4326&orderByFields=strahler+DESC&resultRecordCount=20&f=geojson","catchmentUrl":"https://cbs1.tarimorman.gov.tr/server/rest/services/TATUS/FeatureServer/9/query?where=1%3D1&geometry=33.420840%2C39.395650&geometryType=esriGeometryPoint&inSR=4326&spatialRel=esriSpatialRelIntersects&outFields=%2A&returnGeometry=true&outSR=4326&resultRecordCount=5&f=geojson","catchmentLabel":"Santral popup: Su alanını göster","gisConfidence":"Yüksek","gisNote":null,"hasDamMatch":true,"damMatchMethod":"name+basin+near-coordinate","riverName":"Kızılırmak","riverMatchMethod":"tatus-spatial+name","riverConfidence":"high","riverIds":["river177-1636","river177-1637","river177-1638","river177-1639","river177-1640","river177-1641","river177-1642","river177-1643","river177-1644","river177-1645","river177-1646","river177-1647","river177-1648","river177-1649","river177-1650","river177-1651"],"damIds":["dam177-024"],"stationIds":["station177-399","station177-1164"],"cascadeToId":"hes177-090","cascadeFromIds":["hes177-084"],"isProducer":true}},{"type":"Feature","id":"hes177-108","geometry":{"type":"Point","coordinates":[36.80339,37.62661]},"properties":{"id":"hes177-108","entityId":"hes177-108","entityType":"hes177","name":"KILAVUZLU HES","inventoryOrder":108,"basinId":"20","basinName":"Ceyhan","province":"KAHRAMANMARAŞ","damName":"KILAVUZLU","installedPowerMw":54.0,"unitFlowM3s":130.8,"maxWaterLevelM":485.5,"minWaterLevelM":483.5,"maxVolumeHm3":78.65,"minVolumeHm3":71.99,"activeVolumeHm3":5.53,"waterEnergyMwh":0.71,"epiasDate":"46278.81434027778","dataQuality":"A","sourceMatchMethod":"exact","cascadeName":"SIR HES","cascadeSourceValue":"SIR HES","notes":null,"coordinateStatus":"Doğrulanmış koordinat mevcut","coordinateType":"HES / baraj noktası","coordinateSource":"workbook-verified","coordinateKind":"verified","transformerId":null,"transformerName":null,"riverNameSource":"Havza ana akarsuyu ön-eşleme; TATUS spatial query ile doğrulanmalı","riverCode":"TR20NH110645","riverQueryUrl":"https://cbs1.tarimorman.gov.tr/server/rest/services/TATUS/FeatureServer/8/query?where=HAVZA_ID%3D20&geometry=36.803390%2C37.626610&geometryType=esriGeometryPoint&inSR=4326&spatialRel=esriSpatialRelIntersects&distance=5&units=esriSRUnit_Kilometer&outFields=OBJECTID%2Cadi%2Cnehir_kod%2Cstrahler%2Cuzunluk%2CHAVZA_ID&returnGeometry=true&outSR=4326&orderByFields=strahler+DESC&resultRecordCount=20&f=geojson","catchmentUrl":"https://cbs1.tarimorman.gov.tr/server/rest/services/TATUS/FeatureServer/9/query?where=1%3D1&geometry=36.803390%2C37.626610&geometryType=esriGeometryPoint&inSR=4326&spatialRel=esriSpatialRelIntersects&outFields=%2A&returnGeometry=true&outSR=4326&resultRecordCount=5&f=geojson","catchmentLabel":"Santral popup: Su alanını göster","gisConfidence":"Yüksek","gisNote":null,"hasDamMatch":true,"damMatchMethod":"name+basin+near-coordinate","riverName":"Seyhan","riverMatchMethod":"tatus-spatial+name","riverConfidence":"high","riverIds":["river177-1652","river177-1653","river177-1654","river177-1655","river177-1656","river177-1657","river177-1658","river177-1659","river177-1660","river177-1661","river177-1662","river177-1663","river177-1664","river177-1665","river177-1666","river177-1667"],"damIds":["dam177-044"],"stationIds":["station177-1268"],"cascadeToId":"hes177-145","cascadeFromIds":["hes177-127"],"isProducer":true}},{"type":"Feature","id":"hes177-109","geometry":{"type":"Point","coordinates":[38.187,40.244]},"properties":{"id":"hes177-109","entityId":"hes177-109","entityType":"hes177","name":"KILIÇKAYA HES","inventoryOrder":109,"basinId":"14","basinName":"Yeşilırmak","province":"SİVAS","damName":"KILIÇKAYA","installedPowerMw":124.0,"unitFlowM3s":162.1,"maxWaterLevelM":850.0,"minWaterLevelM":821.0,"maxVolumeHm3":1400.39,"minVolumeHm3":367.13,"activeVolumeHm3":721.2,"waterEnergyMwh":141.0,"epiasDate":"46278.81434027778","dataQuality":"B","sourceMatchMethod":"exact","cascadeName":"ÇAMLIGÖZE HES","cascadeSourceValue":"ÇAMLIGÖZE HES","notes":"Koordinat güvenilir açık kaynaktan doğrulanamadı; Santral/baraj kesin koordinatı doğrulanamadığı için eşleşen trafo merkezi koordinatı harita referansı olarak kullanıldı; kesin HES konumu değildir.","coordinateStatus":"Trafo merkezi koordinatı ile tamamlandı","coordinateType":"Trafo merkezi / elektrik bağlantı noktası (yaklaşık)","coordinateSource":"transformer","coordinateKind":"transformer","transformerId":"797","transformerName":"KILIÇKAYA HES","riverNameSource":"Havza ana akarsuyu ön-eşleme; TATUS spatial query ile doğrulanmalı","riverCode":"TR14NH179734","riverQueryUrl":"https://cbs1.tarimorman.gov.tr/server/rest/services/TATUS/FeatureServer/8/query?where=HAVZA_ID%3D14&geometry=38.187000%2C40.244000&geometryType=esriGeometryPoint&inSR=4326&spatialRel=esriSpatialRelIntersects&distance=5&units=esriSRUnit_Kilometer&outFields=OBJECTID%2Cadi%2Cnehir_kod%2Cstrahler%2Cuzunluk%2CHAVZA_ID&returnGeometry=true&outSR=4326&orderByFields=strahler+DESC&resultRecordCount=20&f=geojson","catchmentUrl":"https://cbs1.tarimorman.gov.tr/server/rest/services/TATUS/FeatureServer/9/query?where=1%3D1&geometry=38.187000%2C40.244000&geometryType=esriGeometryPoint&inSR=4326&spatialRel=esriSpatialRelIntersects&outFields=%2A&returnGeometry=true&outSR=4326&resultRecordCount=5&f=geojson","catchmentLabel":"Santral popup: Su alanını göster","gisConfidence":"Orta-Düşük","gisNote":"TATUS baraj point doğrudan eşleşmesi bu çalışma kitabında çözülmedi; sorgu URL'si eklendi; Akarsu/catchment sorgusu yaklaşık trafo noktasına dayanır; santral/baraj noktası ile doğrulanmalı","hasDamMatch":true,"damMatchMethod":"name+basin+near-coordinate","riverName":"Yeşilırmak","riverMatchMethod":"tatus-spatial+name","riverConfidence":"high","riverIds":["river177-1668","river177-1669","river177-1670","river177-1671","river177-1672","river177-1673","river177-1674","river177-1675","river177-1676","river177-1677","river177-1678","river177-1679","river177-1680","river177-1681","river177-1682","river177-1683","river177-1684","river177-1685","river177-1686"],"damIds":["dam177-012"],"stationIds":["station177-343","station177-1106","station177-1159"],"cascadeToId":"hes177-046","cascadeFromIds":[],"isProducer":true}},{"type":"Feature","id":"hes177-110","geometry":{"type":"Point","coordinates":[40.373,39.299]},"properties":{"id":"hes177-110","entityId":"hes177-110","entityType":"hes177","name":"KİĞI HES","inventoryOrder":110,"basinId":"21","basinName":"Fırat-Dicle","province":"BİNGÖL","damName":"KİĞI","installedPowerMw":138.0,"unitFlowM3s":null,"maxWaterLevelM":1365.0,"minWaterLevelM":1307.0,"maxVolumeHm3":null,"minVolumeHm3":null,"activeVolumeHm3":null,"waterEnergyMwh":null,"epiasDate":null,"dataQuality":"C","sourceMatchMethod":"eşleşme yok","cascadeName":"ÖZLÜCE HES","cascadeSourceValue":"ÖZLÜCE HES","notes":"EPİAŞ su göstergesi eşleşmesi bulunamadı; Koordinat güvenilir açık kaynaktan doğrulanamadı; Ünite debisi doğrulanamadı; Maksimum/minimum hacim doğrulanamadı; Santral/baraj kesin koordinatı doğrulanamadığı için eşleşen trafo merkezi koordinatı harita referansı olarak kullanıldı; kesin HES konumu değildir.","coordinateStatus":"Trafo merkezi koordinatı ile tamamlandı","coordinateType":"Trafo merkezi / elektrik bağlantı noktası (yaklaşık)","coordinateSource":"transformer","coordinateKind":"transformer","transformerId":"1475","transformerName":"KİĞI HES","riverNameSource":"TATUS spatial query hazır; en yakın/uygun LineString seçilmeli","riverCode":"TR21NH484971","riverQueryUrl":"https://cbs1.tarimorman.gov.tr/server/rest/services/TATUS/FeatureServer/8/query?where=HAVZA_ID%3D21&geometry=40.373000%2C39.299000&geometryType=esriGeometryPoint&inSR=4326&spatialRel=esriSpatialRelIntersects&distance=5&units=esriSRUnit_Kilometer&outFields=OBJECTID%2Cadi%2Cnehir_kod%2Cstrahler%2Cuzunluk%2CHAVZA_ID&returnGeometry=true&outSR=4326&orderByFields=strahler+DESC&resultRecordCount=20&f=geojson","catchmentUrl":"https://cbs1.tarimorman.gov.tr/server/rest/services/TATUS/FeatureServer/9/query?where=1%3D1&geometry=40.373000%2C39.299000&geometryType=esriGeometryPoint&inSR=4326&spatialRel=esriSpatialRelIntersects&outFields=%2A&returnGeometry=true&outSR=4326&resultRecordCount=5&f=geojson","catchmentLabel":"Santral popup: Su alanını göster","gisConfidence":"Orta-Düşük","gisNote":"TATUS baraj point doğrudan eşleşmesi bu çalışma kitabında çözülmedi; sorgu URL'si eklendi; Akarsu/catchment sorgusu yaklaşık trafo noktasına dayanır; santral/baraj noktası ile doğrulanmalı; Fırat-Dicle havzasında nehir adı havzadan türetilmedi; yanlış Fırat/Dicle eşleşmesini önlemek için spatial doğrulama gerekli","hasDamMatch":false,"riverName":"Fırat","riverMatchMethod":"tatus-spatial+name","riverConfidence":"high","riverIds":["river177-1687","river177-1688","river177-1689","river177-1690","river177-1691","river177-1692","river177-1693","river177-1694","river177-1695","river177-1696","river177-1697","river177-1698","river177-1699","river177-1700","river177-1701","river177-1702","river177-1703","river177-1704","river177-1705","river177-1706"],"damIds":[],"stationIds":[],"cascadeToId":"hes177-134","cascadeFromIds":[],"isProducer":false}},{"type":"Feature","id":"hes177-111","geometry":{"type":"Point","coordinates":[42.061,37.922]},"properties":{"id":"hes177-111","entityId":"hes177-111","entityType":"hes177","name":"KİRAZLIK HES","inventoryOrder":111,"basinId":"21","basinName":"Fırat-Dicle","province":"SİİRT","damName":"KİRAZLIK","installedPowerMw":46.0,"unitFlowM3s":null,"maxWaterLevelM":542.0,"minWaterLevelM":537.5,"maxVolumeHm3":null,"minVolumeHm3":null,"activeVolumeHm3":null,"waterEnergyMwh":null,"epiasDate":null,"dataQuality":"C","sourceMatchMethod":"eşleşme yok","cascadeName":null,"cascadeSourceValue":"10","notes":"EPİAŞ su göstergesi eşleşmesi bulunamadı; Kaskat alanında kaynak değeri '10' (belirsiz/sentinel); Koordinat güvenilir açık kaynaktan doğrulanamadı; Kurulu güç bulunamadı; Eksik kurulu güç/il bilgisi kamuya açık web kaynağıyla tamamlandı; Ünite debisi doğrulanamadı; Maksimum/minimum hacim doğrulanamadı; Santral/baraj kesin koordinatı doğrulanamadığı için eşleşen trafo merkezi koordinatı harita referansı olarak kullanıldı; kesin HES konumu değildir.","coordinateStatus":"Trafo merkezi koordinatı ile tamamlandı","coordinateType":"Trafo merkezi / elektrik bağlantı noktası (yaklaşık)","coordinateSource":"transformer","coordinateKind":"transformer","transformerId":"1075","transformerName":"KİRAZLIK HES","riverNameSource":"TATUS spatial query hazır; en yakın/uygun LineString seçilmeli","riverCode":"TR21NH722604","riverQueryUrl":"https://cbs1.tarimorman.gov.tr/server/rest/services/TATUS/FeatureServer/8/query?where=HAVZA_ID%3D21&geometry=42.061000%2C37.922000&geometryType=esriGeometryPoint&inSR=4326&spatialRel=esriSpatialRelIntersects&distance=5&units=esriSRUnit_Kilometer&outFields=OBJECTID%2Cadi%2Cnehir_kod%2Cstrahler%2Cuzunluk%2CHAVZA_ID&returnGeometry=true&outSR=4326&orderByFields=strahler+DESC&resultRecordCount=20&f=geojson","catchmentUrl":"https://cbs1.tarimorman.gov.tr/server/rest/services/TATUS/FeatureServer/9/query?where=1%3D1&geometry=42.061000%2C37.922000&geometryType=esriGeometryPoint&inSR=4326&spatialRel=esriSpatialRelIntersects&outFields=%2A&returnGeometry=true&outSR=4326&resultRecordCount=5&f=geojson","catchmentLabel":"Santral popup: Su alanını göster","gisConfidence":"Orta-Düşük","gisNote":"TATUS baraj point doğrudan eşleşmesi bu çalışma kitabında çözülmedi; sorgu URL'si eklendi; Akarsu/catchment sorgusu yaklaşık trafo noktasına dayanır; santral/baraj noktası ile doğrulanmalı; Fırat-Dicle havzasında nehir adı havzadan türetilmedi; yanlış Fırat/Dicle eşleşmesini önlemek için spatial doğrulama gerekli","hasDamMatch":false,"riverName":"Dicle","riverMatchMethod":"tatus-spatial+name","riverConfidence":"high","riverIds":["river177-0109","river177-0110","river177-0111","river177-0112","river177-0113","river177-0115","river177-0116","river177-0119","river177-0120","river177-0121","river177-0126","river177-1707","river177-1708","river177-1709","river177-1710","river177-1711"],"damIds":[],"stationIds":["station177-980","station177-1625"],"cascadeToId":null,"cascadeFromIds":[],"isProducer":false}},{"type":"Feature","id":"hes177-112","geometry":{"type":"Point","coordinates":[32.472,41.534]},"properties":{"id":"hes177-112","entityId":"hes177-112","entityType":"hes177","name":"KİRAZLI KÖPRÜ BARAJI VE HES","inventoryOrder":112,"basinId":"13","basinName":"Batı Karadeniz","province":"BARTIN","damName":"KİRAZLIKÖPRÜ","installedPowerMw":8.0,"unitFlowM3s":31.5,"maxWaterLevelM":0.0,"minWaterLevelM":0.0,"maxVolumeHm3":66.2,"minVolumeHm3":10.1,"activeVolumeHm3":0.67,"waterEnergyMwh":0.04,"epiasDate":"46278.81434027778","dataQuality":"A","sourceMatchMethod":"exact","cascadeName":null,"cascadeSourceValue":"10","notes":"Kaskat alanında kaynak değeri '10' (belirsiz/sentinel)","coordinateStatus":"Doğrulanmış koordinat mevcut","coordinateType":"HES / baraj noktası","coordinateSource":"workbook-verified","coordinateKind":"verified","transformerId":null,"transformerName":null,"riverNameSource":"TATUS spatial query hazır; en yakın/uygun LineString seçilmeli","riverCode":"TR13NH121068","riverQueryUrl":"https://cbs1.tarimorman.gov.tr/server/rest/services/TATUS/FeatureServer/8/query?where=HAVZA_ID%3D13&geometry=32.472000%2C41.534000&geometryType=esriGeometryPoint&inSR=4326&spatialRel=esriSpatialRelIntersects&distance=5&units=esriSRUnit_Kilometer&outFields=OBJECTID%2Cadi%2Cnehir_kod%2Cstrahler%2Cuzunluk%2CHAVZA_ID&returnGeometry=true&outSR=4326&orderByFields=strahler+DESC&resultRecordCount=20&f=geojson","catchmentUrl":"https://cbs1.tarimorman.gov.tr/server/rest/services/TATUS/FeatureServer/9/query?where=1%3D1&geometry=32.472000%2C41.534000&geometryType=esriGeometryPoint&inSR=4326&spatialRel=esriSpatialRelIntersects&outFields=%2A&returnGeometry=true&outSR=4326&resultRecordCount=5&f=geojson","catchmentLabel":"Santral popup: Su alanını göster","gisConfidence":"Yüksek","gisNote":null,"hasDamMatch":true,"damMatchMethod":"name+basin+near-coordinate","riverName":"Dicle","riverMatchMethod":"tatus-spatial+name","riverConfidence":"high","riverIds":["river177-1712","river177-1713","river177-1714","river177-1715","river177-1716","river177-1717","river177-1718","river177-1719","river177-1720","river177-1721","river177-1722","river177-1723","river177-1724","river177-1725","river177-1726","river177-1727","river177-1728","river177-1729"],"damIds":["dam177-005"],"stationIds":["station177-286","station177-293","station177-298","station177-318","station177-323","station177-324","station177-879","station177-1091"],"cascadeToId":null,"cascadeFromIds":[],"isProducer":true}},{"type":"Feature","id":"hes177-113","geometry":{"type":"Point","coordinates":[43.3294,39.12198]},"properties":{"id":"hes177-113","entityId":"hes177-113","entityType":"hes177","name":"KOÇKÖPRÜ HES","inventoryOrder":113,"basinId":"25","basinName":"Van Gölü","province":"VAN","damName":"KOÇKÖPRÜ","installedPowerMw":8.8,"unitFlowM3s":23.0,"maxWaterLevelM":1778.5,"minWaterLevelM":1765.0,"maxVolumeHm3":86.5,"minVolumeHm3":22.55,"activeVolumeHm3":null,"waterEnergyMwh":null,"epiasDate":"46278.81434027778","dataQuality":"A","sourceMatchMethod":"exact","cascadeName":null,"cascadeSourceValue":"10","notes":"Kaskat alanında kaynak değeri '10' (belirsiz/sentinel)","coordinateStatus":"Doğrulanmış koordinat mevcut","coordinateType":"HES / baraj noktası","coordinateSource":"workbook-verified","coordinateKind":"verified","transformerId":null,"transformerName":null,"riverNameSource":"TATUS spatial query hazır; en yakın/uygun LineString seçilmeli","riverCode":"TR25NH056072","riverQueryUrl":"https://cbs1.tarimorman.gov.tr/server/rest/services/TATUS/FeatureServer/8/query?where=HAVZA_ID%3D25&geometry=43.329400%2C39.121980&geometryType=esriGeometryPoint&inSR=4326&spatialRel=esriSpatialRelIntersects&distance=5&units=esriSRUnit_Kilometer&outFields=OBJECTID%2Cadi%2Cnehir_kod%2Cstrahler%2Cuzunluk%2CHAVZA_ID&returnGeometry=true&outSR=4326&orderByFields=strahler+DESC&resultRecordCount=20&f=geojson","catchmentUrl":"https://cbs1.tarimorman.gov.tr/server/rest/services/TATUS/FeatureServer/9/query?where=1%3D1&geometry=43.329400%2C39.121980&geometryType=esriGeometryPoint&inSR=4326&spatialRel=esriSpatialRelIntersects&outFields=%2A&returnGeometry=true&outSR=4326&resultRecordCount=5&f=geojson","catchmentLabel":"Santral popup: Su alanını göster","gisConfidence":"Yüksek","gisNote":null,"hasDamMatch":true,"damMatchMethod":"name+basin+near-coordinate","riverIds":["river177-1730","river177-1731","river177-1732","river177-1733","river177-1734","river177-1735","river177-1736","river177-1737","river177-1738","river177-1739","river177-1740","river177-1741","river177-1742","river177-1743","river177-1744","river177-1745","river177-1746","river177-1747","river177-1748","river177-1749"],"damIds":["dam177-052"],"stationIds":[],"cascadeToId":null,"cascadeFromIds":[],"isProducer":true}},{"type":"Feature","id":"hes177-114","geometry":{"type":"Point","coordinates":[42.957,41.163]},"properties":{"id":"hes177-114","entityId":"hes177-114","entityType":"hes177","name":"KOTANLI 1-2 HES","inventoryOrder":114,"basinId":"24","basinName":"Aras","province":"ARDAHAN","damName":"KOTANLI 1-2","installedPowerMw":125.16,"unitFlowM3s":null,"maxWaterLevelM":1723.0,"minWaterLevelM":1710.0,"maxVolumeHm3":null,"minVolumeHm3":null,"activeVolumeHm3":null,"waterEnergyMwh":null,"epiasDate":null,"dataQuality":"C","sourceMatchMethod":"eşleşme yok","cascadeName":"ARDAHAN AKINCI HES","cascadeSourceValue":"ARDAHAN AKINCI HES","notes":"EPİAŞ su göstergesi eşleşmesi bulunamadı; Koordinat güvenilir açık kaynaktan doğrulanamadı; Kurulu güç bulunamadı; Eksik kurulu güç/il bilgisi kamuya açık web kaynağıyla tamamlandı; Ünite debisi doğrulanamadı; Maksimum/minimum hacim doğrulanamadı; Santral/baraj kesin koordinatı doğrulanamadığı için eşleşen trafo merkezi koordinatı harita referansı olarak kullanıldı; kesin HES konumu değildir.","coordinateStatus":"Trafo merkezi koordinatı ile tamamlandı","coordinateType":"Trafo merkezi / elektrik bağlantı noktası (yaklaşık)","coordinateSource":"transformer","coordinateKind":"transformer","transformerId":"1321","transformerName":"KOTANLI HES","riverNameSource":"Havza ana akarsuyu ön-eşleme; TATUS spatial query ile doğrulanmalı","riverCode":"TR24NH066376","riverQueryUrl":"https://cbs1.tarimorman.gov.tr/server/rest/services/TATUS/FeatureServer/8/query?where=HAVZA_ID%3D24&geometry=42.957000%2C41.163000&geometryType=esriGeometryPoint&inSR=4326&spatialRel=esriSpatialRelIntersects&distance=5&units=esriSRUnit_Kilometer&outFields=OBJECTID%2Cadi%2Cnehir_kod%2Cstrahler%2Cuzunluk%2CHAVZA_ID&returnGeometry=true&outSR=4326&orderByFields=strahler+DESC&resultRecordCount=20&f=geojson","catchmentUrl":"https://cbs1.tarimorman.gov.tr/server/rest/services/TATUS/FeatureServer/9/query?where=1%3D1&geometry=42.957000%2C41.163000&geometryType=esriGeometryPoint&inSR=4326&spatialRel=esriSpatialRelIntersects&outFields=%2A&returnGeometry=true&outSR=4326&resultRecordCount=5&f=geojson","catchmentLabel":"Santral popup: Su alanını göster","gisConfidence":"Orta-Düşük","gisNote":"TATUS baraj point doğrudan eşleşmesi bu çalışma kitabında çözülmedi; sorgu URL'si eklendi; Akarsu/catchment sorgusu yaklaşık trafo noktasına dayanır; santral/baraj noktası ile doğrulanmalı","hasDamMatch":false,"riverIds":["river177-1750","river177-1751","river177-1752","river177-1753","river177-1754","river177-1755","river177-1756","river177-1757","river177-1758","river177-1759","river177-1760","river177-1761","river177-1762","river177-1763","river177-1764","river177-1765","river177-1766","river177-1767","river177-1768","river177-1769"],"damIds":[],"stationIds":["station177-706","station177-720","station177-731","station177-973","station177-974","station177-1604","station177-1615"],"cascadeToId":"hes177-017","cascadeFromIds":[],"isProducer":false}},{"type":"Feature","id":"hes177-115","geometry":{"type":"Point","coordinates":[37.781,40.291]},"properties":{"id":"hes177-115","entityId":"hes177-115","entityType":"hes177","name":"KOYULHİSAR BEREKET HES","inventoryOrder":115,"basinId":"14","basinName":"Yeşilırmak","province":"SİVAS","damName":"KOYULHİSAR BEREKET","installedPowerMw":63.0,"unitFlowM3s":null,"maxWaterLevelM":724.0,"minWaterLevelM":721.0,"maxVolumeHm3":null,"minVolumeHm3":null,"activeVolumeHm3":null,"waterEnergyMwh":null,"epiasDate":null,"dataQuality":"C","sourceMatchMethod":"eşleşme yok","cascadeName":null,"cascadeSourceValue":"10","notes":"EPİAŞ su göstergesi eşleşmesi bulunamadı; Kaskat alanında kaynak değeri '10' (belirsiz/sentinel); Koordinat güvenilir açık kaynaktan doğrulanamadı; Ünite debisi doğrulanamadı; Maksimum/minimum hacim doğrulanamadı; Santral/baraj kesin koordinatı doğrulanamadığı için eşleşen trafo merkezi koordinatı harita referansı olarak kullanıldı; kesin HES konumu değildir.","coordinateStatus":"Trafo merkezi koordinatı ile tamamlandı","coordinateType":"Trafo merkezi / elektrik bağlantı noktası (yaklaşık)","coordinateSource":"transformer","coordinateKind":"transformer","transformerId":"805","transformerName":"KOYULHİSAR HES","riverNameSource":"Havza ana akarsuyu ön-eşleme; TATUS spatial query ile doğrulanmalı","riverCode":"TR14NH086132","riverQueryUrl":"https://cbs1.tarimorman.gov.tr/server/rest/services/TATUS/FeatureServer/8/query?where=HAVZA_ID%3D14&geometry=37.781000%2C40.291000&geometryType=esriGeometryPoint&inSR=4326&spatialRel=esriSpatialRelIntersects&distance=5&units=esriSRUnit_Kilometer&outFields=OBJECTID%2Cadi%2Cnehir_kod%2Cstrahler%2Cuzunluk%2CHAVZA_ID&returnGeometry=true&outSR=4326&orderByFields=strahler+DESC&resultRecordCount=20&f=geojson","catchmentUrl":"https://cbs1.tarimorman.gov.tr/server/rest/services/TATUS/FeatureServer/9/query?where=1%3D1&geometry=37.781000%2C40.291000&geometryType=esriGeometryPoint&inSR=4326&spatialRel=esriSpatialRelIntersects&outFields=%2A&returnGeometry=true&outSR=4326&resultRecordCount=5&f=geojson","catchmentLabel":"Santral popup: Su alanını göster","gisConfidence":"Orta-Düşük","gisNote":"TATUS baraj point doğrudan eşleşmesi bu çalışma kitabında çözülmedi; sorgu URL'si eklendi; Akarsu/catchment sorgusu yaklaşık trafo noktasına dayanır; santral/baraj noktası ile doğrulanmalı","hasDamMatch":false,"riverIds":["river177-1770","river177-1771","river177-1772","river177-1773","river177-1774","river177-1775","river177-1776","river177-1777","river177-1778","river177-1779","river177-1780","river177-1781","river177-1782","river177-1783","river177-1784","river177-1785","river177-1786","river177-1787","river177-1788","river177-1789"],"damIds":[],"stationIds":["station177-1103","station177-1146"],"cascadeToId":null,"cascadeFromIds":[],"isProducer":false}},{"type":"Feature","id":"hes177-116","geometry":null,"properties":{"id":"hes177-116","entityId":"hes177-116","entityType":"hes177","name":"KOZAN HES","inventoryOrder":116,"basinId":"20","basinName":"Ceyhan","province":"ADANA","damName":"KOZAN","installedPowerMw":4.8,"unitFlowM3s":8.0,"maxWaterLevelM":274.0,"minWaterLevelM":228.0,"maxVolumeHm3":152.7,"minVolumeHm3":0.03,"activeVolumeHm3":104.37,"waterEnergyMwh":15.41,"epiasDate":"46278.81434027778","dataQuality":"B","sourceMatchMethod":"exact","cascadeName":null,"cascadeSourceValue":"10","notes":"Kaskat alanında kaynak değeri '10' (belirsiz/sentinel); Koordinat güvenilir açık kaynaktan doğrulanamadı","coordinateStatus":"Koordinat eksik","coordinateType":"—","coordinateSource":null,"coordinateKind":"unresolved","transformerId":null,"transformerName":null,"riverNameSource":"Havza ana akarsuyu ön-eşleme; TATUS spatial query ile doğrulanmalı","riverCode":"TR20NH030292","riverQueryUrl":null,"catchmentUrl":null,"catchmentLabel":"Santral popup: Su alanını göster","gisConfidence":"Yok","gisNote":"TATUS baraj point doğrudan eşleşmesi bu çalışma kitabında çözülmedi; sorgu URL'si eklendi; Koordinat eksik olduğu için akarsu ve su toplama alanı spatial sorgusu üretilemedi","hasDamMatch":false,"riverName":"Kilgen","riverMatchMethod":"tatus-spatial","riverConfidence":"medium","riverIds":["river177-1534","river177-1535","river177-1536","river177-1537","river177-1538","river177-1539","river177-1540","river177-1541","river177-1542","river177-1543","river177-1544","river177-1545"],"damIds":[],"stationIds":[],"cascadeToId":null,"cascadeFromIds":[],"isProducer":false}},{"type":"Feature","id":"hes177-117","geometry":{"type":"Point","coordinates":[37.815,40.843]},"properties":{"id":"hes177-117","entityId":"hes177-117","entityType":"hes177","name":"KOZBÜKÜ HES","inventoryOrder":117,"basinId":"22","basinName":"Doğu Karadeniz","province":"ORDU","damName":"KOZBÜKÜ","installedPowerMw":81.0,"unitFlowM3s":null,"maxWaterLevelM":327.0,"minWaterLevelM":318.0,"maxVolumeHm3":null,"minVolumeHm3":null,"activeVolumeHm3":null,"waterEnergyMwh":null,"epiasDate":null,"dataQuality":"C","sourceMatchMethod":"eşleşme yok","cascadeName":null,"cascadeSourceValue":"10","notes":"EPİAŞ su göstergesi eşleşmesi bulunamadı; Kaskat alanında kaynak değeri '10' (belirsiz/sentinel); Koordinat güvenilir açık kaynaktan doğrulanamadı; Ünite debisi doğrulanamadı; Maksimum/minimum hacim doğrulanamadı; Santral/baraj kesin koordinatı doğrulanamadığı için eşleşen trafo merkezi koordinatı harita referansı olarak kullanıldı; kesin HES konumu değildir.","coordinateStatus":"Trafo merkezi koordinatı ile tamamlandı","coordinateType":"Trafo merkezi / elektrik bağlantı noktası (yaklaşık)","coordinateSource":"transformer","coordinateKind":"transformer","transformerId":"1383","transformerName":"KOZBÜKÜ HES","riverNameSource":"TATUS spatial query hazır; en yakın/uygun LineString seçilmeli","riverCode":"TR22NH054256","riverQueryUrl":"https://cbs1.tarimorman.gov.tr/server/rest/services/TATUS/FeatureServer/8/query?where=HAVZA_ID%3D22&geometry=37.815000%2C40.843000&geometryType=esriGeometryPoint&inSR=4326&spatialRel=esriSpatialRelIntersects&distance=5&units=esriSRUnit_Kilometer&outFields=OBJECTID%2Cadi%2Cnehir_kod%2Cstrahler%2Cuzunluk%2CHAVZA_ID&returnGeometry=true&outSR=4326&orderByFields=strahler+DESC&resultRecordCount=20&f=geojson","catchmentUrl":"https://cbs1.tarimorman.gov.tr/server/rest/services/TATUS/FeatureServer/9/query?where=1%3D1&geometry=37.815000%2C40.843000&geometryType=esriGeometryPoint&inSR=4326&spatialRel=esriSpatialRelIntersects&outFields=%2A&returnGeometry=true&outSR=4326&resultRecordCount=5&f=geojson","catchmentLabel":"Santral popup: Su alanını göster","gisConfidence":"Orta-Düşük","gisNote":"TATUS baraj point doğrudan eşleşmesi bu çalışma kitabında çözülmedi; sorgu URL'si eklendi; Akarsu/catchment sorgusu yaklaşık trafo noktasına dayanır; santral/baraj noktası ile doğrulanmalı","hasDamMatch":false,"riverIds":["river177-1790","river177-1791","river177-1792","river177-1793","river177-1794","river177-1795","river177-1796","river177-1797","river177-1798","river177-1799","river177-1800","river177-1801","river177-1802","river177-1803","river177-1804","river177-1805","river177-1806","river177-1807"],"damIds":[],"stationIds":["station177-660","station177-957","station177-962","station177-1364","station177-1365","station177-1366","station177-1367","station177-1375"],"cascadeToId":null,"cascadeFromIds":[],"isProducer":false}},{"type":"Feature","id":"hes177-118","geometry":{"type":"Point","coordinates":[36.88133,40.42512]},"properties":{"id":"hes177-118","entityId":"hes177-118","entityType":"hes177","name":"KÖKLÜCE HES","inventoryOrder":118,"basinId":"14","basinName":"Yeşilırmak","province":"TOKAT","damName":"ATAKÖY","installedPowerMw":5.5,"unitFlowM3s":27.1,"maxWaterLevelM":733.5,"minWaterLevelM":729.75,"maxVolumeHm3":1.93,"minVolumeHm3":0.82,"activeVolumeHm3":1.06,"waterEnergyMwh":0.04,"epiasDate":"46278.81434027778","dataQuality":"A","sourceMatchMethod":"alias","cascadeName":null,"cascadeSourceValue":"10","notes":"Baraj adı eşleşmesi: ATAKÖY; Kaskat alanında kaynak değeri '10' (belirsiz/sentinel)","coordinateStatus":"Doğrulanmış koordinat mevcut","coordinateType":"HES / baraj noktası","coordinateSource":"workbook-verified","coordinateKind":"verified","transformerId":"795","transformerName":"KÖKLÜCE HES","riverNameSource":"Havza ana akarsuyu ön-eşleme; TATUS spatial query ile doğrulanmalı","riverCode":"TR14NH182401","riverQueryUrl":"https://cbs1.tarimorman.gov.tr/server/rest/services/TATUS/FeatureServer/8/query?where=HAVZA_ID%3D14&geometry=36.881330%2C40.425120&geometryType=esriGeometryPoint&inSR=4326&spatialRel=esriSpatialRelIntersects&distance=5&units=esriSRUnit_Kilometer&outFields=OBJECTID%2Cadi%2Cnehir_kod%2Cstrahler%2Cuzunluk%2CHAVZA_ID&returnGeometry=true&outSR=4326&orderByFields=strahler+DESC&resultRecordCount=20&f=geojson","catchmentUrl":"https://cbs1.tarimorman.gov.tr/server/rest/services/TATUS/FeatureServer/9/query?where=1%3D1&geometry=36.881330%2C40.425120&geometryType=esriGeometryPoint&inSR=4326&spatialRel=esriSpatialRelIntersects&outFields=%2A&returnGeometry=true&outSR=4326&resultRecordCount=5&f=geojson","catchmentLabel":"Santral popup: Su alanını göster","gisConfidence":"Yüksek","gisNote":null,"hasDamMatch":true,"damMatchMethod":"name+basin+near-coordinate","riverIds":["river177-0342","river177-0343","river177-0344","river177-0345","river177-0346"],"damIds":["dam177-008"],"stationIds":[],"cascadeToId":null,"cascadeFromIds":[],"isProducer":true}},{"type":"Feature","id":"hes177-119","geometry":{"type":"Point","coordinates":[31.905,40.994]},"properties":{"id":"hes177-119","entityId":"hes177-119","entityType":"hes177","name":"KÖPRÜBAŞI HES (BOLU)","inventoryOrder":119,"basinId":"13","basinName":"Batı Karadeniz","province":"BOLU","damName":"KÖPRÜBAŞI","installedPowerMw":74.0,"unitFlowM3s":43.0,"maxWaterLevelM":445.0,"minWaterLevelM":400.0,"maxVolumeHm3":244.94,"minVolumeHm3":56.34,"activeVolumeHm3":116.28,"waterEnergyMwh":61.46,"epiasDate":"46278.81434027778","dataQuality":"B","sourceMatchMethod":"alias","cascadeName":null,"cascadeSourceValue":"10","notes":"Baraj adı eşleşmesi: KÖPRÜBAŞI; Kaskat alanında kaynak değeri '10' (belirsiz/sentinel); Koordinat güvenilir açık kaynaktan doğrulanamadı; Santral/baraj kesin koordinatı doğrulanamadığı için eşleşen trafo merkezi koordinatı harita referansı olarak kullanıldı; kesin HES konumu değildir.","coordinateStatus":"Trafo merkezi koordinatı ile tamamlandı","coordinateType":"Trafo merkezi / elektrik bağlantı noktası (yaklaşık)","coordinateSource":"transformer","coordinateKind":"transformer","transformerId":"537","transformerName":"KÖPRÜBAŞI HES","riverNameSource":"TATUS spatial query hazır; en yakın/uygun LineString seçilmeli","riverCode":"TR13NH035970","riverQueryUrl":"https://cbs1.tarimorman.gov.tr/server/rest/services/TATUS/FeatureServer/8/query?where=HAVZA_ID%3D13&geometry=31.905000%2C40.994000&geometryType=esriGeometryPoint&inSR=4326&spatialRel=esriSpatialRelIntersects&distance=5&units=esriSRUnit_Kilometer&outFields=OBJECTID%2Cadi%2Cnehir_kod%2Cstrahler%2Cuzunluk%2CHAVZA_ID&returnGeometry=true&outSR=4326&orderByFields=strahler+DESC&resultRecordCount=20&f=geojson","catchmentUrl":"https://cbs1.tarimorman.gov.tr/server/rest/services/TATUS/FeatureServer/9/query?where=1%3D1&geometry=31.905000%2C40.994000&geometryType=esriGeometryPoint&inSR=4326&spatialRel=esriSpatialRelIntersects&outFields=%2A&returnGeometry=true&outSR=4326&resultRecordCount=5&f=geojson","catchmentLabel":"Santral popup: Su alanını göster","gisConfidence":"Orta-Düşük","gisNote":"TATUS baraj point doğrudan eşleşmesi bu çalışma kitabında çözülmedi; sorgu URL'si eklendi; Akarsu/catchment sorgusu yaklaşık trafo noktasına dayanır; santral/baraj noktası ile doğrulanmalı","hasDamMatch":true,"damMatchMethod":"name+basin+near-coordinate","riverIds":["river177-1808","river177-1809","river177-1810","river177-1811","river177-1812","river177-1813","river177-1814","river177-1815","river177-1816","river177-1817","river177-1818","river177-1819","river177-1820","river177-1821","river177-1822","river177-1823"],"damIds":["dam177-006"],"stationIds":["station177-306","station177-314","station177-315","station177-878","station177-1063","station177-1064","station177-1065","station177-1086"],"cascadeToId":null,"cascadeFromIds":[],"isProducer":true}},{"type":"Feature","id":"hes177-120","geometry":{"type":"Point","coordinates":[35.613631,37.6202]},"properties":{"id":"hes177-120","entityId":"hes177-120","entityType":"hes177","name":"KÖPRÜ HES","inventoryOrder":120,"basinId":"18","basinName":"Seyhan","province":"ADANA","damName":"KÖPRÜ","installedPowerMw":155.8,"unitFlowM3s":190.0,"maxWaterLevelM":410.0,"minWaterLevelM":390.0,"maxVolumeHm3":93.19,"minVolumeHm3":45.95,"activeVolumeHm3":34.25,"waterEnergyMwh":7.71,"epiasDate":"46278.81434027778","dataQuality":"A","sourceMatchMethod":"exact","cascadeName":"KAVŞAKBENDİ HES","cascadeSourceValue":"KAVŞAKBENDİ HES","notes":null,"coordinateStatus":"Doğrulanmış koordinat mevcut","coordinateType":"HES / baraj noktası","coordinateSource":"workbook-verified","coordinateKind":"verified","transformerId":"474","transformerName":"KÖPRÜ HES","riverNameSource":"Havza ana akarsuyu ön-eşleme; TATUS spatial query ile doğrulanmalı","riverCode":"TR18NH108165","riverQueryUrl":"https://cbs1.tarimorman.gov.tr/server/rest/services/TATUS/FeatureServer/8/query?where=HAVZA_ID%3D18&geometry=35.613631%2C37.620200&geometryType=esriGeometryPoint&inSR=4326&spatialRel=esriSpatialRelIntersects&distance=5&units=esriSRUnit_Kilometer&outFields=OBJECTID%2Cadi%2Cnehir_kod%2Cstrahler%2Cuzunluk%2CHAVZA_ID&returnGeometry=true&outSR=4326&orderByFields=strahler+DESC&resultRecordCount=20&f=geojson","catchmentUrl":"https://cbs1.tarimorman.gov.tr/server/rest/services/TATUS/FeatureServer/9/query?where=1%3D1&geometry=35.613631%2C37.620200&geometryType=esriGeometryPoint&inSR=4326&spatialRel=esriSpatialRelIntersects&outFields=%2A&returnGeometry=true&outSR=4326&resultRecordCount=5&f=geojson","catchmentLabel":"Santral popup: Su alanını göster","gisConfidence":"Yüksek","gisNote":"TATUS baraj point doğrudan eşleşmesi bu çalışma kitabında çözülmedi; sorgu URL'si eklendi","hasDamMatch":true,"damMatchMethod":"name+basin+near-coordinate","riverIds":["river177-1824","river177-1825","river177-1826","river177-1827","river177-1828","river177-1829","river177-1830","river177-1831","river177-1832","river177-1833","river177-1834","river177-1835","river177-1836","river177-1837","river177-1838","river177-1839"],"damIds":["dam177-035"],"stationIds":["station177-1240"],"cascadeToId":"hes177-103","cascadeFromIds":["hes177-126"],"isProducer":true}},{"type":"Feature","id":"hes177-121","geometry":{"type":"Point","coordinates":[40.026,38.346]},"properties":{"id":"hes177-121","entityId":"hes177-121","entityType":"hes177","name":"KRALKIZI HES","inventoryOrder":121,"basinId":"21","basinName":"Fırat-Dicle","province":"DİYARBAKIR","damName":"KRALKIZI","installedPowerMw":94.0,"unitFlowM3s":null,"maxWaterLevelM":815.75,"minWaterLevelM":765.0,"maxVolumeHm3":null,"minVolumeHm3":null,"activeVolumeHm3":null,"waterEnergyMwh":null,"epiasDate":null,"dataQuality":"C","sourceMatchMethod":"eşleşme yok","cascadeName":"DİCLE HES","cascadeSourceValue":"DİCLE HES","notes":"EPİAŞ su göstergesi eşleşmesi bulunamadı; Koordinat güvenilir açık kaynaktan doğrulanamadı; Ünite debisi doğrulanamadı; Maksimum/minimum hacim doğrulanamadı; Santral/baraj kesin koordinatı doğrulanamadığı için eşleşen trafo merkezi koordinatı harita referansı olarak kullanıldı; kesin HES konumu değildir.","coordinateStatus":"Trafo merkezi koordinatı ile tamamlandı","coordinateType":"Trafo merkezi / elektrik bağlantı noktası (yaklaşık)","coordinateSource":"transformer","coordinateKind":"transformer","transformerId":"89","transformerName":"KRALKIZI HES","riverNameSource":"TATUS spatial query hazır; en yakın/uygun LineString seçilmeli","riverCode":"TR21NH698417","riverQueryUrl":"https://cbs1.tarimorman.gov.tr/server/rest/services/TATUS/FeatureServer/8/query?where=HAVZA_ID%3D21&geometry=40.026000%2C38.346000&geometryType=esriGeometryPoint&inSR=4326&spatialRel=esriSpatialRelIntersects&distance=5&units=esriSRUnit_Kilometer&outFields=OBJECTID%2Cadi%2Cnehir_kod%2Cstrahler%2Cuzunluk%2CHAVZA_ID&returnGeometry=true&outSR=4326&orderByFields=strahler+DESC&resultRecordCount=20&f=geojson","catchmentUrl":"https://cbs1.tarimorman.gov.tr/server/rest/services/TATUS/FeatureServer/9/query?where=1%3D1&geometry=40.026000%2C38.346000&geometryType=esriGeometryPoint&inSR=4326&spatialRel=esriSpatialRelIntersects&outFields=%2A&returnGeometry=true&outSR=4326&resultRecordCount=5&f=geojson","catchmentLabel":"Santral popup: Su alanını göster","gisConfidence":"Orta-Düşük","gisNote":"TATUS baraj point doğrudan eşleşmesi bu çalışma kitabında çözülmedi; sorgu URL'si eklendi; Akarsu/catchment sorgusu yaklaşık trafo noktasına dayanır; santral/baraj noktası ile doğrulanmalı; Fırat-Dicle havzasında nehir adı havzadan türetilmedi; yanlış Fırat/Dicle eşleşmesini önlemek için spatial doğrulama gerekli","hasDamMatch":false,"riverName":"Dicle","riverMatchMethod":"tatus-spatial+name","riverConfidence":"high","riverIds":["river177-1840","river177-1841","river177-1842","river177-1843","river177-1844","river177-1845","river177-1846","river177-1847","river177-1848","river177-1849","river177-1850","river177-1851","river177-1852","river177-1853","river177-1854","river177-1855","river177-1856","river177-1857","river177-1858"],"damIds":[],"stationIds":[],"cascadeToId":"hes177-061","cascadeFromIds":[],"isProducer":false}},{"type":"Feature","id":"hes177-122","geometry":{"type":"Point","coordinates":[41.064,40.184]},"properties":{"id":"hes177-122","entityId":"hes177-122","entityType":"hes177","name":"KUZGUN HES","inventoryOrder":122,"basinId":"21","basinName":"Fırat-Dicle","province":"ERZURUM","damName":"KUZGUN","installedPowerMw":20.9,"unitFlowM3s":null,"maxWaterLevelM":2109.0,"minWaterLevelM":2075.0,"maxVolumeHm3":null,"minVolumeHm3":null,"activeVolumeHm3":null,"waterEnergyMwh":null,"epiasDate":null,"dataQuality":"C","sourceMatchMethod":"eşleşme yok","cascadeName":null,"cascadeSourceValue":"10","notes":"EPİAŞ su göstergesi eşleşmesi bulunamadı; Kaskat alanında kaynak değeri '10' (belirsiz/sentinel); Koordinat güvenilir açık kaynaktan doğrulanamadı; Ünite debisi doğrulanamadı; Maksimum/minimum hacim doğrulanamadı; Santral/baraj kesin koordinatı doğrulanamadığı için eşleşen trafo merkezi koordinatı harita referansı olarak kullanıldı; kesin HES konumu değildir.","coordinateStatus":"Trafo merkezi koordinatı ile tamamlandı","coordinateType":"Trafo merkezi / elektrik bağlantı noktası (yaklaşık)","coordinateSource":"transformer","coordinateKind":"transformer","transformerId":"22","transformerName":"KUZGUN HES","riverNameSource":"TATUS spatial query hazır; en yakın/uygun LineString seçilmeli","riverCode":"TR21NH690376","riverQueryUrl":"https://cbs1.tarimorman.gov.tr/server/rest/services/TATUS/FeatureServer/8/query?where=HAVZA_ID%3D21&geometry=41.064000%2C40.184000&geometryType=esriGeometryPoint&inSR=4326&spatialRel=esriSpatialRelIntersects&distance=5&units=esriSRUnit_Kilometer&outFields=OBJECTID%2Cadi%2Cnehir_kod%2Cstrahler%2Cuzunluk%2CHAVZA_ID&returnGeometry=true&outSR=4326&orderByFields=strahler+DESC&resultRecordCount=20&f=geojson","catchmentUrl":"https://cbs1.tarimorman.gov.tr/server/rest/services/TATUS/FeatureServer/9/query?where=1%3D1&geometry=41.064000%2C40.184000&geometryType=esriGeometryPoint&inSR=4326&spatialRel=esriSpatialRelIntersects&outFields=%2A&returnGeometry=true&outSR=4326&resultRecordCount=5&f=geojson","catchmentLabel":"Santral popup: Su alanını göster","gisConfidence":"Orta-Düşük","gisNote":"TATUS baraj point doğrudan eşleşmesi bu çalışma kitabında çözülmedi; sorgu URL'si eklendi; Akarsu/catchment sorgusu yaklaşık trafo noktasına dayanır; santral/baraj noktası ile doğrulanmalı; Fırat-Dicle havzasında nehir adı havzadan türetilmedi; yanlış Fırat/Dicle eşleşmesini önlemek için spatial doğrulama gerekli","hasDamMatch":false,"riverIds":["river177-1859","river177-1860","river177-1861","river177-1862","river177-1863","river177-1864","river177-1865","river177-1866","river177-1867","river177-1868","river177-1869","river177-1870","river177-1871","river177-1872","river177-1873","river177-1874","river177-1875","river177-1876","river177-1877","river177-1878"],"damIds":[],"stationIds":["station177-565","station177-614","station177-1322","station177-1328"],"cascadeToId":null,"cascadeFromIds":[],"isProducer":false}},{"type":"Feature","id":"hes177-123","geometry":{"type":"Point","coordinates":[39.125,40.683]},"properties":{"id":"hes177-123","entityId":"hes177-123","entityType":"hes177","name":"KÜRTÜN HES","inventoryOrder":123,"basinId":"22","basinName":"Doğu Karadeniz","province":"GÜMÜŞHANE","damName":"KÜRTÜN","installedPowerMw":80.0,"unitFlowM3s":104.5,"maxWaterLevelM":640.5,"minWaterLevelM":610.0,"maxVolumeHm3":83.75,"minVolumeHm3":30.58,"activeVolumeHm3":34.37,"waterEnergyMwh":7.79,"epiasDate":"46278.81434027778","dataQuality":"B","sourceMatchMethod":"exact","cascadeName":null,"cascadeSourceValue":"10","notes":"Kaskat alanında kaynak değeri '10' (belirsiz/sentinel); Koordinat güvenilir açık kaynaktan doğrulanamadı; Santral/baraj kesin koordinatı doğrulanamadığı için eşleşen trafo merkezi koordinatı harita referansı olarak kullanıldı; kesin HES konumu değildir.","coordinateStatus":"Trafo merkezi koordinatı ile tamamlandı","coordinateType":"Trafo merkezi / elektrik bağlantı noktası (yaklaşık)","coordinateSource":"transformer","coordinateKind":"transformer","transformerId":"792","transformerName":"KÜRTÜN HES","riverNameSource":"TATUS spatial query hazır; en yakın/uygun LineString seçilmeli","riverCode":null,"riverQueryUrl":"https://cbs1.tarimorman.gov.tr/server/rest/services/TATUS/FeatureServer/8/query?where=HAVZA_ID%3D22&geometry=39.125000%2C40.683000&geometryType=esriGeometryPoint&inSR=4326&spatialRel=esriSpatialRelIntersects&distance=5&units=esriSRUnit_Kilometer&outFields=OBJECTID%2Cadi%2Cnehir_kod%2Cstrahler%2Cuzunluk%2CHAVZA_ID&returnGeometry=true&outSR=4326&orderByFields=strahler+DESC&resultRecordCount=20&f=geojson","catchmentUrl":"https://cbs1.tarimorman.gov.tr/server/rest/services/TATUS/FeatureServer/9/query?where=1%3D1&geometry=39.125000%2C40.683000&geometryType=esriGeometryPoint&inSR=4326&spatialRel=esriSpatialRelIntersects&outFields=%2A&returnGeometry=true&outSR=4326&resultRecordCount=5&f=geojson","catchmentLabel":"Santral popup: Su alanını göster","gisConfidence":"Orta-Düşük","gisNote":"TATUS baraj point doğrudan eşleşmesi bu çalışma kitabında çözülmedi; sorgu URL'si eklendi; Akarsu/catchment sorgusu yaklaşık trafo noktasına dayanır; santral/baraj noktası ile doğrulanmalı","hasDamMatch":false,"riverIds":[],"damIds":[],"stationIds":[],"cascadeToId":null,"cascadeFromIds":["hes177-162"],"isProducer":false}},{"type":"Feature","id":"hes177-124","geometry":{"type":"Point","coordinates":[31.516,36.835]},"properties":{"id":"hes177-124","entityId":"hes177-124","entityType":"hes177","name":"MANAVGAT HES","inventoryOrder":124,"basinId":"9","basinName":"Antalya","province":"ANTALYA","damName":"MANAVGAT","installedPowerMw":48.0,"unitFlowM3s":260.0,"maxWaterLevelM":32.3,"minWaterLevelM":20.0,"maxVolumeHm3":86.8,"minVolumeHm3":12.3,"activeVolumeHm3":60.47,"waterEnergyMwh":2.93,"epiasDate":"46278.81434027778","dataQuality":"B","sourceMatchMethod":"exact","cascadeName":null,"cascadeSourceValue":"10","notes":"Kaskat alanında kaynak değeri '10' (belirsiz/sentinel); Koordinat güvenilir açık kaynaktan doğrulanamadı; Santral/baraj kesin koordinatı doğrulanamadığı için eşleşen trafo merkezi koordinatı harita referansı olarak kullanıldı; kesin HES konumu değildir.","coordinateStatus":"Trafo merkezi koordinatı ile tamamlandı","coordinateType":"Trafo merkezi / elektrik bağlantı noktası (yaklaşık)","coordinateSource":"transformer","coordinateKind":"transformer","transformerId":"139","transformerName":"MANAVGAT HES","riverNameSource":"TATUS spatial query hazır; en yakın/uygun LineString seçilmeli","riverCode":"TR09NH073020","riverQueryUrl":"https://cbs1.tarimorman.gov.tr/server/rest/services/TATUS/FeatureServer/8/query?where=HAVZA_ID%3D9&geometry=31.516000%2C36.835000&geometryType=esriGeometryPoint&inSR=4326&spatialRel=esriSpatialRelIntersects&distance=5&units=esriSRUnit_Kilometer&outFields=OBJECTID%2Cadi%2Cnehir_kod%2Cstrahler%2Cuzunluk%2CHAVZA_ID&returnGeometry=true&outSR=4326&orderByFields=strahler+DESC&resultRecordCount=20&f=geojson","catchmentUrl":"https://cbs1.tarimorman.gov.tr/server/rest/services/TATUS/FeatureServer/9/query?where=1%3D1&geometry=31.516000%2C36.835000&geometryType=esriGeometryPoint&inSR=4326&spatialRel=esriSpatialRelIntersects&outFields=%2A&returnGeometry=true&outSR=4326&resultRecordCount=5&f=geojson","catchmentLabel":"Santral popup: Su alanını göster","gisConfidence":"Orta-Düşük","gisNote":"TATUS baraj point doğrudan eşleşmesi bu çalışma kitabında çözülmedi; sorgu URL'si eklendi; Akarsu/catchment sorgusu yaklaşık trafo noktasına dayanır; santral/baraj noktası ile doğrulanmalı","hasDamMatch":true,"damMatchMethod":"name+basin+near-coordinate","riverIds":["river177-1879","river177-1880","river177-1881","river177-1882","river177-1883","river177-1884","river177-1885","river177-1886","river177-1887","river177-1888","river177-1889","river177-1890","river177-1891","river177-1892","river177-1893","river177-1894","river177-1895","river177-1896","river177-1897","river177-1898"],"damIds":["dam177-069"],"stationIds":["station177-201","station177-218","station177-855","station177-856","station177-1034"],"cascadeToId":null,"cascadeFromIds":[],"isProducer":true}},{"type":"Feature","id":"hes177-125","geometry":null,"properties":{"id":"hes177-125","entityId":"hes177-125","entityType":"hes177","name":"MANYAS HES","inventoryOrder":125,"basinId":"3","basinName":"Susurluk","province":"BALIKESİR","damName":"MANYAS","installedPowerMw":19.0,"unitFlowM3s":42.0,"maxWaterLevelM":120.0,"minWaterLevelM":85.0,"maxVolumeHm3":423.39,"minVolumeHm3":62.39,"activeVolumeHm3":195.69,"waterEnergyMwh":31.04,"epiasDate":"46278.81434027778","dataQuality":"B","sourceMatchMethod":"exact","cascadeName":null,"cascadeSourceValue":"10","notes":"Kaskat alanında kaynak değeri '10' (belirsiz/sentinel); Koordinat güvenilir açık kaynaktan doğrulanamadı","coordinateStatus":"Koordinat eksik","coordinateType":"—","coordinateSource":null,"coordinateKind":"unresolved","transformerId":null,"transformerName":null,"riverNameSource":"Havza ana akarsuyu ön-eşleme; TATUS spatial query ile doğrulanmalı","riverCode":"TR03NH112829","riverQueryUrl":null,"catchmentUrl":null,"catchmentLabel":"Santral popup: Su alanını göster","gisConfidence":"Yok","gisNote":"TATUS baraj point doğrudan eşleşmesi bu çalışma kitabında çözülmedi; sorgu URL'si eklendi; Koordinat eksik olduğu için akarsu ve su toplama alanı spatial sorgusu üretilemedi","hasDamMatch":false,"riverIds":["river177-0183","river177-0184","river177-0185","river177-0186"],"damIds":[],"stationIds":[],"cascadeToId":null,"cascadeFromIds":[],"isProducer":false}},{"type":"Feature","id":"hes177-126","geometry":{"type":"Point","coordinates":[35.7348,37.7097]},"properties":{"id":"hes177-126","entityId":"hes177-126","entityType":"hes177","name":"MENGE HES","inventoryOrder":126,"basinId":"18","basinName":"Seyhan","province":"ADANA","damName":"MENGE HES","installedPowerMw":86.8,"unitFlowM3s":180.0,"maxWaterLevelM":480.0,"minWaterLevelM":470.0,"maxVolumeHm3":45.11,"minVolumeHm3":22.42,"activeVolumeHm3":13.77,"waterEnergyMwh":1.93,"epiasDate":"46278.81434027778","dataQuality":"A","sourceMatchMethod":"exact","cascadeName":"KÖPRÜ HES","cascadeSourceValue":"KÖPRÜ HES","notes":null,"coordinateStatus":"Doğrulanmış koordinat mevcut","coordinateType":"HES / baraj noktası","coordinateSource":"workbook-verified","coordinateKind":"verified","transformerId":"470","transformerName":"MENGE HES","riverNameSource":"Havza ana akarsuyu ön-eşleme; TATUS spatial query ile doğrulanmalı","riverCode":"TR18NH107600","riverQueryUrl":"https://cbs1.tarimorman.gov.tr/server/rest/services/TATUS/FeatureServer/8/query?where=HAVZA_ID%3D18&geometry=35.734800%2C37.709700&geometryType=esriGeometryPoint&inSR=4326&spatialRel=esriSpatialRelIntersects&distance=5&units=esriSRUnit_Kilometer&outFields=OBJECTID%2Cadi%2Cnehir_kod%2Cstrahler%2Cuzunluk%2CHAVZA_ID&returnGeometry=true&outSR=4326&orderByFields=strahler+DESC&resultRecordCount=20&f=geojson","catchmentUrl":"https://cbs1.tarimorman.gov.tr/server/rest/services/TATUS/FeatureServer/9/query?where=1%3D1&geometry=35.734800%2C37.709700&geometryType=esriGeometryPoint&inSR=4326&spatialRel=esriSpatialRelIntersects&outFields=%2A&returnGeometry=true&outSR=4326&resultRecordCount=5&f=geojson","catchmentLabel":"Santral popup: Su alanını göster","gisConfidence":"Yüksek","gisNote":null,"hasDamMatch":true,"damMatchMethod":"name+basin+near-coordinate","riverName":"Salam","riverMatchMethod":"tatus-spatial","riverConfidence":"medium","riverIds":["river177-1899","river177-1900","river177-1901","river177-1902","river177-1903","river177-1904","river177-1905","river177-1906","river177-1907","river177-1908","river177-1909","river177-1910","river177-1911","river177-1912","river177-1913","river177-1914","river177-1915","river177-1916","river177-1917","river177-1918"],"damIds":["dam177-036"],"stationIds":[],"cascadeToId":"hes177-120","cascadeFromIds":["hes177-070"],"isProducer":true}},{"type":"Feature","id":"hes177-127","geometry":{"type":"Point","coordinates":[36.8504,37.6765]},"properties":{"id":"hes177-127","entityId":"hes177-127","entityType":"hes177","name":"MENZELET HES","inventoryOrder":127,"basinId":"20","basinName":"Ceyhan","province":"KAHRAMANMARAŞ","damName":"MENZELET","installedPowerMw":124.0,"unitFlowM3s":130.0,"maxWaterLevelM":609.4,"minWaterLevelM":560.2,"maxVolumeHm3":1974.5,"minVolumeHm3":533.9,"activeVolumeHm3":1152.88,"waterEnergyMwh":328.83,"epiasDate":"46278.81434027778","dataQuality":"A","sourceMatchMethod":"exact","cascadeName":"KILAVUZLU HES","cascadeSourceValue":"KILAVUZLU HES","notes":null,"coordinateStatus":"Doğrulanmış koordinat mevcut","coordinateType":"HES / baraj noktası","coordinateSource":"workbook-verified","coordinateKind":"verified","transformerId":"353","transformerName":"MENZELET HES","riverNameSource":"Havza ana akarsuyu ön-eşleme; TATUS spatial query ile doğrulanmalı","riverCode":"TR20NH110645","riverQueryUrl":"https://cbs1.tarimorman.gov.tr/server/rest/services/TATUS/FeatureServer/8/query?where=HAVZA_ID%3D20&geometry=36.850400%2C37.676500&geometryType=esriGeometryPoint&inSR=4326&spatialRel=esriSpatialRelIntersects&distance=5&units=esriSRUnit_Kilometer&outFields=OBJECTID%2Cadi%2Cnehir_kod%2Cstrahler%2Cuzunluk%2CHAVZA_ID&returnGeometry=true&outSR=4326&orderByFields=strahler+DESC&resultRecordCount=20&f=geojson","catchmentUrl":"https://cbs1.tarimorman.gov.tr/server/rest/services/TATUS/FeatureServer/9/query?where=1%3D1&geometry=36.850400%2C37.676500&geometryType=esriGeometryPoint&inSR=4326&spatialRel=esriSpatialRelIntersects&outFields=%2A&returnGeometry=true&outSR=4326&resultRecordCount=5&f=geojson","catchmentLabel":"Santral popup: Su alanını göster","gisConfidence":"Yüksek","gisNote":null,"hasDamMatch":true,"damMatchMethod":"name+basin+near-coordinate","riverName":"Ceyhan","riverMatchMethod":"tatus-spatial+name","riverConfidence":"high","riverIds":["river177-1919","river177-1920","river177-1921","river177-1922","river177-1923","river177-1924","river177-1925","river177-1926","river177-1927","river177-1928"],"damIds":["dam177-046"],"stationIds":["station177-549","station177-560","station177-1239","station177-1269"],"cascadeToId":"hes177-108","cascadeFromIds":["hes177-138","hes177-149"],"isProducer":true}},{"type":"Feature","id":"hes177-128","geometry":{"type":"Point","coordinates":[43.63663,39.16211]},"properties":{"id":"hes177-128","entityId":"hes177-128","entityType":"hes177","name":"MORGEDİK HES","inventoryOrder":128,"basinId":"25","basinName":"Van Gölü","province":"VAN","damName":"MORGEDİK","installedPowerMw":10.0,"unitFlowM3s":8.5,"maxWaterLevelM":2227.0,"minWaterLevelM":2205.0,"maxVolumeHm3":102.5,"minVolumeHm3":2.8,"activeVolumeHm3":76.53,"waterEnergyMwh":9.88,"epiasDate":"46278.81434027778","dataQuality":"A","sourceMatchMethod":"exact","cascadeName":null,"cascadeSourceValue":"10","notes":"Kaskat alanında kaynak değeri '10' (belirsiz/sentinel)","coordinateStatus":"Doğrulanmış koordinat mevcut","coordinateType":"HES / baraj noktası","coordinateSource":"workbook-verified","coordinateKind":"verified","transformerId":null,"transformerName":null,"riverNameSource":"TATUS spatial query hazır; en yakın/uygun LineString seçilmeli","riverCode":"TR25NH046928","riverQueryUrl":"https://cbs1.tarimorman.gov.tr/server/rest/services/TATUS/FeatureServer/8/query?where=HAVZA_ID%3D25&geometry=43.636630%2C39.162110&geometryType=esriGeometryPoint&inSR=4326&spatialRel=esriSpatialRelIntersects&distance=5&units=esriSRUnit_Kilometer&outFields=OBJECTID%2Cadi%2Cnehir_kod%2Cstrahler%2Cuzunluk%2CHAVZA_ID&returnGeometry=true&outSR=4326&orderByFields=strahler+DESC&resultRecordCount=20&f=geojson","catchmentUrl":"https://cbs1.tarimorman.gov.tr/server/rest/services/TATUS/FeatureServer/9/query?where=1%3D1&geometry=43.636630%2C39.162110&geometryType=esriGeometryPoint&inSR=4326&spatialRel=esriSpatialRelIntersects&outFields=%2A&returnGeometry=true&outSR=4326&resultRecordCount=5&f=geojson","catchmentLabel":"Santral popup: Su alanını göster","gisConfidence":"Yüksek","gisNote":null,"hasDamMatch":true,"damMatchMethod":"name+basin+near-coordinate","riverIds":["river177-1929","river177-1930","river177-1931","river177-1932","river177-1933","river177-1934","river177-1935","river177-1936","river177-1937","river177-1938","river177-1939","river177-1940","river177-1941","river177-1942","river177-1943","river177-1944","river177-1945","river177-1946","river177-1947","river177-1948"],"damIds":["dam177-053"],"stationIds":["station177-1618","station177-1619"],"cascadeToId":null,"cascadeFromIds":[],"isProducer":true}},{"type":"Feature","id":"hes177-129","geometry":{"type":"Point","coordinates":[41.714,41.468]},"properties":{"id":"hes177-129","entityId":"hes177-129","entityType":"hes177","name":"MURATLI HES","inventoryOrder":129,"basinId":"23","basinName":"Çoruh","province":"ARTVİN","damName":"MURATLI","installedPowerMw":115.0,"unitFlowM3s":null,"maxWaterLevelM":96.0,"minWaterLevelM":91.0,"maxVolumeHm3":null,"minVolumeHm3":null,"activeVolumeHm3":null,"waterEnergyMwh":null,"epiasDate":null,"dataQuality":"C","sourceMatchMethod":"eşleşme yok","cascadeName":null,"cascadeSourceValue":"10","notes":"EPİAŞ su göstergesi eşleşmesi bulunamadı; Kaskat alanında kaynak değeri '10' (belirsiz/sentinel); Koordinat güvenilir açık kaynaktan doğrulanamadı; Ünite debisi doğrulanamadı; Maksimum/minimum hacim doğrulanamadı; Santral/baraj kesin koordinatı doğrulanamadığı için eşleşen trafo merkezi koordinatı harita referansı olarak kullanıldı; kesin HES konumu değildir.","coordinateStatus":"Trafo merkezi koordinatı ile tamamlandı","coordinateType":"Trafo merkezi / elektrik bağlantı noktası (yaklaşık)","coordinateSource":"transformer","coordinateKind":"transformer","transformerId":"259","transformerName":"MURATLI HES","riverNameSource":"Havza ana akarsuyu ön-eşleme; TATUS spatial query ile doğrulanmalı","riverCode":"TR23NH082154","riverQueryUrl":"https://cbs1.tarimorman.gov.tr/server/rest/services/TATUS/FeatureServer/8/query?where=HAVZA_ID%3D23&geometry=41.714000%2C41.468000&geometryType=esriGeometryPoint&inSR=4326&spatialRel=esriSpatialRelIntersects&distance=5&units=esriSRUnit_Kilometer&outFields=OBJECTID%2Cadi%2Cnehir_kod%2Cstrahler%2Cuzunluk%2CHAVZA_ID&returnGeometry=true&outSR=4326&orderByFields=strahler+DESC&resultRecordCount=20&f=geojson","catchmentUrl":"https://cbs1.tarimorman.gov.tr/server/rest/services/TATUS/FeatureServer/9/query?where=1%3D1&geometry=41.714000%2C41.468000&geometryType=esriGeometryPoint&inSR=4326&spatialRel=esriSpatialRelIntersects&outFields=%2A&returnGeometry=true&outSR=4326&resultRecordCount=5&f=geojson","catchmentLabel":"Santral popup: Su alanını göster","gisConfidence":"Orta-Düşük","gisNote":"TATUS baraj point doğrudan eşleşmesi bu çalışma kitabında çözülmedi; sorgu URL'si eklendi; Akarsu/catchment sorgusu yaklaşık trafo noktasına dayanır; santral/baraj noktası ile doğrulanmalı","hasDamMatch":false,"riverName":"Çoruh","riverMatchMethod":"tatus-spatial+name","riverConfidence":"high","riverIds":["river177-1949","river177-1950","river177-1951","river177-1952","river177-1953","river177-1954","river177-1955","river177-1956","river177-1957","river177-1958","river177-1959","river177-1960","river177-1961","river177-1962","river177-1963","river177-1964","river177-1965","river177-1966","river177-1967","river177-1968"],"damIds":[],"stationIds":["station177-1557"],"cascadeToId":null,"cascadeFromIds":["hes177-039"],"isProducer":false}},{"type":"Feature","id":"hes177-130","geometry":null,"properties":{"id":"hes177-130","entityId":"hes177-130","entityType":"hes177","name":"MURSAL HES","inventoryOrder":130,"basinId":"21","basinName":"Fırat-Dicle","province":"SİVAS","damName":"MURSAL","installedPowerMw":8.68,"unitFlowM3s":null,"maxWaterLevelM":1746.0,"minWaterLevelM":1720.0,"maxVolumeHm3":null,"minVolumeHm3":null,"activeVolumeHm3":null,"waterEnergyMwh":null,"epiasDate":null,"dataQuality":"C","sourceMatchMethod":"eşleşme yok","cascadeName":null,"cascadeSourceValue":"10","notes":"EPİAŞ su göstergesi eşleşmesi bulunamadı; Kaskat alanında kaynak değeri '10' (belirsiz/sentinel); Koordinat güvenilir açık kaynaktan doğrulanamadı; Kurulu güç bulunamadı; Eksik kurulu güç/il bilgisi kamuya açık web kaynağıyla tamamlandı; Ünite debisi doğrulanamadı; Maksimum/minimum hacim doğrulanamadı","coordinateStatus":"Koordinat eksik","coordinateType":"—","coordinateSource":null,"coordinateKind":"unresolved","transformerId":null,"transformerName":null,"riverNameSource":"Koordinat yok; spatial eşleme yapılamadı","riverCode":"TR21NH692532","riverQueryUrl":null,"catchmentUrl":null,"catchmentLabel":"Santral popup: Su alanını göster","gisConfidence":"Yok","gisNote":"TATUS baraj point doğrudan eşleşmesi bu çalışma kitabında çözülmedi; sorgu URL'si eklendi; Fırat-Dicle havzasında nehir adı havzadan türetilmedi; yanlış Fırat/Dicle eşleşmesini önlemek için spatial doğrulama gerekli; Koordinat eksik olduğu için akarsu ve su toplama alanı spatial sorgusu üretilemedi","hasDamMatch":false,"riverName":"Şahnahan","riverMatchMethod":"tatus-spatial+name","riverConfidence":"high","riverIds":["river177-0447","river177-0448","river177-0455","river177-0456","river177-0463","river177-0465","river177-0466","river177-0467","river177-0468","river177-0469","river177-0470","river177-0471","river177-0472","river177-0473","river177-0475","river177-0476","river177-0477","river177-0479","river177-0480","river177-0481","river177-0483","river177-0486"],"damIds":[],"stationIds":[],"cascadeToId":null,"cascadeFromIds":[],"isProducer":false}},{"type":"Feature","id":"hes177-131","geometry":null,"properties":{"id":"hes177-131","entityId":"hes177-131","entityType":"hes177","name":"MUSATEPE VE KAVŞAKTEPE HES","inventoryOrder":131,"basinId":"21","basinName":"Fırat-Dicle","province":"ŞIRNAK","damName":"MUSATEPE VE KAVŞAKTEPE","installedPowerMw":3.5,"unitFlowM3s":null,"maxWaterLevelM":0.0,"minWaterLevelM":0.0,"maxVolumeHm3":null,"minVolumeHm3":null,"activeVolumeHm3":null,"waterEnergyMwh":null,"epiasDate":null,"dataQuality":"C","sourceMatchMethod":"eşleşme yok","cascadeName":"BALLI HES","cascadeSourceValue":"BALLI HES","notes":"EPİAŞ su göstergesi eşleşmesi bulunamadı; Koordinat güvenilir açık kaynaktan doğrulanamadı; Kurulu güç bulunamadı; Eksik kurulu güç/il bilgisi kamuya açık web kaynağıyla tamamlandı; Ünite debisi doğrulanamadı; Maksimum/minimum hacim doğrulanamadı","coordinateStatus":"Koordinat eksik","coordinateType":"—","coordinateSource":null,"coordinateKind":"unresolved","transformerId":null,"transformerName":null,"riverNameSource":"Koordinat yok; spatial eşleme yapılamadı","riverCode":"TR21NH692532","riverQueryUrl":null,"catchmentUrl":null,"catchmentLabel":"Santral popup: Su alanını göster","gisConfidence":"Yok","gisNote":"TATUS baraj point doğrudan eşleşmesi bu çalışma kitabında çözülmedi; sorgu URL'si eklendi; Fırat-Dicle havzasında nehir adı havzadan türetilmedi; yanlış Fırat/Dicle eşleşmesini önlemek için spatial doğrulama gerekli; Koordinat eksik olduğu için akarsu ve su toplama alanı spatial sorgusu üretilemedi","hasDamMatch":false,"riverName":"Şahnahan","riverMatchMethod":"tatus-spatial+name","riverConfidence":"high","riverIds":["river177-0447","river177-0448","river177-0449","river177-0450","river177-0451","river177-0452","river177-0453","river177-0454","river177-0455","river177-0456","river177-0457","river177-0458","river177-0459","river177-0460","river177-0461","river177-0462","river177-0463","river177-0464","river177-0465","river177-0466","river177-0467","river177-0468","river177-0469","river177-0470","river177-0471","river177-0472","river177-0473","river177-0474","river177-0475","river177-0476","river177-0477","river177-0478","river177-0479","river177-0480","river177-0481","river177-0482","river177-0483","river177-0484","river177-0485","river177-0486"],"damIds":[],"stationIds":[],"cascadeToId":"hes177-031","cascadeFromIds":[],"isProducer":false}},{"type":"Feature","id":"hes177-132","geometry":{"type":"Point","coordinates":[34.788056,40.770278]},"properties":{"id":"hes177-132","entityId":"hes177-132","entityType":"hes177","name":"OBRUK HES","inventoryOrder":132,"basinId":"15","basinName":"Kızılırmak","province":"ÇORUM","damName":"OBRUK","installedPowerMw":202.8,"unitFlowM3s":375.0,"maxWaterLevelM":510.0,"minWaterLevelM":506.0,"maxVolumeHm3":427.16,"minVolumeHm3":297.72,"activeVolumeHm3":47.62,"waterEnergyMwh":7.37,"epiasDate":"46278.81434027778","dataQuality":"A","sourceMatchMethod":"exact","cascadeName":"KARGI KIZILIRMAK HES","cascadeSourceValue":"KARGI KIZILIRMAK HES","notes":null,"coordinateStatus":"Doğrulanmış koordinat mevcut","coordinateType":"HES / baraj noktası","coordinateSource":"workbook-verified","coordinateKind":"verified","transformerId":"699","transformerName":"OBRUK HES","riverNameSource":"Havza ana akarsuyu ön-eşleme; TATUS spatial query ile doğrulanmalı","riverCode":"TR15NH273178","riverQueryUrl":"https://cbs1.tarimorman.gov.tr/server/rest/services/TATUS/FeatureServer/8/query?where=HAVZA_ID%3D15&geometry=34.788056%2C40.770278&geometryType=esriGeometryPoint&inSR=4326&spatialRel=esriSpatialRelIntersects&distance=5&units=esriSRUnit_Kilometer&outFields=OBJECTID%2Cadi%2Cnehir_kod%2Cstrahler%2Cuzunluk%2CHAVZA_ID&returnGeometry=true&outSR=4326&orderByFields=strahler+DESC&resultRecordCount=20&f=geojson","catchmentUrl":"https://cbs1.tarimorman.gov.tr/server/rest/services/TATUS/FeatureServer/9/query?where=1%3D1&geometry=34.788056%2C40.770278&geometryType=esriGeometryPoint&inSR=4326&spatialRel=esriSpatialRelIntersects&outFields=%2A&returnGeometry=true&outSR=4326&resultRecordCount=5&f=geojson","catchmentLabel":"Santral popup: Su alanını göster","gisConfidence":"Yüksek","gisNote":"TATUS baraj point doğrudan eşleşmesi bu çalışma kitabında çözülmedi; sorgu URL'si eklendi","hasDamMatch":true,"damMatchMethod":"name+basin+near-coordinate","riverName":"Kızılırmak","riverMatchMethod":"tatus-spatial","riverConfidence":"medium","riverIds":["river177-1969","river177-1970","river177-1971","river177-1972","river177-1973","river177-1974","river177-1975","river177-1976","river177-1977","river177-1978","river177-1979","river177-1980","river177-1981","river177-1982","river177-1983"],"damIds":["dam177-025"],"stationIds":["station177-1167"],"cascadeToId":"hes177-098","cascadeFromIds":[],"isProducer":true}},{"type":"Feature","id":"hes177-133","geometry":{"type":"Point","coordinates":[31.53,36.908]},"properties":{"id":"hes177-133","entityId":"hes177-133","entityType":"hes177","name":"OYMAPINAR HES","inventoryOrder":133,"basinId":"9","basinName":"Antalya","province":"ANTALYA","damName":"OYMAPINAR","installedPowerMw":540.0,"unitFlowM3s":450.0,"maxWaterLevelM":184.0,"minWaterLevelM":166.0,"maxVolumeHm3":322.53,"minVolumeHm3":239.22,"activeVolumeHm3":67.17,"waterEnergyMwh":25.32,"epiasDate":"46278.81434027778","dataQuality":"B","sourceMatchMethod":"exact","cascadeName":null,"cascadeSourceValue":"10","notes":"Kaskat alanında kaynak değeri '10' (belirsiz/sentinel); Koordinat güvenilir açık kaynaktan doğrulanamadı; Santral/baraj kesin koordinatı doğrulanamadığı için eşleşen trafo merkezi koordinatı harita referansı olarak kullanıldı; kesin HES konumu değildir.","coordinateStatus":"Trafo merkezi koordinatı ile tamamlandı","coordinateType":"Trafo merkezi / elektrik bağlantı noktası (yaklaşık)","coordinateSource":"transformer","coordinateKind":"transformer","transformerId":"1696","transformerName":"OYMAPINAR HES","riverNameSource":"TATUS spatial query hazır; en yakın/uygun LineString seçilmeli","riverCode":"TR09NH073779","riverQueryUrl":"https://cbs1.tarimorman.gov.tr/server/rest/services/TATUS/FeatureServer/8/query?where=HAVZA_ID%3D9&geometry=31.530000%2C36.908000&geometryType=esriGeometryPoint&inSR=4326&spatialRel=esriSpatialRelIntersects&distance=5&units=esriSRUnit_Kilometer&outFields=OBJECTID%2Cadi%2Cnehir_kod%2Cstrahler%2Cuzunluk%2CHAVZA_ID&returnGeometry=true&outSR=4326&orderByFields=strahler+DESC&resultRecordCount=20&f=geojson","catchmentUrl":"https://cbs1.tarimorman.gov.tr/server/rest/services/TATUS/FeatureServer/9/query?where=1%3D1&geometry=31.530000%2C36.908000&geometryType=esriGeometryPoint&inSR=4326&spatialRel=esriSpatialRelIntersects&outFields=%2A&returnGeometry=true&outSR=4326&resultRecordCount=5&f=geojson","catchmentLabel":"Santral popup: Su alanını göster","gisConfidence":"Orta-Düşük","gisNote":"TATUS baraj point doğrudan eşleşmesi bu çalışma kitabında çözülmedi; sorgu URL'si eklendi; Akarsu/catchment sorgusu yaklaşık trafo noktasına dayanır; santral/baraj noktası ile doğrulanmalı","hasDamMatch":true,"damMatchMethod":"name+basin+near-coordinate","riverIds":["river177-1884","river177-1887","river177-1891","river177-1892","river177-1893","river177-1894","river177-1898","river177-1984","river177-1985","river177-1986","river177-1987","river177-1988","river177-1989","river177-1990","river177-1991","river177-1992","river177-1993","river177-1994","river177-1995","river177-1996"],"damIds":["dam177-070"],"stationIds":["station177-216"],"cascadeToId":null,"cascadeFromIds":[],"isProducer":true}},{"type":"Feature","id":"hes177-134","geometry":{"type":"Point","coordinates":[40.086,39.128]},"properties":{"id":"hes177-134","entityId":"hes177-134","entityType":"hes177","name":"ÖZLÜCE HES","inventoryOrder":134,"basinId":"21","basinName":"Fırat-Dicle","province":"BİNGÖL","damName":"ÖZLÜCE","installedPowerMw":170.0,"unitFlowM3s":null,"maxWaterLevelM":1140.95,"minWaterLevelM":1105.0,"maxVolumeHm3":null,"minVolumeHm3":null,"activeVolumeHm3":null,"waterEnergyMwh":null,"epiasDate":null,"dataQuality":"C","sourceMatchMethod":"eşleşme yok","cascadeName":"PEMBELİK HES","cascadeSourceValue":"PEMBELİK HES","notes":"EPİAŞ su göstergesi eşleşmesi bulunamadı; Koordinat güvenilir açık kaynaktan doğrulanamadı; Ünite debisi doğrulanamadı; Maksimum/minimum hacim doğrulanamadı; Santral/baraj kesin koordinatı doğrulanamadığı için eşleşen trafo merkezi koordinatı harita referansı olarak kullanıldı; kesin HES konumu değildir.","coordinateStatus":"Trafo merkezi koordinatı ile tamamlandı","coordinateType":"Trafo merkezi / elektrik bağlantı noktası (yaklaşık)","coordinateSource":"transformer","coordinateKind":"transformer","transformerId":"98","transformerName":"ÖZLÜCE HES","riverNameSource":"TATUS spatial query hazır; en yakın/uygun LineString seçilmeli","riverCode":"TR21NH459509","riverQueryUrl":"https://cbs1.tarimorman.gov.tr/server/rest/services/TATUS/FeatureServer/8/query?where=HAVZA_ID%3D21&geometry=40.086000%2C39.128000&geometryType=esriGeometryPoint&inSR=4326&spatialRel=esriSpatialRelIntersects&distance=5&units=esriSRUnit_Kilometer&outFields=OBJECTID%2Cadi%2Cnehir_kod%2Cstrahler%2Cuzunluk%2CHAVZA_ID&returnGeometry=true&outSR=4326&orderByFields=strahler+DESC&resultRecordCount=20&f=geojson","catchmentUrl":"https://cbs1.tarimorman.gov.tr/server/rest/services/TATUS/FeatureServer/9/query?where=1%3D1&geometry=40.086000%2C39.128000&geometryType=esriGeometryPoint&inSR=4326&spatialRel=esriSpatialRelIntersects&outFields=%2A&returnGeometry=true&outSR=4326&resultRecordCount=5&f=geojson","catchmentLabel":"Santral popup: Su alanını göster","gisConfidence":"Orta-Düşük","gisNote":"TATUS baraj point doğrudan eşleşmesi bu çalışma kitabında çözülmedi; sorgu URL'si eklendi; Akarsu/catchment sorgusu yaklaşık trafo noktasına dayanır; santral/baraj noktası ile doğrulanmalı; Fırat-Dicle havzasında nehir adı havzadan türetilmedi; yanlış Fırat/Dicle eşleşmesini önlemek için spatial doğrulama gerekli","hasDamMatch":false,"riverName":"Fırat","riverMatchMethod":"tatus-spatial+name","riverConfidence":"high","riverIds":["river177-1997","river177-1998","river177-1999","river177-2000","river177-2001","river177-2002","river177-2003","river177-2004","river177-2005","river177-2006","river177-2007","river177-2008","river177-2009","river177-2010","river177-2011","river177-2012","river177-2013"],"damIds":[],"stationIds":[],"cascadeToId":"hes177-135","cascadeFromIds":["hes177-110"],"isProducer":false}},{"type":"Feature","id":"hes177-135","geometry":{"type":"Point","coordinates":[39.897,39.083]},"properties":{"id":"hes177-135","entityId":"hes177-135","entityType":"hes177","name":"PEMBELİK HES","inventoryOrder":135,"basinId":"21","basinName":"Fırat-Dicle","province":"ELAZIĞ","damName":"PEMBELİK","installedPowerMw":127.0,"unitFlowM3s":null,"maxWaterLevelM":1026.4,"minWaterLevelM":1005.0,"maxVolumeHm3":null,"minVolumeHm3":null,"activeVolumeHm3":null,"waterEnergyMwh":null,"epiasDate":null,"dataQuality":"C","sourceMatchMethod":"eşleşme yok","cascadeName":"TATAR HES","cascadeSourceValue":"TATAR HES","notes":"EPİAŞ su göstergesi eşleşmesi bulunamadı; Koordinat güvenilir açık kaynaktan doğrulanamadı; Ünite debisi doğrulanamadı; Maksimum/minimum hacim doğrulanamadı; Santral/baraj kesin koordinatı doğrulanamadığı için eşleşen trafo merkezi koordinatı harita referansı olarak kullanıldı; kesin HES konumu değildir.","coordinateStatus":"Trafo merkezi koordinatı ile tamamlandı","coordinateType":"Trafo merkezi / elektrik bağlantı noktası (yaklaşık)","coordinateSource":"transformer","coordinateKind":"transformer","transformerId":"1231","transformerName":"PEMBELİK HES","riverNameSource":"TATUS spatial query hazır; en yakın/uygun LineString seçilmeli","riverCode":"TR21NH717496","riverQueryUrl":"https://cbs1.tarimorman.gov.tr/server/rest/services/TATUS/FeatureServer/8/query?where=HAVZA_ID%3D21&geometry=39.897000%2C39.083000&geometryType=esriGeometryPoint&inSR=4326&spatialRel=esriSpatialRelIntersects&distance=5&units=esriSRUnit_Kilometer&outFields=OBJECTID%2Cadi%2Cnehir_kod%2Cstrahler%2Cuzunluk%2CHAVZA_ID&returnGeometry=true&outSR=4326&orderByFields=strahler+DESC&resultRecordCount=20&f=geojson","catchmentUrl":"https://cbs1.tarimorman.gov.tr/server/rest/services/TATUS/FeatureServer/9/query?where=1%3D1&geometry=39.897000%2C39.083000&geometryType=esriGeometryPoint&inSR=4326&spatialRel=esriSpatialRelIntersects&outFields=%2A&returnGeometry=true&outSR=4326&resultRecordCount=5&f=geojson","catchmentLabel":"Santral popup: Su alanını göster","gisConfidence":"Orta-Düşük","gisNote":"TATUS baraj point doğrudan eşleşmesi bu çalışma kitabında çözülmedi; sorgu URL'si eklendi; Akarsu/catchment sorgusu yaklaşık trafo noktasına dayanır; santral/baraj noktası ile doğrulanmalı; Fırat-Dicle havzasında nehir adı havzadan türetilmedi; yanlış Fırat/Dicle eşleşmesini önlemek için spatial doğrulama gerekli","hasDamMatch":false,"riverName":"Fırat","riverMatchMethod":"tatus-spatial+name","riverConfidence":"high","riverIds":["river177-2014","river177-2015","river177-2016","river177-2017","river177-2018","river177-2019","river177-2020","river177-2021","river177-2022","river177-2023","river177-2024","river177-2025","river177-2026","river177-2027","river177-2028","river177-2029","river177-2030","river177-2031","river177-2032","river177-2033"],"damIds":[],"stationIds":[],"cascadeToId":"hes177-155","cascadeFromIds":["hes177-134"],"isProducer":false}},{"type":"Feature","id":"hes177-136","geometry":{"type":"Point","coordinates":[37.481,40.348]},"properties":{"id":"hes177-136","entityId":"hes177-136","entityType":"hes177","name":"REŞADİYE HES","inventoryOrder":136,"basinId":"14","basinName":"Yeşilırmak","province":"TOKAT","damName":"REŞADİYE","installedPowerMw":64.25,"unitFlowM3s":null,"maxWaterLevelM":531.0,"minWaterLevelM":529.0,"maxVolumeHm3":null,"minVolumeHm3":null,"activeVolumeHm3":null,"waterEnergyMwh":null,"epiasDate":null,"dataQuality":"C","sourceMatchMethod":"eşleşme yok","cascadeName":null,"cascadeSourceValue":"10","notes":"EPİAŞ su göstergesi eşleşmesi bulunamadı; Kaskat alanında kaynak değeri '10' (belirsiz/sentinel); Koordinat güvenilir açık kaynaktan doğrulanamadı; Kurulu güç bulunamadı; Eksik kurulu güç/il bilgisi kamuya açık web kaynağıyla tamamlandı; Ünite debisi doğrulanamadı; Maksimum/minimum hacim doğrulanamadı; Santral/baraj kesin koordinatı doğrulanamadığı için eşleşen trafo merkezi koordinatı harita referansı olarak kullanıldı; kesin HES konumu değildir.","coordinateStatus":"Trafo merkezi koordinatı ile tamamlandı","coordinateType":"Trafo merkezi / elektrik bağlantı noktası (yaklaşık)","coordinateSource":"transformer","coordinateKind":"transformer","transformerId":"807","transformerName":"REŞADİYE HES","riverNameSource":"Havza ana akarsuyu ön-eşleme; TATUS spatial query ile doğrulanmalı","riverCode":"TR14NH181763","riverQueryUrl":"https://cbs1.tarimorman.gov.tr/server/rest/services/TATUS/FeatureServer/8/query?where=HAVZA_ID%3D14&geometry=37.481000%2C40.348000&geometryType=esriGeometryPoint&inSR=4326&spatialRel=esriSpatialRelIntersects&distance=5&units=esriSRUnit_Kilometer&outFields=OBJECTID%2Cadi%2Cnehir_kod%2Cstrahler%2Cuzunluk%2CHAVZA_ID&returnGeometry=true&outSR=4326&orderByFields=strahler+DESC&resultRecordCount=20&f=geojson","catchmentUrl":"https://cbs1.tarimorman.gov.tr/server/rest/services/TATUS/FeatureServer/9/query?where=1%3D1&geometry=37.481000%2C40.348000&geometryType=esriGeometryPoint&inSR=4326&spatialRel=esriSpatialRelIntersects&outFields=%2A&returnGeometry=true&outSR=4326&resultRecordCount=5&f=geojson","catchmentLabel":"Santral popup: Su alanını göster","gisConfidence":"Orta-Düşük","gisNote":"TATUS baraj point doğrudan eşleşmesi bu çalışma kitabında çözülmedi; sorgu URL'si eklendi; Akarsu/catchment sorgusu yaklaşık trafo noktasına dayanır; santral/baraj noktası ile doğrulanmalı","hasDamMatch":false,"riverIds":["river177-2034","river177-2035","river177-2036","river177-2037","river177-2038","river177-2039","river177-2040","river177-2041","river177-2042","river177-2043","river177-2044","river177-2045","river177-2046","river177-2047","river177-2048","river177-2049","river177-2050","river177-2051","river177-2052","river177-2053"],"damIds":[],"stationIds":["station177-342","station177-1111","station177-1112","station177-1131","station177-1135","station177-1143"],"cascadeToId":null,"cascadeFromIds":[],"isProducer":false}},{"type":"Feature","id":"hes177-137","geometry":{"type":"Point","coordinates":[35.445297,37.401506]},"properties":{"id":"hes177-137","entityId":"hes177-137","entityType":"hes177","name":"SANİBEY HES","inventoryOrder":137,"basinId":"18","basinName":"Seyhan","province":"ADANA","damName":"YEDİGÖZE","installedPowerMw":317.0,"unitFlowM3s":380.0,"maxWaterLevelM":235.0,"minWaterLevelM":210.0,"maxVolumeHm3":642.82,"minVolumeHm3":342.35,"activeVolumeHm3":276.57,"waterEnergyMwh":63.64,"epiasDate":"46278.81434027778","dataQuality":"A","sourceMatchMethod":"alias","cascadeName":"ÇATALAN HES","cascadeSourceValue":"ÇATALAN HES","notes":"Baraj adı eşleşmesi: YEDİGÖZE","coordinateStatus":"Doğrulanmış koordinat mevcut","coordinateType":"HES / baraj noktası","coordinateSource":"workbook-verified","coordinateKind":"verified","transformerId":"467","transformerName":"SANİBEY HES","riverNameSource":"Havza ana akarsuyu ön-eşleme; TATUS spatial query ile doğrulanmalı","riverCode":"TR18NH110263","riverQueryUrl":"https://cbs1.tarimorman.gov.tr/server/rest/services/TATUS/FeatureServer/8/query?where=HAVZA_ID%3D18&geometry=35.445297%2C37.401506&geometryType=esriGeometryPoint&inSR=4326&spatialRel=esriSpatialRelIntersects&distance=5&units=esriSRUnit_Kilometer&outFields=OBJECTID%2Cadi%2Cnehir_kod%2Cstrahler%2Cuzunluk%2CHAVZA_ID&returnGeometry=true&outSR=4326&orderByFields=strahler+DESC&resultRecordCount=20&f=geojson","catchmentUrl":"https://cbs1.tarimorman.gov.tr/server/rest/services/TATUS/FeatureServer/9/query?where=1%3D1&geometry=35.445297%2C37.401506&geometryType=esriGeometryPoint&inSR=4326&spatialRel=esriSpatialRelIntersects&outFields=%2A&returnGeometry=true&outSR=4326&resultRecordCount=5&f=geojson","catchmentLabel":"Santral popup: Su alanını göster","gisConfidence":"Yüksek","gisNote":"TATUS baraj point doğrudan eşleşmesi bu çalışma kitabında çözülmedi; sorgu URL'si eklendi","hasDamMatch":true,"damMatchMethod":"name+basin+near-coordinate","riverName":"Seyhan","riverMatchMethod":"tatus-spatial+name","riverConfidence":"high","riverIds":["river177-2054","river177-2055","river177-2056","river177-2057","river177-2058","river177-2059","river177-2060","river177-2061","river177-2062","river177-2063","river177-2064","river177-2065","river177-2066","river177-2067","river177-2068","river177-2069","river177-2070"],"damIds":["dam177-038"],"stationIds":[],"cascadeToId":"hes177-048","cascadeFromIds":["hes177-103"],"isProducer":true}},{"type":"Feature","id":"hes177-138","geometry":{"type":"Point","coordinates":[36.925392,37.56744]},"properties":{"id":"hes177-138","entityId":"hes177-138","entityType":"hes177","name":"SARIGÜZEL HES","inventoryOrder":138,"basinId":"20","basinName":"Ceyhan","province":"KAHRAMANMARAŞ","damName":"SARIGÜZEL HES","installedPowerMw":95.0,"unitFlowM3s":99.2,"maxWaterLevelM":868.0,"minWaterLevelM":860.0,"maxVolumeHm3":59.4,"minVolumeHm3":20.33,"activeVolumeHm3":31.88,"waterEnergyMwh":9.34,"epiasDate":"46278.81434027778","dataQuality":"A","sourceMatchMethod":"exact","cascadeName":"MENZELET HES","cascadeSourceValue":"MENZELET HES","notes":null,"coordinateStatus":"Doğrulanmış koordinat mevcut","coordinateType":"HES / baraj noktası","coordinateSource":"workbook-verified","coordinateKind":"verified","transformerId":"694","transformerName":"SARIGÜZEL HES","riverNameSource":"Havza ana akarsuyu ön-eşleme; TATUS spatial query ile doğrulanmalı","riverCode":"TR20NH045930","riverQueryUrl":"https://cbs1.tarimorman.gov.tr/server/rest/services/TATUS/FeatureServer/8/query?where=HAVZA_ID%3D20&geometry=36.925392%2C37.567440&geometryType=esriGeometryPoint&inSR=4326&spatialRel=esriSpatialRelIntersects&distance=5&units=esriSRUnit_Kilometer&outFields=OBJECTID%2Cadi%2Cnehir_kod%2Cstrahler%2Cuzunluk%2CHAVZA_ID&returnGeometry=true&outSR=4326&orderByFields=strahler+DESC&resultRecordCount=20&f=geojson","catchmentUrl":"https://cbs1.tarimorman.gov.tr/server/rest/services/TATUS/FeatureServer/9/query?where=1%3D1&geometry=36.925392%2C37.567440&geometryType=esriGeometryPoint&inSR=4326&spatialRel=esriSpatialRelIntersects&outFields=%2A&returnGeometry=true&outSR=4326&resultRecordCount=5&f=geojson","catchmentLabel":"Santral popup: Su alanını göster","gisConfidence":"Yüksek","gisNote":null,"hasDamMatch":true,"damMatchMethod":"name+basin+near-coordinate","riverName":"Keklik","riverMatchMethod":"tatus-spatial","riverConfidence":"medium","riverIds":["river177-2071","river177-2072","river177-2073","river177-2074","river177-2075","river177-2076","river177-2077","river177-2078","river177-2079","river177-2080","river177-2081","river177-2082","river177-2083","river177-2084","river177-2085"],"damIds":["dam177-047"],"stationIds":["station177-554","station177-1259","station177-1260","station177-1263","station177-1271","station177-1276","station177-1277","station177-1279","station177-1281","station177-1282"],"cascadeToId":"hes177-127","cascadeFromIds":["hes177-089"],"isProducer":true}},{"type":"Feature","id":"hes177-139","geometry":{"type":"Point","coordinates":[43.74338,38.79301]},"properties":{"id":"hes177-139","entityId":"hes177-139","entityType":"hes177","name":"SARIMEHMET HES","inventoryOrder":139,"basinId":"25","basinName":"Van Gölü","province":"VAN","damName":"SARIMEHMET","installedPowerMw":3.4,"unitFlowM3s":20.0,"maxWaterLevelM":2013.12,"minWaterLevelM":1985.6,"maxVolumeHm3":196.28,"minVolumeHm3":17.71,"activeVolumeHm3":41.08,"waterEnergyMwh":3.22,"epiasDate":"46278.81434027778","dataQuality":"A","sourceMatchMethod":"exact","cascadeName":null,"cascadeSourceValue":"10","notes":"Kaskat alanında kaynak değeri '10' (belirsiz/sentinel)","coordinateStatus":"Doğrulanmış koordinat mevcut","coordinateType":"HES / baraj noktası","coordinateSource":"workbook-verified","coordinateKind":"verified","transformerId":null,"transformerName":null,"riverNameSource":"TATUS spatial query hazır; en yakın/uygun LineString seçilmeli","riverCode":"TR25NH044484","riverQueryUrl":"https://cbs1.tarimorman.gov.tr/server/rest/services/TATUS/FeatureServer/8/query?where=HAVZA_ID%3D25&geometry=43.743380%2C38.793010&geometryType=esriGeometryPoint&inSR=4326&spatialRel=esriSpatialRelIntersects&distance=5&units=esriSRUnit_Kilometer&outFields=OBJECTID%2Cadi%2Cnehir_kod%2Cstrahler%2Cuzunluk%2CHAVZA_ID&returnGeometry=true&outSR=4326&orderByFields=strahler+DESC&resultRecordCount=20&f=geojson","catchmentUrl":"https://cbs1.tarimorman.gov.tr/server/rest/services/TATUS/FeatureServer/9/query?where=1%3D1&geometry=43.743380%2C38.793010&geometryType=esriGeometryPoint&inSR=4326&spatialRel=esriSpatialRelIntersects&outFields=%2A&returnGeometry=true&outSR=4326&resultRecordCount=5&f=geojson","catchmentLabel":"Santral popup: Su alanını göster","gisConfidence":"Yüksek","gisNote":null,"hasDamMatch":true,"damMatchMethod":"name+basin+near-coordinate","riverIds":["river177-0303"],"damIds":["dam177-054"],"stationIds":[],"cascadeToId":null,"cascadeFromIds":[],"isProducer":true}},{"type":"Feature","id":"hes177-140","geometry":{"type":"Point","coordinates":[31.413,40.052]},"properties":{"id":"hes177-140","entityId":"hes177-140","entityType":"hes177","name":"SARIYAR HES","inventoryOrder":140,"basinId":"12","basinName":"Sakarya","province":"ESKİŞEHİR","damName":"SARIYAR","installedPowerMw":160.0,"unitFlowM3s":240.0,"maxWaterLevelM":472.7,"minWaterLevelM":457.7,"maxVolumeHm3":1411.35,"minVolumeHm3":591.84,"activeVolumeHm3":528.65,"waterEnergyMwh":99.07,"epiasDate":"46278.81434027778","dataQuality":"B","sourceMatchMethod":"exact","cascadeName":"GÖKÇEKAYA HES","cascadeSourceValue":"GÖKÇEKAYA HES","notes":"Koordinat güvenilir açık kaynaktan doğrulanamadı; Santral/baraj kesin koordinatı doğrulanamadığı için eşleşen trafo merkezi koordinatı harita referansı olarak kullanıldı; kesin HES konumu değildir.","coordinateStatus":"Trafo merkezi koordinatı ile tamamlandı","coordinateType":"Trafo merkezi / elektrik bağlantı noktası (yaklaşık)","coordinateSource":"transformer","coordinateKind":"transformer","transformerId":"910","transformerName":"SARIYAR HES","riverNameSource":"Havza ana akarsuyu ön-eşleme; TATUS spatial query ile doğrulanmalı","riverCode":"TR12NH252772","riverQueryUrl":"https://cbs1.tarimorman.gov.tr/server/rest/services/TATUS/FeatureServer/8/query?where=HAVZA_ID%3D12&geometry=31.413000%2C40.052000&geometryType=esriGeometryPoint&inSR=4326&spatialRel=esriSpatialRelIntersects&distance=5&units=esriSRUnit_Kilometer&outFields=OBJECTID%2Cadi%2Cnehir_kod%2Cstrahler%2Cuzunluk%2CHAVZA_ID&returnGeometry=true&outSR=4326&orderByFields=strahler+DESC&resultRecordCount=20&f=geojson","catchmentUrl":"https://cbs1.tarimorman.gov.tr/server/rest/services/TATUS/FeatureServer/9/query?where=1%3D1&geometry=31.413000%2C40.052000&geometryType=esriGeometryPoint&inSR=4326&spatialRel=esriSpatialRelIntersects&outFields=%2A&returnGeometry=true&outSR=4326&resultRecordCount=5&f=geojson","catchmentLabel":"Santral popup: Su alanını göster","gisConfidence":"Orta-Düşük","gisNote":"TATUS baraj point doğrudan eşleşmesi bu çalışma kitabında çözülmedi; sorgu URL'si eklendi; Akarsu/catchment sorgusu yaklaşık trafo noktasına dayanır; santral/baraj noktası ile doğrulanmalı","hasDamMatch":false,"riverIds":["river177-2086","river177-2087","river177-2088","river177-2089","river177-2090","river177-2091","river177-2092","river177-2093","river177-2094","river177-2095","river177-2096","river177-2097","river177-2098","river177-2099","river177-2100","river177-2101","river177-2102","river177-2103","river177-2104","river177-2105"],"damIds":[],"stationIds":["station177-254"],"cascadeToId":"hes177-073","cascadeFromIds":["hes177-097"],"isProducer":false}},{"type":"Feature","id":"hes177-141","geometry":null,"properties":{"id":"hes177-141","entityId":"hes177-141","entityType":"hes177","name":"SEFAKÖY HES","inventoryOrder":141,"basinId":"24","basinName":"Aras","province":"KARS","damName":"SEFAKÖY","installedPowerMw":33.11,"unitFlowM3s":null,"maxWaterLevelM":1098.0,"minWaterLevelM":1092.0,"maxVolumeHm3":null,"minVolumeHm3":null,"activeVolumeHm3":null,"waterEnergyMwh":null,"epiasDate":null,"dataQuality":"C","sourceMatchMethod":"eşleşme yok","cascadeName":null,"cascadeSourceValue":"10","notes":"EPİAŞ su göstergesi eşleşmesi bulunamadı; Kaskat alanında kaynak değeri '10' (belirsiz/sentinel); Koordinat güvenilir açık kaynaktan doğrulanamadı; Ünite debisi doğrulanamadı; Maksimum/minimum hacim doğrulanamadı","coordinateStatus":"Koordinat eksik","coordinateType":"—","coordinateSource":null,"coordinateKind":"unresolved","transformerId":null,"transformerName":null,"riverNameSource":"Havza ana akarsuyu ön-eşleme; TATUS spatial query ile doğrulanmalı","riverCode":"TR24NH066101","riverQueryUrl":null,"catchmentUrl":null,"catchmentLabel":"Santral popup: Su alanını göster","gisConfidence":"Yok","gisNote":"TATUS baraj point doğrudan eşleşmesi bu çalışma kitabında çözülmedi; sorgu URL'si eklendi; Koordinat eksik olduğu için akarsu ve su toplama alanı spatial sorgusu üretilemedi","hasDamMatch":false,"riverName":"Möküz","riverMatchMethod":"tatus-spatial","riverConfidence":"medium","riverIds":["river177-2106","river177-2107","river177-2108","river177-2109","river177-2110","river177-2111","river177-2112","river177-2113","river177-2114","river177-2115","river177-2116","river177-2117","river177-2118","river177-2119","river177-2120","river177-2121","river177-2122"],"damIds":[],"stationIds":[],"cascadeToId":null,"cascadeFromIds":["hes177-094"],"isProducer":false}},{"type":"Feature","id":"hes177-142","geometry":{"type":"Point","coordinates":[35.34139,37.03695]},"properties":{"id":"hes177-142","entityId":"hes177-142","entityType":"hes177","name":"SEYHAN 1 HES","inventoryOrder":142,"basinId":"18","basinName":"Seyhan","province":"ADANA","damName":"SEYHAN-I","installedPowerMw":54.0,"unitFlowM3s":231.0,"maxWaterLevelM":67.5,"minWaterLevelM":49.0,"maxVolumeHm3":835.35,"minVolumeHm3":160.7,"activeVolumeHm3":null,"waterEnergyMwh":null,"epiasDate":"46278.81434027778","dataQuality":"A","sourceMatchMethod":"alias","cascadeName":"SEYHAN 2 HES","cascadeSourceValue":"SEYHAN 2 HES","notes":"Baraj adı eşleşmesi: SEYHAN-I","coordinateStatus":"Doğrulanmış koordinat mevcut","coordinateType":"HES / baraj noktası","coordinateSource":"workbook-verified","coordinateKind":"verified","transformerId":null,"transformerName":null,"riverNameSource":"Havza ana akarsuyu ön-eşleme; TATUS spatial query ile doğrulanmalı","riverCode":"TR18NH000081","riverQueryUrl":"https://cbs1.tarimorman.gov.tr/server/rest/services/TATUS/FeatureServer/8/query?where=HAVZA_ID%3D18&geometry=35.341390%2C37.036950&geometryType=esriGeometryPoint&inSR=4326&spatialRel=esriSpatialRelIntersects&distance=5&units=esriSRUnit_Kilometer&outFields=OBJECTID%2Cadi%2Cnehir_kod%2Cstrahler%2Cuzunluk%2CHAVZA_ID&returnGeometry=true&outSR=4326&orderByFields=strahler+DESC&resultRecordCount=20&f=geojson","catchmentUrl":"https://cbs1.tarimorman.gov.tr/server/rest/services/TATUS/FeatureServer/9/query?where=1%3D1&geometry=35.341390%2C37.036950&geometryType=esriGeometryPoint&inSR=4326&spatialRel=esriSpatialRelIntersects&outFields=%2A&returnGeometry=true&outSR=4326&resultRecordCount=5&f=geojson","catchmentLabel":"Santral popup: Su alanını göster","gisConfidence":"Yüksek","gisNote":null,"hasDamMatch":true,"damMatchMethod":"name+basin+near-coordinate","riverName":"Seyhan","riverMatchMethod":"tatus-spatial+name","riverConfidence":"high","riverIds":["river177-2123","river177-2124","river177-2125","river177-2126","river177-2127","river177-2128","river177-2129","river177-2130","river177-2131","river177-2132","river177-2133","river177-2134","river177-2135","river177-2136","river177-2137","river177-2138","river177-2139"],"damIds":["dam177-037"],"stationIds":[],"cascadeToId":null,"cascadeFromIds":["hes177-048"],"isProducer":true}},{"type":"Feature","id":"hes177-143","geometry":{"type":"Point","coordinates":[39.893,39.02]},"properties":{"id":"hes177-143","entityId":"hes177-143","entityType":"hes177","name":"SEYRANTEPE HES","inventoryOrder":143,"basinId":"21","basinName":"Fırat-Dicle","province":"ELAZIĞ","damName":"SEYRANTEPE","installedPowerMw":57.0,"unitFlowM3s":null,"maxWaterLevelM":956.3,"minWaterLevelM":953.5,"maxVolumeHm3":null,"minVolumeHm3":null,"activeVolumeHm3":null,"waterEnergyMwh":null,"epiasDate":null,"dataQuality":"C","sourceMatchMethod":"eşleşme yok","cascadeName":"TATAR HES","cascadeSourceValue":"TATAR HES","notes":"EPİAŞ su göstergesi eşleşmesi bulunamadı; Koordinat güvenilir açık kaynaktan doğrulanamadı; Ünite debisi doğrulanamadı; Maksimum/minimum hacim doğrulanamadı; Santral/baraj kesin koordinatı doğrulanamadığı için eşleşen trafo merkezi koordinatı harita referansı olarak kullanıldı; kesin HES konumu değildir.","coordinateStatus":"Trafo merkezi koordinatı ile tamamlandı","coordinateType":"Trafo merkezi / elektrik bağlantı noktası (yaklaşık)","coordinateSource":"transformer","coordinateKind":"transformer","transformerId":"539","transformerName":"SEYRANTEPE HES","riverNameSource":"TATUS spatial query hazır; en yakın/uygun LineString seçilmeli","riverCode":"TR21NH707176","riverQueryUrl":"https://cbs1.tarimorman.gov.tr/server/rest/services/TATUS/FeatureServer/8/query?where=HAVZA_ID%3D21&geometry=39.893000%2C39.020000&geometryType=esriGeometryPoint&inSR=4326&spatialRel=esriSpatialRelIntersects&distance=5&units=esriSRUnit_Kilometer&outFields=OBJECTID%2Cadi%2Cnehir_kod%2Cstrahler%2Cuzunluk%2CHAVZA_ID&returnGeometry=true&outSR=4326&orderByFields=strahler+DESC&resultRecordCount=20&f=geojson","catchmentUrl":"https://cbs1.tarimorman.gov.tr/server/rest/services/TATUS/FeatureServer/9/query?where=1%3D1&geometry=39.893000%2C39.020000&geometryType=esriGeometryPoint&inSR=4326&spatialRel=esriSpatialRelIntersects&outFields=%2A&returnGeometry=true&outSR=4326&resultRecordCount=5&f=geojson","catchmentLabel":"Santral popup: Su alanını göster","gisConfidence":"Orta-Düşük","gisNote":"TATUS baraj point doğrudan eşleşmesi bu çalışma kitabında çözülmedi; sorgu URL'si eklendi; Akarsu/catchment sorgusu yaklaşık trafo noktasına dayanır; santral/baraj noktası ile doğrulanmalı; Fırat-Dicle havzasında nehir adı havzadan türetilmedi; yanlış Fırat/Dicle eşleşmesini önlemek için spatial doğrulama gerekli","hasDamMatch":false,"riverName":"Fırat","riverMatchMethod":"tatus-spatial+name","riverConfidence":"high","riverIds":["river177-2014","river177-2027","river177-2032","river177-2140","river177-2141","river177-2142","river177-2143","river177-2144","river177-2145","river177-2146","river177-2147","river177-2148","river177-2149","river177-2150","river177-2151","river177-2152","river177-2153","river177-2154","river177-2155","river177-2156"],"damIds":[],"stationIds":["station177-617","station177-1315"],"cascadeToId":"hes177-155","cascadeFromIds":[],"isProducer":false}},{"type":"Feature","id":"hes177-144","geometry":null,"properties":{"id":"hes177-144","entityId":"hes177-144","entityType":"hes177","name":"SIRAKONAKLAR HES","inventoryOrder":144,"basinId":"23","basinName":"Çoruh","province":"ERZURUM","damName":"SIRAKONAKLAR","installedPowerMw":18.0,"unitFlowM3s":null,"maxWaterLevelM":1245.0,"minWaterLevelM":1237.0,"maxVolumeHm3":null,"minVolumeHm3":null,"activeVolumeHm3":null,"waterEnergyMwh":null,"epiasDate":null,"dataQuality":"C","sourceMatchMethod":"eşleşme yok","cascadeName":"ARKUN HES","cascadeSourceValue":"ARKUN HES","notes":"EPİAŞ su göstergesi eşleşmesi bulunamadı; Koordinat güvenilir açık kaynaktan doğrulanamadı; Kurulu güç bulunamadı; Eksik kurulu güç/il bilgisi kamuya açık web kaynağıyla tamamlandı; Ünite debisi doğrulanamadı; Maksimum/minimum hacim doğrulanamadı","coordinateStatus":"Koordinat eksik","coordinateType":"—","coordinateSource":null,"coordinateKind":"unresolved","transformerId":null,"transformerName":null,"riverNameSource":"Havza ana akarsuyu ön-eşleme; TATUS spatial query ile doğrulanmalı","riverCode":null,"riverQueryUrl":null,"catchmentUrl":null,"catchmentLabel":"Santral popup: Su alanını göster","gisConfidence":"Yok","gisNote":"TATUS baraj point doğrudan eşleşmesi bu çalışma kitabında çözülmedi; sorgu URL'si eklendi; Koordinat eksik olduğu için akarsu ve su toplama alanı spatial sorgusu üretilemedi","hasDamMatch":false,"riverIds":[],"damIds":[],"stationIds":[],"cascadeToId":"hes177-018","cascadeFromIds":[],"isProducer":false}},{"type":"Feature","id":"hes177-145","geometry":{"type":"Point","coordinates":[36.5968,37.501]},"properties":{"id":"hes177-145","entityId":"hes177-145","entityType":"hes177","name":"SIR HES","inventoryOrder":145,"basinId":"20","basinName":"Ceyhan","province":"KAHRAMANMARAŞ","damName":"SIR","installedPowerMw":283.5,"unitFlowM3s":342.8,"maxWaterLevelM":441.0,"minWaterLevelM":417.5,"maxVolumeHm3":1172.4,"minVolumeHm3":424.5,"activeVolumeHm3":510.79,"waterEnergyMwh":123.08,"epiasDate":"46278.81434027778","dataQuality":"A","sourceMatchMethod":"exact","cascadeName":null,"cascadeSourceValue":"10","notes":"Kaskat alanında kaynak değeri '10' (belirsiz/sentinel)","coordinateStatus":"Doğrulanmış koordinat mevcut","coordinateType":"HES / baraj noktası","coordinateSource":"workbook-verified","coordinateKind":"verified","transformerId":"233","transformerName":"SIR HES","riverNameSource":"Havza ana akarsuyu ön-eşleme; TATUS spatial query ile doğrulanmalı","riverCode":"TR20NH110619","riverQueryUrl":"https://cbs1.tarimorman.gov.tr/server/rest/services/TATUS/FeatureServer/8/query?where=HAVZA_ID%3D20&geometry=36.596800%2C37.501000&geometryType=esriGeometryPoint&inSR=4326&spatialRel=esriSpatialRelIntersects&distance=5&units=esriSRUnit_Kilometer&outFields=OBJECTID%2Cadi%2Cnehir_kod%2Cstrahler%2Cuzunluk%2CHAVZA_ID&returnGeometry=true&outSR=4326&orderByFields=strahler+DESC&resultRecordCount=20&f=geojson","catchmentUrl":"https://cbs1.tarimorman.gov.tr/server/rest/services/TATUS/FeatureServer/9/query?where=1%3D1&geometry=36.596800%2C37.501000&geometryType=esriGeometryPoint&inSR=4326&spatialRel=esriSpatialRelIntersects&outFields=%2A&returnGeometry=true&outSR=4326&resultRecordCount=5&f=geojson","catchmentLabel":"Santral popup: Su alanını göster","gisConfidence":"Yüksek","gisNote":null,"hasDamMatch":true,"damMatchMethod":"name+basin+near-coordinate","riverName":"Ceyhan","riverMatchMethod":"tatus-spatial+name","riverConfidence":"high","riverIds":["river177-2157","river177-2158","river177-2159","river177-2160","river177-2161","river177-2162","river177-2163","river177-2164","river177-2165","river177-2166","river177-2167","river177-2168","river177-2169","river177-2170","river177-2171","river177-2172","river177-2173","river177-2174","river177-2175"],"damIds":["dam177-048"],"stationIds":[],"cascadeToId":null,"cascadeFromIds":["hes177-101","hes177-108"],"isProducer":true}},{"type":"Feature","id":"hes177-146","geometry":null,"properties":{"id":"hes177-146","entityId":"hes177-146","entityType":"hes177","name":"SIRIMTAŞ HES","inventoryOrder":146,"basinId":"21","basinName":"Fırat-Dicle","province":"ADIYAMAN","damName":"SIRIMTAŞ HES","installedPowerMw":26.0,"unitFlowM3s":10.0,"maxWaterLevelM":861.0,"minWaterLevelM":854.5,"maxVolumeHm3":35.22,"minVolumeHm3":27.47,"activeVolumeHm3":null,"waterEnergyMwh":null,"epiasDate":"46278.81434027778","dataQuality":"B","sourceMatchMethod":"exact","cascadeName":"ATATÜRK HES","cascadeSourceValue":"ATATÜRK HES","notes":"Koordinat güvenilir açık kaynaktan doğrulanamadı","coordinateStatus":"Koordinat eksik","coordinateType":"—","coordinateSource":null,"coordinateKind":"unresolved","transformerId":null,"transformerName":null,"riverNameSource":"Koordinat yok; spatial eşleme yapılamadı","riverCode":"TR21NH692532","riverQueryUrl":null,"catchmentUrl":null,"catchmentLabel":"Santral popup: Su alanını göster","gisConfidence":"Yok","gisNote":"TATUS baraj point doğrudan eşleşmesi bu çalışma kitabında çözülmedi; sorgu URL'si eklendi; Fırat-Dicle havzasında nehir adı havzadan türetilmedi; yanlış Fırat/Dicle eşleşmesini önlemek için spatial doğrulama gerekli; Koordinat eksik olduğu için akarsu ve su toplama alanı spatial sorgusu üretilemedi","hasDamMatch":false,"riverName":"Şahnahan","riverMatchMethod":"tatus-spatial+name","riverConfidence":"high","riverIds":["river177-0447","river177-0448","river177-0455","river177-0456","river177-0463","river177-0465","river177-0466","river177-0467","river177-0468","river177-0469","river177-0470","river177-0471","river177-0472","river177-0473","river177-0475","river177-0476","river177-0477","river177-0479","river177-0480","river177-0481","river177-0483","river177-0486"],"damIds":[],"stationIds":[],"cascadeToId":"hes177-025","cascadeFromIds":[],"isProducer":false}},{"type":"Feature","id":"hes177-147","geometry":null,"properties":{"id":"hes177-147","entityId":"hes177-147","entityType":"hes177","name":"SİLOPİ HES","inventoryOrder":147,"basinId":"21","basinName":"Fırat-Dicle","province":"ŞIRNAK","damName":"SİLOPİ","installedPowerMw":2.376,"unitFlowM3s":null,"maxWaterLevelM":657.7,"minWaterLevelM":631.0,"maxVolumeHm3":null,"minVolumeHm3":null,"activeVolumeHm3":null,"waterEnergyMwh":null,"epiasDate":null,"dataQuality":"C","sourceMatchMethod":"eşleşme yok","cascadeName":null,"cascadeSourceValue":"10","notes":"EPİAŞ su göstergesi eşleşmesi bulunamadı; Kaskat alanında kaynak değeri '10' (belirsiz/sentinel); Koordinat güvenilir açık kaynaktan doğrulanamadı; Kurulu güç bulunamadı; Eksik kurulu güç/il bilgisi kamuya açık web kaynağıyla tamamlandı; Kurulu güç kamu kaynağıyla doğrulandı; Ünite debisi doğrulanamadı; Maksimum/minimum hacim doğrulanamadı","coordinateStatus":"Koordinat eksik","coordinateType":"—","coordinateSource":null,"coordinateKind":"unresolved","transformerId":null,"transformerName":null,"riverNameSource":"Koordinat yok; spatial eşleme yapılamadı","riverCode":"TR21NH692532","riverQueryUrl":null,"catchmentUrl":null,"catchmentLabel":"Santral popup: Su alanını göster","gisConfidence":"Yok","gisNote":"TATUS baraj point doğrudan eşleşmesi bu çalışma kitabında çözülmedi; sorgu URL'si eklendi; Fırat-Dicle havzasında nehir adı havzadan türetilmedi; yanlış Fırat/Dicle eşleşmesini önlemek için spatial doğrulama gerekli; Koordinat eksik olduğu için akarsu ve su toplama alanı spatial sorgusu üretilemedi","hasDamMatch":false,"riverName":"Şahnahan","riverMatchMethod":"tatus-spatial+name","riverConfidence":"high","riverIds":["river177-0447","river177-0448","river177-0449","river177-0450","river177-0451","river177-0452","river177-0453","river177-0454","river177-0455","river177-0456","river177-0457","river177-0458","river177-0459","river177-0460","river177-0461","river177-0462","river177-0463","river177-0464","river177-0465","river177-0466","river177-0467","river177-0468","river177-0469","river177-0470","river177-0471","river177-0472","river177-0473","river177-0474","river177-0475","river177-0476","river177-0477","river177-0478","river177-0479","river177-0480","river177-0481","river177-0482","river177-0483","river177-0484","river177-0485","river177-0486"],"damIds":[],"stationIds":[],"cascadeToId":null,"cascadeFromIds":["hes177-153"],"isProducer":false}},{"type":"Feature","id":"hes177-148","geometry":{"type":"Point","coordinates":[36.67091,41.07479]},"properties":{"id":"hes177-148","entityId":"hes177-148","entityType":"hes177","name":"SUAT UĞURLU HES","inventoryOrder":148,"basinId":"14","basinName":"Yeşilırmak","province":"SAMSUN","damName":"S.UĞURLU","installedPowerMw":69.0,"unitFlowM3s":239.7,"maxWaterLevelM":61.5,"minWaterLevelM":58.5,"maxVolumeHm3":139.6,"minVolumeHm3":113.57,"activeVolumeHm3":16.19,"waterEnergyMwh":1.18,"epiasDate":"46278.81434027778","dataQuality":"A","sourceMatchMethod":"alias","cascadeName":null,"cascadeSourceValue":"10","notes":"Baraj adı eşleşmesi: S.UĞURLU; Kaskat alanında kaynak değeri '10' (belirsiz/sentinel)","coordinateStatus":"Doğrulanmış koordinat mevcut","coordinateType":"HES / baraj noktası","coordinateSource":"workbook-verified","coordinateKind":"verified","transformerId":"791","transformerName":"SUAT UĞURLU HES","riverNameSource":"Havza ana akarsuyu ön-eşleme; TATUS spatial query ile doğrulanmalı","riverCode":"TR14NH183728","riverQueryUrl":"https://cbs1.tarimorman.gov.tr/server/rest/services/TATUS/FeatureServer/8/query?where=HAVZA_ID%3D14&geometry=36.670910%2C41.074790&geometryType=esriGeometryPoint&inSR=4326&spatialRel=esriSpatialRelIntersects&distance=5&units=esriSRUnit_Kilometer&outFields=OBJECTID%2Cadi%2Cnehir_kod%2Cstrahler%2Cuzunluk%2CHAVZA_ID&returnGeometry=true&outSR=4326&orderByFields=strahler+DESC&resultRecordCount=20&f=geojson","catchmentUrl":"https://cbs1.tarimorman.gov.tr/server/rest/services/TATUS/FeatureServer/9/query?where=1%3D1&geometry=36.670910%2C41.074790&geometryType=esriGeometryPoint&inSR=4326&spatialRel=esriSpatialRelIntersects&outFields=%2A&returnGeometry=true&outSR=4326&resultRecordCount=5&f=geojson","catchmentLabel":"Santral popup: Su alanını göster","gisConfidence":"Yüksek","gisNote":null,"hasDamMatch":true,"damMatchMethod":"name+basin+near-coordinate","riverIds":["river177-2176","river177-2177","river177-2178","river177-2179","river177-2180","river177-2181","river177-2182","river177-2183","river177-2184","river177-2185","river177-2186","river177-2187","river177-2188","river177-2189","river177-2190","river177-2191","river177-2192","river177-2193"],"damIds":["dam177-013"],"stationIds":["station177-350","station177-661","station177-670","station177-671","station177-683","station177-685","station177-1123"],"cascadeToId":null,"cascadeFromIds":["hes177-083"],"isProducer":true}},{"type":"Feature","id":"hes177-149","geometry":null,"properties":{"id":"hes177-149","entityId":"hes177-149","entityType":"hes177","name":"SUÇATI HES KAHRAMANMARAŞ","inventoryOrder":149,"basinId":"20","basinName":"Ceyhan","province":"KAHRAMANMARAŞ","damName":"SUÇATI","installedPowerMw":7.0,"unitFlowM3s":26.6,"maxWaterLevelM":644.3,"minWaterLevelM":639.5,"maxVolumeHm3":8.74,"minVolumeHm3":5.71,"activeVolumeHm3":null,"waterEnergyMwh":null,"epiasDate":"46278.81434027778","dataQuality":"B","sourceMatchMethod":"alias","cascadeName":"MENZELET HES","cascadeSourceValue":"MENZELET HES","notes":"Baraj adı eşleşmesi: SUÇATI; Koordinat güvenilir açık kaynaktan doğrulanamadı","coordinateStatus":"Koordinat eksik","coordinateType":"—","coordinateSource":null,"coordinateKind":"unresolved","transformerId":null,"transformerName":null,"riverNameSource":"Havza ana akarsuyu ön-eşleme; TATUS spatial query ile doğrulanmalı","riverCode":"TR20NH030292","riverQueryUrl":null,"catchmentUrl":null,"catchmentLabel":"Santral popup: Su alanını göster","gisConfidence":"Yok","gisNote":"TATUS baraj point doğrudan eşleşmesi bu çalışma kitabında çözülmedi; sorgu URL'si eklendi; Koordinat eksik olduğu için akarsu ve su toplama alanı spatial sorgusu üretilemedi","hasDamMatch":false,"riverName":"Kilgen","riverMatchMethod":"tatus-spatial","riverConfidence":"medium","riverIds":["river177-1534","river177-1535","river177-1536","river177-1537","river177-1538","river177-1539","river177-1540","river177-1541","river177-1542","river177-1543","river177-1544","river177-1545"],"damIds":[],"stationIds":[],"cascadeToId":"hes177-127","cascadeFromIds":[],"isProducer":false}},{"type":"Feature","id":"hes177-150","geometry":{"type":"Point","coordinates":[38.62222,40.04472]},"properties":{"id":"hes177-150","entityId":"hes177-150","entityType":"hes177","name":"SUŞEHRİ HES","inventoryOrder":150,"basinId":"14","basinName":"Yeşilırmak","province":"SİVAS","damName":"GÖLOVA","installedPowerMw":1.1,"unitFlowM3s":6.0,"maxWaterLevelM":1293.0,"minWaterLevelM":1280.0,"maxVolumeHm3":64.4,"minVolumeHm3":14.5,"activeVolumeHm3":32.11,"waterEnergyMwh":1.23,"epiasDate":"46278.81434027778","dataQuality":"B","sourceMatchMethod":"alias","cascadeName":null,"cascadeSourceValue":"10","notes":"Baraj adı eşleşmesi: GÖLOVA; Kaskat alanında kaynak değeri '10' (belirsiz/sentinel); Koordinat güvenilir açık kaynaktan doğrulanamadı; TATUS baraj noktası fallback: GÖLOVA (reservoir_exact); 1 nokta","coordinateStatus":"TATUS baraj gözlem istasyonu ile tamamlandı","coordinateType":"Baraj gözlem istasyonu (TATUS fallback)","coordinateSource":"workbook","coordinateKind":"verified","transformerId":null,"transformerName":null,"riverNameSource":"Havza ana akarsuyu ön-eşleme; TATUS spatial query ile doğrulanmalı","riverCode":"TR14NH180078","riverQueryUrl":"https://cbs1.tarimorman.gov.tr/server/rest/services/TATUS/FeatureServer/8/query?where=HAVZA_ID%3D14&geometry=38.622220%2C40.044720&geometryType=esriGeometryPoint&inSR=4326&spatialRel=esriSpatialRelIntersects&distance=5&units=esriSRUnit_Kilometer&outFields=OBJECTID%2Cadi%2Cnehir_kod%2Cstrahler%2Cuzunluk%2CHAVZA_ID&returnGeometry=true&outSR=4326&orderByFields=strahler+DESC&resultRecordCount=20&f=geojson","catchmentUrl":"https://cbs1.tarimorman.gov.tr/server/rest/services/TATUS/FeatureServer/9/query?where=1%3D1&geometry=38.622220%2C40.044720&geometryType=esriGeometryPoint&inSR=4326&spatialRel=esriSpatialRelIntersects&outFields=%2A&returnGeometry=true&outSR=4326&resultRecordCount=5&f=geojson","catchmentLabel":"Santral popup: Su alanını göster","gisConfidence":"Yüksek-Orta","gisNote":null,"hasDamMatch":true,"damMatchMethod":"name+basin+near-coordinate","riverName":"Değirmen","riverMatchMethod":"tatus-spatial","riverConfidence":"medium","riverIds":["river177-2194","river177-2195","river177-2196","river177-2197","river177-2198","river177-2199","river177-2200","river177-2201","river177-2202","river177-2203","river177-2204","river177-2205","river177-2206","river177-2207"],"damIds":["dam177-010"],"stationIds":["station177-335","station177-894","station177-1104","station177-1105","station177-1160","station177-1161","station177-1162"],"cascadeToId":null,"cascadeFromIds":[],"isProducer":true}},{"type":"Feature","id":"hes177-151","geometry":null,"properties":{"id":"hes177-151","entityId":"hes177-151","entityType":"hes177","name":"SÜMER HES","inventoryOrder":151,"basinId":"14","basinName":"Yeşilırmak","province":"GİRESUN","damName":"SÜMER","installedPowerMw":21.6,"unitFlowM3s":null,"maxWaterLevelM":1246.0,"minWaterLevelM":1238.0,"maxVolumeHm3":null,"minVolumeHm3":null,"activeVolumeHm3":null,"waterEnergyMwh":null,"epiasDate":null,"dataQuality":"C","sourceMatchMethod":"eşleşme yok","cascadeName":null,"cascadeSourceValue":"10","notes":"EPİAŞ su göstergesi eşleşmesi bulunamadı; Kaskat alanında kaynak değeri '10' (belirsiz/sentinel); Koordinat güvenilir açık kaynaktan doğrulanamadı; Ünite debisi doğrulanamadı; Maksimum/minimum hacim doğrulanamadı","coordinateStatus":"Koordinat eksik","coordinateType":"—","coordinateSource":null,"coordinateKind":"unresolved","transformerId":null,"transformerName":null,"riverNameSource":"Havza ana akarsuyu ön-eşleme; TATUS spatial query ile doğrulanmalı","riverCode":"TR14NH178267","riverQueryUrl":null,"catchmentUrl":null,"catchmentLabel":"Santral popup: Su alanını göster","gisConfidence":"Yok","gisNote":"TATUS baraj point doğrudan eşleşmesi bu çalışma kitabında çözülmedi; sorgu URL'si eklendi; Koordinat eksik olduğu için akarsu ve su toplama alanı spatial sorgusu üretilemedi","hasDamMatch":false,"riverName":"Ilgınözü","riverMatchMethod":"tatus-spatial","riverConfidence":"medium","riverIds":["river177-2208","river177-2209","river177-2210","river177-2211","river177-2212"],"damIds":[],"stationIds":[],"cascadeToId":null,"cascadeFromIds":[],"isProducer":false}},{"type":"Feature","id":"hes177-152","geometry":null,"properties":{"id":"hes177-152","entityId":"hes177-152","entityType":"hes177","name":"ŞANLIURFA HES","inventoryOrder":152,"basinId":"21","basinName":"Fırat-Dicle","province":"ŞANLIURFA","damName":"ŞANLIURFA","installedPowerMw":51.0,"unitFlowM3s":null,"maxWaterLevelM":0.0,"minWaterLevelM":0.0,"maxVolumeHm3":null,"minVolumeHm3":null,"activeVolumeHm3":null,"waterEnergyMwh":null,"epiasDate":null,"dataQuality":"C","sourceMatchMethod":"eşleşme yok","cascadeName":null,"cascadeSourceValue":"10","notes":"EPİAŞ su göstergesi eşleşmesi bulunamadı; Kaskat alanında kaynak değeri '10' (belirsiz/sentinel); Koordinat güvenilir açık kaynaktan doğrulanamadı; Ünite debisi doğrulanamadı; Maksimum/minimum hacim doğrulanamadı","coordinateStatus":"Koordinat eksik","coordinateType":"—","coordinateSource":null,"coordinateKind":"unresolved","transformerId":null,"transformerName":null,"riverNameSource":"Koordinat yok; spatial eşleme yapılamadı","riverCode":"TR21NH692532","riverQueryUrl":null,"catchmentUrl":null,"catchmentLabel":"Santral popup: Su alanını göster","gisConfidence":"Yok","gisNote":"TATUS baraj point doğrudan eşleşmesi bu çalışma kitabında çözülmedi; sorgu URL'si eklendi; Fırat-Dicle havzasında nehir adı havzadan türetilmedi; yanlış Fırat/Dicle eşleşmesini önlemek için spatial doğrulama gerekli; Koordinat eksik olduğu için akarsu ve su toplama alanı spatial sorgusu üretilemedi","hasDamMatch":false,"riverName":"Şahnahan","riverMatchMethod":"tatus-spatial+name","riverConfidence":"high","riverIds":["river177-0447","river177-0448","river177-0455","river177-0456","river177-0463","river177-0465","river177-0466","river177-0467","river177-0468","river177-0469","river177-0470","river177-0471","river177-0472","river177-0473","river177-0475","river177-0476","river177-0477","river177-0479","river177-0480","river177-0481","river177-0483","river177-0486"],"damIds":[],"stationIds":[],"cascadeToId":null,"cascadeFromIds":[],"isProducer":false}},{"type":"Feature","id":"hes177-153","geometry":null,"properties":{"id":"hes177-153","entityId":"hes177-153","entityType":"hes177","name":"ŞIRNAK HES","inventoryOrder":153,"basinId":"21","basinName":"Fırat-Dicle","province":"ŞIRNAK","damName":"ŞIRNAK","installedPowerMw":4.95,"unitFlowM3s":null,"maxWaterLevelM":810.51,"minWaterLevelM":791.0,"maxVolumeHm3":null,"minVolumeHm3":null,"activeVolumeHm3":null,"waterEnergyMwh":null,"epiasDate":null,"dataQuality":"C","sourceMatchMethod":"eşleşme yok","cascadeName":"SİLOPİ HES","cascadeSourceValue":"SİLOPİ HES","notes":"EPİAŞ su göstergesi eşleşmesi bulunamadı; Koordinat güvenilir açık kaynaktan doğrulanamadı; Kurulu güç bulunamadı; Eksik kurulu güç/il bilgisi kamuya açık web kaynağıyla tamamlandı; Ünite debisi doğrulanamadı; Maksimum/minimum hacim doğrulanamadı","coordinateStatus":"Koordinat eksik","coordinateType":"—","coordinateSource":null,"coordinateKind":"unresolved","transformerId":null,"transformerName":null,"riverNameSource":"Koordinat yok; spatial eşleme yapılamadı","riverCode":"TR21NH692532","riverQueryUrl":null,"catchmentUrl":null,"catchmentLabel":"Santral popup: Su alanını göster","gisConfidence":"Yok","gisNote":"TATUS baraj point doğrudan eşleşmesi bu çalışma kitabında çözülmedi; sorgu URL'si eklendi; Fırat-Dicle havzasında nehir adı havzadan türetilmedi; yanlış Fırat/Dicle eşleşmesini önlemek için spatial doğrulama gerekli; Koordinat eksik olduğu için akarsu ve su toplama alanı spatial sorgusu üretilemedi","hasDamMatch":false,"riverName":"Şahnahan","riverMatchMethod":"tatus-spatial+name","riverConfidence":"high","riverIds":["river177-0447","river177-0448","river177-0449","river177-0450","river177-0451","river177-0452","river177-0453","river177-0454","river177-0455","river177-0456","river177-0457","river177-0458","river177-0459","river177-0460","river177-0461","river177-0462","river177-0463","river177-0464","river177-0465","river177-0466","river177-0467","river177-0468","river177-0469","river177-0470","river177-0471","river177-0472","river177-0473","river177-0474","river177-0475","river177-0476","river177-0477","river177-0478","river177-0479","river177-0480","river177-0481","river177-0482","river177-0483","river177-0484","river177-0485","river177-0486"],"damIds":[],"stationIds":[],"cascadeToId":"hes177-147","cascadeFromIds":["hes177-165"],"isProducer":false}},{"type":"Feature","id":"hes177-154","geometry":null,"properties":{"id":"hes177-154","entityId":"hes177-154","entityType":"hes177","name":"ŞİRVAN HES","inventoryOrder":154,"basinId":"21","basinName":"Fırat-Dicle","province":"SİİRT","damName":"ŞİRVAN","installedPowerMw":30.0,"unitFlowM3s":null,"maxWaterLevelM":688.0,"minWaterLevelM":667.0,"maxVolumeHm3":null,"minVolumeHm3":null,"activeVolumeHm3":null,"waterEnergyMwh":null,"epiasDate":null,"dataQuality":"C","sourceMatchMethod":"eşleşme yok","cascadeName":"ILISU HES","cascadeSourceValue":"ILISU HES","notes":"EPİAŞ su göstergesi eşleşmesi bulunamadı; Koordinat güvenilir açık kaynaktan doğrulanamadı; Ünite debisi doğrulanamadı; Maksimum/minimum hacim doğrulanamadı","coordinateStatus":"Koordinat eksik","coordinateType":"—","coordinateSource":null,"coordinateKind":"unresolved","transformerId":null,"transformerName":null,"riverNameSource":"Koordinat yok; spatial eşleme yapılamadı","riverCode":"TR21NH692532","riverQueryUrl":null,"catchmentUrl":null,"catchmentLabel":"Santral popup: Su alanını göster","gisConfidence":"Yok","gisNote":"TATUS baraj point doğrudan eşleşmesi bu çalışma kitabında çözülmedi; sorgu URL'si eklendi; Fırat-Dicle havzasında nehir adı havzadan türetilmedi; yanlış Fırat/Dicle eşleşmesini önlemek için spatial doğrulama gerekli; Koordinat eksik olduğu için akarsu ve su toplama alanı spatial sorgusu üretilemedi","hasDamMatch":false,"riverName":"Şahnahan","riverMatchMethod":"tatus-spatial+name","riverConfidence":"high","riverIds":["river177-0447","river177-0448","river177-0449","river177-0450","river177-0451","river177-0452","river177-0453","river177-0454","river177-0455","river177-0456","river177-0457","river177-0458","river177-0459","river177-0460","river177-0461","river177-0462","river177-0463","river177-0464","river177-0465","river177-0466","river177-0467","river177-0468","river177-0469","river177-0470","river177-0471","river177-0472","river177-0473","river177-0474","river177-0475","river177-0476","river177-0477","river177-0478","river177-0479","river177-0480","river177-0481","river177-0482","river177-0483","river177-0484","river177-0485","river177-0486"],"damIds":[],"stationIds":[],"cascadeToId":"hes177-086","cascadeFromIds":[],"isProducer":false}},{"type":"Feature","id":"hes177-155","geometry":{"type":"Point","coordinates":[39.816,38.86]},"properties":{"id":"hes177-155","entityId":"hes177-155","entityType":"hes177","name":"TATAR HES","inventoryOrder":155,"basinId":"21","basinName":"Fırat-Dicle","province":"ELAZIĞ","damName":"TATAR","installedPowerMw":128.0,"unitFlowM3s":null,"maxWaterLevelM":915.0,"minWaterLevelM":909.5,"maxVolumeHm3":null,"minVolumeHm3":null,"activeVolumeHm3":null,"waterEnergyMwh":null,"epiasDate":null,"dataQuality":"C","sourceMatchMethod":"eşleşme yok","cascadeName":"KEBAN HES","cascadeSourceValue":"KEBAN HES","notes":"EPİAŞ su göstergesi eşleşmesi bulunamadı; Koordinat güvenilir açık kaynaktan doğrulanamadı; Ünite debisi doğrulanamadı; Maksimum/minimum hacim doğrulanamadı; Santral/baraj kesin koordinatı doğrulanamadığı için eşleşen trafo merkezi koordinatı harita referansı olarak kullanıldı; kesin HES konumu değildir.","coordinateStatus":"Trafo merkezi koordinatı ile tamamlandı","coordinateType":"Trafo merkezi / elektrik bağlantı noktası (yaklaşık)","coordinateSource":"transformer","coordinateKind":"transformer","transformerId":"1093","transformerName":"TATAR HES","riverNameSource":"TATUS spatial query hazır; en yakın/uygun LineString seçilmeli","riverCode":"TR21NH412458","riverQueryUrl":"https://cbs1.tarimorman.gov.tr/server/rest/services/TATUS/FeatureServer/8/query?where=HAVZA_ID%3D21&geometry=39.816000%2C38.860000&geometryType=esriGeometryPoint&inSR=4326&spatialRel=esriSpatialRelIntersects&distance=5&units=esriSRUnit_Kilometer&outFields=OBJECTID%2Cadi%2Cnehir_kod%2Cstrahler%2Cuzunluk%2CHAVZA_ID&returnGeometry=true&outSR=4326&orderByFields=strahler+DESC&resultRecordCount=20&f=geojson","catchmentUrl":"https://cbs1.tarimorman.gov.tr/server/rest/services/TATUS/FeatureServer/9/query?where=1%3D1&geometry=39.816000%2C38.860000&geometryType=esriGeometryPoint&inSR=4326&spatialRel=esriSpatialRelIntersects&outFields=%2A&returnGeometry=true&outSR=4326&resultRecordCount=5&f=geojson","catchmentLabel":"Santral popup: Su alanını göster","gisConfidence":"Orta-Düşük","gisNote":"TATUS baraj point doğrudan eşleşmesi bu çalışma kitabında çözülmedi; sorgu URL'si eklendi; Akarsu/catchment sorgusu yaklaşık trafo noktasına dayanır; santral/baraj noktası ile doğrulanmalı; Fırat-Dicle havzasında nehir adı havzadan türetilmedi; yanlış Fırat/Dicle eşleşmesini önlemek için spatial doğrulama gerekli","hasDamMatch":false,"riverName":"Fırat","riverMatchMethod":"tatus-spatial+name","riverConfidence":"high","riverIds":["river177-2213","river177-2214","river177-2215","river177-2216","river177-2217","river177-2218","river177-2219","river177-2220","river177-2221","river177-2222","river177-2223","river177-2224","river177-2225","river177-2226","river177-2227","river177-2228","river177-2229","river177-2230","river177-2231"],"damIds":[],"stationIds":["station177-611","station177-613","station177-947","station177-1316"],"cascadeToId":"hes177-105","cascadeFromIds":["hes177-135","hes177-143"],"isProducer":false}},{"type":"Feature","id":"hes177-156","geometry":{"type":"Point","coordinates":[36.70252,40.66143]},"properties":{"id":"hes177-156","entityId":"hes177-156","entityType":"hes177","name":"TEPEKIŞLA HES","inventoryOrder":156,"basinId":"14","basinName":"Yeşilırmak","province":"TOKAT","damName":"TEPEKIŞLA","installedPowerMw":10.0,"unitFlowM3s":213.0,"maxWaterLevelM":252.5,"minWaterLevelM":245.8,"maxVolumeHm3":33.11,"minVolumeHm3":20.15,"activeVolumeHm3":10.41,"waterEnergyMwh":1.05,"epiasDate":"46278.81434027778","dataQuality":"A","sourceMatchMethod":"exact","cascadeName":null,"cascadeSourceValue":"10","notes":"Kaskat alanında kaynak değeri '10' (belirsiz/sentinel)","coordinateStatus":"Doğrulanmış koordinat mevcut","coordinateType":"HES / baraj noktası","coordinateSource":"workbook-verified","coordinateKind":"verified","transformerId":"1283","transformerName":"TEPEKIŞLA HES","riverNameSource":"Havza ana akarsuyu ön-eşleme; TATUS spatial query ile doğrulanmalı","riverCode":"TR14NH145221","riverQueryUrl":"https://cbs1.tarimorman.gov.tr/server/rest/services/TATUS/FeatureServer/8/query?where=HAVZA_ID%3D14&geometry=36.702520%2C40.661430&geometryType=esriGeometryPoint&inSR=4326&spatialRel=esriSpatialRelIntersects&distance=5&units=esriSRUnit_Kilometer&outFields=OBJECTID%2Cadi%2Cnehir_kod%2Cstrahler%2Cuzunluk%2CHAVZA_ID&returnGeometry=true&outSR=4326&orderByFields=strahler+DESC&resultRecordCount=20&f=geojson","catchmentUrl":"https://cbs1.tarimorman.gov.tr/server/rest/services/TATUS/FeatureServer/9/query?where=1%3D1&geometry=36.702520%2C40.661430&geometryType=esriGeometryPoint&inSR=4326&spatialRel=esriSpatialRelIntersects&outFields=%2A&returnGeometry=true&outSR=4326&resultRecordCount=5&f=geojson","catchmentLabel":"Santral popup: Su alanını göster","gisConfidence":"Yüksek","gisNote":null,"hasDamMatch":true,"damMatchMethod":"name+basin+near-coordinate","riverIds":["river177-2232","river177-2233","river177-2234","river177-2235","river177-2236","river177-2237","river177-2238","river177-2239","river177-2240","river177-2241","river177-2242","river177-2243","river177-2244","river177-2245","river177-2246","river177-2247","river177-2248","river177-2249","river177-2250","river177-2251"],"damIds":["dam177-014"],"stationIds":["station177-340","station177-345","station177-359","station177-1145"],"cascadeToId":null,"cascadeFromIds":[],"isProducer":true}},{"type":"Feature","id":"hes177-157","geometry":null,"properties":{"id":"hes177-157","entityId":"hes177-157","entityType":"hes177","name":"TERCAN HES","inventoryOrder":157,"basinId":"21","basinName":"Fırat-Dicle","province":"ERZİNCAN","damName":"TERCAN","installedPowerMw":16.9,"unitFlowM3s":null,"maxWaterLevelM":1463.0,"minWaterLevelM":1444.1,"maxVolumeHm3":null,"minVolumeHm3":null,"activeVolumeHm3":null,"waterEnergyMwh":null,"epiasDate":null,"dataQuality":"C","sourceMatchMethod":"eşleşme yok","cascadeName":"BAĞIŞTAŞ1 HES","cascadeSourceValue":"BAĞIŞTAŞ1 HES","notes":"EPİAŞ su göstergesi eşleşmesi bulunamadı; Koordinat güvenilir açık kaynaktan doğrulanamadı; Ünite debisi doğrulanamadı; Maksimum/minimum hacim doğrulanamadı","coordinateStatus":"Koordinat eksik","coordinateType":"—","coordinateSource":null,"coordinateKind":"unresolved","transformerId":null,"transformerName":null,"riverNameSource":"Koordinat yok; spatial eşleme yapılamadı","riverCode":"TR21NH692532","riverQueryUrl":null,"catchmentUrl":null,"catchmentLabel":"Santral popup: Su alanını göster","gisConfidence":"Yok","gisNote":"TATUS baraj point doğrudan eşleşmesi bu çalışma kitabında çözülmedi; sorgu URL'si eklendi; Fırat-Dicle havzasında nehir adı havzadan türetilmedi; yanlış Fırat/Dicle eşleşmesini önlemek için spatial doğrulama gerekli; Koordinat eksik olduğu için akarsu ve su toplama alanı spatial sorgusu üretilemedi","hasDamMatch":false,"riverName":"Şahnahan","riverMatchMethod":"tatus-spatial+name","riverConfidence":"high","riverIds":["river177-0447","river177-0448","river177-0455","river177-0456","river177-0463","river177-0465","river177-0466","river177-0467","river177-0468","river177-0469","river177-0470","river177-0471","river177-0472","river177-0473","river177-0475","river177-0476","river177-0477","river177-0479","river177-0480","river177-0481","river177-0483","river177-0486"],"damIds":[],"stationIds":[],"cascadeToId":"hes177-027","cascadeFromIds":[],"isProducer":false}},{"type":"Feature","id":"hes177-158","geometry":null,"properties":{"id":"hes177-158","entityId":"hes177-158","entityType":"hes177","name":"TOCAK I HES","inventoryOrder":158,"basinId":"8","basinName":"Batı Akdeniz","province":"ANTALYA","damName":"TOCAK I","installedPowerMw":4.76,"unitFlowM3s":null,"maxWaterLevelM":138.5,"minWaterLevelM":120.5,"maxVolumeHm3":null,"minVolumeHm3":null,"activeVolumeHm3":null,"waterEnergyMwh":null,"epiasDate":null,"dataQuality":"C","sourceMatchMethod":"eşleşme yok","cascadeName":null,"cascadeSourceValue":"10","notes":"EPİAŞ su göstergesi eşleşmesi bulunamadı; Kaskat alanında kaynak değeri '10' (belirsiz/sentinel); Koordinat güvenilir açık kaynaktan doğrulanamadı; Kurulu güç bulunamadı; Eksik kurulu güç/il bilgisi kamuya açık web kaynağıyla tamamlandı; Ünite debisi doğrulanamadı; Maksimum/minimum hacim doğrulanamadı","coordinateStatus":"Koordinat eksik","coordinateType":"—","coordinateSource":null,"coordinateKind":"unresolved","transformerId":null,"transformerName":null,"riverNameSource":"Koordinat yok; spatial eşleme yapılamadı","riverCode":"TR08NH071335","riverQueryUrl":null,"catchmentUrl":null,"catchmentLabel":"Santral popup: Su alanını göster","gisConfidence":"Yok","gisNote":"TATUS baraj point doğrudan eşleşmesi bu çalışma kitabında çözülmedi; sorgu URL'si eklendi; Koordinat eksik olduğu için akarsu ve su toplama alanı spatial sorgusu üretilemedi","hasDamMatch":false,"riverName":"Akçay","riverMatchMethod":"tatus-spatial","riverConfidence":"medium","riverIds":["river177-1124","river177-1125","river177-1126"],"damIds":[],"stationIds":[],"cascadeToId":null,"cascadeFromIds":[],"isProducer":false}},{"type":"Feature","id":"hes177-159","geometry":{"type":"Point","coordinates":[37.115,40.44]},"properties":{"id":"hes177-159","entityId":"hes177-159","entityType":"hes177","name":"TOKAT AKINCI HES","inventoryOrder":159,"basinId":"14","basinName":"Yeşilırmak","province":"TOKAT","damName":"TOKAT AKINCI","installedPowerMw":99.0,"unitFlowM3s":null,"maxWaterLevelM":484.0,"minWaterLevelM":482.0,"maxVolumeHm3":null,"minVolumeHm3":null,"activeVolumeHm3":null,"waterEnergyMwh":null,"epiasDate":null,"dataQuality":"C","sourceMatchMethod":"eşleşme yok","cascadeName":null,"cascadeSourceValue":"10","notes":"EPİAŞ su göstergesi eşleşmesi bulunamadı; Kaskat alanında kaynak değeri '10' (belirsiz/sentinel); Koordinat güvenilir açık kaynaktan doğrulanamadı; Kurulu güç bulunamadı; Eksik kurulu güç/il bilgisi kamuya açık web kaynağıyla tamamlandı; Ünite debisi doğrulanamadı; Maksimum/minimum hacim doğrulanamadı; Santral/baraj kesin koordinatı doğrulanamadığı için eşleşen trafo merkezi koordinatı harita referansı olarak kullanıldı; kesin HES konumu değildir.","coordinateStatus":"Trafo merkezi koordinatı ile tamamlandı","coordinateType":"Trafo merkezi / elektrik bağlantı noktası (yaklaşık)","coordinateSource":"transformer","coordinateKind":"transformer","transformerId":"1541","transformerName":"AKINCI HES TOKAT","riverNameSource":"Havza ana akarsuyu ön-eşleme; TATUS spatial query ile doğrulanmalı","riverCode":"TR14NH118206","riverQueryUrl":"https://cbs1.tarimorman.gov.tr/server/rest/services/TATUS/FeatureServer/8/query?where=HAVZA_ID%3D14&geometry=37.115000%2C40.440000&geometryType=esriGeometryPoint&inSR=4326&spatialRel=esriSpatialRelIntersects&distance=5&units=esriSRUnit_Kilometer&outFields=OBJECTID%2Cadi%2Cnehir_kod%2Cstrahler%2Cuzunluk%2CHAVZA_ID&returnGeometry=true&outSR=4326&orderByFields=strahler+DESC&resultRecordCount=20&f=geojson","catchmentUrl":"https://cbs1.tarimorman.gov.tr/server/rest/services/TATUS/FeatureServer/9/query?where=1%3D1&geometry=37.115000%2C40.440000&geometryType=esriGeometryPoint&inSR=4326&spatialRel=esriSpatialRelIntersects&outFields=%2A&returnGeometry=true&outSR=4326&resultRecordCount=5&f=geojson","catchmentLabel":"Santral popup: Su alanını göster","gisConfidence":"Orta-Düşük","gisNote":"TATUS baraj point doğrudan eşleşmesi bu çalışma kitabında çözülmedi; sorgu URL'si eklendi; Akarsu/catchment sorgusu yaklaşık trafo noktasına dayanır; santral/baraj noktası ile doğrulanmalı","hasDamMatch":false,"riverIds":["river177-2252","river177-2253","river177-2254","river177-2255","river177-2256","river177-2257","river177-2258","river177-2259","river177-2260","river177-2261","river177-2262","river177-2263","river177-2264","river177-2265","river177-2266","river177-2267","river177-2268","river177-2269","river177-2270","river177-2271"],"damIds":[],"stationIds":["station177-339","station177-890","station177-1110","station177-1129","station177-1142","station177-1150"],"cascadeToId":null,"cascadeFromIds":[],"isProducer":false}},{"type":"Feature","id":"hes177-160","geometry":{"type":"Point","coordinates":[37.796,40.656]},"properties":{"id":"hes177-160","entityId":"hes177-160","entityType":"hes177","name":"TOPÇAM HES","inventoryOrder":160,"basinId":"22","basinName":"Doğu Karadeniz","province":"ORDU","damName":"TOPÇAM-ORDU","installedPowerMw":60.0,"unitFlowM3s":30.6,"maxWaterLevelM":910.0,"minWaterLevelM":854.5,"maxVolumeHm3":132.88,"minVolumeHm3":22.0,"activeVolumeHm3":53.53,"waterEnergyMwh":33.46,"epiasDate":"46278.81434027778","dataQuality":"B","sourceMatchMethod":"water-level","cascadeName":null,"cascadeSourceValue":"10","notes":"Baraj eşleşmesi max/min kot üzerinden: TOPÇAM-ORDU; Kaskat alanında kaynak değeri '10' (belirsiz/sentinel); Koordinat güvenilir açık kaynaktan doğrulanamadı; Santral/baraj kesin koordinatı doğrulanamadığı için eşleşen trafo merkezi koordinatı harita referansı olarak kullanıldı; kesin HES konumu değildir.","coordinateStatus":"Trafo merkezi koordinatı ile tamamlandı","coordinateType":"Trafo merkezi / elektrik bağlantı noktası (yaklaşık)","coordinateSource":"transformer","coordinateKind":"transformer","transformerId":"1397","transformerName":"TOPÇAM HES","riverNameSource":"TATUS spatial query hazır; en yakın/uygun LineString seçilmeli","riverCode":"TR22NH099106","riverQueryUrl":"https://cbs1.tarimorman.gov.tr/server/rest/services/TATUS/FeatureServer/8/query?where=HAVZA_ID%3D22&geometry=37.796000%2C40.656000&geometryType=esriGeometryPoint&inSR=4326&spatialRel=esriSpatialRelIntersects&distance=5&units=esriSRUnit_Kilometer&outFields=OBJECTID%2Cadi%2Cnehir_kod%2Cstrahler%2Cuzunluk%2CHAVZA_ID&returnGeometry=true&outSR=4326&orderByFields=strahler+DESC&resultRecordCount=20&f=geojson","catchmentUrl":"https://cbs1.tarimorman.gov.tr/server/rest/services/TATUS/FeatureServer/9/query?where=1%3D1&geometry=37.796000%2C40.656000&geometryType=esriGeometryPoint&inSR=4326&spatialRel=esriSpatialRelIntersects&outFields=%2A&returnGeometry=true&outSR=4326&resultRecordCount=5&f=geojson","catchmentLabel":"Santral popup: Su alanını göster","gisConfidence":"Orta-Düşük","gisNote":"TATUS baraj point doğrudan eşleşmesi bu çalışma kitabında çözülmedi; sorgu URL'si eklendi; Akarsu/catchment sorgusu yaklaşık trafo noktasına dayanır; santral/baraj noktası ile doğrulanmalı","hasDamMatch":true,"damMatchMethod":"name+basin+near-coordinate","riverIds":["river177-0868","river177-0869","river177-0870","river177-0881","river177-2272","river177-2273","river177-2274","river177-2275","river177-2276","river177-2277","river177-2278","river177-2279","river177-2280","river177-2281","river177-2282","river177-2283","river177-2284","river177-2285","river177-2286"],"damIds":["dam177-050"],"stationIds":["station177-672","station177-1368"],"cascadeToId":null,"cascadeFromIds":[],"isProducer":true}},{"type":"Feature","id":"hes177-161","geometry":null,"properties":{"id":"hes177-161","entityId":"hes177-161","entityType":"hes177","name":"TORTUM HES","inventoryOrder":161,"basinId":"23","basinName":"Çoruh","province":"ERZURUM","damName":"TORTUM","installedPowerMw":26.2,"unitFlowM3s":null,"maxWaterLevelM":998.5,"minWaterLevelM":989.8,"maxVolumeHm3":null,"minVolumeHm3":null,"activeVolumeHm3":null,"waterEnergyMwh":null,"epiasDate":null,"dataQuality":"C","sourceMatchMethod":"eşleşme yok","cascadeName":"YUSUFELİ HES","cascadeSourceValue":"YUSUFELİ HES","notes":"EPİAŞ su göstergesi eşleşmesi bulunamadı; Koordinat güvenilir açık kaynaktan doğrulanamadı; Kurulu güç bulunamadı; Eksik kurulu güç/il bilgisi kamuya açık web kaynağıyla tamamlandı; Ünite debisi doğrulanamadı; Maksimum/minimum hacim doğrulanamadı","coordinateStatus":"Koordinat eksik","coordinateType":"—","coordinateSource":null,"coordinateKind":"unresolved","transformerId":null,"transformerName":null,"riverNameSource":"Havza ana akarsuyu ön-eşleme; TATUS spatial query ile doğrulanmalı","riverCode":null,"riverQueryUrl":null,"catchmentUrl":null,"catchmentLabel":"Santral popup: Su alanını göster","gisConfidence":"Yok","gisNote":"TATUS baraj point doğrudan eşleşmesi bu çalışma kitabında çözülmedi; sorgu URL'si eklendi; Koordinat eksik olduğu için akarsu ve su toplama alanı spatial sorgusu üretilemedi","hasDamMatch":false,"riverIds":[],"damIds":[],"stationIds":[],"cascadeToId":"hes177-177","cascadeFromIds":[],"isProducer":false}},{"type":"Feature","id":"hes177-162","geometry":{"type":"Point","coordinates":[39.23144,40.63538]},"properties":{"id":"hes177-162","entityId":"hes177-162","entityType":"hes177","name":"TORUL HES","inventoryOrder":162,"basinId":"22","basinName":"Doğu Karadeniz","province":"GÜMÜŞHANE","damName":"TORUL","installedPowerMw":103.2,"unitFlowM3s":44.5,"maxWaterLevelM":917.0,"minWaterLevelM":890.0,"maxVolumeHm3":132.75,"minVolumeHm3":59.72,"activeVolumeHm3":0.82,"waterEnergyMwh":0.47,"epiasDate":"46278.81434027778","dataQuality":"A","sourceMatchMethod":"exact","cascadeName":"KÜRTÜN HES","cascadeSourceValue":"KÜRTÜN HES","notes":null,"coordinateStatus":"Doğrulanmış koordinat mevcut","coordinateType":"HES / baraj noktası","coordinateSource":"workbook-verified","coordinateKind":"verified","transformerId":"803","transformerName":"TORUL HES","riverNameSource":"TATUS spatial query hazır; en yakın/uygun LineString seçilmeli","riverCode":"TR22NH098922","riverQueryUrl":"https://cbs1.tarimorman.gov.tr/server/rest/services/TATUS/FeatureServer/8/query?where=HAVZA_ID%3D22&geometry=39.231440%2C40.635380&geometryType=esriGeometryPoint&inSR=4326&spatialRel=esriSpatialRelIntersects&distance=5&units=esriSRUnit_Kilometer&outFields=OBJECTID%2Cadi%2Cnehir_kod%2Cstrahler%2Cuzunluk%2CHAVZA_ID&returnGeometry=true&outSR=4326&orderByFields=strahler+DESC&resultRecordCount=20&f=geojson","catchmentUrl":"https://cbs1.tarimorman.gov.tr/server/rest/services/TATUS/FeatureServer/9/query?where=1%3D1&geometry=39.231440%2C40.635380&geometryType=esriGeometryPoint&inSR=4326&spatialRel=esriSpatialRelIntersects&outFields=%2A&returnGeometry=true&outSR=4326&resultRecordCount=5&f=geojson","catchmentLabel":"Santral popup: Su alanını göster","gisConfidence":"Yüksek","gisNote":null,"hasDamMatch":true,"damMatchMethod":"name+basin+near-coordinate","riverName":"Harşit","riverMatchMethod":"tatus-spatial","riverConfidence":"medium","riverIds":["river177-2287","river177-2288","river177-2289","river177-2290","river177-2291","river177-2292","river177-2293","river177-2294","river177-2295","river177-2296","river177-2297","river177-2298","river177-2299","river177-2300","river177-2301","river177-2302","river177-2303","river177-2304","river177-2305"],"damIds":["dam177-051"],"stationIds":["station177-657","station177-960"],"cascadeToId":"hes177-123","cascadeFromIds":[],"isProducer":true}},{"type":"Feature","id":"hes177-163","geometry":{"type":"Point","coordinates":[37.401,40.372]},"properties":{"id":"hes177-163","entityId":"hes177-163","entityType":"hes177","name":"TUNA HES","inventoryOrder":163,"basinId":"14","basinName":"Yeşilırmak","province":"TOKAT","damName":"TUNA","installedPowerMw":37.19,"unitFlowM3s":null,"maxWaterLevelM":1033.7,"minWaterLevelM":1023.0,"maxVolumeHm3":null,"minVolumeHm3":null,"activeVolumeHm3":null,"waterEnergyMwh":null,"epiasDate":null,"dataQuality":"C","sourceMatchMethod":"eşleşme yok","cascadeName":null,"cascadeSourceValue":"10","notes":"EPİAŞ su göstergesi eşleşmesi bulunamadı; Kaskat alanında kaynak değeri '10' (belirsiz/sentinel); Koordinat güvenilir açık kaynaktan doğrulanamadı; Ünite debisi doğrulanamadı; Maksimum/minimum hacim doğrulanamadı; Santral/baraj kesin koordinatı doğrulanamadığı için eşleşen trafo merkezi koordinatı harita referansı olarak kullanıldı; kesin HES konumu değildir.","coordinateStatus":"Trafo merkezi koordinatı ile tamamlandı","coordinateType":"Trafo merkezi / elektrik bağlantı noktası (yaklaşık)","coordinateSource":"transformer","coordinateKind":"transformer","transformerId":"820","transformerName":"TUNA HES","riverNameSource":"Havza ana akarsuyu ön-eşleme; TATUS spatial query ile doğrulanmalı","riverCode":"TR14NH102635","riverQueryUrl":"https://cbs1.tarimorman.gov.tr/server/rest/services/TATUS/FeatureServer/8/query?where=HAVZA_ID%3D14&geometry=37.401000%2C40.372000&geometryType=esriGeometryPoint&inSR=4326&spatialRel=esriSpatialRelIntersects&distance=5&units=esriSRUnit_Kilometer&outFields=OBJECTID%2Cadi%2Cnehir_kod%2Cstrahler%2Cuzunluk%2CHAVZA_ID&returnGeometry=true&outSR=4326&orderByFields=strahler+DESC&resultRecordCount=20&f=geojson","catchmentUrl":"https://cbs1.tarimorman.gov.tr/server/rest/services/TATUS/FeatureServer/9/query?where=1%3D1&geometry=37.401000%2C40.372000&geometryType=esriGeometryPoint&inSR=4326&spatialRel=esriSpatialRelIntersects&outFields=%2A&returnGeometry=true&outSR=4326&resultRecordCount=5&f=geojson","catchmentLabel":"Santral popup: Su alanını göster","gisConfidence":"Orta-Düşük","gisNote":"TATUS baraj point doğrudan eşleşmesi bu çalışma kitabında çözülmedi; sorgu URL'si eklendi; Akarsu/catchment sorgusu yaklaşık trafo noktasına dayanır; santral/baraj noktası ile doğrulanmalı","hasDamMatch":false,"riverIds":["river177-2037","river177-2038","river177-2039","river177-2040","river177-2041","river177-2047","river177-2306","river177-2307","river177-2308","river177-2309","river177-2310","river177-2311","river177-2312","river177-2313","river177-2314","river177-2315","river177-2316","river177-2317","river177-2318","river177-2319"],"damIds":[],"stationIds":["station177-1113","station177-1132","station177-1144"],"cascadeToId":null,"cascadeFromIds":[],"isProducer":false}},{"type":"Feature","id":"hes177-164","geometry":{"type":"Point","coordinates":[28.725,40.153]},"properties":{"id":"hes177-164","entityId":"hes177-164","entityType":"hes177","name":"ULUABAT HES","inventoryOrder":164,"basinId":"3","basinName":"Susurluk","province":"BURSA","damName":"ÇINARCIK","installedPowerMw":100.0,"unitFlowM3s":38.0,"maxWaterLevelM":330.0,"minWaterLevelM":304.7,"maxVolumeHm3":372.94,"minVolumeHm3":186.15,"activeVolumeHm3":75.07,"waterEnergyMwh":58.74,"epiasDate":"46278.81434027778","dataQuality":"B","sourceMatchMethod":"alias","cascadeName":null,"cascadeSourceValue":"10","notes":"Baraj adı eşleşmesi: ÇINARCIK; Kaskat alanında kaynak değeri '10' (belirsiz/sentinel); Koordinat güvenilir açık kaynaktan doğrulanamadı; Santral/baraj kesin koordinatı doğrulanamadığı için eşleşen trafo merkezi koordinatı harita referansı olarak kullanıldı; kesin HES konumu değildir.","coordinateStatus":"Trafo merkezi koordinatı ile tamamlandı","coordinateType":"Trafo merkezi / elektrik bağlantı noktası (yaklaşık)","coordinateSource":"transformer","coordinateKind":"transformer","transformerId":"304","transformerName":"ULUABAT HES","riverNameSource":"Havza ana akarsuyu ön-eşleme; TATUS spatial query ile doğrulanmalı","riverCode":"TR03NH110610","riverQueryUrl":"https://cbs1.tarimorman.gov.tr/server/rest/services/TATUS/FeatureServer/8/query?where=HAVZA_ID%3D3&geometry=28.725000%2C40.153000&geometryType=esriGeometryPoint&inSR=4326&spatialRel=esriSpatialRelIntersects&distance=5&units=esriSRUnit_Kilometer&outFields=OBJECTID%2Cadi%2Cnehir_kod%2Cstrahler%2Cuzunluk%2CHAVZA_ID&returnGeometry=true&outSR=4326&orderByFields=strahler+DESC&resultRecordCount=20&f=geojson","catchmentUrl":"https://cbs1.tarimorman.gov.tr/server/rest/services/TATUS/FeatureServer/9/query?where=1%3D1&geometry=28.725000%2C40.153000&geometryType=esriGeometryPoint&inSR=4326&spatialRel=esriSpatialRelIntersects&outFields=%2A&returnGeometry=true&outSR=4326&resultRecordCount=5&f=geojson","catchmentLabel":"Santral popup: Su alanını göster","gisConfidence":"Orta-Düşük","gisNote":"TATUS baraj point doğrudan eşleşmesi bu çalışma kitabında çözülmedi; sorgu URL'si eklendi; Akarsu/catchment sorgusu yaklaşık trafo noktasına dayanır; santral/baraj noktası ile doğrulanmalı","hasDamMatch":true,"damMatchMethod":"name+basin+near-coordinate","riverName":"Domuzpınar","riverMatchMethod":"tatus-spatial","riverConfidence":"medium","riverIds":["river177-2320","river177-2321","river177-2322","river177-2323","river177-2324","river177-2325","river177-2326","river177-2327","river177-2328","river177-2329","river177-2330","river177-2331","river177-2332","river177-2333","river177-2334","river177-2335","river177-2336","river177-2337","river177-2338"],"damIds":["dam177-057"],"stationIds":["station177-77","station177-84","station177-105","station177-984"],"cascadeToId":null,"cascadeFromIds":[],"isProducer":true}},{"type":"Feature","id":"hes177-165","geometry":null,"properties":{"id":"hes177-165","entityId":"hes177-165","entityType":"hes177","name":"ULUDERE BARAJI VE HES","inventoryOrder":165,"basinId":"21","basinName":"Fırat-Dicle","province":"ŞIRNAK","damName":"ULUDERE BARAJI VE","installedPowerMw":3.43,"unitFlowM3s":null,"maxWaterLevelM":908.49,"minWaterLevelM":870.5,"maxVolumeHm3":null,"minVolumeHm3":null,"activeVolumeHm3":null,"waterEnergyMwh":null,"epiasDate":null,"dataQuality":"C","sourceMatchMethod":"eşleşme yok","cascadeName":"ŞIRNAK HES","cascadeSourceValue":"ŞIRNAK HES","notes":"EPİAŞ su göstergesi eşleşmesi bulunamadı; Koordinat güvenilir açık kaynaktan doğrulanamadı; Kurulu güç bulunamadı; Eksik kurulu güç/il bilgisi kamuya açık web kaynağıyla tamamlandı; Kurulu güç kamu kaynağıyla doğrulandı; Ünite debisi doğrulanamadı; Maksimum/minimum hacim doğrulanamadı","coordinateStatus":"Koordinat eksik","coordinateType":"—","coordinateSource":null,"coordinateKind":"unresolved","transformerId":null,"transformerName":null,"riverNameSource":"Koordinat yok; spatial eşleme yapılamadı","riverCode":"TR21NH692532","riverQueryUrl":null,"catchmentUrl":null,"catchmentLabel":"Santral popup: Su alanını göster","gisConfidence":"Yok","gisNote":"TATUS baraj point doğrudan eşleşmesi bu çalışma kitabında çözülmedi; sorgu URL'si eklendi; Fırat-Dicle havzasında nehir adı havzadan türetilmedi; yanlış Fırat/Dicle eşleşmesini önlemek için spatial doğrulama gerekli; Koordinat eksik olduğu için akarsu ve su toplama alanı spatial sorgusu üretilemedi","hasDamMatch":false,"riverName":"Şahnahan","riverMatchMethod":"tatus-spatial+name","riverConfidence":"high","riverIds":["river177-0447","river177-0448","river177-0449","river177-0450","river177-0451","river177-0452","river177-0453","river177-0454","river177-0455","river177-0456","river177-0457","river177-0458","river177-0459","river177-0460","river177-0461","river177-0462","river177-0463","river177-0464","river177-0465","river177-0466","river177-0467","river177-0468","river177-0469","river177-0470","river177-0471","river177-0472","river177-0473","river177-0474","river177-0475","river177-0476","river177-0477","river177-0478","river177-0479","river177-0480","river177-0481","river177-0482","river177-0483","river177-0484","river177-0485","river177-0486"],"damIds":[],"stationIds":[],"cascadeToId":"hes177-153","cascadeFromIds":["hes177-031"],"isProducer":false}},{"type":"Feature","id":"hes177-166","geometry":{"type":"Point","coordinates":[36.929,40.734]},"properties":{"id":"hes177-166","entityId":"hes177-166","entityType":"hes177","name":"UMUT HES","inventoryOrder":166,"basinId":"14","basinName":"Yeşilırmak","province":"ORDU","damName":"UMUT I BARAJI","installedPowerMw":10.0,"unitFlowM3s":8.0,"maxWaterLevelM":1014.0,"minWaterLevelM":995.0,"maxVolumeHm3":16.69,"minVolumeHm3":4.33,"activeVolumeHm3":null,"waterEnergyMwh":null,"epiasDate":"46278.81434027778","dataQuality":"B","sourceMatchMethod":"water-level","cascadeName":null,"cascadeSourceValue":"10","notes":"Baraj eşleşmesi max/min kot üzerinden: UMUT I BARAJI; Kaskat alanında kaynak değeri '10' (belirsiz/sentinel); Koordinat güvenilir açık kaynaktan doğrulanamadı; Santral/baraj kesin koordinatı doğrulanamadığı için eşleşen trafo merkezi koordinatı harita referansı olarak kullanıldı; kesin HES konumu değildir.","coordinateStatus":"Trafo merkezi koordinatı ile tamamlandı","coordinateType":"Trafo merkezi / elektrik bağlantı noktası (yaklaşık)","coordinateSource":"transformer","coordinateKind":"transformer","transformerId":"817","transformerName":"UMUT HES","riverNameSource":"Havza ana akarsuyu ön-eşleme; TATUS spatial query ile doğrulanmalı","riverCode":"TR14NH149491","riverQueryUrl":"https://cbs1.tarimorman.gov.tr/server/rest/services/TATUS/FeatureServer/8/query?where=HAVZA_ID%3D14&geometry=36.929000%2C40.734000&geometryType=esriGeometryPoint&inSR=4326&spatialRel=esriSpatialRelIntersects&distance=5&units=esriSRUnit_Kilometer&outFields=OBJECTID%2Cadi%2Cnehir_kod%2Cstrahler%2Cuzunluk%2CHAVZA_ID&returnGeometry=true&outSR=4326&orderByFields=strahler+DESC&resultRecordCount=20&f=geojson","catchmentUrl":"https://cbs1.tarimorman.gov.tr/server/rest/services/TATUS/FeatureServer/9/query?where=1%3D1&geometry=36.929000%2C40.734000&geometryType=esriGeometryPoint&inSR=4326&spatialRel=esriSpatialRelIntersects&outFields=%2A&returnGeometry=true&outSR=4326&resultRecordCount=5&f=geojson","catchmentLabel":"Santral popup: Su alanını göster","gisConfidence":"Orta-Düşük","gisNote":"TATUS baraj point doğrudan eşleşmesi bu çalışma kitabında çözülmedi; sorgu URL'si eklendi; Akarsu/catchment sorgusu yaklaşık trafo noktasına dayanır; santral/baraj noktası ile doğrulanmalı","hasDamMatch":true,"damMatchMethod":"name+basin+near-coordinate","riverName":"Gölcüğez","riverMatchMethod":"tatus-spatial","riverConfidence":"medium","riverIds":["river177-2339","river177-2340","river177-2341","river177-2342","river177-2343","river177-2344","river177-2345","river177-2346","river177-2347","river177-2348","river177-2349","river177-2350","river177-2351","river177-2352","river177-2353","river177-2354","river177-2355","river177-2356","river177-2357"],"damIds":["dam177-015"],"stationIds":["station177-1126","station177-1127","station177-1128","station177-1136","station177-1137","station177-1138"],"cascadeToId":null,"cascadeFromIds":[],"isProducer":true}},{"type":"Feature","id":"hes177-167","geometry":{"type":"Point","coordinates":[39.532,38.982]},"properties":{"id":"hes177-167","entityId":"hes177-167","entityType":"hes177","name":"UZUNÇAYIR HES","inventoryOrder":167,"basinId":"21","basinName":"Fırat-Dicle","province":"TUNCELİ","damName":"UZUNÇAYIR","installedPowerMw":82.0,"unitFlowM3s":null,"maxWaterLevelM":900.0,"minWaterLevelM":885.0,"maxVolumeHm3":null,"minVolumeHm3":null,"activeVolumeHm3":null,"waterEnergyMwh":null,"epiasDate":null,"dataQuality":"C","sourceMatchMethod":"eşleşme yok","cascadeName":"KEBAN HES","cascadeSourceValue":"KEBAN HES","notes":"EPİAŞ su göstergesi eşleşmesi bulunamadı; Koordinat güvenilir açık kaynaktan doğrulanamadı; Ünite debisi doğrulanamadı; Maksimum/minimum hacim doğrulanamadı; Santral/baraj kesin koordinatı doğrulanamadığı için eşleşen trafo merkezi koordinatı harita referansı olarak kullanıldı; kesin HES konumu değildir.","coordinateStatus":"Trafo merkezi koordinatı ile tamamlandı","coordinateType":"Trafo merkezi / elektrik bağlantı noktası (yaklaşık)","coordinateSource":"transformer","coordinateKind":"transformer","transformerId":"590","transformerName":"UZUNÇAYIR HES","riverNameSource":"TATUS spatial query hazır; en yakın/uygun LineString seçilmeli","riverCode":"TR21NH695538","riverQueryUrl":"https://cbs1.tarimorman.gov.tr/server/rest/services/TATUS/FeatureServer/8/query?where=HAVZA_ID%3D21&geometry=39.532000%2C38.982000&geometryType=esriGeometryPoint&inSR=4326&spatialRel=esriSpatialRelIntersects&distance=5&units=esriSRUnit_Kilometer&outFields=OBJECTID%2Cadi%2Cnehir_kod%2Cstrahler%2Cuzunluk%2CHAVZA_ID&returnGeometry=true&outSR=4326&orderByFields=strahler+DESC&resultRecordCount=20&f=geojson","catchmentUrl":"https://cbs1.tarimorman.gov.tr/server/rest/services/TATUS/FeatureServer/9/query?where=1%3D1&geometry=39.532000%2C38.982000&geometryType=esriGeometryPoint&inSR=4326&spatialRel=esriSpatialRelIntersects&outFields=%2A&returnGeometry=true&outSR=4326&resultRecordCount=5&f=geojson","catchmentLabel":"Santral popup: Su alanını göster","gisConfidence":"Orta-Düşük","gisNote":"TATUS baraj point doğrudan eşleşmesi bu çalışma kitabında çözülmedi; sorgu URL'si eklendi; Akarsu/catchment sorgusu yaklaşık trafo noktasına dayanır; santral/baraj noktası ile doğrulanmalı; Fırat-Dicle havzasında nehir adı havzadan türetilmedi; yanlış Fırat/Dicle eşleşmesini önlemek için spatial doğrulama gerekli","hasDamMatch":false,"riverName":"Fırat","riverMatchMethod":"tatus-spatial+name","riverConfidence":"high","riverIds":["river177-2358","river177-2359","river177-2360","river177-2361","river177-2362","river177-2363","river177-2364","river177-2365","river177-2366","river177-2367","river177-2368","river177-2369","river177-2370","river177-2371","river177-2372","river177-2373","river177-2374","river177-2375"],"damIds":[],"stationIds":["station177-944","station177-1312"],"cascadeToId":"hes177-105","cascadeFromIds":[],"isProducer":false}},{"type":"Feature","id":"hes177-168","geometry":{"type":"Point","coordinates":[40.766,40.902]},"properties":{"id":"hes177-168","entityId":"hes177-168","entityType":"hes177","name":"UZUNDERE1 HES","inventoryOrder":168,"basinId":"22","basinName":"Doğu Karadeniz","province":"RİZE","damName":"UZUNDERE1","installedPowerMw":62.0,"unitFlowM3s":null,"maxWaterLevelM":1638.0,"minWaterLevelM":1623.0,"maxVolumeHm3":null,"minVolumeHm3":null,"activeVolumeHm3":null,"waterEnergyMwh":null,"epiasDate":null,"dataQuality":"C","sourceMatchMethod":"eşleşme yok","cascadeName":null,"cascadeSourceValue":"10","notes":"EPİAŞ su göstergesi eşleşmesi bulunamadı; Kaskat alanında kaynak değeri '10' (belirsiz/sentinel); Koordinat güvenilir açık kaynaktan doğrulanamadı; Ünite debisi doğrulanamadı; Maksimum/minimum hacim doğrulanamadı; Santral/baraj kesin koordinatı doğrulanamadığı için eşleşen trafo merkezi koordinatı harita referansı olarak kullanıldı; kesin HES konumu değildir.","coordinateStatus":"Trafo merkezi koordinatı ile tamamlandı","coordinateType":"Trafo merkezi / elektrik bağlantı noktası (yaklaşık)","coordinateSource":"transformer","coordinateKind":"transformer","transformerId":"770","transformerName":"UZUNDERE1 HES","riverNameSource":"TATUS spatial query hazır; en yakın/uygun LineString seçilmeli","riverCode":"TR22NH071015","riverQueryUrl":"https://cbs1.tarimorman.gov.tr/server/rest/services/TATUS/FeatureServer/8/query?where=HAVZA_ID%3D22&geometry=40.766000%2C40.902000&geometryType=esriGeometryPoint&inSR=4326&spatialRel=esriSpatialRelIntersects&distance=5&units=esriSRUnit_Kilometer&outFields=OBJECTID%2Cadi%2Cnehir_kod%2Cstrahler%2Cuzunluk%2CHAVZA_ID&returnGeometry=true&outSR=4326&orderByFields=strahler+DESC&resultRecordCount=20&f=geojson","catchmentUrl":"https://cbs1.tarimorman.gov.tr/server/rest/services/TATUS/FeatureServer/9/query?where=1%3D1&geometry=40.766000%2C40.902000&geometryType=esriGeometryPoint&inSR=4326&spatialRel=esriSpatialRelIntersects&outFields=%2A&returnGeometry=true&outSR=4326&resultRecordCount=5&f=geojson","catchmentLabel":"Santral popup: Su alanını göster","gisConfidence":"Orta-Düşük","gisNote":"TATUS baraj point doğrudan eşleşmesi bu çalışma kitabında çözülmedi; sorgu URL'si eklendi; Akarsu/catchment sorgusu yaklaşık trafo noktasına dayanır; santral/baraj noktası ile doğrulanmalı","hasDamMatch":false,"riverName":"Uzun","riverMatchMethod":"tatus-spatial","riverConfidence":"medium","riverIds":["river177-2376","river177-2377","river177-2378","river177-2379","river177-2380","river177-2381","river177-2382","river177-2383","river177-2384","river177-2385","river177-2386","river177-2387","river177-2388","river177-2389","river177-2390","river177-2391","river177-2392","river177-2393","river177-2394"],"damIds":[],"stationIds":["station177-656","station177-667","station177-955","station177-1396","station177-1397","station177-1398","station177-1399","station177-1400","station177-1401","station177-1404","station177-1405","station177-1406","station177-1407","station177-1408","station177-1409","station177-1410","station177-1411","station177-1412","station177-1414","station177-1415","station177-1416"],"cascadeToId":null,"cascadeFromIds":[],"isProducer":false}},{"type":"Feature","id":"hes177-169","geometry":null,"properties":{"id":"hes177-169","entityId":"hes177-169","entityType":"hes177","name":"YALNIZ ARDIÇ HES","inventoryOrder":169,"basinId":"9","basinName":"Antalya","province":"ANTALYA","damName":"YALNIZARDIÇ","installedPowerMw":10.0,"unitFlowM3s":26.7,"maxWaterLevelM":1358.5,"minWaterLevelM":1309.0,"maxVolumeHm3":109.53,"minVolumeHm3":12.1,"activeVolumeHm3":35.78,"waterEnergyMwh":11.91,"epiasDate":"46278.81434027778","dataQuality":"B","sourceMatchMethod":"alias","cascadeName":null,"cascadeSourceValue":"10","notes":"Baraj adı eşleşmesi: YALNIZARDIÇ; Kaskat alanında kaynak değeri '10' (belirsiz/sentinel); Koordinat güvenilir açık kaynaktan doğrulanamadı","coordinateStatus":"Koordinat eksik","coordinateType":"—","coordinateSource":null,"coordinateKind":"unresolved","transformerId":null,"transformerName":null,"riverNameSource":"Koordinat yok; spatial eşleme yapılamadı","riverCode":"TR09NH060792","riverQueryUrl":null,"catchmentUrl":null,"catchmentLabel":"Santral popup: Su alanını göster","gisConfidence":"Yok","gisNote":"TATUS baraj point doğrudan eşleşmesi bu çalışma kitabında çözülmedi; sorgu URL'si eklendi; Koordinat eksik olduğu için akarsu ve su toplama alanı spatial sorgusu üretilemedi","hasDamMatch":false,"riverIds":["river177-0732","river177-0733","river177-0734","river177-0735","river177-0736"],"damIds":[],"stationIds":[],"cascadeToId":null,"cascadeFromIds":[],"isProducer":false}},{"type":"Feature","id":"hes177-170","geometry":{"type":"Point","coordinates":[36.02193,37.5073]},"properties":{"id":"hes177-170","entityId":"hes177-170","entityType":"hes177","name":"YAMAÇ HES","inventoryOrder":170,"basinId":"20","basinName":"Ceyhan","province":"OSMANİYE","damName":"MEHMETLİ ( KESİKSUYU )","installedPowerMw":5.5,"unitFlowM3s":12.7,"maxWaterLevelM":216.67,"minWaterLevelM":174.2,"maxVolumeHm3":109.75,"minVolumeHm3":6.47,"activeVolumeHm3":null,"waterEnergyMwh":null,"epiasDate":"46278.81434027778","dataQuality":"B","sourceMatchMethod":"alias","cascadeName":null,"cascadeSourceValue":"10","notes":"Baraj adı eşleşmesi: MEHMETLİ ( KESİKSUYU ); Kaskat alanında kaynak değeri '10' (belirsiz/sentinel); Koordinat güvenilir açık kaynaktan doğrulanamadı; TATUS baraj noktası fallback: MEHMETLİ ( KESİKSUYU ) (reservoir_exact); 1 nokta","coordinateStatus":"TATUS baraj gözlem istasyonu ile tamamlandı","coordinateType":"Baraj gözlem istasyonu (TATUS fallback)","coordinateSource":"workbook","coordinateKind":"verified","transformerId":null,"transformerName":null,"riverNameSource":"Havza ana akarsuyu ön-eşleme; TATUS spatial query ile doğrulanmalı","riverCode":"TR20NH034195","riverQueryUrl":"https://cbs1.tarimorman.gov.tr/server/rest/services/TATUS/FeatureServer/8/query?where=HAVZA_ID%3D20&geometry=36.021930%2C37.507300&geometryType=esriGeometryPoint&inSR=4326&spatialRel=esriSpatialRelIntersects&distance=5&units=esriSRUnit_Kilometer&outFields=OBJECTID%2Cadi%2Cnehir_kod%2Cstrahler%2Cuzunluk%2CHAVZA_ID&returnGeometry=true&outSR=4326&orderByFields=strahler+DESC&resultRecordCount=20&f=geojson","catchmentUrl":"https://cbs1.tarimorman.gov.tr/server/rest/services/TATUS/FeatureServer/9/query?where=1%3D1&geometry=36.021930%2C37.507300&geometryType=esriGeometryPoint&inSR=4326&spatialRel=esriSpatialRelIntersects&outFields=%2A&returnGeometry=true&outSR=4326&resultRecordCount=5&f=geojson","catchmentLabel":"Santral popup: Su alanını göster","gisConfidence":"Yüksek-Orta","gisNote":null,"hasDamMatch":true,"damMatchMethod":"name+basin+near-coordinate","riverName":"Kesik","riverMatchMethod":"tatus-spatial","riverConfidence":"medium","riverIds":["river177-2395","river177-2396","river177-2397","river177-2398","river177-2399","river177-2400","river177-2401","river177-2402","river177-2403","river177-2404","river177-2405","river177-2406","river177-2407","river177-2408","river177-2409","river177-2410","river177-2411","river177-2412"],"damIds":["dam177-045"],"stationIds":["station177-546","station177-547","station177-934","station177-935","station177-1227","station177-1232","station177-1235","station177-1251","station177-1252","station177-1253","station177-1254"],"cascadeToId":null,"cascadeFromIds":[],"isProducer":true}},{"type":"Feature","id":"hes177-171","geometry":{"type":"Point","coordinates":[35.268,38.904]},"properties":{"id":"hes177-171","entityId":"hes177-171","entityType":"hes177","name":"YAMULA HES","inventoryOrder":171,"basinId":"15","basinName":"Kızılırmak","province":"KAYSERİ","damName":"YAMULA","installedPowerMw":100.0,"unitFlowM3s":124.0,"maxWaterLevelM":1100.0,"minWaterLevelM":1070.0,"maxVolumeHm3":3443.49,"minVolumeHm3":1384.79,"activeVolumeHm3":1510.45,"waterEnergyMwh":374.06,"epiasDate":"46278.81434027778","dataQuality":"B","sourceMatchMethod":"exact","cascadeName":"BAYRAMHACILI HES","cascadeSourceValue":"BAYRAMHACILI HES","notes":"Koordinat güvenilir açık kaynaktan doğrulanamadı; Santral/baraj kesin koordinatı doğrulanamadığı için eşleşen trafo merkezi koordinatı harita referansı olarak kullanıldı; kesin HES konumu değildir.","coordinateStatus":"Trafo merkezi koordinatı ile tamamlandı","coordinateType":"Trafo merkezi / elektrik bağlantı noktası (yaklaşık)","coordinateSource":"transformer","coordinateKind":"transformer","transformerId":"964","transformerName":"YAMULA HES","riverNameSource":"Havza ana akarsuyu ön-eşleme; TATUS spatial query ile doğrulanmalı","riverCode":"TR15NH027120","riverQueryUrl":"https://cbs1.tarimorman.gov.tr/server/rest/services/TATUS/FeatureServer/8/query?where=HAVZA_ID%3D15&geometry=35.268000%2C38.904000&geometryType=esriGeometryPoint&inSR=4326&spatialRel=esriSpatialRelIntersects&distance=5&units=esriSRUnit_Kilometer&outFields=OBJECTID%2Cadi%2Cnehir_kod%2Cstrahler%2Cuzunluk%2CHAVZA_ID&returnGeometry=true&outSR=4326&orderByFields=strahler+DESC&resultRecordCount=20&f=geojson","catchmentUrl":"https://cbs1.tarimorman.gov.tr/server/rest/services/TATUS/FeatureServer/9/query?where=1%3D1&geometry=35.268000%2C38.904000&geometryType=esriGeometryPoint&inSR=4326&spatialRel=esriSpatialRelIntersects&outFields=%2A&returnGeometry=true&outSR=4326&resultRecordCount=5&f=geojson","catchmentLabel":"Santral popup: Su alanını göster","gisConfidence":"Orta-Düşük","gisNote":"TATUS baraj point doğrudan eşleşmesi bu çalışma kitabında çözülmedi; sorgu URL'si eklendi; Akarsu/catchment sorgusu yaklaşık trafo noktasına dayanır; santral/baraj noktası ile doğrulanmalı","hasDamMatch":true,"damMatchMethod":"name+basin+near-coordinate","riverName":"Kızılırmak","riverMatchMethod":"tatus-spatial","riverConfidence":"medium","riverIds":["river177-2413","river177-2414","river177-2415","river177-2416","river177-2417","river177-2418","river177-2419","river177-2420","river177-2421","river177-2422","river177-2423","river177-2424","river177-2425","river177-2426","river177-2427","river177-2428","river177-2429","river177-2430"],"damIds":["dam177-026"],"stationIds":["station177-1182","station177-1183"],"cascadeToId":"hes177-033","cascadeFromIds":["hes177-051"],"isProducer":true}},{"type":"Feature","id":"hes177-172","geometry":{"type":"Point","coordinates":[36.379,40.877]},"properties":{"id":"hes177-172","entityId":"hes177-172","entityType":"hes177","name":"YAPRAK1-2 HES","inventoryOrder":172,"basinId":"14","basinName":"Yeşilırmak","province":"AMASYA","damName":"YAPRAK I BARAJI","installedPowerMw":10.0,"unitFlowM3s":8.0,"maxWaterLevelM":569.0,"minWaterLevelM":540.0,"maxVolumeHm3":15.14,"minVolumeHm3":1.68,"activeVolumeHm3":null,"waterEnergyMwh":null,"epiasDate":"46278.81434027778","dataQuality":"B","sourceMatchMethod":"alias","cascadeName":null,"cascadeSourceValue":"10","notes":"Baraj adı eşleşmesi: YAPRAK I BARAJI; Kaskat alanında kaynak değeri '10' (belirsiz/sentinel); Koordinat güvenilir açık kaynaktan doğrulanamadı; Santral/baraj kesin koordinatı doğrulanamadığı için eşleşen trafo merkezi koordinatı harita referansı olarak kullanıldı; kesin HES konumu değildir.","coordinateStatus":"Trafo merkezi koordinatı ile tamamlandı","coordinateType":"Trafo merkezi / elektrik bağlantı noktası (yaklaşık)","coordinateSource":"transformer","coordinateKind":"transformer","transformerId":"815","transformerName":"YAPRAK HES","riverNameSource":"Havza ana akarsuyu ön-eşleme; TATUS spatial query ile doğrulanmalı","riverCode":"TR14NH183367","riverQueryUrl":"https://cbs1.tarimorman.gov.tr/server/rest/services/TATUS/FeatureServer/8/query?where=HAVZA_ID%3D14&geometry=36.379000%2C40.877000&geometryType=esriGeometryPoint&inSR=4326&spatialRel=esriSpatialRelIntersects&distance=5&units=esriSRUnit_Kilometer&outFields=OBJECTID%2Cadi%2Cnehir_kod%2Cstrahler%2Cuzunluk%2CHAVZA_ID&returnGeometry=true&outSR=4326&orderByFields=strahler+DESC&resultRecordCount=20&f=geojson","catchmentUrl":"https://cbs1.tarimorman.gov.tr/server/rest/services/TATUS/FeatureServer/9/query?where=1%3D1&geometry=36.379000%2C40.877000&geometryType=esriGeometryPoint&inSR=4326&spatialRel=esriSpatialRelIntersects&outFields=%2A&returnGeometry=true&outSR=4326&resultRecordCount=5&f=geojson","catchmentLabel":"Santral popup: Su alanını göster","gisConfidence":"Orta-Düşük","gisNote":"TATUS baraj point doğrudan eşleşmesi bu çalışma kitabında çözülmedi; sorgu URL'si eklendi; Akarsu/catchment sorgusu yaklaşık trafo noktasına dayanır; santral/baraj noktası ile doğrulanmalı","hasDamMatch":true,"damMatchMethod":"name+basin+near-coordinate","riverIds":["river177-2431","river177-2432","river177-2433","river177-2434","river177-2435","river177-2436","river177-2437","river177-2438","river177-2439","river177-2440","river177-2441","river177-2442","river177-2443","river177-2444","river177-2445","river177-2446"],"damIds":["dam177-016"],"stationIds":["station177-354","station177-357","station177-379","station177-887","station177-1124","station177-1125","station177-1139","station177-1147"],"cascadeToId":null,"cascadeFromIds":[],"isProducer":true}},{"type":"Feature","id":"hes177-173","geometry":null,"properties":{"id":"hes177-173","entityId":"hes177-173","entityType":"hes177","name":"YAZI HES","inventoryOrder":173,"basinId":"14","basinName":"Yeşilırmak","province":null,"damName":"YAZI","installedPowerMw":1.2,"unitFlowM3s":null,"maxWaterLevelM":1510.5,"minWaterLevelM":1475.0,"maxVolumeHm3":null,"minVolumeHm3":null,"activeVolumeHm3":null,"waterEnergyMwh":null,"epiasDate":null,"dataQuality":"C","sourceMatchMethod":"eşleşme yok","cascadeName":null,"cascadeSourceValue":"10","notes":"EPİAŞ su göstergesi eşleşmesi bulunamadı; Kaskat alanında kaynak değeri '10' (belirsiz/sentinel); Koordinat güvenilir açık kaynaktan doğrulanamadı; Kurulu güç bulunamadı; Eksik kurulu güç/il bilgisi kamuya açık web kaynağıyla tamamlandı; Ünite debisi doğrulanamadı; Maksimum/minimum hacim doğrulanamadı","coordinateStatus":"Koordinat eksik","coordinateType":"—","coordinateSource":null,"coordinateKind":"unresolved","transformerId":null,"transformerName":null,"riverNameSource":"Havza ana akarsuyu ön-eşleme; TATUS spatial query ile doğrulanmalı","riverCode":"TR14NH178267","riverQueryUrl":null,"catchmentUrl":null,"catchmentLabel":"Santral popup: Su alanını göster","gisConfidence":"Yok","gisNote":"TATUS baraj point doğrudan eşleşmesi bu çalışma kitabında çözülmedi; sorgu URL'si eklendi; Koordinat eksik olduğu için akarsu ve su toplama alanı spatial sorgusu üretilemedi","hasDamMatch":false,"riverName":"Ilgınözü","riverMatchMethod":"tatus-spatial","riverConfidence":"medium","riverIds":["river177-2208","river177-2209","river177-2210","river177-2211","river177-2212"],"damIds":[],"stationIds":[],"cascadeToId":null,"cascadeFromIds":[],"isProducer":false}},{"type":"Feature","id":"hes177-174","geometry":{"type":"Point","coordinates":[30.857,40.066]},"properties":{"id":"hes177-174","entityId":"hes177-174","entityType":"hes177","name":"YENİCE HES","inventoryOrder":174,"basinId":"12","basinName":"Sakarya","province":"ESKİŞEHİR","damName":"YENİCE","installedPowerMw":37.9,"unitFlowM3s":150.0,"maxWaterLevelM":273.1,"minWaterLevelM":272.0,"maxVolumeHm3":57.92,"minVolumeHm3":53.25,"activeVolumeHm3":0.0,"waterEnergyMwh":0.0,"epiasDate":"46278.81434027778","dataQuality":"B","sourceMatchMethod":"exact","cascadeName":null,"cascadeSourceValue":"10","notes":"Kaskat alanında kaynak değeri '10' (belirsiz/sentinel); Koordinat güvenilir açık kaynaktan doğrulanamadı; Santral/baraj kesin koordinatı doğrulanamadığı için eşleşen trafo merkezi koordinatı harita referansı olarak kullanıldı; kesin HES konumu değildir.","coordinateStatus":"Trafo merkezi koordinatı ile tamamlandı","coordinateType":"Trafo merkezi / elektrik bağlantı noktası (yaklaşık)","coordinateSource":"transformer","coordinateKind":"transformer","transformerId":"983","transformerName":"YENİCE HES","riverNameSource":"Havza ana akarsuyu ön-eşleme; TATUS spatial query ile doğrulanmalı","riverCode":"TR12NH252932","riverQueryUrl":"https://cbs1.tarimorman.gov.tr/server/rest/services/TATUS/FeatureServer/8/query?where=HAVZA_ID%3D12&geometry=30.857000%2C40.066000&geometryType=esriGeometryPoint&inSR=4326&spatialRel=esriSpatialRelIntersects&distance=5&units=esriSRUnit_Kilometer&outFields=OBJECTID%2Cadi%2Cnehir_kod%2Cstrahler%2Cuzunluk%2CHAVZA_ID&returnGeometry=true&outSR=4326&orderByFields=strahler+DESC&resultRecordCount=20&f=geojson","catchmentUrl":"https://cbs1.tarimorman.gov.tr/server/rest/services/TATUS/FeatureServer/9/query?where=1%3D1&geometry=30.857000%2C40.066000&geometryType=esriGeometryPoint&inSR=4326&spatialRel=esriSpatialRelIntersects&outFields=%2A&returnGeometry=true&outSR=4326&resultRecordCount=5&f=geojson","catchmentLabel":"Santral popup: Su alanını göster","gisConfidence":"Orta-Düşük","gisNote":"TATUS baraj point doğrudan eşleşmesi bu çalışma kitabında çözülmedi; sorgu URL'si eklendi; Akarsu/catchment sorgusu yaklaşık trafo noktasına dayanır; santral/baraj noktası ile doğrulanmalı","hasDamMatch":true,"damMatchMethod":"name+basin+near-coordinate","riverName":"Sakarya","riverMatchMethod":"tatus-spatial+name","riverConfidence":"high","riverIds":["river177-2447","river177-2448","river177-2449","river177-2450","river177-2451","river177-2452","river177-2453","river177-2454","river177-2455","river177-2456","river177-2457","river177-2458","river177-2459","river177-2460","river177-2461","river177-2462","river177-2463","river177-2464","river177-2465"],"damIds":["dam177-003"],"stationIds":["station177-1057"],"cascadeToId":null,"cascadeFromIds":["hes177-073"],"isProducer":true}},{"type":"Feature","id":"hes177-175","geometry":{"type":"Point","coordinates":[41.029,38.823]},"properties":{"id":"hes177-175","entityId":"hes177-175","entityType":"hes177","name":"YUKARI KALEKÖY HES","inventoryOrder":175,"basinId":"21","basinName":"Fırat-Dicle","province":"BİNGÖL","damName":"YUKARI KALEKÖY","installedPowerMw":627.0,"unitFlowM3s":null,"maxWaterLevelM":1235.0,"minWaterLevelM":1210.0,"maxVolumeHm3":null,"minVolumeHm3":null,"activeVolumeHm3":null,"waterEnergyMwh":null,"epiasDate":null,"dataQuality":"C","sourceMatchMethod":"eşleşme yok","cascadeName":"AŞAĞI KALEKÖY HES","cascadeSourceValue":"AŞAĞI KALEKÖY HES","notes":"EPİAŞ su göstergesi eşleşmesi bulunamadı; Koordinat güvenilir açık kaynaktan doğrulanamadı; Ünite debisi doğrulanamadı; Maksimum/minimum hacim doğrulanamadı; Santral/baraj kesin koordinatı doğrulanamadığı için eşleşen trafo merkezi koordinatı harita referansı olarak kullanıldı; kesin HES konumu değildir.","coordinateStatus":"Trafo merkezi koordinatı ile tamamlandı","coordinateType":"Trafo merkezi / elektrik bağlantı noktası (yaklaşık)","coordinateSource":"transformer","coordinateKind":"transformer","transformerId":"1465","transformerName":"YUKARI KALEKÖY HES","riverNameSource":"TATUS spatial query hazır; en yakın/uygun LineString seçilmeli","riverCode":"TR21NH716925","riverQueryUrl":"https://cbs1.tarimorman.gov.tr/server/rest/services/TATUS/FeatureServer/8/query?where=HAVZA_ID%3D21&geometry=41.029000%2C38.823000&geometryType=esriGeometryPoint&inSR=4326&spatialRel=esriSpatialRelIntersects&distance=5&units=esriSRUnit_Kilometer&outFields=OBJECTID%2Cadi%2Cnehir_kod%2Cstrahler%2Cuzunluk%2CHAVZA_ID&returnGeometry=true&outSR=4326&orderByFields=strahler+DESC&resultRecordCount=20&f=geojson","catchmentUrl":"https://cbs1.tarimorman.gov.tr/server/rest/services/TATUS/FeatureServer/9/query?where=1%3D1&geometry=41.029000%2C38.823000&geometryType=esriGeometryPoint&inSR=4326&spatialRel=esriSpatialRelIntersects&outFields=%2A&returnGeometry=true&outSR=4326&resultRecordCount=5&f=geojson","catchmentLabel":"Santral popup: Su alanını göster","gisConfidence":"Orta-Düşük","gisNote":"TATUS baraj point doğrudan eşleşmesi bu çalışma kitabında çözülmedi; sorgu URL'si eklendi; Akarsu/catchment sorgusu yaklaşık trafo noktasına dayanır; santral/baraj noktası ile doğrulanmalı; Fırat-Dicle havzasında nehir adı havzadan türetilmedi; yanlış Fırat/Dicle eşleşmesini önlemek için spatial doğrulama gerekli","hasDamMatch":false,"riverName":"Fırat","riverMatchMethod":"tatus-spatial+name","riverConfidence":"high","riverIds":["river177-2466","river177-2467","river177-2468","river177-2469","river177-2470","river177-2471","river177-2472","river177-2473","river177-2474","river177-2475","river177-2476","river177-2477","river177-2478","river177-2479","river177-2480","river177-2481","river177-2482","river177-2483","river177-2484","river177-2485"],"damIds":[],"stationIds":["station177-1318","station177-1349"],"cascadeToId":"hes177-023","cascadeFromIds":["hes177-012"],"isProducer":false}},{"type":"Feature","id":"hes177-176","geometry":null,"properties":{"id":"hes177-176","entityId":"hes177-176","entityType":"hes177","name":"YUKARI MANAHOZ HES","inventoryOrder":176,"basinId":"22","basinName":"Doğu Karadeniz","province":"TRABZON","damName":"YUKARI MANAHOZ","installedPowerMw":22.4,"unitFlowM3s":null,"maxWaterLevelM":1159.4,"minWaterLevelM":1145.0,"maxVolumeHm3":null,"minVolumeHm3":null,"activeVolumeHm3":null,"waterEnergyMwh":null,"epiasDate":null,"dataQuality":"C","sourceMatchMethod":"eşleşme yok","cascadeName":null,"cascadeSourceValue":"10","notes":"EPİAŞ su göstergesi eşleşmesi bulunamadı; Kaskat alanında kaynak değeri '10' (belirsiz/sentinel); Koordinat güvenilir açık kaynaktan doğrulanamadı; Kurulu güç bulunamadı; Eksik kurulu güç/il bilgisi kamuya açık web kaynağıyla tamamlandı; Ünite debisi doğrulanamadı; Maksimum/minimum hacim doğrulanamadı","coordinateStatus":"Koordinat eksik","coordinateType":"—","coordinateSource":null,"coordinateKind":"unresolved","transformerId":null,"transformerName":null,"riverNameSource":"Koordinat yok; spatial eşleme yapılamadı","riverCode":null,"riverQueryUrl":null,"catchmentUrl":null,"catchmentLabel":"Santral popup: Su alanını göster","gisConfidence":"Yok","gisNote":"TATUS baraj point doğrudan eşleşmesi bu çalışma kitabında çözülmedi; sorgu URL'si eklendi; Koordinat eksik olduğu için akarsu ve su toplama alanı spatial sorgusu üretilemedi","hasDamMatch":false,"riverIds":[],"damIds":[],"stationIds":[],"cascadeToId":null,"cascadeFromIds":[],"isProducer":false}},{"type":"Feature","id":"hes177-177","geometry":{"type":"Point","coordinates":[41.654,40.82]},"properties":{"id":"hes177-177","entityId":"hes177-177","entityType":"hes177","name":"YUSUFELİ HES","inventoryOrder":177,"basinId":"23","basinName":"Çoruh","province":"ARTVİN","damName":"YUSUFELİ","installedPowerMw":558.0,"unitFlowM3s":null,"maxWaterLevelM":710.0,"minWaterLevelM":670.0,"maxVolumeHm3":null,"minVolumeHm3":null,"activeVolumeHm3":null,"waterEnergyMwh":null,"epiasDate":null,"dataQuality":"C","sourceMatchMethod":"eşleşme yok","cascadeName":"ARTVİN HES","cascadeSourceValue":"ARTVİN HES","notes":"EPİAŞ su göstergesi eşleşmesi bulunamadı; Koordinat güvenilir açık kaynaktan doğrulanamadı; Ünite debisi doğrulanamadı; Maksimum/minimum hacim doğrulanamadı; Santral/baraj kesin koordinatı doğrulanamadığı için eşleşen trafo merkezi koordinatı harita referansı olarak kullanıldı; kesin HES konumu değildir.","coordinateStatus":"Trafo merkezi koordinatı ile tamamlandı","coordinateType":"Trafo merkezi / elektrik bağlantı noktası (yaklaşık)","coordinateSource":"transformer","coordinateKind":"transformer","transformerId":"2170","transformerName":"YUSUFELİ HES","riverNameSource":"Havza ana akarsuyu ön-eşleme; TATUS spatial query ile doğrulanmalı","riverCode":"TR23NH083738","riverQueryUrl":"https://cbs1.tarimorman.gov.tr/server/rest/services/TATUS/FeatureServer/8/query?where=HAVZA_ID%3D23&geometry=41.654000%2C40.820000&geometryType=esriGeometryPoint&inSR=4326&spatialRel=esriSpatialRelIntersects&distance=5&units=esriSRUnit_Kilometer&outFields=OBJECTID%2Cadi%2Cnehir_kod%2Cstrahler%2Cuzunluk%2CHAVZA_ID&returnGeometry=true&outSR=4326&orderByFields=strahler+DESC&resultRecordCount=20&f=geojson","catchmentUrl":"https://cbs1.tarimorman.gov.tr/server/rest/services/TATUS/FeatureServer/9/query?where=1%3D1&geometry=41.654000%2C40.820000&geometryType=esriGeometryPoint&inSR=4326&spatialRel=esriSpatialRelIntersects&outFields=%2A&returnGeometry=true&outSR=4326&resultRecordCount=5&f=geojson","catchmentLabel":"Santral popup: Su alanını göster","gisConfidence":"Orta-Düşük","gisNote":"TATUS baraj point doğrudan eşleşmesi bu çalışma kitabında çözülmedi; sorgu URL'si eklendi; Akarsu/catchment sorgusu yaklaşık trafo noktasına dayanır; santral/baraj noktası ile doğrulanmalı","hasDamMatch":false,"riverName":"Çoruh","riverMatchMethod":"tatus-spatial+name","riverConfidence":"high","riverIds":["river177-2486","river177-2487","river177-2488","river177-2489","river177-2490","river177-2491","river177-2492","river177-2493","river177-2494","river177-2495","river177-2496","river177-2497","river177-2498","river177-2499","river177-2500","river177-2501","river177-2502","river177-2503"],"damIds":[],"stationIds":["station177-698","station177-699"],"cascadeToId":"hes177-019","cascadeFromIds":["hes177-018","hes177-026","hes177-161"],"isProducer":false}}]}