{"type":"FeatureCollection","features":[{"type":"Feature","id":"reservoir-gdw-1546","geometry":{"type":"Polygon","coordinates":[[[29.2080601671007,38.2535255262591],[29.2093736436632,38.2530582682295],[29.2116639539931,38.2544472927521],[29.2137684461807,38.2544788953997],[29.2151825629342,38.2541164822052],[29.215552842882,38.252219509549],[29.2159640842016,38.2514213053389],[29.2176559787327,38.2501669650611],[29.2169471571182,38.2473479546446],[29.2186629231772,38.2469471571185],[29.2212052408855,38.2475987413198],[29.2230843098957,38.2466650390629],[29.2240304904515,38.2456803385421],[29.223155653212,38.2431244574656],[29.2216680230035,38.2416951497399],[29.2213916015625,38.2399537489153],[29.2224972873265,38.2373503960509],[29.2208034939236,38.2369471571185],[29.2186178927952,38.2380399576827],[29.2177804904516,38.2391693793406],[29.2171636284723,38.2394687228737],[29.2158021375869,38.239440917969],[29.2158298068577,38.2363576931428],[29.2145222981771,38.2332611762157],[29.2155148654515,38.2308139377174],[29.2189651150175,38.2282484266497],[29.2194417317708,38.2265098741323],[29.2184803602431,38.2250915527347],[29.2146815321182,38.2241693793406],[29.2122195095487,38.2249972873268],[29.2080390082465,38.2270831977001],[29.2070391167536,38.2265681966149],[29.2066693793404,38.2248452419709],[29.2084507921007,38.2226384819882],[29.2097249348959,38.2222249348961],[29.2105772569444,38.2216472710509],[29.2111355251736,38.2204969618061],[29.2110972764758,38.2186328125005],[29.2122612847223,38.2160328504779],[29.213697374132,38.2139141167538],[29.2150613064238,38.2130200195317],[29.2212624782987,38.2130784776479],[29.2217225477432,38.2149652777782],[29.2226483832465,38.2155528428823],[29.2230815972222,38.2146599663632],[29.2236409505209,38.2141693793408],[29.224747450087,38.2147394477],[29.224725748698,38.2166978624136],[29.2254085286458,38.2180231391063],[29.2290692816841,38.2211083984379],[29.22852077908,38.2168176269535],[29.2293714735245,38.2151660156253],[29.2304676649306,38.214634195964],[29.2318098958334,38.2125953504779],[29.2342011176216,38.2136299641932],[29.234808485243,38.2142621527783],[29.2387055121529,38.2161527506515],[29.2417778862848,38.2171497938372],[29.2446503363715,38.2196271430125],[29.2470030381945,38.2202907986115],[29.2481399197049,38.2202676052521],[29.2506000434028,38.2194254557295],[29.2573508029514,38.2196997070316],[29.2594458007813,38.2191628689241],[29.2605528428821,38.2200027126741],[29.2635533311633,38.2212689887157],[29.2662909613716,38.219608696832],[29.2692407226564,38.2165386284726],[29.2712424045139,38.2177525499135],[29.2727804904515,38.2180528428823],[29.2730528428821,38.2183360460074],[29.275836046007,38.2186083984379],[29.2808306206599,38.2197249348962],[29.2830696614583,38.2199972873268],[29.2830514865452,38.2191016981342],[29.2786138237847,38.2180528428823],[29.2751963975696,38.2175756835942],[29.2710777452259,38.2160677083337],[29.2704861111113,38.2148486328128],[29.2713080512153,38.2132533094622],[29.267502170139,38.2124971516932],[29.2666897243924,38.2125136990022],[29.2655249023439,38.2156486002609],[29.2642447916668,38.2161083984379],[29.2624801974828,38.2147692871097],[29.2606732855903,38.2144165039066],[29.2591644965279,38.2144472927521],[29.2566639539932,38.2140208604604],[29.255836046007,38.2144471571184],[29.2537868923611,38.214719509549],[29.2527048068578,38.2130692545578],[29.2509415690104,38.2136728244361],[29.2473472764758,38.2135994466149],[29.2469471571181,38.2127750651046],[29.2447352430556,38.2122357855907],[29.2438916015626,38.2116639539934],[29.2408034939236,38.2113916015629],[29.23935546875,38.2121375868059],[29.2375027126736,38.2113861762157],[29.2348893229168,38.2110667588979],[29.2308829752606,38.2086474609379],[29.2283034939237,38.2083360460074],[29.2270667860243,38.2089732530386],[29.2263723415799,38.2100321451828],[29.2250339084201,38.2113818359378],[29.2241368272571,38.2116639539934],[29.2224769422745,38.2108261447486],[29.2218972439236,38.2102231174049],[29.2219558376737,38.2073535156254],[29.2252804904514,38.2069471571185],[29.2258734809027,38.2054437934032],[29.2258170572916,38.2026684570317],[29.2213861762153,38.2019471571185],[29.2211138237847,38.2003744845925],[29.2236518012153,38.1994471571184],[29.2275583224828,38.200448540582],[29.2323638237847,38.1994105360247],[29.2344409179688,38.199452853733],[29.2352750651043,38.1987156846792],[29.2332543945312,38.1979187011723],[29.2302750651042,38.197502712674],[29.2285150824654,38.1969003634987],[29.2277804904514,38.1960921223962],[29.2283669704863,38.1955287000872],[29.2294018554688,38.1933955891931],[29.2285861545139,38.1921923828131],[29.2286146375869,38.1907992892799],[29.2272642686634,38.1881778971359],[29.2282221137154,38.185002712674],[29.2263842773439,38.1863972981775],[29.2252248806425,38.1863736979171],[29.2241693793404,38.1852750651046],[29.2225005425348,38.1847334798181],[29.2215511067708,38.1823259819884],[29.2181209309898,38.1811861165369],[29.2177804904516,38.1780528428823],[29.2159242078994,38.1776002332903],[29.2155083550349,38.1771674262158],[29.2146869574655,38.175474446615],[29.2147257486978,38.1735753038198],[29.2164713541667,38.1695404730907],[29.2152639431425,38.1680444335942],[29.2152807617189,38.1672083875871],[29.2165318467884,38.1666014268667],[29.2172195095487,38.1655528428825],[29.2180582682292,38.1652804904518],[29.2184244791669,38.1648996310768],[29.2199034288195,38.1656616210942],[29.2211737738715,38.1644471571184],[29.223863389757,38.165367838542],[29.2242494032119,38.1641779242627],[29.2283770073787,38.1613719346792],[29.2297555881077,38.159973415799],[29.2296923828125,38.1594471571184],[29.228254123264,38.1601881239154],[29.2253743489586,38.1607503255212],[29.2236149088544,38.1621705457903],[29.2202750651043,38.1624972873267],[29.2189333767362,38.1629564073355],[29.2175027126738,38.1622195095491],[29.2144306098091,38.161658257379],[29.2134722222223,38.159305555556],[29.2097349717883,38.1597706434467],[29.2053401692709,38.1597294108077],[29.2048415798613,38.1617753092452],[29.2038406032988,38.1632518174918],[29.2011075846356,38.164267306858],[29.1985036892362,38.1659053548181],[29.1959776475694,38.169033338759],[29.1936083984375,38.1699972873268],[29.1905238172743,38.1725249565977],[29.1871625434028,38.1733444552955],[29.1856998697917,38.1748666720924],[29.1832231987848,38.1753502061636],[29.184322374132,38.1774837239587],[29.1830810546875,38.1811853027348],[29.1815953233509,38.1831431749136],[29.1799544270833,38.1864694552955],[29.176947157118,38.1878076171879],[29.1775119357641,38.1889038085941],[29.1792019314238,38.1894521755648],[29.1819420030382,38.188886040582],[29.1829416232639,38.188906385634],[29.1848752170139,38.1921633572052],[29.1824948459201,38.1940506998702],[29.1821818033854,38.1953846571185],[29.1821769205731,38.2006894259987],[29.1830078125,38.2035603841151],[29.182487250434,38.205591634115],[29.1808007812501,38.2078141276046],[29.1774926757814,38.2094190809467],[29.1744417317709,38.2105528428823],[29.1741693793404,38.2111309136289],[29.1755981445314,38.2111017523875],[29.1782516818578,38.209734836155],[29.1798559570312,38.2094216579865],[29.1813028971355,38.2094512261289],[29.1816596137153,38.2129782443581],[29.1802585177953,38.2138970269101],[29.1770477973091,38.2138315158424],[29.1758306206597,38.2144417317713],[29.1755582682293,38.2150189887157],[29.1764029947917,38.2158306206602],[29.1763576931424,38.2180528428823],[29.1775027126737,38.2191750759553],[29.1780582682293,38.2191638183599],[29.1783566623264,38.2222148980039],[29.1789192708334,38.2216293674049],[29.1788593207467,38.2186927625873],[29.1778656684028,38.2172268337678],[29.1774869791668,38.2160592990455],[29.1775078667536,38.2150267198355],[29.1790592447918,38.2144471571184],[29.1820871310765,38.2164777289501],[29.1832427300348,38.2180369737417],[29.1849297417535,38.2184482150611],[29.1855528428819,38.2177558051218],[29.1833249240452,38.2166749403216],[29.1827528211805,38.216079508464],[29.1827807617188,38.2147138129344],[29.1833639865452,38.2147256130646],[29.1844525824654,38.2158586968321],[29.1861252170138,38.2158245171445],[29.1861062282986,38.2148971896705],[29.1847195095487,38.2144471571184],[29.183052842882,38.2116693793407],[29.1827804904514,38.2096200900612],[29.184182671441,38.2087009006081],[29.1841151258681,38.2053949652782],[29.1847249348959,38.2038916015629],[29.1849972873264,38.2021923828129],[29.1841097005209,38.2004296875004],[29.1841327582465,38.1948624674483],[29.1862556966147,38.1943448893234],[29.1876874457466,38.1928549533424],[29.188052842882,38.1914744737417],[29.1852696397569,38.1905415852869],[29.1852693684897,38.1891767035596],[29.1871031358508,38.1852555338545],[29.1883949110244,38.1844086371531],[29.1894471571181,38.1833360460073],[29.1905799696182,38.181338026259],[29.1905395507813,38.1793485514327],[29.191947157118,38.1788916015629],[29.1936764865451,38.1778430175785],[29.1955639648439,38.1772304958771],[29.1973524305556,38.1757416449657],[29.2008460828994,38.1744434950091],[29.2013959418404,38.1733101399744],[29.2033308919271,38.1714184570317],[29.2036338975694,38.1698662651913],[29.2036024305556,38.1683253309466],[29.2042909071182,38.1676637098528],[29.2058954535591,38.1680749511722],[29.2069574652778,38.1686220974396],[29.2075075954863,38.1708787706168],[29.2088823784722,38.1721997070316],[29.209163953993,38.172802463108],[29.2077804904516,38.1750789388025],[29.2093419053819,38.1781099446618],[29.2088644748264,38.1795045301653],[29.2088926866319,38.1808768717452],[29.2094639756944,38.1825459798181],[29.2116693793404,38.1852750651046],[29.2124972873265,38.1869471571185],[29.2130582682293,38.1872195095491],[29.2136121961807,38.1880641004778],[29.2153493923611,38.1880285644536],[29.2159917534722,38.1906641981341],[29.2166693793403,38.1916639539934],[29.2169517686633,38.1933973524309],[29.2169411892362,38.1966860622833],[29.2155476888022,38.1980809190542],[29.2155471462674,38.1994372558598],[29.2169997829861,38.2020358615455],[29.2182883029515,38.2032736545143],[29.2200027126736,38.2036083984378],[29.2211083984377,38.2044742838547],[29.2202826605904,38.2060773383251],[29.2200027126736,38.2072249348963],[29.2191639539932,38.2077750651047],[29.2182378472223,38.20960530599],[29.2158306206599,38.2099972873268],[29.2144281684029,38.210847710504],[29.2122195095487,38.2113861762157],[29.2088804796007,38.2127695041237],[29.2079861111113,38.216923963759],[29.2072083875868,38.2191963704431],[29.2063457573786,38.2200249565976],[29.2047195095488,38.2205528428823],[29.2044471571181,38.2219471571186],[29.2032611762154,38.2235104709205],[29.2025027126736,38.2266965060767],[29.2048765733508,38.229010009766],[29.2067073567709,38.2294417317713],[29.2100132921008,38.2283250596793],[29.212708062066,38.2283148871531],[29.2140470377606,38.2262726508251],[29.2164295789931,38.2252804904519],[29.217508138021,38.2264031304258],[29.2174967447918,38.2269638400611],[29.2161547851562,38.2283163791236],[29.2155080837675,38.2286299641931],[29.2136138237848,38.2285913085942],[29.2127750651042,38.2294417317713],[29.2124975585937,38.2305798339847],[29.2111138237849,38.2329509819882],[29.2129215494794,38.2394925944015],[29.2116617838541,38.2415696885854],[29.2116710069444,38.2420244683163],[29.2131176757812,38.2430967881949],[29.2155805121529,38.243046603733],[29.2167990451391,38.2418227810334],[29.2201125759548,38.2412833658858],[29.2211181640625,38.2433565266932],[29.2224972873265,38.2447630479604],[29.2219205729168,38.2464478895403],[29.2170982530382,38.2463495551219],[29.2158360460072,38.2472630479605],[29.2166639539931,38.2501977539066],[29.2135812717015,38.2519417317712],[29.2095071072048,38.2500111219622],[29.2082815212675,38.2497249348962],[29.2058083767361,38.2503588867192],[29.2043079969619,38.2514972602001],[29.2036897786459,38.2534030490456],[29.2041951497396,38.2553757052956],[29.2065671115452,38.2573772515196],[29.2085175238717,38.259666883681],[29.2089206271703,38.263375244141],[29.2111306423612,38.2633300781254],[29.2122249348958,38.2602804904517],[29.2124972873265,38.2580257161463],[29.2116248914932,38.2563324652781],[29.2108360460069,38.2555528428824],[29.2080501302084,38.2540165201827],[29.2080601671007,38.2535255262591]]]},"properties":{"id":"reservoir-gdw-1546","hesIds":["hes177-002","hes177-003"],"basinIds":["7"],"riverSystemIds":["river-system-036"],"damName":"Adiguzel","reservoirName":"Adiguzel","basinId":"7","source":"GDW","sourceId":"1546","sourceUrl":"https://services8.arcgis.com/oTalEaSXAuyNT7xf/ArcGIS/rest/services/GDW_v1_epsilon_gdb/FeatureServer/1","matchMethod":"name+coordinate","matchConfidence":"high","areaKm2":13.796,"validated":true,"validationNotes":"Turkey envelope; facility name, basin/river relation and coordinate distance check"}},{"type":"Feature","id":"reservoir-gdw-7023","geometry":{"type":"Polygon","coordinates":[[[28.8940022760002,36.9089709040001],[28.8947103940001,36.9093192730002],[28.8965720940001,36.9106091630001],[28.8974935080002,36.9106691340003],[28.897851513,36.9108334470002],[28.8965562950002,36.9116571920002],[28.8958960930002,36.9123960950001],[28.8953679690001,36.91286797],[28.8951320310002,36.9132065350002],[28.8977366870001,36.9130512890002],[28.8983331890001,36.9143509560001],[28.8990265100001,36.9149704320002],[28.8993679700001,36.9154478490002],[28.8983894630002,36.9163221360002],[28.8971179700001,36.9166179700001],[28.8967267280001,36.9199577670001],[28.8963679700002,36.9206179700002],[28.8961037430002,36.9223135680001],[28.8929864130002,36.9232761800002],[28.8916365010002,36.9243223080002],[28.8915000000002,36.9265000000001],[28.8920923030001,36.9263077960002],[28.8924240790002,36.9246082880001],[28.8956539290001,36.9240825000001],[28.896127501,36.9236274990002],[28.896372499,36.9233725010001],[28.8966275010002,36.923127499],[28.8968724990002,36.9228725010001],[28.8979899010001,36.9225098990001],[28.898377501,36.9213774990002],[28.8987654990001,36.9189940720003],[28.8991466350003,36.9185973820001],[28.9018724990001,36.9186530110002],[28.9016275010001,36.9183725010001],[28.9003790210002,36.9174470100003],[28.9003720070002,36.917103367],[28.9013685910001,36.9161458630002],[28.9016224990002,36.9156225010001],[28.9023775010002,36.9146274990002],[28.9027695010001,36.9138195000002],[28.9041224990002,36.9131225010002],[28.9056618580001,36.912821987],[28.9063430000002,36.911417999],[28.908403929,36.9110825000001],[28.9088775010001,36.9106274990002],[28.9095692650002,36.9099075010001],[28.9105827640001,36.9093853950003],[28.9114202370002,36.9091136320002],[28.9123725010002,36.908122501],[28.9128725010001,36.9076421090001],[28.9126274990001,36.9056225010001],[28.9123107190002,36.904697006],[28.9128578910002,36.9041274990001],[28.91576479,36.9044101600001],[28.9162935790002,36.9065792660002],[28.9173327640001,36.9071146050002],[28.918127499,36.9073725010002],[28.9185742650001,36.9078375020002],[28.9196322170002,36.9083825070002],[28.920127354,36.9083724020002],[28.9208725010002,36.9088774990001],[28.9224156380002,36.909178749],[28.9233727870001,36.9100983660002],[28.9236225010001,36.9113774990001],[28.924365536,36.9117379840002],[28.9246975520002,36.9154714390002],[28.9264463580001,36.9169395030002],[28.9280882840001,36.9163774990002],[28.9282136730001,36.9179602240002],[28.9276172070001,36.9191180730001],[28.9276472280002,36.9205892030002],[28.9272237510002,36.9214112510002],[28.9300618820001,36.9213533290002],[28.9304635200001,36.9230008660002],[28.9318409160001,36.9261225010002],[28.9328564530002,36.9256588130002],[28.9328778880002,36.9246085430002],[28.9321274990003,36.9231519130001],[28.9328065380003,36.9223774990002],[28.9338774990001,36.9226225010002],[28.934619797,36.9230048940001],[28.9346275520003,36.9226250000002],[28.9346176070001,36.9221377940002],[28.935577499,36.9211387250002],[28.9371225970002,36.9211071930003],[28.9378656200001,36.9218805430002],[28.9398284800001,36.9213774990002],[28.9410202100002,36.9216558300002],[28.9426251370001,36.922629101],[28.9439460140001,36.9217337420001],[28.9471467820002,36.922124855],[28.9490751420001,36.9231182560002],[28.9505577930002,36.9234076960001],[28.9509950030001,36.9247550010002],[28.9513775020001,36.9251225010001],[28.9516891170002,36.926082794],[28.9533184660002,36.9264800000001],[28.9551072010002,36.9273478010002],[28.955377502,36.9278725010001],[28.9556379620001,36.9308013920002],[28.9567467120002,36.9311611820003],[28.9591657030001,36.9324073330002],[28.9623525850001,36.9323422930002],[28.962760178,36.9369256990001],[28.9641224980001,36.9376275010002],[28.964877502,36.9378724990002],[28.9665211180002,36.938869234],[28.9703449860002,36.939180998],[28.9713724980001,36.9398775010001],[28.974411446,36.9401747230001],[28.974877502,36.940622499],[28.9755827790002,36.941356569],[28.9760129090001,36.9391532760001],[28.9792460560002,36.9384259990002],[28.9805827640001,36.9391146050001],[28.9813775020002,36.9393724990002],[28.9818386760002,36.9398525010001],[28.9823724980002,36.9401275010002],[28.985502502,36.9407385350002],[28.9883775020002,36.941872499],[28.9886224980001,36.9421275010001],[28.988877502,36.9423724990002],[28.9892413640002,36.9431224990002],[28.9891255870002,36.9415973050002],[28.9886224980001,36.9401275010002],[28.9883376160001,36.9383775010001],[28.9881128770002,36.9391558360002],[28.9881478960001,36.9408719830001],[28.986943024,36.9408965700001],[28.9851095810001,36.9393574580002],[28.9831183620002,36.9393980940001],[28.9807101440002,36.9381574990002],[28.9791617130002,36.9376275010002],[28.9768563690002,36.9379944460002],[28.9746787490002,36.9391162490002],[28.9727071840003,36.9391564870002],[28.9712201460002,36.9386474990002],[28.9687004090001,36.9381314090002],[28.9663281400002,36.9378415300001],[28.9658775020002,36.9373724990003],[28.965208725,36.9367299540001],[28.9637541890001,36.934584148],[28.964372498,36.93217152],[28.9640541920002,36.9314582210001],[28.9633724980001,36.9311274990001],[28.9628296740001,36.9308478620001],[28.9611368480003,36.9308824120002],[28.9603775020003,36.9306225010002],[28.9593290100001,36.9302822610002],[28.9578724980001,36.9291274990002],[28.957627502,36.9288725010001],[28.9573585890001,36.9286141360001],[28.9567549970003,36.9273699990002],[28.9556224980001,36.9266274990001],[28.955377502,36.9263725010002],[28.954914391,36.9259275470003],[28.9545100020002,36.9230308150001],[28.9536469120002,36.9221325],[28.9523775020002,36.9218725010001],[28.9496316150002,36.9215741650002],[28.9496185610002,36.9209344060001],[28.9511224980002,36.9205677720001],[28.9507440570001,36.919879982],[28.9496909100002,36.9198584860002],[28.9480023270001,36.9202043420002],[28.9470960080002,36.9196101300002],[28.9466275020001,36.9191225010002],[28.9453724980002,36.9181274990001],[28.9450267330001,36.9177676200001],[28.9421225010001,36.9181225010002],[28.9411023330001,36.9188140220001],[28.9391225010002,36.9171274990001],[28.938642502,36.9166279070001],[28.9381250000002,36.9166173480001],[28.9369105680001,36.9166421320002],[28.9349486730001,36.9154775010002],[28.9339549290002,36.9140114820001],[28.9343725010002,36.9118725010001],[28.9348154680001,36.9105783420001],[28.934178726,36.9099156150002],[28.9333774990001,36.909372501],[28.9323040160002,36.9086686940002],[28.9335661510002,36.9074560510001],[28.9321274990003,36.9068725010002],[28.9310945820002,36.9066206930001],[28.9296531260001,36.905878124],[28.9267508890002,36.9052410470002],[28.9263725010002,36.9048774990002],[28.9253956110002,36.9033875010002],[28.9232707860001,36.9024681630001],[28.9222214160002,36.90356036],[28.92125,36.9037500000002],[28.9210805090003,36.9047477300001],[28.9200372850001,36.9045935670001],[28.9201419330001,36.903885426],[28.92125,36.9037500000002],[28.9216512150001,36.9015504910002],[28.9221779820003,36.9010966570001],[28.9228220180003,36.8996533430001],[28.9231664240002,36.8993566210002],[28.924384296,36.8978843000002],[28.9252376060001,36.8966959380002],[28.9263637660002,36.8959905700002],[28.9270871470002,36.8943694380002],[28.9294299850002,36.8940628970002],[28.9298996580002,36.8925029220002],[28.9303842960002,36.8916343000002],[28.9308266260002,36.8901651460002],[28.9328842960001,36.8893843000001],[28.933762985,36.8888940430001],[28.9345411990001,36.888831512],[28.935561192,36.8892060850002],[28.9359460980002,36.8875118260001],[28.9363842960001,36.8871343000001],[28.9373811340001,36.8859772640002],[28.9383657040001,36.8856157000002],[28.9391342960002,36.8853843000001],[28.940038563,36.8848797760002],[28.9414055670002,36.8846304170001],[28.941314407,36.8834958800002],[28.9418657040002,36.8826157000001],[28.9421342960001,36.8823843000002],[28.9423657040001,36.8821157000002],[28.9428702240002,36.8816810300001],[28.9430000000002,36.8812500000001],[28.9428679700002,36.8813679660001],[28.9418046570002,36.8814313430002],[28.9408428080003,36.8829437030003],[28.9401039050002,36.8836039050002],[28.9391992610002,36.8846163860002],[28.9381179700002,36.8848679660002],[28.9367317430002,36.8858362660002],[28.9361179700002,36.8861179660002],[28.9348820300002,36.8868820340002],[28.9342259140002,36.8871831670002],[28.932875,36.8871026460001],[28.932474739,36.8879747390001],[28.9315333820002,36.8884067920001],[28.9307042390002,36.8883573680001],[28.9293820300002,36.8893820340001],[28.9281179700002,36.890117966],[28.92788203,36.8903820340001],[28.927422981,36.8907921910002],[28.9261612850001,36.8911817930001],[28.9257694930002,36.8928657150002],[28.9241293260001,36.8943311920001],[28.9237847020002,36.8954472200002],[28.9228679700001,36.8958679660001],[28.9226039200001,36.8970028460001],[28.9209333880002,36.8979754330001],[28.9205905990001,36.8987223050001],[28.9198679700002,36.8993679660002],[28.9191376570001,36.9001853410002],[28.918025524,36.900617966],[28.9171320300002,36.899617966],[28.9168679700001,36.8993820340002],[28.9166320300002,36.8991179660002],[28.9158062970002,36.8985928040002],[28.9151460950001,36.8978539050002],[28.9140575710002,36.8968813170002],[28.9141541330001,36.8952612000002],[28.9156595610002,36.8947963330002],[28.9175421870002,36.8937733000002],[28.9183609390003,36.8924859390001],[28.9192223050001,36.8920905990001],[28.9200811960002,36.8911293260001],[28.9209555780002,36.890859322],[28.921735939,36.889985939],[28.9230299570001,36.8888297420002],[28.9222485890002,36.8877111280002],[28.9218820300001,36.8860860210002],[28.92338203,36.8851320340001],[28.9236179700002,36.8848679660002],[28.9249063870002,36.8842766270002],[28.9248675500002,36.8836250000003],[28.9248915790001,36.883221878],[28.9259051970002,36.8827566600001],[28.9257936400001,36.8808849330002],[28.9271575550002,36.8783750000001],[28.925924072,36.8761050950002],[28.9269382820002,36.8732785190002],[28.9273820300001,36.8728820340002],[28.9279060550002,36.8722955400002],[28.9296601940003,36.8716212080002],[28.9275787770001,36.8713820340003],[28.9271320300002,36.8718820340002],[28.9263731000001,36.8725601270001],[28.9253410000002,36.8728679660002],[28.9248740430002,36.8718505630002],[28.9246320300002,36.8725442580001],[28.9256155590002,36.8739522860001],[28.9250009190002,36.8750833660002],[28.9219265790002,36.8745370330001],[28.9206833000002,36.8731455460002],[28.9203820300002,36.874171227],[28.921260826,36.8749564130002],[28.9236320300002,36.8758679660002],[28.9242908250002,36.8762259600001],[28.9246179700002,36.8776320340002],[28.9249610140002,36.8785880890001],[28.9240953940001,36.8793615110002],[28.9231320300001,36.8804478530001],[28.9236320300002,36.8813679660001],[28.9238679700001,36.8822319790001],[28.9228679700001,36.8828679660001],[28.9215279050001,36.8839064640002],[28.9206250000002,36.883852646],[28.920125,36.8838824540002],[28.9198750000002,36.883867546],[28.9196031720001,36.8838837510002],[28.9196680640001,36.8849725420002],[28.9188611680001,36.8861277080002],[28.9196320300001,36.8866179660002],[28.9198679700002,36.8868820340002],[28.9201320300002,36.8871179660002],[28.9203679700001,36.88747448],[28.9198503420002,36.8889170910001],[28.9188679700002,36.8893679660002],[28.9183262480003,36.8896623460002],[28.9162335090001,36.8901492540001],[28.914893959,36.8916484830002],[28.9136811410002,36.891576195],[28.9120231900001,36.8921710820002],[28.9109508820002,36.8921071700002],[28.9116465340002,36.8911112670001],[28.9116175500003,36.8906250000002],[28.9116620060002,36.8898791350001],[28.9109988960001,36.8896320340002],[28.9094723050002,36.891340599],[28.9084536170002,36.8918081440001],[28.9072028870001,36.8926817930002],[28.9059507810002,36.8926071620002],[28.9053820300001,36.8913679660001],[28.9045732670002,36.8908820340001],[28.9046328030001,36.8918809280001],[28.9041179700001,36.8926179660002],[28.9038071690002,36.8942831190002],[28.9027502370001,36.8945290300002],[28.901583239,36.8944835560002],[28.9016474840001,36.8954472370002],[28.9017672880001,36.8970902640002],[28.9018204390001,36.8978191850002],[28.9018723440002,36.8985310190001],[28.902386307,36.8997195600002],[28.9030287620002,36.9005226280002],[28.9048121780001,36.8997785690001],[28.9062238270002,36.8995638350001],[28.907457691,36.8996373830001],[28.9086109370002,36.9002640610001],[28.9096249030002,36.9007294390003],[28.9096681760001,36.9018770040001],[28.9089714650002,36.9038633910002],[28.9087787290001,36.905373159],[28.9086502380001,36.9065295770002],[28.9084069950001,36.9075025480002],[28.9076179700001,36.9081179700001],[28.9069401610001,36.9088765750001],[28.9043098390003,36.9091234250002],[28.9028743820002,36.910729996],[28.9012966650002,36.9112171860003],[28.8994914050002,36.9111095890001],[28.8983410640001,36.9098221210002],[28.8960346420002,36.9095817680001],[28.8946768530002,36.9087460450002],[28.8928779810001,36.9079108540002],[28.8926852450001,36.9083605720001],[28.8940022760002,36.9089709040001]]]},"properties":{"id":"reservoir-gdw-7023","hesIds":["hes177-004"],"basinIds":["8"],"riverSystemIds":["river-system-038"],"damName":"Akkopru","reservoirName":"Akkopru","basinId":"8","source":"GDW","sourceId":"7023","sourceUrl":"https://services8.arcgis.com/oTalEaSXAuyNT7xf/ArcGIS/rest/services/GDW_v1_epsilon_gdb/FeatureServer/1","matchMethod":"name+coordinate","matchConfidence":"high","areaKm2":6.83,"validated":true,"validationNotes":"Turkey envelope; facility name, basin/river relation and coordinate distance check"}},{"type":"Feature","id":"reservoir-gdw-1482","geometry":{"type":"Polygon","coordinates":[[[36.9138916015623,40.409724934896],[36.9146251085066,40.4086062282988],[36.9152857801648,40.4086197916669],[36.9175142415363,40.4063807508683],[36.9191586642795,40.406414388021],[36.9194417317705,40.4058197699655],[36.9183306206594,40.4052804904516],[36.9180582682289,40.4044357638891],[36.9214961751299,40.4044335937502],[36.9236157226559,40.4013747829863],[36.9259847005206,40.4013661024307],[36.9264487033418,40.3994628906252],[36.9275714789493,40.4000412326391],[36.9316806369357,40.3999913194446],[36.9316635470918,40.3991525607641],[36.9288916015623,40.3976209852432],[36.9298201497393,40.3962516276043],[36.9320781792534,40.3958105468752],[36.9333360460068,40.3958360460071],[36.9336245388452,40.3952414279515],[36.9336142306855,40.394152560764],[36.9347471788192,40.3936029730905],[36.9365888129337,40.3935926649307],[36.9369417317706,40.392469075521],[36.9338747829858,40.3924967447918],[36.9338920084634,40.3916547309029],[36.9366695149737,40.390541449653],[36.9415592447915,40.3905436197918],[36.9427750651039,40.3897195095487],[36.9447663031681,40.3888742404515],[36.9452750651041,40.3883143446183],[36.9444357638888,40.387508138021],[36.9444516330292,40.3867279730905],[36.9455853949652,40.3852804904515],[36.9468115234373,40.3859120008682],[36.9507579210068,40.3851860894098],[36.9558360460067,40.3827804904517],[36.9573615180119,40.381548936632],[36.9577787272133,40.3802636718753],[36.9591480848522,40.3802913411459],[36.9597408040363,40.3799864366321],[36.9605581325953,40.3800027126738],[36.9624972873261,40.3788861762154],[36.9641642252603,40.3783306206601],[36.965019395616,40.3783300781251],[36.9659507921004,40.3773605685766],[36.9676525878903,40.3768082682293],[36.9682385253904,40.3774186197918],[36.970558268229,40.3763916015627],[36.9721089680988,40.3755929904516],[36.973225097656,40.3725889756947],[36.9746012369791,40.3713916015627],[36.9760450575086,40.3723703342015],[36.9775135633678,40.3713747829862],[36.9803249782984,40.3713796657988],[36.9816809082029,40.3699918619795],[36.9830421278209,40.3700195312501],[36.9852804904513,40.3688916015626],[36.9861117892793,40.3666498480904],[36.9868458387584,40.3659445529517],[36.9905582682291,40.3647249348959],[36.9921865505642,40.3636214192711],[36.993846299913,40.3629665798612],[36.9977374945744,40.3621126302085],[36.9991898600258,40.3613818359377],[36.9997195095485,40.3608306206599],[37.0019722493488,40.3595106336808],[37.0031815592445,40.3578792317709],[37.0064000108506,40.357094184028],[37.0078397623695,40.3563525390628],[37.0097195095483,40.354441731771],[37.0112230088973,40.3533273654515],[37.0116692437065,40.3533360460071],[37.0130528428817,40.3524972873266],[37.0143744574651,40.3520681423613],[37.0165669759114,40.3498453776043],[37.0169417317706,40.3483897569447],[37.0155415852863,40.3466558159723],[37.0155607096352,40.3457183159724],[37.0210607910154,40.3464208984377],[37.0229394531249,40.3463829210071],[37.0241973198783,40.3455300564237],[37.0241750759546,40.3413916015627],[37.0238841417099,40.3411121961807],[37.0244268120658,40.3400585937502],[37.0233306206595,40.3386138237849],[37.0230582682291,40.3377479383682],[37.023811035156,40.3362868923612],[37.0227849663627,40.335301106771],[37.0223829481334,40.3344726562502],[37.0206944444444,40.3340277777779],[37.0152182345917,40.3351611328127],[37.0130528428817,40.3361083984377],[37.0112722439233,40.3373149956599],[37.0104675292966,40.338152669271],[37.0074245876734,40.3393527560766],[37.0058360460067,40.3405582682294],[37.0035386827255,40.3417252604169],[37.003058268229,40.342224934896],[37.0015357801647,40.3425368923612],[36.9991303168401,40.3444786241321],[36.9979020182289,40.346351996528],[36.9961185709634,40.3469308810765],[36.9958196343315,40.3472422960072],[36.9958416069875,40.3491585286461],[36.995538330078,40.3497471788196],[36.9918971082898,40.3497260199654],[36.9911138237845,40.3525027126738],[36.9900287543402,40.3539328342015],[36.9905582682291,40.354441731771],[36.9908306206595,40.3554096137154],[36.9859436035155,40.3564501953126],[36.9852804904513,40.3561083984376],[36.9829328070745,40.3556499565973],[36.9818914116751,40.3523253038195],[36.9810974121091,40.3519471571182],[36.9800047471786,40.354133029514],[36.9795342339409,40.356062825521],[36.9777804904512,40.3579264322919],[36.9797249348956,40.3588861762154],[36.9799972873262,40.3597629123266],[36.9787270779078,40.3609830729168],[36.9764766438799,40.3614225260418],[36.9753506130641,40.3610373263891],[36.9735409884981,40.3596641710071],[36.9705243598088,40.3597254774307],[36.9680528428818,40.3608306206599],[36.9669471571178,40.3616693793405],[36.9613328721786,40.3639935980905],[36.9591639539928,40.3655528428821],[36.9586138237846,40.3663916015627],[36.957953423394,40.3666639539933],[36.9572249348956,40.3655528428821],[36.9559189181856,40.3652804904515],[36.9553826226127,40.3669330512154],[36.9533306206594,40.3672195095488],[36.9513248697913,40.3683745659724],[36.9484722222219,40.3683165147572],[36.9478331163191,40.3696337890626],[36.9455147298175,40.3702750651044],[36.9432603624129,40.3695035807293],[36.9427086046005,40.3700775824654],[36.9393541124129,40.3707324218752],[36.9386028374564,40.3711197916668],[36.9386078559025,40.3727973090279],[36.9374974229598,40.3727750651043],[36.9361138237845,40.3738916015625],[36.9350782606335,40.3741639539933],[36.9336138237845,40.3730528428821],[36.9321923828123,40.3727804904515],[36.9307093641492,40.3735443793405],[36.9283360460067,40.3711083984377],[36.9252381727429,40.3692404513891],[36.9241639539928,40.3688916015626],[36.9233144802517,40.3680078125003],[36.923364393446,40.3655582682293],[36.9199164496525,40.3636653645836],[36.9194471571178,40.3622195095488],[36.9182972547741,40.3607948133682],[36.9183497450085,40.3582221137154],[36.9200016276039,40.3571392144099],[36.9213765462237,40.3548231336808],[36.9197195095485,40.3541693793406],[36.9186360677081,40.3514225260418],[36.9152020941837,40.3508034939238],[36.9132381184894,40.3508436414932],[36.9136983235674,40.3521885850697],[36.9152804904513,40.3524972873266],[36.9160723198784,40.3529052734377],[36.9164123535155,40.3563823784724],[36.9149972873261,40.3574972873267],[36.9147249348956,40.3580745442709],[36.9152819824216,40.3586094835071],[36.9148498535154,40.3598719618058],[36.9134354654947,40.3603309461808],[36.9140881347655,40.3622379557293],[36.9150025770396,40.3622195095488],[36.9166707356769,40.3630533854169],[36.9161897786456,40.3649300130211],[36.9133443196612,40.3681206597224],[36.9139131673174,40.3697824435765],[36.9138806152341,40.3713807508682],[36.9144417317705,40.3727804904515],[36.9156083170571,40.3739718967015],[36.916119113498,40.3750249565974],[36.91608601888,40.3766482204863],[36.9166078016492,40.3771495225696],[36.9158360460068,40.3794851345489],[36.9167766655814,40.3822949218751],[36.9161031087237,40.3836360677085],[36.9161630588105,40.3865733506946],[36.9169417317706,40.3894471571182],[36.9172272406682,40.3897216796877],[36.9166472710501,40.3905772569446],[36.9166724989147,40.391810980903],[36.9149972873261,40.3922195095488],[36.9147249348956,40.39252983941],[36.915448676215,40.3939344618057],[36.9138861762151,40.3944417317709],[36.9127804904511,40.3952804904515],[36.9119358995223,40.3955544704864],[36.9116465928818,40.396697591146],[36.9094831000433,40.3966531032987],[36.9077666558159,40.3970930989585],[36.9077865939669,40.3980723741321],[36.9094440375431,40.3988764105904],[36.9097299533417,40.3997574869794],[36.9097128634982,40.4005984157988],[36.9088639322915,40.4022460937502],[36.9089029947914,40.4041639539932],[36.9083136664495,40.4044498697919],[36.9083284505206,40.405935872396],[36.9051174587672,40.4070827907988],[36.9044251844616,40.4078038194446],[36.9044493272567,40.4089925130211],[36.9056252712672,40.4097634548613],[36.9077804904511,40.4097195095488],[36.9081726074216,40.4105273437502],[36.909881049262,40.4108610026043],[36.9119014485676,40.4104470486113],[36.9138916015623,40.409724934896]]]},"properties":{"id":"reservoir-gdw-1482","hesIds":["hes177-010"],"basinIds":["14"],"riverSystemIds":["river-system-004"],"damName":"Almus","reservoirName":"Almus Baraji","basinId":"14","source":"GDW","sourceId":"1482","sourceUrl":"https://services8.arcgis.com/oTalEaSXAuyNT7xf/ArcGIS/rest/services/GDW_v1_epsilon_gdb/FeatureServer/1","matchMethod":"name+coordinate","matchConfidence":"high","areaKm2":20.163,"validated":true,"validationNotes":"Turkey envelope; facility name, basin/river relation and coordinate distance check"}},{"type":"Feature","id":"reservoir-gdw-1457","geometry":{"type":"Polygon","coordinates":[[[35.7242550320095,41.3617974175352],[35.7228305392794,41.3590321180559],[35.7221366373697,41.3569471571183],[35.7211083306205,41.3572195095489],[35.7194691975909,41.35833062066],[35.7178466796872,41.357817382813],[35.7148645697695,41.3561338975698],[35.7114596896698,41.3561352539067],[35.7092643907333,41.3552693684899],[35.7074199761282,41.3525027126741],[35.7068427191838,41.3543204752608],[35.7054394531249,41.3552715386289],[35.701386108398,41.3550027126739],[35.7003076850041,41.3544471571184],[35.6990124511716,41.3548543294273],[35.6980745442708,41.3558306206601],[35.6969416639537,41.3555582682295],[35.6952545844183,41.3544373914934],[35.693619113498,41.3527351888023],[35.6897653537323,41.3528138563371],[35.6889270697698,41.3520084635421],[35.6888972981768,41.3494487847225],[35.6877638075085,41.3480444335939],[35.6877859157982,41.3469609917537],[35.6861361355251,41.345040418837],[35.6852944607202,41.3433422851564],[35.6835637071396,41.3433067491322],[35.6847172715924,41.344063042535],[35.6842563883462,41.348119574653],[35.6822250027124,41.3493253580732],[35.6826428222654,41.3499386935768],[35.6841606309675,41.3506749131948],[35.6841864691837,41.3519411892367],[35.6817892116968,41.3519900173613],[35.6802157253687,41.3514515516497],[35.6721165635851,41.3534684244795],[35.6699972195094,41.3527804904517],[35.6694526502821,41.3522138129342],[35.6683632405596,41.3527750651044],[35.6672236463756,41.3522178819448],[35.6663288031683,41.3525244140629],[35.6625291612409,41.3525192599828],[35.6619472249345,41.352219509549],[35.6576763237844,41.3519208441843],[35.653130832248,41.3507779947922],[35.6491640218097,41.3508588324654],[35.6472780354815,41.3488959418407],[35.6453556315102,41.3482720269101],[35.6446000162757,41.346000976563],[35.6434168158634,41.3447694227433],[35.6376291910806,41.342631835938],[35.6369639078773,41.3405815972227],[35.6364078776041,41.340002712674],[35.6356344265407,41.3403675672746],[35.6347361246741,41.3422192382815],[35.6310304090708,41.3416905381948],[35.6276430257158,41.3416213650176],[35.6272250027125,41.3433363172746],[35.6236582438148,41.3432633463545],[35.6209408230249,41.3438199869794],[35.6186416965058,41.3419593641495],[35.6150275336369,41.3419523111983],[35.6132167561847,41.3416436089413],[35.6101118299695,41.3417068142364],[35.6086083306205,41.3411138237852],[35.6042860921222,41.3386599392364],[35.597518988715,41.3382921006946],[35.5975137668186,41.336408962674],[35.5967828369137,41.335648057726],[35.594219089084,41.3350230577259],[35.5925147840709,41.3333639865455],[35.5924919976126,41.3322474500873],[35.593052775065,41.3316639539933],[35.5941598849824,41.33130452474],[35.5941750081377,41.3305636935767],[35.5928015814886,41.3277842881948],[35.5913921440968,41.3264084201392],[35.5913859727646,41.326108398438],[35.592462497287,41.3255862087677],[35.5930523003469,41.3250195312502],[35.593069322374,41.3241867404516],[35.592540622287,41.323636338976],[35.588525322808,41.3232793511287],[35.5869472249348,41.3224972873268],[35.5847250027124,41.3219417317712],[35.5791125488278,41.3215983072919],[35.5783423529728,41.3208582899309],[35.5783022054035,41.3188907877607],[35.5813861083983,41.3183886718755],[35.5810385470919,41.3179597981773],[35.5783045111759,41.3172086588546],[35.5766706000433,41.3172081163199],[35.5753916422523,41.3193625217018],[35.5740456136064,41.3202750651045],[35.572275661892,41.3192944335941],[35.5719263373477,41.3167919921879],[35.5707937961151,41.3150645616323],[35.5694472249347,41.314719509549],[35.5648221164276,41.314417588976],[35.5643674045137,41.3120884874135],[35.5630470784505,41.3111097547745],[35.5630857001409,41.3086615668408],[35.5625034586585,41.307531195747],[35.562491794162,41.3069585503475],[35.5636036173501,41.3058677842886],[35.5639712863495,41.3047347005212],[35.5658302137585,41.3047363281253],[35.5654614257811,41.3030319552953],[35.5633572048608,41.3030748155385],[35.5616691419811,41.3024970160594],[35.5575027804904,41.3018397352433],[35.5577749972869,41.3013861762155],[35.5591638861762,41.3005528428822],[35.5602805582681,41.3002804904516],[35.5605527750649,41.2997195095489],[35.5619416639537,41.2988088650176],[35.5605568101668,41.2978618706599],[35.5590592108831,41.2988769531255],[35.5567977566187,41.2988604058163],[35.5555527750648,41.2991639539933],[35.5550192260739,41.3002636718754],[35.551992696126,41.301662868924],[35.5511239963107,41.3016805013024],[35.5501238674584,41.3000314670144],[35.550562065972,41.2983213975697],[35.5497180514862,41.2960799153648],[35.5483361138235,41.2947520616322],[35.549025641547,41.2939656575524],[35.5513629828554,41.2930750868059],[35.5519416639538,41.2925189887155],[35.5502977837453,41.2925138346358],[35.5497195095485,41.2916525607643],[35.5432990519204,41.2916007486983],[35.5409540473087,41.2922018771704],[35.540286119249,41.2908249240453],[35.5389022488063,41.2894414605037],[35.53637318929,41.2891672092019],[35.5356889851886,41.2884551323788],[35.5350027804903,41.2891693793406],[35.5331097073022,41.2899848090281],[35.5301615397134,41.2900447591148],[35.5283333333331,41.2895762803822],[35.5245785183374,41.2905387369794],[35.5214923773868,41.2906016710071],[35.5177942233613,41.2891902669276],[35.5169864569767,41.2876223415801],[35.5177267116969,41.28545952691],[35.516403130425,41.2835069444448],[35.5175041029187,41.2816522894967],[35.5197189331054,41.2805777994794],[35.5197305976017,41.2800054253474],[35.5190885755749,41.2790584309898],[35.5194614664713,41.2782896592886],[35.5205639987521,41.2772303602433],[35.5200027804901,41.2761409505212],[35.5218614705402,41.2746948242189],[35.520729132758,41.2732023111981],[35.5214746093748,41.2721025933162],[35.5208833143443,41.2709548611112],[35.5216852823891,41.2705417209206],[35.5258420138887,41.2705642361114],[35.5258190917968,41.2694417317712],[35.526857503255,41.2684440104172],[35.5249331665037,41.2679749891496],[35.5241694471567,41.2672412109377],[35.5247194417317,41.2669417317711],[35.5277805582679,41.2666693793406],[35.5287978108723,41.2656106228302],[35.5305527750647,41.2644601779518],[35.5300347900387,41.2638964843754],[35.5283361138238,41.2633452690976],[35.528658413357,41.2626700846357],[35.5316367594399,41.2641639539934],[35.5325671725801,41.2637334526914],[35.5317946709524,41.2622338867191],[35.5327697753904,41.2622138129343],[35.5337888929577,41.2627389865453],[35.537188483344,41.2628081597227],[35.5383305528424,41.2619417317709],[35.540274997287,41.2616251627607],[35.5383361138236,41.26083062066],[35.5358305528429,41.2605582682294],[35.529169447157,41.2587575954863],[35.5294526163735,41.2577354600698],[35.5335763888888,41.2578195529515],[35.5339905124238,41.257388509115],[35.5383480156793,41.257776150174],[35.5402151828339,41.2597195095489],[35.5433305528424,41.2587141927085],[35.5425514390732,41.2581708441843],[35.5399894205727,41.2576706271704],[35.5386138916012,41.2567686631948],[35.5402709960935,41.2560267469619],[35.5402859836151,41.255291883681],[35.5400027804901,41.2549972873267],[35.5378090413409,41.253892415365],[35.5372249009872,41.2538804796009],[35.5369453938799,41.2541712782122],[35.5358410305446,41.2536024305559],[35.5350080023869,41.2536195203998],[35.5341363864472,41.2531703016497],[35.5272739664712,41.2535980902781],[35.5260009087455,41.2540112304692],[35.5250194295244,41.2549967447918],[35.5230591498478,41.2550368923614],[35.5230304972329,41.2536328125003],[35.523886108398,41.2530528428821],[35.5263025580509,41.2526595052088],[35.526685926649,41.2519151475697],[35.5266586642793,41.2505805121531],[35.5276111178926,41.2493432617192],[35.5261138916013,41.2475189887155],[35.5269472249348,41.2463916015627],[35.5272194417315,41.2452750651044],[35.5283013576927,41.2449240451393],[35.5300012546112,41.2427929687502],[35.5302943250866,41.2403946940107],[35.5319504801429,41.2391669379342],[35.531391669379,41.2386300998267],[35.5319486490885,41.2375000000001],[35.531391669379,41.2364187282992],[35.5322305636934,41.2347140842019],[35.5322138807505,41.23389702691],[35.5330863444011,41.2322032335072],[35.5330692545569,41.2280791558163],[35.5319472249344,41.2266639539932],[35.5310325460563,41.2263127584289],[35.5318365435644,41.2255087609207],[35.5328793664019,41.2251611533082],[35.5333428432183,41.2234231152462],[35.5332269740143,41.222380292409],[35.5328793664019,41.2218009463881],[35.5311413283396,41.2204105159384],[35.5305619823188,41.2191359546926],[35.5298667670939,41.2185566086723],[35.5284763366445,41.2183248702637],[35.5284763366445,41.2171661782223],[35.5292874210733,41.2161233553851],[35.5304461131147,41.2155440093645],[35.5307937207274,41.2139218405061],[35.5305619823188,41.2127631484651],[35.5297508978898,41.2113727180151],[35.5261589525614,41.2067379498494],[35.5244209144991,41.2052316501955],[35.5222193996206,41.204072958154],[35.5205972307623,41.2036094813376],[35.5189750619044,41.2017555740712],[35.5160783318007,41.2003651436213],[35.5123705172682,41.1989747131715],[35.5124863864725,41.2005968820299],[35.5141085553303,41.2022190508878],[35.5177005006588,41.2045364349707],[35.5207130999667,41.2095188107489],[35.5239574376828,41.2107933719944],[35.5250002605198,41.2122996716483],[35.5256954757446,41.2146170557313],[35.5265065601738,41.2193676931013],[35.5300985055023,41.2211057311631],[35.5317206743604,41.222380292409],[35.5320682819727,41.2230755076338],[35.5311413283396,41.2244659380835],[35.5282445982359,41.2240024612668],[35.5275493830112,41.2244659380835],[35.5277811214194,41.2251611533082],[35.5290556826651,41.2259722377374],[35.5294455399678,41.2267519523429],[35.5294140285912,41.2282958984379],[35.5305527750647,41.2294254557296],[35.5288202243378,41.2311607530387],[35.5280472819007,41.2330664062503],[35.5280639987519,41.2338861762157],[35.5269472249348,41.2355582682296],[35.5259091186519,41.235895182292],[35.5263861083983,41.2363916015628],[35.5272260538734,41.2366642252608],[35.5268410576713,41.2385441080732],[35.5276006401908,41.241168619792],[35.5256131320527,41.2423486328127],[35.5237813652884,41.2446590169275],[35.5216694471567,41.2455582682296],[35.5198387315536,41.2460045030386],[35.5191930135089,41.2466248914934],[35.5191742621525,41.248565809462],[35.5188916693792,41.2497249348962],[35.5174972195092,41.2513861762154],[35.5169472249347,41.2527804904517],[35.5155805460608,41.2547051323788],[35.5133423529729,41.2558083767364],[35.5133193291554,41.2569360351565],[35.5144444444442,41.2573209635421],[35.5163480970592,41.2566693793405],[35.5172194417316,41.2574074978302],[35.5168293931748,41.2587380642365],[35.5152749972871,41.2599972873268],[35.5138738335502,41.261972384983],[35.5121378241642,41.2628146701393],[35.5089292399087,41.2658083767362],[35.5072704739038,41.266662868924],[35.5056556193031,41.2666956922745],[35.5034618462456,41.2661336263024],[35.501971944173,41.2661032443582],[35.5002206081811,41.2664019097224],[35.490106947157,41.2663484700523],[35.4883945041229,41.2669346788196],[35.4780103217229,41.2668725585939],[35.4761027696393,41.2674915907122],[35.4724564276798,41.2691837565109],[35.4714292399084,41.2702528211809],[35.4708147176105,41.2705693901913],[35.4697862752279,41.2705482313372],[35.4630583360457,41.2716693793406],[35.4534620836043,41.2721638997401],[35.4527342054575,41.2725170898441],[35.4511625840927,41.2741528320315],[35.4495864189992,41.2744756401913],[35.4483305528426,41.2741693793408],[35.4476020643442,41.2734111870663],[35.4466692437063,41.2738918728301],[35.4434237670895,41.2746384006078],[35.4423059760197,41.2740625000002],[35.4414083184134,41.2749967447918],[35.4405635579426,41.2750141059029],[35.4401973470051,41.2746329752609],[35.4352766248911,41.2766547309033],[35.4346320258246,41.2802425130213],[35.4311845906573,41.2808306206602],[35.4302750990124,41.2802693684898],[35.4297197129989,41.280280761719],[35.4283361138234,41.2797195095489],[35.4252206081813,41.2792843967017],[35.4239201524522,41.2786146375872],[35.4219875420463,41.2785750325525],[35.421663886176,41.2788861762156],[35.4207670509655,41.2787162444931],[35.4199342396134,41.2768126756883],[35.419696293513,41.2747901338336],[35.4186255360604,41.2741952685821],[35.4164840211553,41.2736004033306],[35.411963045244,41.2732434841796],[35.4110112608419,41.2724106728277],[35.408750772886,41.2714588884252],[35.4075610423831,41.2706260770734],[35.40637131188,41.2690794274193],[35.4056574735783,41.2671758586148],[35.4040277777775,41.2654166666671],[35.4036083306202,41.2652804904518],[35.4025027804901,41.2638861762156],[35.4016638861759,41.263613823785],[35.4008677503795,41.2627853732643],[35.3997142198346,41.2622081163197],[35.3945044623477,41.2619254557295],[35.3933320787215,41.2622260199657],[35.3925026109483,41.2616636827261],[35.3912937079533,41.261688368056],[35.3895344712997,41.2590052625873],[35.3851256985131,41.2542122395837],[35.3864477199976,41.2537833658859],[35.3886039903425,41.2516897243927],[35.389124993218,41.2506160481774],[35.3902638753254,41.2494740125872],[35.3909271579315,41.245971950955],[35.3930256483288,41.2438916015627],[35.3968341742618,41.2446332465282],[35.397405090332,41.2422911241323],[35.3983305528424,41.2416639539933],[35.4005583360457,41.2408360460071],[35.4038791910804,41.237558322483],[35.4039143202037,41.2358365885418],[35.4033372667098,41.2358249240458],[35.3991638861759,41.2391639539936],[35.3978090074324,41.2405514865456],[35.3938020155163,41.2415421549483],[35.3913916693791,41.2430582682294],[35.3891481865777,41.2434236653649],[35.3877489895287,41.2439024522572],[35.3858361138235,41.2438633897573],[35.387774997287,41.2454768880213],[35.3874120076495,41.247067057292],[35.3863861083984,41.2480528428822],[35.385776265462,41.24993218316],[35.3847194417315,41.2502750651046],[35.3830897691513,41.2513796657991],[35.3820423380531,41.2514010959204],[35.3794416639537,41.2494471571185],[35.3772194417318,41.2469471571184],[35.3767566596136,41.2459933810768],[35.3743288845484,41.2431434461809],[35.373032362196,41.2424929470491],[35.3722051323782,41.2416558159724],[35.3725407240123,41.2371967230906],[35.3734795125323,41.236219618056],[35.3766638861761,41.2357012261286],[35.3761138916016,41.2349972873267],[35.3713916693791,41.2346416558166],[35.3733305528426,41.2319675021706],[35.3729435899518,41.2315359157989],[35.3705785454641,41.2333306206601],[35.3686083306204,41.2327804904518],[35.3678222995331,41.2311604817711],[35.3658305528426,41.2308360460073],[35.3644666544593,41.2301578776044],[35.3631637573239,41.2282356770835],[35.3625178019204,41.2255862087677],[35.3612617323132,41.2238916015627],[35.3609759860566,41.224398871528],[35.3619416639536,41.226779513889],[35.3612962849932,41.2284941948787],[35.3602693345811,41.2291674804691],[35.3612353854707,41.2294810655384],[35.3619416639536,41.2305582682297],[35.3640687730575,41.2309735785592],[35.3647250027124,41.231941731771],[35.3649972195094,41.2330582682293],[35.3660805596245,41.2352403428822],[35.366910027398,41.2360617404518],[35.3680527750649,41.2379462348093],[35.3671718682183,41.2383091905385],[35.3661514621309,41.2372471788197],[35.3645034450952,41.2363981119795],[35.3591657850475,41.2358300781253],[35.3550952487518,41.2366639539934],[35.353769158257,41.2354025607644],[35.3505527750649,41.2330582682293],[35.3502805582681,41.2322195095489],[35.3483632405596,41.2313916015628],[35.3408624267574,41.2361054144969],[35.3377310180662,41.2363962131081],[35.3308273654511,41.2360891384553],[35.3300249905054,41.2353181966148],[35.3289592827688,41.2332492404517],[35.3315853881832,41.2305550130212],[35.3333713785805,41.2292000325524],[35.3376732720268,41.2285457356774],[35.340010850694,41.227220323351],[35.3377579074434,41.2269452582468],[35.337827216254,41.2235503472226],[35.3352819824216,41.2161778428824],[35.3352640109591,41.2152975802956],[35.3363861083981,41.2147195095489],[35.3397610134546,41.2141129557294],[35.3408305528426,41.2130853949656],[35.3375789727104,41.2130851236984],[35.3350227525497,41.2120000542537],[35.3344472249346,41.2102750651045],[35.3336086697046,41.2088753255212],[35.3322052001949,41.2081944444446],[35.3322357177732,41.2066992187504],[35.3291738552514,41.2063248697919],[35.3291583251949,41.2055636935765],[35.3297194417316,41.2044742838546],[35.3286946614581,41.2030582682294],[35.3282039388019,41.2037996419274],[35.3286300320095,41.2050444878477],[35.3285971747501,41.2066552734377],[35.3297250027125,41.207219509549],[35.3301576741533,41.2085527886288],[35.3313833279078,41.2104220920144],[35.3324972195094,41.2109627278648],[35.3321259562173,41.2119265407989],[35.3305564710827,41.2119585503477],[35.3300106472437,41.2102764214413],[35.3280619303383,41.2098961046008],[35.3280642361109,41.2083251953127],[35.3261083306203,41.2072249348961],[35.3257952202686,41.2062600368927],[35.3238070000539,41.2037980143232],[35.3222250027123,41.2045654296878],[35.322763366699,41.206529134115],[35.3241635470918,41.2072083875872],[35.3241585286456,41.208315700955],[35.326386108398,41.21116780599],[35.326112263997,41.2113929578996],[35.3222947184242,41.2104104275176],[35.321669447157,41.2086083984381],[35.3192083401147,41.2070575629345],[35.3152514648435,41.2058295355906],[35.3128024970158,41.2041693793405],[35.3127859157983,41.2052596028649],[35.3123014322913,41.2071500651045],[35.3161138916012,41.2086083984381],[35.3171454535589,41.209682074653],[35.3197373453772,41.2099986436633],[35.3207897610133,41.2110940212677],[35.3215319485133,41.2114542643233],[35.3226764594182,41.2131998697919],[35.3238861083984,41.2136138237849],[35.3263916693792,41.2138861762156],[35.3269267103403,41.2144430881079],[35.3322194417315,41.2162158203126],[35.3308210245766,41.2174514431428],[35.3278832668725,41.218024902344],[35.3252867296002,41.2188674587676],[35.3248859998914,41.2204313151045],[35.3261076524521,41.2216360134553],[35.3261139933266,41.2219471571184],[35.3251957872178,41.2225490993927],[35.3256509060327,41.2238788519967],[35.3236083306203,41.2241639539934],[35.3205991278751,41.225273980035],[35.3189129299583,41.2253084309899],[35.317485894097,41.2241639539934],[35.3175083753797,41.2230620659727],[35.3164144219289,41.2226877170144],[35.3160944281682,41.2236737738718],[35.3130382961695,41.2233005099829],[35.3124817572697,41.2227658420142],[35.3116803995765,41.2211138237851],[35.3108284505205,41.2213867187505],[35.3119126383461,41.2238926866323],[35.3106944444442,41.2245201280387],[35.309997829861,41.2241612413198],[35.3097250027124,41.2252804904516],[35.3089110989036,41.2266463216148],[35.3063863118488,41.226663682726],[35.3016637844509,41.2286083984378],[35.3016695488823,41.2288916015628],[35.3002749972869,41.2294417317714],[35.2997785780162,41.2299582248268],[35.2961485799151,41.2319137912328],[35.2936182318791,41.2346991644969],[35.2931673177083,41.2356285264759],[35.2922139824759,41.2361195203995],[35.2909274631076,41.2347805447051],[35.290280558268,41.236113823785],[35.2894385782877,41.2363869900178],[35.2902749972872,41.2376209852435],[35.2899130588103,41.2393104383684],[35.2884900580509,41.2402750651045],[35.2866638861757,41.2388916015628],[35.2863902791338,41.2380485026045],[35.2857588704426,41.238705512153],[35.2839226786292,41.2377826605908],[35.281648542616,41.2372140842016],[35.2797770521371,41.237214898004],[35.2772914293075,41.2377001953129],[35.2769472249346,41.2380582682293],[35.2750027804903,41.2388916015628],[35.2740277777773,41.2390277777781],[35.2717152574326,41.2408138020837],[35.2700394524464,41.2412529839414],[35.2675498453771,41.2397298177086],[35.2597951422797,41.240517306858],[35.2588801574704,41.2411081271703],[35.2595595804847,41.2427620442713],[35.2577772861054,41.2431024848093],[35.2567272610135,41.2450868055558],[35.2577242872447,41.2460104709203],[35.2547205268009,41.2464211697051],[35.2533419799802,41.2476982964413],[35.2533455403645,41.2485023328997],[35.2521339586041,41.2489268663197],[35.2471984693737,41.2485845269099],[35.2445404730901,41.2486897786461],[35.2433915879989,41.2475298394102],[35.2417944166393,41.2474666341149],[35.240546722412,41.2478615993925],[35.2383667500811,41.249127604167],[35.2369391547306,41.251383463542],[35.2363298373749,41.253308105469],[35.2353054300942,41.2533487955732],[35.2347165256074,41.2525048828129],[35.2350767517088,41.248901638455],[35.2333174472382,41.2480715603302],[35.2325328063963,41.2472246636287],[35.2294724527994,41.2462942165802],[35.2256152513291,41.2464472113719],[35.2238436550562,41.2450054253476],[35.2232015652123,41.2453379991322],[35.2241242980956,41.2467670355905],[35.2249947102861,41.2472276475698],[35.227405259874,41.2475569661462],[35.2316290791826,41.2511349826391],[35.2317122904456,41.2532345920143],[35.2295741441512,41.2545437282989],[35.2250816345211,41.2561181640628],[35.2170159912106,41.2576372612849],[35.2131232028534,41.2591227213543],[35.204622955322,41.2598328993059],[35.2017757161456,41.259379340278],[35.2008378940156,41.2588831922746],[35.1969459025062,41.2580493164066],[35.1927329338921,41.2586105685766],[35.1899221971296,41.2600290256082],[35.188963656955,41.2610633680561],[35.18788386027,41.2616349283856],[35.1846447414819,41.2628282335072],[35.1836603122284,41.2638126627608],[35.1844230821393,41.2659890407988],[35.1844926283092,41.2677433268232],[35.1825200737844,41.2696321614586],[35.1830889723033,41.2723513454865],[35.1830399915904,41.2735872395836],[35.1833170064288,41.2749951171879],[35.1836164008244,41.2752723524309],[35.184743618435,41.2784879557295],[35.1846962992348,41.2796818033856],[35.1859784444169,41.2825271267365],[35.1853050062389,41.2850973849832],[35.1861434936521,41.2866818576393],[35.1866812642413,41.2897705078127],[35.1865940517847,41.2919707573787],[35.1869391547305,41.2930609809031],[35.1885480753577,41.2946332465281],[35.1902469380693,41.2974077690977],[35.1913290066186,41.3036425781253],[35.1896793111162,41.3054231770835],[35.1879414028588,41.3062882486985],[35.1836058213972,41.3105501302087],[35.1824539693193,41.3121207682295],[35.1816613769529,41.3124945746533],[35.1810522800018,41.3131521267364],[35.1797240024142,41.3136176215282],[35.1755795627165,41.3130710177957],[35.1739297654891,41.312492947049],[35.1722180006238,41.3124943033857],[35.1676371934676,41.3135129123266],[35.1652446292291,41.3143516232227],[35.1620862319994,41.3140729411141],[35.1581664031167,41.3142237037633],[35.1554526754288,41.3158820929058],[35.1553019127794,41.3166359061524],[35.1543973368836,41.3176912446979],[35.1524374224422,41.3185958205938],[35.1492714068061,41.3188973458925],[35.1480653056118,41.3196511591394],[35.1461053911701,41.3214603109314],[35.1442962393784,41.3220633615285],[35.1421855622878,41.3238725133204],[35.1423363249369,41.3252293771644],[35.144145476729,41.3283953928004],[35.1442962393784,41.3297522566442],[35.1430901381838,41.3312598831375],[35.1409794610933,41.3323152216827],[35.1400748851972,41.3336720855269],[35.1400748851972,41.3353304746695],[35.1418840369891,41.3372903891105],[35.1447485273264,41.3363858132146],[35.1482160682611,41.3339736108255],[35.1518343718447,41.3323152216827],[35.1530404730397,41.3312598831375],[35.1534927609877,41.3300537819428],[35.15288971039,41.3267370036578],[35.1521358971433,41.3247770892164],[35.1527389477407,41.3240232759699],[35.1546988621822,41.3238725133204],[35.159221741662,41.3225156494764],[35.1601263175581,41.3216110735806],[35.1607293681554,41.320404972386],[35.1607293681554,41.3187465832431],[35.1670134141708,41.3166308593753],[35.1682851664223,41.3166813151045],[35.1729793972436,41.3158639865454],[35.1740616014264,41.3158208550351],[35.1758386230466,41.316383463542],[35.1770496622719,41.3172167968754],[35.1809677802189,41.3169186740453],[35.1841018846297,41.3160007052954],[35.1845122612846,41.3134247504345],[35.1878335740827,41.3116194661462],[35.1900758531356,41.3117081705731],[35.1936164008243,41.3108387586808],[35.196883494059,41.3091745334204],[35.1983754645451,41.3088191731774],[35.1991401841903,41.30811062283],[35.2002724880639,41.3042635091148],[35.1998334757486,41.303639322917],[35.1973078579369,41.3027237955734],[35.1967893642847,41.3012445746532],[35.1974930318196,41.3005927191843],[35.1975587972001,41.2989331054691],[35.1971952819821,41.2985964626737],[35.1972448900008,41.2973448350699],[35.1952760993107,41.2893953450524],[35.1947169325082,41.2883387586809],[35.1936200459793,41.2845312500003],[35.1935542975529,41.2828721788196],[35.1947152540415,41.2817038302955],[35.1947165425618,41.2786064995661],[35.1990448845755,41.270142415365],[35.1999259101017,41.2691916232642],[35.2033386230464,41.2688943142365],[35.2048668077255,41.2676505533857],[35.2075602383082,41.2670868598093],[35.211115332709,41.2672279188372],[35.2150424702959,41.2658072916671],[35.2175151740176,41.2661450195317],[35.2174726867676,41.2672167968753],[35.2186462232797,41.2666837565106],[35.2196474541558,41.2656032986116],[35.2212724473741,41.2647433810766],[35.2222231377492,41.2647056749136],[35.2229287550183,41.2665177408857],[35.2243532477482,41.2670168728302],[35.2277447509765,41.265270996094],[35.2306969706215,41.2653879123268],[35.2327830674913,41.2647276475698],[35.2348277282711,41.2636455620664],[35.2361164008246,41.2633387586811],[35.2396608310274,41.260702039931],[35.2401177130803,41.2597341579864],[35.2408359273273,41.2597056749136],[35.2411689588756,41.2611037868929],[35.2428028021916,41.2594314236117],[35.2433966233991,41.2575558810766],[35.2452962917748,41.2541810438374],[35.24660917494,41.2534863281254],[35.248333333333,41.2540907118059],[35.2507275390622,41.2532516818579],[35.2520070902503,41.2541322157121],[35.2527407158743,41.2533403862852],[35.2533007473414,41.2533181423614],[35.2563852776418,41.2538945855037],[35.2574464925128,41.2538525390629],[35.2583452351885,41.2543280707471],[35.2583179389102,41.2536393229169],[35.2652925448946,41.2539059787329],[35.2658284166121,41.2533276367189],[35.2669198438853,41.2533707682294],[35.2676999749076,41.2525290256078],[35.2702830674909,41.2511165364586],[35.2732539028589,41.2483639865455],[35.2750045606821,41.248339029948],[35.2755502658418,41.2480501302088],[35.2809327867294,41.2469498697919],[35.2866170247391,41.2482082790803],[35.2897275119355,41.2477832031254],[35.2913023885088,41.2469498697919],[35.2922169325084,41.2473272026914],[35.2919312879773,41.2481114366321],[35.2888941786023,41.2489580620663],[35.2901199001735,41.2494390190975],[35.2925052897135,41.2491720920144],[35.2947279188365,41.2486162651912],[35.2947279188365,41.248050401476],[35.2938941786024,41.2476570638023],[35.294358215332,41.2468926323787],[35.2997275119355,41.2461165364585],[35.3003119235567,41.2458072916671],[35.3013930935327,41.2458276367192],[35.3029792277017,41.246383463542],[35.3036168077257,41.2458382161461],[35.3039608764646,41.2448792860247],[35.3029356892901,41.2423833550352],[35.3036168077257,41.2413935004343],[35.304493747287,41.2389889865455],[35.3052830674911,41.2386165364587],[35.306383599175,41.2374945746531],[35.3087885538734,41.2361016167538],[35.3096945868594,41.2360956488718],[35.3102912733286,41.2366484917537],[35.3097999742292,41.2380501302085],[35.3111666531029,41.2377728949655],[35.3124754163953,41.2363604058162],[35.3149609374999,41.2363628472226],[35.3155502658416,41.2375054253476],[35.3166719563799,41.2383279079865],[35.3176989407008,41.2399183485246],[35.3213941786023,41.240272352431],[35.3239324612085,41.2433430989587],[35.3247511461043,41.2450778537328],[35.3258492024736,41.2460951063371],[35.3269029744461,41.2483279079865],[35.3337281629772,41.2480178493928],[35.335293070475,41.2471899414064],[35.3388965521917,41.2465625000003],[35.3420995415579,41.2466894531252],[35.3433386230467,41.2463943142364],[35.3443953789603,41.2458349609379],[35.3461164008245,41.2455609809032],[35.3479310777449,41.2444498697919],[35.3501912773979,41.2455501302085],[35.3511231825084,41.245165744358],[35.3511054144964,41.2447173394102],[35.351612006293,41.244247775608],[35.3507730441623,41.2429486762156],[35.3494497341576,41.2417225477434],[35.3503209092881,41.240292697483],[35.3509896172414,41.2402661132817],[35.3522016059025,41.2420274522574],[35.3525161404078,41.2443288845488],[35.3544107394745,41.2452229817711],[35.3556878323022,41.2468467881946],[35.357772488064,41.2486165364586],[35.3586249118378,41.2488861762159],[35.3583242797848,41.2491647677956],[35.3586270480685,41.2497371419274],[35.3585948011608,41.2513840060767],[35.3591613769528,41.2522276475697],[35.3605720350475,41.2530569118927],[35.3605397542316,41.253870713976],[35.3622837320961,41.2549384223092],[35.3649332004118,41.2560563151046],[35.3661022949215,41.2568606228302],[35.3688391791447,41.2577270507816],[35.3700787014428,41.2583829752609],[35.3758335367836,41.259826931424],[35.3786156548391,41.2597165256078],[35.3791814507376,41.2600160047748],[35.3797265964081,41.2599943033856],[35.3881130303274,41.2634581163197],[35.3889310370549,41.2630251736114],[35.3944408501516,41.263616807726],[35.3960588921441,41.2636366102433],[35.397318759494,41.2631949869795],[35.4003603447807,41.2642738172745],[35.4011058213974,41.2652832031252],[35.4022798665362,41.2655626085072],[35.403297831217,41.2666612413196],[35.4036349317236,41.2695553196205],[35.4039918508744,41.2707450501235],[35.4060143927293,41.2726486189283],[35.405419527478,41.2734814302803],[35.4067282310312,41.2740762955317],[35.4093456381377,41.2741952685821],[35.4132717487972,41.2756229451853],[35.4151753176017,41.2757419182358],[35.4166029942052,41.2764557565375],[35.4182686169092,41.2780024061912],[35.4187445091104,41.2787162444931],[35.4191673448348,41.2805384657122],[35.4188916693789,41.2816693793405],[35.418064812554,41.2824639214413],[35.4180693223741,41.28442437066],[35.4158361138236,41.2859998914934],[35.4199745008678,41.2860861545143],[35.4208305528426,41.2877479383684],[35.4198171657985,41.2887811957467],[35.420541822645,41.2902750651045],[35.4216009521483,41.2888362630212],[35.423637763129,41.2891677517366],[35.4247302246089,41.2897306315107],[35.4266320122609,41.2896918402782],[35.4291694471569,41.2908306206599],[35.4298548041447,41.2915437825521],[35.433767293294,41.2922113715282],[35.4352802530923,41.2922192382815],[35.4369008721243,41.2927739800351],[35.439874098036,41.2928347439238],[35.4411398315429,41.2922205946182],[35.4420559014212,41.291267089844],[35.444715203179,41.2920171440976],[35.4447251044379,41.2925024414065],[35.4438952636715,41.2945483398439],[35.4438924153644,41.2964227973094],[35.4427805582679,41.2985812717018],[35.4440130276149,41.3019384765628],[35.4460081651471,41.3019791666671],[35.4464380560979,41.2984611002607],[35.4477055867509,41.2953361002609],[35.4480635918508,41.2935883246532],[35.4480628797739,41.2922797309031],[35.4468897840709,41.2899020724829],[35.4472194417314,41.2888861762157],[35.4477801513671,41.2877590603302],[35.4494523111974,41.285817057292],[35.4505787489147,41.2852707248267],[35.4522194417316,41.2838861762157],[35.454675971137,41.2827804904518],[35.4589095391165,41.2831882052954],[35.4613514200845,41.284413791233],[35.4624596489799,41.2855305989585],[35.465280558268,41.2863861762156],[35.4656379530161,41.2874875217016],[35.4671964518226,41.287519259983],[35.4679840426971,41.2867626953129],[35.4667902289495,41.2861835394967],[35.4661138916014,41.284207356771],[35.4665913560654,41.2836439344621],[35.4698834567595,41.283634168837],[35.4724689059784,41.2833468967017],[35.4733262125649,41.2825230577259],[35.4744032118052,41.2803032769099],[35.4777055867511,41.2790207248267],[35.4780583360455,41.2783360460072],[35.4784294297958,41.2756776258683],[35.4794226413301,41.2736306423613],[35.4810768975148,41.2725092230904],[35.4826981947155,41.2724761284724],[35.484919569227,41.2730455186636],[35.4871848212345,41.2730365668405],[35.4892388237845,41.2738696289068],[35.4944527859155,41.2744360351566],[35.4965058390297,41.2758279079862],[35.5009156629771,41.2752642144101],[35.5041480170352,41.2770659722226],[35.5045011732309,41.2795958116322],[35.5095986599388,41.2818720160593],[35.5102749972871,41.283848198785],[35.5097785101992,41.284434136285],[35.5081815592444,41.2848234049481],[35.5055583360457,41.2881784396705],[35.5059246826168,41.2906336805558],[35.5078879123261,41.2922271050351],[35.5088662380641,41.2952419704865],[35.5094515652123,41.2964119466149],[35.510011325412,41.2969498697921],[35.5086287095809,41.2982782660594],[35.5079792616099,41.3008827039933],[35.5069416639538,41.3013861762155],[35.5058361138236,41.3024810112851],[35.5066790093313,41.3027859157988],[35.5083366902666,41.302752278646],[35.5083304511174,41.3030582682295],[35.5098891194661,41.303564181858],[35.5077805582681,41.3051272243926],[35.5081959025063,41.3053613281253],[35.5094453938799,41.3047176106775],[35.5097222222221,41.3050056966149],[35.5102587551539,41.3044471571185],[35.5130209350584,41.3048925781253],[35.51341152615,41.3088861762156],[35.5143140326605,41.3085620117189],[35.5152869669594,41.306673448351],[35.5138262939451,41.304012044271],[35.5113615926102,41.3005851236983],[35.5122250027126,41.2994471571184],[35.5124974568683,41.2972176106773],[35.514125874837,41.2977750651045],[35.5160502454968,41.2974093967017],[35.5180333794486,41.2963878038199],[35.5218134901256,41.2960793728302],[35.5249035983613,41.2950217013891],[35.5285512627492,41.2953127712677],[35.5300186157226,41.2945570203997],[35.5313479953341,41.2954286024309],[35.5317378065318,41.2990166558162],[35.5335048082139,41.2985636393234],[35.5347194417315,41.2991528320315],[35.5344472249346,41.3000027126737],[35.5327855088975,41.3019821506078],[35.5327687581378,41.3028035481775],[35.5352636379665,41.3027525499134],[35.5360258992511,41.3046318901912],[35.5353330824105,41.3080143229169],[35.5373684692381,41.3083615451392],[35.5393777126736,41.3083205837675],[35.5411052788627,41.3087415907122],[35.5411139933267,41.3097249348961],[35.5400249905054,41.3108243815106],[35.5380589124889,41.3108078342016],[35.5380309719509,41.3121761067713],[35.5404327731658,41.3125672743059],[35.5416666666665,41.313202853733],[35.5441040717228,41.3119471571184],[35.5447262573238,41.3124408637156],[35.5447251044375,41.3130582682294],[35.5436079576278,41.3147062174482],[35.5432983059349,41.3156155056428],[35.5436437988276,41.3179796006947],[35.5422456868486,41.3205327690978],[35.5408361138235,41.322278917101],[35.5411743503143,41.3239377170142],[35.5419254218206,41.3247195095488],[35.5422250027124,41.3244471571185],[35.5424998643662,41.3219173177085],[35.5447373114689,41.319767523872],[35.5447141181096,41.3180748155386],[35.5472033013236,41.3144523111983],[35.5485920884869,41.3133360460072],[35.549989284939,41.3137809244794],[35.5500084431962,41.314719509549],[35.5486150105794,41.3160582139759],[35.5485859510632,41.3174829101567],[35.5510428534611,41.3187003580734],[35.5514131673177,41.3197821723093],[35.5513640340166,41.3221907552087],[35.5521878051755,41.3230479600698],[35.553326551649,41.3234176974829],[35.5533629692922,41.3252020941842],[35.5527815077039,41.3269007703996],[35.5531027899845,41.3294764539933],[35.5555480617944,41.3319099934898],[35.5561893039277,41.3338861762157],[35.5569416639536,41.3334594726567],[35.556665920681,41.3316406250004],[35.555844455295,41.3300461154516],[35.5555191718206,41.3281391059032],[35.5568398030599,41.3247328016497],[35.559986300998,41.3246687825522],[35.5608305528426,41.3272249348963],[35.5613920084633,41.3277644856772],[35.5613917711042,41.3283357747399],[35.5608361138235,41.329414605035],[35.5613360934786,41.3304950629343],[35.5641638861759,41.3327804904516],[35.5657201809351,41.333535698785],[35.5683110894096,41.3353735351566],[35.5686850992835,41.3380528428823],[35.5705907524952,41.3377275933163],[35.5716308593747,41.336728244358],[35.5726992458765,41.3350987413198],[35.5755413140189,41.331664496528],[35.5806157769098,41.3313886176219],[35.5822231038409,41.3297157118059],[35.5827834743922,41.3305555555558],[35.5824970838757,41.3308306206603],[35.5825134277341,41.3316305881078],[35.582218424479,41.3322384982642],[35.5800027804902,41.333691134983],[35.5803297254772,41.3349329969622],[35.5830185275607,41.3353081597224],[35.5834894476993,41.3382009548615],[35.5847250027124,41.339441731771],[35.5853888617619,41.3414876302087],[35.585952284071,41.3420738389761],[35.5916296386717,41.3426291232642],[35.5930524359807,41.3433194986982],[35.5930663384331,41.3439998372399],[35.5911138916013,41.3451586914068],[35.5929509819877,41.3458227539067],[35.5958041720917,41.3458140733511],[35.59747660319,41.34667561849],[35.5985925292966,41.3466528320316],[35.5996884494354,41.3472173394102],[35.60139465332,41.347633463542],[35.6013808865015,41.3483083767363],[35.6019034830726,41.3493855794274],[35.6036138916014,41.3497195095492],[35.6045956759979,41.3507413736983],[35.607408582899,41.3511338975698],[35.6090099419484,41.352219509549],[35.6119384765622,41.3515432400177],[35.6119575330943,41.350607367622],[35.6116642930771,41.3497035047747],[35.6108361138234,41.3489078776045],[35.6125556776255,41.3487703450524],[35.6143159993487,41.3496771918405],[35.6174547661673,41.3497146267363],[35.6186138916011,41.3499972873267],[35.619270087348,41.3513498263892],[35.6221596272784,41.3519417317711],[35.6227486843532,41.351474338108],[35.6234625922307,41.3500027126739],[35.6252478705508,41.3508306206598],[35.6266694471568,41.3505582682293],[35.6290810139971,41.3491693793406],[35.6311191134981,41.3502861870664],[35.6325080023869,41.3502864583337],[35.6340616183807,41.348669433594],[35.6356595187713,41.3478464084207],[35.6369862196178,41.3492013888892],[35.6369249131941,41.3522078450525],[35.6377722167966,41.3526443142363],[35.6407571750213,41.3531304253476],[35.6418026394311,41.3557809787329],[35.6430890570745,41.3562215169272],[35.6453267415362,41.3557630750872],[35.6471349419483,41.3569886610246],[35.6497079806856,41.356936306424],[35.6510268825951,41.3582628038199],[35.6541170925561,41.3577357313373],[35.6561191134981,41.360014105903],[35.6572079806856,41.3599918619795],[35.6577779134113,41.3605392795142],[35.6581049940322,41.3622146267364],[35.6597312418617,41.362247992622],[35.6597083875865,41.361126573351],[35.6609090847437,41.3602153862851],[35.664505615234,41.3594788953996],[35.6679007975259,41.3622195095489],[35.6684510633679,41.3603363715283],[35.669547729492,41.3599609375003],[35.6729030354816,41.3608045789934],[35.6752424452037,41.3608254665802],[35.6761455620658,41.3611187065976],[35.6772032335066,41.3622195095489],[35.6777054850259,41.3612972005212],[35.6780641682939,41.3590936957469],[35.6815846761066,41.3585793728303],[35.6833415391707,41.3591807725697],[35.6844470893009,41.3591696506079],[35.6856205240882,41.3576717122398],[35.6877369520396,41.3569471571183],[35.6888741048176,41.3577794053823],[35.6919880506726,41.3580840386289],[35.6930211046005,41.3591590711808],[35.6938916693792,41.3594417317711],[35.696316121419,41.3609667968752],[35.6988916693791,41.3613861762158],[35.7005093044702,41.3622195095489],[35.7018082682291,41.3616037326393],[35.7025925699866,41.3604074435768],[35.7063332790795,41.3597694227435],[35.7082471381293,41.3610666232644],[35.713058200412,41.3613859049481],[35.7141620551212,41.3621343315975],[35.7169388834635,41.3631998697918],[35.7195543077256,41.363625759549],[35.7204323323564,41.3649650065108],[35.7220979139538,41.3653917100697],[35.723048027886,41.3644788953997],[35.7242550320095,41.3617974175352]]]},"properties":{"id":"reservoir-gdw-1457","hesIds":["hes177-014"],"basinIds":["15"],"riverSystemIds":["river-system-005"],"damName":"Altinkaya","reservoirName":"Altinkaya Baraji","basinId":"15","source":"GDW","sourceId":"1457","sourceUrl":"https://services8.arcgis.com/oTalEaSXAuyNT7xf/ArcGIS/rest/services/GDW_v1_epsilon_gdb/FeatureServer/1","matchMethod":"name+coordinate","matchConfidence":"high","areaKm2":73.807,"validated":true,"validationNotes":"Turkey envelope; facility name, basin/river relation and coordinate distance check"}},{"type":"Feature","id":"reservoir-gdw-1571","geometry":{"type":"Polygon","coordinates":[[[36.3271960449219,37.3684765625007],[36.3284098307291,37.3678879123269],[36.3313609483506,37.3688978407123],[36.3328434244792,37.3688677300352],[36.3339081488714,37.3683192274311],[36.3344417317709,37.3672195095491],[36.3361862521701,37.3657763671881],[36.3399536132813,37.3637654622401],[36.3411697048612,37.3609190538199],[36.3431396484374,37.3593513997401],[36.3456439887152,37.3586138237852],[36.3480749511718,37.3605761718756],[36.348046875,37.3619525824658],[36.3491650390624,37.3630268012158],[36.3508425564235,37.3661195203998],[36.356323920356,37.3660983615457],[36.3591693793403,37.3641693793408],[36.3594516330295,37.3635880533859],[36.3610941569011,37.3619881184902],[36.3633188205296,37.3586121961811],[36.3646550835504,37.3581784396707],[36.3641583930122,37.3572140842019],[36.3641701931424,37.3566354709207],[36.3648345269096,37.3553455946186],[36.3661954752603,37.3546853298616],[36.3678190104167,37.3529956054693],[36.3677811686198,37.3505314127609],[36.3669417317709,37.3497249348964],[36.3666693793402,37.3489670138894],[36.3678142632378,37.3474584960942],[36.3689187282987,37.3469471571186],[36.3700080023871,37.3475084092888],[36.3706195746527,37.3474959309901],[36.3722195095487,37.3463590494796],[36.3713499620226,37.3455235460074],[36.3730749511719,37.3455588107644],[36.3743804253472,37.3469175889762],[36.3762322319878,37.34785264757],[36.3788374837239,37.3504682074658],[36.3801483832464,37.3508306206602],[36.3811083984374,37.349675021702],[36.3774579535591,37.347904459636],[36.3763916015624,37.346108398438],[36.375552842882,37.3458360460074],[36.3741693793403,37.3447195095491],[36.3708357747396,37.3441636827262],[36.3674433051214,37.3442331271707],[36.3652528211805,37.3405151367193],[36.3644357638889,37.3397303602436],[36.3644114854602,37.3374115668408],[36.3638130696615,37.3362500000006],[36.3641749403211,37.3355474175353],[36.3641560872395,37.3346175130214],[36.3625591362847,37.3340993923616],[36.361891547309,37.334767523872],[36.3619361707899,37.339708930122],[36.3625086805556,37.3413815646706],[36.3624864366319,37.3424712456603],[36.3629128689235,37.3437171766499],[36.3619417317709,37.344997287327],[36.3616693793404,37.3476242404519],[36.362891845703,37.352068413629],[36.3624918619793,37.3536292860248],[36.3625193956163,37.3549782986117],[36.3617546929254,37.3561064995665],[36.361250406901,37.3576603190109],[36.3602800835502,37.3585923936637],[36.3599976942274,37.3594631618929],[36.3591693793403,37.3605582682297],[36.3580007595486,37.361713867188],[36.3563453504775,37.3625170898442],[36.3549750434028,37.3636189778651],[36.3536083984374,37.3636140950526],[36.3501163736979,37.3579920789936],[36.3486083984374,37.3575027126741],[36.3444364420572,37.3552693684903],[36.3432288953992,37.3552940538199],[36.3410163031684,37.3558610026048],[36.3388656955295,37.3569514973963],[36.3367932128905,37.3590068901915],[36.3356816948784,37.362744411893],[36.334540608724,37.364427897136],[36.3330582682293,37.363842773438],[36.3344613986545,37.3610674370665],[36.3352810329861,37.3602799479171],[36.3352261013455,37.3597249348965],[36.3330970594617,37.3619409179693],[36.3313861762153,37.3622195095492],[36.3303594292535,37.362748209636],[36.3262674967448,37.3596598307297],[36.3244049750434,37.3543568250873],[36.3221710883245,37.3538121202262],[36.3199506293403,37.3524655490456],[36.3191601562499,37.3516427951394],[36.3160833062065,37.349978569879],[36.3149864366318,37.348305664063],[36.3150044759115,37.3474207899311],[36.3171093749999,37.346907552084],[36.3177806260851,37.3455579969624],[36.3177719455294,37.3451334635422],[36.3154570855034,37.3463259548616],[36.314447157118,37.3452750651048],[36.3124750434027,37.3438636610248],[36.3124701605904,37.3416693793408],[36.3110921223958,37.3427750651047],[36.3102229817708,37.3418972439241],[36.3086083984375,37.3411138237853],[36.3078484429253,37.3403621419276],[36.3049416775173,37.3399563259554],[36.3038916015626,37.3388633897575],[36.3005902777776,37.338930664063],[36.3002750651041,37.3386027018236],[36.2985970052081,37.3386078559033],[36.2986307779947,37.3369498697922],[36.294724392361,37.3340646701394],[36.2938916015624,37.3327370876741],[36.2945263671874,37.3308824327262],[36.2935789659287,37.3302612304693],[36.292295328776,37.3289252387158],[36.2919471571179,37.3274972873269],[36.2913861762152,37.3266693793408],[36.290808376736,37.3249595811637],[36.2891639539932,37.3233360460076],[36.2867475043402,37.3188416883685],[36.2847003851997,37.3174804687505],[36.2830582682292,37.3141639539935],[36.2822195095485,37.3130582682297],[36.2819471571179,37.3123980034728],[36.2841486273871,37.3116834852436],[36.2850082736545,37.3111008029519],[36.2849967447916,37.3105357530388],[36.2834890407986,37.3105666775179],[36.2816692437065,37.3119474283859],[36.2811836751301,37.3119373914936],[36.2796988932292,37.3108108181429],[36.2787887912326,37.3089347330734],[36.2755798339844,37.306280381945],[36.2752804904515,37.3044417317713],[36.2728297254774,37.2986539713547],[36.2705528428818,37.2983360460074],[36.2688861762153,37.2977804904519],[36.2677513292101,37.2969194878478],[36.2661033799912,37.2969531250005],[36.264861111111,37.2963132052957],[36.2636188422309,37.2969531250005],[36.2630529785155,37.2969414605039],[36.2602612304688,37.2980528428824],[36.2552750651042,37.2919471571185],[36.2539335123697,37.2899408637157],[36.2552804904513,37.2886138237852],[36.2566639539932,37.2863370768234],[36.2560426161025,37.2839130316845],[36.2552528211805,37.2827479383686],[36.2552894422742,37.2809583875874],[36.2565520562065,37.2803458658861],[36.2579338921441,37.2827832031256],[36.2583474392361,37.2827745225699],[36.2583367241754,37.2816411675353],[36.2599073621961,37.2816731770838],[36.2642159016926,37.2847523328999],[36.266376953125,37.2847083875874],[36.2677183702256,37.2857261827262],[36.2680559624565,37.2833081054693],[36.2692141384549,37.2806757269971],[36.2711276584201,37.2791585286463],[36.2733166503905,37.2788319227436],[36.272758517795,37.2777484809033],[36.2728143988716,37.2750081380214],[36.2695838758681,37.2717268880214],[36.2690277777778,37.2704166666674],[36.2685968695745,37.2708306206603],[36.2686139594184,37.2716693793408],[36.2680554199219,37.272205946181],[36.2677189127604,37.2739298502609],[36.266027560764,37.2747694227435],[36.2642610677084,37.276548665365],[36.2655405002169,37.2784361436637],[36.2646813964844,37.2791639539935],[36.2618991427952,37.2783257378477],[36.2580687120226,37.2777859157991],[36.2569820149739,37.277414008247],[36.2560853407119,37.2786303710943],[36.2544306098089,37.2786140950528],[36.2538808865017,37.27974717882],[36.2538917371961,37.2802804904519],[36.2519036187066,37.2816639539935],[36.2501326497394,37.2810576714415],[36.2497249348957,37.2820464409728],[36.2516916232639,37.282794867622],[36.2527750651042,37.284447428386],[36.2531650119358,37.2844392903651],[36.2536083984374,37.2858851453998],[36.2521847873264,37.2872528754345],[36.2500640190973,37.2882815212679],[36.2505506727429,37.2928814019102],[36.2486138237847,37.2941693793408],[36.2455202907986,37.2955634223096],[36.2440083821615,37.2955324978305],[36.2434464518229,37.2943744574658],[36.2425027126736,37.2949218750005],[36.2436477322048,37.2964306640632],[36.2458985731337,37.2963848198791],[36.2496752929687,37.2944561089415],[36.2515938313802,37.2938151041673],[36.2537017144098,37.2922154405387],[36.2542701551649,37.2922271050352],[36.2561191134982,37.2955805121533],[36.256114501953,37.2964195421012],[36.2569528537326,37.2972249348964],[36.2569250488282,37.2985894097227],[36.2579413519966,37.3000887044277],[36.25620578342,37.3012266710075],[36.2555287000869,37.3005219184033],[36.2538656955294,37.2997151692713],[36.2522789171007,37.298063693577],[36.2508657497829,37.2977804904519],[36.2502804904513,37.298808865018],[36.2522184244791,37.3000794813374],[36.2515646701387,37.3039122178824],[36.2494364420571,37.3038688151047],[36.2474721950955,37.3055691189242],[36.2465049913193,37.3055493164068],[36.2452560763888,37.3047026909729],[36.243095296224,37.3047469075525],[36.2413480631511,37.3038916015631],[36.2388703070746,37.304724663629],[36.2369329155816,37.3062961154519],[36.2357411024305,37.3054882812505],[36.2347138129339,37.3058398437505],[36.234733751085,37.3068153211812],[36.2371656629774,37.3076182725699],[36.2422249348958,37.306391601563],[36.2449382866754,37.3054630533859],[36.2467074924045,37.3072195095493],[36.2501112196181,37.3057633463548],[36.2495659722221,37.3047048611116],[36.2511305067273,37.3047368706602],[36.2518386501737,37.306196289063],[36.2535184733072,37.3049216037332],[36.2543800184462,37.3031458875873],[36.2557123480902,37.3027804904519],[36.2571204969617,37.3037350802956],[36.2574972873263,37.3052804904519],[36.2580639648436,37.3063807508686],[36.257659640842,37.3071655273443],[36.2580593532985,37.3083336046013],[36.2566465928819,37.311697319879],[36.2549974229601,37.3116636827262],[36.2544471571181,37.3119742838547],[36.2552189127603,37.3134722222227],[36.2522471788195,37.3154389105908],[36.2518200683594,37.3171907552088],[36.2502777777778,37.3166628689241],[36.2493984646268,37.3169639756949],[36.2486138237847,37.3177804904519],[36.2466605631509,37.3187282986116],[36.2466697862413,37.31918077257],[36.2478998480903,37.3191555447054],[36.2497486707898,37.317752821181],[36.2521857367623,37.3177699110248],[36.254163953993,37.3152750651047],[36.2547983127171,37.3150027126741],[36.2558306206597,37.3155853949659],[36.2552598741318,37.3166932508685],[36.2553076171874,37.3174972873269],[36.2579345703125,37.3150027126741],[36.259342719184,37.3159573025179],[36.2597195095486,37.3175027126743],[36.2606895616319,37.319745008681],[36.2619468858508,37.3197192382818],[36.2628651258681,37.3200336371533],[36.2624967447916,37.3216864691847],[36.2589659288195,37.3216143120665],[36.2555582682291,37.3230853949658],[36.2564204915365,37.3239138454866],[36.258314751519,37.323875054254],[36.2601954481336,37.324488661025],[36.2632534450956,37.3244262695318],[36.2640694173177,37.327319335938],[36.2648609754774,37.3289054361985],[36.264430202908,37.3297417534729],[36.262752278646,37.3297254774311],[36.2627932400173,37.3317279730909],[36.2636248101129,37.3324972873269],[36.2641639539931,37.3313861762159],[36.2648687065972,37.3308360460074],[36.2661143663193,37.3349769422748],[36.2661530219184,37.3391400824658],[36.2672249348958,37.3405528428825],[36.2674972873264,37.3418150499137],[36.2666417100695,37.3422300889762],[36.2650901963975,37.3421986219624],[36.2638914659289,37.3413859049484],[36.263466796875,37.341394585504],[36.264169921875,37.3427596028651],[36.2641437445747,37.3440402560769],[36.2623806423611,37.3444702148443],[36.2611138237847,37.345991210938],[36.2619906955294,37.3463861762158],[36.2653181966145,37.3444194878479],[36.2669643825954,37.3427639431429],[36.2678455946181,37.3427821180561],[36.2694228786893,37.3454389105908],[36.2697195095486,37.3468234592019],[36.2676726616752,37.3478361002609],[36.2663529459636,37.3492097981777],[36.2664100477431,37.3520100911463],[36.2669745551216,37.3531060112853],[36.2669386121962,37.3548722330735],[36.2655304633247,37.3555726453998],[36.2655494520398,37.3579361979173],[36.2629935709635,37.3592027452262],[36.2622195095487,37.3600084092887],[36.2599076334635,37.3603569878478],[36.2577690972222,37.3622140842019],[36.2577826605904,37.3628748914936],[36.2617047797308,37.3616590711811],[36.2623651801216,37.3616723632818],[36.2633306206596,37.3635606553826],[36.2606808810764,37.3638829210076],[36.2599928114149,37.3653008355039],[36.2588473849827,37.3664377170144],[36.2588920084636,37.3686222330735],[36.2613176812065,37.3692135959207],[36.2633306206596,37.374323459202],[36.2616824001735,37.3751228841151],[36.2613365342881,37.3779543728305],[36.259447157118,37.3805002170145],[36.2614674207899,37.3819978841151],[36.263002251519,37.3835953776048],[36.2633306206596,37.3852967664936],[36.2624913194443,37.3861029730908],[36.2625139702691,37.3872102864589],[36.2611717393663,37.3893451605908],[36.2616965060764,37.3902750651047],[36.2630129665798,37.3889048936638],[36.2641639539931,37.3883631727437],[36.2635066731771,37.3896389431429],[36.2665726725261,37.3887516276047],[36.2670284016928,37.3854866536465],[36.2689682345921,37.3842149522574],[36.2694417317708,37.3834543185769],[36.2672138129339,37.3799953884554],[36.2672333441841,37.3790361870665],[36.2661752658421,37.3764274088548],[36.2680855305989,37.3760544162332],[36.268003607856,37.3720372178825],[36.2685382758247,37.3709993489589],[36.2702950032552,37.3701470269103],[36.2702585177952,37.3683593750005],[36.2733481174046,37.3680571831602],[36.2744007703992,37.3669615342887],[36.274716389974,37.3623556857644],[36.2782123480903,37.3611138237853],[36.2795666503906,37.3620317925353],[36.2808360460069,37.3633306206603],[36.2818444824218,37.3648684353304],[36.2858360460069,37.3677750651047],[36.2865067545573,37.3687977430562],[36.2891628689237,37.3705392795144],[36.2904124620226,37.3734068467888],[36.2921252441405,37.3765093315977],[36.2911138237847,37.3776567925352],[36.2922356499566,37.379480523004],[36.2922026909723,37.3810975477435],[36.292781982422,37.3822222222229],[36.2924971516927,37.3827753363722],[36.2925109863281,37.3834554036464],[36.2938916015624,37.3852750651047],[36.294452718099,37.386674804688],[36.2944212510851,37.3882166883686],[36.2947481282553,37.3901326497402],[36.2963916015624,37.3911083984381],[36.2972363281249,37.3925138346359],[36.2980860731337,37.3924964735249],[36.2991434733074,37.3913959418408],[36.3002737087673,37.390847710504],[36.3022249348957,37.3880582682296],[36.3025105794271,37.386595865886],[36.3066639539931,37.3830528428824],[36.3127750651041,37.378608398438],[36.3245464409722,37.3746329752609],[36.3265006510417,37.3731781684033],[36.327568766276,37.3706618923617],[36.3271960449219,37.3684765625007]]]},"properties":{"id":"reservoir-gdw-1571","hesIds":["hes177-022"],"basinIds":["20"],"riverSystemIds":["river-system-013"],"damName":"Aslantas","reservoirName":"Aslantas","basinId":"20","source":"GDW","sourceId":"1571","sourceUrl":"https://services8.arcgis.com/oTalEaSXAuyNT7xf/ArcGIS/rest/services/GDW_v1_epsilon_gdb/FeatureServer/1","matchMethod":"name+coordinate","matchConfidence":"high","areaKm2":37.18,"validated":true,"validationNotes":"Turkey envelope; facility name, basin/river relation and coordinate distance check"}},{"type":"Feature","id":"reservoir-gdw-299","geometry":{"type":"Polygon","coordinates":[[[38.4373611111111,37.5895833333339],[38.4361870659723,37.5894398328998],[38.4343486870663,37.58871717665],[38.4336290147573,37.5873999023443],[38.434954698351,37.5875960286466],[38.4355376519099,37.5883512369799],[38.4371424696184,37.5887980143236],[38.4373611111111,37.5895833333339],[38.4377804904517,37.5897195095492],[38.4396771918407,37.5918847656256],[38.4413916015625,37.5922195095491],[38.4422526041669,37.5928030056432],[38.4442768012154,37.595694444445],[38.4455693901913,37.596108398438],[38.4461138237849,37.5949858940978],[38.4470472547747,37.5950048828134],[38.4475887044275,37.5966734483515],[38.4488791232643,37.5966471354174],[38.4499348958336,37.5980710177958],[38.451153700087,37.5980460611987],[38.4527555338544,37.5972211371535],[38.456140136719,37.5969449869799],[38.4543796115454,37.5952536349834],[38.4527772352433,37.5952861870666],[38.4518570963542,37.5928100585945],[38.4502777777779,37.5936238606777],[38.4491474066842,37.5930414496532],[38.4486138237849,37.5919417317713],[38.4478051757813,37.5915492078998],[38.447502712674,37.589968804254],[38.4494525824655,37.590008680556],[38.4500439453128,37.5887901475701],[38.4539008246529,37.5901730685771],[38.4538799370663,37.5891501193583],[38.4527750651046,37.5886138237855],[38.4524986436635,37.5874801974833],[38.4483932834203,37.5875244140632],[38.447149793837,37.5870987955736],[38.4463972981772,37.585547146268],[38.4458132595487,37.5849861653653],[38.441685384115,37.5849861653653],[38.4395738389758,37.5855528428825],[38.4390277777779,37.5844273546012],[38.4405400933162,37.5844582790805],[38.4435690646704,37.5826421440979],[38.4463661024307,37.5819604492195],[38.4469582790801,37.5816552734381],[38.4469373914931,37.5806233723966],[38.4442876519099,37.5802804904519],[38.4405251736113,37.58277452257],[38.4390277777779,37.5812160915805],[38.4380582682293,37.5822249348965],[38.4374055989585,37.5825417751744],[38.4357815212676,37.5830685763896],[38.4342911783855,37.5830672200526],[38.4348882378475,37.5819083658861],[38.4369916449656,37.5805292426223],[38.4392285156255,37.5796861436639],[38.4399972873265,37.5788861762159],[38.4408360460072,37.5786138237852],[38.4421549479167,37.5776131184901],[38.4424972873265,37.5770738389763],[38.4416417100697,37.576658799914],[38.4410457356772,37.5766707356777],[38.4382769097224,37.5780973307299],[38.4377804904517,37.5786140950527],[38.4364933268232,37.5786287434902],[38.4338639322919,37.5805634223098],[38.4324915907119,37.5805585394972],[38.4325067816843,37.5813075086813],[38.4310970052085,37.5822195095495],[38.4311143663198,37.5813693576396],[38.4330582682294,37.5797249348966],[38.4344471571185,37.577780490452],[38.434719509549,37.5769132486985],[38.4330137803822,37.5769482421882],[38.4315492078997,37.5784727647575],[38.4292420789934,37.5792396375874],[38.4288916015627,37.5813916015634],[38.4285812717015,37.5816639539936],[38.4269189453127,37.5808360460075],[38.4269376627604,37.5832470703132],[38.4251925998265,37.5826497395839],[38.4244626193578,37.5841547309033],[38.4236092122399,37.5850075954866],[38.4233360460071,37.5836083984382],[38.4230257161463,37.5833360460078],[38.4217662217882,37.5846470811638],[38.4210812717017,37.5880528428826],[38.419661729601,37.587321506077],[38.4191693793404,37.5883360460076],[38.417219509549,37.5886083984382],[38.4168779839414,37.5903580729175],[38.4159499782988,37.5912494574657],[38.4146815321183,37.5900027126741],[38.4128339301217,37.5919257269973],[38.4083306206599,37.5922195095491],[38.4070583767364,37.5928748914938],[38.4063916015627,37.593891601563],[38.4011838107642,37.5953515625006],[38.3994170464411,37.5966924370668],[38.3974812825523,37.5976570638026],[38.3957706705733,37.5980528428827],[38.3931418185767,37.5966984049486],[38.3927804904519,37.5954535590284],[38.3947287326392,37.5948212348097],[38.3970206705732,37.5932676866327],[38.3965079752606,37.5917694769972],[38.3984041341148,37.5913072374139],[38.3979275173611,37.5899148220492],[38.3999731445316,37.5889225260424],[38.4015831163197,37.5876386176221],[38.403390570747,37.5869257269972],[38.4058848741321,37.5866528320319],[38.4075436740453,37.5858162434901],[38.4086740451392,37.5846671549485],[38.4115388997398,37.5827888997402],[38.4124083116322,37.5809969075528],[38.4119254557293,37.5805582682298],[38.4104595269097,37.582084147136],[38.4075027126736,37.5830582682298],[38.4060921223958,37.5833306206604],[38.4055528428821,37.58276936849],[38.403840060764,37.5827739800353],[38.4033360460071,37.5791639539936],[38.4015861002606,37.5777294921882],[38.4011138237848,37.5745708550353],[38.4043755425349,37.5718725585943],[38.4047195095487,37.5708968098966],[38.4037339952262,37.5702804904521],[38.401655544705,37.5719582790804],[38.4006114366321,37.5719371202264],[38.3985940212675,37.5736306423618],[38.3966468641493,37.5736143663199],[38.3966967773438,37.5760606553827],[38.3961138237851,37.5772848849833],[38.3966704644097,37.5800018988721],[38.3947102864584,37.5816848415805],[38.3923882378472,37.5831453450526],[38.3914653862848,37.5826698133687],[38.3901247829862,37.5840304904522],[38.387326388889,37.5830726454001],[38.384812825521,37.5827845594624],[38.3833360460074,37.5816639539936],[38.382219509549,37.5813916015634],[38.3813631184897,37.5805362955736],[38.3785978190108,37.580541178386],[38.3766322157121,37.5825870768236],[38.375437011719,37.582178005643],[38.3738916015627,37.5799780273444],[38.3755984157988,37.5791501193581],[38.3791387261286,37.5785736762158],[38.3826101345488,37.5786444769973],[38.3821039496529,37.5771655273444],[38.3827693684898,37.5758740234381],[38.3791360134551,37.5752742513028],[38.3780718315976,37.5741663953999],[38.376663953993,37.5738916015631],[38.3763487413195,37.5722767469626],[38.3749972873267,37.5719471571189],[38.3747249348961,37.5713576931432],[38.3777973090278,37.5713856336812],[38.378444281684,37.570712348091],[38.3776538085941,37.5695461697057],[38.375971137153,37.5691360134556],[38.3755582682293,37.5684187825528],[38.3772306315105,37.5677693684901],[38.3772173394099,37.5671194118929],[38.3758306206598,37.5666693793408],[38.3741693793406,37.5652479383689],[38.3747583007814,37.564104817709],[38.3760253906252,37.5628873697923],[38.3742323133683,37.5618229166672],[38.3738916015627,37.5610592990459],[38.3776280381946,37.5589409722228],[38.3780528428821,37.5580300564243],[38.375733778212,37.5580775282124],[38.3733387586805,37.5593109809036],[38.3716639539932,37.5597195095494],[38.3705894639761,37.560272894966],[38.3693991427953,37.5605631510424],[38.3681778971356,37.5605381944453],[38.3674267578126,37.5589900716153],[38.3681111653648,37.557980414497],[38.3706944444447,37.5574761284727],[38.3731228298614,37.555804850261],[38.3727696397572,37.5544262695318],[38.3727745225697,37.5533078342018],[38.3699042426219,37.553366427952],[38.3694471571183,37.5526047092019],[38.3721245659724,37.552081976997],[38.3726828342016,37.5497911241326],[38.3722195095489,37.5488916015631],[38.3718736436635,37.5471207682298],[38.3713590494794,37.5466693793409],[38.3684977213543,37.5492553710944],[38.3666582573786,37.5483417426221],[38.3641693793404,37.5456765407992],[38.3655582682295,37.5450027126741],[38.3658306206601,37.544252115886],[38.3642062717017,37.5437250434035],[38.3638916015628,37.5428987630217],[38.3649815538196,37.5412909613722],[38.3638699001738,37.5402804904519],[38.363042263455,37.541142035591],[38.3612483723961,37.5411054144971],[38.3608360460073,37.5394949001744],[38.368326009115,37.5382606336813],[38.3688861762156,37.5373269314241],[38.3669417317711,37.5369471571186],[38.3661138237849,37.5363861762157],[38.364579264323,37.5360864257818],[38.3653683810766,37.5345543077264],[38.3707169596356,37.5328941514762],[38.3745128038195,37.533992784289],[38.3766878255209,37.5358610026047],[38.3784600151913,37.5370228407123],[38.3789127604169,37.5384179687505],[38.3788953993059,37.5401782226569],[38.379879014757,37.5405528428825],[38.3806675889758,37.5389274088548],[38.3800027126739,37.5368367513027],[38.3808851453996,37.5361138237852],[38.3833333333335,37.5367412651916],[38.3847306315106,37.5363831922749],[38.3847322591148,37.5346449110249],[38.3826519097223,37.5351782226568],[38.3801136610247,37.5341484917542],[38.379436577691,37.5327528211814],[38.3794395616323,37.5310083007819],[38.3776247829863,37.5304193793411],[38.3781719292537,37.5298933919277],[38.380803493924,37.5292521158859],[38.381436903212,37.5276459418408],[38.3825027126738,37.5269471571187],[38.3830528428819,37.5260856119797],[38.3814927842884,37.5261176215283],[38.3777590603301,37.5277916124138],[38.3768655056425,37.5277734375006],[38.375836046007,37.5271923828132],[38.3767428927955,37.5263210720493],[38.3794832356772,37.5255482313374],[38.3809450954863,37.5247951931431],[38.3820152452261,37.5226649305563],[38.3805143229171,37.521936848959],[38.3799693467883,37.5219479709208],[38.3791585286461,37.5227918836813],[38.3774777560765,37.5227574327263],[38.3769471571184,37.5216639539937],[38.3751421440974,37.5212239583338],[38.3736357964412,37.5200808376742],[38.3695076497398,37.5196771918411],[38.3681467013889,37.5203781467021],[38.3677696397573,37.5199858940979],[38.366666666667,37.5200084092888],[38.3663864474829,37.5194308810772],[38.3649359809031,37.5187272135423],[38.3654079861113,37.517811143664],[38.3669552951393,37.5183406575526],[38.3686406792539,37.517763943143],[38.3695779079864,37.5167884657124],[38.3700081380213,37.5172363281255],[38.3717711046007,37.5172384982647],[38.374019639757,37.5178146701395],[38.3747195095487,37.5177587890632],[38.3731287977433,37.5162304687508],[38.370853135851,37.5157864040805],[38.3694471571183,37.5147195095492],[38.3680525716147,37.5141693793411],[38.3680617947051,37.5137160915805],[38.3719525824655,37.5133355034728],[38.3705791558162,37.5119832356776],[38.36833062066,37.5116693793408],[38.3664900716149,37.510444335938],[38.3661138237849,37.5098516167541],[38.3670141601564,37.5094146050354],[38.3702861870663,37.509441460504],[38.3702734375001,37.5088088650179],[38.368613823785,37.5074915907124],[38.37168484158,37.508063693577],[38.3747195095487,37.5080257161464],[38.3738802083337,37.5063964843755],[38.3738821072051,37.5050778537331],[38.3702750651044,37.5047249348966],[38.3692588975698,37.5040361870667],[38.3680422634548,37.5044525824659],[38.3655848524307,37.5044637044278],[38.3633360460071,37.5038102213547],[38.3650865342884,37.5025124782994],[38.3689632161459,37.5021964518234],[38.3700404188368,37.50164171007],[38.3713180881077,37.5003729926223],[38.3775103081597,37.4995277235249],[38.3775298394099,37.4983360460077],[38.3793576388891,37.4991639539937],[38.3786081271703,37.4980579969626],[38.3786409505211,37.4975027126741],[38.380280761719,37.4983474392369],[38.3818568250871,37.4983151584207],[38.3804568142362,37.4962500000006],[38.3813861762155,37.494800347223],[38.3793104383685,37.4941267903654],[38.377219780816,37.4941696506084],[38.376298556858,37.4936949327264],[38.370385199653,37.4949972873271],[38.3683360460072,37.4936081271707],[38.3680417209203,37.4936140950526],[38.3673828125002,37.4949723307298],[38.3658143446183,37.4952750651049],[38.3644962565104,37.4939029947923],[38.3636615668403,37.4936138237852],[38.3633360460071,37.4952804904519],[38.362382541233,37.495590006511],[38.3603670247399,37.4955487738721],[38.3615877278647,37.4933360460077],[38.3580902777782,37.4942325846361],[38.356941731771,37.4925027126742],[38.3566693793406,37.4908034939241],[38.3575260416669,37.4899804687507],[38.3602731662329,37.4890695529521],[38.3637722439236,37.4883013237853],[38.3733699544273,37.4869430881081],[38.375013292101,37.4863807508687],[38.3763444010418,37.4864078776046],[38.3780482313372,37.4858246527785],[38.3788707139761,37.4858414713547],[38.3806358506948,37.4853889973966],[38.381973198785,37.485846896702],[38.3850805664065,37.4855655924486],[38.3872607421877,37.4861244032126],[38.3886029730907,37.4860970052089],[38.3902910698786,37.4866748046879],[38.3915250651044,37.486672363282],[38.3951671006944,37.4895193142368],[38.3955528428822,37.4901996527785],[38.3942258029516,37.4919485134556],[38.3927804904519,37.4919528537334],[38.3922515190975,37.4914021809903],[38.3918942599829,37.4943256293409],[38.3901293945315,37.4933360460077],[38.388613823785,37.4958474392366],[38.3900897894967,37.4958173285595],[38.390848795573,37.4969748263896],[38.3973958333335,37.4966406250007],[38.3988861762156,37.4969634331602],[38.3977558051217,37.4983490668409],[38.3950754123266,37.499002549914],[38.3938834635418,37.5013913302957],[38.3958360460071,37.5016639539937],[38.3963861762156,37.5021175130216],[38.3944417317711,37.502497287327],[38.3936081271703,37.5030528428826],[38.3936170789932,37.5034833441847],[38.3946213107639,37.5039705403655],[38.3949972873268,37.5046717664937],[38.3931979709204,37.5050230577263],[38.3942352973093,37.507445475261],[38.3950469292537,37.5066007486985],[38.3975027126739,37.5055582682298],[38.3990850151913,37.5044471571188],[38.3994417317713,37.5055962456602],[38.3970233832466,37.5079904513895],[38.3966693793404,37.5094634331604],[38.3977750651046,37.5105582682299],[38.4000298394101,37.5108306206603],[38.4011192491321,37.5102693684902],[38.4024829101567,37.5102973090283],[38.4051595052088,37.5080504014764],[38.4068522135418,37.5084006076395],[38.4082204861111,37.5075027126744],[38.4108013237852,37.5085495334207],[38.4111688910594,37.506292317709],[38.4130853949657,37.5058360460076],[38.4152804904516,37.5066639539937],[38.4160810004342,37.507884928386],[38.4164477539063,37.5097631835944],[38.4177216254345,37.5103811306431],[38.4166349283856,37.5119843207472],[38.4166965060766,37.5124972873268],[38.4177750651044,37.5119417317714],[38.4193505859378,37.5115576171881],[38.4197195095489,37.5119634331603],[38.4185970052086,37.5130417209209],[38.4191693793404,37.513886176216],[38.419441731771,37.5150027126742],[38.421391601563,37.5152750651049],[38.4216639539933,37.5159353298616],[38.419462619358,37.5166498480909],[38.417424045139,37.5178106011291],[38.4197200520835,37.5177636718756],[38.4199972873265,37.5183981662335],[38.4183251953127,37.519723849827],[38.4195071072051,37.5199972873269],[38.4221129014759,37.5186547851569],[38.4224972873267,37.5194471571185],[38.4234895833335,37.5200979275181],[38.4216427951389,37.5222979058166],[38.4216856553824,37.5252750651048],[38.4228472222225,37.5240660264764],[38.4236083984379,37.5224972873272],[38.425998263889,37.5198209635422],[38.4266967773438,37.5208862304693],[38.4266265190974,37.5243286132817],[38.4272542317711,37.5267781575526],[38.428613823785,37.5272195095494],[38.4293676757813,37.5280040147575],[38.4297195095488,37.5294471571188],[38.430672200521,37.5305528428826],[38.4297140842016,37.5266533745666],[38.4297314453126,37.5235769314244],[38.4316639539933,37.5205528428824],[38.4321421983508,37.5202804904522],[38.4330528428822,37.5216693793408],[38.4347249348959,37.5230528428827],[38.4349972873266,37.5248790147574],[38.4341639539933,37.5261083984379],[38.4338916015628,37.5272363281258],[38.4347417534722,37.5272189670145],[38.4366639539934,37.5252750651048],[38.4382123480906,37.5250027126742],[38.4395760091147,37.5259271918412],[38.4401388888894,37.5276616753478],[38.441030544705,37.5267333984381],[38.4413861762156,37.5252750651048],[38.4416807725694,37.5249918619796],[38.4424506293404,37.5250075954868],[38.4427750651045,37.5266693793409],[38.4432123480906,37.5269417317713],[38.4448722330732,37.5258165147575],[38.4458474392363,37.5258365885424],[38.445830078125,37.5266807725701],[38.4474972873266,37.5268215603306],[38.4455582682294,37.5295095486118],[38.4464119466148,37.5302750651047],[38.4500027126737,37.527780490452],[38.450611979167,37.52689561632],[38.4522306315107,37.5272273763027],[38.4522159830731,37.5279394531256],[38.4513438585071,37.5292263454867],[38.4508192274308,37.5297303602438],[38.4502750651043,37.5297192382819],[38.4497249348959,37.5300298394102],[38.4502821180557,37.5311113823791],[38.4497138129343,37.5319498697922],[38.4497526041671,37.5338438585076],[38.452253417969,37.5344409179693],[38.4522192382815,37.5327753363723],[38.4530655924483,37.5308192274313],[38.4550461154519,37.5291693793409],[38.4581624348962,37.530593804254],[38.4588861762157,37.5304462348097],[38.4576188151045,37.5283561197922],[38.4582926432295,37.5269471571187],[38.4566669379343,37.5275035264765],[38.4555303276913,37.5272121853305],[38.4555590820315,37.5249693467887],[38.4564089626739,37.5241528320319],[38.4588213433163,37.5237603081605],[38.4606127929689,37.5225458441848],[38.4620464409724,37.5222249348968],[38.4624972873265,37.5236138237855],[38.4629345703128,37.5238861762159],[38.465014919705,37.5224948459208],[38.4656944444448,37.5210940212681],[38.4666864691844,37.52111436632],[38.4666701931425,37.5225311957471],[38.467239312066,37.5236363389762],[38.4686366102433,37.5236078559033],[38.4685910373267,37.5213742404521],[38.4701855468752,37.5214067925355],[38.4705981445316,37.5201350911464],[38.4722894965281,37.5191311306431],[38.4741921657987,37.5191699218756],[38.4741701931425,37.521420084636],[38.476385904948,37.5213747829868],[38.4775192599828,37.5219585503476],[38.4782194010417,37.5234016927089],[38.4769558376739,37.5250670030387],[38.4792862955732,37.5259860568582],[38.4816802300352,37.5278027343756],[38.4816579861112,37.5288970269102],[38.4830387369794,37.5302235243062],[38.484724934896,37.5305528428826],[38.4854305013022,37.5312871636291],[38.4858848741321,37.5336149088548],[38.4872249348963,37.5352750651049],[38.4874972873266,37.5359901258686],[38.4866639539933,37.5372195095494],[38.4863758680556,37.5381073676222],[38.4863937717018,37.5389925130214],[38.4875027126738,37.5397195095492],[38.4879153103302,37.5414116753478],[38.4891691080733,37.5413859049487],[38.4899972873266,37.541696506077],[38.4892659505211,37.5431160481776],[38.4905032009549,37.5437163628479],[38.49083062066,37.5447249348965],[38.4925027126737,37.5463861762159],[38.4927750651044,37.5472249348965],[38.4936138237852,37.547497287327],[38.494096950955,37.5484931098096],[38.4934895833333,37.5496723090283],[38.4924812825523,37.549152832032],[38.4916525607641,37.5491699218757],[38.4916859266497,37.5508040364589],[38.4913804796009,37.5513970269105],[38.4913932291671,37.5520236545146],[38.493861762153,37.5526253255215],[38.4942369249135,37.5510869683167],[38.4958645290802,37.5511075846361],[38.4971457248266,37.5504475911463],[38.4982150607643,37.5515606011291],[38.4972056749133,37.5540494791674],[38.4972254774308,37.5550198025182],[38.4988701714411,37.5549861653655],[38.5004687500003,37.5555528428827],[38.4993250868058,37.5538655598964],[38.5014350043405,37.5530582682298],[38.5044417317711,37.5544634331605],[38.503214246962,37.5556429036466],[38.5044170464413,37.557977973091],[38.5030262586809,37.5584293619799],[38.5030257161462,37.5602750651047],[38.5012868923613,37.5594471571187],[38.5007392035592,37.561134711372],[38.4992778862848,37.5611048719624],[38.4980257161462,37.5583360460076],[38.4958360460072,37.5594742838546],[38.4974774848093,37.561051161025],[38.4977750651043,37.5617203776047],[38.497176106771,37.5622195095493],[38.4953927951392,37.561300726997],[38.4950027126738,37.5625027126745],[38.4941639539932,37.5630528428825],[38.4938916015629,37.5636140950528],[38.4932750108508,37.5636013454869],[38.4914130316843,37.5616634114589],[38.4902910698787,37.5616861979172],[38.4895844184032,37.5609841579866],[38.4888916015627,37.5615866427958],[38.4903268771703,37.5625276692715],[38.4916639539932,37.5639567057298],[38.4910864257814,37.5649972873271],[38.4893055555557,37.5637901475701],[38.4861064995664,37.5654739040804],[38.4861143663196,37.5658531358513],[38.4888278537329,37.5658463541673],[38.4892252604168,37.5674763997401],[38.4916693793406,37.567775065105],[38.4920125325525,37.5681320529519],[38.4924972873268,37.5692184787332],[38.4911064995662,37.5705547417541],[38.4916078016496,37.5715277777785],[38.491108398438,37.5724972873272],[38.4910457356773,37.5733306206602],[38.4940085177955,37.5710823567717],[38.4957489691845,37.571117892796],[38.4962776692709,37.5727468532992],[38.4981534830732,37.5733306206602],[38.4977533637157,37.572162272136],[38.4977826605905,37.570730523004],[38.4991693793403,37.5702804904521],[38.4997713216149,37.5693625217019],[38.5010807291669,37.5698106553826],[38.5016639539932,37.5686083984382],[38.5021785481772,37.5681138780388],[38.5032066514759,37.5696818033861],[38.5047355143232,37.5691585286463],[38.5055750868058,37.56917561849],[38.5055588107639,37.5705764431431],[38.5027926974831,37.5723898654521],[38.502224934896,37.574730631511],[38.502982855903,37.5747151692716],[38.5058523220489,37.572780490452],[38.5069441731774,37.5739168294278],[38.5073871527781,37.5713916015629],[38.5098849826392,37.5724047851569],[38.5105528428823,37.5713861762159],[38.5119471571182,37.5711138237853],[38.5122775607643,37.5697585720492],[38.5152539062502,37.5678073459207],[38.5161083984377,37.5692759874137],[38.5149074978303,37.5712565104174],[38.5133232964411,37.5724305555562],[38.5133368598093,37.5730867513029],[38.5139089626737,37.574197319879],[38.5160923936633,37.5741528320319],[38.5172303602433,37.5747390407993],[38.5172138129342,37.5755474175352],[38.5177189127606,37.5765277777783],[38.5170917426218,37.577745225695],[38.5158306206599,37.5780528428826],[38.5155582682294,37.5785636393236],[38.5186366102434,37.5780588107647],[38.5186300998266,37.5819417317715],[38.5193166775176,37.5812272135423],[38.5197593858509,37.5789591471361],[38.5205639648442,37.5777723524311],[38.5208954535593,37.5758824327264],[38.5225127495661,37.5754882812505],[38.5224858940976,37.5741693793409],[38.5236249457467,37.5735997178824],[38.5236081271703,37.5727750651048],[38.5248383246528,37.5721782769104],[38.5252750651044,37.5715646701396],[38.5233249240453,37.5702674696188],[38.5233363172745,37.5697138129347],[38.5247420247398,37.5697189670145],[38.5247024197051,37.5677802191847],[38.5256016710072,37.5675027126744],[38.5273882378474,37.5684231228307],[38.5280528428821,37.5692073567714],[38.5266731770835,37.5705327690979],[38.5263916015626,37.5711309136292],[38.5281198459203,37.571115180122],[38.529088541667,37.5733306206602],[38.5307592773439,37.5720627170146],[38.53114827474,37.5700702582471],[38.5322740342887,37.5697249348966],[38.5340372721356,37.5713861762159],[38.5349536132815,37.5694978841152],[38.5361195203996,37.5702880859381],[38.5361143663196,37.5719585503478],[38.5386306423615,37.5719411892367],[38.5391639539933,37.5713861762159],[38.5408672417537,37.571053602431],[38.5430677625869,37.5736176215284],[38.5417097981774,37.5742765299486],[38.5413916015628,37.5754242621533],[38.5430753580731,37.5758346896707],[38.5430140516496,37.5788346354172],[38.5436138237849,37.5797195095491],[38.5438861762156,37.5809781901048],[38.541331651476,37.5805425347228],[38.5401855468751,37.5805658637158],[38.5397249348959,37.5812131076395],[38.5413935004341,37.5817545572924],[38.5425084092884,37.5825103081603],[38.5424967447918,37.5830777994797],[38.5398318142365,37.5843706597228],[38.5408631727432,37.5852750651048],[38.5419949001739,37.5846921115458],[38.5436195203997,37.5847252061639],[38.5441639539933,37.5875027126742],[38.5452750651044,37.5886528862852],[38.5446923828129,37.5891639539936],[38.5431583658856,37.5883737521706],[38.5425027126738,37.5897249348966],[38.5405289713543,37.5908441840283],[38.5399972873266,37.5913972981778],[38.5386276584202,37.5913693576397],[38.5380582682293,37.5918644205734],[38.5400027126739,37.593341742622],[38.5442963324654,37.5933387586815],[38.5449972873265,37.5955962456604],[38.5438707139758,37.5966786024312],[38.5433254665801,37.5978027343757],[38.5433363172745,37.598341742622],[38.5439084201392,37.5983300781257],[38.5449712456599,37.597223849827],[38.5490256076391,37.5949232313375],[38.5497414822049,37.595291883681],[38.5502967664933,37.5964363606778],[38.5502718098962,37.5976500108513],[38.5485972764759,37.5986252170144],[38.5486140950522,37.5994468858513],[38.5482462565107,37.6005213758688],[38.5489515516497,37.6008306206603],[38.5514868164064,37.5995244683166],[38.551941731771,37.6007020399312],[38.5501681857641,37.601134440105],[38.5491693793406,37.6022441948793],[38.5508582899309,37.6030634223098],[38.5516639539933,37.603047146268],[38.5522417534726,37.6036244032124],[38.552183702257,37.6064748806431],[38.5505875651043,37.6080083550355],[38.5483146158857,37.6083783637159],[38.5477804904516,37.6088473849834],[38.5497249348962,37.6091639539937],[38.5504090711808,37.6095163302958],[38.5508306206598,37.6108740234381],[38.5502587890629,37.6125444878478],[38.550284559462,37.6138053385423],[38.5520811631945,37.6182341851135],[38.5525892469618,37.6186083984383],[38.5518815104168,37.6140614149311],[38.5522360568577,37.6130259874138],[38.5527804904517,37.6125027126741],[38.5541802300347,37.6099677191848],[38.5541579861116,37.6088807508686],[38.555286187066,37.608333333334],[38.5552693684896,37.6075081380214],[38.5562632921008,37.6050754123271],[38.5583306206601,37.604565429688],[38.5572249348961,37.6027471245666],[38.5583740234379,37.6022249348967],[38.5604725477431,37.6027709960943],[38.56083062066,37.601652832032],[38.5591894531253,37.600856662327],[38.5577530924482,37.5996972656255],[38.5563633897571,37.5997254774311],[38.5564005533856,37.5979039171015],[38.5580853949656,37.5975027126743],[38.559195963542,37.5980748155387],[38.5602802191843,37.5980525716151],[38.5645903862852,37.598886176216],[38.5637885199657,37.5973296440977],[38.5616612413195,37.5968109809033],[38.5589350043407,37.5957617187505],[38.5586138237851,37.5944224717888],[38.562049153646,37.5925412326398],[38.5631857638892,37.5931268988722],[38.5638861762155,37.5930148654521],[38.563094075521,37.5907009548616],[38.5653480360247,37.5897249348966],[38.5663861762155,37.5908471679694],[38.565082465278,37.5914794921882],[38.564724934896,37.5922520616327],[38.566742621528,37.5941905381954],[38.568798828125,37.5941487630215],[38.568329264323,37.5927769639765],[38.5686518012155,37.5922249348965],[38.5710169813369,37.5930343967021],[38.5724449327259,37.5920667860249],[38.5727750651044,37.591386176216],[38.5735696072051,37.5911138237854],[38.5738861762155,37.5930582682297],[38.5756041124134,37.594801161025],[38.576773546007,37.5930173068584],[38.5797683376741,37.5936083984381],[38.5814803059897,37.5927265082472],[38.5829535590279,37.5931041124138],[38.5833306206599,37.5939187282991],[38.5823996310765,37.5957259114588],[38.5808306206599,37.596108398438],[38.5795952690975,37.5967445204001],[38.578891601563,37.597518988716],[38.5799053276914,37.5985294596361],[38.5812057834205,37.5978594292542],[38.5826190863717,37.5991639539937],[38.5837049696181,37.5973345269104],[38.5847520616323,37.5966693793409],[38.5859741210939,37.5972989908861],[38.5849693467885,37.5987811957473],[38.5827802191844,37.5998434787334],[38.58133843316,37.6016989474835],[38.5814187282989,37.6030528428827],[38.5824972873267,37.602497287327],[38.585836046007,37.6022249348967],[38.5862014431427,37.6010989040807],[38.5872230360245,37.6011195204],[38.587924262153,37.5997249348964],[38.5886005316842,37.6024997287334],[38.5892686631948,37.6027750651049],[38.5902997504341,37.6012025282124],[38.5916799587677,37.6016748046883],[38.5926608615453,37.6016550021707],[38.5919162326391,37.5990817599832],[38.5902750651044,37.5977804904522],[38.5900027126739,37.5972336154521],[38.5915885416668,37.5963916015632],[38.5922195095489,37.5983360460077],[38.5932286241322,37.5994417317715],[38.5939488389759,37.5976155598966],[38.5946576605907,37.5972249348965],[38.5949972873265,37.6000027126743],[38.5955853949656,37.6002750651048],[38.5969444444447,37.5988606770839],[38.5984667968752,37.6004448784729],[38.6001888020836,37.5986528862854],[38.6027804904516,37.5983360460077],[38.6041639539932,37.5977750651048],[38.6058523220488,37.5975027126743],[38.6065304904516,37.598208550348],[38.6060639105907,37.5995716688374],[38.6062679036459,37.6002750651048],[38.6075203450521,37.5994259982647],[38.6074850802951,37.6011417643235],[38.6058477105039,37.6033322482645],[38.6047691514758,37.6036824544276],[38.6044471571184,37.6050027126742],[38.6033192274308,37.6052777777783],[38.6033550347224,37.6070385742195],[38.6016536458336,37.6075906032994],[38.5997683376738,37.6111083984383],[38.6013861762154,37.6102750651048],[38.6031656901043,37.6099275716152],[38.6027693684898,37.6091585286464],[38.6027894422743,37.60818467882],[38.6044566514759,37.6077783203132],[38.6052693684897,37.6061027018234],[38.6064952256947,37.605508083768],[38.6078805881079,37.6058631727436],[38.6088861762156,37.6058034939243],[38.607882758247,37.6048394097229],[38.6094585503475,37.6033251953133],[38.6102370876737,37.6033409288201],[38.6105471462675,37.6066674804692],[38.6114027235246,37.6069417317716],[38.6120779079864,37.6055498589416],[38.6125311957467,37.6055590820318],[38.613683810764,37.6061528862852],[38.6144417317711,37.6060921223967],[38.61329155816,37.6049395073791],[38.6122732204862,37.6029009331604],[38.6128024631079,37.6019471571186],[38.6144417317711,37.6030582682299],[38.6175198025177,37.6033319769972],[38.6174872504345,37.6049327256952],[38.6190866427954,37.6053225368929],[38.6194417317713,37.6075027126743],[38.6207074652781,37.6078114149311],[38.6225821940106,37.6092339409728],[38.6230528428822,37.610385470921],[38.6216368272572,37.6108306206606],[38.6205368381079,37.610263943143],[38.619651963976,37.6102821180561],[38.618613823785,37.6110256618931],[38.6197249348959,37.6113861762158],[38.6200472005211,37.6117214626742],[38.620971950955,37.6136276584207],[38.6205411783858,37.6144639756951],[38.618635525174,37.6144251844624],[38.6166780598959,37.6156122504346],[38.6166099717884,37.6166639539937],[38.6183319769969,37.6152739800353],[38.620836046007,37.6158306206604],[38.6213861762155,37.6166693793411],[38.6221175130209,37.6169417317715],[38.622499728733,37.6149837239588],[38.6233211263021,37.6141948784729],[38.6242355685769,37.6126543511291],[38.6262689887155,37.6119943576394],[38.6266639539933,37.6136138237855],[38.6280419921878,37.6152484809035],[38.629441731771,37.6175298394105],[38.6287885199655,37.6187978786898],[38.6291924370662,37.61918592665],[38.6316910807295,37.6191813151047],[38.632219509549,37.6202914767804],[38.6302804904517,37.6214025878912],[38.6313916015626,37.6219417317716],[38.631989746094,37.6240101454002],[38.6319146050349,37.6252750651049],[38.6307617187501,37.6246811252175],[38.6285229492191,37.6247268337681],[38.6280582682292,37.6253799099399],[38.6316639539933,37.626669379341],[38.6379267035593,37.6279618326828],[38.63833062066,37.629092610678],[38.6356041124133,37.6294733344189],[38.6333965386289,37.6303686523445],[38.6319468858508,37.6299971516933],[38.6306155056424,37.6300242784295],[38.6283040364586,37.6291474066848],[38.6266303168405,37.6291631401914],[38.6233192274308,37.6297279188374],[38.6233463541669,37.6310576714417],[38.6215855577259,37.6314013671882],[38.6197520616323,37.6313639322922],[38.6188897026914,37.6319485134554],[38.6173668077258,37.6314271375875],[38.6169471571182,37.6321012369799],[38.6177745225698,37.6336309136291],[38.6154416232642,37.6335833062072],[38.6132538519967,37.6328344726567],[38.6138300238719,37.6345174153652],[38.6129351128475,37.6353770616325],[38.6135655381946,37.6378363715284],[38.6124362521703,37.6383306206606],[38.611648763021,37.6363335503478],[38.6105528428821,37.635280490452],[38.609991590712,37.6341693793409],[38.6099951171876,37.635103488499],[38.6088842773439,37.6358318413635],[38.6098152669272,37.6379836697056],[38.6094387478299,37.6394528537333],[38.6085945638022,37.6394356282561],[38.607827148438,37.6378541395406],[38.6056393771705,37.6371180555562],[38.6048754882814,37.6379131401914],[38.6063997395837,37.6397291395407],[38.6063590494795,37.6411083984382],[38.603741590712,37.6397979058168],[38.5991693793405,37.6409635416672],[38.6033696831598,37.6414199490023],[38.6033200412328,37.6438406032992],[38.5978963216149,37.6453221299919],[38.5958306206598,37.6447249348965],[38.5948510742189,37.6440611436638],[38.5941693793403,37.6445929633252],[38.5953407118058,37.645161132813],[38.5969471571181,37.6455528428824],[38.5973288302953,37.6467289225267],[38.598377821181,37.6463699001743],[38.5997167968753,37.6463972981776],[38.6009166124134,37.6455840386292],[38.6043760850699,37.6448716905389],[38.6047292751736,37.644143473308],[38.6063351779516,37.6426005045581],[38.60752983941,37.6422249348965],[38.6088389756945,37.6428993055561],[38.6080468750002,37.6444367133253],[38.6080696614585,37.6461028374572],[38.6074810112849,37.6478222656256],[38.6075116644968,37.6493215603307],[38.6083452690974,37.6497195095492],[38.6098556857643,37.6456888834641],[38.6108257378474,37.6447566731776],[38.6117013888893,37.6420582411032],[38.6125474717886,37.6416478135856],[38.6147300889759,37.6416923014328],[38.6147257486982,37.6428082953566],[38.6155696614585,37.6436193847663],[38.6166807725696,37.6436142306865],[38.6166110568577,37.6470250108513],[38.6152907986112,37.6482934570321],[38.6172249348962,37.6486083984382],[38.6174972873267,37.650291883681],[38.614976671007,37.6502404785161],[38.6155664062503,37.6514198133686],[38.6177772352432,37.6513747829867],[38.6180528428824,37.6523243543844],[38.6168326822918,37.6531243218323],[38.6176101345487,37.654680040148],[38.6184353298614,37.6580528428826],[38.6190272352432,37.6562285698791],[38.6199183485247,37.6553725857211],[38.6192255316843,37.6540277777786],[38.6199161783856,37.6526874457471],[38.6222412109378,37.6519471571188],[38.6237744140626,37.653543023004],[38.6252750651045,37.6518423122836],[38.6238381618926,37.6513761393235],[38.6233360460072,37.6508034939242],[38.6241639539933,37.6490645345059],[38.6227305772571,37.6480007595492],[38.6219471571185,37.6463861762161],[38.6213837348094,37.6458447265633],[38.6217038302954,37.6439682345926],[38.622609320747,37.6433360460076],[38.6246796332466,37.6445914713547],[38.6249972873265,37.643581271702],[38.6242369249136,37.6421055772577],[38.6255756293404,37.6408196343323],[38.626491699219,37.6408382161464],[38.6269574652778,37.642274034289],[38.6269249131945,37.6438671875006],[38.6276586914066,37.6449495442716],[38.6268356662328,37.6482381184902],[38.6272360568577,37.6486083984382],[38.6277832031254,37.647480333117],[38.6291040039064,37.6475071885856],[38.628561197917,37.6496255154085],[38.6287372504342,37.649997287327],[38.6300135633683,37.647746175131],[38.6300089518234,37.6460861545145],[38.6308346896703,37.6452926974834],[38.6312204318579,37.6425027126744],[38.6335413953996,37.6439101833774],[38.6347528754344,37.6438854980474],[38.6372477213544,37.6413916015631],[38.6372186957468,37.6428089735248],[38.6362554253476,37.6451444498703],[38.6333178710942,37.6474347602001],[38.6333365885421,37.6483474392367],[38.6347214084204,37.6483192274311],[38.6349972873265,37.649196506077],[38.6342740885419,37.6506003146708],[38.63502983941,37.6516639539937],[38.6358639865454,37.650795898438],[38.6371503363718,37.6482198079432],[38.6379261610245,37.6472249348965],[38.638613823785,37.6483306206603],[38.6388861762157,37.6502804904521],[38.639444715712,37.650817192926],[38.6397195095488,37.6522249348965],[38.6405696614584,37.6524972873271],[38.6405639648438,37.6505635579434],[38.640273166233,37.6499993218321],[38.642107747396,37.6478141276047],[38.6408306206599,37.6475027126744],[38.6405582682295,37.646369086372],[38.6430050998266,37.6464189995666],[38.6440890842015,37.6458607313373],[38.6446280924482,37.6475217013895],[38.6470583767363,37.6474721950961],[38.649175075955,37.6469474283859],[38.6491758897571,37.6480916341154],[38.6508561197919,37.6497059461813],[38.6502785915799,37.6502825249573],[38.6488576931426,37.6495503743495],[38.6475642903649,37.6504271104609],[38.6480639648441,37.6513968912767],[38.6480520290803,37.6519812011725],[38.6458387586808,37.6519360351568],[38.6448925781255,37.6525774468322],[38.6455745442711,37.6542365180131],[38.6472696940106,37.6538020833341],[38.6488861762154,37.6524972873271],[38.6504237196183,37.6522249348965],[38.6494254557294,37.6545144314242],[38.6474972873266,37.6552750651046],[38.6466693793404,37.6558588324659],[38.6483930121531,37.6558235677089],[38.6500187174482,37.6549861653651],[38.6508474392362,37.6550031195753],[38.6508303493927,37.655841742622],[38.6500032552086,37.6558249240456],[38.6494471571183,37.6563536241325],[38.6516693793405,37.6566639539937],[38.6519425455731,37.658341878256],[38.6525138346356,37.6583302137593],[38.6533477105037,37.6566471354173],[38.6546704101567,37.6566741265196],[38.6549972873265,37.6549863009988],[38.6535772026913,37.6542974175353],[38.6536173502606,37.6523273383252],[38.6560622829864,37.6528279622402],[38.6580050998264,37.6555528428827],[38.6583572048611,37.6537491861984],[38.6607703993058,37.6543675401481],[38.6602750651044,37.6538916015633],[38.6600027126737,37.6530257161465],[38.6608612738716,37.6522007921014],[38.6602479383684,37.6511138237853],[38.6583333333337,37.6521001519103],[38.6568617078995,37.6513420952697],[38.657246636285,37.6502176920582],[38.6572081163197,37.6483327907994],[38.6586409505209,37.6480582682298],[38.6615850151915,37.6494150119364],[38.6638861762154,37.648112521702],[38.6606553819447,37.6474034288201],[38.6602804904517,37.6467522515198],[38.6613916015627,37.6463916015631],[38.6616639539933,37.6452530924484],[38.6605528428821,37.6436138237854],[38.6600425889757,37.6420412868929],[38.662332356771,37.641594238282],[38.661853841146,37.6406654188375],[38.6599506293404,37.6402014160165],[38.6593044704864,37.6388699001741],[38.6549763997398,37.6360138617629],[38.6550287543406,37.6334583875874],[38.6567976888023,37.6330270724831],[38.6588753255211,37.6330693901916],[38.6597276475698,37.6324915907124],[38.6603032769099,37.6325033908425],[38.6619864908857,37.6336443413636],[38.6646687825523,37.6333015950526],[38.6658289930559,37.6338991970492],[38.6668389214412,37.6328479003913],[38.6686409505212,37.6325027126742],[38.6698611111114,37.6331313747834],[38.6719607204864,37.632318115235],[38.6730862087678,37.6330810546881],[38.6730471462674,37.6349925401485],[38.6733523220489,37.6355528428826],[38.6749226888023,37.633979492188],[38.6758542209203,37.6344594997837],[38.6763861762154,37.6361300998271],[38.674944932726,37.637563069662],[38.6734719509551,37.6398098415806],[38.6730582682292,37.6427975802957],[38.6742694769968,37.6427728949659],[38.6754652235245,37.6395476616758],[38.6767686631945,37.6391693793409],[38.6777606879342,37.6406822374138],[38.6780528428822,37.6388699001741],[38.6774915907119,37.6383306206606],[38.6775054253476,37.6370989312071],[38.6800027126738,37.6361138237855],[38.6803260633683,37.6341288248705],[38.6819742838542,37.6333360460075],[38.6830693901913,37.6339002821185],[38.6830330403647,37.6356917317714],[38.6839119466148,37.6361182996967],[38.685795898438,37.6380790201829],[38.6864084201391,37.6377635362419],[38.6863693576391,37.6358467610685],[38.6870003255211,37.6346219889331],[38.6889442274309,37.6341693793409],[38.690552842882,37.6353024631082],[38.6893164062502,37.6371264648443],[38.6917469618058,37.6395336914068],[38.6910999891493,37.641128879124],[38.6894563802088,37.6419262695317],[38.6872249348958,37.6444471571185],[38.6849430338546,37.6452133517803],[38.6844471571183,37.6465817599832],[38.6865855577258,37.6458498806432],[38.6869574652782,37.6469962565111],[38.6869259982641,37.6493720160598],[38.6880528428821,37.6486083984382],[38.6891392686636,37.6482557508687],[38.6883360460072,37.646209038629],[38.6903634982641,37.6433900282126],[38.6914187282988,37.6430582682298],[38.6930582682292,37.6438861762158],[38.6935940212676,37.6444437662768],[38.6969528537327,37.6452750651048],[38.6969395616323,37.644619411893],[38.6955528428822,37.644169379341],[38.6952804904515,37.6433306206604],[38.6944417317709,37.6427804904519],[38.6938916015628,37.6417795138894],[38.6947333441842,37.6397044542106],[38.6962391493058,37.6389739312073],[38.6957424587677,37.63752319336],[38.6959901258681,37.6366693793408],[38.6972520616322,37.6375249565978],[38.7036027018231,37.6374803331169],[38.7043739149309,37.638656412761],[38.7059353298613,37.6397195095493],[38.7070521375871,37.6380582682298],[38.7080528428821,37.638662787544],[38.7073345269101,37.6414655219188],[38.7081575520836,37.6424972873269],[38.7089439561635,37.6412977430562],[38.7101036241322,37.6401837836377],[38.7108737521702,37.6405805121535],[38.7116585286459,37.641397569445],[38.7122591145833,37.6413853624138],[38.7122281901046,37.6387323676221],[38.7136897786462,37.6380582682298],[38.7148036024308,37.6395608181429],[38.7176717122397,37.6423600260425],[38.7191571723093,37.6442336697056],[38.7194417317711,37.6427369520404],[38.718376464844,37.6385030110683],[38.7189396158857,37.6374095323358],[38.7208360460073,37.6369471571187],[38.7219474283856,37.6363747829866],[38.7228922526043,37.6363940429694],[38.7222184244795,37.638055284289],[38.7230740017363,37.6414322916674],[38.7236249457467,37.6419417317715],[38.7244295247398,37.6402829318582],[38.7252861870664,37.639721272787],[38.7252446831598,37.6376873101136],[38.7266693793406,37.6372249348964],[38.7285454644099,37.6350794813377],[38.7300138346356,37.6347249348963],[38.7312220594619,37.6371351454],[38.7322412109376,37.6360742187506],[38.7322138129342,37.6347287326396],[38.7330693901914,37.6333177354605],[38.7369978841151,37.6317971462678],[38.7402069769968,37.6313916015633],[38.7427753363716,37.632502848308],[38.7436081271704,37.6324858940978],[38.7450054253475,37.6332057020408],[38.7452813042538,37.635278862848],[38.7446199544275,37.6369089084208],[38.7433094618056,37.6386360677091],[38.7408129882816,37.6385852050789],[38.7408517795141,37.6404867892803],[38.739441731771,37.6408306206603],[38.7391693793405,37.6412679036466],[38.7400051540801,37.6425005425353],[38.7395331488719,37.6429538302959],[38.7372138129343,37.6433314344625],[38.7372290039065,37.6440824381518],[38.7383520507815,37.6444467502176],[38.7391365559897,37.6452634006081],[38.7348562282987,37.6455626085076],[38.7353138563372,37.6464508734817],[38.7361138237852,37.6472195095493],[38.7364767795142,37.648337944879],[38.7373139105907,37.6495728895407],[38.7369037543404,37.6502750651047],[38.735616590712,37.6489352756084],[38.7334223090282,37.6486138237854],[38.7327804904516,37.6490866427958],[38.7344493272572,37.6501806640632],[38.7344414605039,37.6505664062507],[38.7363861762158,37.6516693793409],[38.7375339084204,37.651949191624],[38.7398489040799,37.6531250000005],[38.7402750651044,37.6544634331603],[38.7388753255212,37.6558407931863],[38.7383360460072,37.6575027126743],[38.7375027126741,37.6583360460077],[38.7366541883683,37.6586115180127],[38.7360980902778,37.6597573513461],[38.7338861762155,37.6608306206606],[38.7316417100696,37.662809380426],[38.7316750759553,37.6644463433167],[38.7299945746528,37.6647199164504],[38.7309950086808,37.6659830729171],[38.7299799262154,37.666958143447],[38.7291354709206,37.6669409179695],[38.7280368381078,37.666375054254],[38.726955295139,37.666397162544],[38.725183919271,37.6656787109381],[38.7256732855907,37.669507378473],[38.7240239800351,37.6700425889766],[38.7230582682295,37.6716693793408],[38.7222195095489,37.6719417317716],[38.7219474283856,37.6733466254347],[38.7208504231773,37.6744009060336],[38.7202747938368,37.6755529785161],[38.72028374566,37.6768191189244],[38.7188804796011,37.6775000000005],[38.7189027235244,37.6791512044279],[38.7180525716149,37.6805529785163],[38.7174254014759,37.6845541720928],[38.7163861762155,37.6855528428826],[38.7160218641497,37.6870464409728],[38.7147490776912,37.6882693142368],[38.7138438585073,37.6897819010424],[38.7131073676219,37.6904893663201],[38.7112632921011,37.6898581271707],[38.7100027126738,37.6909901258688],[38.7109190538196,37.6923418511291],[38.7104530164934,37.6932463921448],[38.7043877495661,37.6915483940979],[38.7034201388891,37.6888916015632],[38.7030536566843,37.6911423068582],[38.7008444552955,37.6910971408424],[38.699447157118,37.6922249348966],[38.6967789713546,37.6935194227438],[38.6952723524308,37.6938867187508],[38.6956016710074,37.6945256890198],[38.700170355903,37.6944325086813],[38.7023985460072,37.6929220920146],[38.7047195095489,37.6939405653218],[38.7028233506946,37.6957623969191],[38.702502712674,37.6980582682298],[38.7008360460072,37.7011138237855],[38.6994189453127,37.7013905164936],[38.6994531250002,37.7030635579434],[38.6980563693579,37.7044055175788],[38.6938861762155,37.7047195095492],[38.6932682291668,37.7050377061638],[38.693624403212,37.7064275444885],[38.6936051432294,37.7073693847664],[38.6919105360245,37.7077825249574],[38.6897138129344,37.7089142523878],[38.6878162977434,37.7088754611551],[38.6865521918405,37.7091994900179],[38.6858360460069,37.7114405653219],[38.6863926866321,37.7136120605476],[38.6858360460069,37.7150027126742],[38.6848573133682,37.715644395617],[38.6833406575521,37.717690429688],[38.6810891384551,37.7180528428826],[38.6802804904517,37.7163861762158],[38.6794026692712,37.7161138237855],[38.6788916015626,37.7166965060769],[38.6796031358509,37.7180777994797],[38.6812451171879,37.7191543240023],[38.6819417317711,37.7205202907992],[38.679386121962,37.7208771430128],[38.6775577799483,37.7222661675355],[38.6764371744793,37.7215064832904],[38.6760036892364,37.7228422037767],[38.6747417534723,37.7234544542109],[38.6727045355904,37.7230372450093],[38.6716582573785,37.7230585394973],[38.6716701931425,37.7236416286897],[38.6730645073786,37.7249812825528],[38.6730512152781,37.7256355794275],[38.6715272352433,37.7267651367193],[38.6702376302085,37.7258908420147],[38.6695562065973,37.7272953287766],[38.6647081163197,37.7272310384121],[38.6647273763024,37.7281750488288],[38.6669734700522,37.7286134168843],[38.6680528428822,37.729169379341],[38.6706084526911,37.7297393120664],[38.6716639539931,37.7309354654956],[38.6686138237851,37.7326547580301],[38.6702880859378,37.7347287326395],[38.6697195095488,37.7352750651048],[38.669444715712,37.7372420247401],[38.6666693793405,37.7371854654957],[38.6661027018232,37.7394527180997],[38.6645266384551,37.7394512261293],[38.6641693793405,37.7405775282124],[38.666907823351,37.742112630209],[38.6647195095488,37.7447195095493],[38.6643929036459,37.7453925238721],[38.6644528537327,37.7483323838982],[38.6636083984379,37.748886176216],[38.6630560980905,37.7517152235248],[38.6608129882815,37.7538701714416],[38.6608363172745,37.755013834636],[38.6622588433163,37.7557039388028],[38.6616693793406,37.7589983452697],[38.6628135850695,37.7608850097662],[38.662771809896,37.7629360622837],[38.6612459309898,37.7636763509121],[38.6602414279515,37.7652084689676],[38.6577699110243,37.765553521051],[38.6588861762154,37.766669379341],[38.6596009657121,37.7670163302958],[38.660868869358,37.7689501953131],[38.6608243815106,37.7711277940545],[38.6597195095491,37.7716639539936],[38.6591639539934,37.7722195095491],[38.6585970052084,37.7757021755648],[38.6588964843752,37.7792218695752],[38.6597195095491,37.7816856553825],[38.6588897026912,37.7824830457906],[38.6586138237848,37.7836138237855],[38.6569368489586,37.7867078993063],[38.6566587999134,37.7917442491326],[38.6552693684899,37.7952857801655],[38.6556675889759,37.7993566894538],[38.6538213433162,37.8008840603306],[38.6517504882814,37.8057168240024],[38.6481157769099,37.8097383626307],[38.6477804904517,37.8111138237854],[38.6462082248268,37.8134838867193],[38.6452004665803,37.8160392252611],[38.6435704210074,37.8172474500874],[38.6420106336806,37.8188711208772],[38.6409288194446,37.8192221408427],[38.6400189887156,37.8210972764765],[38.644485134549,37.8213861762158],[38.6477967664933,37.8202526855475],[38.6500246853302,37.8202631293408],[38.6482006835938,37.8217093912767],[38.6460940212676,37.8222229003912],[38.6452517361111,37.8230749511725],[38.6436083984377,37.823608398438],[38.6433360460071,37.8239143880214],[38.6447658962676,37.8238852267803],[38.6474085828996,37.8229805501309],[38.6517816840281,37.820503879124],[38.6528591579864,37.8190502929694],[38.6544750976563,37.8174625651048],[38.6555995008682,37.8151447211379],[38.6584312608509,37.816386176216],[38.6579817708337,37.8150728352871],[38.6566528320316,37.8133213975702],[38.6566699218753,37.8108139377178],[38.6572713216148,37.8102361382384],[38.6605582682294,37.8091693793411],[38.6620917426218,37.8076075575094],[38.6637337239586,37.8008719889329],[38.6648871527778,37.80055826823],[38.6669417317711,37.8013916015631],[38.6683417426216,37.8016639539937],[38.6683300781253,37.801095241971],[38.6664659288198,37.7998729112421],[38.6642008463544,37.7993207465284],[38.6637594943579,37.797510850695],[38.6654603407121,37.7947060818148],[38.667185872396,37.7947413465719],[38.6684442816844,37.7968608940978],[38.6691639539934,37.7960485839851],[38.6665595160594,37.7935464138462],[38.6669509548615,37.7885667588984],[38.6680815972223,37.7874806043842],[38.669724934896,37.7869471571188],[38.6727525499135,37.7845052083338],[38.6730704752608,37.7838494194884],[38.6737315538198,37.7791145833341],[38.6730582682292,37.7777315266934],[38.6743690321184,37.7751874457473],[38.6752210828994,37.7747249348965],[38.6769417317711,37.7761138237853],[38.6786303710939,37.7769585503479],[38.6798711480035,37.779163953994],[38.6805528428823,37.7777530924484],[38.6790001085072,37.7754623752176],[38.6780118815105,37.7749830457907],[38.6766533745661,37.773568929037],[38.6766908094618,37.7717297363289],[38.6790372721356,37.7711138237852],[38.6798399522571,37.7723299153652],[38.6816750759552,37.772775065105],[38.681657714844,37.7719277615023],[38.6794471571181,37.7708306206603],[38.6777810329863,37.7702898491761],[38.6772140842015,37.7694250488288],[38.6772328016494,37.7685038248704],[38.6797119140627,37.7667366536465],[38.6800878906253,37.7648102484816],[38.6808384874134,37.7644460720492],[38.6799910481772,37.7628012424051],[38.6800157335074,37.7615878634988],[38.6805628797746,37.7599895562073],[38.6798817274306,37.7586676703565],[38.6803027343754,37.757437879775],[38.6816864691843,37.7561083984382],[38.6816729058163,37.7534494357646],[38.6830531141495,37.7514131673183],[38.6833409288196,37.7502323404955],[38.6857055664067,37.7478824869798],[38.6864461263024,37.7440100097663],[38.6871421983508,37.7436138237855],[38.6882264539935,37.745267740886],[38.6914957682295,37.7484088812939],[38.6936455620661,37.7508789062506],[38.6943842230905,37.7522195095494],[38.6947195095489,37.7507708062071],[38.6937223307294,37.7478572591154],[38.6926334635421,37.7468111165371],[38.6922143554689,37.7455202907991],[38.6922186957466,37.7441361490891],[38.6913861762157,37.7433360460078],[38.6905582682293,37.7419417317714],[38.6897138129344,37.7413879394539],[38.6897322591149,37.74047498915],[38.6916718207469,37.7400021701395],[38.6904546440974,37.73728366428],[38.6916859266494,37.7352532280823],[38.6916634114587,37.7341472710512],[38.6911027018231,37.7336083984382],[38.6911219618058,37.7326571994363],[38.6939070638025,37.7321135796449],[38.6952750651042,37.7309887695319],[38.6933306206602,37.7294471571187],[38.6930582682292,37.72885904948],[38.6940679253474,37.7278888617627],[38.6983360460071,37.7266693793409],[38.6989298502605,37.7257638888894],[38.6997460937503,37.7232486979171],[38.6996861436634,37.720316297744],[38.7008580186634,37.7188644748268],[38.7024972873267,37.7180528428826],[38.7033631727433,37.717780490452],[38.7042732747397,37.7187276204432],[38.7049799262155,37.7216267903651],[38.7058553059899,37.7237848578567],[38.7057991536461,37.7265303548185],[38.7064103190106,37.7292472330736],[38.7080582682294,37.7308306206603],[38.70833062066,37.7319961208774],[38.7069398328994,37.7333323838983],[38.7078361002608,37.735072428386],[38.7088807508682,37.7360759819884],[38.7094417317712,37.7377210828999],[38.7077804904517,37.7400189887159],[38.7083363172744,37.7405528428826],[38.7086222330732,37.7428238932299],[38.7094742838544,37.7445142957904],[38.7094528537328,37.7466586642802],[38.7088872612852,37.7477563476569],[38.708613823785,37.751958143447],[38.7107546657991,37.7529968261726],[38.7113764105907,37.7555467393669],[38.7141653103302,37.7588689507385],[38.7144520399307,37.7600454372835],[38.7164675564239,37.7620431857645],[38.7174972873269,37.7636138237853],[38.7202419704864,37.7663271755651],[38.7208525933162,37.7672585720493],[38.7221497938372,37.7727353244363],[38.7231998697918,37.7737444390196],[38.7244417317709,37.7758360460078],[38.7251483832467,37.7761083984382],[38.7257275390627,37.774914550782],[38.7241834852434,37.770295817058],[38.7228588867192,37.7683416069887],[38.7235270182293,37.7663898383252],[38.7227750651045,37.765280490452],[38.722502712674,37.7641639539937],[38.7216639539932,37.76305826823],[38.7213916015629,37.7622195095491],[38.7186138237852,37.7616368272577],[38.7194471571183,37.7608360460076],[38.7199972873264,37.7598090277785],[38.7174867078996,37.7594002278651],[38.7174940321183,37.7576306152352],[38.7149956597223,37.7570214843757],[38.7150029839413,37.7566558159729],[38.7133249240451,37.755824788412],[38.7133371310766,37.7552294921883],[38.7144531250003,37.7530632866761],[38.7144352213543,37.7521927897143],[38.7156486002606,37.7510271538635],[38.7155257161461,37.7500027126744],[38.7137342664931,37.7509255642368],[38.7127804904517,37.7502479383687],[38.7141913519968,37.7471824815546],[38.7141617838544,37.745730523004],[38.7122005208334,37.7450941297748],[38.7122252061633,37.7438864474832],[38.7114813910592,37.7417138671881],[38.7147195095488,37.7412403700094],[38.7122249348963,37.739970160591],[38.7130118815107,37.7384427897143],[38.7121799045142,37.7380392795145],[38.7122186957469,37.7355250379781],[38.7110069444449,37.7343607584641],[38.7114472113716,37.7335059950094],[38.7132115342883,37.7318109809033],[38.7114010959203,37.7297502983947],[38.7105365668405,37.7282938639328],[38.7105642361114,37.7269364420579],[38.7094308810767,37.7258022732211],[38.7094593641497,37.7244139268672],[38.7102750651045,37.7236027018235],[38.7094441731771,37.7236196560335],[38.7091693793405,37.7230147298183],[38.7102210828993,37.7198626030821],[38.7088359917536,37.7188282606343],[38.7083360460072,37.7177479383686],[38.7091693793405,37.7169471571187],[38.7094417317712,37.7162403700091],[38.7078295898438,37.7154583062071],[38.7075027126737,37.7127315266935],[38.7085866970488,37.7106273057734],[38.7099793836808,37.710280490452],[38.7130528428822,37.7130582682299],[38.7158015950522,37.7146168348532],[38.7161083984379,37.7131058756518],[38.7138484700523,37.7124750434036],[38.7108403862849,37.7094676378044],[38.7105143229168,37.7087955729173],[38.7108444552953,37.707184380426],[38.7119474283856,37.7061244032125],[38.7119276258683,37.7051498752177],[38.7139043511286,37.7022060818151],[38.7155582682294,37.7016693793411],[38.7179286024308,37.7003043619796],[38.7196112738718,37.6972606065545],[38.720434570313,37.6969471571187],[38.7220583767361,37.69804796007],[38.7230528428821,37.6981122504347],[38.7216612413199,37.6963884819887],[38.7230742730035,37.6949408637161],[38.7230604383682,37.6926742892801],[38.7249972873266,37.6913861762159],[38.7258360460072,37.6911138237853],[38.7281363932294,37.6873076714418],[38.7289295789932,37.6869471571186],[38.7308262803822,37.6875964355477],[38.7336797417536,37.6898997667106],[38.7343785264761,37.6916639539937],[38.7347195095489,37.6903129069016],[38.7327750651044,37.6880582682299],[38.7325027126739,37.6866639539936],[38.7319417317713,37.6863916015631],[38.7316693793406,37.6855528428826],[38.7308219401044,37.685141601563],[38.7308403862851,37.6842439778653],[38.7322545030385,37.6833167860249],[38.7344973415799,37.6810278320319],[38.7349972873267,37.6799972873271],[38.7367062717016,37.6780158148878],[38.7383360460072,37.6772249348964],[38.7402804904516,37.6758360460075],[38.7405579969619,37.6749814181864],[38.7436374240454,37.6713416883688],[38.7444316948789,37.6688939073356],[38.7458360460072,37.667780490452],[38.7480726453995,37.6641231282558],[38.7491978624133,37.6630419921882],[38.750150010851,37.6630613878044],[38.7508007812502,37.6644029405388],[38.7518809678823,37.6649972873269],[38.7523871527779,37.6633360460078],[38.7552143012154,37.6644417317715],[38.7556445312501,37.6626763237854],[38.7564938693578,37.6631138780387],[38.7582717556428,37.664964192709],[38.7591693793407,37.6655528428826],[38.7594447157121,37.667242974176],[38.761654730903,37.6683151584207],[38.7622035047743,37.6688865831171],[38.7632280815974,37.6692190212681],[38.7636282009551,37.6700435384122],[38.7647531467017,37.6711244032125],[38.7647192382817,37.6727803548184],[38.7649199761287,37.6730528428825],[38.766186794705,37.6713216145838],[38.7638916015626,37.6649972873269],[38.762844509549,37.6639694552959],[38.7611824544272,37.6635641818584],[38.7606998697922,37.6620777723531],[38.7602577039934,37.6616529676655],[38.7591775173613,37.6616749403219],[38.7575393337676,37.6610104709208],[38.7582207573789,37.6596876356344],[38.7563864474828,37.6597250705303],[38.7553857421879,37.6593825954868],[38.7550027126739,37.6576843261725],[38.7605398220489,37.6577973090284],[38.7611083984377,37.657285834419],[38.7596910264758,37.6569402398009],[38.7586083984378,37.6558135308165],[38.7563408745664,37.6558295355908],[38.756401638455,37.6528503417975],[38.7605208333335,37.6522753906257],[38.7613132052953,37.6514507378478],[38.7580688476564,37.650383300782],[38.7609323459205,37.6455620659729],[38.7619520399307,37.6424655490457],[38.7629896375872,37.6414685058599],[38.7650588650177,37.6425344509556],[38.7649918619792,37.645820176867],[38.7653426106772,37.6468452962245],[38.7661309136285,37.6472276475699],[38.7661027018229,37.6486120605476],[38.7669634331602,37.6488861762158],[38.7681746419272,37.647668863933],[38.7674142795143,37.6465470377611],[38.7680642361112,37.6452855088981],[38.7680612521705,37.6440222167975],[38.7702943250872,37.6445945909296],[38.7712182617191,37.6460038248703],[38.7722583007817,37.6466857910162],[38.7770185004343,37.6466767035598],[38.7774972873267,37.6479345703132],[38.7755582682293,37.6489078776049],[38.7763850911459,37.6497021484382],[38.7766639539935,37.6504242621535],[38.7749972873267,37.6508306206606],[38.7747249348962,37.6516977267801],[38.7769745551217,37.651651882596],[38.7777750651042,37.6525119357646],[38.774441731771,37.653886176216],[38.7738335503475,37.6560424804696],[38.7740866427953,37.656386176216],[38.775029025608,37.6549487304695],[38.7773895941842,37.6544471571186],[38.7786083984378,37.6549433051223],[38.77546875,37.6593202039936],[38.7749701605905,37.660347629124],[38.7750078667539,37.662196587457],[38.7760370551217,37.6627750651048],[38.7766758897572,37.6605101182733],[38.7798464626737,37.6577050781256],[38.7808582899307,37.6572142198359],[38.7826174587676,37.6572501627609],[38.7835017903648,37.659975179037],[38.7819471571182,37.6631237792975],[38.7826923285591,37.6641639539937],[38.7833249240454,37.6622139485684],[38.7844585503476,37.6611028374572],[38.785015733507,37.6611142306863],[38.7861083984379,37.662780490452],[38.7867686631945,37.6630528428826],[38.7876245117189,37.6617475043408],[38.7897195095491,37.661223958334],[38.7863650173613,37.6607556152352],[38.7863972981773,37.6591676161031],[38.7855528428819,37.6586138237853],[38.7852804904513,37.65785780165],[38.7866943359376,37.6569308810772],[38.788876681858,37.6569753689242],[38.7891639539934,37.6564392089849],[38.7844417317713,37.6555582682301],[38.7824009874134,37.654265679254],[38.7819037543405,37.6532411024314],[38.7819476996529,37.6510913085945],[38.7836197916669,37.6511254882819],[38.7835864257814,37.6494783528653],[38.7861352539065,37.6491668023009],[38.7872409396704,37.6485972764763],[38.7902490234377,37.6485975477437],[38.7922195095486,37.6494471571187],[38.7958471679689,37.6497429741761],[38.7958249240455,37.6508342827698],[38.7966965060766,37.6511083984383],[38.7983257378474,37.6502690972231],[38.7999400499135,37.6503020562072],[38.8009559461807,37.6499542914504],[38.8049400499135,37.6499757215718],[38.8059860568578,37.6503337944885],[38.8063861762155,37.6518877495667],[38.8048160807294,37.6538328721795],[38.8072306315106,37.6547195095492],[38.8072026909724,37.6533525933165],[38.8096704101566,37.6503439670146],[38.814172092014,37.652077772353],[38.8150377061635,37.6533978949658],[38.8168644205731,37.6541639539938],[38.8179220920142,37.6525505913636],[38.8239409722226,37.6530630154085],[38.8298223198787,37.65301662869],[38.83083062066,37.6524972873271],[38.8338769531252,37.6518284776483],[38.8360291883682,37.6507198079434],[38.837355685764,37.6521002875439],[38.8382945421009,37.6511231825094],[38.8389908854169,37.6508360460075],[38.8396440972223,37.6524972873271],[38.841320258247,37.6512254503044],[38.8435435655385,37.6517952473963],[38.8457025824654,37.6532585991758],[38.8475168185766,37.6559832085509],[38.8474970160593,37.6569582790806],[38.8451470269097,37.6581355794276],[38.8435091145836,37.6575027126743],[38.8426264105906,37.6588490125873],[38.8370488823787,37.6594417317715],[38.834169108073,37.6586082628044],[38.8305721028647,37.6585746256516],[38.8246270073788,37.6592650010857],[38.8232221137154,37.6586138237853],[38.821062011719,37.6602529568149],[38.8186083984379,37.6605528428827],[38.8158515082471,37.6616497124575],[38.8141956922744,37.6627719455302],[38.81333062066,37.6630528428826],[38.8069417317711,37.6677750651047],[38.8047186957467,37.6697306315111],[38.8041354709205,37.6697186957472],[38.8030425347226,37.6691556803394],[38.8025027126739,37.6669417317715],[38.8021761067709,37.6666693793409],[38.8003466796878,37.6676117621533],[38.800002712674,37.6697249348965],[38.7997081163197,37.6702970377611],[38.7984629991324,37.6709010145407],[38.8005582682293,37.6733306206604],[38.8008894856773,37.6740132649746],[38.8004907226563,37.6751786295579],[38.7991528320315,37.6758447265632],[38.798836805556,37.6799235026048],[38.7997195095488,37.6816487630215],[38.7959090169276,37.6837164984814],[38.7955582682296,37.6844742838547],[38.7972195095488,37.6861519368496],[38.796653103299,37.6878065321188],[38.7966799587676,37.6891186523444],[38.7963446723094,37.6907554796012],[38.7966913519967,37.6914286295579],[38.7966617838544,37.6942701551657],[38.7955528428822,37.694997287327],[38.7949864366322,37.6958611382384],[38.7950048828126,37.6967701551656],[38.7963639322921,37.6976611328133],[38.7967428927955,37.6992160373269],[38.8007977973093,37.7009354654953],[38.8025138346358,37.7022376844624],[38.8024967447921,37.7030749511724],[38.8017084418404,37.7038323296448],[38.8001763237848,37.7027939181864],[38.7971384006079,37.7024637858079],[38.7940426974829,37.6996194118931],[38.7924701605905,37.6988916015633],[38.790668402778,37.6997195095493],[38.7879890950525,37.698632676867],[38.7863970269099,37.6994528537332],[38.7856344943578,37.6990600585943],[38.7851817491323,37.6981270345059],[38.7833504231773,37.6999564615891],[38.7829193793404,37.7008447265633],[38.7816642252605,37.7008361816414],[38.7804486762155,37.7002100965718],[38.7766476779518,37.7030528428825],[38.7751326497396,37.7016693793411],[38.7758235677087,37.7043652343757],[38.7719417317711,37.7049972873271],[38.7696638997398,37.7065090603304],[38.7683306206601,37.7069417317715],[38.7679831271703,37.7073031955301],[38.7666360134552,37.7103561740458],[38.7652750651044,37.7116639539938],[38.764934624566,37.7137542046447],[38.7630582682296,37.7150028483079],[38.7619420030385,37.7150028483079],[38.7613807508683,37.7147138129348],[38.7605712890628,37.7155562337244],[38.7588623046876,37.7158344184034],[38.7571975368924,37.7166920301655],[38.7564070638023,37.7183212619364],[38.7553133138023,37.7193720160595],[38.7536395941842,37.7224037000874],[38.7545635308163,37.7227750651047],[38.7555528428822,37.721108398438],[38.7593541124137,37.7170583767369],[38.7624218750003,37.716669379341],[38.7642317708335,37.721817626954],[38.7653138563371,37.7239508734817],[38.766653917101,37.7252381727437],[38.7675675455732,37.7273904079867],[38.7675111219621,37.7323471408425],[38.7690456814238,37.7347195095491],[38.7694417317712,37.7338480631516],[38.7688699001737,37.7321777343754],[38.768850640191,37.7252138943149],[38.7663986545141,37.7228580729173],[38.7661097547745,37.7210824924053],[38.7649989149309,37.7200153266064],[38.7643294270835,37.7165091959642],[38.7672249348961,37.7133360460078],[38.7677750651044,37.7119417317717],[38.7686528862849,37.7110507541239],[38.7693001302086,37.7097166612419],[38.7722398546009,37.7074758572055],[38.7783148871528,37.7053108723965],[38.7808360460073,37.7050027126745],[38.7819585503474,37.704151068794],[38.7836463758683,37.7036033799919],[38.7869916449653,37.7035789659295],[38.7877644856773,37.7027746582038],[38.788303493924,37.7027856445319],[38.7889108615456,37.7069417317715],[38.7908496093753,37.7027263726136],[38.7914154730903,37.7022249348964],[38.7953371853302,37.7046031358513],[38.794094509549,37.7082337782123],[38.7949145507816,37.7094417317713],[38.7954112413198,37.7079111056865],[38.7962898763024,37.7065676540805],[38.7981163194446,37.7056815592455],[38.7994398328995,37.7065786404088],[38.8006334092883,37.7069660102003],[38.8043796115455,37.7066181098095],[38.8064084201393,37.7080814615894],[38.8069417317711,37.7097249348965],[38.807443305122,37.710275065105],[38.8082552083336,37.7075027126743],[38.8099422200522,37.708782958985],[38.8102750651045,37.710879584419],[38.809319932726,37.7127336968322],[38.8101483832466,37.7130528428824],[38.8113891601566,37.7105796983515],[38.8116639539935,37.7083293999572],[38.8135894097224,37.7087238227001],[38.8153629557295,37.7100695800787],[38.81771484375,37.7092647298185],[38.8191639539932,37.7100112575962],[38.820027669271,37.7086938476568],[38.8224167209204,37.7083048502611],[38.8236409505212,37.7074750434035],[38.8260845269102,37.7075249565979],[38.8279036458337,37.7061446126309],[38.833181152344,37.7047249348965],[38.8336083984377,37.7054755316848],[38.8317160373264,37.7067161729607],[38.8308360460072,37.7080582682299],[38.8278824869793,37.7083471679693],[38.8264095052083,37.7093455674918],[38.8260986328127,37.7106203884554],[38.8249967447919,37.7127594672316],[38.8238604058162,37.7161782497838],[38.8239187282987,37.7166639539937],[38.8253165690106,37.7152091471362],[38.8263861762156,37.7124972873269],[38.8288726128475,37.7105554199226],[38.8311298285593,37.7101147460944],[38.8350881618925,37.7087599012593],[38.8374747721356,37.7069489203567],[38.8391954210072,37.7063753255215],[38.8400027126738,37.7063917371969],[38.8402750651043,37.7058196343322],[38.8383596462678,37.7048902723532],[38.8412445746529,37.7039271375874],[38.8448415798613,37.7035753038204],[38.8466227213545,37.7039401584206],[38.8489906141495,37.7022558593755],[38.8503219943577,37.7040519205736],[38.851758355035,37.7030782063808],[38.8539027235245,37.702780490452],[38.8545098198786,37.7040319824224],[38.8568912760421,37.7056229654955],[38.8561024305558,37.7063808865024],[38.8561306423614,37.7077644856777],[38.8555582682293,37.7083523220492],[38.8563891601567,37.7091505262594],[38.8566639539935,37.7105853949661],[38.8561083984379,37.7116639539938],[38.8552750651046,37.7144417317713],[38.855002712674,37.7164187282992],[38.8560351562504,37.7184227159295],[38.8555414496528,37.7188971625439],[38.8541281467018,37.7188682725702],[38.8547249348962,37.7194417317716],[38.8551025390629,37.7206053331168],[38.8541547309031,37.7227959526915],[38.8528795030384,37.7234145779088],[38.8524148220487,37.7267443847661],[38.849688856337,37.7287650553391],[38.8456499565976,37.7297496202263],[38.8422810872398,37.7296808539502],[38.8347195095488,37.7302750651048],[38.8315497504341,37.7311467827699],[38.8285915798613,37.7323467339415],[38.8235622829862,37.7355916341152],[38.8218874782987,37.7364042154954],[38.8222545030385,37.7381963433166],[38.8229701063369,37.738608398438],[38.8233401150176,37.7374678548184],[38.8259220377607,37.7362152777784],[38.8277859157988,37.7347106933601],[38.8305582682297,37.734169379341],[38.8326888020836,37.7332477484816],[38.8331130642363,37.7323727756082],[38.8355284288199,37.7315890842021],[38.8384844292536,37.7319668240023],[38.8436059570315,37.7318623860683],[38.8449972873266,37.731386176216],[38.8491693793405,37.7308360460077],[38.8541837565106,37.7288916015632],[38.857626953125,37.7335340711812],[38.8583227539065,37.7363882107211],[38.8589314778646,37.7366639539937],[38.8589021809897,37.7330942111551],[38.8586140950524,37.731378038195],[38.857329915365,37.7307549370665],[38.8554155815974,37.7278351508253],[38.8563861762154,37.7249972873271],[38.8574972873268,37.7236083984382],[38.8586271158857,37.7228675672749],[38.8585864257814,37.7208730740026],[38.8591669379343,37.719746365018],[38.8594656032988,37.7173018391934],[38.8608306206599,37.7166547309034],[38.8586027018232,37.715824788412],[38.8586181640628,37.7150725640196],[38.8603133138022,37.7128385416672],[38.8598068576389,37.7118554687505],[38.8606119791669,37.7098706054696],[38.862780761719,37.7094471571186],[38.8627671983509,37.7087843153218],[38.8602167426218,37.7077421061205],[38.85887749566,37.7045872667106],[38.8588921440974,37.7038694932733],[38.8594528537328,37.7033306206603],[38.8594395616324,37.7026749674486],[38.8580528428822,37.7022249348964],[38.8574858940975,37.7011031087247],[38.8575035264759,37.7002465820319],[38.8581399197053,37.6990112304697],[38.8636127387154,37.698329942492],[38.8647658962674,37.6989058430996],[38.867204589844,37.701322835287],[38.8674972873266,37.7022249348964],[38.8683363172747,37.7033307562942],[38.8683482530385,37.7044749620232],[38.8694281684029,37.7055556911899],[38.8708360460074,37.7058306206604],[38.8738861762154,37.7097249348965],[38.8774595811633,37.7123640950528],[38.8778700086808,37.7136290147575],[38.8806835937503,37.7135716417108],[38.8818383789065,37.7158645290806],[38.8810034179689,37.7170963541673],[38.8786382378474,37.716612006294],[38.878336046007,37.7171366373704],[38.8798665364583,37.7176333279086],[38.8804139539931,37.7182028537333],[38.8820638020835,37.7176380750875],[38.884325900608,37.7157390679262],[38.8862500000004,37.7170431857644],[38.8866639539932,37.7183690049922],[38.8854882812502,37.7212673611118],[38.8830398220489,37.7216659884987],[38.882245279948,37.7224928114155],[38.88144124349,37.7228830295145],[38.8811138237849,37.7238916015631],[38.8802989366321,37.7250941297748],[38.8809084743927,37.7268752712681],[38.8818644205732,37.7272195095493],[38.8829657660593,37.7255395507819],[38.8847029622398,37.7255749511725],[38.886223687066,37.7244212510855],[38.8878138563371,37.7244536675353],[38.8890098741323,37.7256985134553],[38.8885210503475,37.7285641818582],[38.8890866427953,37.728886176216],[38.8902802191842,37.7270657009556],[38.8916693793407,37.7263916015629],[38.8922924804691,37.7254413519973],[38.8916569010421,37.7238747829867],[38.8899972873267,37.7233360460076],[38.8891528320316,37.7227636718758],[38.8891441514759,37.7201509602872],[38.8894875759549,37.7174640570751],[38.8914542643232,37.7175042046448],[38.8946310763891,37.7191407606343],[38.8964184570315,37.7197360568581],[38.8978184678823,37.721108398438],[38.8988861762155,37.7199972873273],[38.899469401042,37.7197142198357],[38.900226779514,37.7197296820755],[38.903276638455,37.7221915690112],[38.9058382161461,37.7237821451831],[38.9058268229169,37.7243405490456],[38.9008808051219,37.7256083170579],[38.8997249348961,37.7263916015629],[38.8977750651045,37.7266639539936],[38.8971118164066,37.7270054796015],[38.8956358506948,37.7265002441413],[38.8934361436635,37.7270639377177],[38.8930514865453,37.7286423068584],[38.8892233615454,37.7323748101138],[38.8883778211809,37.7340555826827],[38.8864648437504,37.7353097873271],[38.8861138237849,37.7363916015632],[38.8847791883682,37.7380451117628],[38.8827734375001,37.7385340711814],[38.8827853732641,37.7391259765635],[38.8850260416669,37.7394906955303],[38.8869411892364,37.7441860622839],[38.8859716796878,37.745117458768],[38.8852579752609,37.7469746907559],[38.8803024631079,37.7498326280389],[38.8783756510419,37.7512946234817],[38.8780582682294,37.7538916015632],[38.8759860568579,37.7562749565978],[38.8751595052088,37.7596656629781],[38.87583062066,37.7618644205735],[38.8744417317711,37.7627750651046],[38.8736138237849,37.7641693793411],[38.8689469401046,37.7691160753046],[38.8669146050352,37.7694417317717],[38.8658360460072,37.768886176216],[38.8627750651042,37.7686138237852],[38.8624918619793,37.768030192058],[38.8608688693579,37.7680632866759],[38.8602804904517,37.7685607910162],[38.8621476236981,37.7689252387161],[38.862542588976,37.770142550999],[38.8641693793406,37.7711083984384],[38.8645136176216,37.7728715006517],[38.8654454210072,37.7737666829436],[38.8666704644099,37.7741642252611],[38.8662928602432,37.7760076226134],[38.8647195095489,37.7769417317714],[38.8623746744793,37.7807335069451],[38.8574159071185,37.7841322157125],[38.8517990451393,37.785587565105],[38.8501950412328,37.7876108127176],[38.8504033745663,37.7880528428827],[38.8533574761286,37.7861943901915],[38.858613823785,37.7850027126744],[38.8642274305555,37.7817617458775],[38.8652983940975,37.7799576822924],[38.8659600151912,37.7772435167107],[38.8678450520836,37.7769367133253],[38.8697073025177,37.7749985080304],[38.8750268554692,37.7744447157122],[38.8759244791667,37.773510742188],[38.8775680881078,37.7741851128479],[38.8801790364586,37.7741844346795],[38.8815204535593,37.7750938585075],[38.8819417317711,37.7763916015631],[38.8823524305557,37.7766639539937],[38.8838924153649,37.7738747829869],[38.8854258897571,37.7728956434471],[38.885863715278,37.7697606065546],[38.887728135851,37.7694471571188],[38.8936138237849,37.7719417317714],[38.8944580078126,37.7725138346361],[38.8964054361982,37.7725088161898],[38.8969417317712,37.7736138237852],[38.8977975802954,37.7738861762158],[38.8977709960942,37.7725885687939],[38.8989029947919,37.772221272787],[38.898882107205,37.7711953396275],[38.8944398328994,37.7699119737418],[38.8933360460073,37.7691639539937],[38.8919108072918,37.7688856336812],[38.8913916015627,37.7683143446187],[38.8925363498266,37.7672144911032],[38.8947471788197,37.7668633355042],[38.8970358615455,37.7653805881084],[38.9002832031255,37.764588894315],[38.901527777778,37.7639477539071],[38.9035590277781,37.7649943033862],[38.9067909071181,37.7655528428827],[38.9115931532122,37.7642319064677],[38.9134670681424,37.7638661024311],[38.9151104058161,37.7638996039503],[38.9155528428821,37.7653088378913],[38.9113916015627,37.7654345703131],[38.912372775608,37.7668817816847],[38.9147637261289,37.7672709147141],[38.9147157118056,37.7696183268235],[38.9127750651045,37.7699972873269],[38.9119577365454,37.7708477105043],[38.9100507269966,37.7708089192715],[38.9085603841147,37.771413302952],[38.9052465820317,37.7713924153652],[38.9041373697921,37.7719637044279],[38.9022507052952,37.7719251844625],[38.9013916015629,37.7723790147574],[38.9036300998266,37.7753252495668],[38.9066191948788,37.7750131564675],[38.9082202148439,37.7771729871969],[38.9089086914063,37.7774972873272],[38.9088937717016,37.7754584418408],[38.9103838433161,37.7759684244798],[38.9119666883682,37.7747675238722],[38.9136518012155,37.7744471571186],[38.9162727864588,37.7771748860684],[38.9169417317709,37.7774701605909],[38.9163861762157,37.7763916015631],[38.9160720486113,37.7744622124572],[38.9180582682295,37.7733360460076],[38.9183357747398,37.7724814181863],[38.9200027126738,37.7708360460077],[38.9209220377609,37.7686044650616],[38.9230639648442,37.7683283148877],[38.9230506727433,37.7676749674484],[38.9214350043406,37.7671507432731],[38.921113823785,37.7658143446185],[38.922242296007,37.7647302246099],[38.9221975368928,37.7625339084207],[38.9272412109379,37.7617096625442],[38.9272254774307,37.7636309136292],[38.9302354600696,37.7635694715718],[38.9322360568579,37.7652948676222],[38.9322192382814,37.7661249457471],[38.9303578016497,37.767050509983],[38.9302210828996,37.7691639539937],[38.9321603732643,37.7675986056864],[38.9330807834203,37.7680727810335],[38.9330430772571,37.7699146864156],[38.9308203125003,37.7725623914937],[38.9308138020838,37.7744280327697],[38.9313088650178,37.7749972873269],[38.9334559461809,37.7719787597662],[38.9352750651046,37.7713590494797],[38.934718153212,37.7702781846796],[38.9350518120662,37.7694471571188],[38.9373347981774,37.7700324164502],[38.9394417317712,37.7699701605908],[38.9385153537328,37.769080132379],[38.9357400173615,37.7679020182298],[38.9352804904515,37.7669224717887],[38.9372279188369,37.76597764757],[38.9372162543404,37.7654083930127],[38.9355528428821,37.7650027126742],[38.9339065212675,37.7627190483948],[38.9347097439237,37.7611596679693],[38.9327804904516,37.7607816569017],[38.9342097981772,37.7594085015196],[38.9363161892365,37.7594514973965],[38.9381122504342,37.7608140733515],[38.9392339409726,37.7596464029954],[38.9409144422745,37.7602216254348],[38.9416748046878,37.7594302029085],[38.9416419813373,37.757817518447],[38.942103135851,37.7569222005216],[38.9441422526043,37.7569638400614],[38.9459141710072,37.7558892144103],[38.9467846679689,37.7567952473966],[38.94583062066,37.7580528428825],[38.9457123480904,37.7588861762159],[38.9474414062502,37.757713894315],[38.9494471571185,37.7572249348964],[38.9500157335072,37.7563579644104],[38.9519471571184,37.7563860405822],[38.954250217014,37.7575472005213],[38.9562684461809,37.7596477593323],[38.9576443142364,37.7605499945752],[38.958074544271,37.7614363606777],[38.9580493164065,37.7626654730908],[38.9547040473092,37.7631324598529],[38.9547306315109,37.7644458007818],[38.9525398763023,37.7649799262159],[38.9505872938372,37.7657718912766],[38.9496915690106,37.7667041015631],[38.9491693793405,37.7677804904521],[38.9462885199655,37.7700918240024],[38.9457373046876,37.7723527018236],[38.9444192165801,37.7736191134988],[38.9444694010418,37.776081271702],[38.9435772026913,37.7773973253044],[38.9430582682296,37.7787760416672],[38.9440817599829,37.7812993706604],[38.942728949653,37.7819557020404],[38.943097059462,37.784112548829],[38.9454378255212,37.784780680339],[38.9460628255212,37.7873446994363],[38.9449457465279,37.7867692057298],[38.9435666232642,37.7872412109382],[38.9423144531252,37.7872155761724],[38.9400027126739,37.7852750651047],[38.9387909613718,37.7850027126744],[38.9401345486113,37.7885864257819],[38.9417097981773,37.7888939073357],[38.9428689236114,37.7901003689242],[38.9436615668404,37.7896921115457],[38.9460123697918,37.7897399902353],[38.9477804904516,37.7908306206602],[38.9480924479168,37.7921103244365],[38.949163682726,37.7941772460945],[38.9470833333336,37.7945833333342],[38.9502750651044,37.7968332248271],[38.9486078559031,37.8005372450094],[38.9486200629343,37.8011298285595],[38.9471310763891,37.8026003689243],[38.9460115559899,37.8020235188808],[38.944441731771,37.8030528428826],[38.9440416124134,37.803877224393],[38.9419474283859,37.8039029947923],[38.9408360460071,37.8033306206605],[38.9391257052952,37.8029966905391],[38.9384914822049,37.8016891818583],[38.936391601563,37.8013473849834],[38.9368541124136,37.7995258246533],[38.938011338976,37.7984138997401],[38.9380753580732,37.7952810329867],[38.9375862630209,37.7952709960943],[38.9361444769968,37.797470160591],[38.934462619358,37.7983365885423],[38.9333387586807,37.7983136664504],[38.9327916124134,37.7994417317715],[38.9305745442711,37.7989065212681],[38.9297249348959,37.7983304850265],[38.927045355903,37.7983397081169],[38.9266056315108,37.7970547146276],[38.9272195095489,37.7958631727437],[38.9266672092014,37.7955514865456],[38.9246093750004,37.7963861762159],[38.9238739691843,37.796109347874],[38.9227804904517,37.7944417317715],[38.9210300021704,37.7926764594193],[38.9216560872401,37.7957328287766],[38.9216861979169,37.7972117784296],[38.9208045789932,37.7975135633686],[38.9194585503475,37.797508273655],[38.9183200412328,37.7963693576394],[38.916804199219,37.7964002821189],[38.9147246636286,37.7939074707038],[38.9133946397571,37.7912118869363],[38.9104988606774,37.7894136555998],[38.9077804904518,37.7869417317715],[38.9038916015626,37.7844417317714],[38.9011292860247,37.7833502875441],[38.8996335177953,37.782336425782],[38.8982576497398,37.7828073459207],[38.8950257703995,37.7827585177958],[38.8947195095487,37.7830528428826],[38.8941927083337,37.7846759711378],[38.8921280924481,37.7850120713981],[38.8886482747399,37.7895147026915],[38.8883360460075,37.7911138237853],[38.8874918619795,37.7933449978306],[38.8875122070318,37.7949020724832],[38.8860877821182,37.7967791069884],[38.8861192491322,37.7983139377178],[38.884724934896,37.8003987630216],[38.8854283311633,37.8015284559469],[38.8878233506947,37.8040214029955],[38.8899951171879,37.8053382703999],[38.8922100151912,37.8062120225701],[38.8922306315105,37.8072192382819],[38.8898198784725,37.8072684733078],[38.887339952257,37.8061954752611],[38.8842293294273,37.8055582682298],[38.8822249348961,37.8058733452697],[38.8827503797746,37.8068735080301],[38.8841693793403,37.8072195095494],[38.8852750651043,37.8080582682297],[38.8873239474827,37.8084583875877],[38.8883300781253,37.8094250488288],[38.8883474392364,37.8102760145406],[38.8869064670141,37.8108444552959],[38.8855840386288,37.8122207302524],[38.8838804796011,37.8124981011291],[38.8838747829866,37.814996880426],[38.8852463107642,37.8150248209642],[38.8868234592015,37.8134083387594],[38.8890158420143,37.8122789171015],[38.8913916015627,37.8119471571187],[38.8934562174483,37.8102804904519],[38.894025607639,37.8106365288635],[38.8952731662331,37.8123194715716],[38.8965766059031,37.8131739637595],[38.8976201714414,37.8149321831603],[38.9016132269968,37.8161554633255],[38.9019417317712,37.8175027126744],[38.9041799587677,37.8178152126743],[38.9041522894967,37.8191720920145],[38.9083287217886,37.8215786404086],[38.9096652560767,37.822012396919],[38.9104370117191,37.8243911404087],[38.9120117187505,37.8251550292975],[38.9127750651045,37.8266368272576],[38.9124997287328,37.8275124782992],[38.9077853732639,37.8300086805562],[38.9047208658856,37.8302810329866],[38.9037725151912,37.829956461589],[38.897395562066,37.8303181966153],[38.8936138237849,37.8302410210511],[38.8957085503474,37.8315936957472],[38.8944471571183,37.8334543185771],[38.8952804904515,37.8333360460076],[38.8972056749133,37.8317201063375],[38.9007598198787,37.8311138237852],[38.9023312717018,37.8318701171881],[38.9074110243059,37.8319737413201],[38.9103822157119,37.8311138237852],[38.9124951171876,37.8315607367628],[38.912513292101,37.8324578179262],[38.9101253255209,37.8349434407558],[38.907039116754,37.8363528103306],[38.9036083984381,37.8372195095493],[38.9009280056428,37.8388528103305],[38.8989645724828,37.8395062934035],[38.8995716688372,37.8401382107213],[38.9061206054692,37.8380809190544],[38.9069514973961,37.8388792588981],[38.9064751519102,37.8402709960944],[38.907221679688,37.8402863227003],[38.9086474609378,37.8377716742627],[38.9097195095489,37.8372195095493],[38.9117114257816,37.8368305121535],[38.9136138237849,37.8350027126745],[38.9142437065974,37.8337042914503],[38.9161083984378,37.8324972873273],[38.9178862847223,37.8320638020841],[38.9192369249133,37.8311482747403],[38.9208360460071,37.8308360460076],[38.9220654296878,37.8300027126743],[38.9237293836809,37.8303592936206],[38.9252804904516,37.8330528428826],[38.9256325954863,37.8341377766934],[38.9284543185769,37.8322249348964],[38.9294417317711,37.8336138237855],[38.9327289496529,37.8343355305995],[38.9330528428821,37.8350027126745],[38.9348868815109,37.8353607855909],[38.9366563585072,37.8385263400615],[38.9366861979169,37.8399865722663],[38.9358360460072,37.8416368272577],[38.9361520724827,37.8436083984383],[38.9366693793406,37.8433360460075],[38.9370293511287,37.8414925130216],[38.9383034939237,37.8408360460075],[38.939588216146,37.8417658148879],[38.9414200846357,37.8449972873271],[38.9416973198787,37.8446945529521],[38.9416414388024,37.8419616699226],[38.9425000000004,37.8415193684904],[38.9438590494794,37.8422195095492],[38.9439895290801,37.8411321343324],[38.9425987413197,37.8407931857647],[38.938905436198,37.8366578504783],[38.9398092990454,37.8347953287766],[38.9420038519968,37.834438069662],[38.9477270507813,37.8327817111554],[38.9533395724828,37.8319166395404],[38.9567135959205,37.8308218044711],[38.9583043077259,37.8300023057733],[38.9600802951391,37.8296556260857],[38.9613248697921,37.8283601888028],[38.9639233398441,37.8283071560335],[38.9630512152781,37.8300000000006],[38.9638769531254,37.8322195095493],[38.9641693793404,37.8319471571188],[38.9646316189238,37.8295802137592],[38.9668584526913,37.8291240776918],[38.9693972439237,37.8307885742192],[38.9713473849828,37.83242553711],[38.9733306206598,37.8329090711812],[38.9716829427088,37.8350001356342],[38.9700550672746,37.835317925348],[38.9723866102432,37.8373598904085],[38.9744037543405,37.8366693793411],[38.9752750651044,37.8374076334642],[38.9746579318578,37.8382530381949],[38.9727856445315,37.8389915635858],[38.9724669053824,37.8442022026917],[38.9705582682296,37.8454534233947],[38.9712217881946,37.846386176216],[38.9744067382815,37.8457683648013],[38.9748695203995,37.8466666666672],[38.97398030599,37.8483927408859],[38.9736138237851,37.8513916015631],[38.9730311414934,37.8528285047751],[38.9730805121531,37.8552529568149],[38.971941731771,37.8566639539937],[38.9705848524309,37.8614021809902],[38.9719306098092,37.8627480740025],[38.9725029839414,37.8647249348965],[38.9697249348961,37.8658360460075],[38.9661130099828,37.866812879775],[38.9648136393231,37.8674431694885],[38.9666799587676,37.8680638292107],[38.9699546983511,37.8677701822924],[38.9788568793407,37.8706316460511],[38.9802615017363,37.8727739800354],[38.9825230577259,37.8738960774746],[38.9838921440972,37.875253770617],[38.9841639539933,37.8775027126742],[38.9847452799481,37.8777849663635],[38.9858308919274,37.8788703070755],[38.9861083984376,37.8797249348966],[38.9877699110248,37.8817045084641],[38.987813042535,37.8838077799486],[38.9872178819448,37.8850000000006],[38.9877080620664,37.885951334636],[38.9871969943578,37.8870052083339],[38.9852804904516,37.8886138237854],[38.9836252170142,37.889151068794],[38.9821085611982,37.8903019205737],[38.9784830729171,37.8898384602871],[38.9769897460939,37.8913926866326],[38.9733474392362,37.8913806152351],[38.973041449653,37.8916746690543],[38.9730750868057,37.8933154296884],[38.9710036892363,37.8947195095493],[38.967219509549,37.8944471571187],[38.9650124782991,37.8936918131518],[38.9649861653648,37.8949800618495],[38.9659008789063,37.8959092881951],[38.9681228298614,37.8968105740023],[38.9731966145837,37.8975941297749],[38.9727530924482,37.8998653157559],[38.9708816189237,37.9008295355908],[38.969992404514,37.9008246527783],[38.9686165364585,37.9015333387593],[38.965802137587,37.9022195095492],[38.9672249348962,37.9024972873271],[38.9677048068581,37.9029966905389],[38.9698860677087,37.9022500271275],[38.973012152778,37.9021862792977],[38.975171169705,37.9037390136725],[38.976092122396,37.902780490452],[38.9774804687501,37.9038856336812],[38.9780582682296,37.9038860405822],[38.9791639539932,37.9047249348964],[38.9838916015626,37.9063861762158],[38.9869097222224,37.9094593641499],[38.988042263455,37.9094361707906],[38.9901603190107,37.9101384819884],[38.9908360460071,37.9108417426223],[38.991652560764,37.9108250596795],[38.9922409396705,37.9114139811203],[38.9938476562503,37.9113812934036],[38.9958306206599,37.9125027126741],[38.9969471571182,37.9127750651047],[38.9974693467884,37.9133185492628],[38.9979265318831,37.9133278866287],[39.0011152090831,37.9151499878858],[39.0051510630886,37.9159571586869],[39.008648803227,37.9170333864216],[39.0132227711002,37.9176611859337],[39.0221016499128,37.9173921289998],[39.0247922192496,37.9170333864216],[39.0276621598762,37.922145468162],[39.0301733579238,37.9260019508786],[39.037886323357,37.9304862331073],[39.0373482094897,37.9365848569381],[39.0388728654476,37.94035165401],[39.042280919941,37.9436700228591],[39.0436262046098,37.9466296491301],[39.0438055758987,37.9510242457139],[39.046675516525,37.9554188422981],[39.0499938853742,37.9591856393701],[39.0526844547114,37.9630421220866],[39.0526844547114,37.968423260761],[39.0521463408438,37.9727281717002],[39.0503722974064,37.9740587042785],[39.0483306206599,37.9741639539936],[39.0480582682293,37.9753186035163],[39.0487584092884,37.9773639594192],[39.0465820312502,37.9800987413202],[39.0436338975697,37.9808174641933],[39.0424650065107,37.9814195421013],[39.0394927300351,37.9810819498703],[39.0382769097225,37.9817083062073],[39.0376090494795,37.9824035644536],[39.0391748046877,37.9847135416672],[39.0381336805556,37.9869417317715],[39.036323513455,37.9855681694884],[39.0341368272573,37.9866639539937],[39.0323432074654,37.9858360460078],[39.0302859157986,37.9872306315111],[39.0281298828127,37.9861200629346],[39.0252636718752,37.9858364529087],[39.0253030056427,37.9877590603304],[39.0247262912328,37.9883129882817],[39.0241693793403,37.9897249348965],[39.021194118924,37.9909379069018],[39.0208360460071,37.9928076171882],[39.0216295030387,37.9943478732644],[39.0196766493056,37.9936794704868],[39.019114040799,37.9948394097229],[39.0163910590281,37.9944415961378],[39.0140285915801,37.9950509982645],[39.0102639431426,37.9949968804259],[39.0083162434898,37.9910860188809],[39.0066501193578,37.9911199273011],[39.006113823785,37.9922249348966],[39.0050027126738,37.99305826823],[39.002913682726,37.9937361653652],[39.0024921332468,37.9950352647575],[39.0025084092884,37.9958277723533],[39.0018340386285,37.9968227810336],[38.999719509549,37.9961138237854],[38.9987698025174,37.995168863933],[38.9994471571181,37.9941693793409],[38.999719509549,37.9913590494797],[38.9991056315105,37.990167507596],[38.9995282660594,37.9889326985683],[39.0019376627608,37.9883454047317],[39.0024972873268,37.9878046332473],[38.9983360460072,37.9875141059034],[38.9980582682293,37.9869417317715],[38.9968787977433,37.9858083767368],[38.9952992078994,37.9852804904521],[38.9950002712676,37.9886432562941],[38.9944249131946,37.9903237575963],[38.9906328667539,37.9946316189243],[38.9893739149309,37.9939830186637],[38.9888916015626,37.9924972873272],[38.988043077257,37.9922218153219],[38.9875027126737,37.9911083984383],[38.9852560763891,37.9892527940543],[38.9852818467887,37.9879916720927],[38.987537977431,37.9858241102436],[38.9869189453127,37.9858367241761],[38.9851855468752,37.9870117187507],[38.9841691080732,37.9866638183601],[38.9828285047744,37.9866910807298],[38.981391601563,37.9861083984383],[38.9784190538197,37.9858175998269],[38.9758138020838,37.986102159289],[38.9743446180557,37.9840760633687],[38.9725670030383,37.9836138237853],[38.9702804904518,37.9861300998272],[38.9727547200525,37.9883261447491],[38.9761303710941,37.9902060275614],[38.9786138237848,37.9905528428827],[38.9802539062505,37.9912179904523],[38.9814176432296,37.990819769966],[38.9825138346357,37.9908421495232],[38.9830810546877,37.9925900607647],[38.9842266167537,37.9921979437941],[38.9856759982642,37.9922275119365],[38.9866639539936,37.9938916015633],[38.9880582682295,37.9941639539938],[38.9888943142364,37.9945945909295],[38.9888962131077,37.9954930284295],[38.9909925672745,37.9949556477871],[38.9919639756947,37.9952882215719],[38.991935763889,37.9966753472227],[38.9925138346357,37.9966635470926],[38.9938465711809,37.9939164225266],[38.9946012369794,37.9933360460075],[38.9955425347226,37.9952765570751],[38.9978379991322,37.9961819118931],[38.9988899739586,37.9977863227002],[39.000435384115,37.9977547200528],[39.0008306206599,37.9987132432733],[38.9994303385417,37.999167616103],[38.9994504123267,38.0001500108514],[39.0004885525176,38.0006536187073],[39.0013861762156,37.9997195095493],[39.0030373806428,37.9988856336811],[39.0038864474828,37.9986082628046],[39.0052973090282,37.9986143663202],[39.0058639865454,37.999204101563],[39.0072197808162,38.0019154188376],[39.0075124782988,38.0034144422751],[39.0075282118058,38.0065223524314],[39.0065662977435,38.0069890679259],[39.0090804036462,38.0069376627611],[39.0083544921879,38.0048163519972],[39.0092339409724,38.0035188802089],[39.0085384114586,38.0007214355476],[39.0094688585071,38.0002700466586],[39.0102750651045,37.998608398438],[39.0123879665802,37.9978999837245],[39.0133127170141,37.9969376627609],[39.0150493706601,37.9972338867193],[39.0164727105039,37.9987152777787],[39.017219509549,37.9983306206605],[39.0187679036462,37.9980582682298],[39.0222813585073,38.0002331542975],[39.0240063476565,37.9984718153219],[39.0261317274309,37.9977821180563],[39.0268782552088,37.9985592990457],[39.0261138237849,38.0011138237854],[39.025541449653,38.0022250705301],[39.0255707465282,38.0036652289503],[39.0261968315973,38.0048803710943],[39.0255498589412,38.0058346896707],[39.0268758138025,38.006500786676],[39.0280422634551,38.0047215440544],[39.0293939887155,38.0044471571186],[39.0297195095488,38.0061138237854],[39.0303599717886,38.0073573133689],[39.0319417317712,38.007197536893],[39.0306507703997,38.0052929687508],[39.0311146375869,38.0016644965283],[39.0308287217884,38.0013898383256],[39.0311786566845,38.000710177952],[39.0329682074656,38.0001295301656],[39.03333062066,37.9996200900613],[39.0317252604168,37.999099256728],[39.0313916015629,37.9979720052092],[39.0333631727433,37.9975027126742],[39.0344525824655,37.9980639648444],[39.035030653212,37.9974625651048],[39.0359681532121,37.9955796983515],[39.0394471571183,37.9963861762158],[39.0402750651042,37.9969472927523],[39.0411187065973,37.9969531250006],[39.042649197049,37.9961646864154],[39.0436083984377,37.9977804904519],[39.0444471571183,37.9980528428825],[39.0447195095491,37.9983741590721],[39.0441634114584,37.9999987792975],[39.0444531250002,38.0022645399312],[39.0466799587676,38.0022191026483],[39.047859700521,38.0034468587244],[39.0493904622397,38.0026582845057],[39.0497195095488,38.0033360460077],[39.0514078776045,38.0036083984382],[39.0519525824654,38.0030413140196],[39.0519246419274,38.001665988499],[39.0540866427955,38.001391601563],[39.0549972873267,38.002780490452],[39.0558417426216,38.0033306206603],[39.0558300781255,38.0027537706171],[39.0566807725697,38.0019361707904],[39.0574972873268,38.0019528537334],[39.0583208550349,38.001095648872],[39.0603447808164,38.0017883300787],[39.0593069118927,37.999773898655],[39.0605007595489,37.9968305121536],[39.0621012369795,37.9963916015631],[39.0633306206598,37.9972249348966],[39.0670643446185,37.997681206598],[39.0677750651043,37.9969417317715],[39.0686409505211,37.9966693793409],[39.0697195095486,37.9977920193148],[39.0728559027782,37.9977992079],[39.0743334960939,38.0002884928392],[39.0750024414065,38.0002749294712],[39.0755959743927,38.0005805121534],[39.0768139648439,38.0018484157994],[39.0783504231773,38.0022229003914],[39.0791482204864,38.0030533854172],[39.0800189887156,38.0033306206603],[39.0805528428822,38.0027750651049],[39.081425509983,38.0025027126743],[39.0847073025175,38.0061646864156],[39.0841528320315,38.007240804037],[39.0841761610247,38.0083805338548],[39.0852804904516,38.0094417317716],[39.0860221354169,38.0109703233514],[39.0900027126738,38.0124972873269],[39.0930324978302,38.0149928114155],[39.0939054361984,38.0154165310337],[39.0948844401045,38.0149122450095],[39.0971226671009,38.0165218098965],[39.0974972873267,38.0180582682299],[39.09889702691,38.0186193847665],[39.1023250325523,38.0186159939243],[39.1028154839412,38.0201277669276],[39.1036083984378,38.0197195095494],[39.1057123480908,38.0194471571187],[39.1070640733509,38.0203634982645],[39.1079359266496,38.0199142795145],[39.1095681423615,38.0210206434469],[39.1099972873266,38.0227804904522],[39.1102967664935,38.0230528428829],[39.1116324869794,38.0216627332906],[39.1138864474827,38.020552707249],[39.1147249348963,38.020552707249],[39.1156871202258,38.0212049696186],[39.1161645507814,38.0226756456171],[39.117591417101,38.0221872287332],[39.1194563802088,38.0222253417977],[39.1199972873269,38.023891601563],[39.1208534071185,38.0253035481776],[39.1225298394099,38.0258306206603],[39.1243636067708,38.0239221191413],[39.1250330946184,38.0236138237855],[39.1255528428821,38.0241856553826],[39.1249972873267,38.0247195095493],[39.1246983506948,38.0256401909727],[39.1247338867191,38.0273711480042],[39.1272469075525,38.0277750651049],[39.1294398328997,38.0262885199659],[39.1311309136288,38.0266634114592],[39.1311168077258,38.0237425401482],[39.133613823785,38.0233360460075],[39.1344417317713,38.0227750651047],[39.1381016710073,38.0225027126744],[39.1397195095489,38.0233360460075],[39.1410256618927,38.0236083984381],[39.1415779622399,38.0219057888463],[39.144441731771,38.0219642469625],[39.1447501627607,38.0210137261291],[39.1461138237849,38.0200027126741],[39.1463861762155,38.0194417317715],[39.1499972873266,38.0177750651047],[39.1508851453996,38.0174868435335],[39.1558251953129,38.0174746365023],[39.156407606337,38.0180806477871],[39.1580422634552,38.0180472819017],[39.1592548285593,38.0184623209644],[39.1611547851564,38.0197391764329],[39.1619417317709,38.0205582682298],[39.1650084092884,38.0222222222229],[39.1650056966146,38.0240332031256],[39.1662611219621,38.02361694336],[39.1666639539933,38.0244471571189],[39.1680582682295,38.0247195095493],[39.1722195095488,38.0272249348965],[39.1754597981774,38.0288217502176],[39.1749972873264,38.0297195095494],[39.1747249348961,38.0321366373706],[39.1758360460074,38.032497287327],[39.1761083984379,38.0328799099398],[39.1744417317711,38.0341639539937],[39.1741693793405,38.0363916015632],[39.1733360460073,38.0369634331603],[39.1758306206601,38.0391693793409],[39.1777804904516,38.0394417317717],[39.179356011285,38.0406370713985],[39.1797195095489,38.041407877605],[39.178891601563,38.042322862414],[39.1817765299481,38.0427924262158],[39.1824972873268,38.0438916015631],[39.1843766276042,38.0445567491326],[39.1850135633683,38.0458695475268],[39.1849867078995,38.0471835666237],[39.1852986653649,38.0484015570752],[39.1877804904514,38.0488861762161],[39.1908360460072,38.0502750651049],[39.1919417317711,38.0511138237852],[39.1939491102435,38.0517652723531],[39.1966639539934,38.0572249348965],[39.1980528428822,38.0588252766934],[39.1958192274306,38.0594529893673],[39.1958363172747,38.0602804904521],[39.1947249348963,38.0608360460075],[39.1922593858512,38.0611374240458],[39.1894303385417,38.0611079915371],[39.1894474283854,38.0602752007385],[39.1891582573787,38.0597139485683],[39.186462402344,38.059768880209],[39.185002712674,38.0605810546883],[39.1872089301219,38.0605360243061],[39.1886040581599,38.0619212510858],[39.1905528428823,38.0647249348963],[39.1928027343753,38.0652948676221],[39.1941856553823,38.0672195095491],[39.1951749674481,38.0661897786467],[39.1968150499135,38.0658360460079],[39.1972195095492,38.0666693793409],[39.2003005642366,38.0678143988723],[39.20083062066,38.0694471571189],[39.2020323350698,38.0713008626308],[39.2027804904518,38.0716639539936],[39.2039314778648,38.0730528428826],[39.2038636610246,38.0697299533427],[39.2044742838546,38.0694471571189],[39.2061300998269,38.0702750651048],[39.2068001302086,38.0695777723532],[39.210326605903,38.0690854220926],[39.2148027886288,38.0691768391934],[39.2153247070314,38.0713176812072],[39.2163916015627,38.0716639539936],[39.217229275174,38.0736343044711],[39.2193804253476,38.0758064778653],[39.2210911601782,38.0765767340096],[39.2217538282085,38.0804202085844],[39.2227104750837,38.0836090315025],[39.2238265631053,38.0828118257729],[39.2251020922723,38.0875950601501],[39.2303636500872,38.0990748226554],[39.2324363849841,38.1046552627617],[39.2338713552971,38.1046552627617],[39.2338713552971,38.1075252033881],[39.2324363849841,38.1092790559929],[39.2353063256103,38.1183672013097],[39.2356252079019,38.1212371419359],[39.2445539120729,38.1269770231885],[39.252525969368,38.1338329924621],[39.2597008209337,38.1424428143408],[39.2617735558304,38.1510526362198],[39.2606574678089,38.1583869289314],[39.2553959099942,38.1661995450808],[39.2553959099942,38.170663897166],[39.2561931157236,38.1765632195645],[39.2550770277022,38.1795926013368],[39.2455105589481,38.1866080117565],[39.2388140308201,38.1904345992581],[39.2327552672757,38.1925073341551],[39.2303636500872,38.1945800690517],[39.2329147084216,38.1964933628026],[39.2348280021725,38.1937828633221],[39.2394517954038,38.1921884518632],[39.2448727943645,38.1899562758203],[39.2590630563499,38.178954836753],[39.2582658506203,38.1752876903974],[39.2593819386415,38.1695478091447],[39.2585847329124,38.1661995450808],[39.2636868495812,38.1572708409099],[39.264165173019,38.1483421367394],[39.2585847329124,38.1375001388181],[39.2550770277022,38.1314413752736],[39.2496560287415,38.1266581408967],[39.2424811771762,38.1217154653735],[39.2380168250907,38.1196427304766],[39.2369007370694,38.1134245257864],[39.2380168250907,38.1097573794308],[39.2359440901938,38.1072063210962],[39.2356252079019,38.1014664398438],[39.2333930318595,38.0987559403635],[39.2305230912332,38.0899866773387],[39.2284503563363,38.0845656783779],[39.2332335907135,38.0839279137944],[39.2294070032118,38.0826523846269],[39.227174827169,38.0775502679581],[39.2255575759044,38.0752714139034],[39.2251112196182,38.0730927191847],[39.2263916015626,38.0727804904519],[39.2268497721356,38.0723038736988],[39.2278396267362,38.0728138563374],[39.2288159179689,38.0738300238721],[39.231049262153,38.0730655924485],[39.2314542643231,38.074726426867],[39.234259168837,38.0763167317713],[39.2364154730907,38.0766677517368],[39.2382104492191,38.0774972873271],[39.2421980794273,38.0744049750443],[39.2435164388023,38.072183973525],[39.2449972873268,38.0711083984384],[39.2483661566845,38.0699827745233],[39.2488861762156,38.069441596138],[39.251619466146,38.0691297743062],[39.252777777778,38.069726426867],[39.2538897026912,38.069452989367],[39.2542418077258,38.0683685980909],[39.2558740234379,38.0680582682298],[39.2571240234377,38.0693592664936],[39.2586518012154,38.0697195095494],[39.262909071181,38.068502739801],[39.2637665473093,38.0676102701829],[39.2643625217016,38.0657737901481],[39.2621611870664,38.0621119520405],[39.2625043402781,38.0611097547749],[39.262215169271,38.0608319769971],[39.2631401909728,38.0605318196622],[39.2665440538198,38.0606012641066],[39.2679597981773,38.0601166449659],[39.2688717990455,38.0591673448358],[39.2713202582468,38.0585540093323],[39.2725046115454,38.0594528537333],[39.2747417534726,38.0594411892367],[39.27667046441,38.0575454372836],[39.2761070421011,38.056111382379],[39.2766918945316,38.0546694607211],[39.276614854601,38.0538916015632],[39.2750187174481,38.0555532497838],[39.2739941406253,38.0558856879347],[39.2735739474829,38.0567515733513],[39.2697303602433,38.0582675509988],[39.2669078233512,38.0586124674487],[39.2652804904517,38.0591693793408],[39.2633601888024,38.0594820149745],[39.2594303385418,38.0608337402352],[39.2594525824657,38.0619261338982],[39.2619471571183,38.0647195095494],[39.2622195095489,38.0655745442713],[39.2614157443578,38.0663467068149],[39.2592876519099,38.0666639539938],[39.257670355903,38.0655674913203],[39.2533219401044,38.0664420572922],[39.2504367404516,38.0676123046883],[39.2492583550352,38.066813693577],[39.2481849500872,38.0655582682297],[39.2475116644968,38.0669460720492],[39.2453987630211,38.0672195095491],[39.2430674913198,38.0658515082472],[39.2424858940975,38.065280490452],[39.2425122070316,38.0665761990023],[39.2401090494795,38.0673560926655],[39.2383965386288,38.0695161946623],[39.2378873697917,38.0708306206602],[39.2360034179691,38.0681747775614],[39.2355582682294,38.0671596950962],[39.2375070529516,38.0652874077698],[39.2368945312502,38.0627825249573],[39.2350000000002,38.0637584092889],[39.2341693793405,38.0633306206607],[39.2307926432295,38.06305826823],[39.2249519856771,38.064932454428],[39.2224915907121,38.0652750651048],[39.222496744792,38.064418945313],[39.2208414713543,38.0644527180994],[39.2181228298615,38.0635352918845],[39.2175160047745,38.0641669379346],[39.2160812717015,38.0644417317715],[39.2136138237851,38.0633306206607],[39.2049506293407,38.0624883355042],[39.2025027126739,38.0599972873271],[39.200366482205,38.0593428548185],[39.2011083984376,38.0583306206606],[39.2016693793404,38.05805826823],[39.2021362304691,38.0556666395409],[39.2002707248268,38.0552117241762],[39.2002813042538,38.0546910264764],[39.2010332573786,38.0532312011728],[39.2002693684897,38.0524972873271],[39.2002918836808,38.0513898383252],[39.1994417317712,38.0511138237852],[39.198613823785,38.0502479383688],[39.1997352430557,38.0480714246967],[39.1994254557293,38.0475027126741],[39.1988845486114,38.0480658637159],[39.1941585286462,38.0458250596795],[39.1925189887156,38.0458584255651],[39.1899153645838,38.0449673122836],[39.1885975477433,38.0427475314678],[39.1886252170141,38.0413906521273],[39.1869471571185,38.0405528428826],[39.1848215060766,38.0399351671012],[39.1844471571183,38.0391639539938],[39.1822018771704,38.0369631618928],[39.1822363281254,38.0352787272143],[39.181113823785,38.034692382813],[39.1819474283857,38.0338916015632],[39.1819474283857,38.0327752007385],[39.18079155816,38.0312521701394],[39.176941731771,38.0288916015632],[39.176400010851,38.0272227647574],[39.1725599500871,38.0254734971794],[39.1722249348962,38.0244415961378],[39.1701068793404,38.0244847276482],[39.166965603299,38.0238050672748],[39.1661138237851,38.0224810112852],[39.1666723632815,38.0219444444452],[39.1661138237851,38.021108398438],[39.1641639539935,38.0200027126741],[39.1621839735246,38.017941894532],[39.1591693793404,38.0169417317716],[39.1563861762155,38.0166693793408],[39.1558197699655,38.0160800509988],[39.1558368598092,38.0152467176656],[39.1583246527781,38.0152974446621],[39.1586083984378,38.0148810492629],[39.1557929144969,38.0141417100703],[39.1540890842015,38.0124137369799],[39.1468033854169,38.0125623914938],[39.1460221354168,38.01375366211],[39.1441276041669,38.0151581488721],[39.1394023980037,38.0159274631084],[39.1380582682293,38.0169471571187],[39.1366376410593,38.0172245279954],[39.1345629882816,38.0182933213982],[39.1308924696184,38.0186920844189],[39.1297249348961,38.0172195095491],[39.1291368272573,38.0169471571187],[39.1283360460072,38.0177806260856],[39.1242225477432,38.017819146051],[39.1230582682294,38.0172195095491],[39.1197195095489,38.0169471571187],[39.1180951605906,38.016391194662],[39.1161083984377,38.0161138237856],[39.115836046007,38.0147195095491],[39.1149810112851,38.0144471571189],[39.1144254557292,38.0150254991325],[39.1127479383684,38.0155528428826],[39.1102750651046,38.0144471571189],[39.1094824218753,38.0136222330736],[39.1063861762157,38.0125027126742],[39.1050241427953,38.0108300781255],[39.1032505967886,38.010254584419],[39.0984941948789,38.0093398708774],[39.0980582682293,38.008886176216],[39.0969273546009,38.0086104329436],[39.0963916015628,38.0080528428824],[39.0954063585074,38.0075747341587],[39.0945567491323,38.0088705783426],[39.0930365668405,38.0091639539937],[39.092245279948,38.0083405219191],[39.0911230468752,38.0077959526919],[39.0906068250873,38.0072587076829],[39.0911707899309,38.0050585937508],[39.0896148003475,38.0016022406692],[39.0872195095487,38.0002804904522],[39.0869420030386,37.9994258626308],[39.0860804578994,37.9985736762159],[39.0855582682295,37.9974972873272],[39.0841172960071,37.9971458604608],[39.083613823785,37.9961083984383],[39.0831222873266,37.9956361219626],[39.0811981879344,37.9951669650613],[39.0822363281253,37.9941693793409],[39.0822146267363,37.9931050618498],[39.0801974826391,37.9927111816413],[39.079724934896,37.9922195095491],[39.0786083984378,37.9919471571188],[39.0774525282121,37.9911638726134],[39.0760443793406,37.9908205837681],[39.0750911458335,37.9908399793842],[39.0720966254343,37.9917066786031],[39.0696972656253,37.9916577148444],[39.0686998155385,37.9896015082473],[39.0649972873265,37.9880582682299],[39.0625160047748,37.9845434570318],[39.0621866861981,37.9828560384121],[39.0627745225695,37.9810917154955],[39.0620260959205,37.980372585721],[39.0642539028609,37.9744321989469],[39.063626103349,37.96860263205],[39.0586933928975,37.9626833795082],[39.0558234522715,37.9571228695448],[39.0516082269764,37.9532663868281],[39.0482001724826,37.9509345600695],[39.046316773947,37.9464502778409],[39.0461374026575,37.9434009659254],[39.0455992887903,37.9410691391665],[39.0445230610555,37.9390063693415],[39.0405768926943,37.9356880004922],[39.0405768926943,37.9322799459988],[39.041025320917,37.9298584335951],[39.0428190338087,37.928871891505],[39.0455096031455,37.9286925202159],[39.0472136303924,37.9277059781255],[39.049186714573,37.9275266068365],[39.0525050834222,37.9284234632822],[39.054209110669,37.9262710078125],[39.0519669695547,37.9242979236318],[39.0520566551992,37.9230423246079],[39.0555543953375,37.9237598097645],[39.0596799349879,37.9222351538068],[39.0596799349879,37.9204414409153],[39.0553750240485,37.9206208122044],[39.0527741403559,37.9216073542948],[39.0489176576394,37.921158926072],[39.0501732566634,37.9224145250959],[39.0515185413321,37.9223248394514],[39.049186714573,37.92367012412],[39.0476620586153,37.9241185523429],[39.0461374026575,37.9274369211918],[39.0425499768749,37.9283337776375],[39.041025320917,37.9283337776375],[39.0384244372245,37.9278853494147],[39.0348370114417,37.9262710078125],[39.0309805287249,37.9238494954089],[39.029097130189,37.9205311265598],[39.0294558727675,37.9184683567347],[39.0293661871229,37.9164055869097],[39.0289177589,37.9153293591747],[39.0273034172978,37.9139840745061],[39.0248819048944,37.9133562749943],[39.0238953628041,37.9126387898376],[39.0231778776474,37.9109347625907],[39.0219222786233,37.909858534856],[39.0254200187616,37.9063607947176],[39.027034360364,37.9057329952055],[39.0269446747194,37.9047464531156],[39.0221913355572,37.9049258244045],[39.0192317092862,37.9070782798743],[39.0172586251057,37.9077957650309],[39.0171689394612,37.9085132501873],[39.0196801375092,37.9100379061449],[39.0212047934669,37.9114728764582],[39.0212944791117,37.9139840745061],[39.0151958552808,37.9149706165963],[39.0088281745161,37.915060302241],[39.0059582338897,37.9130872180605],[39.002550179396,37.9119213046811],[39.0014739516613,37.9117419333918],[38.9987833823243,37.9121903616147],[38.9968231793915,37.9115688338558],[38.996113823785,37.9108306206605],[38.9930528428823,37.9100027126741],[38.992502712674,37.9091639539937],[38.9905601671008,37.908143581815],[38.9886143663197,37.9075120713982],[38.9880582682295,37.9066639539938],[38.9852175564237,37.9059714084209],[38.9823109266496,37.9037847222228],[38.9807893880209,37.9030466037336],[38.9775027126739,37.9005528428825],[38.9761170789934,37.8998805067282],[38.9760926649306,37.8986793348532],[38.9765166558165,37.8973723687072],[38.9788780381949,37.8965641276047],[38.9801068793407,37.8969847276482],[38.9878795030385,37.8969112141933],[38.9919517686636,37.8977189127612],[38.9919197591148,37.8961509874139],[38.9927750651045,37.8949972873272],[38.9941417100696,37.8938978407124],[38.9995065646705,37.8937883843324],[39.0013590494793,37.8947195095493],[39.0023868815108,37.8937582736551],[39.0000339084204,37.8917289225267],[38.9953729926219,37.8913781738287],[38.9949970160594,37.8902802191848],[38.9949918619794,37.8886305067282],[38.9956800672746,37.8875808376741],[38.9975027126741,37.8872249348966],[38.9991606987851,37.8862611219624],[38.9991826714411,37.8851822916674],[38.9950306532123,37.8783707682298],[38.9934692382813,37.8768245442715],[38.9930582682293,37.8747195095492],[38.9923483615452,37.8733414713547],[38.9930528428823,37.8719742838548],[38.9927804904517,37.8716639539937],[38.9895526801217,37.8713132052957],[38.9891639539932,37.87055826823],[38.9888769531253,37.8676249186203],[38.9875094943579,37.8669613986553],[38.9872186957465,37.8661115180127],[38.9877750651042,37.863940565322],[38.9873239474828,37.8638503689241],[38.986264919705,37.8642129177525],[38.9852750651046,37.8638916015633],[38.9835457356772,37.8628430175786],[38.980048014323,37.8617080349399],[38.9788916015627,37.8608306206604],[38.9769338650176,37.8604484049486],[38.9752560763891,37.8593484157991],[38.9745646158856,37.8573278808601],[38.9750040690107,37.8555243598096],[38.976107855903,37.8544638400615],[38.9756572808162,37.8516570366758],[38.9777308485244,37.8476319715719],[38.9781274414065,37.8443866644973],[38.9794002278649,37.8430619303391],[38.9827587890628,37.846386176216],[38.9828398980038,37.8453728569884],[38.9808360460071,37.8419417317716],[38.9794520399309,37.8402269151482],[38.9794308810767,37.8391982693147],[38.9807912868926,37.8367985026048],[38.9822195095491,37.8358306206604],[38.9869471571182,37.8355582682298],[38.987716200087,37.8347580295144],[38.9891639539932,37.8338088650181],[38.9888856336806,37.8330361599399],[38.9878008355038,37.8319516330301],[38.9870092773439,37.8315675184469],[38.9866153971358,37.8304166666673],[38.9871888563371,37.8287411838116],[38.986349012587,37.8283086480041],[38.9847306315108,37.8283416069885],[38.983875325521,37.8258045789937],[38.9838918728303,37.8249914550788],[38.982797851563,37.8250136990024],[38.9823114691843,37.8245464409731],[38.9819471571184,37.8230528428826],[38.9805628797746,37.8227152506516],[38.9805525716149,37.8222089301221],[38.9821126302085,37.8207097710509],[38.9841639539933,37.8179772949227],[38.9835253906252,37.8175027126744],[38.9818457031253,37.8185933430998],[38.9808308919274,37.8186139594191],[38.9797683376738,37.8180668131516],[38.977748480903,37.8196972656258],[38.9759415690108,37.8197341579867],[38.9738861762157,37.8194471571186],[38.9718370225697,37.8180582682299],[38.9710742187503,37.8183432345925],[38.970253634983,37.819197319879],[38.9680314127606,37.81915201823],[38.9669471571185,37.820280490452],[38.9648437500003,37.8210610622837],[38.9638959418407,37.8191556803391],[38.9619742838545,37.8207687717022],[38.9607137044272,37.8199142795145],[38.9599918619795,37.8202860514329],[38.958474934896,37.8202551269539],[38.9575417751738,37.8221788194451],[38.9547409396702,37.8222360568582],[38.9537223307294,37.8217114257818],[38.9517548285592,37.8232043457037],[38.9501529947921,37.8237525770405],[38.9493275282121,37.8225280761727],[38.9477750651045,37.8222249348967],[38.946768934462,37.8215431043844],[38.9458504231771,37.8224993218324],[38.944395073785,37.8228541395407],[38.9437388780383,37.8242068142366],[38.9414295789935,37.824997287327],[38.9397249348962,37.8241639539937],[38.9344832356774,37.822848442926],[38.9322629123265,37.823608398438],[38.927491590712,37.8219527180996],[38.9253426106772,37.8208456759988],[38.9240009223092,37.8205185275614],[38.9222249348964,37.8194417317716],[38.9209415690106,37.8190252007387],[38.9199972873266,37.817780490452],[38.9197249348961,37.8169417317713],[38.9177804904517,37.8161083984381],[38.916174045139,37.8157166883687],[38.9138916015629,37.8144417317716],[38.911995171441,37.8139793565544],[38.9113916015627,37.812807617188],[38.9127750651045,37.8114078776049],[38.911657714844,37.8102964952265],[38.9116745334203,37.8094797092021],[38.9112323676219,37.808117540148],[38.907235514323,37.8080360243063],[38.9069452582469,37.8083380805127],[38.9053952365452,37.8077294921882],[38.9063861762156,37.8062679036463],[38.9060999891494,37.8058081054694],[38.9046251085071,37.8058382161464],[38.9019471571182,37.802518988716],[38.9023733181427,37.8011805555561],[38.9035812717016,37.80055826823],[38.9068332248266,37.8011810980911],[38.9080756293405,37.8035932074659],[38.9080384657121,37.8054166666674],[38.9099688042538,37.8063853624137],[38.9113205295141,37.8056867133254],[38.9139659288197,37.8051448567716],[38.9165470377606,37.8064746093757],[38.9187185329863,37.8050027126741],[38.9201774088544,37.805397271051],[38.9219032118057,37.8085689290372],[38.9236469184031,37.8094670952696],[38.9256998697921,37.8101333279086],[38.9261187065974,37.8105689832906],[38.9308360460072,37.8124972873271],[38.9318882921009,37.8132104492195],[38.934583604601,37.8127507866759],[38.9372249348961,37.8133306206603],[38.9389181857641,37.8146972656256],[38.9432519531255,37.814729003907],[38.945931260851,37.8144017198358],[38.9482430013023,37.8135103352872],[38.9505582682293,37.8130582682297],[38.9509152560767,37.8123225911465],[38.9533249240451,37.8119527180996],[38.9538964843752,37.8105211046014],[38.9547403971355,37.8097101508253],[38.9557869466149,37.8075533040372],[38.9588916015628,37.8069471571187],[38.9594495985245,37.8060961914069],[38.9605582682295,37.8055582682298],[38.9613856336809,37.8047416178393],[38.9613918728303,37.8044418674052],[38.9602804904516,37.8029772949225],[38.961310763889,37.8016883680561],[38.96333062066,37.8010328504779],[38.9627682834206,37.8002581108947],[38.9611637369792,37.8002909342455],[38.9599801974829,37.7997167968757],[38.9599701605906,37.7967306857644],[38.9605593532988,37.795278049046],[38.9602696397571,37.794431287978],[38.9602558051217,37.7918458387593],[38.96059624566,37.7894083658861],[38.9629825846357,37.7894570583772],[38.9655528428821,37.7886230468756],[38.963891601563,37.7869415961377],[38.9619536675349,37.7869810655389],[38.9619200303822,37.7853363715284],[38.9625252278651,37.7844257269973],[38.9624804687502,37.7822393120668],[38.9638918728301,37.7805582682299],[38.9638815646706,37.7800576443149],[38.9654402669274,37.7768450249572],[38.9669471571185,37.7761138237853],[38.9675596788198,37.7745609537768],[38.9684722222224,37.7740908474398],[38.9691639539935,37.7744471571186],[38.9710785590281,37.7747588433168],[38.9733306206598,37.7765443250873],[38.9730107964415,37.7779964192716],[38.9719002278648,37.7796348741326],[38.9719528537329,37.7822142198357],[38.97157280816,37.7829520670577],[38.9733265516497,37.7843626573355],[38.9736083984378,37.786669379341],[38.9741625976565,37.7882889811205],[38.9745304361981,37.7905487738723],[38.9755113389758,37.7905688476567],[38.975841200087,37.788543023004],[38.9779410807294,37.786949598525],[38.9793937174482,37.7869200303825],[38.9808306206601,37.7875027126742],[38.9842686631945,37.7878763834644],[38.9850135633683,37.7905843098965],[38.9855528428822,37.7938916015631],[38.9873396809898,37.7944715711813],[38.985836046007,37.797470160591],[38.9861878797748,37.7985890028218],[38.989554307726,37.7980409071188],[38.9903464084203,37.7968325466586],[38.9921761067714,37.7977750651048],[38.9933360460071,37.7963916015632],[38.9936357964412,37.794551052518],[38.9959372287329,37.7936174858948],[38.9981510416669,37.7935723198793],[38.9994661458335,37.7944638400614],[39.0013519965282,37.7944253200961],[39.0022195095489,37.7952587890632],[39.0008360460074,37.7962867567279],[39.0012215169273,37.7999754503045],[39.0033306206598,37.8030582682299],[39.006113823785,37.8049972873272],[39.0064618598092,37.8057146538637],[39.0091777886287,37.8051584201395],[39.0125108506946,37.8063880750875],[39.0130528428821,37.8080582682297],[39.0144487847226,37.8099995930998],[39.0129869249137,37.8138004557299],[39.0140858289933,37.8149441189241],[39.0160574001739,37.8137485080302],[39.0203740776914,37.8147195095492],[39.0220713975696,37.8141261121968],[39.022899576823,37.8128626844623],[39.0268926323789,37.8138861762159],[39.0283360460071,37.8133360460075],[39.0286629231774,37.812328694662],[39.031768934462,37.8116925727003],[39.0335953776044,37.8144417317716],[39.0352750651043,37.8141167534728],[39.0350027126737,37.8136083984381],[39.0338745117191,37.8130609809036],[39.0339032660594,37.8116621907558],[39.0322195095488,37.8105582682297],[39.0314908854169,37.8094471571187],[39.0291639539934,37.8097195095493],[39.0283197699653,37.8102916124138],[39.0264683702259,37.8102539062506],[39.0250341796877,37.8106214735248],[39.0211140950523,37.8105414496534],[39.0189350043406,37.811663953994],[39.0179793294274,37.8107672797316],[39.0185009765628,37.8092431640632],[39.0177989366322,37.8077959526915],[39.0158306206602,37.8055582682298],[39.0155129665803,37.8045793999571],[39.0120084635417,37.8036812337247],[39.0074962022572,37.8033133951831],[39.0069417317712,37.8027804904522],[39.00583062066,37.8008360460075],[39.0054676649309,37.7997176106776],[39.0041815863718,37.7978206380214],[39.0041303168405,37.7953072102872],[39.0052861870661,37.793880615235],[39.0035687934032,37.7930474175354],[39.0036252170141,37.7902787272141],[39.0027666558162,37.7900001356341],[39.0020464409726,37.787780490452],[39.0002804904516,37.7897249348965],[38.9991856553823,37.7905528428827],[38.9941805013026,37.7902655707472],[38.9941471354169,37.7886328125005],[38.9948285590283,37.7876277669278],[38.9936398654515,37.7863905164938],[38.9924972873267,37.7858360460075],[38.9921793619795,37.784531928169],[38.9899875217016,37.7827627224398],[38.9883192274307,37.7822212727871],[38.988342556424,37.7810740831168],[38.9836509874133,37.7811698404956],[38.9808360460071,37.780620252822],[38.9814469401045,37.7799283854175],[38.9852804904516,37.7788916015633],[38.985658637153,37.7757977973097],[38.9868660481774,37.7741688368063],[38.9911138237851,37.7738916015634],[38.9920865885418,37.7724080403653],[38.9944471571184,37.7719471571185],[38.9955257161461,37.771391601563],[38.9977929687504,37.7716653103305],[38.9984453667539,37.7723444281689],[39.0005582682294,37.7730528428826],[39.0013085937502,37.7741970486117],[39.0052151150175,37.7749972873269],[39.0069490559898,37.7747246636292],[39.0055582682296,37.7709259711376],[39.0059830729168,37.7694769965284],[39.0091259765629,37.7705528428826],[39.0097249348959,37.770280490452],[39.0102815755209,37.7688692220057],[39.014441731771,37.767370741103],[39.013820529514,37.7663916015631],[39.0084977213543,37.7678945583773],[39.0061157226565,37.767284206815],[39.0022233072919,37.7687571885858],[38.9994273546009,37.7680548773877],[38.9988916015628,37.767497287327],[38.9963861762157,37.7672249348964],[38.9950027126739,37.7663861762159],[38.9926708984379,37.7661012098531],[38.9917686631949,37.7647249348963],[38.9904372829865,37.7650230577262],[38.9877804904519,37.7663916015631],[38.9853141276044,37.7667359754784],[38.9843096245663,37.7682680935339],[38.9811775716149,37.7698437500005],[38.9757166883685,37.7683083767368],[38.9749641927086,37.7671605088981],[38.9737494574656,37.7659936523444],[38.9726508246529,37.763372802735],[38.976186794705,37.7633006456169],[38.9798792860248,37.7638401963982],[38.9829611545142,37.7630889214417],[38.9847195095488,37.7623954264329],[38.9840326605906,37.7611349826397],[38.9814512803824,37.7617966037334],[38.9791666666671,37.7613286675355],[38.9770027669275,37.7617717827698],[38.9763916015627,37.760275065105],[38.9733360460073,37.7598484971794],[38.9752750651044,37.7577967664936],[38.9750027126739,37.7555528428825],[38.9746525065109,37.75452975803],[38.9756252712675,37.753248019749],[38.9749145507816,37.7511138237853],[38.9744471571183,37.752780490452],[38.9738916015627,37.7533360460077],[38.9727897135418,37.7538707139764],[38.9717249891495,37.7549789767801],[38.9702696397572,37.7550086805562],[38.9691910807294,37.7527855088981],[38.9685970052088,37.752497287327],[38.9686222330731,37.7512599012593],[38.96532796224,37.7504357910163],[38.9650027126737,37.7477750651047],[38.9639255099828,37.7470686848965],[38.9634361436635,37.7455604383687],[38.9630528428821,37.7455527072489],[38.9610036892366,37.7469417317716],[38.9594170464412,37.7466651746967],[38.9583360460072,37.7461083984381],[38.9552750651043,37.7458360460077],[38.954640028212,37.7455090332037],[38.9519696723094,37.7455635579433],[38.9513753255211,37.7449925401482],[38.9507798936635,37.7431576877175],[38.9494113498266,37.7436261664502],[38.9456784396702,37.7442339409728],[38.944533148872,37.7448238118496],[38.940558539497,37.7441768391935],[38.9405639648439,37.7427807617194],[38.9372290039066,37.74273546007],[38.9368131510419,37.7444417317714],[38.9341639539932,37.7441693793409],[38.9332950846356,37.743721923829],[38.9320163302953,37.7445886230476],[38.9288066948787,37.7440660264763],[38.9263916015627,37.7419417317714],[38.9247195095487,37.7416693793409],[38.9235948350697,37.7409071180561],[38.9208593750002,37.740019395617],[38.9200027126738,37.7391639539937],[38.9188433159723,37.7388812934034],[38.9164596896706,37.7367957899314],[38.9158360460073,37.735585394966],[38.9163598632815,37.7344535319016],[38.9182828776045,37.7344143337681],[38.9202804904518,37.734997287327],[38.9221649848093,37.7372752549919],[38.9251985677087,37.7378674316413],[38.9261083984375,37.7383360460075],[38.9283113606773,37.7388731553824],[38.9307693142364,37.7413620334209],[38.9335682508681,37.7420793999572],[38.9365709092884,37.740622694228],[38.9358360460072,37.7391965060771],[38.9361083984378,37.7380528428826],[38.9368210177954,37.7366693793408],[38.9355916341149,37.7377685546883],[38.9344631618927,37.7377916124138],[38.9337147352433,37.7374060058601],[38.9333281792536,37.7377772352436],[38.9340774197051,37.7388822428391],[38.9324167209202,37.7389161512592],[38.9311083984375,37.7380582682297],[38.9308262803824,37.7374768066412],[38.9293964301219,37.7361031087247],[38.9294360351565,37.7325085449224],[38.931051432292,37.7316764322923],[38.9330528428821,37.7316864691849],[38.9306453450524,37.7304767523876],[38.9299918619792,37.7277646213115],[38.9300138346359,37.7266852484815],[38.9295033094621,37.725694444445],[38.930179307726,37.7243824598531],[38.9286360677086,37.7224707031256],[38.9285801866322,37.7197364637596],[38.9295513237849,37.7194041612419],[38.9346503363719,37.7195081922751],[38.9352750651046,37.7189078776049],[38.9344232855907,37.7183139377177],[38.9328507486983,37.7183459472665],[38.9288888888892,37.7169405110682],[38.9273114691844,37.7175802951394],[38.9263916015627,37.7166965060769],[38.9267374674482,37.7152438693584],[38.9279991319446,37.7139305284295],[38.9319368489586,37.7119604492196],[38.9323008897572,37.7105398220494],[38.930018717448,37.7105304633253],[38.9289417860246,37.7116514756952],[38.9273347981774,37.7116841634122],[38.9261347113717,37.7086412217889],[38.9238894314239,37.7063043891064],[38.9178895399307,37.702561848959],[38.91583062066,37.7019471571187],[38.9147176106775,37.7011027018236],[38.911458604601,37.7005597602002],[38.9056469726564,37.7007983398446],[38.8999660915803,37.7019491916239],[38.8979641384552,37.7029805501309],[38.8945111762155,37.7041624620231],[38.892508138021,37.7041583930126],[38.8914187282988,37.7047195095492],[38.8902878146703,37.704196099176],[38.8892873806427,37.7021336534294],[38.887300075955,37.7011694335943],[38.8858908420141,37.699815538195],[38.8874972873267,37.6991639539938],[38.8896579318579,37.698862304688],[38.8910953776044,37.6966697862419],[38.8938435872398,37.696613769532],[38.8941799587674,37.6969639756951],[38.8960519748268,37.6969258626307],[38.8980528428821,37.6974385579433],[38.8953510199656,37.6952027723532],[38.8949438476566,37.6940132649746],[38.8955417209204,37.692780897353],[38.8980069986982,37.6928080240891],[38.8987613932294,37.6920833333339],[38.8977804904516,37.6911409505215],[38.89829155816,37.6905582682299],[38.9001435004341,37.6909946017803],[38.9033482530385,37.6933384874138],[38.9040345594619,37.6947535536032],[38.9090478515628,37.6962977430561],[38.9120222981776,37.6954588487422],[38.9145464409725,37.6932385253912],[38.9158034939238,37.6938861762159],[38.9163506401914,37.6934064398877],[38.9163747829864,37.6886111111118],[38.918190104167,37.6881685384124],[38.9167138671877,37.6867502170144],[38.9161206054688,37.6855982801657],[38.9161027018231,37.684725206164],[38.9182617187503,37.6846811252178],[38.919414605035,37.6852750651047],[38.9221839735246,37.6849773491759],[38.9216693793404,37.6844417317715],[38.9198670789931,37.6840897623704],[38.9169471571183,37.682648518881],[38.9177113172745,37.6814442274312],[38.9197059461809,37.6799306911898],[38.9245035807294,37.6792296006951],[38.9299169921876,37.6807564290369],[38.933537868924,37.6836861165372],[38.9341094292536,37.6853559027784],[38.9347501627607,37.6899443901915],[38.9383563910594,37.6921312120233],[38.9394775390628,37.6925150553393],[38.9431027560765,37.6931051974831],[38.9430414496533,37.6961083984383],[38.9438340928823,37.6953761121969],[38.944444715712,37.6941908094625],[38.9447574869795,37.6916296386725],[38.9463916015629,37.6905582682299],[38.948646104601,37.6886138237853],[38.9497645399309,37.6893817816846],[38.9511083984378,37.6913642035595],[38.9497249348961,37.694793023004],[38.9503884548613,37.6963861762158],[38.9511059570314,37.6959498426657],[38.9511027018232,37.6941708713113],[38.952492404514,37.6924491373704],[38.9525130208335,37.6914407009555],[38.9502804904517,37.6863602701831],[38.9509977213545,37.6860317654087],[38.9552726236983,37.6883184136294],[38.9563972981771,37.6897139485682],[38.9577750651045,37.6922249348966],[38.9597306315106,37.6941583930127],[38.9591693793407,37.6952479383688],[38.960664605035,37.6958086480041],[38.9611596679689,37.6942835829001],[38.9641639539934,37.6952804904521],[38.9670974392363,37.6955992296012],[38.9677750651047,37.6969146050351],[38.9666541883685,37.6975004069017],[38.9658289930558,37.6991666666673],[38.9662049696185,37.6998965115024],[38.9655373806426,37.7005676269538],[38.9647357855907,37.7022197808166],[38.9636200629344,37.7027610948356],[38.9636027018229,37.7036083984382],[38.9650027126737,37.7033360460076],[38.9657530381946,37.7021918402784],[38.9680582682293,37.7008360460076],[38.9688549804692,37.6988165961379],[38.9702750651042,37.6983306206604],[38.9736338975698,37.6980566406256],[38.9715505642365,37.6976500108514],[38.9705582682296,37.696696506077],[38.9708631727432,37.6954159884989],[38.9734393988719,37.6947557237419],[38.9755257161462,37.6958306206604],[38.975583496094,37.6953485785596],[38.9750840928822,37.6938898383253],[38.9791417100698,37.6875170898445],[38.9819146050349,37.6863916015631],[38.9832657877608,37.68724975586],[38.9838861762153,37.6896705457905],[38.9836138237848,37.6922249348966],[38.9826993815108,37.6946416558166],[38.9842333984379,37.6973474121101],[38.9869501410592,37.6988878038201],[38.985836046007,37.7003560384121],[38.9861612955733,37.7009294976137],[38.988613823785,37.7000027126743],[38.9891360134549,37.6994592285162],[38.9927433268231,37.6993855794277],[38.9933306206601,37.7005257161464],[38.9928146701392,37.7021667480476],[38.991757541233,37.7032670084642],[38.9908360460071,37.7038916015631],[38.9888945855038,37.7042706977002],[38.9902750651042,37.7051756456171],[38.9889797634551,37.706925726997],[38.9869951714412,37.7074095323355],[38.9865207248266,37.7083306206603],[38.9880531141494,37.7077749294713],[38.9899677191843,37.7078139919711],[38.9913861762157,37.7058306206604],[38.9942057291669,37.7055242241759],[38.9965098741321,37.7041693793408],[38.9974918619793,37.7058449978306],[38.9975089518232,37.7066929796015],[38.9936138237852,37.7092466905388],[38.9954777018232,37.7098910861551],[38.9960972764761,37.7086138237853],[39.0003328450522,37.7089580620665],[39.0016398111982,37.7102137586812],[39.0019417317711,37.7108360460076],[39.0044373914934,37.711184488933],[39.0044525824654,37.711929253473],[39.0033409288196,37.7156032986118],[39.0033135308161,37.7169360351568],[39.0044471571181,37.7186083984383],[39.0047547743056,37.7195557996969],[39.0069417317712,37.721391601563],[39.0083306206602,37.722065429688],[39.0077756076391,37.7250292968755],[39.006113823785,37.7266258409295],[39.0081263563371,37.7267853461378],[39.0099972873265,37.7252750651048],[39.0127479383683,37.7238916015631],[39.014724934896,37.7249972873271],[39.0154535590281,37.7261083984382],[39.017266167535,37.7255455186637],[39.0188590494794,37.7247249348965],[39.0211083984378,37.7252804904519],[39.0255824110243,37.7255725097663],[39.0295372178822,37.7265365939678],[39.0308574761287,37.727431504992],[39.0336138237849,37.7280528428826],[39.036716308594,37.7294417317717],[39.0399400499136,37.7291499837247],[39.0424533420141,37.727242974176],[39.0446630859378,37.7272408040371],[39.0468495008683,37.7266805013027],[39.0512261284726,37.7261834038635],[39.0552126736114,37.7280060492628],[39.0586083984377,37.7280753580737],[39.0580531141496,37.7272112358946],[39.0547328016497,37.7264019097228],[39.0536138237851,37.7255528428825],[39.0522195095488,37.7252804904519],[39.0501649305558,37.7244471571188],[39.0436083984377,37.7247195095493],[39.0403540039064,37.7251950412332],[39.0378260633683,37.7238926866327],[39.0350092230906,37.7239312065978],[39.0309632703996,37.7216693793408],[39.0275518120663,37.7224972873269],[39.0246758355037,37.7222208658861],[39.0202750651045,37.721391601563],[39.0197089301219,37.7208024088548],[39.0177859157991,37.7208416069886],[39.0172249348961,37.7205528428825],[39.0141520182293,37.7202795410163],[39.0133523220487,37.7194471571187],[39.0124972873268,37.7197195095493],[39.0117686631946,37.7208306206604],[39.0105528428822,37.7205582682299],[39.0102804904516,37.7202750651047],[39.0077335611981,37.7199194335944],[39.0045852322048,37.7168945312508],[39.0060799153648,37.713104926216],[39.0066639539933,37.7124972873269],[39.0087746853299,37.7121535915806],[39.0076047092017,37.7106115722664],[39.0070838758683,37.7090063476568],[39.0060970052085,37.7080584038636],[39.0066715494794,37.7069430881081],[39.0047534179689,37.7052819824224],[39.0033406575522,37.7049374728737],[39.0033477105038,37.7024955240892],[39.0013916015627,37.7012132432732],[39.0018901909727,37.7000039333774],[39.0048904079865,37.7000233289936],[39.0063861762155,37.6996586100267],[39.0058308919274,37.6985986328131],[39.0019742838543,37.6969471571187],[39.0012467447921,37.6972839355475],[39.0004071723093,37.7002609592021],[38.9983870442711,37.7003021918408],[38.9958677842886,37.6977852376307],[38.9925596788196,37.6963986545145],[38.9911843532988,37.6963705783427],[38.9894354926217,37.696728786893],[38.9876239691845,37.696287163629],[38.9866693793405,37.6948790147576],[38.9870388454862,37.6931541612421],[38.9894471571183,37.6922249348966],[38.9900740559899,37.6897249348965],[38.9879988606775,37.6913861762159],[38.9869520399309,37.690238444011],[38.9869772677955,37.6871447753915],[38.9860175238718,37.6847789171013],[38.9877669270837,37.6836319986986],[38.98833062066,37.6819852701831],[38.9871267361116,37.6811138237854],[38.986663682726,37.6813861762159],[38.9866805013024,37.6822022840718],[38.9855221896703,37.6834076605909],[38.9784122721358,37.6816693793409],[38.9783292643232,37.6819456651482],[38.9793419053822,37.6832801649313],[38.976722276476,37.6841301812072],[38.9754890950522,37.6850444878477],[38.9743565538197,37.6880601671012],[38.9734681532123,37.6893707953565],[38.9727221679692,37.6912618001307],[38.9697875976565,37.6927735731344],[38.9683919270836,37.6928020562071],[38.9674351671009,37.6923379177522],[38.9656857638893,37.689169379341],[38.9651066080733,37.6912723795578],[38.9644639756947,37.6919411892367],[38.9627029079865,37.691977132162],[38.9605593532988,37.6905718315977],[38.9599972873266,37.6894471571186],[38.9597249348961,37.6880528428827],[38.9583425564238,37.6877157931862],[38.9550027126738,37.6845069715719],[38.9558113606772,37.6840025499138],[38.9640158420141,37.6820840115024],[38.9662972005211,37.679892035591],[38.966941731771,37.6786409505215],[38.966499023438,37.6767815483947],[38.9628203667537,37.6754302300356],[38.9584014214411,37.6749500868061],[38.9546720377605,37.6735644531256],[38.9525027126739,37.6721421983513],[38.9528247070317,37.6715766059035],[38.9582218424481,37.6724972873271],[38.9610413953997,37.6719040256082],[38.9646847873267,37.6693659125439],[38.9687109375002,37.6654231770839],[38.972019042969,37.6658459472661],[38.9757958984379,37.6657689073357],[38.9761157226565,37.666389567058],[38.9744471571183,37.668377007379],[38.9755582682295,37.6683360460076],[38.9762868923615,37.6672249348966],[38.9770564778647,37.6678999837245],[38.9791259765627,37.6686083984383],[38.9794498697918,37.6683338758686],[38.9780582682296,37.6665001085075],[38.9783306206599,37.6655528428826],[38.9805582682293,37.663891601563],[38.9811149088545,37.6622227647576],[38.9807801649308,37.6612444390197],[38.9812684461805,37.6552570258253],[38.9821321614587,37.6534762912333],[38.9847835286461,37.6524730088983],[38.9869471571182,37.6527750651051],[38.9877750651042,37.6533360460076],[38.9890429687502,37.6537475585942],[38.9907790798613,37.6558155653218],[38.9911083984377,37.6575027126743],[38.9924972873267,37.6611138237853],[38.9937025282119,37.6627023654522],[38.9947246636287,37.665851915148],[38.9956656901045,37.6667561848964],[38.9947140842016,37.6700131564678],[38.9947176106775,37.6734151204435],[38.9965744357641,37.6746738009988],[38.9995458984376,37.6750885687941],[39.0002804904516,37.6758306206603],[39.0008213975698,37.677497287327],[39.0016639539933,37.6763860405823],[39.0027332899309,37.6764078776049],[39.0047463650177,37.6758308919277],[39.00678765191,37.6744471571189],[39.0075084092886,37.674721679688],[39.0074858940974,37.6758302137592],[39.0090950520835,37.67586303711],[39.0101546223961,37.6725676812072],[39.0113427734378,37.6719555664069],[39.0137242296011,37.6715493435336],[39.0150084092883,37.6725014919709],[39.0149688042535,37.6744417317714],[39.0169471571183,37.6741693793409],[39.0172224934897,37.6719170464414],[39.0181998697919,37.6709777832036],[39.0186083984379,37.6697195095493],[39.020679796007,37.6664592827697],[39.0216639539931,37.6659818522144],[39.0210649956601,37.6634870062939],[39.0215435112852,37.6620121256516],[39.0240467664934,37.6609431966152],[39.0249595811634,37.6600249565977],[39.0277479383684,37.6583360460077],[39.0350027126737,37.6586083984381],[39.0396413845488,37.6595075141066],[39.0402750651042,37.6611138237853],[39.0424538845489,37.6622195095494],[39.0447865125872,37.6619009060337],[39.0466419813369,37.6610007052959],[39.0486838107641,37.6594514973964],[39.0511395941843,37.659401312935],[39.0528013780385,37.6614973958341],[39.0563262261287,37.6622195095494],[39.0614653862848,37.6618078613286],[39.0628987630211,37.6608360460077],[39.0638916015628,37.661108398438],[39.065355902778,37.6622195095494],[39.0677804904517,37.6619471571188],[39.0690679253474,37.6599838595927],[39.0700021701392,37.6600028483078],[39.074532606337,37.6591693793409],[39.0763916015629,37.6594417317715],[39.0789596896704,37.6605528428827],[39.0813313802088,37.6600640190978],[39.0841197374135,37.656669379341],[39.08126953125,37.6569532606342],[39.0784632703997,37.6590825737853],[39.0753575303823,37.6573753526482],[39.0697466362851,37.6568018934469],[39.06833062066,37.6577750651048],[39.0667377387154,37.6606601291239],[39.0635066731776,37.6597249348964],[39.0615351019968,37.6600162760424],[39.0592759874133,37.6613861762158],[39.0541338433162,37.6608502875442],[39.0511846245661,37.6577804904521],[39.048441840278,37.6581500922315],[39.0430197482641,37.6610603841152],[39.0421771918404,37.6602252875439],[39.0375390625004,37.6569593641499],[39.0352802191844,37.6569132486986],[39.0304541015626,37.6575161404085],[39.0269626193578,37.6571367730041],[39.0269365776911,37.6558582899311],[39.0276955837676,37.6542936197925],[39.0319420030384,37.6527749294711],[39.0349964735245,37.6524618869363],[39.0349970160592,37.653058132596],[39.0358184136289,37.6552658420145],[39.0374538845488,37.6561083984381],[39.0402897135419,37.6558053927957],[39.0413916015627,37.6547249348964],[39.0422184244793,37.6522657606346],[39.0422129991324,37.6513488769536],[39.0455528428821,37.648085394966],[39.0450263129342,37.6469478352869],[39.0441612413197,37.6469302029085],[39.0436138237848,37.6480582682298],[39.0419721137155,37.6488548448357],[39.0411482747399,37.6500702582472],[39.0406374782989,37.6526867675788],[39.0387727864584,37.6541605631517],[39.0380639648441,37.6541749403219],[39.0375048828127,37.6530893283426],[39.0371793619796,37.6517540147577],[39.0358490668407,37.6497249348966],[39.0331372070315,37.6501010470927],[39.0327804904517,37.6508360460075],[39.0317686631948,37.651577555339],[39.0250689019101,37.6535161675353],[39.0243142361114,37.6546298556863],[39.0237245008683,37.658251817492],[39.0211482747398,37.6599618869365],[39.0197138129342,37.661670600044],[39.0197252061634,37.6622249348963],[39.0180471462676,37.6647277832039],[39.0180693901912,37.6674886067714],[39.0158360460073,37.668891601563],[39.0126871744794,37.6703184678826],[39.0081203884553,37.670225287544],[39.0060517035595,37.6705619303393],[39.001284450955,37.6719417317716],[38.9996142578129,37.6713547092019],[38.9983550347226,37.6694972059469],[38.9977815755211,37.6678213161898],[38.9977587890627,37.6667141384554],[38.9981806098093,37.6658449978304],[38.9999918619795,37.6658079698358],[39.0008143446184,37.6666639539937],[39.0027804904516,37.6663916015633],[39.003416069879,37.6639356825094],[39.0022520616322,37.6633360460078],[38.9997376844623,37.6641265190978],[38.9993221028649,37.6649826388895],[38.9973369683162,37.66502319336],[38.9958398437503,37.6612849934904],[38.9957988823786,37.6592793782557],[38.9982679578995,37.6605513509122],[38.9991753472226,37.6605699327264],[38.9991531032991,37.6594731987853],[38.999719509549,37.6578186035163],[38.9986083984379,37.6580528428826],[38.9982039388024,37.658886176216],[38.9953710937504,37.6573836263026],[38.9947498914931,37.6543511284727],[38.9961398654514,37.6538753255214],[38.9980528428823,37.6539143880215],[38.9966693793404,37.6530528428825],[38.992797851563,37.6526321072054],[38.9908734809028,37.6516984049487],[38.9888869900176,37.6503519694016],[38.986541341146,37.6497508409295],[38.9828811306427,37.6496761067715],[38.9773592122399,37.6523881022141],[38.9767985026043,37.6540264214415],[38.9772854275176,37.6564027235249],[38.9767559136289,37.6607347276483],[38.9761306423613,37.6613856336812],[38.9742841254342,37.6614233398445],[38.9727826605906,37.6609361436638],[38.9728049045142,37.6588142903651],[38.9689797634552,37.6578597005215],[38.9683365885421,37.6572416178392],[38.9683138020835,37.6561290147577],[38.969935167101,37.655178629558],[38.9703450520836,37.6539811197924],[38.9696365017363,37.65293592665],[38.9702742513024,37.651697862414],[38.9702916124137,37.6508532714851],[38.9695062934031,37.6500360785599],[38.9675059678824,37.64903889974],[38.9674915907121,37.6483420138895],[38.9686064995661,37.6483192274311],[38.9695244683162,37.6497195095492],[38.9708262803822,37.6493766276048],[38.9708363172746,37.6488861762158],[38.9692073567709,37.6472249348965],[38.9667244466147,37.6476203070754],[38.9662630208335,37.6489678276916],[38.9674972873267,37.650536566841],[38.966250542535,37.6517833116326],[38.9688552517364,37.6540650770404],[38.9680582682293,37.6552804904521],[38.966113823785,37.6560474989155],[38.9664987521703,37.6573196072054],[38.9677156575522,37.6585861545145],[38.9698700629342,37.6593010796447],[38.969298231337,37.660972222223],[38.9699972873267,37.6630147298182],[38.9684125434031,37.6630981445319],[38.9664149305559,37.6616767035595],[38.9622702365453,37.6593006727437],[38.9581287977431,37.6605417209208],[38.9558428276912,37.6608757866761],[38.9557972547746,37.658654242622],[38.9580118815107,37.6566836208774],[38.9588096788198,37.6562966579867],[38.9595600043406,37.6544471571186],[38.9585845269099,37.6547262912331],[38.9566248914934,37.6560545518671],[38.9559887695315,37.6554435221359],[38.9555528428823,37.654169379341],[38.9552113172746,37.6506769477003],[38.9534103732643,37.6497493489588],[38.9487169053824,37.6496534559467],[38.9438650173614,37.6504810926656],[38.943902994792,37.6486138237854],[38.9421402994793,37.6495046657994],[38.9390622287327,37.6486138237854],[38.9369167751739,37.6491925727002],[38.9352924262157,37.6499806043843],[38.9352530924482,37.6519018554693],[38.9369249131948,37.6536078559034],[38.9390326605908,37.6536508517803],[38.9431610785595,37.6519695366759],[38.950935872396,37.6509482150615],[38.9521101888025,37.6520764160163],[38.9525916883684,37.6539552137593],[38.9511083984378,37.6586083984381],[38.9507641601564,37.6603715006517],[38.9494156901043,37.6616670735686],[38.9527840169275,37.6619666883687],[38.9538699001738,37.6630528428826],[38.9575740559899,37.6627522786466],[38.9596739366321,37.6616704644102],[38.9618522135419,37.6616259765631],[38.9641631401912,37.6627472602002],[38.9641807725698,37.6636090766065],[38.9618006727434,37.664619411893],[38.9613861762158,37.6658306206604],[38.9611105685765,37.668648817275],[38.9580560980907,37.669169786242],[38.9536298285595,37.6686669921882],[38.9516693793406,37.6691693793409],[38.9488861762156,37.6694417317714],[38.9480582682297,37.6700027126744],[38.9466986762155,37.6704439290371],[38.946113823785,37.6727261013462],[38.9465985785595,37.6738125271274],[38.9470855034725,37.6743191189243],[38.9501668294274,37.6760937500005],[38.9553249782987,37.6766989474833],[38.9558306206598,37.6772249348964],[38.9574414062502,37.6776177300354],[38.9579193793404,37.6790136718756],[38.9572517903648,37.6797083875874],[38.9556613498266,37.6802528211813],[38.9541693793407,37.6805582682297],[38.9492003038197,37.6808825683599],[38.9470274522571,37.6817396375876],[38.9451611328129,37.6861362033426],[38.9435403103301,37.6886083984381],[38.9411083984378,37.6875027126743],[38.9402750651045,37.686669379341],[38.9398445638025,37.6849039713548],[38.9383089192709,37.6841589355474],[38.9374435763891,37.6823749457472],[38.9345724826392,37.6787536621098],[38.9308393012154,37.6759863281255],[38.9308300781253,37.6755395507818],[38.9326163736983,37.6729045952696],[38.9317833116323,37.6720373535165],[38.930578884549,37.673874240452],[38.9291978624133,37.6739024522577],[38.9277457682294,37.67202053494],[38.9239246961808,37.6705582682299],[38.9236048719621,37.6708336046013],[38.9258043077259,37.6724639214417],[38.9266639539932,37.6737320963546],[38.9261138237849,37.6741693793409],[38.920323350695,37.6750523546012],[38.9161526150177,37.676697319879],[38.9117591688369,37.6798845757385],[38.9103352864586,37.681761067709],[38.9094471571183,37.685226101346],[38.9105528428822,37.6888480631515],[38.9102338324656,37.6898753526484],[38.9091408962676,37.6904383680562],[38.9078431532119,37.689587537978],[38.9069666883683,37.6877810329868],[38.90639702691,37.6877695041238],[38.905555555556,37.6882028537332],[38.9016639539934,37.6863916015631],[38.9001657443578,37.6848777940544],[38.8982440863717,37.6842199707038],[38.897224934896,37.685280490452],[38.8930094401044,37.68557522244],[38.8919805230037,37.6866460503479],[38.8885576714412,37.6867159016933],[38.8866707356773,37.6863294813376],[38.8874972873267,37.6883034939243],[38.8866927083336,37.6891639539937],[38.8780319552953,37.688031819662],[38.8755582682295,37.6866639539936],[38.8705528428822,37.686113959419],[38.868913574219,37.6850027126742],[38.8674972873266,37.6852750651047],[38.8659556749136,37.6860690646709],[38.8641593424482,37.6854542371967],[38.8557424587677,37.6840466308601],[38.8474408637153,37.6841342502178],[38.8438717990456,37.685000678169],[38.8425472005212,37.6863793945319],[38.839487304688,37.6863699001741],[38.8363861762154,37.6880528428827],[38.8351535373264,37.689335801867],[38.833767903646,37.6902750651048],[38.832502712674,37.689487440322],[38.8332929144968,37.6878256564676],[38.8349972873265,37.6861519368496],[38.834525824653,37.6855954318582],[38.832502712674,37.6861138237852],[38.8286138237848,37.6864066569016],[38.8298630099828,37.6885343424486],[38.8291691080732,37.6888917371967],[38.8272314453128,37.6888522677959],[38.8272037760418,37.6902045355907],[38.8275488281253,37.6918881564678],[38.8269639756946,37.6924967447923],[38.8251491970489,37.6925337727872],[38.8234570312502,37.6912794325094],[38.8214884440106,37.6892305501308],[38.8188319227434,37.6877285427526],[38.8182796223962,37.6850318739154],[38.8193823242191,37.6844638400615],[38.822219509549,37.6837575954869],[38.8217800564237,37.6830681694886],[38.8190958658856,37.682693549263],[38.8183365885419,37.6819638400613],[38.8183081054692,37.6805727810336],[38.8194154188373,37.6800023057732],[38.8210999891494,37.6796735297316],[38.8197246636285,37.6783519151481],[38.8188916015628,37.6758741590721],[38.8212877061636,37.6744471571189],[38.8241259765626,37.6752750651049],[38.8246742078996,37.6748103841152],[38.8260346137156,37.6725189887157],[38.8287269422748,37.6719676378045],[38.8318522135421,37.6719037543411],[38.8332508680557,37.6725824652783],[38.8340182834204,37.6741639539935],[38.8352628580734,37.6711230468758],[38.8363590494793,37.6705582682299],[38.8413777669275,37.6710978190111],[38.8422083875869,37.6727750651046],[38.8433531358509,37.6724986436637],[38.8433026801218,37.6700254991326],[38.8447531467016,37.6690421549485],[38.8469471571184,37.6686138237853],[38.8485164388023,37.667805582683],[38.8498936631947,37.6674525282126],[38.851638997396,37.6682992892801],[38.8534567599829,37.6712864854606],[38.852224934896,37.6724701605909],[38.8533059353301,37.6725343153218],[38.8542336697051,37.6715686035163],[38.8550230577259,37.6719516330302],[38.8580137803822,37.6755518934468],[38.8585970052086,37.6755638292106],[38.8594249131946,37.6747682020407],[38.8597935655386,37.6736911349832],[38.8567694769967,37.6707469346793],[38.8556659613718,37.6678549533426],[38.858456217448,37.6658360460076],[38.863460015191,37.6692677137592],[38.8652750651045,37.6688252766934],[38.8650027126739,37.6683306206604],[38.8633175998266,37.6680562337244],[38.8613283962677,37.6664493815109],[38.860294325087,37.6648723687071],[38.8582283528649,37.6643428548182],[38.8564187282987,37.665275065105],[38.8547249348962,37.6648718261724],[38.8551223415803,37.6638384331603],[38.8586328125004,37.6622166612421],[38.8624959309898,37.659101426867],[38.8666308593751,37.6605528428827],[38.8673988172745,37.6602008734815],[38.8659006076392,37.6586413574224],[38.8638916015628,37.6573243543845],[38.8655582682294,37.6552804904521],[38.8666693793405,37.6530582682297],[38.8671028645835,37.6512802463113],[38.8691978624134,37.647780490452],[38.8698570421007,37.6481210666237],[38.8720499674479,37.6510792371968],[38.8737098524307,37.6522044542107],[38.8749818250873,37.6522303602438],[38.8771657986116,37.651670600044],[38.8794113498268,37.6516247558601],[38.881317274306,37.6548158094624],[38.8827479383682,37.6555528428827],[38.8838861762157,37.6548299153655],[38.8820315212676,37.6544105360249],[38.8811360677086,37.651709662544],[38.8797751193579,37.6502929687507],[38.8765269639759,37.6502267795146],[38.8749134657122,37.6507790798618],[38.8733921983509,37.650040961372],[38.872981228299,37.6479349772143],[38.8713921440973,37.646408284506],[38.871363932292,37.645031602648],[38.8719257269968,37.6444467502176],[38.8727804904516,37.644169379341],[38.8731778971356,37.6429447428392],[38.8752750651043,37.6421176486551],[38.8750027126737,37.6416639539935],[38.8736138237849,37.6412132432732],[38.8738861762154,37.6372195095492],[38.8742485894101,37.6361602105041],[38.873313530816,37.6355472819017],[38.8733588324656,37.6333360460075],[38.8720464409724,37.6349972873271],[38.8705528428822,37.6347249348963],[38.8691541883684,37.6341662597661],[38.8685799153648,37.632982584636],[38.8663861762156,37.6311138237855],[38.8659120008684,37.6291693793409],[38.8647249348959,37.6295227050789],[38.865073513455,37.6322702365459],[38.8658414713543,37.6330695258253],[38.8674077690973,37.6330376519103],[38.8678301323787,37.6343391927091],[38.8696980794274,37.6352454969624],[38.8710682508682,37.6375048828132],[38.8665831163198,37.642387288412],[38.863613823785,37.6436138237854],[38.8617499457468,37.6439173719625],[38.8601616753476,37.644993896485],[38.8594694010417,37.6450080023876],[38.856391601563,37.6433306206604],[38.8553195529515,37.6429825846361],[38.8527579752608,37.6411581759989],[38.8511083984377,37.6408360460076],[38.8500515407988,37.6402916124138],[38.8471031358509,37.639687771268],[38.8440125868059,37.6397508409294],[38.8416729058162,37.6392717827698],[38.841669650608,37.6400027126743],[38.8379427083335,37.6416639539935],[38.8364078776044,37.6402804904519],[38.8337654622398,37.6416082085508],[38.8305815972223,37.6405749511725],[38.8297257486983,37.6397527398011],[38.8297140842016,37.6391876898878],[38.8306789822053,37.6375625271273],[38.8324972873268,37.636680365669],[38.832224934896,37.6363861762161],[38.8301847330733,37.6360540093323],[38.8283740234378,37.6341693793409],[38.8269561089412,37.6355079481344],[38.8263644748267,37.6372823079435],[38.8263970269098,37.6410968695754],[38.8253808593753,37.6421545410162],[38.8229798719622,37.6413593207473],[38.819810384115,37.6414069281689],[38.8166191948787,37.6402532280824],[38.8143248155383,37.640300021702],[38.8127303059898,37.6392194281692],[38.8102997504341,37.6386268446186],[38.8091761610244,37.6375472005214],[38.8091362847222,37.6355928548183],[38.8099527994793,37.6347429741759],[38.815496419271,37.6347036404086],[38.818809950087,37.6355528428826],[38.8208194986981,37.6335972764764],[38.824460449219,37.6320403374572],[38.8244197591149,37.6300390625007],[38.8272195095488,37.6296481662333],[38.8268250868056,37.6281412760423],[38.8250067816845,37.6274157714849],[38.8249948459203,37.6268275282123],[38.8263680013021,37.6247330729174],[38.8273611111113,37.6243931749137],[38.8289645724828,37.6249420844192],[38.8324886067709,37.6250139702697],[38.8328936089411,37.6242275661897],[38.8295201280386,37.6236783854172],[38.8286138237848,37.6228076171879],[38.831027560764,37.6209883626309],[38.8330582682294,37.6177804904519],[38.8333444552956,37.616606987848],[38.8350084092885,37.6150084092888],[38.8358026801216,37.6133707682299],[38.8366360134552,37.6125035264765],[38.8419238281253,37.6125930447054],[38.8446953667536,37.6116937934032],[38.8460978190105,37.6099563259554],[38.8461509874136,37.6073562282991],[38.8444978841149,37.6037394205735],[38.8462272135418,37.6028483072922],[38.850002712674,37.6036083984381],[38.8518215603302,37.6047111002611],[38.852988823785,37.6047349717888],[38.8552414279517,37.6041859266501],[38.8563045247398,37.6034887695319],[38.8572195095489,37.6017127821188],[38.8563861762154,37.6002804904519],[38.8560145399307,37.5987565104172],[38.853640950521,37.5977804904522],[38.8525027126737,37.5981382921015],[38.8531738281251,37.599396430122],[38.8546790907121,37.5998847113725],[38.8552419704865,37.6015294053825],[38.8540079752607,37.6036083984381],[38.8530528428821,37.6033360460075],[38.8498361545142,37.601562771268],[38.8423258463543,37.6011035156255],[38.8416153971357,37.5990277777784],[38.8419512261287,37.5980466037334],[38.8380853949656,37.5961138237855],[38.8380238172747,37.5966278754346],[38.8396310763892,37.5977997504346],[38.8400745985247,37.5990961371536],[38.8396780056426,37.6010332573791],[38.8405528428823,37.6027316623269],[38.8401150173615,37.6045966254347],[38.8394675021703,37.605270724827],[38.8386197916669,37.6056819661463],[38.8399972873265,37.6063916015631],[38.8415426974831,37.6067683919277],[38.8427745225698,37.6085856119796],[38.8427916124135,37.6094330512159],[38.8413075086808,37.6101977539067],[38.8388861762154,37.6097249348963],[38.8363549804687,37.6085918511292],[38.8331971571184,37.6085885959208],[38.8324983723962,37.6100287543409],[38.8309499782987,37.6119194878477],[38.829718153212,37.6122197808166],[38.8300569661461,37.6135424804694],[38.8286417643232,37.6157958984381],[38.8274972873265,37.6169417317715],[38.8271118164065,37.6185221354173],[38.8242184787331,37.6177804904519],[38.8226060655385,37.6182750108514],[38.8198906792539,37.6206168619796],[38.8180962456601,37.6200027126743],[38.8180178493927,37.6209932454433],[38.8188237847224,37.6237782118062],[38.8175138346359,37.6263857693149],[38.8144471571184,37.6263633897576],[38.8159819878474,37.6293979220927],[38.813042263455,37.6302486165371],[38.812202419705,37.6294417317713],[38.8122306315105,37.628058539497],[38.811578776042,37.6280452473966],[38.8092800564239,37.6294392903652],[38.8072452799481,37.6294807942716],[38.8069414605035,37.6288914659294],[38.8069748263891,37.627259521485],[38.8062329101566,37.6264873589416],[38.8049972873266,37.6288861762158],[38.8046015082469,37.6313170030388],[38.8020206705733,37.6324336751309],[38.8016636827261,37.6313913302959],[38.801702745226,37.6294875759556],[38.8012977430558,37.6290662977438],[38.8000339084203,37.6297174750441],[38.7987966579864,37.6300189887161],[38.799441731771,37.6319036187073],[38.7985902235248,37.6324011230474],[38.7975027126738,37.6316639539938],[38.7958360460071,37.631108398438],[38.7937101236981,37.6307622612851],[38.7908382161461,37.6295472547749],[38.7908203125003,37.6286629231777],[38.7911083984379,37.6277750651049],[38.7927750651044,37.6258306206603],[38.7961140950525,37.6241525607644],[38.7980528428823,37.6241921657994],[38.7974970160592,37.623058132596],[38.7974921332467,37.62225748698],[38.798178168403,37.6201436360682],[38.7988856336806,37.6194638400613],[38.7986138237851,37.6166639539937],[38.7980582682294,37.6161300998272],[38.7983525933163,37.614605848525],[38.8002156575525,37.6134757486984],[38.8030740017362,37.6130105251741],[38.8060603841148,37.6100976562507],[38.8047195095489,37.6094471571187],[38.8041872829862,37.6083504231776],[38.8014154730906,37.6066693793409],[38.8008536783856,37.6071671549485],[38.8024948459206,37.6093299696187],[38.802508138021,37.6099858940978],[38.7983623589412,37.6124943033861],[38.7967268880211,37.6130249023443],[38.7955693901911,37.6141370985251],[38.7950027126738,37.6175027126743],[38.7941859266495,37.6191525607645],[38.7936029730903,37.6194527180996],[38.7920350477433,37.6194208441848],[38.7933306206599,37.6215572102873],[38.7926459418405,37.6227341037331],[38.7889925130211,37.6242606608078],[38.7883135308161,37.6236083984381],[38.7883417426217,37.6222249348964],[38.7877745225697,37.6227593315978],[38.7877861870663,37.6233277723531],[38.787218153212,37.6241657172316],[38.7877373589411,37.6256823730474],[38.7854345703128,37.6272195095491],[38.783336046007,37.626850585938],[38.7837247721355,37.6257907443582],[38.784715983073,37.6243283420144],[38.7847300889761,37.6236463758688],[38.7841802300348,37.6219519042976],[38.7838747829865,37.6216586642801],[38.7839133029518,37.6197823079433],[38.7826657443578,37.6159872775615],[38.7808740234378,37.6141693793408],[38.7807912868926,37.6146872287331],[38.7813861762156,37.6152587890633],[38.7804329427088,37.6163076443149],[38.778336046007,37.6167169867629],[38.7789029947918,37.6177750651046],[38.7813481987852,37.6169471571187],[38.7819485134552,37.6177768283427],[38.7815001085073,37.6190865071621],[38.7822195095487,37.6218927680128],[38.7814238823787,37.6227750651049],[38.7802750651044,37.6225027126743],[38.7797412109377,37.6219471571185],[38.7791994900176,37.6224396430127],[38.7808284505211,37.6235076226133],[38.7808528645837,37.6247116427957],[38.7791767035594,37.6260407172315],[38.7791585286458,37.6269312879781],[38.7795860460073,37.6281803385424],[38.7786678059899,37.6291361490892],[38.7764759657121,37.6298863389765],[38.7733306206601,37.6294471571188],[38.771632215712,37.6286036512593],[38.7703076171877,37.6272249348964],[38.7691693793404,37.6287599012593],[38.7672775607642,37.6277852376307],[38.7651616753475,37.6273722330736],[38.7644582790801,37.6266963704432],[38.7641623263893,37.6258319769973],[38.7647119140627,37.6253039550789],[38.765138888889,37.6231944444449],[38.7635639105906,37.6233656141498],[38.7617293294273,37.6252750651049],[38.7592542860248,37.6234463161898],[38.7568872070316,37.6230425347231],[38.7544471571183,37.6230923122836],[38.7548133680557,37.6222919379347],[38.7566601562501,37.6215634494366],[38.7566807725697,37.6205643717457],[38.7548318142365,37.6205788845492],[38.753175184462,37.6201749674487],[38.7525040690106,37.6175564236118],[38.7524861653648,37.6166802300353],[38.7530525716148,37.6155528428828],[38.7538861762156,37.6151483832472],[38.753613823785,37.6147192382819],[38.7522393120664,37.6147474500875],[38.7516693793404,37.6136409505214],[38.751941731771,37.6122195095493],[38.7524972873268,37.6111409505216],[38.7514027235243,37.6116238064243],[38.7502509223091,37.6127981228303],[38.7505525716148,37.6163913302956],[38.7508650716147,37.6173042805996],[38.7505287000871,37.619607069228],[38.7508474392363,37.6222134060336],[38.7491639539933,37.6219471571185],[38.7469257269966,37.6208194986986],[38.7433707682295,37.6208637152785],[38.7418055555559,37.6192941623269],[38.7403689236113,37.620378146702],[38.7397517903647,37.6197360568584],[38.7388880750872,37.6194403754347],[38.7378700086808,37.6201303439676],[38.7344059244792,37.619153238933],[38.731259494358,37.6188667805996],[38.7267618815104,37.6194417317714],[38.7254899088543,37.6190698242195],[38.7261083984378,37.6172630479606],[38.7256054687501,37.6166693793411],[38.7216582573788,37.6186364746099],[38.7177804904515,37.618630913629],[38.7182883029514,37.6175524902352],[38.7191248914935,37.6166817220058],[38.7210818142364,37.6166859266499],[38.7233504231773,37.6158326551655],[38.7241908094618,37.6149579535595],[38.7266417100697,37.6150078667541],[38.7283300781253,37.614188910591],[38.7283365885418,37.613869086372],[38.7252804904517,37.6139314778651],[38.7256537543404,37.6127265082474],[38.7270779079863,37.6112445746534],[38.7291696506079,37.6105655924485],[38.7291479492192,37.6094967990456],[38.7298074001737,37.6072181532126],[38.7288254123266,37.6038916015632],[38.728319498698,37.6050217013897],[38.728392198351,37.6085766601569],[38.7272281901045,37.6091761610248],[38.725840386285,37.6081231011291],[38.7258412000869,37.6094194878478],[38.7251228841147,37.6109006076395],[38.7212500000003,37.612718912761],[38.7200838216149,37.6121180555561],[38.7190201822919,37.613225097657],[38.7164165581598,37.6138924153653],[38.7153458658859,37.6138704427091],[38.7136371527778,37.614424913195],[38.71333062066,37.6147195095494],[38.7129242621529,37.6163861762158],[38.7111409505212,37.6155582682297],[38.7110799153649,37.6165865071623],[38.7114716254342,37.6177309841586],[38.710614963108,37.618172336155],[38.7081792534723,37.6176968044712],[38.7099197048615,37.6152473958341],[38.711108398438,37.6144417317714],[38.7131627061636,37.6141072591152],[38.7147195095488,37.6120556640632],[38.7143041992191,37.6118817816848],[38.7125311957467,37.6127742513026],[38.7108572048613,37.6127585177957],[38.7087112087674,37.6134928385421],[38.7078797743059,37.6122249348966],[38.7073144531253,37.6130376519103],[38.7067686631945,37.6147195095494],[38.7054663085939,37.6139558919278],[38.7050027126738,37.6111083984383],[38.7043457031254,37.6101388888894],[38.7050195312503,37.6091449652784],[38.7049970160593,37.6080422634555],[38.7055628797744,37.6074983723964],[38.7039290364587,37.6070998806429],[38.7038807508684,37.604740397136],[38.70430718316,37.6030761718755],[38.7036417643233,37.6017041015632],[38.703054199219,37.6010926649311],[38.7027804904515,37.6038916015632],[38.7024972873267,37.6044417317716],[38.7018641493058,37.6086043294278],[38.700002712674,37.608597005209],[38.7002769639758,37.6102935112855],[38.7019230143231,37.6118750000006],[38.7024972873267,37.6141148546014],[38.7011138237849,37.614851616754],[38.7013926866321,37.6155756293409],[38.7024972873267,37.6166368272579],[38.7020819769967,37.6175340440544],[38.6994577365454,37.6174804687508],[38.6986471896705,37.6183241102439],[38.6964119466147,37.6183696831606],[38.6961067708335,37.6177777777785],[38.6966078016495,37.6168055555561],[38.6957039388023,37.6150027126744],[38.6937453884551,37.6154250759555],[38.6943191189238,37.6171015082471],[38.6929166666668,37.6181658257384],[38.6909120008685,37.6176520453565],[38.6897246636287,37.6180584038635],[38.6877775065105,37.6180753580734],[38.6874801974831,37.6159465874572],[38.6863861762155,37.6166639539937],[38.6859353298613,37.6180528428826],[38.6847319878472,37.6175566948791],[38.685552842882,37.6130528428826],[38.6868421766497,37.6113533528654],[38.6877533637153,37.6091069878478],[38.6877973090281,37.6069533962681],[38.6871226671009,37.6069395616328],[38.6862481011287,37.6096346028653],[38.6843636067712,37.6107774522574],[38.6836111111112,37.6099943033861],[38.682224934896,37.6106410047748],[38.68333062066,37.6119146050353],[38.6828898111982,37.6137665473097],[38.6813913302954,37.6147086588549],[38.680847167969,37.6158302137593],[38.6802701822919,37.6158420138895],[38.6786292860244,37.6149967447922],[38.6772254774307,37.6150254991325],[38.6772403971356,37.6125775824661],[38.6756355794274,37.6131268988723],[38.6752750651045,37.6127804904519],[38.674949544271,37.6111138237853],[38.674153917101,37.6115402560772],[38.6731193033855,37.6141639539937],[38.670002712674,37.6133306206604],[38.6658360460071,37.6128778754347],[38.6661132812502,37.6119246419278],[38.6674972873268,37.6119528537333],[38.6685712348091,37.6108352322054],[38.671422526042,37.6099099392367],[38.6720548502606,37.608682725695],[38.6677129448787,37.6092890082471],[38.6643204752605,37.6103898111985],[38.6636306423614,37.6111078559036],[38.6619479709204,37.6111423068581],[38.6619360351564,37.6105598958339],[38.6633048502605,37.6088639322923],[38.6613921440973,37.6089029947922],[38.662756076389,37.6061306423617],[38.6637803819448,37.6054361979175],[38.6658848741322,37.6049232313373],[38.6672252061633,37.6033466254345],[38.6672303602434,37.6025141059034],[38.6666861979169,37.6019476996535],[38.6658447265627,37.6019306098095],[38.6655471462678,37.6025081380214],[38.6655636935765,37.603319227431],[38.6649945746529,37.6039116753477],[38.664027777778,37.6029052734382],[38.6622249348962,37.6047363281254],[38.6602780490452,37.6046967230908],[38.6599273003473,37.607209472657],[38.6572759331601,37.6072466362853],[38.6561138237848,37.6061300998269],[38.6564404296879,37.605437554254],[38.6581201171879,37.6048925781256],[38.6602750651044,37.6012679036466],[38.6593191189238,37.6009906684035],[38.6566012912328,37.6030528428827],[38.6561083984378,37.6025027126743],[38.6557096354171,37.6008675130216],[38.6540128580731,37.6004538302957],[38.6532099066844,37.5992689344624],[38.6544273546011,37.5980992296011],[38.6549755859379,37.5969691297748],[38.6566048177087,37.5956540256083],[38.6580563693579,37.5964019097228],[38.65833062066,37.5949972873271],[38.6594417317711,37.5942686631951],[38.6572249348961,37.5934353298619],[38.6577235243057,37.5922257486986],[38.6600027126737,37.5919471571187],[38.6605954318576,37.5916419813373],[38.662756076389,37.5916861979172],[38.6639775933162,37.5908580186639],[38.6658506944445,37.5918229166676],[38.6658132595489,37.5899918619797],[38.6669417317711,37.5889078776049],[38.6659895833336,37.5888316514763],[38.6642507595487,37.5894268120665],[38.6623326280386,37.5897539605042],[38.6594292534725,37.5891126844625],[38.6583360460073,37.5869905598965],[38.6606304253477,37.5863650173617],[38.6638850911459,37.5864312065978],[38.6639024522572,37.5855867513027],[38.6633360460072,37.5849972873271],[38.6615052625871,37.584551052518],[38.6606016710073,37.583682725695],[38.6617011176216,37.5833257378479],[38.6633360460072,37.5816693793409],[38.6638750542537,37.580008409289],[38.6647355143231,37.5797140842018],[38.6683306206599,37.5797477213546],[38.6668196614587,37.5789070638027],[38.6647195095488,37.5786138237852],[38.6615456814237,37.5763916015631],[38.6623432074657,37.5786222330734],[38.6611138237848,37.5802804904519],[38.6572195095488,37.5830528428825],[38.6563812934031,37.5839024522576],[38.6542545572918,37.5845925564243],[38.6526483832468,37.5877750651047],[38.6505528428822,37.5866693793409],[38.6497520616322,37.5858360460074],[38.6457166883682,37.5864119466151],[38.6425027126737,37.586420084636],[38.6428670247398,37.58563123915],[38.6455113389761,37.5847262912332],[38.6479692925351,37.5843261718758],[38.6484632703997,37.5833672417542],[38.6446058485243,37.5832885742194],[38.6432332356773,37.5836401367194],[38.6408626302086,37.583591851129],[38.6386737738716,37.5847195095491],[38.6375035264759,37.5842065429695],[38.6374915907121,37.5836165364592],[38.6380582682297,37.5827804904521],[38.6386078559032,37.5794262695318],[38.6394563802087,37.5777794053827],[38.638613823785,37.5773706054694],[38.6388861762157,37.5769417317716],[38.6399142795142,37.5766080729172],[38.6416493055559,37.5744772677957],[38.6424503580731,37.5725027126742],[38.6407006835942,37.5740437825528],[38.6371725802954,37.5746457248272],[38.6366693793406,37.5736083984381],[38.6348258463544,37.5732484266501],[38.6341701931425,37.5719756401915],[38.6341921657991,37.5694447157124],[38.6320572916669,37.5691468641501],[38.6309901258683,37.5669471571189],[38.6280853949656,37.5686083984382],[38.6269552951391,37.5678906250006],[38.6269363064238,37.5669585503477],[38.6277804904516,37.5660799153652],[38.630547417535,37.5661363389763],[38.6312445746528,37.5646994357644],[38.6348613823789,37.5647393120665],[38.6385601128474,37.5625436740457],[38.6391639539931,37.5619634331604],[38.6383704969621,37.5618999565979],[38.6378181966148,37.5624750434035],[38.6367323133686,37.5630343967021],[38.6343812391494,37.5630824110249],[38.6300027126739,37.5625084092889],[38.6303645833336,37.561755099827],[38.631629231771,37.5611417643237],[38.6323988172745,37.5604022894971],[38.6312133789066,37.5595987955737],[38.6300458441842,37.560813802084],[38.6286371527778,37.5612961154519],[38.6269512261287,37.5607489691848],[38.6269474283857,37.5594311523445],[38.6258862304689,37.5584111870667],[38.6244721137156,37.5556667751742],[38.6238916015628,37.5536083984381],[38.6233428276913,37.5525425889764],[38.6233192274308,37.5513972981778],[38.6261083984376,37.5507918294279],[38.6233360460072,37.5480853949658],[38.6241267903648,37.5471837022576],[38.6264857313368,37.5491639539937],[38.6277975802955,37.5488880750874],[38.6277693684898,37.5475086805561],[38.6297132703996,37.5475252278651],[38.6297252061634,37.5469420030387],[38.6293505859378,37.5462147352438],[38.6298879665802,37.545655381945],[38.631647135417,37.5480523003477],[38.6327981228301,37.5480759006084],[38.6327636718751,37.5463921440978],[38.6346964518233,37.5464081488722],[38.635002712674,37.5461138237854],[38.6353192816842,37.5441693793408],[38.635712890625,37.544617784289],[38.6361965603303,37.546108398438],[38.6389697265628,37.5455240885423],[38.6417795138892,37.5466639539939],[38.6436083984377,37.5458772786463],[38.6433360460071,37.5455528428824],[38.6416786024307,37.5450149197055],[38.6412847222225,37.544250488282],[38.6424972873265,37.543085394966],[38.6421245659724,37.5426605902783],[38.6384828016496,37.5417599826394],[38.637224934896,37.5409353298615],[38.6393128797743,37.5396259223097],[38.6452191840281,37.5397466362855],[38.64833062066,37.5382039388028],[38.6471883138022,37.537569444445],[38.6448621961808,37.5381654188376],[38.642224934896,37.537736273872],[38.6436075846357,37.5361417643236],[38.6436140950524,37.5358306206602],[38.6427804904518,37.5354261610249],[38.6453917100699,37.5317496744798],[38.6474972873266,37.5313384331606],[38.6469227430558,37.530852864584],[38.6447667100698,37.530808648004],[38.6436764865455,37.5315237087679],[38.6432972547744,37.5323052300353],[38.6408230251738,37.5343519422749],[38.640841200087,37.5352525499139],[38.6400170898441,37.5361102973096],[38.6378369140626,37.5367453342023],[38.6370035807293,37.5358780924487],[38.6356865776912,37.5367708333339],[38.634343261719,37.5357516818583],[38.6336083984379,37.5361083984382],[38.6328396267361,37.5369083658861],[38.6312543402781,37.5377248806432],[38.6283498806425,37.5387497287335],[38.6274769422743,37.5383262803825],[38.6268055555558,37.5376274956603],[38.6263916015628,37.5380582682299],[38.6211083984377,37.5394417317714],[38.6194905598961,37.5402750651049],[38.6194200303822,37.5394835069451],[38.6199972873267,37.5383631727438],[38.6193774414064,37.5373871527786],[38.6180853949657,37.5380528428826],[38.6166639539932,37.537780490452],[38.6157874891496,37.5373291015629],[38.6151028103303,37.5394395616326],[38.6133387586809,37.5394360351568],[38.6125027126739,37.5400027126744],[38.6105555555559,37.5406542968755],[38.6093999565974,37.5402587890632],[38.6069577365453,37.5403087022577],[38.6063916015627,37.5397195095492],[38.6041848415803,37.5393600802957],[38.6041528320314,37.5377891710075],[38.6061083984376,37.5368150499137],[38.6057291666669,37.5362177191847],[38.603343370226,37.5356361219624],[38.6033194986983,37.5344558376742],[38.6038864474831,37.5341636827263],[38.6052191840282,37.5341910807297],[38.6058474392363,37.533886176216],[38.6047249348962,37.5328076171882],[38.6050477430558,37.5321101888028],[38.6066484917539,37.5309236653652],[38.6072195095488,37.5291639539937],[38.609719509549,37.5263647460944],[38.6091639539932,37.5263861762158],[38.6083951822919,37.5271861436639],[38.6064412434898,37.5281608072924],[38.6059662543406,37.5296242947054],[38.6023570421011,37.5314542643234],[38.6012953016494,37.5330734592021],[38.5991756184897,37.5330303276915],[38.599163682726,37.5336138237854],[38.5999972873267,37.534843207466],[38.5995163302953,37.5361067708342],[38.597604980469,37.5360934787332],[38.5971978081601,37.5372821723097],[38.597247450087,37.539705132379],[38.5966512044271,37.540012207032],[38.595574544271,37.5388916015632],[38.5938956705732,37.5399107530387],[38.5938804796009,37.5391748046882],[38.5944417317709,37.5380853949659],[38.5941596137155,37.5377636718755],[38.5928065321183,37.5377913411464],[38.591777072483,37.5374389648444],[38.5902804904517,37.5382099066847],[38.5905658637158,37.537462836372],[38.5927549913197,37.5353597005216],[38.5931315104168,37.5341986762159],[38.5961083984378,37.532246907553],[38.5957964409727,37.5318969726569],[38.5925680881078,37.5319628906258],[38.5915912543405,37.5316457790805],[38.5938861762156,37.529944661459],[38.5936138237848,37.5291639539937],[38.5922249348959,37.5282533094623],[38.5927899848092,37.5272604709209],[38.5946915690107,37.5252813042541],[38.5960975477435,37.5252916124139],[38.5969417317711,37.5247195095491],[38.5989906141494,37.5243193901916],[38.5999454752607,37.5234019639762],[38.598613823785,37.5229701063375],[38.5990850151912,37.5216712782124],[38.6024972873266,37.5216978624139],[38.6011927625869,37.5203724500874],[38.6016859266495,37.5194151475699],[38.6016585286459,37.5180750868061],[38.60333062066,37.5169417317713],[38.6044417317711,37.5165812174487],[38.6041693793405,37.5155528428825],[38.6033273654516,37.5152796766502],[38.60389187283,37.5144471571186],[38.6038921440975,37.5138747829869],[38.6019471571182,37.5139143880215],[38.6022707790801,37.5132207573791],[38.6041639539932,37.5116639539935],[38.6058007812503,37.5108696831604],[38.6066731770834,37.5097200520841],[38.6047249348962,37.5093397352436],[38.6051144748266,37.5082931857644],[38.6077590603301,37.5083471679694],[38.6085169813371,37.5079568142369],[38.6110592990453,37.5086083984381],[38.6111678059899,37.507514648438],[38.6094802517363,37.5069672309032],[38.6072249348959,37.5058471679694],[38.6076733398442,37.5044471571188],[38.6111773003474,37.5058116319452],[38.612736273872,37.5038802083341],[38.6103914388024,37.502702365452],[38.6099769422745,37.5010023329001],[38.6081494140629,37.5004093424486],[38.6066693793404,37.4982259114591],[38.6073681640628,37.4969471571188],[38.6077804904516,37.4972195095495],[38.608873155382,37.4988861762158],[38.611300998264,37.4979676649312],[38.6117805989587,37.4969788954],[38.6143999565974,37.4969254557299],[38.6160148111984,37.4974782986118],[38.6180297851562,37.4975192599833],[38.6188853624136,37.496697319879],[38.6188962131077,37.496163194445],[38.6167597113717,37.4948947482644],[38.616120605469,37.4936537000873],[38.6160970052085,37.4925084092887],[38.6173144531252,37.4920917426223],[38.6191419813372,37.4933306206603],[38.6199899631079,37.4925743272575],[38.6199970160593,37.4916639539936],[38.6206835937504,37.4906513129348],[38.6191693793407,37.4891965060771],[38.620552842882,37.4877967664936],[38.6202652994793,37.4874804687507],[38.6191506618924,37.4875032552091],[38.6171980794274,37.486179741754],[38.6158213975695,37.4858268229172],[38.6142092556428,37.4866571723097],[38.6111235894099,37.4866918945318],[38.6107771809899,37.4856800672748],[38.6111083984377,37.484997287327],[38.6138861762155,37.4846953667542],[38.6136138237849,37.4836083984381],[38.6125027126739,37.4828797743063],[38.6136718750003,37.4819471571188],[38.6188604058165,37.4822330729173],[38.6209556749132,37.4842461480042],[38.6219474283857,37.4855528428827],[38.6219474283857,37.486391601563],[38.621113823785,37.4867960611986],[38.6227351888023,37.488879394532],[38.6235224066841,37.4888956705735],[38.6239078776046,37.4877080620667],[38.6263370768232,37.4883306206602],[38.628456759983,37.4863199869797],[38.6289963107642,37.4846576605909],[38.63051812066,37.4839195421012],[38.6313861762154,37.483085394966],[38.6306860351563,37.4819829644103],[38.6292201063371,37.4815074327262],[38.6288050672745,37.4806523980042],[38.6275154622398,37.4819566514761],[38.6261083984376,37.4813916015631],[38.6255582682294,37.4808192274311],[38.6236425781252,37.4808582899312],[38.6230582682293,37.479997287327],[38.622224934896,37.4795928276914],[38.622952745226,37.4784461805563],[38.6244881184896,37.4774829101569],[38.6255118815105,37.4764173719625],[38.6288807508682,37.4760877821188],[38.6288807508682,37.4747363281257],[38.6293055555559,37.4742941623271],[38.6302305772571,37.4752568901916],[38.6330463324656,37.4753143988721],[38.6330588107643,37.4747040473097],[38.6324595811633,37.4735411241326],[38.6351106770836,37.4726337348096],[38.6368988715279,37.4744368489589],[38.6386838107642,37.4750415039069],[38.6446592881947,37.4734944661463],[38.6458306206599,37.472926161025],[38.6419086371529,37.4727124023444],[38.6394962565107,37.4733306206604],[38.638613823785,37.4727750651048],[38.6369634331601,37.4722393120666],[38.6357443576389,37.4707294379347],[38.6371847873268,37.4700306532124],[38.6377704535593,37.4694677734382],[38.6344471571182,37.4691427951394],[38.6348508029516,37.4679389105909],[38.636333007813,37.4663959418409],[38.6390793185768,37.4655048285598],[38.643052842882,37.4638180881082],[38.6389040798614,37.4644363064241],[38.6361138237849,37.4652804904521],[38.6336878797743,37.465619303386],[38.6333360460072,37.4677804904521],[38.6322249348962,37.4683360460076],[38.6305398220489,37.4686105685771],[38.62946858724,37.4697254774311],[38.6280802408858,37.4696972656255],[38.6263321940107,37.4711083984383],[38.6252823893232,37.4703675672751],[38.6252642144099,37.4694731987853],[38.6257470703129,37.4680623372403],[38.6245670572921,37.4680381944451],[38.6228084309898,37.4716631401916],[38.6211404079862,37.4716474066846],[38.6188861762155,37.4724972873269],[38.6183504231774,37.4730547417541],[38.6154321289065,37.4737885199659],[38.6142947048614,37.4726049804695],[38.6130582682293,37.4738916015633],[38.6096698676217,37.4747409396707],[38.6072629123266,37.474741210938],[38.6083306206601,37.4721093750006],[38.6072140842018,37.4725084092889],[38.6053474934898,37.4724701605907],[38.6047195095488,37.4727750651048],[38.6043817816844,37.4748494466151],[38.6030319552952,37.4757644314242],[38.600247667101,37.4752210829001],[38.6002856445315,37.4733685980908],[38.5998166232643,37.4719235568581],[38.5978024631078,37.4705582682299],[38.5980528428821,37.471391601563],[38.5988861762153,37.4726209852436],[38.5979937065973,37.4733306206604],[38.5972195095487,37.4730582682297],[38.596111653646,37.4722176106776],[38.5941693793403,37.4732183159729],[38.5944417317709,37.4719417317715],[38.5961083984378,37.470849066841],[38.5957492404518,37.4697249348963],[38.593057996962,37.4708363172748],[38.5919694010418,37.4708412000874],[38.5911138237848,37.470426161025],[38.5933295355906,37.4681084526915],[38.5933531358509,37.4669471571186],[38.5913346354168,37.4679530164935],[38.589861653646,37.4674490017368],[38.5878976779517,37.4682234700529],[38.5869471571182,37.4691368272575],[38.5872260199656,37.4717301432299],[38.589441731771,37.47385904948],[38.588542480469,37.4752750651047],[38.5866639539931,37.4750027126741],[38.5862212456601,37.4722829861116],[38.5855474175348,37.4719360351569],[38.5844528537328,37.4719585503478],[38.584163682726,37.4711135525178],[38.5841978624134,37.4694471571188],[38.5806648763024,37.4713861762159],[38.5803672960071,37.4699275716153],[38.5833306206599,37.4677750651049],[38.5847195095487,37.4673242187506],[38.5844471571182,37.4666639539938],[38.583358289931,37.4659499782994],[38.5827935112847,37.4636330837678],[38.5825027126736,37.4633306206605],[38.5811542426217,37.4628930664067],[38.5804749891495,37.4604888237853],[38.5797412109379,37.4597249348965],[38.5789341905384,37.4601055230041],[38.5801936848958,37.4638880750874],[38.5778898111982,37.46734998915],[38.5743844943578,37.4689238823792],[38.5713549804692,37.4684811740458],[38.5699970160592,37.46918077257],[38.5672309027778,37.4691750759555],[38.5671695963543,37.4661716037332],[38.5685267469621,37.4647591145838],[38.5694270833336,37.4643221028651],[38.5694585503475,37.4627804904521],[38.5683162434898,37.4630560980909],[38.567013075087,37.4644127061637],[38.5654435221359,37.4650493706603],[38.5639675564237,37.4630582682301],[38.5630612521704,37.4637448459206],[38.5630365668407,37.4649525282126],[38.5645944552952,37.4676426866327],[38.5614200846358,37.4688853624139],[38.5608360460072,37.4688972981778],[38.5600298394099,37.4680582682298],[38.5588861762155,37.4683306206605],[38.5586138237851,37.4705582682299],[38.5575027126738,37.4720225694451],[38.5580357530384,37.4729627821187],[38.5604833984378,37.4737570529521],[38.5613861762156,37.4761138237852],[38.5624972873266,37.4775781250007],[38.5605368381079,37.4792030164937],[38.5575488281252,37.4791422526047],[38.5561083984377,37.479997287327],[38.5554766167538,37.481299099393],[38.553426106771,37.481699490018],[38.5526174587677,37.4837500000006],[38.5513913302954,37.4841696506084],[38.5497371419273,37.484135742188],[38.5497363281252,37.4858249240457],[38.5486580403647,37.486193847657],[38.5483295355905,37.4855563693582],[38.5486349826389,37.4843649631083],[38.5485975477431,37.4825287543408],[38.5491753472226,37.4808406575527],[38.5491582573787,37.4800081380216],[38.5496229383682,37.4791061740457],[38.5480585394966,37.4783471679694],[38.5480634223094,37.4775249565978],[38.5477804904516,37.4769417317714],[38.5467350260417,37.4764344618062],[38.5473201497398,37.4747249348965],[38.5466639539933,37.474997287327],[38.5451063368057,37.4777444118929],[38.5430362955731,37.4772138129348],[38.5416973198788,37.4786075846362],[38.5400032552085,37.4785913085944],[38.5399970160594,37.4788916015633],[38.5405305989586,37.4794040256082],[38.5411083984375,37.4805257161463],[38.5405417209202,37.481963161893],[38.5405693901911,37.4833132595492],[38.5400195312503,37.483885633681],[38.5394547526043,37.483897298178],[38.5388861762156,37.4830582682297],[38.5384361436636,37.4816715494798],[38.5377823893232,37.4816582573791],[38.5365277777782,37.4826104058167],[38.5352804904518,37.4816639539936],[38.5334505208337,37.480942111546],[38.534311794705,37.4788183593756],[38.5333360460072,37.4773790147574],[38.535012478299,37.4761067708338],[38.534256184896,37.4753800455736],[38.5372195095487,37.4737000868061],[38.536716308594,37.4725037977436],[38.5358558485247,37.4724861653652],[38.5326204427084,37.4738861762158],[38.5325368923613,37.4708368598095],[38.5316867404516,37.4708194986983],[38.5302804904516,37.4725027126742],[38.5289279513892,37.4731589084208],[38.5285766601564,37.4745996093754],[38.5266227213544,37.4760823567715],[38.5260923936634,37.4755303276916],[38.5244547526045,37.4755639648444],[38.5236173502607,37.4743283420146],[38.5243500434032,37.4719235568581],[38.5268473307295,37.4702596028651],[38.5260587565106,37.4690961371535],[38.5261195203998,37.4661138237854],[38.5250425889757,37.4666311306429],[38.5233851453995,37.4683306206605],[38.5230018446183,37.4676961263027],[38.5235346137155,37.4656171332471],[38.5208146158855,37.4647197808167],[38.5200195312501,37.4638921440978],[38.5177804904517,37.4643831380214],[38.5180555555559,37.4630392795144],[38.5197195095491,37.4614407009554],[38.5194135199656,37.4591940646708],[38.517224934896,37.4602804904521],[38.5158306206599,37.4605528428824],[38.5153751627607,37.462421332466],[38.5130916341147,37.4641539171013],[38.5117730034725,37.4644919162331],[38.5105645073787,37.4639054361984],[38.5105324978301,37.4623369683167],[38.5133279079863,37.461234537761],[38.5127425130211,37.4593674045148],[38.5140315755212,37.4585221354173],[38.5149986436634,37.4572173394102],[38.5166205512153,37.4580528428826],[38.51825764974,37.4573155381951],[38.5195659722222,37.4555913628478],[38.5180604383682,37.4551028103305],[38.5180284288199,37.4535294596362],[38.5200949435766,37.4540589735249],[38.5211111111112,37.4527693684901],[38.5243782552085,37.4528358289937],[38.5252606879343,37.4519881184901],[38.5258398437504,37.4511102973096],[38.5252750651044,37.4508360460076],[38.5250027126738,37.4502750651049],[38.5241639539932,37.4500027126743],[38.5237611219618,37.4491726345492],[38.5219471571183,37.4491750759554],[38.5223706054692,37.4482937282994],[38.5242588975696,37.4476472981777],[38.5252994791672,37.4483528645841],[38.5264070638022,37.4483300781257],[38.5280257161459,37.4491639539937],[38.5291693793404,37.448891601563],[38.529441731771,37.4480528428826],[38.5306477864585,37.4477587890631],[38.5302739800349,37.4466666666672],[38.5308482530385,37.4449427625876],[38.5330840386287,37.4454006618928],[38.5326839192708,37.4434467230908],[38.5366916232642,37.4427267795144],[38.5379337565108,37.4415332031256],[38.5366704644101,37.440319552952],[38.5366587999133,37.4397471788202],[38.5369845920141,37.4390752495665],[38.5381290690106,37.4408205837681],[38.5393082682294,37.4408447265632],[38.5398445638023,37.4397395833341],[38.5411029730906,37.4397138129345],[38.5421245659724,37.4402400716152],[38.5437500000002,37.4404166666673],[38.5429573567711,37.4390814887159],[38.541730685764,37.4378046332471],[38.5397284613718,37.436833224827],[38.5397083875869,37.4358534071185],[38.540138888889,37.4354052734379],[38.5410492621531,37.4363528103304],[38.5421923828127,37.4369417317713],[38.5437714301218,37.4366392686641],[38.5443766276043,37.4353919813376],[38.5452804904517,37.4358306206605],[38.5456724717885,37.4366387261292],[38.5488481987851,37.437497287327],[38.5486138237847,37.4366639539937],[38.5469509548614,37.4360080295143],[38.5469308810766,37.435028754341],[38.5473752170141,37.4337307400178],[38.5461138237848,37.432518988716],[38.5466335720489,37.4319471571187],[38.5475027126737,37.4322195095491],[38.5480305989586,37.4327688259556],[38.549441731771,37.4327975802958],[38.5486138237847,37.4311409505214],[38.5519208441842,37.430944552952],[38.553961588542,37.4324929470494],[38.5548838975697,37.4325119357644],[38.5540071614586,37.4308094618062],[38.5586083984378,37.430247395834],[38.558336046007,37.4297195095493],[38.5560837131076,37.4294441731778],[38.5550154622399,37.4283322482644],[38.5527587890626,37.4280173068583],[38.5527859157989,37.42668077257],[38.5509551323787,37.424866536459],[38.5528976779517,37.4229459635422],[38.5511138237849,37.4208523220491],[38.5514114040802,37.4205249023444],[38.5535750325523,37.4205691189243],[38.5543565538196,37.4201898871535],[38.555542263455,37.4182278103306],[38.5541569010419,37.4177783203132],[38.5556065538197,37.4165852864589],[38.5582666015625,37.4174959309902],[38.5588807508684,37.4175084092888],[38.5599818250869,37.4169411892369],[38.560980360243,37.4169615342888],[38.5616639539933,37.4155528428826],[38.5628426106772,37.4152652994798],[38.5649574110245,37.4141761610249],[38.5693551974827,37.4140863715285],[38.5702918836807,37.4149861653651],[38.5695855034726,37.4160281032991],[38.5713590494794,37.4169417317716],[38.5719417317712,37.4164306640631],[38.5708360460073,37.4139187282993],[38.5713538953997,37.4128000217019],[38.5727964952259,37.4122197808165],[38.5738039822051,37.4111710611987],[38.5766476779515,37.4147195095492],[38.5776619466147,37.4139925130215],[38.5806263563369,37.4152750651048],[38.5813972981771,37.4150008138026],[38.5813945855037,37.4134667968755],[38.5786222330731,37.4111732313374],[38.5808360460072,37.4088690863722],[38.5841379123267,37.4089363606776],[38.5845768229169,37.4080843098966],[38.5824384223092,37.4075629340285],[38.5849972873267,37.404698079428],[38.5824972873267,37.4047195095493],[38.5794881184897,37.4051041666675],[38.5762513563369,37.4047086588549],[38.5754277886288,37.4030615234382],[38.5733365885418,37.403081054688],[38.5733422851564,37.4008132595493],[38.5716867404515,37.4008471679693],[38.5711138237849,37.4002967664939],[38.5715353732639,37.3989729817715],[38.5734882269967,37.3977888997403],[38.5758162434901,37.3978030056429],[38.5761195203997,37.3972140842021],[38.5760970052084,37.3961195203997],[38.5793676757816,37.3949145507818],[38.5798841688371,37.3954519314241],[38.5825984700523,37.394277615018],[38.583342013889,37.3949918619799],[38.5833138020835,37.3963799370665],[38.5845662434898,37.3964054361986],[38.5854294162331,37.3947303602438],[38.584879557292,37.3936634657123],[38.5869829644097,37.3929435221358],[38.5888598632814,37.3938864474832],[38.5905742730036,37.3942211914069],[38.5905357530383,37.3961078559035],[38.590836046007,37.3961140950528],[38.5926171875001,37.3946188693583],[38.594989963108,37.395197211372],[38.595014105903,37.3963861762158],[38.5941693793403,37.3967960611984],[38.5944417317709,37.3972249348966],[38.5955528428822,37.3975854492194],[38.5952216254342,37.3991748046881],[38.5922146267364,37.3999981011291],[38.5925713433162,37.4003407118061],[38.590802680122,37.4025317382819],[38.5932964409724,37.4024810112854],[38.594703233507,37.403886176216],[38.5955647786462,37.4024921332471],[38.5941693793403,37.4018150499139],[38.5946370442712,37.401078287761],[38.5991639539933,37.401170518664],[38.598613823785,37.3994417317713],[38.5975027126737,37.3989027235247],[38.5977750651043,37.3977750651047],[38.5985891384552,37.396950412327],[38.5997317165803,37.3980485026046],[38.5989534505211,37.399196506077],[38.6005582682295,37.3991636827262],[38.6016693793405,37.4002750651047],[38.6019712999134,37.4021291775181],[38.6033344184032,37.4016625976568],[38.6048003472226,37.4027750651048],[38.6063861762157,37.4024462890632],[38.6058360460071,37.4008306206605],[38.6039808485245,37.3985324435769],[38.6044577365456,37.3980360243061],[38.6061094835072,37.3980696614589],[38.6068801540801,37.3961151801221],[38.607495388455,37.3961027018236],[38.6093332248266,37.3974972873272],[38.6102804904516,37.3969471571187],[38.6106323242192,37.3958629014765],[38.6125027126739,37.3955582682299],[38.6128390842017,37.3952083333338],[38.6168880208335,37.3941707356777],[38.6222222222225,37.3941807725701],[38.6225726996532,37.3927430555563],[38.624604763455,37.3920838758687],[38.6255289713545,37.3911219618062],[38.6275027126737,37.3900027126741],[38.6282527669272,37.3881011284727],[38.6300027126739,37.3872249348966],[38.6377750651043,37.3802750651048],[38.6399785698788,37.3792060004347],[38.6408051215278,37.3783455403653],[38.6423844401043,37.3774080403653],[38.641140950521,37.3761138237854],[38.6399039713543,37.3776538085942],[38.6377067057292,37.3792125108513],[38.6333563910591,37.383048502605],[38.6323250325522,37.3835487196188],[38.6291639539934,37.3861083984383],[38.6247998046877,37.3899473741326],[38.6225233289934,37.3911200629345],[38.620279405382,37.3911366102435],[38.6199671766494,37.3895372178826],[38.6183129882814,37.3888848198791],[38.6175404188369,37.3880805121533],[38.6167032877608,37.3876494683167],[38.6151581488718,37.388696831598],[38.6141040039066,37.3881537543411],[38.6122249348962,37.3902804904521],[38.6101435004342,37.3909559461811],[38.6097089301217,37.3914084201394],[38.6083414713543,37.3913804796013],[38.6072520616323,37.3919417317714],[38.6066704644098,37.3914314778651],[38.6066921657987,37.3894471571186],[38.6049972873268,37.3905528428825],[38.6045909288197,37.3922195095491],[38.6032150607639,37.3918381076397],[38.601986762153,37.390559895834],[38.5988861762153,37.3900027126741],[38.5983251953125,37.3897138129345],[38.5970035807294,37.3897409396709],[38.5930371093752,37.3891216362853],[38.5919476996528,37.3880750868062],[38.5919585503476,37.3863921440978],[38.5900398763023,37.3864135742194],[38.5857950846358,37.3851787651916],[38.5852750651042,37.384169379341],[38.5849517144098,37.3825132921014],[38.5824986436635,37.3827813042541],[38.5814187282989,37.3822249348964],[38.5802910698787,37.3827468532994],[38.5794634331599,37.383608398438],[38.5794585503477,37.382503255209],[38.577140028212,37.3824557834207],[38.5756268988719,37.382824707032],[38.5751836480036,37.3841902669276],[38.5727810329863,37.3841864691847],[38.5727840169271,37.3834410264764],[38.5705802408855,37.3819471571185],[38.5699972873266,37.3822195095491],[38.5693055555558,37.3832744683165],[38.5673792860246,37.3822821723099],[38.566852213542,37.3839067925354],[38.5650027126738,37.3838690863722],[38.5667464192711,37.3857017686639],[38.5702636718751,37.3874807400179],[38.5723453776043,37.3907202148444],[38.571151529948,37.3919194878479],[38.5687326388892,37.3926700846361],[38.5680750868055,37.3946961805561],[38.567284071181,37.395519476997],[38.5657937282988,37.396287163629],[38.5629324001737,37.3942293294279],[38.5605796983508,37.3930878363722],[38.5594395616321,37.3912079535597],[38.5591693793404,37.389997287327],[38.5585801866321,37.3894311523445],[38.5586184353302,37.3875629340284],[38.5560940212675,37.383011881511],[38.5541965060768,37.3811138237854],[38.5527804904517,37.3814510091153],[38.5544441731772,37.3872384982647],[38.5555531141494,37.3883037651916],[38.5566851128475,37.3928889973964],[38.5577750651044,37.3947249348963],[38.5591783311633,37.3954058159728],[38.5591539171009,37.3965993923618],[38.5605582682293,37.3969417317715],[38.5614010959204,37.3983615451396],[38.5633292643231,37.4002137586813],[38.563347167969,37.4010910373271],[38.5628702799484,37.4015874565978],[38.5597919379343,37.4022178819449],[38.5582191297746,37.402217068143],[38.5572016059031,37.4039309353306],[38.5544962565108,37.4038758680562],[38.5525425889758,37.4047127278653],[38.549484320747,37.404697536893],[38.5483631727433,37.4052750651048],[38.5475189887154,37.4044471571186],[38.5460150824656,37.4064105902784],[38.5442135959203,37.4070271809902],[38.5435272894969,37.4056523980041],[38.5416965060765,37.407497287327],[38.5408089192711,37.4063639322922],[38.5400138346357,37.4047252061638],[38.539621853299,37.4047173394105],[38.5402750651044,37.4066259765631],[38.5394699435768,37.4083159722228],[38.5355183919274,37.4093931749138],[38.5347639973961,37.4078382703999],[38.5336518012155,37.4066805013028],[38.5322249348961,37.4063148329],[38.5336083984378,37.4087795681429],[38.5332842339412,37.4102365451395],[38.5314434136287,37.4105957031256],[38.5310451931426,37.4122292751742],[38.5297089301218,37.4125081380215],[38.5278789605037,37.4124709743929],[38.5258759223094,37.4133238389763],[38.5230742730038,37.4133081054695],[38.521993543837,37.4144330512158],[38.5186357964412,37.416386176216],[38.5159247504342,37.4145760091153],[38.5149780273439,37.4160199652785],[38.5138785807293,37.4163962131083],[38.5125903320316,37.4157324218759],[38.5102750651045,37.415280490452],[38.5091235351566,37.41334092882],[38.5069479709204,37.4132964409728],[38.506936577691,37.413863661025],[38.5074972873266,37.4144471571188],[38.5085991753475,37.4149818250874],[38.5105802408854,37.4166880967888],[38.5133360460071,37.4177750651048],[38.5193356662329,37.4213810221359],[38.5205528428822,37.4231765407993],[38.5169417317712,37.4238861762158],[38.5158672417536,37.4244395616324],[38.5144373914932,37.4247881401916],[38.5144775390629,37.4267635091152],[38.5120477973093,37.4272612847228],[38.5105357530383,37.4267437065977],[38.5088690863719,37.428008626303],[38.5048236762154,37.429150661893],[38.5023489040798,37.4294669596361],[38.5005588107641,37.4294303385423],[38.5005417209204,37.4302577039936],[38.5022195095489,37.4315646701395],[38.5019447157122,37.4316704644104],[38.5003184678822,37.4311138237853],[38.4985272894969,37.4315361870665],[38.4977916124133,37.4330525716151],[38.496695963542,37.433074815539],[38.4955853949656,37.4325027126744],[38.4955813259551,37.4344590928824],[38.4933685980904,37.4344523111986],[38.491108398438,37.4336138237853],[38.4903076171876,37.4327804904519],[38.4902162000871,37.4335413954],[38.493052842882,37.43605577257],[38.4922257486981,37.4365608723966],[38.4902750651043,37.4369417317713],[38.4898499891496,37.4378179253477],[38.4875406901045,37.438608398438],[38.4850865342884,37.4382177734379],[38.48329155816,37.4370008680561],[38.4823440212676,37.4379112413201],[38.483885091146,37.4393915473095],[38.4839084201392,37.4405360243064],[38.4827804904518,37.4413916015631],[38.4814051649308,37.4418378363721],[38.4813644748267,37.443838161893],[38.4821039496531,37.4456616210944],[38.4814472113719,37.4463452148442],[38.4789241536459,37.4463967556429],[38.4780368381079,37.4461086697056],[38.4770887586808,37.4451217990456],[38.4753404405383,37.4469417317716],[38.473644748264,37.4461981879345],[38.4722246636288,37.4428068033859],[38.471786024306,37.4405607096359],[38.4710853407118,37.4405466037333],[38.4711024305558,37.4433406575526],[38.4719417317711,37.4457926432299],[38.4713861762154,37.4469417317716],[38.4710213216148,37.4488099500874],[38.4695765516495,37.4495109049485],[38.4675027126737,37.4516693793409],[38.4652517361113,37.4522349717886],[38.4625189887154,37.4494471571187],[38.4619249131948,37.4502989366325],[38.4619525824655,37.4516533745665],[38.4615988498265,37.4526871744798],[38.4627452256946,37.4549123806431],[38.4609334309899,37.4555324978306],[38.4588685438369,37.4547181532125],[38.4571397569449,37.4529185655389],[38.4536409505209,37.4547195095492],[38.4520366753473,37.4543375651047],[38.4516639539933,37.4536138237853],[38.4510975477433,37.450526801216],[38.4511363389758,37.4486298285595],[38.4505579969621,37.4480742730042],[38.4502804904517,37.4472195095493],[38.4491669379343,37.4455764431431],[38.448847384983,37.4436138237855],[38.4477804904515,37.4441758897575],[38.448346625434,37.4475480143234],[38.4483468967015,37.450526801216],[38.4480693901912,37.4522021484382],[38.4475189887156,37.4527750651047],[38.4456475151911,37.4516254340282],[38.4434773763021,37.4525056966153],[38.4405528428822,37.4530528428825],[38.4395128038196,37.4537578667542],[38.4361737738718,37.4544417317715],[38.4334063042538,37.4541479492195],[38.4326923285593,37.4519471571186],[38.4310264756948,37.4534497070318],[38.4254413519968,37.4539252387159],[38.4230775282121,37.4533490668408],[38.4226304796009,37.452919379341],[38.4233306206599,37.450874023438],[38.4205262586806,37.4516859266499],[38.4187500000002,37.4516495768237],[38.418326280382,37.4525230577264],[38.4166151258683,37.4542485894103],[38.4133184136289,37.4538902452263],[38.4125189887154,37.4530582682299],[38.4103238932294,37.4541639539937],[38.4091639539933,37.453891601563],[38.4079245334202,37.4529513888895],[38.4065505642363,37.4538826497402],[38.4000374348961,37.453858506945],[38.3990049913198,37.4549074978305],[38.3973350694447,37.4553146701394],[38.3968429904517,37.4563286675354],[38.3930200195314,37.4568622504347],[38.3896047634551,37.4604172092021],[38.3866693793404,37.4613916015633],[38.3849972873267,37.4616639539938],[38.3830547417536,37.4624517144103],[38.3789021809898,37.4624918619797],[38.3780110677086,37.4627967664938],[38.3769105360245,37.4627742513028],[38.3752804904518,37.4636138237853],[38.3739363606774,37.4639415147576],[38.3727804904515,37.4647249348964],[38.3669851345489,37.466386176216],[38.3649972873267,37.4661138237854],[38.3642138671876,37.4657104492193],[38.3633978949654,37.4673925781255],[38.3622195095486,37.4677750651049],[38.360563964844,37.4688972981778],[38.3559532335071,37.4710012478305],[38.3548966471355,37.4720689561637],[38.3536249457466,37.4694474283859],[38.3533306206601,37.469441460504],[38.3529508463543,37.4713867187506],[38.3511105685764,37.4727829318581],[38.3505745442708,37.4722249348966],[38.3491693793405,37.4730582682297],[38.3468877495663,37.4737293836812],[38.3459478081599,37.4732449001743],[38.3430853949655,37.4747195095493],[38.340556369358,37.4739729817713],[38.3386366102432,37.4752745225701],[38.3380639648439,37.4752861870666],[38.3366162109376,37.4700027126742],[38.3360430230036,37.4706806098096],[38.3355639648439,37.4758306206604],[38.3333306206598,37.4755582682298],[38.3323980034724,37.4750778537333],[38.3314078776044,37.4761083984383],[38.3278076171879,37.4744471571187],[38.32583062066,37.4747195095493],[38.3244414605035,37.476375596789],[38.3241392686634,37.4784594726568],[38.3228217230904,37.4806789822055],[38.3198033311635,37.4842222764763],[38.3159833441842,37.48653889974],[38.3122254774308,37.4877582465284],[38.3122159830729,37.4882256401917],[38.3136083984379,37.4891693793409],[38.3172140842016,37.4894634331603],[38.3172295464412,37.490220269098],[38.3163916015627,37.4919471571185],[38.3138913302951,37.4947035047747],[38.3133452690973,37.4963859049486],[38.3124028862848,37.4963840060772],[38.3113612196183,37.4979728190112],[38.3091639539932,37.4983306206605],[38.3083387586807,37.4987554253479],[38.3062082248266,37.4992749023442],[38.3042662217885,37.5002170138894],[38.3008360460071,37.5030582682299],[38.2997596571182,37.5035804579001],[38.2986138237849,37.5046815321186],[38.3001744249134,37.5049310980909],[38.3043549262156,37.50314046224],[38.3049766710074,37.5044219292541],[38.3068332248266,37.5058306206604],[38.3080083550348,37.5036659071188],[38.3091259765625,37.5025027126743],[38.3088916015626,37.5041693793409],[38.3083360460072,37.5057926432298],[38.309923773872,37.5069417317714],[38.3105696614586,37.5063818359382],[38.3105474175348,37.505291883681],[38.3116248914933,37.5041704644104],[38.3130528428823,37.5041411675354],[38.3134431966149,37.5057427300352],[38.3146446397571,37.506361490886],[38.3151749674482,37.5047271050353],[38.3159692382813,37.5047108289937],[38.3175333658859,37.5057712131084],[38.3208306206601,37.5046587456603],[38.3194471571182,37.5037594943582],[38.3207023111981,37.5027804904522],[38.3208279079864,37.5037388780387],[38.3219794379343,37.5043318684905],[38.3238305664065,37.5037312825529],[38.3252804904517,37.5027804904522],[38.3255536566842,37.5016606987857],[38.3263861762154,37.5022249348963],[38.3277804904515,37.502497287327],[38.3297195095489,37.5033360460074],[38.3323784722226,37.5036610243062],[38.3327861870661,37.5044525824659],[38.3318657769099,37.5053369140634],[38.3322488064238,37.5064556206605],[38.3311056857641,37.5072306315112],[38.3297249348959,37.5072024197055],[38.3290332031252,37.5079220920145],[38.324724934896,37.5092301432298],[38.3250580512155,37.5101752387159],[38.3260142686635,37.5106393771707],[38.3252926974828,37.5113902452263],[38.321290418837,37.5119680447055],[38.3180593532988,37.511902126737],[38.3180498589412,37.512366536459],[38.3203076171876,37.5136360677091],[38.322474229601,37.5135918511291],[38.3238861762155,37.5149481879347],[38.3233911132814,37.5155523003478],[38.3208078342016,37.5158330620667],[38.3208382161459,37.5173193359382],[38.3172295464412,37.5181114366328],[38.3172135416667,37.5188970269104],[38.318310275608,37.5199929470492],[38.3194303385417,37.5205362955735],[38.3199972873265,37.5216368272576],[38.3194870334202,37.5222184244798],[38.318631184896,37.5222360568583],[38.3163905164934,37.5200287543409],[38.3155693901913,37.5183360460075],[38.3138921440976,37.51887342665],[38.3141636827258,37.5202804904522],[38.3152357313371,37.5216932508687],[38.3144634331601,37.5224972873272],[38.3131445312504,37.522180175782],[38.3109803602432,37.5207400173616],[38.3116639539931,37.5227370876742],[38.3112679036461,37.523608398438],[38.3090502929689,37.5229169379347],[38.3080582682292,37.5238699001744],[38.3087605794274,37.5246427408861],[38.3099972873268,37.5254535590284],[38.3061512586807,37.5254969618061],[38.305138888889,37.5265505642367],[38.3038462999134,37.5252050781257],[38.302743326823,37.5255631510423],[38.3006247287331,37.5277341037333],[38.2966533745663,37.5269363064242],[38.2938916015626,37.5269132486986],[38.2947195095487,37.5283360460077],[38.2961138237849,37.5288861762162],[38.2964610460072,37.5306640625006],[38.2997195095487,37.5314935980908],[38.2992724609376,37.5322384982644],[38.297796495226,37.5322083875874],[38.2961083984377,37.5330528428825],[38.295569390191,37.5341636827263],[38.2930566406253,37.5330520290805],[38.2912217881947,37.5334277343757],[38.2884350585941,37.5311998155387],[38.2879714626739,37.5320996093756],[38.2891639539935,37.5344146050356],[38.288476291233,37.5344970703131],[38.2871370442709,37.5340386284728],[38.2864027235245,37.5355528428826],[38.2847246636288,37.5349970160598],[38.2836195203996,37.5350198025178],[38.2830544704862,37.534158257379],[38.2816924370661,37.5341859266499],[38.2808360460071,37.5333303493931],[38.2775027126737,37.5332796223965],[38.2780528428822,37.533891601563],[38.2791693793405,37.5341639539936],[38.2812093098958,37.5358761935771],[38.2841395399307,37.536827256945],[38.2850697157118,37.5392936197922],[38.2806163194449,37.5419799804693],[38.2844520399309,37.5419018554695],[38.2885991753473,37.5425078667542],[38.2900998263892,37.5419940863723],[38.291200900608,37.5434450954866],[38.2905414496528,37.5447252061637],[38.2905810546876,37.5466639539939],[38.2880853949653,37.5455582682297],[38.2880444335941,37.5473470052088],[38.2893787977432,37.5480343967019],[38.2915958658857,37.5480796983512],[38.2940980360246,37.5473554144972],[38.2958306206597,37.54805826823],[38.29833062066,37.5484073893237],[38.2980582682295,37.5491693793409],[38.2975032552085,37.5497026909731],[38.2962518988717,37.5531673177089],[38.294519042969,37.5518524848097],[38.2930853949653,37.5511138237854],[38.2922195095489,37.5513861762159],[38.2915456814238,37.5527750651048],[38.2902750651045,37.5525027126744],[38.2897412109378,37.5519471571185],[38.2880853949653,37.5527750651048],[38.2859768337677,37.5507316080735],[38.2852897135418,37.5486140950528],[38.2847148980036,37.5486024305561],[38.2830555555558,37.5491704644104],[38.2805612521701,37.5481890190978],[38.2805585394967,37.5500086805562],[38.279192437066,37.549980740018],[38.2772474500872,37.55277452257],[38.2758365885418,37.5528032769104],[38.2758194986979,37.5519645182297],[38.2774972873268,37.5503295898443],[38.2769447157119,37.5499956597228],[38.2762784830731,37.5503388129349],[38.2750303819446,37.5499115668409],[38.2739138454863,37.5522132703998],[38.2728062608509,37.5522357855908],[38.2724967447919,37.5493855794278],[38.2705750868059,37.5513856336813],[38.2684461805556,37.5510742187506],[38.2671476236983,37.5487855360251],[38.267785373264,37.5472132703999],[38.2665535481773,37.5460297309036],[38.2671091037328,37.5422284613722],[38.266359592014,37.5422129991326],[38.2652804904516,37.5433360460075],[38.2641625976564,37.5436086697055],[38.2644414605035,37.5450027126741],[38.2655523003473,37.5466411675354],[38.265552571615,37.5488913302958],[38.2660907660592,37.5504635959207],[38.2649243164063,37.5508629014762],[38.2615136718751,37.5507934570318],[38.2591807725696,37.5519251844625],[38.2587207031254,37.5528179253479],[38.2622195095487,37.5527861870666],[38.2627587890628,37.5522249348965],[38.2645741102432,37.5525754123269],[38.26583062066,37.5531849500875],[38.2644471571182,37.5550781250007],[38.2654828559029,37.5553312174484],[38.266914605035,37.5538916015631],[38.2677948676219,37.5542990451396],[38.2677861870662,37.5558249240459],[38.2663916015626,37.5565182834209],[38.2667673068579,37.5574934895841],[38.2700868055558,37.5577959526916],[38.2727300347223,37.5577419704869],[38.2744471571182,37.5602750651047],[38.274895290799,37.5616560872403],[38.2766427951389,37.5616474066848],[38.2786672634552,37.562340223525],[38.2827704535591,37.5628417968758],[38.2827918836805,37.5638842773443],[38.2811138237851,37.5649842664937],[38.2819417317711,37.5666368272577],[38.2814314778648,37.5672184244798],[38.279961480035,37.5669311523443],[38.2772596571182,37.5669140625009],[38.2766699218751,37.5674804687507],[38.2766474066842,37.5685818142366],[38.2780588107642,37.5713707139764],[38.2780636935766,37.5722078450527],[38.2764021809897,37.5722417534727],[38.2753249782988,37.5711206054694],[38.2741780598959,37.5710972764764],[38.2734817165802,37.5724972873272],[38.2675027126739,37.5711724175353],[38.2680870225698,37.5728352864589],[38.2697195095489,37.5744037543409],[38.2693250868059,37.5752718098965],[38.2669580078125,37.5750195312507],[38.2653076171878,37.5741693793409],[38.2641748046876,37.575286458334],[38.2633414713543,37.5752693684902],[38.2608360460073,37.5759380425353],[38.26117702908,37.5768541124137],[38.2630528428823,37.577763943143],[38.2625192599828,37.5794297960074],[38.2600431315108,37.5794805230042],[38.25751953125,37.5769476996534],[38.2563701714413,37.5769240993932],[38.2550249565974,37.5783243815109],[38.2539531792535,37.5783460829001],[38.2516704644098,37.5761528862853],[38.2517089843752,37.5736206054692],[38.250050998264,37.573970269098],[38.2486135525176,37.5725187174485],[38.2481583658854,37.5711159939244],[38.2473434787329,37.5710994466151],[38.2466639539933,37.5727750651048],[38.2463536241321,37.5772143554692],[38.2453295898437,37.5772352430562],[38.2444417317708,37.5769471571188],[38.2414515516494,37.5748765733513],[38.2408360460071,37.5736083984381],[38.2402861870663,37.573079969619],[38.2397249348959,37.5702750651046],[38.2391693793402,37.5691965060769],[38.2398814561635,37.5677547200527],[38.2372596571182,37.567808159723],[38.2360337999134,37.5661181640631],[38.2353664822051,37.5661043294276],[38.2350027126737,37.5672249348965],[38.2344384765628,37.5680574544279],[38.2355582682296,37.5683306206603],[38.237994249132,37.5698231336814],[38.2373489040802,37.5711531575528],[38.2352832031253,37.5723795572924],[38.2352704535593,37.5730032009556],[38.237772623698,37.573491753473],[38.2377747938367,37.5744468858515],[38.2386083984376,37.5760649956606],[38.2382785373267,37.5778065321188],[38.2360766601566,37.5785210503479],[38.236460232205,37.5796421983513],[38.2350027126737,37.5810704210076],[38.2377259657119,37.5805582682298],[38.235836046007,37.5838427734383],[38.2366330295142,37.5839135742193],[38.23841796875,37.5828312174485],[38.2394471571182,37.5833306206604],[38.2400084092884,37.5841864691847],[38.242202419705,37.5841414388026],[38.2435253906253,37.5863232421881],[38.241726888021,37.5876565212681],[38.2406917317711,37.5906803385423],[38.2413023546011,37.5913159179693],[38.2428247070313,37.5908216688376],[38.2449403211808,37.5897319878478],[38.2460910373266,37.5897083875873],[38.2469254557294,37.5905528428825],[38.249414605035,37.588891601563],[38.2516693793405,37.5897195095492],[38.2520749240452,37.5913829210078],[38.253608669705,37.591108127171],[38.2557025824657,37.591094021268],[38.2565112304691,37.5927604166672],[38.2577964952259,37.5927867296015],[38.2597051323788,37.5908002387159],[38.2607497829863,37.5923933919276],[38.262194824219,37.5916924370664],[38.2636892361112,37.5905582682298],[38.2644417317711,37.5909849717888],[38.2632050238716,37.5928143988721],[38.2638245985244,37.5940171983514],[38.26277859158,37.5947262912333],[38.2609190538195,37.5940896267369],[38.260003526476,37.5949693467888],[38.2599660915802,37.5967957899312],[38.2605140516493,37.599470757379],[38.2599994574654,37.60000623915],[38.2594417317709,37.599169379341],[38.2585693359377,37.5991517469623],[38.2569306098092,37.5975027126743],[38.2563753255211,37.598647189671],[38.2563951280384,37.5996063910596],[38.2557240125871,37.6005528428824],[38.2526033528649,37.5986604817714],[38.2516693793405,37.599762912327],[38.2536083984377,37.601669379341],[38.2547463650174,37.6019468858511],[38.2564084201393,37.6030734592022],[38.2563764105905,37.604639756945],[38.254724934896,37.6052804904521],[38.2522439236114,37.6055837673617],[38.2516061740453,37.6049471028654],[38.2505257161459,37.6044471571185],[38.2497195095486,37.6052861870665],[38.2491354709205,37.6052742513028],[38.2475265842015,37.6044455295146],[38.2461138237849,37.6042184787332],[38.2475027126738,37.6055528428824],[38.2477750651042,37.6061748589416],[38.2452275933162,37.6071793619796],[38.2457383897571,37.607670084636],[38.248706325955,37.6069094509554],[38.2519628906254,37.606924099393],[38.2513861762154,37.6077750651048],[38.2511138237847,37.6089029947922],[38.2520589192711,37.6088837348095],[38.2540006510417,37.6074102105041],[38.2547197808162,37.6077807617194],[38.2553965928822,37.6077829318581],[38.2558306206599,37.6085064019102],[38.2540679253474,37.6092016601569],[38.2536138237847,37.6098008897575],[38.255345323351,37.6110845269103],[38.2537041558162,37.6126611328132],[38.2522043185765,37.6131477864591],[38.2522178819446,37.6150792100703],[38.250252278646,37.6155582682297],[38.2502807617189,37.616947021485],[38.2499701605904,37.6174972873271],[38.2483034939237,37.6166693793411],[38.2472249348959,37.6172249348966],[38.2452750651043,37.6174972873271],[38.245002712674,37.6179242621535],[38.2484711371529,37.6189472113723],[38.2495279947919,37.6194916449659],[38.2505859375003,37.6205928548183],[38.2505525716149,37.622230631511],[38.2497949218753,37.6222151692716],[38.2480712890627,37.6209073893236],[38.2467260742191,37.621819254558],[38.2483360460072,37.6227750651049],[38.2488967556427,37.623358696832],[38.2488804796009,37.6241586642801],[38.2494571940104,37.6252780490456],[38.2478344726567,37.6256736924918],[38.2466693793406,37.6252750651049],[38.2430400933162,37.624723036025],[38.2424972873266,37.6241582573791],[38.2419360351565,37.6241696506084],[38.2419512261287,37.6249157714851],[38.2439510091149,37.6255805121534],[38.2451334635419,37.6268111165373],[38.2464062500001,37.6272242567281],[38.2463481987849,37.6283306206606],[38.2423065863719,37.626669379341],[38.2419471571185,37.6277914767801],[38.2432766384549,37.6284365505649],[38.2434461805558,37.6297195095493],[38.2413720703129,37.6288781738286],[38.2403700086807,37.629920925565],[38.239943576389,37.6290418836812],[38.2391354709202,37.6283360460075],[38.2391522894965,37.6308416069884],[38.2384494357641,37.6308272298183],[38.2363831922744,37.6291437445752],[38.2352579752607,37.6286138237853],[38.235297309028,37.6305373806431],[38.2348432074654,37.631108398438],[38.2333439127607,37.6300919596362],[38.2308360460071,37.6316693793408],[38.229169108073,37.6322250705302],[38.2266639539932,37.6322079806863],[38.225525716146,37.6333306206604],[38.2244471571184,37.6327750651047],[38.2219322374134,37.6323655870231],[38.2208938259552,37.6339493815112],[38.2196945529516,37.6347357855909],[38.2185948350696,37.6347134060335],[38.2177804904516,37.636391601563],[38.2166414388024,37.6378027343757],[38.2150027126738,37.6377693684903],[38.2127229817713,37.6403249782991],[38.2110413953995,37.6411408148876],[38.2089868164062,37.6410989040807],[38.2073635525178,37.6423305935335],[38.2067268880209,37.6442928059903],[38.2052341037327,37.6450169542106],[38.2031374782988,37.6471993001307],[38.2011138237848,37.6480582682298],[38.1997195095487,37.6483306206603],[38.1980476888022,37.6491917588982],[38.1980617947053,37.6498948838982],[38.2038614908856,37.6485735405823],[38.2068394639759,37.6459539116761],[38.2088039822052,37.6451741536465],[38.2094615342883,37.6427526855474],[38.2124270290802,37.642813178169],[38.2136328125003,37.6436305067281],[38.2142062717015,37.6448122829867],[38.213776312934,37.6502829318583],[38.214549153646,37.6502671983512],[38.2159320746528,37.6461111111116],[38.2152498372396,37.6434510633687],[38.2152840169271,37.641773817275],[38.2177959526914,37.6399918619799],[38.2183357747396,37.6400028483079],[38.2206334092884,37.6388361273877],[38.2214458550351,37.6379907226568],[38.2233360460073,37.6391639539936],[38.2252636718752,37.640781928169],[38.2297452799481,37.6377705891933],[38.2308306206599,37.6366639539938],[38.2330007595489,37.6363106282558],[38.2334461805559,37.6390464952265],[38.2322981770836,37.6418770345057],[38.2319360351564,37.6422249348965],[38.2319482421877,37.6428305392802],[38.2339078776046,37.644759114584],[38.2338777669272,37.6462371148012],[38.2348952907989,37.6477750651049],[38.2355851236982,37.6460266113288],[38.2355523003474,37.6444261338981],[38.2366737196184,37.6421990288638],[38.2374972873266,37.6410974121101],[38.2363690863716,37.6405501302091],[38.2364040798614,37.638834771051],[38.236964246962,37.6377475314676],[38.2397303602432,37.6363806152349],[38.2410365125868,37.6364071994364],[38.243055826823,37.6372262912333],[38.244314778646,37.636577690973],[38.2447195095489,37.6360089789503],[38.2433691406251,37.6351236979175],[38.2430582682292,37.6341476779519],[38.2439200846356,37.6333197699659],[38.2455528428823,37.633324924046],[38.2465123155384,37.6349850802958],[38.2472195095489,37.6372630479607],[38.2466585286459,37.6389020453565],[38.2466560872396,37.6412063259556],[38.2455164930557,37.6408162434901],[38.244724934896,37.6408631727437],[38.245477701823,37.6423243543843],[38.2447081163197,37.6430635579433],[38.2447306315106,37.644157036676],[38.2432812500002,37.6473946126309],[38.2422108289932,37.6479139539939],[38.2424880642364,37.6548909505213],[38.2429755316842,37.6555528428827],[38.2441986762154,37.6536872016065],[38.2452804904517,37.6533360460076],[38.2461083984376,37.6526683213982],[38.2446134440104,37.6502031792541],[38.245025499132,37.6494032118063],[38.2475170898439,37.6481944444452],[38.2474967447918,37.6471982150613],[38.2484054904517,37.646325005426],[38.2505992296008,37.6452608235684],[38.2516278754341,37.644190131294],[38.2519577365455,37.6418263075094],[38.2538932291669,37.640557318794],[38.2536140950523,37.6394418674052],[38.2527547200526,37.6383094618064],[38.2528404405384,37.6372249348964],[38.2569585503474,37.6386046006951],[38.2569354926219,37.6374750434032],[38.2542032877605,37.6359429253477],[38.2536138237847,37.6343423122836],[38.2549734157986,37.6334510633687],[38.2541305881081,37.6330421278219],[38.252782118056,37.6330696614591],[38.2525027126737,37.6326312934034],[38.2541693793403,37.6322249348964],[38.2555864800348,37.6312643771708],[38.258052842882,37.6307312011725],[38.2569417317711,37.6300027126741],[38.25641655816,37.6289202202698],[38.2575406901044,37.6275027126742],[38.2591962348092,37.6280693901919],[38.2610929361981,37.6299662272141],[38.2627750651042,37.6301756456171],[38.2616639539934,37.6294471571188],[38.2613818359377,37.62886569553],[38.2604652235245,37.6279851616761],[38.2597143554689,37.6260812717023],[38.2597252061635,37.6255471462679],[38.2608751085071,37.6255706108949],[38.2619466145835,37.6266859266498],[38.2627750651042,37.6266368272575],[38.2610828993056,37.625010850695],[38.2622523328994,37.6235582139764],[38.2622078450524,37.6213743760858],[38.2637315538195,37.6214055718323],[38.2633298068579,37.6194429524747],[38.2639029947919,37.6185972764763],[38.2647534179689,37.6186146375875],[38.2663623046878,37.6194433593755],[38.268736979167,37.6198299153652],[38.270076497396,37.6189218478739],[38.2688899739586,37.6183462185338],[38.2686138237848,37.6176209852436],[38.2699883355035,37.6152761501743],[38.2720233832467,37.6150027126744],[38.2752151150174,37.6166469997835],[38.2755528428823,37.6153282335077],[38.2735934787328,37.6149457465282],[38.2714971245664,37.6131860351568],[38.2708360460074,37.6120244683167],[38.2725962999135,37.6108704969625],[38.2746807183162,37.6116639539936],[38.275092230903,37.6091360134555],[38.2760544162329,37.6086138237856],[38.2795895724828,37.6116639539936],[38.2789564344621,37.6091929796013],[38.2811195203994,37.608890787761],[38.2810989040801,37.6078681098097],[38.2822249348961,37.6075027126743],[38.2827750651041,37.6070011393234],[38.2813804796009,37.6052734375009],[38.2813921440974,37.6047024197054],[38.2825311957466,37.6047257486987],[38.2852001953128,37.6061005316846],[38.2868126085074,37.6063861762158],[38.2858360460071,37.6040182834207],[38.287517089844,37.6032025824659],[38.2874964735245,37.602191569011],[38.2859073893233,37.6006648763027],[38.2866387261287,37.5992456054693],[38.2879508463541,37.5988916015632],[38.2884356011289,37.6013739691846],[38.2897249348961,37.6022195095492],[38.2910606553822,37.6038861762159],[38.2914168294272,37.6020613606778],[38.2922471788195,37.6016587999138],[38.2943530273439,37.6017016601568],[38.2957839626736,37.6012120225699],[38.2951695421009,37.5994167751744],[38.2971934678822,37.5994580078131],[38.2983764648438,37.5990530056429],[38.2988861762154,37.5998871527785],[38.2977357313371,37.602723524306],[38.2963861762155,37.6036083984381],[38.2955582682295,37.6063916015631],[38.2946590169272,37.6079166666673],[38.295073513455,37.608886176216],[38.2979231770835,37.605976833768],[38.299088541667,37.6055582682299],[38.3001752387153,37.6088346354172],[38.2995149739586,37.6101161024311],[38.3000062391496,37.6125141059035],[38.3009537760419,37.6124945746533],[38.3019718424482,37.6107798936638],[38.3055617947052,37.6066655815978],[38.3048505316841,37.6063205295143],[38.3044471571184,37.6056849500874],[38.3052861870661,37.6052777777783],[38.3044471571184,37.6047930230039],[38.3056217447918,37.6020787217887],[38.3067087131078,37.6013658311638],[38.3066634114585,37.5991471354171],[38.3061083984377,37.5986138237853],[38.3058360460072,37.5978632269971],[38.3082655164932,37.5968237304692],[38.3065182834205,37.5942458767369],[38.3080853949653,37.5927804904521],[38.309612901476,37.5943703884555],[38.3105693901911,37.5938774956603],[38.3105387369795,37.5923722330735],[38.3118538411461,37.5901611328133],[38.3112301974828,37.5877281358515],[38.3127804904514,37.5872249348965],[38.3159307183162,37.5851991102437],[38.3167184787328,37.5827804904521],[38.3199327256947,37.5836043294278],[38.3187847222223,37.5820912000875],[38.3198489040802,37.5805213758686],[38.3222528754341,37.5805704752611],[38.3233531358507,37.5813861762158],[38.3233262803821,37.5800767686637],[38.3201622178823,37.5788251410598],[38.3205428059898,37.5750726996533],[38.3177701822919,37.5746856011292],[38.3150523546011,37.5747092013896],[38.3136138237849,37.5734380425352],[38.3157486979168,37.5730211046014],[38.3161083984377,37.5720312500007],[38.3138384331598,37.5716617838548],[38.3117005750869,37.5705604383687],[38.3098025173612,37.5700976562507],[38.3103518337678,37.5690310329867],[38.3166962348092,37.5697827148446],[38.3186618381078,37.5705799696187],[38.3200084092886,37.5705525716151],[38.3199858940973,37.5694474283862],[38.3205726453996,37.5683081054693],[38.3237792968752,37.5683734809032],[38.3232682291668,37.5673819986986],[38.3202316623264,37.5666693793408],[38.3180257161459,37.567775065105],[38.3168939887156,37.5671921115457],[38.3150227864584,37.5672303602436],[38.3129063585073,37.5667968750007],[38.3125027126738,37.5655528428825],[38.3118804253473,37.5652509223095],[38.3097249348961,37.5630417209207],[38.310943196615,37.5624509006082],[38.3175176323785,37.5628705512158],[38.3186195203994,37.5624934895841],[38.3186081271703,37.5619360351568],[38.3175119357639,37.5619582790806],[38.3163916015627,37.5611083984382],[38.3149796549479,37.5605514865458],[38.3141748046877,37.5597135416672],[38.3133251953128,37.5597309027784],[38.3114238823787,37.5578605143235],[38.3111138237852,37.5572056749138],[38.3135167100697,37.5554245334207],[38.3148654513892,37.5558862304693],[38.3178306749134,37.5589721679693],[38.3183306206599,37.5600027126742],[38.3222195095489,37.5627804904519],[38.3241748046877,37.5636195203998],[38.3260853407118,37.5636360677092],[38.3266639539934,37.5631849500872],[38.3258249240454,37.5627777777784],[38.3258474392364,37.5616682942714],[38.3244064670139,37.56109998915],[38.3233086480036,37.5599574110249],[38.323336588542,37.558587239584],[38.3250406901045,37.5580582682299],[38.3270825195313,37.5587573242195],[38.3297195095489,37.5585972764763],[38.3286083984377,37.5580582682299],[38.3283360460072,37.5573516167541],[38.3291693793405,37.5569471571185],[38.3294417317711,37.5563538954],[38.3282815212676,37.5558360460077],[38.3257421875002,37.5564868164069],[38.3227308485246,37.5561018880213],[38.3215671115455,37.5548906792539],[38.3222363281252,37.5535918511292],[38.3247333441843,37.552347005209],[38.3247081163196,37.5511192491325],[38.3250027126738,37.5508360460078],[38.325450575087,37.5494558376743],[38.3275116644967,37.5491682942713],[38.3255674913196,37.5480737304694],[38.3243625217015,37.546819661459],[38.3227802191843,37.5472252061638],[38.3209681532122,37.5471880425355],[38.3205582682295,37.5456426323789],[38.323903808594,37.545279134115],[38.3244417317712,37.5447195095492],[38.3266718207469,37.5438907877612],[38.3263804796008,37.543325195313],[38.3263929578994,37.5427110460075],[38.3283523220488,37.5419471571186],[38.3291520182294,37.5427796766502],[38.3325027126738,37.5430528428825],[38.3330409071183,37.543612738716],[38.3361138237847,37.5438861762159],[38.3363861762153,37.5449218750007],[38.334894748264,37.5471698676222],[38.3330303276911,37.5477902560768],[38.3330598958334,37.5492374674486],[38.339153374566,37.5491129557297],[38.3394417317709,37.5500298394104],[38.337796495226,37.551664225261],[38.3364577907988,37.5520987955734],[38.3358360460072,37.5528076171883],[38.3370543077259,37.5539781358514],[38.3361263020833,37.5557793511292],[38.3371012369793,37.5563861762162],[38.3389010959202,37.5551660156257],[38.3405528428821,37.5558360460077],[38.3444471571184,37.5561083984382],[38.3458306206597,37.5573242187507],[38.3445727539063,37.5581488715285],[38.3422195095487,37.5586083984382],[38.3402750651046,37.5594417317716],[38.3396359592017,37.5613519965286],[38.3408740234377,37.5619417317714],[38.3432196723093,37.5611387803825],[38.3436083984378,37.5619634331604],[38.3430007595488,37.5625472005214],[38.3402821180555,37.5624915907125],[38.3394471571182,37.5631429036465],[38.341941731771,37.5650189887157],[38.3405647786462,37.566341959636],[38.3402804904515,37.5673952907993],[38.3423296440973,37.5677954101568],[38.3452585177953,37.5677582465286],[38.3466219075522,37.5687928602437],[38.3447338867189,37.5701923285596],[38.3444471571184,37.5718234592021],[38.3452804904516,37.5730528428827],[38.3455528428821,37.5749446614591],[38.3432861328126,37.5766248914937],[38.3416639539935,37.5769417317716],[38.3413916015627,37.5772379557299],[38.3438156467014,37.5788270399312],[38.344441731771,37.579914550782],[38.3431608072918,37.5803301323792],[38.342672526042,37.5813365342887],[38.3413916015627,37.5818150499136],[38.3427750651041,37.5825027126742],[38.346113823785,37.5827750651048],[38.3466639539933,37.5830853949659],[38.3460970052087,37.58418592665],[38.3441585286461,37.5852918836812],[38.3441756184896,37.5861322699658],[38.3468530273439,37.588255208334],[38.3455305989587,37.5888967556429],[38.3430422634549,37.5889146592888],[38.3408786349828,37.5866628689242],[38.3404763454864,37.5866710069449],[38.3396731228303,37.5895768229174],[38.3383873155383,37.5904199218756],[38.3380582682293,37.5911897786465],[38.3405693901911,37.591955837674],[38.3405471462676,37.5930571831603],[38.3444004991321,37.5940676540806],[38.3447412109377,37.5947696940111],[38.3447083875869,37.5963785807296],[38.3430037434898,37.5977750651048],[38.341213107639,37.5959111870665],[38.3398790147572,37.5965985785598],[38.3383197699654,37.5955417209206],[38.3374804687501,37.5955588107647],[38.3362868923613,37.5966639539939],[38.3352370876739,37.5952804904519],[38.3337323676219,37.5968465169279],[38.3366807725695,37.5988929578999],[38.3366577148438,37.6000200737853],[38.3383045789933,37.5999864366325],[38.3393901909724,37.6003580729171],[38.3399972873266,37.6017184787332],[38.3381898328995,37.6034548611119],[38.3363262261288,37.6038861762159],[38.3338755967885,37.6030474175353],[38.3331803385421,37.603061523438],[38.3327804904515,37.6039046223967],[38.3348798285592,37.6052807617193],[38.3352750651046,37.6070464409728],[38.3336138237852,37.6083645290806],[38.3353214518231,37.6083295355908],[38.3380582682293,37.6075027126743],[38.3391805013022,37.6066693793409],[38.3405582682292,37.609458550348],[38.3411824544273,37.6088088650181],[38.3408292643232,37.6077766927088],[38.3420545789932,37.6061618381083],[38.3430582682295,37.6058360460078],[38.343405219184,37.605121256511],[38.3465801323786,37.6030395507818],[38.3483040364584,37.6030748155389],[38.3500249565975,37.6022143554695],[38.3505696614586,37.6022254774315],[38.3505517578125,37.6030973307297],[38.3486531575523,37.6049734157992],[38.3499972873266,37.6070328776047],[38.3480525716147,37.6094417317716],[38.3480590820316,37.6097528754345],[38.3489252387153,37.6105848524313],[38.3488837348092,37.6126133897575],[38.3474896918403,37.6149121093755],[38.3475059678821,37.6157027180997],[38.3491805013025,37.616110975478],[38.3513861762156,37.6193212890631],[38.350525716146,37.6197195095492],[38.3494615342884,37.6186119249137],[38.3483574761287,37.6183360460076],[38.3472249348959,37.62037990994],[38.3487687174484,37.6208808051222],[38.3502859157988,37.6227943250875],[38.3502742513024,37.6233643934468],[38.348060167101,37.6233192274312],[38.3475027126739,37.6241693793407],[38.3433306206601,37.6244417317713],[38.3427804904518,37.6247738986552],[38.3448212348092,37.6267868381082],[38.3489325629344,37.6294613986552],[38.3499164496531,37.6304854329434],[38.3490098741322,37.6308306206603],[38.3476706271702,37.6299228244364],[38.346113823785,37.6294852701828],[38.3466856553819,37.631155598959],[38.346663682726,37.632230631511],[38.3460799153648,37.6322186957471],[38.3449812825523,37.6316528320319],[38.3441468641497,37.6316699218756],[38.3441696506076,37.6327804904521],[38.3435864257813,37.6330528428826],[38.3417049153651,37.6317774793843],[38.3400781250003,37.632497287327],[38.3385701497398,37.6313528103305],[38.33647515191,37.6313956705736],[38.3369539388023,37.6327947319884],[38.3387342664934,37.6336787923182],[38.3397195095489,37.6361138237855],[38.3411197916669,37.6377697753912],[38.3411054144966,37.6384777832038],[38.3393853081599,37.6380369737421],[38.3380609809029,37.6380639648445],[38.3368248155383,37.637226019966],[38.3354901801217,37.6394742838547],[38.3336165364585,37.6394360351571],[38.3327804904515,37.6400027126743],[38.32928765191,37.6402750651047],[38.3284857855907,37.6386219618062],[38.3260856119794,37.6375027126743],[38.3261306423611,37.6397029622403],[38.3251592339411,37.6409830729174],[38.3228439670141,37.6405088975703],[38.3216691080732,37.6411139594191],[38.3147328016494,37.6414036729607],[38.3130422634552,37.6408250596795],[38.3124563259551,37.6408369954435],[38.3108249240453,37.6413955349398],[38.3108393012155,37.6420916069884],[38.3168910047748,37.6438817003045],[38.3197450086805,37.6444524468321],[38.3280528428822,37.6447630479607],[38.3258485243057,37.6469456651483],[38.3236083984377,37.6472195095493],[38.3224433051216,37.6476181369365],[38.3209133572053,37.6469471571187],[38.320002712674,37.6483360460074],[38.3182316080731,37.649211832683],[38.3144997829862,37.6488651529954],[38.3103965928822,37.6503386773011],[38.3088693576389,37.6511253526481],[38.3088962131077,37.6524374728738],[38.3108306206598,37.6519417317714],[38.3137304687502,37.6516266547315],[38.3219468858508,37.6516695149747],[38.323090277778,37.6510805935337],[38.3258843315975,37.6511150444886],[38.3263861762154,37.6517074924052],[38.3257804361982,37.6534766981343],[38.3249527994795,37.6550835503478],[38.3236363389759,37.6563481987853],[38.3225545247399,37.6578078884556],[38.3253963216147,37.6577498372401],[38.3263628472225,37.6562754991328],[38.3286138237852,37.6558360460075],[38.3291560872396,37.6541651746969],[38.3308360460072,37.6538916015633],[38.3311083984375,37.6533969455301],[38.3297195095489,37.6530582682297],[38.3285750325522,37.6524686686204],[38.3286200629344,37.6502528211811],[38.3292431640627,37.6496542697491],[38.330329589844,37.6491693793411],[38.3325241427955,37.6514195421012],[38.335008138021,37.6513688151049],[38.33499593099,37.6507675509988],[38.333002387153,37.6491871473533],[38.3336409505209,37.6488916015633],[38.3361083984377,37.649970160591],[38.3346657986112,37.6467590332037],[38.3350298394099,37.6461138237853],[38.3366639539933,37.647780490452],[38.3372534179689,37.6480528428825],[38.3372192382814,37.6463861762161],[38.3378295898439,37.6461138237853],[38.3397363281252,37.6480638292108],[38.3404782443579,37.6480486382385],[38.34252983941,37.6447249348965],[38.3436195203996,37.6452863227004],[38.343607855903,37.6458527289503],[38.342180447049,37.6472825792107],[38.3416531032986,37.6483695475266],[38.3416753472225,37.6494467502176],[38.338319498698,37.6497451443148],[38.338314887153,37.6524267578133],[38.3386081271703,37.6544577365457],[38.3396099175347,37.6554204644102],[38.3391259765627,37.6558306206605],[38.3371590169272,37.6552818467889],[38.3366693793404,37.6571439615891],[38.3379158528647,37.6587867567282],[38.3363590494796,37.6602750651049],[38.3355314127605,37.6594137912334],[38.3336661783857,37.6594517686636],[38.3333360460072,37.6609798177088],[38.3350027126741,37.6613861762158],[38.3355528428821,37.662379692926],[38.3337868923613,37.6627750651048],[38.3330425347226,37.6616399468322],[38.331348198785,37.6611138237853],[38.3287272135418,37.6637611219624],[38.3254473198785,37.6644013129347],[38.3238590494793,37.6636138237852],[38.3216468641496,37.664719509549],[38.3225187174481,37.665002305773],[38.3230805121532,37.6655871582038],[38.323049045139,37.6671183268235],[38.3211083984377,37.6674972873268],[38.3193587239585,37.6682069227436],[38.3183178710939,37.6700161404086],[38.3166639539931,37.6705528428824],[38.3158471679688,37.6714027235248],[38.3130137803821,37.6732603624137],[38.3104106987848,37.6743675401481],[38.3084502495664,37.6747502983949],[38.30805718316,37.6755605740024],[38.3062405056424,37.6750027126742],[38.3058262803821,37.6758565266934],[38.3052577039933,37.6764025878913],[38.3039274088545,37.6763754611552],[38.301328667535,37.6770415581605],[38.2979161241322,37.6795220269105],[38.2943128797746,37.6801086425788],[38.2936138237849,37.6808360460077],[38.2922132703995,37.681667616103],[38.2931073676218,37.6819417317714],[38.2957891167538,37.6812543402785],[38.29751953125,37.6819562445754],[38.2974924045139,37.6832824707038],[38.2948646375868,37.6865660264763],[38.29323296441,37.6877756076396],[38.2921278211808,37.6910978190112],[38.2922629123265,37.6919417317715],[38.2940212673612,37.6913397894971],[38.2965030924483,37.6876299370667],[38.299637858073,37.6844812011727],[38.3004465060765,37.6840889485682],[38.3031570095487,37.679349365235],[38.3039605034725,37.6797633192282],[38.3069414605037,37.6797363281257],[38.3080636935766,37.679158393013],[38.3129378255209,37.6792578125007],[38.3139008246531,37.6805528428826],[38.3147957356773,37.6781989203565],[38.3169634331599,37.6777804904521],[38.3174972873266,37.6783360460076],[38.3194528537327,37.678608398438],[38.3194360351562,37.6777842881952],[38.3203382703997,37.6762966579868],[38.324804416233,37.6745883517801],[38.3255745442713,37.6761083984381],[38.3266400824656,37.6749993218322],[38.329753417969,37.6747224934903],[38.329713812934,37.672776285808],[38.3308959960938,37.6725027126742],[38.335996636285,37.6735245768235],[38.3365139431427,37.6751192220058],[38.334681260851,37.677854275174],[38.3347268337675,37.680085991754],[38.3358336046009,37.685303005643],[38.3365926106773,37.6867759874139],[38.3349880642364,37.6886363389762],[38.3331806098091,37.6885994466154],[38.3325000000002,37.6871967230909],[38.3301700846357,37.6872441948792],[38.3310495334203,37.6894124348966],[38.328327636719,37.6898555501307],[38.3283474392361,37.6908315700962],[38.326459418403,37.6915763346361],[38.3256046549479,37.6924659559468],[38.3282815212676,37.6929017469625],[38.331795247396,37.6916990831169],[38.3327750651043,37.6922520616325],[38.3319417317712,37.6930528428825],[38.3316693793404,37.6955582682299],[38.3294471571183,37.6960696072055],[38.3322393120661,37.6966761610251],[38.3328686523441,37.6979736328131],[38.3323323567711,37.6984889051657],[38.3309993489585,37.6989214409728],[38.3305265299481,37.7003788248703],[38.3305525716148,37.7027898491761],[38.328885904948,37.7033306206603],[38.3288964843753,37.703839382596],[38.3311531575523,37.7042800564242],[38.3330696614584,37.7052787272141],[38.3330468750004,37.706402723525],[38.3308360460072,37.7071807183165],[38.3331168619794,37.7075519477004],[38.3327265082468,37.7090752495666],[38.3330748155385,37.7097513834642],[38.333035481771,37.7116803656691],[38.3316579861114,37.7116522894972],[38.3316772460938,37.7126072862418],[38.3327804904515,37.7133306206605],[38.3330634223092,37.7142019314243],[38.3333045789933,37.7195986599397],[38.333709852431,37.7215771484381],[38.3325187174481,37.7227754720057],[38.3316411675348,37.7230601671013],[38.3316799587676,37.7249519856778],[38.3311740451391,37.7274216037332],[38.3315456814238,37.729997287327],[38.3331442599829,37.7289135742192],[38.3350458441842,37.7298931206603],[38.3355794270836,37.7282486979172],[38.3355588107642,37.72441772461],[38.3388916015625,37.7219471571187],[38.3396172417536,37.7208405219193],[38.3427750651041,37.7204534233948],[38.3399088541668,37.7188487413201],[38.340407714844,37.7159242078999],[38.3398676215281,37.7143467881951],[38.3394471571182,37.7083306206603],[38.3383140733508,37.7057995605476],[38.3383365885417,37.70470811632],[38.340633138021,37.7047550455735],[38.3424972873266,37.704479709202],[38.3398529730905,37.7041105143238],[38.3388916015625,37.7025352647574],[38.3411138237849,37.7022249348964],[38.3418302408858,37.7018560112853],[38.3413845486112,37.7005541992193],[38.3418109809032,37.7001444498705],[38.3422195095487,37.6980528428825],[38.3425518120664,37.6975027126741],[38.3465340169273,37.6983306206604],[38.3460668945314,37.6965074327262],[38.346481119792,37.6952967664937],[38.3432904730905,37.6944284396707],[38.3422249348961,37.6921705457907],[38.3441639539931,37.689997287327],[38.3458306206597,37.6885974121099],[38.3443237304691,37.6876464843756],[38.3444742838543,37.6863916015631],[38.3477750651044,37.6880582682299],[38.3497626410593,37.6886360677089],[38.3516824001739,37.690577663846],[38.3522672526045,37.6929764811202],[38.3511138237849,37.695631646051],[38.3519742838546,37.6963861762158],[38.3536409505211,37.6955582682299],[38.354719509549,37.6961138237854],[38.3561138237848,37.6963861762158],[38.3563861762155,37.6969471571187],[38.3590348307296,37.698886176216],[38.3569471571181,37.6949801974833],[38.3593939887153,37.6950301106776],[38.3599972873266,37.6947195095493],[38.3625406901043,37.6944471571187],[38.3648971896703,37.6952537706168],[38.3655528428821,37.6936966959642],[38.3607877604169,37.6922146267368],[38.3594897460941,37.6908634440109],[38.3574997287329,37.6916707356776],[38.3546226671007,37.6902138943147],[38.3519460720488,37.6875287543409],[38.3508555772572,37.6852813042541],[38.3491525607641,37.6847136773011],[38.3491902669273,37.6828719075528],[38.3480037434898,37.6824868435339],[38.3467968750002,37.6825115288634],[38.3463916015627,37.6807925075962],[38.3469471571183,37.679169379341],[38.3472195095487,37.6772195095493],[38.3477837456598,37.6763871256517],[38.3469417317709,37.6761138237854],[38.346113823785,37.6746759711377],[38.3470052083335,37.6729455566413],[38.3497249348959,37.6725027126742],[38.3502750651044,37.6721751573357],[38.3473168945314,37.6713407389331],[38.3469471571183,37.6694254557298],[38.3475257703995,37.6688696289067],[38.35249077691,37.6688635253914],[38.3519184027778,37.6683139377177],[38.3502750651044,37.667780490452],[38.3500027126738,37.6666639539937],[38.3491639539932,37.6661138237852],[38.3488916015627,37.6652587890633],[38.3494875759552,37.6646862792975],[38.3524782986114,37.6647028266066],[38.3537136501739,37.6655402289504],[38.354719509549,37.6644224717887],[38.3524712456599,37.6633317057299],[38.3515953233509,37.6624199761291],[38.3520293511286,37.6611515299486],[38.3531439887155,37.6597249348964],[38.3557893880212,37.6618604871967],[38.3561897786461,37.6602190483947],[38.3577804904515,37.6594471571186],[38.3586083984378,37.6586755371099],[38.3549178059897,37.6580236816412],[38.3544471571185,37.6567876519105],[38.3553963216147,37.6553876410598],[38.3587277560767,37.6540736219625],[38.3603076171876,37.6525027126742],[38.3647306315106,37.6547195095492],[38.3641636827258,37.6525024414069],[38.3641805013023,37.6516852484815],[38.3636271158857,37.6506111653654],[38.3666807725695,37.6502792697488],[38.3666601562502,37.6492698838981],[38.3637708875871,37.6479821777351],[38.3644913736982,37.6465839301222],[38.3657625325523,37.6470190429694],[38.367219509549,37.6469036187074],[38.3663916015627,37.644286566841],[38.3669962565107,37.6427804904519],[38.3696999782986,37.643473442926],[38.3708306206599,37.6432925075963],[38.3702750651044,37.6416693793409],[38.3700027126739,37.6397490776916],[38.3731271701392,37.6394095865895],[38.3745930989584,37.6378838433165],[38.3757552083335,37.6372249348964],[38.3773196072051,37.6384120008686],[38.3777750651043,37.6402804904519],[38.380254448785,37.6418438042541],[38.3813378906253,37.6422195095493],[38.3817377387155,37.6381319173183],[38.3799310980906,37.6360371907559],[38.380173339844,37.635280490452],[38.3831263563369,37.6361351182732],[38.3845038519969,37.6361070421015],[38.3841408962675,37.6343348524312],[38.381952039931,37.633624538846],[38.3792230902778,37.6314306640631],[38.38006890191,37.6301828342022],[38.3825436740454,37.6294177246099],[38.3830528428819,37.6282870822488],[38.3822178819445,37.6266666666674],[38.3825729709205,37.6259776475701],[38.3839407009548,37.6255582682297],[38.3852750651045,37.6269471571185],[38.3871910264761,37.6282035319016],[38.3877802191843,37.6300185818148],[38.3891639539933,37.6313916015633],[38.3909887695312,37.632588161893],[38.3932763671879,37.6349690755215],[38.3936184353303,37.6367214626742],[38.3936081271703,37.6388914659294],[38.3947138129343,37.6419527180996],[38.3958422851565,37.6430368381082],[38.3958127170141,37.6472583007819],[38.3952265082467,37.6478215874573],[38.3957055664063,37.6501608615458],[38.394443359375,37.6513735622838],[38.3941677517363,37.6533486599401],[38.393606499566,37.6538879394537],[38.3944056532119,37.6560255262592],[38.3935986328127,37.6595255533859],[38.3936073133684,37.6608768717455],[38.3930151367189,37.6626068793407],[38.3930585394968,37.6647249348966],[38.3922143554691,37.6664187282992],[38.3916153971359,37.6687500000005],[38.391969401042,37.6697843424485],[38.3930696614588,37.6708416069885],[38.3936423068579,37.6708298068581],[38.3936081271703,37.6669418674051],[38.3942084418403,37.6657769097229],[38.3967480468751,37.66328233507],[38.3961138237851,37.6607312011724],[38.3975198025176,37.6602750651049],[38.3962581380211,37.6596629503043],[38.3972195095487,37.6558306206605],[38.3986159939237,37.6539900716152],[38.3986140950522,37.6519360351568],[38.3994631618926,37.6519533962682],[38.4002750651044,37.6511083984383],[38.401400010851,37.6508360460075],[38.4019417317709,37.6530582682297],[38.4033547634548,37.6556251356343],[38.4050029839412,37.6572089301222],[38.4055528428821,37.6594471571186],[38.4067304144967,37.660219319662],[38.4074880642362,37.6633275010857],[38.4097249348959,37.665275065105],[38.4099972873266,37.6661138237852],[38.4116354709202,37.6676878526483],[38.4125311957467,37.6695343695752],[38.4141693793404,37.6711083984382],[38.4144637044273,37.6738167317715],[38.4161222330732,37.6780733235683],[38.417224934896,37.678608398438],[38.4197195095489,37.6827804904521],[38.4203106011287,37.6830528428827],[38.4208306206598,37.6818981933598],[38.4188699001741,37.6780920410162],[38.4174972873267,37.6763916015634],[38.4171343315972,37.6752731662332],[38.4163750542535,37.6741531032995],[38.4164084201391,37.6725132921013],[38.4161083984376,37.6722249348965],[38.4157896592885,37.6699416775181],[38.4145879448785,37.6687871636292],[38.4138861762157,37.6666693793409],[38.4130514865454,37.6627465820319],[38.41165093316,37.6613667805997],[38.4110218641496,37.6587868923616],[38.4092843967017,37.6567220052089],[38.4097311740453,37.6549788411466],[38.4077237955731,37.6520172797318],[38.4085004340281,37.6508715820317],[38.4064860026046,37.6472403971363],[38.4085592990454,37.6458812120232],[38.4072195095487,37.6450027126741],[38.4060758463542,37.6438125271272],[38.4061306423612,37.6394637044277],[38.4044471571181,37.6372032335077],[38.4052739800349,37.6364088270406],[38.4055528428821,37.6356765407993],[38.4041636827259,37.6350027126742],[38.404187011719,37.6322035047751],[38.401376139323,37.6293800184469],[38.4013975694447,37.6283256022143],[38.4006372070314,37.6268496365022],[38.401282823351,37.6262292480475],[38.4030528428822,37.6269471571185],[38.4047249348961,37.6272195095491],[38.4066954210074,37.6278938802091],[38.4066699218752,37.6297416178392],[38.4072596571182,37.630308159723],[38.4091639539933,37.6302693684901],[38.4111029730905,37.6319531250007],[38.411936306424,37.6319361707906],[38.4128168402781,37.6323897298183],[38.4127579752605,37.6352764214417],[38.4138916015627,37.6355528428826],[38.4161138237848,37.6372195095492],[38.4163967556424,37.6378027343757],[38.4163924153648,37.6391977267802],[38.4188970269099,37.6391810438373],[38.4188826497399,37.6398917643235],[38.4209120008681,37.640692274306],[38.421522352431,37.6419500054259],[38.4230042860246,37.6429216851136],[38.4233306206599,37.6437132432731],[38.4219471571182,37.6447359212246],[38.4232454427084,37.645365804037],[38.4237643771703,37.6464352756082],[38.4250000000001,37.6460123697923],[38.4279288736979,37.6466879611552],[38.4285820855036,37.6493674045145],[38.4262245008682,37.6512364366324],[38.4270049370662,37.6519860839852],[38.4288191731772,37.652866346572],[38.429441731771,37.6544691297748],[38.4281239149308,37.6564131673184],[38.4278162977433,37.657497287327],[38.4307039388024,37.6555582682301],[38.4311083984376,37.6563916015631],[38.4332408311635,37.6585059950092],[38.4338861762154,37.6577315266932],[38.4330517578125,37.6561120605475],[38.433437228733,37.6546082899313],[38.4324183485243,37.6529281955302],[38.4327921549482,37.6522026909728],[38.433919542101,37.6522256130648],[38.4352769639759,37.6535941569018],[38.4356890190976,37.6552833387594],[38.4361954752608,37.6562666829433],[38.4376944986983,37.6572494845925],[38.4393139648441,37.6572163899746],[38.4397195095489,37.6555528428827],[38.4401730685766,37.6552804904521],[38.4405607096359,37.6572652180997],[38.4418671332469,37.6585205078132],[38.4428583441841,37.6580098470059],[38.443771701389,37.655694444445],[38.4496240234376,37.6581225585945],[38.4501207139758,37.6591461859816],[38.448811306424,37.6629714626745],[38.4494417317711,37.6669471571187],[38.44982421875,37.6677750651047],[38.4506361219622,37.666536865235],[38.4502639431425,37.6658147515197],[38.4502929687503,37.6643903266065],[38.4508360460071,37.6633360460078],[38.4511135525176,37.6619154188375],[38.4516837565106,37.6608082411029],[38.4530862087675,37.6608367241761],[38.4557693142363,37.6633064778652],[38.4564325629343,37.6636280653218],[38.4581412760418,37.6654067654088],[38.4596899414065,37.6659092881952],[38.4617610677086,37.6675811089416],[38.4627750651044,37.6691693793409],[38.467698296441,37.6710000271276],[38.4688967556425,37.6722475857211],[38.4689187282989,37.6736083984382],[38.4707983398439,37.6727804904522],[38.4732066514762,37.674857584636],[38.4736083984379,37.6761519368494],[38.4729511176218,37.6780718315979],[38.4749205186635,37.6780316840284],[38.4768332248266,37.6785218641501],[38.4789879014761,37.6799009874138],[38.4799663628474,37.6819175889764],[38.4813916015628,37.6827750651048],[38.4816639539934,37.6833360460075],[38.4827124023439,37.6840235731342],[38.4850084092884,37.6877833387595],[38.4849940321183,37.6884833441845],[38.483406575521,37.689253472223],[38.4839029947921,37.6897304958775],[38.4849888780382,37.6897082519537],[38.486634657118,37.6910367838549],[38.486951497396,37.6916898600267],[38.4896815321185,37.6944192165804],[38.4908360460072,37.6952750651048],[38.4916639539932,37.6966693793409],[38.4932351345488,37.6974316406256],[38.4938918728301,37.7005531141499],[38.4938631184897,37.7019577365459],[38.4920510525176,37.7059209526915],[38.4933544921879,37.7121035427525],[38.493918728299,37.7136083984383],[38.4949975585941,37.713052707249],[38.4961539713546,37.7130763075094],[38.496102701823,37.7105635579434],[38.4965161132815,37.7097614203566],[38.4952989366321,37.706205240886],[38.4967936197918,37.7039659288201],[38.4975027126737,37.701391601563],[38.4977750651043,37.698261990018],[38.4958306206601,37.6955582682299],[38.4955582682295,37.6947032335075],[38.4961659071183,37.69411960178],[38.4986423068578,37.6941701931431],[38.500313856337,37.6950134277351],[38.5033067491321,37.6949523925789],[38.5056214735246,37.6952906629781],[38.5075482855906,37.6952815755214],[38.5091639539931,37.6961138237854],[38.5137030707468,37.697652723525],[38.5144417317709,37.6970654296883],[38.5134950086808,37.6956690809468],[38.5111083984377,37.6952804904521],[38.5082161458335,37.6933810763896],[38.5069061957467,37.6940558539505],[38.5058360460071,37.6933306206603],[38.5019045681426,37.6916419813374],[38.5002351888023,37.6916760253912],[38.498720431858,37.6924563259554],[38.4977088758682,37.6907383897577],[38.4958306206601,37.690280490452],[38.4935118272571,37.6885422092019],[38.4917035590279,37.6876650661899],[38.4926182725696,37.6858898925789],[38.4920347764758,37.6841852484816],[38.4905145941843,37.6838146972663],[38.4905753580732,37.6808360460077],[38.489119466146,37.679389648438],[38.4882009548614,37.6774962022575],[38.4877804904517,37.6759379069017],[38.4901985677085,37.6754659016933],[38.4922249348961,37.6744471571189],[38.49333062066,37.6736083984382],[38.4961189778647,37.6733053927958],[38.4961051432292,37.672620442709],[38.4878559027779,37.6738861762157],[38.4863916015626,37.6727750651046],[38.4847363281253,37.672237820096],[38.4827975802953,37.6705590820317],[38.480059136285,37.6695415581602],[38.4794471571183,37.6686083984383],[38.4785923936634,37.6683310275614],[38.4777861870662,37.6674917263461],[38.4761138237851,37.6665554470493],[38.4775111219619,37.6647139485685],[38.4794363064237,37.6644527180995],[38.4805265299479,37.663891194662],[38.4841948784725,37.6630533854172],[38.4847195095489,37.6624863009988],[38.4831149631077,37.6617078993063],[38.4802376302085,37.6627967664937],[38.4791471354168,37.6627745225701],[38.4780796983509,37.6616632758252],[38.4777555338543,37.6616699218757],[38.476853841146,37.6635285102001],[38.4760812717015,37.6638861762159],[38.4745043945315,37.6630737304695],[38.4736450195314,37.6654652235248],[38.472432996962,37.6658306206604],[38.4709947374135,37.6634075249572],[38.4699009874134,37.6628767903654],[38.4691750759551,37.6613806152351],[38.4685853407121,37.6608140733512],[38.4669555664064,37.6608473036032],[38.465011935764,37.6592782931865],[38.4668416341148,37.6570117187508],[38.4659998914932,37.656669379341],[38.463761935764,37.6583676486551],[38.4617176649308,37.6583258734814],[38.4600027126739,37.6569417317714],[38.4591300455731,37.6566583930128],[38.4591786024307,37.6542740885422],[38.4572195095489,37.6538916015633],[38.4555476888024,37.6530304633251],[38.455562608507,37.6522995334207],[38.4569471571183,37.6513916015632],[38.4579766167537,37.6503200954866],[38.4602861870662,37.6488785807299],[38.4602715386285,37.6481723361552],[38.455536838108,37.6505693901914],[38.4544257269968,37.6505466037332],[38.4536138237848,37.651391737197],[38.4527750651046,37.651391737197],[38.4519417317709,37.6505582682299],[38.4515619574656,37.6493884277352],[38.4505471462676,37.648050944011],[38.4505626085071,37.6459067111551],[38.4530582682292,37.6455582682299],[38.453619249132,37.645269504124],[38.454831542969,37.6452727593322],[38.4552750651042,37.6445737033425],[38.4543969726567,37.6441478135859],[38.4506922743059,37.6441495768237],[38.4502804904517,37.6433886718756],[38.4579777018233,37.6378990342889],[38.4576209852433,37.6366693793408],[38.4549614800351,37.6386427137592],[38.4533034939239,37.6391639539936],[38.452408854167,37.6382329644105],[38.4512223307293,37.6388442654086],[38.4502804904517,37.6402804904519],[38.4491547309028,37.641129286025],[38.446908637153,37.6422448730474],[38.4451765950523,37.6428069390197],[38.4427194552955,37.6427567545579],[38.4416590711809,37.641653238933],[38.4394306098093,37.6408219401047],[38.4394528537329,37.6397302246098],[38.4390760633681,37.6389987521708],[38.4374972873266,37.6386138237851],[38.4353656684032,37.6377068413635],[38.4341636827259,37.6355581325961],[38.4341571723094,37.6346689181863],[38.4373583984378,37.6341478135857],[38.4391639539933,37.6330528428826],[38.4400802951393,37.632755398221],[38.4413861762156,37.631108398438],[38.4426649305559,37.6307965766064],[38.4436225043405,37.6288749186204],[38.4458539496529,37.628920491537],[38.4452593315974,37.6274317762595],[38.4452813042536,37.6263567437072],[38.4470464409724,37.6255582682297],[38.4480875651044,37.627146131728],[38.449996744792,37.6277657063809],[38.4508631727432,37.6288861762158],[38.4516639539933,37.6280528428824],[38.4523209635419,37.6277339680997],[38.4514027235244,37.6254698350702],[38.4522520616323,37.6247249348964],[38.4533631727433,37.6258306206603],[38.4544295247398,37.6247205946188],[38.4572249348961,37.6244471571186],[38.4587825520837,37.6240481228304],[38.4582611762154,37.6235472276481],[38.4556884765626,37.6222991265197],[38.453091905382,37.6217921278218],[38.4527804904517,37.6208135308166],[38.453891601563,37.6208361816413],[38.4551114908857,37.6200092230911],[38.4583468967016,37.6205611165371],[38.4605216471356,37.6194409179695],[38.4640771484378,37.6194737413203],[38.4647195095488,37.618945583768],[38.4633287217883,37.6172229003914],[38.4637071397573,37.6164887152786],[38.4676500108507,37.6161169433601],[38.468112792969,37.6170707194016],[38.4720643446182,37.6150349934903],[38.4733360460071,37.6147249348963],[38.4736083984379,37.614228786893],[38.4721923828127,37.6138916015629],[38.4713807508682,37.6147363281256],[38.4690782335073,37.6146891276046],[38.4676548936634,37.6139561631952],[38.4650960286459,37.6135394965283],[38.4647249348961,37.6127750651048],[38.4642876519099,37.6125027126741],[38.4630582682295,37.6133360460077],[38.4577058919272,37.6139992947054],[38.4565920681426,37.6134252929692],[38.4575029839413,37.6122249348966],[38.4574905056427,37.611624348959],[38.4536404079863,37.6117030164937],[38.4533083767363,37.6113574218755],[38.4533368598093,37.6099693467887],[38.4541693793404,37.6091693793409],[38.4544417317708,37.6080908203129],[38.4520019531253,37.6077501085077],[38.4515182834203,37.6061138237853],[38.45083062066,37.6074972873271],[38.4499381510417,37.6107250976568],[38.4486680772571,37.6113861762158],[38.4483284505212,37.6082598198791],[38.4460511610247,37.6085956488721],[38.4461081271705,37.6119468858513],[38.4465554470488,37.6128149414068],[38.4460267469623,37.615395507813],[38.4448225911461,37.6181787109381],[38.4427384440107,37.6205951605911],[38.4402693684897,37.6222139485683],[38.4395833333336,37.6236280653219],[38.4386083984376,37.6236082628045],[38.4377180989585,37.6242118326829],[38.4353879123267,37.6265444607212],[38.4339767795141,37.6270023600266],[38.4325764973959,37.6262809244797],[38.4314059787329,37.6274993218321],[38.429616699219,37.6279355197489],[38.4283162434899,37.627490505643],[38.4272119140628,37.6252822536899],[38.4277780490452,37.6247383626309],[38.4283797200525,37.6223753526481],[38.427094184028,37.621751708985],[38.4277750651044,37.6196284993497],[38.4273432074656,37.618891601563],[38.4260769314239,37.6197500271275],[38.4252804904514,37.6213916015632],[38.4248432074656,37.6216639539936],[38.423613823785,37.6208306206602],[38.4219390190974,37.6204222276479],[38.4208062065975,37.6186945258254],[38.4208368598092,37.6171910264764],[38.4216663953996,37.6155807834209],[38.421941731771,37.613608398438],[38.4224972873267,37.6122995334208],[38.420276421441,37.6130598958342],[38.4194577365453,37.6122078450526],[38.4185915798614,37.6122254774312],[38.4177804904516,37.6130696614589],[38.4163861762155,37.6130585394972],[38.4145610894098,37.6114819335943],[38.4141012912329,37.6100653754345],[38.4129389105904,37.6096880425353],[38.4106966145835,37.607055664063],[38.4111542426217,37.6057180447056],[38.4133308919274,37.6049970160596],[38.4147140842018,37.6050084092888],[38.4152861870663,37.6047138129346],[38.415268825955,37.6038639322923],[38.4140587022573,37.6027012803826],[38.4145746527781,37.6017000325527],[38.4172591145837,37.602497287327],[38.4172192382815,37.6005528428824],[38.4186138237851,37.5988916015632],[38.4199972873265,37.5966639539939],[38.4205807834202,37.5961032443583],[38.4221280924481,37.5961347113721],[38.4224972873267,37.5949972873271],[38.4227967664932,37.5947249348964],[38.4235880533856,37.5955485026048],[38.4244609917536,37.5959719509556],[38.4257557508682,37.595305175782],[38.4261488172746,37.5965166558167],[38.4275100368926,37.5958154296883],[38.4285923936633,37.596942003039],[38.4294471571185,37.5972195095493],[38.4297195095488,37.5977804904522],[38.4319471571182,37.5980528428827],[38.433124186198,37.5984556749137],[38.4336083984377,37.5981827799485],[38.4308306206599,37.5963916015632],[38.4299918619793,37.5952636718755],[38.4300141059031,37.5941661241327],[38.4279966905385,37.5937722439243],[38.4285088433163,37.5922756618929],[38.4274972873267,37.5919471571187],[38.4272249348959,37.5912158203131],[38.429300401476,37.5908105468755],[38.4311081271704,37.5908474392368],[38.4323136393232,37.5902265082473],[38.4352804904517,37.5908306206604],[38.4364453125003,37.5914306640631],[38.4373014322919,37.5923217773445],[38.43833062066,37.5927151150181],[38.4373611111111,37.5895833333339]],[[38.2995833333334,37.5684722222228],[38.3001101345488,37.5692352973097],[38.301252712674,37.5692296006949],[38.3009646267362,37.5705151367193],[38.3025385199654,37.5713707139764],[38.3023733181427,37.571918945313],[38.3001942274307,37.5712434895839],[38.2993888346355,37.5698326280388],[38.2985590277779,37.569259711372],[38.2987046983508,37.5686108398443],[38.2995833333334,37.5684722222228]],[[38.3055582682293,37.5727107747404],[38.3070833333335,37.571805555556],[38.3108360460072,37.5722195095494],[38.3125141059029,37.5725056966151],[38.3124940321184,37.5734806315111],[38.3108306206598,37.5738861762159],[38.309437934028,37.574730631511],[38.3088861762154,37.574719238282],[38.3083653428822,37.5752615017366],[38.3055582682293,37.5727107747404]],[[38.2930973307292,37.5860888671883],[38.2914662000871,37.5866612413201],[38.2911165364585,37.5855297851568],[38.2922276475697,37.5850054253479],[38.292615559896,37.5841826714415],[38.2937500000003,37.5840277777786],[38.2930973307292,37.5860888671883]],[[38.3251432291669,37.4965991210945],[38.3242152235243,37.4955604383688],[38.3227544487848,37.4949753146707],[38.3227929687503,37.4943272569453],[38.3241587999133,37.4929814995667],[38.3219794379343,37.4931114366326],[38.3216286892364,37.4927189127611],[38.3216908094618,37.4916767035596],[38.3237500000002,37.4915277777783],[38.3266587999133,37.4925078667541],[38.3307172309031,37.49293077257],[38.3333493381078,37.4923684353308],[38.333317871094,37.4928968641502],[38.338341200087,37.4933254665806],[38.3419696723091,37.4941598849833],[38.3419303385418,37.4948223198789],[38.3400477430558,37.4961884223098],[38.3385251193579,37.4960978190109],[38.337159559462,37.4945692274312],[38.3358412000869,37.4952856445321],[38.3319783528647,37.4955327690977],[38.3308843315974,37.4959252929693],[38.3302856445315,37.4972300889762],[38.3291153971357,37.497492133247],[38.3285961914064,37.496911349827],[38.3277265082468,37.4977699110249],[38.3269878472223,37.4969433593755],[38.3251432291669,37.4965991210945]],[[38.5060579427084,37.4638791232643],[38.5034084743924,37.4609136284728],[38.5065277777779,37.4601388888893],[38.5067092556426,37.4607267252609],[38.5083593750003,37.4622010633688],[38.5083213975694,37.4628401692713],[38.5060579427084,37.4638791232643]],[[38.5516894531252,37.413373209636],[38.551971028646,37.4119482421881],[38.5531944444447,37.411805555556],[38.5533360460072,37.4123421223964],[38.5542591688369,37.4130037434902],[38.5539914279516,37.4143589952263],[38.5528683810766,37.4146994357646],[38.5516894531252,37.413373209636]],[[38.6301478407121,37.4744189453131],[38.6297477213546,37.4732530381951],[38.6305902777782,37.4713937717021],[38.6302370876737,37.4702541775182],[38.6312500000005,37.4701388888895],[38.6322629123264,37.4706399197054],[38.6332302517363,37.4704229058166],[38.6345144314238,37.4714938693582],[38.6343682183162,37.4721454535596],[38.6331144205731,37.4718641493063],[38.6320507812503,37.4725566948791],[38.6309743923612,37.474155273438],[38.6301478407121,37.4744189453131]],[[38.6034722222224,37.4870833333339],[38.6036593967014,37.4875930447055],[38.603536512587,37.4891216362854],[38.6039634874135,37.4894894748269],[38.6038769531253,37.490564507379],[38.6047905815973,37.4917605251741],[38.6022583007816,37.4924536132818],[38.6008322482642,37.4919300672748],[38.5979690212675,37.4932009548619],[38.5966769748266,37.4920879448791],[38.5992843967016,37.4882305230041],[38.6006486002604,37.4877294921883],[38.6023985460071,37.4878700086813],[38.6034722222224,37.4870833333339]],[[38.6157541232642,37.5496503363723],[38.6154793294272,37.5505501302089],[38.6138083224828,37.5499647352436],[38.6116349283857,37.5499820963549],[38.6110864257815,37.5488197157127],[38.6111249457467,37.5478458658862],[38.6126388888892,37.5476388888894],[38.6157541232642,37.5496503363723]],[[38.6558230251741,37.5949983723964],[38.6543006727432,37.5958230251742],[38.6506412760418,37.5955289713547],[38.6502880859377,37.5946430121532],[38.6537500000002,37.5929166666673],[38.6550691731774,37.5938115776918],[38.6558230251741,37.5949983723964]],[[38.6348611111113,37.6218055555561],[38.6361230468755,37.6229348415806],[38.6363633897573,37.6246314832906],[38.6351510959205,37.6252522786465],[38.6331350368924,37.6246274142802],[38.6328032769099,37.623249647353],[38.6336542426217,37.6219428168411],[38.6348611111113,37.6218055555561]],[[38.644027777778,37.6304166666673],[38.6445046657988,37.6314553493929],[38.6445567491323,37.6330128309469],[38.6429318576392,37.6341305881083],[38.6411895073786,37.6338307020408],[38.6408536783855,37.6322093370234],[38.644027777778,37.6304166666673]],[[38.6480268012156,37.6309277343756],[38.6493055555557,37.6306944444452],[38.6519167751738,37.6317858886724],[38.6522119140627,37.6329405381952],[38.6512546115454,37.634656304254],[38.6504522026913,37.6353476291238],[38.6492526584202,37.635251193577],[38.6477468532989,37.6344112141932],[38.6480268012156,37.6309277343756]],[[38.640810546875,37.6350229220928],[38.6414336480037,37.6354695638028],[38.641029730903,37.637492540148],[38.6395304361982,37.6377548556862],[38.6402549913197,37.6349770779087],[38.6406944444448,37.6348611111116],[38.640810546875,37.6350229220928]],[[38.9424093967015,37.6510812717019],[38.938610839844,37.6523777940544],[38.9375371636288,37.6521371799053],[38.9370662434898,37.650878770617],[38.9387093098962,37.6499857584642],[38.9404166666667,37.6498611111118],[38.9424093967015,37.6510812717019]]]},"properties":{"id":"reservoir-gdw-299","hesIds":["hes177-025"],"basinIds":["21"],"riverSystemIds":["river-system-018"],"damName":"Ataturk","reservoirName":"Ataturk Dam","basinId":"21","source":"GDW","sourceId":"299","sourceUrl":"https://services8.arcgis.com/oTalEaSXAuyNT7xf/ArcGIS/rest/services/GDW_v1_epsilon_gdb/FeatureServer/1","matchMethod":"name+coordinate","matchConfidence":"high","areaKm2":695.411,"validated":true,"validationNotes":"Turkey envelope; facility name, basin/river relation and coordinate distance check"}},{"type":"Feature","id":"reservoir-gdw-7042","geometry":{"type":"Polygon","coordinates":[[[34.9601224990002,38.765622501],[34.9598743780001,38.7666403010002],[34.9591275010001,38.7673578910001],[34.9598724990003,38.7686274990002],[34.9603720910001,38.7691074980002],[34.9603819690002,38.7695914920003],[34.9578798960001,38.7710100440001],[34.9578627740002,38.7718490830001],[34.9583724990001,38.7733382840001],[34.958127501,38.7741274990002],[34.9576354410001,38.7755650830002],[34.9588724990002,38.7771953810002],[34.9583734780001,38.7788911670001],[34.9576303580002,38.7796051480001],[34.9573696990003,38.7816444170002],[34.958127501,38.782372501],[34.9583724990001,38.7826274990002],[34.9598441100002,38.7835923310001],[34.9618724990001,38.7861051100001],[34.961621395,38.7871529730002],[34.9608724990001,38.787872501],[34.9601275010001,38.7888774990002],[34.9598724990003,38.7891225010001],[34.9594257350001,38.7895875020001],[34.9583775010002,38.790127499],[34.9576082550002,38.7903771210001],[34.9566956350002,38.7913269920002],[34.9547068330001,38.7928012770001],[34.9542450010002,38.793245001],[34.9531625000001,38.7943716830003],[34.9526413080002,38.7943823200002],[34.951378902,38.7940587880002],[34.9513724020002,38.7943773100002],[34.9518724990002,38.7953480870002],[34.9512238940002,38.7960877950001],[34.9503631520002,38.7963824120002],[34.94986298,38.7963722040001],[34.9491458640002,38.7971185910002],[34.9486224990002,38.7973724990002],[34.9472069740002,38.7981017110003],[34.9462451510001,38.7984138260002],[34.9453775000001,38.8000980870001],[34.9468554040002,38.8001417750002],[34.9483724990002,38.7996224990002],[34.9491275010002,38.7993775010002],[34.9498724990002,38.7988724990001],[34.950877501,38.7986275010001],[34.9523382840002,38.7981275010002],[34.9538682290002,38.798418247],[34.9538874130002,38.7993582570002],[34.9533775010001,38.800348087],[34.9538293080001,38.8004023270002],[34.9547234190001,38.7999417230002],[34.955984905,38.8012546980002],[34.9563795530001,38.8008755280001],[34.9556357800002,38.799778282],[34.9556176090002,38.798887796],[34.9558724990001,38.7986224990002],[34.9563775010002,38.7983775010002],[34.9568724990002,38.798122499],[34.9581714800002,38.797805834],[34.9593724990002,38.7966519130003],[34.9591275010001,38.7963724990002],[34.9581278060003,38.795887501],[34.9581126120001,38.7951429960002],[34.9588357730002,38.7943903180002],[34.9593775010001,38.7941275010001],[34.9598724990003,38.7938724990002],[34.9621275010002,38.7936275010003],[34.9640485880001,38.7932340240001],[34.9643774990002,38.7938724990002],[34.9647654990002,38.7962559280001],[34.965122501,38.7966275010002],[34.9653774990002,38.7968724990003],[34.9656837500002,38.79750375],[34.9666274990002,38.798122499],[34.9671104320002,38.7986251450003],[34.9688725010002,38.7989691330001],[34.9686274990002,38.7998775010001],[34.9676274990002,38.8013527470002],[34.9678725010002,38.8016275010002],[34.9696274990002,38.8018724990002],[34.9707339360002,38.8026224990001],[34.9708774990002,38.8023775010003],[34.9712449990002,38.8008700010002],[34.9723774990001,38.8001275010002],[34.9728578910002,38.7996275010001],[34.9760587540001,38.7999106480001],[34.9765331310001,38.8013724990002],[34.9774814260002,38.8009816110002],[34.9783725010002,38.7996224990002],[34.9786274990002,38.7993775010002],[34.9791320190003,38.7986079810001],[34.9806274990002,38.7976275010001],[34.9818195190001,38.7963868270002],[34.9849784970002,38.7955325830002],[34.9856078910002,38.7948775010001],[34.9861274990002,38.7951224990002],[34.9868725010001,38.7956275010002],[34.9876274990002,38.795872499],[34.9883868480002,38.7961324120001],[34.9909198300001,38.7960807170001],[34.9923162500002,38.7969962500001],[34.9926314090001,38.7976458640002],[34.9933728790002,38.7983582550002],[34.9937831310002,38.7996224990002],[34.9946134530001,38.7992802410001],[34.9954576420002,38.7979926400001],[34.9963724980001,38.7973724990002],[34.9981501460001,38.7971243380002],[34.9993677900001,38.7958569970002],[35.000709091,38.7958843690001],[35.0014072340002,38.7948195170002],[35.0023601300002,38.7939039920003],[35.0028724980002,38.7931224990001],[35.0038162540001,38.79281625],[35.0041317440001,38.7918440090002],[35.0048826070002,38.7911225970002],[35.0048483280002,38.7894431190002],[35.0051372300002,38.7885990830001],[35.0051125260002,38.7873888630001],[35.0061224980002,38.7866225010001],[35.0070500490001,38.7861725010002],[35.0083596800002,38.7849142270002],[35.0091762010002,38.783231201],[35.0101200030001,38.7827449990002],[35.0112562480001,38.782193748],[35.0121224980002,38.7808725010001],[35.0123775020001,38.7806274990001],[35.0137818530002,38.7787330440001],[35.0153145830002,38.7782356640001],[35.0146164550001,38.7768804700001],[35.0153775020002,38.7758774990002],[35.0162640380002,38.7736298140001],[35.0187424090002,38.7735792350001],[35.0203775020001,38.7743725010002],[35.0208574980002,38.7748720930002],[35.0256099400002,38.774969082],[35.0273382870002,38.7743774990003],[35.0293401720001,38.7753464390001],[35.0296275020002,38.7756225010002],[35.0298724980001,38.7758774990002],[35.030127502,38.776122501],[35.0310087810002,38.77731134],[35.0320827640002,38.7778646050002],[35.0328775020002,38.7781225010001],[35.033625,38.7783783570001],[35.0343724980001,38.7781225010001],[35.0368683700002,38.7777161940002],[35.0378724980001,38.777372501],[35.0388775020002,38.7771274990002],[35.0418314130001,38.7759293250002],[35.0433775020002,38.7756274990001],[35.04581868,38.7751274990002],[35.0497935330001,38.775474209],[35.0503665620002,38.7765865630002],[35.0503909230002,38.7777803380001],[35.049243286,38.7792927860002],[35.0501275020002,38.7798725010001],[35.0513724980002,38.7816274990002],[35.0516275020001,38.7818725010001],[35.0528287120002,38.7831227420002],[35.0551647720001,38.7833765490001],[35.0572609710002,38.7844564090001],[35.0644553070002,38.7843095860002],[35.0678535610002,38.7848627890002],[35.0691224980003,38.7853774990002],[35.0714635620002,38.7858345180002],[35.074768234,38.7867281610002],[35.076304367,38.7883269920001],[35.0773775020002,38.7891225010001],[35.0776224980002,38.7893774990002],[35.0778775020001,38.7896225010002],[35.0783758700001,38.7903826370001],[35.0797500000002,38.7903545910003],[35.0818366090002,38.7903971750002],[35.0827599950003,38.789509998],[35.0833724980002,38.7888725010001],[35.0841182560001,38.7881559910002],[35.0845213320002,38.7869138370001],[35.0860882870001,38.7863774990001],[35.0868775020003,38.7873725010002],[35.0872451020002,38.7881302030002],[35.0885000000001,38.7881045910003],[35.091986542,38.788175747],[35.0935882870002,38.7876274990002],[35.0953692020001,38.7879659420002],[35.095390305,38.7890000000001],[35.0953678130002,38.7901022110001],[35.0958724980002,38.7906274990003],[35.0961498720001,38.7908939900002],[35.0973699950002,38.7927549990001],[35.0996275020003,38.7931224990001],[35.1023724980002,38.7941275010001],[35.1037900540002,38.7945875000002],[35.1048641360001,38.7951085910001],[35.1053386840003,38.7956025010001],[35.1058724980001,38.7958775010002],[35.1068412780002,38.7963475],[35.1075099950002,38.79699],[35.1081439970001,38.7976498680001],[35.1102218630001,38.79901218],[35.1118682560002,38.8005940090001],[35.112244995,38.801754999],[35.1126275020001,38.8021224990001],[35.1129949950001,38.8025049990001],[35.1157292630002,38.8036657010002],[35.1162249600001,38.8051932280001],[35.1199777370001,38.8056729070002],[35.1226224980002,38.805372499],[35.125383362,38.80507254],[35.1286554260002,38.8036077630001],[35.1300000000001,38.8036352040001],[35.1313350220001,38.8036079600002],[35.1324949950002,38.804004999],[35.1342639470002,38.8045790290002],[35.1358724980001,38.8058775010002],[35.1366275020001,38.8063724990002],[35.1370261380001,38.8067874150001],[35.1388057560002,38.8082813390002],[35.1409741820002,38.8089850000002],[35.1413775020002,38.8093725000001],[35.1422576290003,38.8102885510002],[35.1439001310001,38.8106889630001],[35.1455542760002,38.8120242360002],[35.1466275020001,38.8123725000002],[35.1470886840003,38.8128525000001],[35.1485397030002,38.8136000000003],[35.149641312,38.8138823200001],[35.1530450130002,38.8138128570002],[35.1536275020003,38.8143725000002],[35.154051254,38.8165431380001],[35.1543724980002,38.8168775000001],[35.1546275020002,38.8171225000002],[35.1548724980001,38.8181275000002],[35.1553724980002,38.8195882840002],[35.1551275020001,38.8213775000001],[35.1543784330003,38.8228315630002],[35.1543674010002,38.8233725000002],[35.1551275020001,38.8231275000002],[35.1553724980002,38.8223725],[35.1556275020002,38.8216275],[35.1558724980001,38.8206225000002],[35.1561811370001,38.8200233890001],[35.155496246,38.8158162500001],[35.1539100040001,38.8133968180002],[35.1533775020002,38.8131225000002],[35.1526199950002,38.8127550000001],[35.1518775020002,38.8123725000002],[35.149622498,38.8121275],[35.1488775020002,38.8118725],[35.147564453,38.8114464130001],[35.1458353580001,38.810164643],[35.1447700040001,38.8087274830002],[35.1438004300002,38.8080702590002],[35.1421199950001,38.8072549990001],[35.1409172360002,38.8066353950002],[35.1394129790002,38.8061472590002],[35.1378861080002,38.8031833320002],[35.1375373230002,38.8017525620001],[35.1363775020002,38.8008724990003],[35.1356224980001,38.8006275010002],[35.1326275020002,38.7993724990001],[35.1316224980001,38.7991275010002],[35.1303758240001,38.7987007850002],[35.1293775020001,38.7993775010002],[35.128854141,38.7996314090002],[35.1275130620002,38.8010272180002],[35.1264364780001,38.8017569870002],[35.1243919220001,38.802175753],[35.1211266020003,38.8018724160002],[35.1202848510002,38.801889595],[35.1172013550001,38.8015545830002],[35.1166224980001,38.8001275010002],[35.1163693540001,38.7980558510002],[35.1141745300002,38.7959470940001],[35.1138098450002,38.7937069020002],[35.1105921630002,38.7930787510002],[35.1101224980002,38.7926275010001],[35.1096517180001,38.7921375010001],[35.1087500000002,38.7918288590001],[35.107698425,38.792188793],[35.1063775020002,38.7911225010003],[35.1051224980002,38.790127499],[35.1048775020002,38.7898725010001],[35.1042400050002,38.7892599980002],[35.1027630620002,38.7877227820002],[35.1018408200002,38.7870976370002],[35.0971754760001,38.7871928480002],[35.0961519170002,38.7861274990002],[35.0926224980001,38.7863725010002],[35.0907814940001,38.787119255],[35.0896575320001,38.7871421930001],[35.0888724980002,38.7866274990003],[35.0875596470001,38.7856313210002],[35.0853775940002,38.7855867880002],[35.083370636,38.785913502],[35.0821287230002,38.7871067120002],[35.0812350460001,38.7893725010001],[35.0797382970002,38.7885541230002],[35.0791275020001,38.7876225010002],[35.0788724980002,38.7873774990001],[35.0776757660001,38.7861319240002],[35.0758654630002,38.7857785190001],[35.0748724980002,38.7851274990001],[35.0746274110001,38.7848723980002],[35.0736649780001,38.7848920400002],[35.0728775020002,38.7846225010001],[35.0718724980001,38.7843774990002],[35.0711275020001,38.7841225010002],[35.070122498,38.7838774990002],[35.0691275020002,38.7836225010002],[35.0664463650002,38.7833602750002],[35.0644999240001,38.7825707510001],[35.0603814850002,38.782067501],[35.0603699040001,38.7815000000002],[35.0603825990002,38.7808774990002],[35.0601224980001,38.781122501],[35.0598728790001,38.7818917470002],[35.0593724980002,38.782372501],[35.0584117130002,38.783372501],[35.0568853610002,38.7826454660002],[35.0563837740002,38.7811800540001],[35.0563724520001,38.7806250000001],[35.056387505,38.7798872600002],[35.0556305240002,38.7787705190001],[35.0556224060002,38.7783727800001],[35.0558790440002,38.7776230010002],[35.0550512770001,38.7773543850001],[35.0529501500002,38.7751675000001],[35.0504702910002,38.7738899990002],[35.0479145740001,38.7735633280001],[35.0416861650001,38.774071136],[35.0413724980002,38.7743725010002],[35.0409113240002,38.7748525010001],[35.0399100040002,38.7753683320002],[35.0381224980001,38.7758725010002],[35.0368771820002,38.7762987520001],[35.0333801350001,38.7768097800001],[35.0313775020001,38.7753252370001],[35.0316276400002,38.7746077580002],[35.032288597,38.7739727170001],[35.0305648500001,38.7735525020001],[35.0301224980001,38.7731274990002],[35.0296787260002,38.7726656150002],[35.0288775020002,38.7721225010002],[35.0273436130002,38.7715175020002],[35.024242874,38.7678774990001],[35.0241224980001,38.7681225010001],[35.0237168730001,38.7693725010002],[35.0216224980001,38.7688774990001],[35.0201617130002,38.7683774990002],[35.0196491090002,38.7692548450002],[35.0203724980003,38.7696274990002],[35.0222744220002,38.7699371150002],[35.0230727310002,38.771486774],[35.0217938000001,38.7723536990001],[35.0198750000002,38.7723928570002],[35.0159728620002,38.7723132210001],[35.0148775020002,38.7728774990002],[35.0138877030003,38.7733577000002],[35.0134950030001,38.774119999],[35.0129368900002,38.7764093890001],[35.0114900970001,38.777390102],[35.0102064130001,38.7773639070003],[35.0096524960001,38.7790708660002],[35.0088775020001,38.7798774990002],[35.0078853150002,38.7808307720002],[35.0072671280002,38.7821050000002],[35.006127502,38.7828774990001],[35.005056633,38.7832249980002],[35.0038675000002,38.7843675000001],[35.0029274980002,38.7863050500001],[35.0014265670002,38.7878672450001],[34.9993059310002,38.7896474490001],[34.9968724980002,38.790122501],[34.9959019130002,38.7906225010002],[34.9940105020001,38.790260307],[34.9914522820002,38.7893846740001],[34.9895964510001,38.7890825610001],[34.9868205830002,38.7878815420002],[34.9861250000003,38.7878673480002],[34.9851417430002,38.7878874130002],[34.9841323550002,38.7873674240001],[34.9833267100002,38.7877824520001],[34.9819232900001,38.7867175480001],[34.980889996,38.7872498510002],[34.9791729810003,38.7864168430003],[34.980122501,38.7850160640002],[34.9793725010002,38.7851225010002],[34.9779117160001,38.785622501],[34.977372501,38.7851274990001],[34.9771274990002,38.7848725010002],[34.9763661610001,38.7841410180001],[34.9768075070002,38.782851593],[34.975874447,38.7823709260002],[34.9743239940001,38.7836225010002],[34.9731995240002,38.7830123140002],[34.9728625870002,38.7823582570003],[34.9728775980002,38.7816226310002],[34.9718774990002,38.7803046190002],[34.9722649840001,38.7792258000002],[34.9728728790002,38.7786417470001],[34.9732257840002,38.777554214],[34.9743725010001,38.7756225010002],[34.9753725010001,38.7751373520001],[34.9748774990002,38.7743725010002],[34.9746225010002,38.7741274990002],[34.9739142270003,38.7733903200001],[34.9731720730001,38.7730302620002],[34.972877499,38.7721225010002],[34.9726224020002,38.77137722],[34.9726474720001,38.7701488230001],[34.9718674320002,38.7691208230001],[34.9718820690001,38.7684036060002],[34.9696225010001,38.7681274990002],[34.968377499,38.7676225010002],[34.9671185610002,38.7673155940001],[34.9671476440002,38.7658904530002],[34.9655889130001,38.7650874710002],[34.9611286430002,38.7651784970002],[34.9601224990002,38.765622501]]]},"properties":{"id":"reservoir-gdw-7042","hesIds":["hes177-033"],"basinIds":["15"],"riverSystemIds":["river-system-005"],"damName":"Bayramhacili","reservoirName":"Bayramhacili","basinId":"15","source":"GDW","sourceId":"7042","sourceUrl":"https://services8.arcgis.com/oTalEaSXAuyNT7xf/ArcGIS/rest/services/GDW_v1_epsilon_gdb/FeatureServer/1","matchMethod":"name+coordinate","matchConfidence":"high","areaKm2":12.501,"validated":true,"validationNotes":"Turkey envelope; facility name, basin/river relation and coordinate distance check"}},{"type":"Feature","id":"reservoir-gdw-4171","geometry":{"type":"Polygon","coordinates":[[[38.1252750651041,40.246941731771],[38.125569390191,40.2463704427086],[38.1255523003472,40.2455360243057],[38.1233585611978,40.2455805121529],[38.1227804904512,40.2451209852431],[38.1237928602429,40.2436279296876],[38.1210997178819,40.2433349609377],[38.1204356553817,40.2419666883682],[38.1185921223957,40.2416693793405],[38.1180314127604,40.2422531467016],[38.1146695963541,40.2421842447919],[38.1102899848088,40.2408588324654],[38.1086819118922,40.238972981771],[38.1031694878471,40.237918294271],[38.1027804904513,40.2374593098961],[38.1033371310762,40.2358327907987],[38.1029437934027,40.2350689019099],[38.1008175998263,40.2347227647571],[38.1000170898436,40.2338894314238],[38.0983040364583,40.2333143446182],[38.0968511284721,40.2333436414932],[38.0960753038193,40.2321603732642],[38.0950528971354,40.2311783854168],[38.0942822265624,40.2278700086807],[38.0927750651041,40.2275027126738],[38.0893055555555,40.2259722222224],[38.0845350477429,40.2261230468751],[38.0803407118054,40.2280441623267],[38.0791259765624,40.2283306206598],[38.0777992078991,40.2269498697919],[38.0771571180556,40.2266693793405],[38.0772254774303,40.2300195312501],[38.0797962782118,40.2308539496529],[38.0839602322048,40.2304991319446],[38.087261827257,40.2311132812502],[38.0900965711805,40.2320838758682],[38.0931320529513,40.2325075954862],[38.0956013997395,40.2333528645836],[38.0976481119791,40.2354828559029],[38.1011886935763,40.2378417968752],[38.103724500868,40.2403597005209],[38.1041680230035,40.243084309896],[38.1050881618922,40.2439680989585],[38.1111078559026,40.2447819010418],[38.1125273980034,40.2458588324654],[38.1152647569443,40.2472032335071],[38.1191965060764,40.2474972873265],[38.1202750651041,40.246941731771],[38.1218370225693,40.2466693793404],[38.1238861762153,40.2480582682294],[38.1247417534721,40.2480409071182],[38.1252750651041,40.246941731771]]]},"properties":{"id":"reservoir-gdw-4171","hesIds":["hes177-046"],"basinIds":["14"],"riverSystemIds":["river-system-004"],"damName":"Camligoze","reservoirName":"Camligoze","basinId":"14","source":"GDW","sourceId":"4171","sourceUrl":"https://services8.arcgis.com/oTalEaSXAuyNT7xf/ArcGIS/rest/services/GDW_v1_epsilon_gdb/FeatureServer/1","matchMethod":"name+coordinate","matchConfidence":"high","areaKm2":1.87,"validated":true,"validationNotes":"Turkey envelope; facility name, basin/river relation and coordinate distance check"}},{"type":"Feature","id":"reservoir-gdw-1572","geometry":{"type":"Polygon","coordinates":[[[35.4891638861761,37.3094471571186],[35.4871540323893,37.3081111653651],[35.4839854939778,37.3072173394102],[35.4831833224827,37.3072162543408],[35.4827805582682,37.3063861762158],[35.4821923149955,37.3058360460075],[35.4813916693794,37.3066693793407],[35.4799709065754,37.3069468858513],[35.4778012084961,37.3080645073791],[35.476369459364,37.3080588107645],[35.4755689154729,37.3088918728304],[35.4738461642796,37.3088983832471],[35.4726801215276,37.3094989691846],[35.4712057156032,37.311982693143],[35.4699089219835,37.3128328450526],[35.4688583374023,37.3139263237853],[35.4677507527668,37.3173394097228],[35.4652592637802,37.3181480577263],[35.4630527750651,37.3175027126743],[35.4603156873913,37.3158083767366],[35.4600006781682,37.3138731553824],[35.4591737874347,37.3130786132818],[35.4586689588758,37.3120383029519],[35.45505923801,37.3116460503477],[35.4546478271483,37.3099584960943],[35.4530332438151,37.3080349392366],[35.4523880343967,37.3067051866325],[35.4527815077038,37.3055555555562],[35.4524140421549,37.3044821506083],[35.4532197740342,37.3040912543408],[35.4538152737086,37.3016482204866],[35.4527138943141,37.3016707356776],[35.4505991278754,37.3038717990456],[35.4499750094942,37.3041745334207],[35.4481722344292,37.304137912327],[35.447676357693,37.3031157769104],[35.4483900960286,37.3006496853304],[35.4513861083984,37.2999701605908],[35.4508135647244,37.2988587782123],[35.4487207709418,37.2978434244798],[35.4461629570854,37.2991609700526],[35.4458361138237,37.3025027126742],[35.4447250027125,37.3030582682298],[35.4429929606118,37.3033306206603],[35.4395677693684,37.3016040039067],[35.4383664957681,37.2995803493928],[35.4377805582681,37.2967374674484],[35.4389319864908,37.294076334636],[35.4411020575629,37.2919368489588],[35.4437207370333,37.2928011067713],[35.4453640407984,37.2927674696185],[35.4461083306206,37.2917534722229],[35.4438622368705,37.29138780382],[35.4425887383354,37.2907316080734],[35.4436027696397,37.2897138129345],[35.4447250027125,37.2891693793408],[35.445552775065,37.2873296440977],[35.4439443630642,37.2849565972227],[35.4436138916014,37.2836423068582],[35.4466638861762,37.2818155924484],[35.442685716417,37.2822672526047],[35.4410978190103,37.2849422200526],[35.4396596272784,37.2852750651047],[35.4354744466145,37.2844319661464],[35.4347137790255,37.284447428386],[35.4347258165147,37.2850368923617],[35.4319358995224,37.2849799262158],[35.4277805582681,37.2830528428824],[35.4266638861761,37.282780490452],[35.4246827867294,37.2815790473095],[35.4241340806747,37.2798882378478],[35.4224134657116,37.2793299696186],[35.4219269476996,37.2768378363721],[35.4192144436304,37.2734776475701],[35.4201123385957,37.2717344835076],[35.4215383572048,37.2710427517367],[35.421941663954,37.2704071723095],[35.420821940104,37.2698638237853],[35.4208422512476,37.2688693576394],[35.422137959798,37.2688956705734],[35.4227190144857,37.2706863064242],[35.4242779541015,37.2713861762158],[35.4261083306207,37.2699972873269],[35.4287978108723,37.2696218532991],[35.4299508666992,37.2708219401047],[35.4316746690536,37.2716750759554],[35.4323665364582,37.2716609700528],[35.4319415622286,37.2708357747401],[35.4319534640841,37.2688636610249],[35.4342139010959,37.2689097764762],[35.4352608235677,37.2699994574659],[35.4364026217989,37.2702750651047],[35.4371658664279,37.2687017144103],[35.443389892578,37.2668261718755],[35.4475299072264,37.2683306206603],[35.4486105346678,37.2677739800352],[35.4494466824001,37.2680601671012],[35.4497194417316,37.2672102864589],[35.4476559109158,37.2665407986116],[35.4466694471569,37.2649481879346],[35.4472636922199,37.2626296657991],[35.4501009114583,37.2610210503478],[35.4496303304037,37.2601076931429],[35.4460916815864,37.2608300781255],[35.4449999999999,37.2596940104172],[35.4439092000325,37.2608292643235],[35.4417595418294,37.2616769748268],[35.4406281534831,37.2616737196187],[35.439169447157,37.2627804904519],[35.4379344346787,37.2630815972227],[35.4354236178928,37.2627148437505],[35.433864780002,37.2633468967019],[35.4324212307399,37.2633175998271],[35.4306064860024,37.26269639757],[35.4275287204317,37.265553927952],[35.426038953993,37.2662768554692],[35.4244197252061,37.2666639539935],[35.4227694702146,37.2655452473964],[35.4227972412107,37.2641859266498],[35.4217695109048,37.2628314887158],[35.4224988810221,37.2614154730908],[35.4227749972873,37.2597195095493],[35.4234900580511,37.2591693793408],[35.4248690795898,37.2601041666672],[35.4264604017469,37.2588967556429],[35.4302388509115,37.2597656250005],[35.4325834486219,37.2597176106776],[35.4333305528427,37.2584182400179],[35.4315652465819,37.259022352431],[35.4297250027125,37.2577750651048],[35.4276816474065,37.2571986219623],[35.4244470214843,37.2572306315109],[35.4238916693792,37.2566419813373],[35.4252749972873,37.254494086372],[35.423229031033,37.2553238932298],[35.4212711927626,37.2573616536464],[35.4194361707899,37.2558213975699],[35.4194541761609,37.2549403211811],[35.4202915785046,37.2533146158859],[35.4202583143445,37.2516859266498],[35.422780558268,37.2480582682297],[35.4233551364474,37.2463359917541],[35.4245846896702,37.2445222981776],[35.4263916693793,37.2441693793408],[35.4272194417317,37.2434627278652],[35.4260860188801,37.2429128689242],[35.4247250027125,37.2436138237853],[35.4219518364798,37.2444531250005],[35.420950012207,37.2444327799484],[35.4200584920246,37.2425949435769],[35.4189900377061,37.2413916015632],[35.4186138916015,37.2423771158859],[35.4202805582682,37.2444417317713],[35.4205527750649,37.2465079752609],[35.4183305528428,37.2469417317713],[35.4180251736111,37.2475710720491],[35.415954386393,37.2491639539936],[35.4147167290581,37.2483249240456],[35.4141472371418,37.2483365885421],[35.4130325656466,37.2494417317714],[35.4108361138237,37.2477750651046],[35.4097637600367,37.247502712674],[35.4091527642144,37.2503073459207],[35.40850853814,37.2509263780387],[35.4060703192816,37.2519417317715],[35.4027046712238,37.2508205837678],[35.4011183675129,37.2508531358512],[35.3999792480469,37.2489341905387],[35.4000198025174,37.2469471571186],[35.399441663954,37.246391601563],[35.3987797037759,37.2450740559901],[35.3975133599174,37.2463918728304],[35.3965601942274,37.2463726128477],[35.3961033121744,37.2449647352436],[35.3961080932617,37.2427693684902],[35.3955528428819,37.2427807617193],[35.3952805582681,37.2421910264762],[35.3969470214844,37.2422252061638],[35.3983418443468,37.2416674804693],[35.3983097330727,37.2400941297749],[35.399734564887,37.2396318901915],[35.3997147284613,37.2386599392366],[35.3980365329318,37.2383360460074],[35.3974467976886,37.2389499240458],[35.3956352403428,37.2384857855909],[35.3952805582681,37.2366476779519],[35.3969472249348,37.2352804904519],[35.3979487101236,37.2337529839416],[35.39663224962,37.2333257378477],[35.3958175998264,37.2324780273443],[35.395166998969,37.2298092990457],[35.3944250149196,37.2305815972227],[35.3936028713649,37.2330688476568],[35.3935902235243,37.2347737630214],[35.3924897257486,37.2363972981776],[35.3912362331814,37.2363948567713],[35.3919691297742,37.2378176540803],[35.3919473266602,37.2394471571187],[35.3908041720918,37.2417678493928],[35.3901852077906,37.2422195095492],[35.3860636732311,37.2407104492193],[35.384755622016,37.2413842773443],[35.3835920884874,37.2416639539936],[35.3822159830727,37.2402989366325],[35.3816694132485,37.2369414605039],[35.3812987942164,37.2369490559901],[35.3797032335069,37.2397634548616],[35.3797416178384,37.2416449652785],[35.3791374376085,37.242536349827],[35.376769443088,37.2424877929693],[35.3763916693792,37.2405528428825],[35.3758301120333,37.2394626193581],[35.3758471340603,37.2386298285595],[35.3753594292534,37.2376831054693],[35.3763861083983,37.2366368272575],[35.3755527750649,37.2358360460074],[35.3752805582681,37.2349915907125],[35.3763861083983,37.2347083875874],[35.3752711656356,37.2341674804694],[35.3765388997394,37.2328938802088],[35.3769416639538,37.2308306206602],[35.3783636813691,37.2289564344623],[35.3782925415038,37.2280582682297],[35.3764052327472,37.2300227864589],[35.3755147637261,37.2291693793408],[35.3717815483939,37.2329530164936],[35.3722187635632,37.2358645290804],[35.371663886176,37.2369417317713],[35.3713434176974,37.2398914930561],[35.3702137586805,37.2404394531255],[35.3714090983073,37.2427598741325],[35.3713741048176,37.2444750976569],[35.3705985514321,37.2452199978304],[35.3688480970594,37.2455528428824],[35.3663386366101,37.2447094726567],[35.3648493787977,37.2433360460075],[35.362829691569,37.2460606553824],[35.3608305528429,37.2463861762158],[35.3600027804904,37.2469471571186],[35.3588426378037,37.2472195095492],[35.3566525607638,37.2461138237853],[35.3566913519965,37.248015679254],[35.3563045586479,37.2487665473096],[35.3544802856443,37.2502574327263],[35.3527396308051,37.2534103732644],[35.3510149468314,37.2559545898442],[35.3512678358289,37.2563861762157],[35.3524973890516,37.2555525716151],[35.3529782443574,37.2555626085074],[35.3538861083983,37.2569471571185],[35.3558968098958,37.2580872938375],[35.3584282090927,37.2589086914068],[35.3591638861761,37.259919976129],[35.3575347222222,37.2609882269971],[35.3522194417316,37.2600027126741],[35.3497849527993,37.2589493815109],[35.3493909708658,37.2569314236116],[35.3469665866426,37.2569807942713],[35.3459307522242,37.2555834960942],[35.3447175767685,37.2551898871533],[35.3433585272894,37.254268663195],[35.3458305528428,37.2530257161463],[35.3452694363063,37.2519363064241],[35.3452812364365,37.2513582356776],[35.3461138916014,37.2505582682298],[35.3464797973631,37.2498041449658],[35.3459900241428,37.2493334960942],[35.3442233276366,37.2502750651047],[35.3414812215169,37.2482164171012],[35.3411138916015,37.2486572265631],[35.3422194417317,37.2511518012157],[35.3409581502278,37.2523638237853],[35.3390773179796,37.2517201063375],[35.3380583360459,37.2527804904519],[35.3372031995984,37.2530528428824],[35.3363972303601,37.2522138129345],[35.3352749972872,37.2516693793408],[35.3338806152342,37.2505438910596],[35.3339132690429,37.2489447699658],[35.3336893039279,37.2483360460075],[35.3318857828776,37.2497045898442],[35.3306952243381,37.2490912543409],[35.3297250027125,37.247731662327],[35.3305640665688,37.2461027018235],[35.3325669691296,37.2460842556429],[35.3333305528427,37.2444037543409],[35.3319303724501,37.2430582682297],[35.3325757514105,37.2418055555561],[35.3318428548176,37.2403827582471],[35.332218492296,37.2385674370665],[35.3313373480901,37.2359931098096],[35.3297961086695,37.235493164063],[35.3307269626193,37.233198242188],[35.3325531344942,37.2338232421881],[35.3330527750651,37.2327530924486],[35.3309294637043,37.2294086371532],[35.3315390014647,37.2276277669277],[35.3308017985025,37.2269194878477],[35.3288917711046,37.2269585503477],[35.32726111518,37.2261184353304],[35.3252749972872,37.2255582682296],[35.3235875786674,37.2243470594623],[35.3236160278319,37.2229527452262],[35.3250197686088,37.2224972873269],[35.3249915568032,37.221113552518],[35.3252968004013,37.2208360460074],[35.3260091484916,37.2215774197055],[35.3275027804904,37.2219417317713],[35.3278841145834,37.2235058593755],[35.3294563802083,37.2238861762158],[35.3299972195094,37.2222195095491],[35.3305137464734,37.2217230902783],[35.3316884019639,37.2225195312506],[35.3327801852755,37.2224970160597],[35.335900065104,37.2233460828998],[35.3370942179362,37.2233216688373],[35.3382040405272,37.2252750651048],[35.3397251044377,37.2230582682297],[35.3397058783635,37.2221156141498],[35.3383147176106,37.2216642252609],[35.3373324245877,37.2206778971359],[35.3360429212781,37.2202593315978],[35.3349652777778,37.2202813042539],[35.3330583360459,37.2186414930561],[35.3358524915907,37.2183002387158],[35.3358304511175,37.2172195095491],[35.3377931382919,37.2169455295144],[35.3398162163628,37.2148963758685],[35.3391344536675,37.21353624132],[35.3385703192815,37.2130582682297],[35.3371010674369,37.2145876736117],[35.3331996663409,37.2150113932297],[35.3321749877929,37.2149905056429],[35.3308466932508,37.2136081271706],[35.3305416531033,37.2136140950527],[35.3297137112087,37.2152861870665],[35.3291008165145,37.2152737087679],[35.3272618611654,37.212954101563],[35.3280527750649,37.2112320963548],[35.3261027696398,37.2102693684902],[35.3261016506618,37.2077305772575],[35.324679192437,37.2063639322922],[35.3222799343532,37.2055853949658],[35.319163886176,37.2052804904518],[35.3147222222221,37.2038850911464],[35.3138888888889,37.2041704644102],[35.313025885688,37.2038750542539],[35.3111862860785,37.2020439995665],[35.3056792873804,37.200847710504],[35.3052805582682,37.2016693793408],[35.3044145372178,37.2019417317713],[35.3027587551539,37.2011138237853],[35.3017283121744,37.202186414931],[35.2997194417315,37.2033306206602],[35.2986602444118,37.2044330512158],[35.2951835462782,37.206144476997],[35.292856903076,37.2067116970491],[35.2920991007485,37.2063213433165],[35.291386006673,37.2041691080736],[35.2914028252493,37.2033452690977],[35.2905527750649,37.2022249348963],[35.2902805582681,37.2005528428826],[35.2891061062281,37.1997827148442],[35.2870833333332,37.196805555556],[35.2863861083983,37.1969417317713],[35.2840848795572,37.1983775499138],[35.2785717603895,37.1997214084208],[35.2769444444444,37.2005598958339],[35.2753958299423,37.1997919379345],[35.2744472249347,37.2002804904519],[35.271663886176,37.2005528428826],[35.2705632527669,37.2011197916672],[35.2694563632539,37.2010972764762],[35.2679968939886,37.2022045898443],[35.2669447665742,37.2016625976568],[35.2633324008517,37.2027815755214],[35.2627380032009,37.2024753146707],[35.2612954033744,37.2025046115457],[35.260558336046,37.2035696072054],[35.2625027804904,37.2038861762158],[35.263052775065,37.2041978624137],[35.2621269565157,37.2055528428824],[35.2552749972871,37.2047249348964],[35.2532482740613,37.2038481987852],[35.2492777845593,37.2038655598963],[35.2486138916013,37.202497287327],[35.2475415378146,37.2019471571186],[35.2471015252005,37.2046500651047],[35.2450946384004,37.2058726671012],[35.2441694471571,37.2055257161463],[35.2447305636934,37.2044363064241],[35.2447162712945,37.2037361653651],[35.2433361138237,37.2044471571185],[35.2413634406195,37.2047195095491],[35.241391889784,37.2033246527783],[35.2398108588323,37.2033265516499],[35.2393921407063,37.2046169704867],[35.2377805582681,37.2055140516499],[35.2397250027126,37.2058306206603],[35.2403173319497,37.2061357964415],[35.2413861083984,37.207589789497],[35.2369830491807,37.2088316514764],[35.235729844835,37.2100938585075],[35.2349998304578,37.2097178819449],[35.2344472249348,37.2100406901047],[35.2360954454209,37.2116674804694],[35.2377967834471,37.2119417317714],[35.2383305528427,37.2113861762158],[35.2402805582682,37.2111138237852],[35.2408182271321,37.2105541992193],[35.2430745612249,37.2102804904519],[35.2441426255966,37.2113921440978],[35.2446360270181,37.2113821072053],[35.2441624620225,37.2099986436637],[35.2452062649196,37.2089350043408],[35.2458399285209,37.210841742622],[35.2464086574976,37.2108300781255],[35.2463746812608,37.2091647677956],[35.2507771131727,37.2088568793408],[35.2511083306206,37.2105802408859],[35.2499336920844,37.2123130967887],[35.2483242289225,37.2138595920146],[35.2483363342285,37.2144528537332],[35.2488914489745,37.2144414605041],[35.2508744642469,37.2154462348096],[35.2503802659776,37.2168901909728],[35.2511195203992,37.2183251953131],[35.2507724338107,37.218999023438],[35.2480424838595,37.2194433593755],[35.2467272271048,37.2214493815109],[35.2453849962021,37.2223293728304],[35.2438524712455,37.2241745334208],[35.2405072869194,37.2241628689241],[35.2383668518066,37.2230601671012],[35.2372080993651,37.2227804904518],[35.2372099812825,37.2246278211811],[35.2333224995931,37.2253263346359],[35.2312013922795,37.2271069335943],[35.2288979085286,37.2296972656255],[35.2258305528428,37.229997287327],[35.2255583360458,37.2304701063373],[35.2269992404512,37.2309375000006],[35.2283305528429,37.232648383247],[35.2273324245876,37.2331325954866],[35.2263916693792,37.2342778862854],[35.2271011861164,37.2347195095491],[35.2286769612628,37.233651258681],[35.2294416639538,37.2344471571186],[35.2302862209742,37.2347195095491],[35.2302577379014,37.2333235677088],[35.2327805582681,37.2316693793409],[35.2350019327798,37.2295133463547],[35.235981818305,37.228891601563],[35.2364562310112,37.2298695203999],[35.237626630995,37.2290760633686],[35.2390277777776,37.2297979058164],[35.2397194417316,37.2294417317713],[35.2434527248805,37.2289854600699],[35.2444416639538,37.2296148003477],[35.2419254387748,37.2336523437506],[35.2419527520073,37.234990505643],[35.2407038370766,37.2377802191845],[35.2383950975205,37.2396107313373],[35.2364541625975,37.2428431532123],[35.2344526841905,37.2471652560769],[35.2317692057292,37.2503621419275],[35.2287772623696,37.2561230468755],[35.2255199517143,37.2603390842019],[35.2255366177028,37.2638444010421],[35.2264186435275,37.2661808268234],[35.2263917711045,37.2680577256949],[35.2258361138236,37.2719471571187],[35.2255337693956,37.2728306749137],[35.2243993123371,37.2745041232644],[35.2224879286022,37.2764070638027],[35.2211303032768,37.2770657009553],[35.2205583360458,37.2778889973965],[35.2221312459308,37.2799620225699],[35.2228076850043,37.2802750651048],[35.2244428507485,37.2794325086811],[35.2248611111111,37.2802948676221],[35.2258472188312,37.2802747938373],[35.2265675862629,37.2787898763027],[35.2281174892848,37.2780194769971],[35.2289306640625,37.2771731228303],[35.231300930447,37.2760232204866],[35.2320091078015,37.2746047634554],[35.2324972195094,37.2711083984381],[35.2330587599011,37.2700181749137],[35.2330693562823,37.2680742730041],[35.2325027804904,37.2663590494797],[35.2331729804145,37.2650580512157],[35.2355584547253,37.2647249348964],[35.2355506218802,37.2643416341151],[35.2336370849608,37.2637207031255],[35.2330583360459,37.2624701605908],[35.2336245727538,37.2613709852437],[35.2342563374837,37.2581347656256],[35.2347336154513,37.2572083875875],[35.2369227091471,37.2572026909728],[35.2382054477266,37.2580723741325],[35.2391864352755,37.2580523003477],[35.2391628519694,37.2568961588548],[35.2381860351562,37.2550000000005],[35.2387555609808,37.2538943142366],[35.2392034233941,37.2520572916671],[35.2401694573296,37.2515885416672],[35.2415306599933,37.2525113932297],[35.2432896762422,37.2525132921012],[35.2449972195093,37.253891601563],[35.2475983852808,37.2541639539936],[35.2480527750649,37.2534849717887],[35.2456653849283,37.2521313476568],[35.2452699449327,37.2505091688373],[35.2446923149956,37.2500027126742],[35.2436111111109,37.2505598958338],[35.2427537367077,37.2502810329866],[35.2413804456922,37.2488861762158],[35.2414094712997,37.2474639214415],[35.2427818806964,37.2455411783859],[35.2438916693791,37.2450027126741],[35.2441638861761,37.243608398438],[35.2453076850042,37.2433360460075],[35.2461083306205,37.2441693793408],[35.2477269999187,37.2444417317713],[35.2463861083982,37.2427804904519],[35.2460649108885,37.2417906358513],[35.2464083353677,37.2407874891499],[35.2488973320853,37.238063693577],[35.2483361138237,37.2366476779519],[35.2491697692869,37.2358466254346],[35.2491760423447,37.2349574110248],[35.2498367479112,37.2336748589416],[35.2519526502821,37.2350141059033],[35.2519413418239,37.2355688476567],[35.2530583360459,37.2366639539936],[35.2536252170137,37.2386303710943],[35.255286119249,37.2394360351569],[35.2575222608777,37.2409518771707],[35.2574950493704,37.2396185980908],[35.2563566758895,37.2388723415804],[35.2544930521647,37.2369327799485],[35.2541694471569,37.2352750651047],[35.2538860066732,37.2350027126741],[35.2539029947916,37.2341696506081],[35.2533140903048,37.2330262586811],[35.2533362155489,37.2319417317713],[35.2522881232366,37.2302134874136],[35.2515181816948,37.2297249348965],[35.2511029391816,37.2305807834207],[35.2497081163193,37.2305523003478],[35.2497355821397,37.2292062717018],[35.2520813496906,37.2276296657991],[35.2533523390027,37.2272249348963],[35.2543948533798,37.2283100043408],[35.2554299757214,37.2288861762159],[35.2558305528427,37.2280365668408],[35.2550026279025,37.227241210938],[35.2547250027126,37.2264157443582],[35.2591807725694,37.2261078559033],[35.2591637844509,37.2252750651048],[35.2602352057561,37.2249273003478],[35.2618864949544,37.2266460503478],[35.2625831604003,37.2269417317715],[35.2619479031032,37.2241360134555],[35.2655236307779,37.2214632161463],[35.266025560167,37.2205582682298],[35.2663912455239,37.221685384115],[35.2686020914712,37.2238639322921],[35.2723928493923,37.2242347547748],[35.2719404093424,37.2255563693581],[35.2725140719944,37.2264027235249],[35.2749457465277,37.2263530815979],[35.2775514729815,37.2258194986984],[35.2786085510253,37.2252747938373],[35.2808850945366,37.2247092013894],[35.2825027126736,37.2247192382817],[35.2827749972872,37.2252143012158],[35.2813861083983,37.2255528428825],[35.2803696017793,37.2262418619796],[35.2797249348957,37.2272252061638],[35.2784749518499,37.2271997070318],[35.278058336046,37.2280582682297],[35.2761083306205,37.2283306206602],[35.2742683410643,37.2292201063374],[35.2738916693792,37.2300189887158],[35.2747324795193,37.2308268229172],[35.2736082288953,37.2322195095492],[35.2736306762693,37.2333200412331],[35.2730554029676,37.2338726128477],[35.2727498711481,37.2354378255213],[35.272786441379,37.2372303602435],[35.2719512091742,37.2380327690977],[35.2716694471571,37.2386249457471],[35.2730032518173,37.2392719184033],[35.2736410183376,37.2408306206602],[35.2744693162706,37.2399685329867],[35.2744479200575,37.2352465820319],[35.2753851657442,37.2329909939241],[35.278450826009,37.2316322157123],[35.2811472235784,37.2316872829867],[35.2816748725043,37.2322363281255],[35.2816729566786,37.2335028754346],[35.283383280436,37.2347195095491],[35.2838861083982,37.234125976563],[35.2825599331326,37.2306963433165],[35.2840143161348,37.2297249348965],[35.2847194417316,37.2322249348964],[35.2851484849717,37.2324972873269],[35.2855527750651,37.2316639539936],[35.2863916693793,37.2311138237853],[35.2872373453774,37.2296893988721],[35.2900146823458,37.230004882813],[35.2905798678927,37.2311697048616],[35.2905418565536,37.2330327690977],[35.2940948316785,37.233348524306],[35.2950077989366,37.2347412109381],[35.2982446628146,37.236863335504],[35.2977735053167,37.2377777777784],[35.2980854627821,37.2383306206603],[35.2993534003364,37.2376774088547],[35.2999917602539,37.238341742622],[35.3008333333331,37.237908257379],[35.3018055555554,37.2384090169276],[35.3030795966253,37.2377528211811],[35.304463873969,37.2377810329868],[35.3055315144857,37.2388921440977],[35.3058419121635,37.2388859049484],[35.3058195326062,37.2399812825525],[35.3063861083984,37.2411518012159],[35.3058144124349,37.2428222656255],[35.3058269246419,37.2448969184034],[35.3033770412868,37.24595811632],[35.3029559326171,37.2498342556428],[35.302474093967,37.2502973090283],[35.2996875678166,37.2514192708339],[35.2961937120225,37.2513707139763],[35.2944472249348,37.2527804904519],[35.2926831732856,37.2533694118929],[35.2903657362195,37.2545323350699],[35.2886318969726,37.2569788953999],[35.2897521294487,37.257497287327],[35.2914324781628,37.2566495768236],[35.2924866400824,37.2555525716151],[35.2927916632756,37.2555585394971],[35.2933305528428,37.2566693793408],[35.2958305528429,37.2589295789935],[35.2952129109698,37.2607340494798],[35.2940568033852,37.2612950303824],[35.2928868781194,37.2637065972228],[35.2936393059622,37.2659049479172],[35.2942074584961,37.2663861762158],[35.297780558268,37.2652804904519],[35.2986083306206,37.264252115886],[35.2974972195094,37.263891601563],[35.2970350816514,37.2634106445317],[35.2975805664061,37.2623518880214],[35.2994702148437,37.2605362955734],[35.3013994683157,37.2605756293408],[35.300674879286,37.2579470486116],[35.2999327935111,37.2568522135422],[35.3002916802299,37.2558037651914],[35.3019637722439,37.2541408962679],[35.3019474622936,37.2527693684901],[35.3031575181749,37.2527940538199],[35.3057053290472,37.253666178386],[35.3083753119573,37.2527522786463],[35.3083304511175,37.2505531141498],[35.3086196560328,37.2494246419276],[35.3097444322374,37.2494476996533],[35.310552775065,37.2511138237853],[35.3113874647351,37.251915961372],[35.3116638861761,37.2536138237853],[35.3125027804904,37.2547195095491],[35.3127909003363,37.2556073676219],[35.3127641126843,37.2569203016499],[35.3136083306206,37.2591693793408],[35.3141452365451,37.2597195095493],[35.3144416639538,37.2563861762157],[35.3151407877604,37.2539702690977],[35.3186748250325,37.2561295572922],[35.3211134847005,37.2561081271707],[35.3222483317056,37.2563991970491],[35.3231834581161,37.2573722330735],[35.3246472167967,37.2568712022576],[35.3258305528428,37.2552750651047],[35.3274813164604,37.2536021592887],[35.3282658216687,37.253618164063],[35.3266434393987,37.2557562934032],[35.3269630940753,37.2570035807298],[35.3269352891709,37.2583648003477],[35.3275299072266,37.2588861762158],[35.3291916571723,37.2580476888027],[35.3300435723198,37.2580517578131],[35.3316798231336,37.2574918619797],[35.3332431030273,37.257523600261],[35.3347249688041,37.2583303493929],[35.3358095296223,37.2611721462679],[35.3341249932182,37.2628382703998],[35.3336111111111,37.2638972981778],[35.3322250027125,37.2639187282991],[35.3329004245333,37.2652300347227],[35.3320863850911,37.2676082356776],[35.3307214016383,37.2692990451395],[35.3311076524523,37.2716978624137],[35.3304829237194,37.2729106987852],[35.331974351671,37.2755528428826],[35.3343282402885,37.2745833333339],[35.3333248901366,37.2736192491325],[35.3347392442491,37.2707896592887],[35.3358454047307,37.2697040473096],[35.3370688544377,37.2691105143234],[35.3381156073675,37.2694688585074],[35.3394642130534,37.2694411892367],[35.3394402737086,37.2682674153651],[35.3374453057182,37.2666040039068],[35.3369743516708,37.2650027126742],[35.3387626139321,37.2658306206603],[35.3391638861761,37.2641205512159],[35.3380424329969,37.2616148546012],[35.3380630832247,37.2606027560769],[35.3397869533961,37.260280490452],[35.341663886176,37.2625027126742],[35.3450090196396,37.2647338867194],[35.3485093519421,37.265417209202],[35.3491638861761,37.2661249457471],[35.3476647271048,37.2668522135422],[35.3483528984916,37.2675132921012],[35.3483248223197,37.2688888888894],[35.3489079115124,37.2691639539936],[35.3511138916014,37.2672249348964],[35.3516880289712,37.2660416666672],[35.3532559882269,37.2645350477436],[35.3541974216037,37.2650200737854],[35.3541632080076,37.266697319879],[35.3532958645291,37.2675306532124],[35.3518810356987,37.2682169596359],[35.3513009304469,37.2700046115456],[35.3503224351669,37.2714480251742],[35.3522422281899,37.2736249457471],[35.3532055664061,37.2736051432296],[35.3536083306205,37.2727750651048],[35.3544176567924,37.2722249348964],[35.3547220865884,37.2750271267367],[35.3559374999998,37.2761949327262],[35.3555436876085,37.2769593641498],[35.3537827894422,37.2775306532123],[35.3533361138237,37.2781561957471],[35.3561138916015,37.2786083984382],[35.356941663954,37.279323459202],[35.3561027357313,37.2805609809033],[35.3561305067274,37.2819227430562],[35.3548708089191,37.2837811957472],[35.3566751098632,37.2858360460074],[35.3566786702473,37.2871166992193],[35.3576020643445,37.2874972873269],[35.3581943088106,37.2856722005213],[35.3576851738822,37.2841848415804],[35.3598751831054,37.2820806206603],[35.3613338894313,37.2825800238721],[35.3616891818575,37.2803974066845],[35.3625361802842,37.2799864366325],[35.3658333333331,37.2800141059033],[35.3661083306206,37.2788861762158],[35.3664088948567,37.2785972764761],[35.3697030300563,37.2785915798616],[35.3708416069877,37.2794555664068],[35.3708426920571,37.2805981445319],[35.3721834309896,37.283233506945],[35.3729509480794,37.2841639539937],[35.3733305528428,37.2822195095492],[35.3739199829101,37.2816531032991],[35.374724799262,37.2816696506081],[35.3754815673827,37.2812795681428],[35.3740107557509,37.2798665364588],[35.3747999403212,37.2791083441846],[35.3765809461806,37.2782443576395],[35.3769416639538,37.2774861653651],[35.3758305528428,37.2769471571186],[35.3753684149848,37.2764662000873],[35.3758471340603,37.2755368381081],[35.3758183119029,37.2741248914936],[35.3749972195093,37.2733360460075],[35.3741634453666,37.2716848415803],[35.3741909450953,37.2703377278651],[35.3738806491427,37.2694311523442],[35.3739026896159,37.2683520507817],[35.3736064317491,37.2677769639762],[35.3746692911782,37.2667339409727],[35.3750122409397,37.2646272786464],[35.3749906412759,37.2635685221359],[35.3744272867837,37.2624747721359],[35.3724638875325,37.2624907769104],[35.3697088623046,37.2597026909728],[35.367272576226,37.2597523329],[35.3661083306206,37.2591693793408],[35.3658361138238,37.2578578016499],[35.3673838297524,37.2568429904521],[35.3705261908637,37.2573022460944],[35.371759677463,37.258972710504],[35.3770202636717,37.2597726779521],[35.3780352444117,37.2608292643235],[35.3827496676972,37.2630213758686],[35.3893104383679,37.2641834852436],[35.3909631008571,37.2641498480908],[35.3934179348415,37.262287055122],[35.3925006103515,37.2614057074658],[35.3922250027126,37.2602530924484],[35.3933474053276,37.2585972764762],[35.3952177259656,37.2586355251742],[35.3962057156033,37.2582972547749],[35.3999268256292,37.2566257052957],[35.4002823554144,37.2555300564242],[35.4018718465169,37.2555626085074],[35.4044215901691,37.2571988932298],[35.4085349527994,37.2607221137158],[35.4125854831271,37.2623887803824],[35.4145606486001,37.2628702799484],[35.4153083292642,37.2636485460075],[35.4158576456704,37.2647808159727],[35.4158278740775,37.2662394205735],[35.4133034261067,37.2669417317714],[35.4110920884872,37.2658360460075],[35.410536872016,37.2664141167539],[35.4077659098305,37.2663574218756],[35.4072250027126,37.2669742838547],[35.4077806599935,37.2680531141498],[35.4077680799695,37.2686694335942],[35.4063573540581,37.2700249565977],[35.4049866400824,37.2699970160597],[35.403741522895,37.2712928602435],[35.4021909925671,37.2716707356776],[35.4001716105142,37.273675130209],[35.3980583360458,37.2747249348964],[35.3959549289279,37.2750187174484],[35.3955484347873,37.2758563910597],[35.3943861558702,37.2770220269102],[35.3938916693793,37.2793150499137],[35.3949766370984,37.2798415798617],[35.3963861083983,37.2788861762158],[35.3986472913954,37.278041992188],[35.4005435858832,37.2780807834207],[35.4012183295356,37.2770515950526],[35.403958706326,37.2752479383686],[35.4070667860243,37.275311414931],[35.4077749972873,37.276391601563],[35.4087059529622,37.2770019531255],[35.4130175781249,37.2769140625006],[35.4138971964516,37.2775103081602],[35.4138921101887,37.2791864691847],[35.415852762858,37.2791813151047],[35.4166797553167,37.2808859592019],[35.4166576470269,37.2819694010421],[35.415591362847,37.2829939778651],[35.4144349161784,37.2847292751742],[35.4152719116209,37.2855335828998],[35.4155527750651,37.286157226563],[35.4146972317166,37.2878181966152],[35.4141638861762,37.2883306206604],[35.4137971666124,37.2909575737852],[35.4145511203342,37.2924210611984],[35.4153139580619,37.2927913411463],[35.4162849934895,37.2927712673616],[35.4167812093097,37.2902294921881],[35.4183361138238,37.2897249348963],[35.4187982516817,37.2892439778651],[35.4181091986761,37.2879063585075],[35.4200495062934,37.2867545572922],[35.4197283257377,37.2856738281255],[35.4206018066405,37.2852804904519],[35.4253716023762,37.2876679144971],[35.4258709038626,37.2886971028652],[35.4281866455077,37.2880270724833],[35.4305181545681,37.2880745442713],[35.4321533881292,37.2874112955734],[35.4329166666666,37.2882058376742],[35.4335934787325,37.2875013563374],[35.4355854627819,37.2869471571187],[35.4368548583982,37.2876011827263],[35.4372194417316,37.2882874891498],[35.4340746731227,37.2903523763026],[35.4333086140949,37.2922946506081],[35.4311026679143,37.2963916015631],[35.431119350857,37.2972089301222],[35.4304200914169,37.2998293728303],[35.4328155517578,37.3013997395839],[35.4336761474607,37.3022954644103],[35.4349972195095,37.304323459202],[35.4340565321181,37.3057112630214],[35.4352805582682,37.3061083984381],[35.4360973442925,37.3069585503478],[35.4370367431638,37.3063216145839],[35.4396884155273,37.3074951171881],[35.4419734022351,37.3081643337679],[35.4427772691513,37.3069382052956],[35.4441638861762,37.3086138237852],[35.4462527126735,37.3088774956603],[35.4467018636067,37.3098033311637],[35.446672431098,37.3120887586811],[35.4450027804904,37.3131722005213],[35.4497347683375,37.3120239257818],[35.4497137790254,37.3130533854172],[35.4500299072265,37.3133306206603],[35.4511191134981,37.3127693684901],[35.4520287068684,37.3127880859382],[35.4544138590494,37.3160055881082],[35.4547684054903,37.3170982530387],[35.4541591729057,37.3189233398443],[35.4533137681747,37.3197355143234],[35.4533472696939,37.3213769531256],[35.4524052598741,37.3226182725699],[35.4530727132159,37.3239141167541],[35.4544583468965,37.3238859049484],[35.4551510620116,37.3224579535595],[35.457450934516,37.3210926649311],[35.4613282606336,37.3222658962679],[35.4626195610894,37.3231412760422],[35.4664180840385,37.3213696289067],[35.4677722846135,37.3213972981777],[35.4690591091578,37.3205249023443],[35.4704907565647,37.3175740559902],[35.4726391262478,37.31480577257],[35.4735434299045,37.3125130208338],[35.4758750067816,37.3118313259554],[35.4775692070855,37.3104779730909],[35.4817119344075,37.3094368489588],[35.4839907497828,37.3094110785595],[35.4859174262152,37.3097398546012],[35.4883899264864,37.3105862087679],[35.4900075276691,37.312269694011],[35.4899971177842,37.3127804904519],[35.4902862209743,37.3130582682297],[35.4911857774522,37.316944444445],[35.4908251953125,37.318351508247],[35.4908576117621,37.3199400499137],[35.4900223456487,37.3223800998269],[35.490847439236,37.3227804904519],[35.490811530219,37.3245407443583],[35.4902588568792,37.326155598959],[35.4902622477214,37.3281228298617],[35.4918847317164,37.3264339192713],[35.4922128634983,37.3238462999137],[35.4911138916014,37.3212405056429],[35.4919999186197,37.3208105468756],[35.4927749972872,37.3195654296881],[35.4919415622287,37.3183360460074],[35.4919476657443,37.318036024306],[35.492696126302,37.3173168945318],[35.4922194417318,37.316391601563],[35.4919472249348,37.3130528428825],[35.4906001790363,37.3103889973965],[35.4891638861761,37.3094471571186]],[[35.4108512030705,37.2596161566846],[35.4111075846352,37.2588267686637],[35.4126341078015,37.2589702690977],[35.4131944444443,37.2587500000006],[35.4138710191513,37.2602357313373],[35.4126498413085,37.2605376519102],[35.4108512030705,37.2596161566846]],[[35.3845833333332,37.2584722222227],[35.3848543294271,37.2587868923616],[35.3872325642902,37.2594341362853],[35.3892038642034,37.2610647243929],[35.3891479831271,37.2617602539069],[35.3872809516059,37.2622119140631],[35.3848237101237,37.2601076931429],[35.3827674357096,37.2597325303825],[35.382290581597,37.2586637369798],[35.3845833333332,37.2584722222227]],[[35.3155783759223,37.2528116861984],[35.3155254109701,37.2537003580734],[35.3132615492078,37.253565538195],[35.3132948472764,37.251437445747],[35.3139351399738,37.2498171657991],[35.3149784681532,37.2493381076395],[35.3141313340928,37.2476760525179],[35.314137641059,37.2460408528651],[35.3130729844835,37.2450895182296],[35.3121708170571,37.2430276150179],[35.3139183213974,37.2414662000875],[35.3141428629557,37.2386284722228],[35.3159722222222,37.2384722222227],[35.3170635647243,37.2396937391499],[35.3185049099391,37.238910319011],[35.3191914198134,37.2403011067715],[35.3200025092231,37.2402528211811],[35.3203181627061,37.2412749565977],[35.3197486707899,37.2434014214415],[35.3207569037543,37.2444086371532],[35.3215186903211,37.2471739366326],[35.320731540256,37.2475352647575],[35.3193720838758,37.2474544270839],[35.3170369127062,37.247869194879],[35.3161189100476,37.248896755643],[35.3152936469182,37.2492754448789],[35.3150077989366,37.2512215169276],[35.3155783759223,37.2528116861984]],[[35.3120071411132,37.2279782443582],[35.3112382337781,37.2266821289068],[35.3105709160697,37.2275154622401],[35.3093214925129,37.2277623155388],[35.3068627251517,37.225795898438],[35.3069903903537,37.2247694227437],[35.308301764594,37.2237193467888],[35.3116654459635,37.2232297092019],[35.3124846394857,37.2222067599831],[35.3129166666665,37.2220833333339],[35.3135633680554,37.2234054904519],[35.3116820271808,37.2262942165805],[35.3124835544162,37.2266512044276],[35.3151728651257,37.2258832465284],[35.315540195041,37.2265318467889],[35.3141832478839,37.2273562282991],[35.3120071411132,37.2279782443582]],[[35.3179284328883,37.226095648872],[35.3169598049586,37.2257641601568],[35.3173019409178,37.2239152018235],[35.3183233303492,37.2233148871533],[35.3188377549912,37.2233789062505],[35.3195334201387,37.2219593641499],[35.3204166666666,37.221805555556],[35.32192908393,37.2232381184901],[35.3216259087457,37.224396430122],[35.3200553385415,37.2248453776047],[35.3179284328883,37.226095648872]],[[35.3018055555554,37.2226388888894],[35.3023354424369,37.2233005099831],[35.3044511244032,37.2230373806429],[35.3049846394856,37.2232061089415],[35.3043946668836,37.2242097981776],[35.3053275553385,37.2249568684901],[35.3049488661023,37.2256011284727],[35.3038579305013,37.2254652235248],[35.3023077392578,37.2259079318582],[35.3015185885959,37.2254440646707],[35.3023282538518,37.2243356662332],[35.3006293063692,37.2229752604172],[35.3018055555554,37.2226388888894]],[[35.304377271864,37.2108591037331],[35.3056944444443,37.210694444445],[35.3058563571504,37.2116248914936],[35.3080987209742,37.2125697157123],[35.3081127251517,37.2136539713547],[35.3055447387694,37.2143882921013],[35.3044598049587,37.2135956488721],[35.3028682115341,37.2129250759554],[35.304377271864,37.2108591037331]]]},"properties":{"id":"reservoir-gdw-1572","hesIds":["hes177-048"],"basinIds":["18"],"riverSystemIds":["river-system-012"],"damName":"Catalan","reservoirName":"Catalan","basinId":"18","source":"GDW","sourceId":"1572","sourceUrl":"https://services8.arcgis.com/oTalEaSXAuyNT7xf/ArcGIS/rest/services/GDW_v1_epsilon_gdb/FeatureServer/1","matchMethod":"name+coordinate","matchConfidence":"high","areaKm2":62.49,"validated":true,"validationNotes":"Turkey envelope; facility name, basin/river relation and coordinate distance check"}},{"type":"Feature","id":"reservoir-gdw-7019","geometry":{"type":"Polygon","coordinates":[[[28.1913566440001,37.4798933600002],[28.1922987370002,37.4801066400001],[28.1934325880002,37.4805168450002],[28.194610421,37.4803740770001],[28.1951457990002,37.4805168450002],[28.1952171830002,37.4800528500002],[28.1957882540001,37.4798386990002],[28.1962879410001,37.480159926],[28.1964307080002,37.4797316230002],[28.1957525620003,37.4795174710001],[28.1951101080002,37.4796602390002],[28.1944319610001,37.479981466],[28.1933255120002,37.479981466],[28.1927217440003,37.4795379830002],[28.193010956,37.4791491890002],[28.1927500000001,37.4785000000002],[28.1913566440001,37.4786066400002],[28.1906365200002,37.479148502],[28.189212791,37.4789033930001],[28.1883933560002,37.4793710250002],[28.1876423750001,37.4798137060002],[28.1873063130002,37.4793797650002],[28.1858025970002,37.4799068110002],[28.1847741930003,37.4798660510002],[28.1850355820001,37.4792275280002],[28.184607279,37.4782281540002],[28.1840930400002,37.4781297650002],[28.1831817320001,37.4791133120001],[28.1816293490002,37.4796047970003],[28.1781677740003,37.4790886230002],[28.1769335170002,37.4787278410001],[28.1762770860001,37.4775405590001],[28.1758492420001,37.4763198760002],[28.1760055270001,37.4755155690001],[28.1758270680002,37.4753014170001],[28.1751760880001,37.4755007960002],[28.1749696920001,37.4753797650002],[28.1741852400002,37.4753014170001],[28.1741138560002,37.474766039],[28.1738283200002,37.4746946550002],[28.1735070930002,37.4754084930003],[28.1733286340002,37.4755869530001],[28.1735863140002,37.4763316950001],[28.1731615370002,37.476623993],[28.1725352400002,37.4767377900002],[28.1713474590002,37.4767094070001],[28.1704652920001,37.4764002110001],[28.1702948210001,37.4758011040001],[28.1695452910002,37.4760509470002],[28.1690812960002,37.4768361700002],[28.1673321140003,37.4778782540001],[28.1665359880002,37.477846699],[28.165940407,37.4780140030002],[28.1657619480002,37.4781210790002],[28.1659047150001,37.4786207650001],[28.1655224020002,37.4798525350001],[28.1651435980002,37.4799248560002],[28.1641915030002,37.4796558310002],[28.1636485180001,37.4801095260001],[28.1633238200002,37.479910556],[28.1631207460002,37.4795130630001],[28.1626567510002,37.4798342900002],[28.1620856800001,37.4803339770001],[28.161764453,37.4801912100002],[28.1615146100002,37.4806552050002],[28.1610506150002,37.4811905830001],[28.1607650790002,37.481761654],[28.1611576910001,37.4823684160002],[28.1616216850001,37.4822970330002],[28.1618001450002,37.482832411],[28.1610506150002,37.4832607140001],[28.1606653770001,37.48420746],[28.160265393,37.4837960930001],[28.1604438520001,37.4830465630001],[28.1603367760002,37.4827967190001],[28.1603367760002,37.4822970330002],[28.1598727820001,37.4822970330002],[28.1591919900002,37.482551974],[28.1584094130001,37.4822970330002],[28.1582666450002,37.4815118100002],[28.1585164890002,37.4809050480001],[28.1584451050001,37.4802982850002],[28.1580881860001,37.479869982],[28.1579097260001,37.4790133760002],[28.1578383420002,37.4783352300002],[28.157837525,37.477650542],[28.1586949480002,37.4778355430002],[28.1589091000003,37.4775857000002],[28.1581382940002,37.4773718640003],[28.1571075020001,37.4771750640002],[28.1568107540001,37.476124553],[28.1573029640002,37.4762294070002],[28.1583737210001,37.4754441850002],[28.158766332,37.4754441850002],[28.1592452230002,37.4739978050003],[28.1603367760002,37.473730973],[28.1610863070002,37.4740165080001],[28.1618358370001,37.4740522000002],[28.1628352110002,37.4740165080001],[28.1633705890001,37.4741235840001],[28.1634776650001,37.4739451240001],[28.1631921300002,37.4738023570002],[28.1634419730001,37.4733026700002],[28.1626567510002,37.473730973],[28.161693069,37.4735525130003],[28.1607650790002,37.4731242100002],[28.1607650790002,37.4727672910001],[28.1611933820001,37.472624524],[28.1607650790002,37.4719106850002],[28.161014923,37.4715537660001],[28.1614432260002,37.4715180740002],[28.1616573770001,37.4710183870002],[28.1620142970002,37.4704473170001],[28.1624782910002,37.4706257760001],[28.1624782910002,37.4703045490002],[28.1615859940002,37.4699476300001],[28.1613004580001,37.470732852],[28.1608364630002,37.4710183870002],[28.1603700360001,37.4709945020002],[28.1593581980002,37.4700542040002],[28.1592042670001,37.4690879120002],[28.1599798570002,37.4688411810001],[28.1597300140002,37.4684842610003],[28.1591946350002,37.4680916500001],[28.1586690010002,37.4677964140002],[28.1585768580002,37.4674987220002],[28.1589447920001,37.4672707360002],[28.158802248,37.4663709840001],[28.159230327,37.4663427470002],[28.1592660190001,37.4659858270001],[28.1577950130002,37.4650417070002],[28.1578383420002,37.4638443130002],[28.1578383420002,37.4634160100002],[28.1575884990002,37.462702171],[28.157100837,37.4624085680001],[28.1575884990002,37.4618812570002],[28.1575528070002,37.4615600300001],[28.1569345250002,37.4611916430001],[28.1561202350002,37.4601297650001],[28.1558797650001,37.4596202350001],[28.1553607030002,37.4586392970002],[28.1545376820001,37.4568953930001],[28.1525695720002,37.456581871],[28.1517849690001,37.4549193730002],[28.1508182640001,37.4546133120002],[28.1498321080002,37.4535489810002],[28.1496118010001,37.4528531290001],[28.1495221260001,37.4511022990002],[28.1491598050001,37.4488719180002],[28.1481116600001,37.4468911060002],[28.1488445700002,37.4451068120002],[28.1490000000001,37.4430000000001],[28.1483956550002,37.4418955260002],[28.1484513690002,37.4413940980001],[28.1490938230002,37.4405731840002],[28.1490224390001,37.4396451940002],[28.1487369040001,37.4386815120002],[28.1488082880002,37.4379319820002],[28.1493436670002,37.4374322950001],[28.1497719700001,37.4364329220002],[28.1499504290001,37.4356120080001],[28.1496648940002,37.4343627910002],[28.1487725960001,37.4337917200002],[28.1479516820002,37.4335418770001],[28.1468095410001,37.4330778820002],[28.1464526220001,37.4325068110001],[28.1462027780001,37.4323997350002],[28.1462027780001,37.4329351140001],[28.1464883130001,37.4333634170001],[28.1473092270002,37.4338631040002],[28.1483086010001,37.434041563],[28.1492008990002,37.434327099],[28.1495935100002,37.4354692400002],[28.149236591,37.4365399970002],[28.1487725960001,37.4375036790001],[28.1481658330002,37.4377535230003],[28.1480587580002,37.4381461340001],[28.1482729090002,37.438859972],[28.1484156770002,37.4400021130001],[28.1480230660002,37.4408230270003],[28.1474519950002,37.4414654820001],[28.1476304550001,37.4420365520002],[28.1480944500001,37.4426076230001],[28.1481658330002,37.4432143860002],[28.1479516820002,37.4437140720002],[28.147701839,37.4448919060002],[28.147620235,37.4461202320002],[28.1468809250002,37.446890653],[28.1468095410001,37.4475331070001],[28.1475783110001,37.4478261150002],[28.1482372170001,37.449032168],[28.1483442930001,37.4511022990002],[28.1484513690002,37.4529939700001],[28.1485227530001,37.4533508890001],[28.1491122860003,37.4539781370003],[28.1493079750001,37.4549570260002],[28.1506756240002,37.4554647210002],[28.1512429570002,37.4562139390002],[28.1514137980001,37.4570271570001],[28.1517707170001,37.4574911520002],[28.1535594710002,37.4582520450002],[28.1536818880002,37.4588932430001],[28.1532697770001,37.4598111260002],[28.1537337720001,37.4608461920002],[28.1541766190003,37.4612613610002],[28.1538408480002,37.4621667930002],[28.1541977670001,37.4632732420001],[28.1546399790002,37.4635012580001],[28.1547240510002,37.4643045640002],[28.1543405350002,37.4652362970001],[28.1543762270002,37.4663784380002],[28.1550186810002,37.4668067410002],[28.1551305480002,37.4674586690002],[28.1543797650001,37.4678036350002],[28.154054999,37.4684842610003],[28.1541977670001,37.4685199530002],[28.1547213700001,37.4682024790002],[28.1553445900001,37.4684566490003],[28.1553399080001,37.4690910240001],[28.1551614490001,37.4694122510001],[28.155446984,37.4698405540001],[28.1559024600002,37.4698171970003],[28.156264035,37.4701172820001],[28.1561797350002,37.4708583200002],[28.1556565260002,37.4716312050002],[28.1553714870001,37.4716199070002],[28.1551614490001,37.4708042360001],[28.1549829890001,37.4705187010002],[28.1545189940003,37.4707685440002],[28.1540906910002,37.4709113120001],[28.1542691510002,37.4710897710001],[28.1543769770001,37.4718804950001],[28.1543266830002,37.4718936730001],[28.1533768530001,37.4726602160002],[28.1524845550002,37.4726959070002],[28.1515565650001,37.4723746800002],[28.150485808,37.4725888320001],[28.149986121,37.4726959070002],[28.151163954,37.4727672910001],[28.1518421010001,37.4731955940001],[28.1523417880002,37.4730528270001],[28.1534839290001,37.4736238970002],[28.1537337720001,37.4736238970002],[28.154019308,37.4738380490002],[28.1534839290001,37.47423066],[28.1532340850002,37.4750515740001],[28.1522704040001,37.4754441850002],[28.1520205600002,37.4752657250001],[28.1515565650001,37.4754798770002],[28.1506285760001,37.4754084930003],[28.1497362780003,37.4751229580001],[28.1491652070002,37.4748017300002],[28.1494150500001,37.4754084930003],[28.1500218130002,37.475658336],[28.1505215,37.4759438720002],[28.1500931970002,37.4762650990001],[28.1500931970002,37.4767647860001],[28.1496292020001,37.4770146290001],[28.1503073480002,37.4769789370002],[28.1505215,37.4772287810001],[28.1505928840002,37.4766220180002],[28.1513067220001,37.476300791],[28.1517350250002,37.476514942],[28.1524488630002,37.476300791],[28.1526987070001,37.475872488],[28.1529128580002,37.4757654120002],[28.1536266960002,37.4759795640002],[28.1541704190003,37.4761662790003],[28.1544674040002,37.4768206020001],[28.1539479240002,37.4774786240001],[28.1539417740003,37.478062842],[28.1538416400001,37.4781709140001],[28.1536888430002,37.4786535330002],[28.1529842420002,37.4788706090002],[28.1525916310001,37.4795487550002],[28.1524027870001,37.4805526090001],[28.1519628090002,37.4808885090003],[28.1513424140002,37.4809407400002],[28.1513424140002,37.4814047350003],[28.1511462570001,37.4823162860001],[28.1508038590002,37.4823978450002],[28.1498433530002,37.4821899570002],[28.1493793590002,37.4816545780001],[28.1494150500001,37.4823327250002],[28.1491551970002,37.483372138],[28.1489786910001,37.4835626360002],[28.1482242930001,37.4835293400001],[28.1473806110001,37.4825468760002],[28.1469318900002,37.483137608],[28.1466398560001,37.4835898470003],[28.145810167,37.4834391740001],[28.1453492850002,37.4823512460002],[28.1451320210002,37.4812619670002],[28.1454175560002,37.4808693560001],[28.1447037180002,37.4802625930001],[28.1446323340002,37.4796201390002],[28.1443824900002,37.4794773710001],[28.1442397230002,37.4809050480001],[28.1443267980001,37.481860796],[28.144081548,37.4823782310001],[28.1433696990001,37.482350016],[28.1431349070002,37.4823543970002],[28.1423837430002,37.4823684160002],[28.1412772940002,37.4836533250001],[28.1407776070002,37.484224396],[28.140741915,37.484902542],[28.1403807680001,37.4854986260002],[28.1391000870001,37.4852594620002],[28.1389216270002,37.4848668510001],[28.1387788600001,37.4857591480002],[28.1392071630001,37.4858305320001],[28.1396711580002,37.4863659110001],[28.1403533830002,37.4863032450002],[28.1405634560002,37.4875080520001],[28.1413891590001,37.4886072380001],[28.1407776070002,37.4890071130001],[28.139992385,37.4888286530001],[28.1395640820002,37.4889714210002],[28.1388702340003,37.4891297650001],[28.1389216270002,37.4885074260002],[28.1384933240001,37.4884717340002],[28.1383148650002,37.488079123],[28.1379936380001,37.488079123],[28.1377233370001,37.488905785],[28.1367087290002,37.4891498800001],[28.1369228800002,37.489613875],[28.1375331410002,37.4899310930002],[28.1371370320001,37.4904347890001],[28.1370403820001,37.4912885290002],[28.1359412740002,37.4920508080002],[28.1338619530002,37.492550919],[28.1332312500001,37.4925115000003],[28.1328764790002,37.4926297570002],[28.1322276900001,37.4934330670002],[28.1299702710002,37.493096451],[28.1290916400002,37.4931312770001],[28.1285826150001,37.493680655],[28.1282250460002,37.4949554740002],[28.1285009780002,37.4958226900001],[28.1291219760001,37.4958430320002],[28.1299055740002,37.4962875110002],[28.1300383170001,37.4966110690001],[28.1312603030001,37.4971235150002],[28.1331524120001,37.4973994470001],[28.134532074,37.4972811910001],[28.134801329,37.4965040570001],[28.1360425660002,37.495164423],[28.1362911390002,37.4952515470002],[28.1373702370001,37.4962957170001],[28.1376855890002,37.496138042],[28.1381933530003,37.4955850980002],[28.138905052,37.4955771520002],[28.1393030120001,37.4962155800001],[28.1379221020001,37.4967687440003],[28.1367395340001,37.4979907310002],[28.1370154670001,37.4987791100002],[28.1372519800002,37.4988185290002],[28.1377945140002,37.497960769],[28.1384739670002,37.4986214340001],[28.1392229270002,37.4988185290002],[28.1389827310002,37.4994989380002],[28.1382768720001,37.4998828400002],[28.138264377,37.5003183510003],[28.1377019440002,37.5007687330002],[28.137133724,37.5008288940001],[28.1366606960002,37.5005923800001],[28.1361482500002,37.5006712180003],[28.1359117370001,37.5011836640002],[28.1364241830002,37.5012230830002],[28.1365818590001,37.5015778540003],[28.1364241830002,37.5020903000002],[28.1368972100001,37.5021691380001],[28.1370548860001,37.5015384350001],[28.138237454,37.5018932050002],[28.1387499000002,37.5016566920002],[28.1392229270002,37.5017355290001],[28.1389469940002,37.5020903000002],[28.1386710620002,37.5029969350002],[28.1389075750001,37.5029969350002],[28.1393017650003,37.5026421650001],[28.1399718860002,37.5031940300002],[28.1403660760002,37.5030757730001],[28.140247819,37.502484489],[28.1404449130002,37.502011462],[28.1413909680001,37.5017749480002],[28.1417063190001,37.5015384350001],[28.1416183510001,37.5008991810003],[28.1418454420001,37.5005129000002],[28.1425978950002,37.5002143740002],[28.1431332730003,37.5005712930002],[28.142990506,37.5011423640001],[28.1426692790002,37.5015349750001],[28.1430975820002,37.5019632780002],[28.1430975820002,37.502784192],[28.1431332730003,37.5031054190002],[28.1434188090003,37.5028198840002],[28.1437757280002,37.502248813],[28.144061263,37.5019989700001],[28.1446323340002,37.502284505],[28.1454175560002,37.5024272730003],[28.1460957020001,37.5020703540002],[28.1462741620001,37.5020703540002],[28.1462741620001,37.5027128080002],[28.1460957020001,37.503640798],[28.1457387830001,37.5041404850002],[28.1445966420001,37.5047115550001],[28.1437757280002,37.5047472470002],[28.1427406620001,37.505068474],[28.1432760410001,37.5052112420001],[28.1435258840002,37.5053897020002],[28.1433474250002,37.5056752370002],[28.1426692790002,37.5060321560002],[28.1429548140001,37.5061035400001],[28.143668652,37.5059964640001],[28.1438114200002,37.5061035400001],[28.1435972680001,37.5066746110002],[28.1435972680001,37.5068887620002],[28.1440969550002,37.5067816860002],[28.1447037180002,37.5067103030001],[28.1444895660002,37.5058536970002],[28.1455246320001,37.5056395450002],[28.1459529350001,37.5056395450002],[28.1465596970002,37.5060321560002],[28.1467381570001,37.506460459],[28.1469523080001,37.5061392320002],[28.1474519950002,37.5052112420001],[28.1475947630002,37.5044617120001],[28.1479067740002,37.503976525],[28.1486538140002,37.5041846930002],[28.1495221260001,37.5051041660002],[28.1498076620001,37.5053540100002],[28.1498790450002,37.5059607720002],[28.149986121,37.5061392320002],[28.1508070350002,37.5068530700001],[28.1518064090002,37.5073527570001],[28.1525202470001,37.5078881360001],[28.1527343990003,37.5087804340001],[28.1520919440001,37.5101010340002],[28.1522704040001,37.5103151860002],[28.152805782,37.5093871960001],[28.1535196210002,37.5096013480002],[28.1539836160003,37.5098511910001],[28.1545189940003,37.5103151860002],[28.1547688380002,37.5112074840002],[28.1556611360002,37.5118499380002],[28.156089439,37.512528085],[28.1561608220002,37.5132062310002],[28.1559823630002,37.5136345340001],[28.1562678980001,37.513812994],[28.1567318930002,37.513456074],[28.1571958880002,37.5143483720001],[28.1575528070002,37.5145625240001],[28.1586592560001,37.5143840640001],[28.1583737210001,37.514169913],[28.1576598830003,37.514169913],[28.1574457310001,37.5132419230001],[28.1574100390002,37.5123853170002],[28.1571601960001,37.5116000950002],[28.1569629970002,37.511253848],[28.1571245040001,37.5106007210001],[28.1575884990002,37.5106721050002],[28.1575884990002,37.5102438020002],[28.1570624030002,37.5099740880002],[28.1570174280002,37.5089588930002],[28.156578054,37.5080536000001],[28.1566962010001,37.5069958380002],[28.1573029640002,37.5063176910002],[28.1574100390002,37.5058893890002],[28.1566182900002,37.5055806750001],[28.1567675850001,37.5051398580001],[28.155631172,37.5054802120002],[28.1548616750002,37.5048289740002],[28.1552191680003,37.5040826500002],[28.1563035900001,37.5033909540002],[28.1569460450002,37.5039620250002],[28.1572672720002,37.5038192570001],[28.1571958880002,37.5031054190002],[28.1575171150003,37.5026414240001],[28.157338656,37.5017134340001],[28.1566425200002,37.5009433520002],[28.1574457310001,37.5010709800001],[28.1576598830003,37.5006783690002],[28.1569460450002,37.5003214500001],[28.1569460450002,37.4996789950001],[28.1553827130001,37.499072288],[28.154848042,37.4986801190002],[28.155446984,37.4977873240001],[28.1554826760002,37.4976802480002],[28.1550559080002,37.4971878200001],[28.1551185680002,37.4970127400002],[28.1559823630002,37.4969664100001],[28.1563749740002,37.4965737990003],[28.1572315800001,37.4965737990003],[28.1569103530002,37.4960027280001],[28.1567204350002,37.4956520130001],[28.1575884990002,37.4939325970002],[28.1580168020002,37.4939325970002],[28.1585521810002,37.4953245820002],[28.1591589430002,37.4963953390002],[28.1592660190001,37.4971805610002],[28.1597657060001,37.4979657830001],[28.1599084740002,37.4975731720002],[28.1595515540002,37.4971091770001],[28.1602297010001,37.4960384200002],[28.1604795440001,37.4960741120001],[28.1609792310001,37.4968236420002],[28.1612647660002,37.4976088640001],[28.1614432260002,37.497823016],[28.1617287610002,37.4976445560002],[28.1625139830001,37.4978944000002],[28.1622998320002,37.4974304050002],[28.1616573770001,37.4971091770001],[28.1613718420002,37.4964310310003],[28.1616573770001,37.4961454960002],[28.1627638270002,37.4966451820001],[28.1630136700001,37.4963239550001],[28.1628352110002,37.4957171930002],[28.1631207460002,37.4952888900002],[28.1627638270002,37.495074738],[28.1623871150001,37.494613891],[28.1629779780002,37.4940753650001],[28.1632635140002,37.4941110570002],[28.1634062810002,37.4935399860001],[28.1629422860001,37.4933258340001],[28.1627638270002,37.4932544510003],[28.1621251630002,37.4935041440001],[28.1620952720002,37.4927500000001],[28.1621147320002,37.4922590580001],[28.162293576,37.492085736],[28.1626402030002,37.4920103830001],[28.1631207460002,37.4926833800001],[28.1639416600001,37.4924335370001],[28.1647625740001,37.4926476880002],[28.1650093760001,37.491746714],[28.1659138260001,37.4914297080001],[28.165940407,37.4920052340001],[28.1661545590002,37.4923978450001],[28.1665114780002,37.4923621530002],[28.1666185540002,37.4917196980001],[28.1667970130001,37.4910415520003],[28.1660511140001,37.4906458300003],[28.1662001010001,37.4896900710001],[28.1667882270002,37.4889231220002],[28.1678153760002,37.4887594970002],[28.1681176140002,37.4902563300003],[28.1684745330001,37.4902563300003],[28.1691526800003,37.4900778700002],[28.1699379020002,37.4900778700002],[28.1699735940002,37.4897209510002],[28.1696166740001,37.4891498800001],[28.1696880580001,37.4886858850002],[28.16990221,37.4884717340002],[28.1698397410001,37.4879895100002],[28.1696986370002,37.4877228480001],[28.1702948210001,37.487329593],[28.1703305130001,37.4869726740002],[28.1700806690001,37.4866157540002],[28.169264722,37.4869028230001],[28.1691106640001,37.4866116790001],[28.1691320300001,37.4860725780003],[28.169250291,37.4859630030001],[28.1699379020002,37.4861517590002],[28.1701163610002,37.4858662240002],[28.1703272780001,37.4849651220001],[28.1712585030001,37.4853665370001],[28.1715440380002,37.4852951530002],[28.1719366490001,37.4857948400001],[28.1726504870002,37.4859733000002],[28.1735070930002,37.4859733000002],[28.1739353960002,37.4859019160001],[28.1739353960002,37.4855093050002],[28.1743636990002,37.4854022290001],[28.1743636990002,37.4848668510001],[28.174970462,37.4847954670002],[28.1753987650002,37.484902542],[28.1761126030001,37.484581315],[28.1766836740002,37.4850096180002],[28.1774332040002,37.4856877650001],[28.1777901230001,37.4866157540002],[28.1779685830002,37.486294527],[28.1776830470002,37.4857234560001],[28.1781113500002,37.4850096180002],[28.1778258150001,37.4849739260001],[28.1773261280001,37.4848311590002],[28.1768621330001,37.4841887040001],[28.1767193660002,37.4837960930001],[28.1770049010002,37.4834748660003],[28.1775234570001,37.4830043860002],[28.1779328910002,37.4837247090002],[28.1782184260002,37.4834034820002],[28.1792178000001,37.4834391740001],[28.1786467290001,37.4829394870002],[28.1787538050001,37.4822613410001],[28.1794319510001,37.4820471890001],[28.1797174860002,37.4825825680001],[28.1808953200001,37.4827610280001],[28.1812455910002,37.4821040240001],[28.1818233090002,37.4822256490002],[28.1826442230001,37.4823684160002],[28.1828940670001,37.4821542650001],[28.1833580620001,37.4821899570002],[28.1836079050001,37.4818330380001],[28.1840719000003,37.4821899570002],[28.1843217430001,37.4819044220001],[28.1842860520002,37.4813690430001],[28.1848684680002,37.4808261150002],[28.186034955,37.4810478160002],[28.1863297730001,37.4807108810003],[28.1869272530001,37.4810121240003],[28.1874983240002,37.4807979720001],[28.1879959410001,37.4802702480001],[28.1885690810001,37.479869982],[28.1889973840001,37.479869982],[28.1898064640003,37.4795190020002],[28.1906433560002,37.4796066400002],[28.1913566440001,37.4798933600002]],[[28.1673601380002,37.482625],[28.167387127,37.4819440350002],[28.1681533060001,37.4821185730001],[28.1685102250002,37.4820114970002],[28.1692954470002,37.4818687300003],[28.1697951340001,37.4820114970002],[28.1697951340001,37.4816188860001],[28.1695095990002,37.4811191990001],[28.1693302610001,37.4800380460002],[28.1694634860002,37.4794787450001],[28.17065174,37.478941993],[28.1717581890001,37.4792632200001],[28.172496289,37.4791518020001],[28.1735181630002,37.479310427],[28.1737111850002,37.479810855],[28.1735427850001,37.480726588],[28.1739710880001,37.4812976590002],[28.1745421590002,37.4816902700002],[28.1746492340002,37.4822970330002],[28.1748633860002,37.4824041080001],[28.1753630730001,37.4819044220001],[28.1757150970002,37.481376385],[28.176398138,37.4821899570002],[28.1766122900002,37.4827967190001],[28.176469522,37.4831179470002],[28.1761482950002,37.4835105580001],[28.175719992,37.4840816280002],[28.1748633860002,37.484224396],[28.1743702350001,37.4840021820002],[28.1715746770002,37.4836297650002],[28.170009285,37.4839031690002],[28.1684375890002,37.4845224270001],[28.1677131380001,37.483910646],[28.1677963870002,37.48336779],[28.1673773010001,37.4830580310001],[28.1673601380002,37.482625]]]},"properties":{"id":"reservoir-gdw-7019","hesIds":["hes177-054"],"basinIds":["7"],"riverSystemIds":["river-system-036"],"damName":"Cine","reservoirName":"Cine","basinId":"7","source":"GDW","sourceId":"7019","sourceUrl":"https://services8.arcgis.com/oTalEaSXAuyNT7xf/ArcGIS/rest/services/GDW_v1_epsilon_gdb/FeatureServer/1","matchMethod":"name+coordinate","matchConfidence":"high","areaKm2":8.291,"validated":true,"validationNotes":"Turkey envelope; facility name, basin/river relation and coordinate distance check"}},{"type":"Feature","id":"reservoir-gdw-1533","geometry":{"type":"Polygon","coordinates":[[[28.445836859809,38.7316971842453],[28.4508794487846,38.7313916015629],[28.4530691189236,38.7325195312505],[28.4547764756945,38.7324846733945],[28.4558737521702,38.7319194878477],[28.4564027235243,38.7313689507384],[28.456373969184,38.7299690755214],[28.4528008355034,38.7300420464414],[28.4519243706597,38.7288751898876],[28.4511083984374,38.7288917371968],[28.4486083984376,38.7275027126741],[28.4482297092013,38.7267222764762],[28.4447192382812,38.7249858940977],[28.4417944335938,38.724982774523],[28.4413916015626,38.7233306206602],[28.4407969835069,38.7224530707469],[28.4383306206598,38.7208360460074],[28.4380582682293,38.7197195095491],[28.4371923828125,38.7186138237852],[28.4350097656251,38.7197382269969],[28.4344365776909,38.719141303169],[28.4344354926216,38.7177528211811],[28.43311062283,38.7164800347227],[28.432473687066,38.7155083550352],[28.4318098958335,38.7134632703997],[28.4298692491319,38.7141276041671],[28.429447157118,38.7134625922313],[28.430858561198,38.7127605523009],[28.4308298068576,38.7113583713112],[28.4298383246529,38.7104055447053],[28.4277750651042,38.710002712674],[28.4273339843751,38.708643663195],[28.4263536241319,38.708325602214],[28.4253312174479,38.7083463541671],[28.4227178276909,38.7060925292973],[28.4211298285589,38.706124945747],[28.4202723524305,38.7056831868493],[28.4202948676216,38.7045833333337],[28.4193858506944,38.7041423882383],[28.4174039713541,38.7041828070751],[28.4162551540798,38.7010686577696],[28.4170619032119,38.6995024956601],[28.4194723849827,38.6991659884987],[28.4210978190105,38.6975291612417],[28.4244146050347,38.6984890407991],[28.4224915907117,38.6961069064674],[28.4225032552083,38.6955361599397],[28.4230696614583,38.694991726346],[28.4245100911458,38.6950211588546],[28.4261713324653,38.6958770073791],[28.4277750651042,38.6957925075959],[28.4271389431423,38.6939343261723],[28.4281016710069,38.6930582682296],[28.4297195095487,38.6938916015629],[28.432923719618,38.6949972873268],[28.432474500868,38.6941254340283],[28.4302747938369,38.6930582682296],[28.4302582465278,38.69140218099],[28.4306816948784,38.690995415582],[28.4344639756944,38.6899895562072],[28.4344411892362,38.6888747829867],[28.4318443467882,38.6889278157557],[28.429430609809,38.6899972873268],[28.42875,38.6885941569014],[28.4269102647569,38.6886018880213],[28.425150282118,38.6874089898008],[28.4228491210937,38.6878803168407],[28.4208645290798,38.6858375379778],[28.4171110026041,38.6847249348963],[28.4166693793403,38.6854345703129],[28.4177834743924,38.6870780436203],[28.4177498372395,38.6895629882816],[28.4164670138889,38.6904040527348],[28.4150027126736,38.6924217393667],[28.4163712565103,38.6942253960507],[28.4157701280383,38.6953925238719],[28.4149595811633,38.6949750434032],[28.4141585286458,38.6941413031689],[28.411075032552,38.6941574435768],[28.4102701822916,38.6933199055994],[28.4085758463542,38.6927700466584],[28.4080249023437,38.6927811686203],[28.4070464409721,38.6937997775611],[28.4053811306423,38.6942057291672],[28.404414876302,38.6938750542539],[28.4034434678819,38.6928999837245],[28.4000227864582,38.6914206271705],[28.399447157118,38.690770806207],[28.4011409505208,38.6874301486549],[28.4011347113716,38.6834318033859],[28.4007457139756,38.6815336100265],[28.3994070095487,38.6802472602001],[28.3979633246527,38.6795468478737],[28.3972249348958,38.67850897895],[28.4008097330729,38.6769681803389],[28.4041693793403,38.6766693793407],[28.4056171332465,38.6760822211376],[28.4061083984374,38.675530056424],[28.4038576931424,38.6755520290803],[28.4026098632812,38.6749092610682],[28.4019254557291,38.6724555121532],[28.4019615342881,38.6706944444448],[28.4007717556423,38.6701171875004],[28.3981797960071,38.6667032877609],[28.3966048177082,38.6660750325526],[28.3941525607639,38.6636031087244],[28.3941753472221,38.6624919976133],[28.3922281901042,38.6606213378911],[28.3902536349825,38.6602811686203],[28.3888699001736,38.6588408745664],[28.388879937066,38.6566469997834],[28.385237358941,38.6544194878477],[28.3838916015625,38.6530528428824],[28.3831434461806,38.6526897515195],[28.3816311306424,38.6505177137591],[28.3794360351563,38.6494527180996],[28.3788755967882,38.6482975260421],[28.3780257161458,38.6475027126741],[28.376407063802,38.6483365885421],[28.3746638997396,38.6483009168841],[28.3733645290798,38.6469486490889],[28.37142578125,38.6464759657122],[28.3711138237847,38.6458143446186],[28.3719379340277,38.6450226508251],[28.3722195095485,38.6444254557296],[28.3715193684895,38.6437528483079],[28.3719411892361,38.6421967230908],[28.3702959526911,38.6422303602435],[28.3690101453992,38.6419009060334],[28.3686138237847,38.6402750651046],[28.3674438476561,38.6398952907991],[28.3660918511284,38.638869493273],[28.3623556857639,38.6388830566411],[28.3628285047743,38.6379650878911],[28.3658306206597,38.6370572916672],[28.3621704101562,38.6352804904518],[28.3606089952258,38.6369059244796],[28.3581190321181,38.637219509549],[28.3572734917534,38.6348463270405],[28.3594471571181,38.6336138237852],[28.3605528428819,38.6325305175786],[28.3578499348959,38.6322002495664],[28.3562828233507,38.6326018608946],[28.3555582682293,38.631108398438],[28.352360297309,38.630328776042],[28.3501917860243,38.6314457194015],[28.348336046007,38.6313480631514],[28.3502650282117,38.6294947645404],[28.3505683051215,38.6285607910161],[28.3524972873263,38.6266299099396],[28.3475843641492,38.626659884983],[28.3472249348958,38.6255528428824],[28.346129828559,38.6248346625438],[28.3458336046006,38.6233171929258],[28.3449221462674,38.6224416775178],[28.3430976019966,38.6215565321185],[28.3398763020834,38.6207873535162],[28.3403814019097,38.6198071289068],[28.3423315429687,38.6194264051654],[28.3416531032987,38.617753634983],[28.3416786024305,38.6164963107645],[28.337298719618,38.6186964246966],[28.3369251844617,38.6183075629344],[28.3369146050347,38.6166693793409],[28.3349918619792,38.6176599121099],[28.3319007703992,38.6160941569016],[28.3300558810763,38.6141737196184],[28.3282988823786,38.6136036512591],[28.327269422743,38.6125322808164],[28.3236962890626,38.612143961589],[28.3215277777778,38.6109722222227],[28.3199972873264,38.6111083984379],[28.3186138237847,38.6122249348962],[28.3143790690104,38.6146569824223],[28.3129714626736,38.6151137966584],[28.3116590711805,38.6178190104171],[28.3116788736978,38.6187860785594],[28.3136138237847,38.6191639539935],[28.3144574652778,38.6197357855908],[28.3166693793402,38.6202750651045],[28.3173524305554,38.6216333007817],[28.31923312717,38.6209895833338],[28.3207834201388,38.6217881944449],[28.3202693684895,38.6227857801653],[28.3202579752604,38.6263883463546],[28.3216856553819,38.6266639539935],[28.3224338107639,38.6258851453997],[28.3216693793404,38.6235441080733],[28.3239548068576,38.6221876356342],[28.3236040581597,38.6197995334205],[28.3219921874999,38.6187426757817],[28.3216693793404,38.6179204644102],[28.323490125868,38.6169471571185],[28.3247195095485,38.6177806260854],[28.3258360460069,38.6177578396271],[28.3265676540798,38.6192656792539],[28.3275198025173,38.6197276475698],[28.3274861653645,38.6213772243929],[28.3283523220485,38.6224972873268],[28.329349500868,38.621496446398],[28.3321893988714,38.6222242567278],[28.3327750651041,38.6232533094622],[28.3311138237846,38.6244581434466],[28.3327921549478,38.625272352431],[28.3327745225694,38.6261252170143],[28.3308732096354,38.6260864257816],[28.3302639431423,38.6264002821185],[28.3302807617188,38.6272306315108],[28.3313753255208,38.6272083875873],[28.3322439236111,38.6277971733945],[28.3378719075522,38.6278051757817],[28.3396641710069,38.6287284342452],[28.3399972873265,38.62959092882],[28.3370212131077,38.6303327094188],[28.3331930881076,38.6297733561203],[28.3311401367187,38.6308310275612],[28.3297195095486,38.631108398438],[28.3285536024305,38.6316904025613],[28.3280582682291,38.6322482638893],[28.3291965060764,38.6327750651046],[28.3302750651043,38.632219509549],[28.3324829101563,38.6317883300785],[28.3333417426214,38.6322307671446],[28.3333273654513,38.6329249403217],[28.331461859809,38.6333798556861],[28.330836046007,38.6337843153216],[28.3327804904515,38.6341639539935],[28.3336653645833,38.6347635904952],[28.3355788845487,38.6344372558598],[28.3362554253473,38.6337330457904],[28.33695827908,38.6344643825959],[28.3369395616319,38.6353812662766],[28.3358056640624,38.6361246744797],[28.3341829427083,38.6360915798616],[28.3338916015624,38.6363473849831],[28.336189236111,38.6367213270404],[28.3377536349826,38.6363203938806],[28.3388861762152,38.6355528428824],[28.3416978624131,38.6352804904518],[28.3416636827256,38.6369470214849],[28.3425737847222,38.638289523655],[28.3411138237847,38.6393151855473],[28.3427948676215,38.6401307508685],[28.3427747938368,38.6411135525179],[28.3432590060764,38.6425280761723],[28.3426209852431,38.6433306206601],[28.3413916015624,38.6424972873268],[28.3403626844619,38.6422249348964],[28.3411810980902,38.6446713595926],[28.3405297851561,38.6452970377609],[28.3380582682291,38.6453076171881],[28.338907063802,38.6461231825091],[28.3429641384549,38.6466894531254],[28.3447412109375,38.6477750651046],[28.3455607096353,38.6469220648876],[28.346685655382,38.6463916015629],[28.3472360568576,38.646964382596],[28.3472138129341,38.6480482313372],[28.3475246853298,38.6486083984381],[28.3503960503472,38.6466894531254],[28.3522249348958,38.6463916015629],[28.3536352539063,38.6449579535594],[28.3558528645833,38.6450032552088],[28.3563861762152,38.6455584038632],[28.3572696940105,38.645862087674],[28.3572290039064,38.6488027615021],[28.3594471571181,38.6491639539935],[28.3597566731771,38.6501174587679],[28.3594699435764,38.6547222222228],[28.3543598090277,38.6555661349831],[28.3527067057292,38.6577962239588],[28.3515638563368,38.6577728949658],[28.3511086697048,38.6563703070751],[28.3503295898437,38.6556217447921],[28.3488916015624,38.6561138237852],[28.3467881944444,38.6564074707036],[28.3456616210937,38.6583018663198],[28.3481019422744,38.6588967556428],[28.3486083984375,38.6594742838546],[28.3473947482639,38.6618920898443],[28.3461764865451,38.662287462023],[28.3457619900174,38.663564181858],[28.344300672743,38.6639204915369],[28.3438916015625,38.6646481662331],[28.3471761067707,38.665106743707],[28.3503624131944,38.6664126247834],[28.3523179796006,38.6663727484813],[28.3527750651041,38.6670929633251],[28.3514027235243,38.6677586534293],[28.3508360460069,38.6683155653216],[28.3552153862846,38.6686452907991],[28.3543164062501,38.6708618164067],[28.3524972873263,38.6719417317714],[28.3520990668403,38.6735748969188],[28.3531401909722,38.6739126247834],[28.3555436197918,38.6738636610247],[28.3565443250868,38.6753900824658],[28.3560799153646,38.676746554905],[28.3577956814237,38.6778713650178],[28.3577636718749,38.679444444445],[28.3591194661458,38.6797749837244],[28.3600246853299,38.6811555989588],[28.3599951171876,38.6826028103303],[28.3580938042534,38.6832196723094],[28.3561138237848,38.6852804904519],[28.3529616970486,38.6862660047747],[28.3503838433159,38.6857378472227],[28.3494471571181,38.6865353732643],[28.3517225477431,38.6870899793841],[28.3545030381945,38.6886353895404],[28.3567171223958,38.6886150444884],[28.3574972873265,38.6894581434466],[28.3560647243923,38.6901531304258],[28.3564586046008,38.6913035753043],[28.3555297851562,38.6925273980039],[28.3547463650173,38.6941422526046],[28.3552210828992,38.6947195095491],[28.3569417317709,38.6933306206602],[28.3587022569444,38.69247639974],[28.3600276692708,38.6925033908425],[28.3623611111112,38.6919053819448],[28.3636702473958,38.6922408040369],[28.3657934570312,38.6921975368928],[28.366408420139,38.692514241537],[28.3663359917535,38.6960640462244],[28.3654568142362,38.6973611111115],[28.3664016384548,38.6992169867626],[28.3675181749131,38.7002898491758],[28.368063422309,38.7014138454865],[28.3680414496528,38.7024994574658],[28.3689675564236,38.7027750651046],[28.3695260959201,38.7004839409726],[28.368880750868,38.6985979546446],[28.3688978407118,38.697752821181],[28.369447157118,38.6972249348963],[28.371178656684,38.6934879557295],[28.3729801432293,38.6929033745664],[28.3733742947048,38.6908848741323],[28.3753038194444,38.6885861545143],[28.377478298611,38.6886305067278],[28.3789078776041,38.6877804904518],[28.3800957573785,38.6890169270837],[28.3812185329861,38.6882558865021],[28.3805582682291,38.6866979980473],[28.3815885416667,38.6861138237851],[28.3830528428819,38.6872249348962],[28.3844976128473,38.6876938205299],[28.3852750651042,38.6886736382383],[28.3834868706596,38.6903918457036],[28.3813869900173,38.6898536512592],[28.3805417209201,38.6902891710075],[28.380558810764,38.6911305067279],[28.382337782118,38.6932179090716],[28.3836138237846,38.6941639539936],[28.3838861762152,38.6955582682297],[28.3861249457465,38.6961225043407],[28.3861162651911,38.697619493273],[28.3883623589409,38.6980578613287],[28.389544813368,38.6986669921881],[28.3899972873263,38.699914415148],[28.388704969618,38.7003337944884],[28.3902750651042,38.7025298394103],[28.3886083984374,38.7041864691845],[28.3866959635416,38.7041474066846],[28.3859475368924,38.7045328776045],[28.3866639539929,38.7076464843754],[28.3849972873263,38.7080528428823],[28.3841693793404,38.7087679036462],[28.3852482096353,38.7103594292539],[28.384447157118,38.7119699435768],[28.3866750759549,38.7119414605039],[28.3866696506077,38.7111085340716],[28.386102701823,38.7097113715283],[28.3861143663194,38.7091468641498],[28.3872246636286,38.7091695149744],[28.3884898546007,38.7088453504778],[28.3888929578993,38.7071910264761],[28.3898421223959,38.706279025608],[28.3921476236978,38.7053697374137],[28.3937909613716,38.7062163628477],[28.3950314670139,38.7083063422314],[28.3975957573784,38.7086196560334],[28.3971861436632,38.7098168945316],[28.3955528428818,38.7113861762157],[28.3954774305556,38.7127750651046],[28.3969417317708,38.7116639539935],[28.3984236653645,38.7109172905821],[28.4003192816839,38.7114029947921],[28.4023923068576,38.7128082953564],[28.4030815972222,38.7142289225264],[28.4036409505209,38.714719509549],[28.4044870334202,38.7138389756949],[28.4058306206597,38.7139187282992],[28.4046009657117,38.7163864474832],[28.4031144205729,38.7173611111115],[28.4044715711805,38.718250868056],[28.404441189236,38.719741617839],[28.4032394748265,38.7209368218321],[28.4037361653645,38.7219010416671],[28.4065852864584,38.7204332139762],[28.4074997287326,38.7163727484815],[28.4081765407986,38.7157223849832],[28.4092588975694,38.7164561631949],[28.4103534613715,38.7160815429692],[28.4123291015625,38.7161218261723],[28.4127750651043,38.7175136990021],[28.4115237087674,38.7181207953564],[28.4106797960069,38.7194078233512],[28.4097195095487,38.7197195095491],[28.4094471571182,38.7205582682296],[28.4083306206597,38.7219417317713],[28.4080531141493,38.7227963595924],[28.4072254774306,38.7235917154952],[28.4069471571181,38.7243661838112],[28.4089146592881,38.7266859266498],[28.4101101345485,38.7266616482209],[28.4110923936632,38.7236344401046],[28.4122230360243,38.7213747829865],[28.4141650390626,38.7214143880213],[28.4144417317708,38.7199972873268],[28.416151529948,38.7168850368928],[28.4157858615451,38.7147406684032],[28.4172422960069,38.7133413357209],[28.4171926540798,38.7109090169275],[28.4175390625,38.7098966471358],[28.4195464409722,38.7094471571185],[28.420172797309,38.7113773600265],[28.4222249348959,38.7116639539935],[28.42271999783,38.7126839192712],[28.4209098307292,38.7154235839848],[28.4193240017361,38.7164633517799],[28.4177194552951,38.7181332736549],[28.416497124566,38.7206525336377],[28.4161138237848,38.7222249348963],[28.415007595486,38.7232878960507],[28.4147214084201,38.724461398655],[28.4134440104166,38.7256890190976],[28.4147146267362,38.72690999349],[28.4150672743055,38.7279964192714],[28.4141693793403,38.7289078776046],[28.4158452690971,38.7305737304691],[28.4169694010416,38.7311191134988],[28.4179730902777,38.731098632813],[28.4185818142361,38.7292233615456],[28.4202975802951,38.7288883463546],[28.4202747938368,38.7277752007383],[28.4211482747396,38.726486680773],[28.4199915907119,38.7238808865022],[28.4200347222223,38.7217679850264],[28.4216842990451,38.7191456434467],[28.4229291449653,38.7185418023009],[28.4238642035589,38.7190235731343],[28.4241946072048,38.7207162814675],[28.4256382921008,38.7214356825091],[28.4251752387152,38.7227883572053],[28.4263753255208,38.7227639431429],[28.4288861762153,38.7244471571184],[28.4306586371527,38.7247932942713],[28.4311083984376,38.7260142686637],[28.4289827473958,38.7285464138459],[28.4275027126736,38.729741210938],[28.4280813259549,38.7302970377609],[28.429180501302,38.7302746582036],[28.4298706054687,38.7288916015629],[28.4302750651041,38.7297249348963],[28.4310476345486,38.7305528428824],[28.4314189995659,38.729028727214],[28.4330853949652,38.7280582682297],[28.4344243706597,38.7294519042973],[28.435836046007,38.7291627332903],[28.4361083984375,38.7319471571184],[28.4369742838541,38.732219509549],[28.4380851236979,38.7316472710508],[28.4377438693577,38.7283100043407],[28.4383794487848,38.7277804904518],[28.4400409613716,38.7286363389762],[28.4405528428819,38.7297630479605],[28.4388661024306,38.7313834635421],[28.4394634331597,38.7319571940109],[28.4427804904514,38.7324972873268],[28.4436083984374,38.7330582682297],[28.4455753580729,38.7333329264327],[28.4455506727431,38.7345415581601],[28.4469078233506,38.7354313151047],[28.4472195095485,38.736391601563],[28.4478076171876,38.7372195095491],[28.4487220594618,38.7362677680126],[28.4477663845485,38.7348582628043],[28.4477807617187,38.7341640896272],[28.4466693793403,38.7324972873268],[28.445836859809,38.7316971842453]],[[28.3731157769097,38.6776951768667],[28.3744661458333,38.6766263834639],[28.3755094401042,38.6767327202696],[28.3768055555555,38.6765277777782],[28.3805902777776,38.6781549750439],[28.3814000108507,38.6788277180993],[28.3821975368923,38.6816794162331],[28.379987250434,38.6830426703564],[28.3784765624999,38.6843024359813],[28.3768462456596,38.68446858724],[28.3728512912327,38.6832085503476],[28.3712847222223,38.6810085720491],[28.3710175238715,38.6783862304692],[28.3731157769097,38.6776951768667]]]},"properties":{"id":"reservoir-gdw-1533","hesIds":["hes177-057"],"basinIds":["5"],"riverSystemIds":["river-system-035"],"damName":"Demirkopru","reservoirName":"Demirkopru","basinId":"5","source":"GDW","sourceId":"1533","sourceUrl":"https://services8.arcgis.com/oTalEaSXAuyNT7xf/ArcGIS/rest/services/GDW_v1_epsilon_gdb/FeatureServer/1","matchMethod":"name+coordinate","matchConfidence":"high","areaKm2":35.868,"validated":true,"validationNotes":"Turkey envelope; facility name, basin/river relation and coordinate distance check"}},{"type":"Feature","id":"reservoir-gdw-7049","geometry":{"type":"Polygon","coordinates":[[[32.811091278,36.6451525000001],[32.8113775020001,36.6448775010002],[32.8116224980001,36.6446224990002],[32.8118775020001,36.6443775010001],[32.8127249980002,36.6430848480002],[32.8141276020001,36.6423622970001],[32.815125,36.6423826520001],[32.815732498,36.6411304590002],[32.8168750000003,36.6411071430002],[32.8183582530001,36.6411374130002],[32.8189107970002,36.6408527720002],[32.8203691940001,36.6408825340002],[32.8216224980003,36.6401224990002],[32.8226291660001,36.6397958340001],[32.8238708340002,36.6389541660001],[32.825540054,36.6384125000001],[32.8276204300001,36.6364137020002],[32.8279296110001,36.6348299410002],[32.8296299970002,36.6340049990001],[32.830372498,36.6328724990001],[32.8310037540001,36.63256625],[32.8320543060001,36.6309638820002],[32.832622498,36.6303724990002],[32.8351215820002,36.6296676310001],[32.8351326520001,36.629125],[32.8350790710002,36.626499386],[32.8353775020001,36.6256274990002],[32.8357083280001,36.6242704320002],[32.8363775020001,36.6236274990002],[32.836859695,36.6231256220001],[32.8378775020002,36.6228774990001],[32.8388966520001,36.6223524820002],[32.8436224980002,36.6224489290002],[32.8431909940002,36.6214337010001],[32.8411409910001,36.6210335010002],[32.8411148450002,36.6197525980002],[32.8418776020002,36.6186273540002],[32.8418674010002,36.618127705],[32.8421414570001,36.6181221120002],[32.8433449710002,36.618742104],[32.8448847200002,36.6181175460002],[32.8458880160002,36.6181380200002],[32.8449730680003,36.6167882390001],[32.845372498,36.6163725010001],[32.8474946140001,36.6160762480001],[32.8493050230001,36.6154887660001],[32.8503781740001,36.6134056020003],[32.8503724520002,36.6131250000002],[32.8503775480002,36.612875],[32.8503716130002,36.6125841330002],[32.8521096800003,36.6109142270001],[32.8524541630002,36.6102041660002],[32.8533852540002,36.609752453],[32.8533676150001,36.6088877940003],[32.854006897,36.6082224080002],[32.8563775020002,36.6093725010001],[32.8566224980002,36.6096274990002],[32.8568775020001,36.6098725010002],[32.8573578950002,36.610372501],[32.8573939670002,36.6099217490002],[32.8570050050001,36.6091199990001],[32.8563680270002,36.6078835260003],[32.8568775940001,36.6066272620002],[32.8568622440002,36.6058750000002],[32.8568802030001,36.6049950980002],[32.8559541630002,36.6045458340001],[32.8554953610002,36.6036001170001],[32.8538775020001,36.6023725010002],[32.8523903810002,36.6013974990001],[32.8517016450002,36.6000605390001],[32.852493958,36.599235886],[32.8549929350002,36.59822224],[32.8558541410002,36.5991185910002],[32.8568641360002,36.5996085890002],[32.8575857700001,36.6003596800001],[32.8581458590002,36.6006314090002],[32.8587449950001,36.601255001],[32.8593685910002,36.6018541370001],[32.8597265170001,36.6025919150002],[32.8615201570002,36.6030291670003],[32.8622289430002,36.603710155],[32.8616275020001,36.6046274990002],[32.8610963750002,36.6054110340001],[32.8606275020001,36.6063774990001],[32.8601224980002,36.607122501],[32.8596101380002,36.6079039920001],[32.8588779140001,36.6086074980001],[32.8588674010002,36.6091222950002],[32.8591250000002,36.6091275520001],[32.8598490910001,36.6091127740002],[32.8613382870002,36.6096225010001],[32.8614086460001,36.6091829490002],[32.8610626070001,36.6085112500002],[32.8614382930002,36.6077368810001],[32.8636275020002,36.6063774990001],[32.8642831270001,36.6053774990001],[32.8653899840002,36.6056252980002],[32.8663475040002,36.6066218870002],[32.867372086,36.6066427990002],[32.8673775480002,36.6063750000001],[32.8673697970002,36.6059950980002],[32.8686428680002,36.6053774680002],[32.8681224980002,36.6048774990002],[32.8676275020002,36.6041225010002],[32.867147507,36.6036613240002],[32.8664040990001,36.6022182460002],[32.8674470370001,36.6006274990001],[32.8688775020001,36.6013725010002],[32.8710904240002,36.6029640310001],[32.8725127870002,36.6025024760002],[32.8718975070001,36.6019113240001],[32.8708775020002,36.5999313240002],[32.8723392180001,36.599757622],[32.8736374050002,36.6006376],[32.8750882870001,36.5991274990002],[32.8761421970001,36.5994546740002],[32.8768724980001,36.6015882840002],[32.8763142700001,36.6028168950002],[32.8752744290002,36.6031543270002],[32.8747550050001,36.6047550010002],[32.8741374970002,36.6053482860001],[32.8737869260002,36.6063725010002],[32.8741909940002,36.6060818250001],[32.8748724980001,36.6053725010002],[32.8756275020001,36.6048774990002],[32.8765160370001,36.6042752080001],[32.8768914030002,36.6046358640002],[32.8776126560002,36.6061225010001],[32.8778976290001,36.6058588790001],[32.8778626100002,36.6041429940002],[32.8785519710002,36.6034255070002],[32.8800257110001,36.6039299390001],[32.8810689700002,36.6033925020002],[32.8830784760002,36.6028774990002],[32.883377502,36.6033725010001],[32.8836271210002,36.6046511800001],[32.8841275020001,36.6056225010001],[32.8846224980002,36.606877499],[32.8850050050002,36.6076199990002],[32.8856076970001,36.6088623010002],[32.8867767180001,36.6094645230002],[32.8871275020002,36.6091274990001],[32.8874396360001,36.6075285840002],[32.8883775020002,36.6066274990001],[32.8889246060002,36.6057930260001],[32.8900537570001,36.6047081600002],[32.8904865260002,36.6025952190002],[32.8900775450001,36.6009175610002],[32.8888724980001,36.6001274990002],[32.8876275020002,36.5991225010002],[32.8866224980002,36.5983774990002],[32.8863775020001,36.598122501],[32.8854714970002,36.5975285000002],[32.8848775020002,36.5966224980003],[32.8843779140002,36.5961425020001],[32.88436261,36.5953929980001],[32.8846577760001,36.5950857850002],[32.887802536,36.5941756970002],[32.8891224980002,36.5946275020002],[32.8911275020002,36.5948724980001],[32.891607895,36.5953724980001],[32.8928775020002,36.5951275020001],[32.894715622,36.5946564250002],[32.89693515,36.5951975020003],[32.8973775020003,36.5956224980002],[32.8978574980002,36.5961220930003],[32.8983724980002,36.596132599],[32.8981251530002,36.5948604430001],[32.897367493,36.5941325000003],[32.8968775020001,36.5936224980002],[32.8955648500002,36.5933024980002],[32.8951224980002,36.5928775020001],[32.8946517180001,36.5923874970002],[32.8937500000002,36.592078857],[32.8923283390001,36.592565468],[32.8913620000002,36.5916370160002],[32.8914026950002,36.5896430510001],[32.8904601440002,36.589157501],[32.8896275020002,36.5888724980002],[32.888285873,36.5885454410002],[32.8887245480002,36.5864036560003],[32.8874089360002,36.5860664830001],[32.8871224980002,36.5866224980002],[32.8866373440001,36.5876224980002],[32.8849217070002,36.5872083210001],[32.8846174930001,36.5866177830002],[32.8846275480001,36.5861250000001],[32.8846224520002,36.5858750000002],[32.8846323850003,36.585387794],[32.884009995,36.5847399980001],[32.8831279140002,36.5838925020001],[32.8831072080002,36.5828779140002],[32.8842543490002,36.5828545000002],[32.8865653230001,36.5831922070002],[32.8873480830001,36.5823775020001],[32.8901963960002,36.5826533890001],[32.8916174930001,36.5841325000002],[32.8921275020002,36.5846224980001],[32.8923724980002,36.584877502],[32.8926275020002,36.5851224980001],[32.8928724980002,36.5853775020002],[32.8931275020001,36.5856224980001],[32.8933724980001,36.5858775020002],[32.8937550050002,36.5862450030002],[32.8941224980002,36.5866275020001],[32.8943775020002,36.5868724980001],[32.8948099060002,36.5877637940002],[32.8962449950003,36.588254997],[32.8973775020003,36.5886224980002],[32.8979107970002,36.5888972320002],[32.89998381,36.588854919],[32.9018971100001,36.5891663890001],[32.9018675080002,36.5906173480002],[32.9026522370001,36.591021606],[32.906072357,36.5906036910002],[32.9063974760002,36.5892700270002],[32.907377502,36.5886275020002],[32.9079714970001,36.5877214970001],[32.9088775020001,36.587127502],[32.9096224980001,36.5866224980002],[32.9107241820002,36.5862649990002],[32.9118325040002,36.5852001500001],[32.9121275940001,36.5846273120002],[32.9121176150001,36.5841377940001],[32.912494995,36.583745003],[32.9128775020002,36.5833775020001],[32.9133857730002,36.5826022640002],[32.9150784150001,36.5826368030002],[32.9158775020001,36.5823775020001],[32.9166224980002,36.5818724980002],[32.9186196900001,36.5813856200002],[32.91919397,36.5807879100001],[32.9211365200002,36.5803143540002],[32.9211178130001,36.5793974840002],[32.9218535160002,36.5778810040001],[32.9247029570001,36.5774646070003],[32.9251275020001,36.5778724980001],[32.9256078950003,36.5783724980002],[32.925877502,36.578127502],[32.9265721280002,36.5766957240001],[32.9283184660002,36.5762699970001],[32.9293903050001,36.5757500000002],[32.9293627620003,36.5744007190001],[32.932001907,36.5741139830001],[32.9313775020002,36.5729019090002],[32.9324659420002,36.5716605910002],[32.9340708010002,36.5713318860002],[32.9394174500002,36.5717219850002],[32.9401275020001,36.5713775020002],[32.9406224980002,36.5711224980003],[32.9416141360002,36.5706414110002],[32.9418724980002,36.5703724980002],[32.9423601380001,36.5699039920002],[32.9436432650002,36.567946884],[32.9446275020001,36.5676275020002],[32.9455983890002,36.5672951810002],[32.9487840730002,36.5677607120001],[32.9493025050002,36.5656341320002],[32.9508366090002,36.5656028210002],[32.9513775020001,36.5661224980001],[32.9520237730002,36.567108223],[32.9542200010002,36.5675369720001],[32.9556503140002,36.5683860470002],[32.9561224980002,36.5688775020002],[32.9563775020001,36.5691224980002],[32.9569503630002,36.5697187500002],[32.9578699950001,36.5692450030001],[32.9590912780001,36.5686524960002],[32.959632507,36.5681325000001],[32.9602560420002,36.5674834980001],[32.9623306240002,36.5671296420002],[32.9647224710003,36.5670472450001],[32.965127502,36.5671224980001],[32.9660499580002,36.5682080580002],[32.9676229960002,36.5683578710002],[32.9677728090002,36.5676462590001],[32.9666733680003,36.5672386630002],[32.9653939970002,36.5663998720002],[32.9645790180002,36.5651525460002],[32.9651885320002,36.5644252770001],[32.9663319740003,36.5625656230002],[32.966705002,36.5619966660002],[32.9685218740001,36.5611293880002],[32.968858954,36.5607174020001],[32.9689537530002,36.5590542370001],[32.9693427580002,36.5586804810002],[32.9699072420001,36.5578195190001],[32.9706414180002,36.5571141360001],[32.9713518980001,36.5556496350002],[32.9723724980002,36.554304619],[32.9716046450002,36.5543741150001],[32.9701634370001,36.5551165620002],[32.9641298980001,36.5552396930001],[32.9641176150002,36.5546377940002],[32.964571274,36.5541656110001],[32.9653724980002,36.5536224980003],[32.9668651890002,36.5526438450002],[32.9671620180002,36.551776649],[32.9658856660002,36.5511191250002],[32.9646757050002,36.5514292140002],[32.9628235320002,36.5511132970001],[32.9618750000002,36.5511326520001],[32.9613750000001,36.5511224520002],[32.9606509090001,36.5511372300001],[32.9598631440002,36.550867592],[32.9592500000002,36.5508801040002],[32.957168991,36.5508376310001],[32.9568724980002,36.5511224980001],[32.9563925020001,36.5516220930002],[32.9561227870001,36.551627594],[32.9552365420003,36.5513242570003],[32.9523868560001,36.5513824080001],[32.9513916630002,36.5510417790002],[32.9503724980003,36.5513724980003],[32.9489117130001,36.5518724980002],[32.9488575590001,36.5511889420001],[32.9491353910002,36.5503327640001],[32.9497656250001,36.5491093750002],[32.9488585510002,36.5491278840001],[32.9476734920001,36.5485174030001],[32.947137497,36.5496221920001],[32.9463778080002,36.5496376950001],[32.9463526150001,36.5484033970001],[32.94683136,36.5479051210001],[32.948622498,36.5464850460002],[32.9482879490002,36.5456486210002],[32.9464827580002,36.545354752],[32.9461275020002,36.5446224980002],[32.9458724980001,36.5443775020002],[32.9456275020001,36.544122498],[32.9446224980001,36.5433775020002],[32.9443775020001,36.5431224980001],[32.9419315340002,36.5426449970001],[32.9403833160001,36.5411575010001],[32.9403579560002,36.5399149860001],[32.9408724980001,36.5384117130002],[32.9403775020003,36.5381224980001],[32.9388829040002,36.537637497],[32.9388724520002,36.5371250000002],[32.9388777920001,36.5368629840001],[32.938244995,36.5362549970002],[32.9378775020001,36.5358724980001],[32.9376224980002,36.5356275020001],[32.9368775020002,36.534622498],[32.9361856540003,36.5339577790002],[32.9384793850003,36.5335100020002],[32.9391325070002,36.5328825070001],[32.9396224980002,36.532372498],[32.9406224980002,36.531887344],[32.9403775020003,36.531372498],[32.9396224980002,36.5303775020002],[32.9391325070002,36.5293674930002],[32.9381789250002,36.5284513240002],[32.9398709870002,36.5271970060002],[32.9398977360001,36.5258861390001],[32.939085022,36.525607956],[32.9371533970001,36.5256473850001],[32.936603592,36.5251191410001],[32.9358775020002,36.5236224980001],[32.9353779140002,36.5231425020002],[32.9353689730002,36.5227047730001],[32.9368705600001,36.5222174990001],[32.9368821870002,36.5216477810001],[32.9363775020001,36.5211224980002],[32.9354509120003,36.5205149990001],[32.9348775020002,36.519401917],[32.9357170260001,36.5179601750002],[32.9363724980001,36.5176224980002],[32.9376275020001,36.5173775020001],[32.9382700350002,36.5163974760001],[32.9397423710002,36.5160385440002],[32.9408674930002,36.5148674930001],[32.9416325070002,36.5141325070002],[32.9422449950002,36.5134949950001],[32.9433356320002,36.5124471440001],[32.9436546170002,36.5096387480002],[32.9428814090002,36.5088958590001],[32.9423873440002,36.5078775020002],[32.9411203610002,36.5083733370002],[32.9415048980001,36.5091197970002],[32.9411250000001,36.509127548],[32.940637802,36.5091176150002],[32.9403724980001,36.5093724980002],[32.9400779270002,36.5102802580002],[32.9392310640002,36.5106911160001],[32.9403142240001,36.5121185910001],[32.939875,36.5121275480003],[32.9387071380002,36.512103714],[32.9368699950003,36.5129949950002],[32.9360580290001,36.5134132840001],[32.9336988830002,36.5141788330002],[32.9330816960002,36.5157436220002],[32.9314960170002,36.5167832490002],[32.9306224980002,36.5176224980002],[32.9301425020001,36.5181220860002],[32.9296250000001,36.5181326600001],[32.9286326750002,36.5181123960002],[32.9283675840002,36.5188868560001],[32.9284080660002,36.5208701020001],[32.9268775020002,36.5216126560001],[32.9272021330001,36.5222948460002],[32.928372498,36.5228626560001],[32.9281103060002,36.5234136200002],[32.9271314090001,36.5243541410002],[32.926783722,36.5250707860002],[32.9244645840002,36.5253945470002],[32.9252021330002,36.5264826050002],[32.9247674100002,36.5273265080002],[32.9256196900002,36.5277400050003],[32.9256377560002,36.5286250000001],[32.92561734,36.5296250000002],[32.9264767610001,36.5300419460001],[32.9258724980002,36.5306224980002],[32.9254425660001,36.5328247830001],[32.9243885190002,36.5338375020001],[32.9243714140002,36.5346754840002],[32.9261325990001,36.5363675990001],[32.9258707730001,36.5368758470001],[32.9267457580001,36.5377165070002],[32.9271224980002,36.5388775020002],[32.9277641140002,36.5398240280002],[32.926863144,36.5401324080001],[32.9256481930002,36.5401076130001],[32.9251271210001,36.5406082530002],[32.924778351,36.5416830220002],[32.9231275020002,36.5424839320001],[32.9233724980002,36.5428775020001],[32.9239862060002,36.5434671330001],[32.9232574620002,36.544542221],[32.9243775020001,36.5453724980001],[32.9253724980002,36.546127502],[32.9264330290002,36.5464716420002],[32.9268848110003,36.5474028630002],[32.9293595430001,36.5473523560001],[32.9296275020001,36.5478724980002],[32.9299949950001,36.548629997],[32.9306224980002,36.5498480910002],[32.9302603610002,36.5513696900002],[32.9296368560002,36.5513824080001],[32.9288775020001,36.5511224980001],[32.9279337460002,36.5508162540003],[32.9275662540002,36.5496837460001],[32.9265940090001,36.549368256],[32.9256469120002,36.5483825000001],[32.9230162200002,36.5478436810002],[32.9208831020002,36.548363701],[32.9203626860001,36.5496466900001],[32.9203925320003,36.5511089250002],[32.919620041,36.5516325530002],[32.9188389430002,36.5516166080001],[32.9171519170003,36.5533724980001],[32.9153630370002,36.5530859370001],[32.9153775480002,36.5523750000003],[32.915372452,36.5521250000001],[32.9153775480002,36.551875],[32.9153426210001,36.5501637950002],[32.9156224980001,36.5498724980001],[32.9163724980002,36.5495086360002],[32.9160471800001,36.5489959030001],[32.9149356080001,36.5482424240002],[32.9142985530001,36.5495555270001],[32.9124470060001,36.5501892780002],[32.9118674930002,36.5496325000002],[32.9113775020003,36.5491224980002],[32.9111224980001,36.5488775020002],[32.9106972810002,36.548434929],[32.9086307370001,36.5480315020002],[32.9085992130001,36.5464862140002],[32.9089204100002,36.5449180150001],[32.9064672390002,36.5455467150002],[32.9060700530001,36.544775703],[32.9064457700002,36.5436780470001],[32.9061264950002,36.5423683470002],[32.9055000000001,36.5430204090001],[32.904632507,36.5421175000002],[32.9027449950001,36.5415049970001],[32.9023775020002,36.5411224980002],[32.9009243320002,36.5404175030002],[32.9006224980002,36.5401275020001],[32.9001613160002,36.5396474990003],[32.8986275020003,36.5391224980002],[32.8978724980001,36.5388775020002],[32.896777725,36.5385027770002],[32.8958683470001,36.5393764880001],[32.8972151790001,36.5397048190002],[32.8993775020002,36.5411224980002],[32.8996224980002,36.5413775020001],[32.899905319,36.5416492310002],[32.9006314090001,36.543145866],[32.9013728790001,36.5438582530001],[32.9017299960001,36.5449587780002],[32.902494995,36.5457549970002],[32.9033724980002,36.5465980910003],[32.9029725490002,36.5478704610001],[32.9014061740002,36.5479024280002],[32.8994287570002,36.5468837510002],[32.8985000000002,36.5468647990003],[32.8974182590001,36.546886871],[32.8967500000002,36.5467500000002],[32.8969620060002,36.5474541630001],[32.8980529940001,36.5479409790001],[32.8992369540002,36.5493152080001],[32.900884293,36.5496157000002],[32.9014027250001,36.5499049530002],[32.9013612210002,36.5504214860001],[32.9003094790001,36.5508907930001],[32.899742523,36.5515488590002],[32.9001714780002,36.5527169650002],[32.9006342930002,36.5531157000002],[32.9008657070001,36.5536343000001],[32.901384293,36.5543657000002],[32.9016838070001,36.555360497],[32.903634293,36.5556157000001],[32.9038657070002,36.5558843000001],[32.9051691440002,36.5567006990001],[32.9050868530002,36.5577246860002],[32.9022663120001,36.5583654630002],[32.9018561550002,36.5597277680002],[32.9009160000001,36.5605377500002],[32.8982606510002,36.5608657000002],[32.89785376,36.5595142900003],[32.8978850400002,36.5591250000001],[32.89786496,36.5588750000001],[32.8978850400002,36.5586250000002],[32.8978559570001,36.5582629850002],[32.8972913210003,36.557250992],[32.8968657070002,36.5568843000001],[32.8962528690002,36.556172974],[32.8966342930001,36.5551343000001],[32.8969216920002,36.5532482380003],[32.8978782200001,36.5524241410001],[32.8981157070002,36.5508657000002],[32.8984855040001,36.5502028960001],[32.8979862060002,36.549772736],[32.8971157070001,36.5493843],[32.8957529750002,36.5486239850001],[32.8948842930002,36.5476157000002],[32.8946157070002,36.5473843000001],[32.8943842930001,36.5471157000001],[32.8941157070002,36.5468843000001],[32.8938842930002,36.5466157000001],[32.8928150630003,36.5463843000002],[32.8917582550003,36.5476109470002],[32.8926342930002,36.5483657000002],[32.8931157070002,36.5492541580001],[32.8920533140003,36.5501694560002],[32.8911250000002,36.5500948720002],[32.8908002170002,36.5508227310001],[32.8900106510003,36.5511157000001],[32.889605423,36.5497697980002],[32.8871157070001,36.5476343000002],[32.8865401150002,36.5467153320002],[32.8858657070001,36.5461343000002],[32.8850612790002,36.5448499910001],[32.8845958710002,36.5448873830002],[32.884640274,36.5454400790001],[32.8851342930002,36.5458657],[32.8860602260002,36.547155205],[32.8856157070001,36.5483657000002],[32.8853842930002,36.5495848240001],[32.8861800540001,36.5514743500001],[32.8866342930002,36.5518657000002],[32.8873082580002,36.5529417340002],[32.8886828770002,36.5538027110001],[32.889570297,36.5541987000001],[32.8898657070002,36.5549695430002],[32.8889175570001,36.5557864150002],[32.8886342930001,36.5562195430002],[32.8896271510002,36.5570749280001],[32.8898657070002,36.558434929],[32.8889598850002,36.5592153320003],[32.8880954590001,36.5605954510001],[32.8862685550002,36.5617397230001],[32.8846928410002,36.5624428410003],[32.8843842930002,36.5631343000001],[32.8840843200001,36.5636719510002],[32.8831849210002,36.5635996860001],[32.8825186000002,36.5621064070001],[32.8820832520001,36.5613261410002],[32.8805005800002,36.5608496320001],[32.8798842930001,36.5598657],[32.8792395630001,36.5589563980002],[32.878824631,36.5585989150001],[32.8781315460002,36.558654602],[32.8771342930002,36.5603843000002],[32.8766553500002,36.5607969280003],[32.8758446500001,36.5622030720002],[32.8746390530002,36.5632417450002],[32.8737686000001,36.5622314070001],[32.8721364440002,36.5617400050001],[32.8726342930001,36.5603843000002],[32.8727500000002,36.5585000000002],[32.8726179660003,36.5586179660002],[32.8723820340002,36.5588820340002],[32.8721179660002,36.5591179660002],[32.8715105440002,36.5600730440002],[32.8706666260002,36.5604603730001],[32.870382034,36.5613820340002],[32.8700278170002,36.5616985170001],[32.8680490260001,36.5608754810002],[32.8668820340001,36.5608229830002],[32.8688121640001,36.5620505290001],[32.8682450870002,36.5630940860001],[32.8691320340001,36.5633679660001],[32.8703176730002,36.5637933880001],[32.8706179660002,36.5664744800002],[32.869509415,36.5674649660001],[32.8678750000001,36.5673675460002],[32.8674974520001,36.5673900530001],[32.8660285190001,36.5681882780002],[32.8654812620001,36.5688007810003],[32.863967896,36.5691528850002],[32.8631250000001,36.5691026460001],[32.862588318,36.5691346360001],[32.8626868590001,36.570787903],[32.8614603730002,36.5711666340002],[32.8609110110002,36.572363602],[32.8601179660001,36.5728679660002],[32.8598305660001,36.5756258390001],[32.8588679660002,36.5768679660001],[32.858632034,36.5773820340002],[32.8566952820002,36.5791125030001],[32.8558679660002,36.5793679660002],[32.8548968810002,36.5797164080001],[32.8535204930001,36.5804643480001],[32.8531320340001,36.5796179660001],[32.8528375850001,36.5793548810001],[32.8522976530001,36.5793870620003],[32.8507198030001,36.5811530000001],[32.8489666140002,36.5810485080002],[32.8485140690003,36.5825140610002],[32.8473679660001,36.5828679660001],[32.846782257,36.5837889100002],[32.8452165370002,36.5841531980002],[32.8448820340001,36.5848820340001],[32.8441724240002,36.585617966],[32.8424035190001,36.5842471390001],[32.8421320340001,36.583367966],[32.8417480850003,36.5826614150001],[32.8408820340002,36.5831320340003],[32.8388876950002,36.5834428100002],[32.8370757830002,36.5833348160002],[32.8364747390002,36.5820252610003],[32.8352152940001,36.5814472200001],[32.8348820340001,36.5803679660002],[32.8344296880002,36.5791072920002],[32.8334229810001,36.5782078090002],[32.831985939,36.5777640610002],[32.8315333860002,36.576298508],[32.8296186830001,36.5764126280001],[32.8289188080002,36.5756293260003],[32.8281179660002,36.5753820340001],[32.826743019,36.5748886870002],[32.825367966,36.574632034],[32.8245588000002,36.5743416900002],[32.8231534500001,36.5744254530002],[32.8192649540001,36.5738339540001],[32.8178612670002,36.5728534700002],[32.8168750000003,36.5729122540002],[32.81525,36.5728153990001],[32.8136250000002,36.5729122540002],[32.811905052,36.5728097380003],[32.8099499590002,36.5717473220002],[32.8090521470002,36.5713820340001],[32.8081320340002,36.5718820340002],[32.8066179660001,36.5721179660002],[32.805204384,36.5724965670002],[32.8048115690002,36.5741848910001],[32.8038679660002,36.5746179660001],[32.8030082700001,36.5752184830001],[32.8008679660001,36.5756179660003],[32.7978185880002,36.5769088900001],[32.7970757830001,36.5768646160002],[32.7966320340001,36.5763679660002],[32.7963063130002,36.576076942],[32.7953257830002,36.5761353840003],[32.7948820340002,36.5766320340002],[32.7941379930002,36.5772968220002],[32.7922310330002,36.5776179660002],[32.7918468020001,36.575966537],[32.7908377840002,36.5755034330001],[32.7872080540001,36.5759321060002],[32.7836710970002,36.5757212910002],[32.7827131500002,36.5746491550001],[32.7812868500003,36.574100845],[32.7806060410001,36.573338875],[32.7787069170002,36.5734520720003],[32.7770430830001,36.5725479280003],[32.7752615090001,36.5726541140002],[32.7737369800002,36.5734825590001],[32.7731692930002,36.5741570630002],[32.7728039640002,36.5747731040001],[32.7721849100002,36.5751521450002],[32.7711250000002,36.5751101380002],[32.7697228010002,36.5751657100002],[32.7688797650002,36.5748702320002],[32.7666202350002,36.5746297680002],[32.7653797650003,36.5741202320002],[32.7632795220002,36.5733463440001],[32.7622571530002,36.5728053510001],[32.7603225780002,36.5728820340002],[32.7591768910001,36.5741185380002],[32.7578719370002,36.5744293750003],[32.7559371830001,36.5743526920002],[32.7548797650003,36.5746297680002],[32.7493063160003,36.575620232],[32.7477844540002,36.5750868300002],[32.746379765,36.5741202320002],[32.7456202340001,36.573629768],[32.7451870370001,36.573162231],[32.7431202340001,36.5728797680002],[32.7412957080001,36.5720835490002],[32.7394231620002,36.5721577760002],[32.7384153580001,36.5716244960001],[32.736370234,36.571379768],[32.7358268380002,36.571092224],[32.7347500000001,36.5711349110002],[32.7342904430002,36.5711166920001],[32.7313128640001,36.5695411070002],[32.7298129240002,36.5701572190001],[32.7282551330001,36.5700954740002],[32.7266936230001,36.5722243880002],[32.7263797660002,36.57391729],[32.7274253220002,36.574370232],[32.7285547690001,36.5737725910002],[32.7289744370001,36.5715744400002],[32.730653593,36.5716409990001],[32.7314240300001,36.5732734830003],[32.7328797660002,36.5736202320002],[32.7338016620002,36.5741080550002],[32.7346297660001,36.574370232],[32.7353702340002,36.5746297680002],[32.7361753220001,36.5748702320002],[32.7371202340001,36.574370232],[32.7391297660001,36.5741297680002],[32.7394951420002,36.5737354280002],[32.7406202340001,36.5741297680002],[32.742879766,36.5746202320001],[32.744120234,36.5751297680002],[32.7448797660001,36.5753702320002],[32.7456202340001,36.5756297680002],[32.7466024090002,36.5759407200001],[32.7475242580002,36.577368279],[32.7499384120002,36.5776571660001],[32.7523664930001,36.5775609280001],[32.7534715650002,36.5768005070001],[32.7538702350002,36.5763702320002],[32.7548797650003,36.5761297680002],[32.755620235,36.5758702320002],[32.7564436840002,36.5756297680002],[32.7580489960002,36.5761924210001],[32.760068108,36.5761123890002],[32.7611839940002,36.5743843540002],[32.7621383210002,36.5748893360002],[32.762861679,36.5748606640001],[32.7633702350002,36.5751297680002],[32.7646297650002,36.5753702320002],[32.7653702350001,36.5756297680002],[32.7661817360002,36.5758866880001],[32.767108711,36.5768871460001],[32.7678702350002,36.576620232],[32.7693270720002,36.5763797680002],[32.7724887960001,36.5776784670001],[32.7731131020001,36.5763556140002],[32.7734310330002,36.575608534],[32.7736689800001,36.5748233120002],[32.7740989860002,36.5740134030001],[32.7748480870002,36.5736275020002],[32.7763769800002,36.573920273],[32.7780417560002,36.5752641300001],[32.7802455520002,36.5756943510002],[32.7817450030001,36.5772549970002],[32.7828775020002,36.577622498],[32.7849580380002,36.5793690410002],[32.7857774810002,36.5793857650002],[32.7876275020002,36.5791275020002],[32.7890542370002,36.5787618560002],[32.7908090670002,36.5793625030003],[32.7932348940002,36.5797169880001],[32.7956051560002,36.5791391680002],[32.7960049970002,36.578754997],[32.7966418300002,36.5780921780002],[32.799,36.5781403050002],[32.8000000000002,36.5781198960001],[32.8006250000003,36.5781326520001],[32.8016250000002,36.5781122440002],[32.804336113,36.5781675720002],[32.8053794560001,36.5768750760001],[32.8046073990002,36.5758575970002],[32.8056275020002,36.5748775020002],[32.8061025010002,36.5743831100002],[32.8080862050002,36.5743426280001],[32.808377502,36.5746224980002],[32.8086322100002,36.5748876110002],[32.8108020550002,36.574843323],[32.8113775020001,36.5751224980001],[32.8124639590002,36.5758589550002],[32.8152646790001,36.5759161150002],[32.8168382870002,36.5753775020001],[32.8226188960002,36.5756331790002],[32.824114136,36.5763585890002],[32.8249035950001,36.5771802750001],[32.8266224980001,36.5778775020002],[32.8286275020002,36.5781224980002],[32.8298724980002,36.5786275020002],[32.8311947170001,36.5789498290001],[32.8328313220001,36.5823232270002],[32.8338724980001,36.5836953810002],[32.8336275020001,36.584877502],[32.8331843030002,36.5861723330001],[32.8348279270002,36.5869697340001],[32.8351271210001,36.5878917470002],[32.835872093,36.5886074980001],[32.8358824620001,36.5891157460001],[32.835127502,36.5896275020002],[32.8338804630002,36.5902324980001],[32.8338656310002,36.5909590910001],[32.8348775020001,36.591622498],[32.8356241760002,36.5921286390002],[32.8365317380002,36.5918179930002],[32.8378573610003,36.5926871110001],[32.8381224980002,36.5951275020001],[32.8390920100002,36.5957631380001],[32.8393724980002,36.596627502],[32.8398720930001,36.5971074980002],[32.8398823930003,36.5976122060002],[32.8394060590003,36.5981079830001],[32.8376275020001,36.5988774990002],[32.8361275020001,36.5993642540002],[32.8363724980002,36.5998774990001],[32.8380936430003,36.600213501],[32.8381423190002,36.6025987280001],[32.8378674930002,36.6031322170001],[32.8379100720002,36.6052183910001],[32.8376243820002,36.6063903010003],[32.8371207730002,36.6068741570002],[32.837622498,36.607848087],[32.8371275020001,36.6081274990001],[32.835655151,36.6086052820002],[32.8353464280002,36.6111317830003],[32.8336291660002,36.6122958340002],[32.832622498,36.6126225010002],[32.8323775020002,36.6128774990002],[32.831397499,36.6138190690002],[32.8311224980001,36.6146225010001],[32.8308775020002,36.6156274990002],[32.8291555480002,36.6166496960001],[32.8298903200002,36.6181642270003],[32.8311224980001,36.6193480870002],[32.830875641,36.6208890880002],[32.8301256180002,36.6216096990002],[32.8297761230002,36.6230433620001],[32.8286325000001,36.6236325000002],[32.8276224980002,36.6241225010002],[32.8271275020001,36.624377499],[32.8256329120001,36.6248624990001],[32.8256147990002,36.62575],[32.8256380000002,36.6268870200002],[32.8246240770002,36.6278611760002],[32.8243439250002,36.6298679810002],[32.8237500000001,36.6298801020002],[32.8231677700001,36.6298682190002],[32.821877907,36.6311075000001],[32.8218576130001,36.632101805],[32.8221224980001,36.6323775010002],[32.822622498,36.6328578930002],[32.8222370990002,36.633282003],[32.8214924240002,36.6339974750002],[32.821992317,36.6354579370001],[32.8206224980001,36.6361224990002],[32.8201663970003,36.6365972180002],[32.8183602140002,36.6376374530002],[32.8164108660002,36.6375976720003],[32.8161006240002,36.6398200020001],[32.8141754530001,36.6412808150002],[32.8120362240002,36.6419750000001],[32.8114950030001,36.642495001],[32.8108895650002,36.6431251450002],[32.8093934330003,36.6434172190002],[32.8106224980001,36.6445980870002],[32.8101185990002,36.6448825230003],[32.8093977890002,36.6448678110001],[32.8081275020001,36.6460882840001],[32.8074405440002,36.6471601670002],[32.8072171700001,36.6484733210002],[32.8067500000002,36.6500000000001],[32.8062412010001,36.65020493],[32.8057761460001,36.6503922410001],[32.805262344,36.6510578960002],[32.8050000000002,36.6520000000002],[32.8066194690003,36.6512796990003],[32.8067039960001,36.6504510130002],[32.807383922,36.6496815840002],[32.8080939030001,36.6495550620002],[32.8083634340001,36.6469107350002],[32.8087594530002,36.6464575190002],[32.8096610340002,36.6458463790001],[32.811091278,36.6451525000001]],[[32.9116808010002,36.5511291120001],[32.9125000000003,36.5510000000001],[32.9128978880003,36.5516021120002],[32.9131021120001,36.5537055130002],[32.9121657260003,36.5541021120001],[32.9115457760001,36.5532042160001],[32.9106820220001,36.5526078490002],[32.9103978880002,36.5518613660002],[32.9116808010002,36.5511291120001]]]},"properties":{"id":"reservoir-gdw-7049","hesIds":["hes177-068"],"basinIds":["17"],"riverSystemIds":["river-system-009"],"damName":"Ermenek","reservoirName":"Ermenek","basinId":"17","source":"GDW","sourceId":"7049","sourceUrl":"https://services8.arcgis.com/oTalEaSXAuyNT7xf/ArcGIS/rest/services/GDW_v1_epsilon_gdb/FeatureServer/1","matchMethod":"name+coordinate","matchConfidence":"high","areaKm2":49.965,"validated":true,"validationNotes":"Turkey envelope; facility name, basin/river relation and coordinate distance check"}},{"type":"Feature","id":"reservoir-gdw-1496","geometry":{"type":"Polygon","coordinates":[[[31.1272512478302,40.0834109157984],[31.1265383572053,40.0819010416666],[31.123407118056,40.0803358289928],[31.1226074218754,40.0795274522568],[31.1194642469622,40.0775857204861],[31.1194297960073,40.076714409722],[31.1197262912331,40.076085611979],[31.1209814453128,40.075493706597],[31.1229104275179,40.0740787760415],[31.1238595920144,40.0730539279511],[31.1258181423614,40.0727419704859],[31.1258496093755,40.0719493272567],[31.1236800130213,40.0701150173609],[31.1230609809032,40.0689447699651],[31.1236827256948,40.0682411024304],[31.125272352431,40.0688943142359],[31.1272276475698,40.0691612413193],[31.1287950303824,40.0699907769095],[31.1297075737851,40.070027126736],[31.1302422417538,40.0694498697915],[31.1338943142366,40.0697167968748],[31.1349441189239,40.0702723524304],[31.1361165364588,40.0700054253471],[31.1371663411463,40.0694498697915],[31.1383387586808,40.0697167968748],[31.1388533528649,40.0702723524304],[31.1417198350698,40.0694406467012],[31.1432500542538,40.0686311848955],[31.145224338108,40.0686474609375],[31.1461111111114,40.0681781684025],[31.1475054253476,40.0688834635415],[31.147967664931,40.0708241102428],[31.14860921224,40.0708496093748],[31.149449869792,40.0697276475693],[31.1497954644102,40.0686355251734],[31.151115993924,40.0685834418401],[31.1525485568579,40.0701296657984],[31.1533352322053,40.0697129991319],[31.1538533528649,40.0702723524304],[31.1544390190977,40.0692702907983],[31.1538039822051,40.0683506944443],[31.1522276475699,40.0673328993054],[31.1528548177086,40.0659201388887],[31.1538050672746,40.0654720052082],[31.1549943033858,40.0629519314235],[31.157772352431,40.0615614149303],[31.1571636284727,40.0604313151041],[31.1558892144102,40.0611056857637],[31.1556589084204,40.0601003689234],[31.1579996744796,40.059087456597],[31.1588897026913,40.0563574218748],[31.1599869791672,40.0553407118055],[31.1603545464412,40.0541802300345],[31.1624270290803,40.0542133246525],[31.1634011501741,40.0536979166666],[31.1666680230038,40.0530490451388],[31.1681472439241,40.0535671657984],[31.1691802300352,40.0524522569442],[31.1712944878475,40.0515836588539],[31.1741088867191,40.051968315972],[31.1785305447052,40.0531939019095],[31.1792580837677,40.0520670572915],[31.1826977539066,40.0511083984373],[31.1830501302088,40.0499945746525],[31.1846215820315,40.0483648003471],[31.1865546332471,40.0482883029511],[31.1872637261289,40.0486230468748],[31.1881445312505,40.0495735677082],[31.190281304254,40.0490136718748],[31.1915277777783,40.0496728515623],[31.1927851019969,40.0490077039929],[31.1949416775178,40.0510812717013],[31.1965150282123,40.0511436631942],[31.198815104167,40.0500580512151],[31.1996866861984,40.0491720920137],[31.2011165364588,40.049439019097],[31.2019390190977,40.0508387586805],[31.2032126193581,40.0516606987846],[31.2038831922748,40.0538937717012],[31.2055501302087,40.0559385850693],[31.2048114691843,40.0578412543401],[31.2054806857643,40.0585633680553],[31.2062207031253,40.0589550781248],[31.2088842773442,40.0580501302081],[31.2118432617192,40.0579768880207],[31.2128979492191,40.058702799479],[31.2139095052086,40.0581673177082],[31.215648057726,40.0592317708333],[31.2193809678824,40.0607649739582],[31.2282476128475,40.0621446397568],[31.229481336806,40.061491970486],[31.2305810546878,40.0622488064234],[31.2324848090281,40.062173394097],[31.2328955078129,40.0630436197915],[31.2340861002608,40.0630908203123],[31.2357571072052,40.0625054253472],[31.2369498697921,40.0627723524305],[31.2381396484379,40.0636848958331],[31.2413943142366,40.0633387586803],[31.2428987630212,40.0628114149304],[31.2455230034727,40.0624848090276],[31.2521050347227,40.0638834635415],[31.2539051649309,40.0635655381942],[31.2548611111114,40.062616644965],[31.2555213758685,40.0633295355901],[31.2572477213545,40.0641932508679],[31.258309461806,40.0641509331595],[31.2599131944449,40.0647135416665],[31.2615744357642,40.0647791883679],[31.2623611111115,40.0643630642359],[31.2636168077262,40.0650271267359],[31.2644490559899,40.0649945746526],[31.2656608072921,40.0658279079859],[31.266949869792,40.0655609809025],[31.2683346896706,40.0647129991318],[31.2690174696184,40.0654497612847],[31.2694425455732,40.0649907769096],[31.2701231553824,40.0653510199651],[31.2760422092018,40.0648779296873],[31.2774262152781,40.0642247178819],[31.2780579969623,40.0636393229165],[31.2784922960074,40.0600103081596],[31.2788937717018,40.0599940321179],[31.2796321614587,40.0607910156248],[31.281242133247,40.0608550347221],[31.2836138237851,40.0602696397567],[31.2841295030385,40.0608262803818],[31.284965820313,40.0608593749998],[31.2860552300352,40.0602832031248],[31.2905609809031,40.0605501302082],[31.2939119466149,40.0611843532985],[31.2952723524309,40.0622276475692],[31.296145290799,40.0625037977429],[31.2969072808164,40.0633262803818],[31.2992228190109,40.0634179687498],[31.300272352431,40.0630501302081],[31.3034149848095,40.0627159288192],[31.3044498697922,40.0622276475692],[31.3049644639761,40.0616720920137],[31.3066107855906,40.0624945746525],[31.3077704535594,40.0619921874998],[31.3077517361115,40.0608723958331],[31.3085316297747,40.060030924479],[31.3115592447921,40.0599104817707],[31.312596571181,40.0612738715275],[31.3146788194449,40.0595144314235],[31.3169683159726,40.0588731553818],[31.3191720920142,40.0586165364582],[31.3196473524309,40.0581032986109],[31.3213888888894,40.0574929470484],[31.3223402235247,40.0578260633679],[31.3265882703997,40.0567843967012],[31.328264431424,40.0550412326387],[31.3296367730039,40.0540348307289],[31.3314303927954,40.0515977647569],[31.3324310980908,40.0506705729165],[31.3329299587679,40.0497276475692],[31.3311537000873,40.0504904513887],[31.3304888237852,40.0518245442706],[31.3280501302088,40.0527723524303],[31.326383463542,40.0538834635415],[31.3258241102435,40.0547498914929],[31.3237871636288,40.0557644314234],[31.3226689995665,40.0561561414929],[31.3211585828996,40.0560964626735],[31.3190543619796,40.0571587456595],[31.3152845594621,40.0575200737846],[31.3141612413198,40.0580501302081],[31.3127962239586,40.0590972222222],[31.3113083224831,40.058575846354],[31.3092201063373,40.0585747612845],[31.3086130099829,40.05889594184],[31.3073125542539,40.0585552300345],[31.3057131618928,40.0594015842012],[31.3031122504344,40.0602251519096],[31.3019498697922,40.0611165364581],[31.2993351236984,40.0614735243053],[31.2986466471357,40.0622167968748],[31.2977441406253,40.0619411892359],[31.2969390190976,40.0611165364581],[31.2966650390628,40.0602501085068],[31.2947566731775,40.0603260633678],[31.293957790799,40.0594634331596],[31.2922498914934,40.0594596354165],[31.2912920464414,40.0584955512151],[31.2880501302087,40.0588834635416],[31.2874077690976,40.0592236328123],[31.2850534396704,40.0591303168401],[31.2839447699657,40.0597167968748],[31.2827723524309,40.0594498697915],[31.2823651801219,40.0590104166665],[31.2786257595491,40.0588617621526],[31.278110351563,40.0594184027777],[31.2749945746531,40.0597167968748],[31.2732264539933,40.0608935546873],[31.2722970920144,40.0618967013888],[31.2708279079866,40.0624945746525],[31.270321180556,40.0630419921873],[31.2686105685769,40.0633398437498],[31.2623651801219,40.062423502604],[31.2574945746531,40.0611165364581],[31.2564447699656,40.0605609809027],[31.2551505533857,40.0611865234373],[31.2533279079865,40.0608387586803],[31.2510536024309,40.0598752170137],[31.249778103299,40.0605501302082],[31.2485435655386,40.0602690972221],[31.2502723524308,40.0586669921873],[31.2497946506079,40.0580609809026],[31.2491612413198,40.0583279079859],[31.2486368815108,40.059439019097],[31.2474685329865,40.0591661241318],[31.2467022026913,40.0583387586804],[31.2449511718754,40.0586127387151],[31.2438739691845,40.0591824001734],[31.2424951171879,40.0591726345485],[31.2419799804691,40.0586165364582],[31.241279025608,40.0589306640623],[31.2392022026914,40.060827907986],[31.2372167968753,40.0605609809027],[31.2364463975698,40.0601529947914],[31.2345206705734,40.060827907986],[31.2319390190977,40.0591720920137],[31.2313142903649,40.0582042100692],[31.2298947482643,40.0572276475692],[31.2266612413199,40.0580501302081],[31.2254503038197,40.0588834635416],[31.2224945746531,40.0575054253471],[31.221985948351,40.0569563802081],[31.2207798936635,40.0563525390623],[31.2194919162331,40.0564035373262],[31.2170776367191,40.0549782986109],[31.2158856879343,40.0550254991317],[31.214042697483,40.0543793402775],[31.2111740451392,40.0559554036456],[31.2075189887157,40.054230143229],[31.2074943033858,40.0505512152776],[31.2078634982642,40.0494981553817],[31.2072276475698,40.0491612413194],[31.2054239908858,40.0488742404511],[31.2042404513892,40.046860894097],[31.2024945746532,40.0461165364582],[31.2012836371532,40.0452832031248],[31.20006890191,40.0463699001734],[31.19917561849,40.0464051649303],[31.1977764214414,40.0453320312498],[31.1951806640629,40.0448800998262],[31.1933892144101,40.0458279079859],[31.192257758247,40.0450054253471],[31.1897867838545,40.0459543185762],[31.1852723524309,40.0455609809026],[31.1837500000004,40.0451616753471],[31.1821522352433,40.0463872612845],[31.1800000000004,40.0469509548611],[31.177874620226,40.0463943142359],[31.1751972113719,40.0469797092012],[31.1717502170141,40.0468429904512],[31.171230197483,40.0474045138888],[31.1669390190976,40.0480501302082],[31.1664794921879,40.0499799262151],[31.1630292426218,40.0500726996526],[31.1610313585073,40.0495491536457],[31.1597469075525,40.0508620876734],[31.1580485026046,40.0507942708331],[31.1580702039933,40.0513400607637],[31.1567800564239,40.052642144097],[31.1551847330732,40.0548800998262],[31.1536800130212,40.0562738715277],[31.1530609809033,40.0575054253471],[31.1523532443581,40.0578390842012],[31.1516720920143,40.0588943142359],[31.1502832031255,40.0602832031248],[31.1478290473094,40.0606184895832],[31.1474381510421,40.0624875217012],[31.1491601562504,40.063032769097],[31.1491813151046,40.0635633680554],[31.1486368815108,40.064716796875],[31.1472167968755,40.0644498697916],[31.1462920464413,40.063960503472],[31.1455910915803,40.064716796875],[31.1441140407991,40.0644406467012],[31.1430609809032,40.0638834635415],[31.1418606228303,40.0635975477429],[31.1406841362851,40.0623280164929],[31.1391994900177,40.0638867187498],[31.1372167968753,40.064439019097],[31.1359092881948,40.0651312934026],[31.1346698676219,40.06469672309],[31.1330577256948,40.0647607421874],[31.1309472656254,40.0644243706595],[31.1303358289934,40.0631287977428],[31.1288574218753,40.0627766927081],[31.1280910915802,40.0619498697916],[31.1269390190975,40.0622167968748],[31.1266710069447,40.0638991970484],[31.1259722222225,40.0635297309026],[31.1252628580732,40.0639046223958],[31.1241153971358,40.0638595920137],[31.1219102647572,40.0650260416664],[31.1203116861982,40.064962565104],[31.1188943142365,40.0661165364581],[31.1178051757816,40.0666303168401],[31.1172420247399,40.0676942274304],[31.117245822483,40.0693451605901],[31.1165676540801,40.0707817925345],[31.1155715603304,40.069706488715],[31.1141786024309,40.0690489366319],[31.1140917968754,40.0668598090276],[31.1145640733512,40.0655121527776],[31.1139491102434,40.0616509331594],[31.1113943142366,40.0592838541666],[31.1122167968755,40.0572781032984],[31.111666666667,40.0546912977429],[31.1108387586809,40.0539241536456],[31.1111119249136,40.0527463107637],[31.112353244358,40.0511724175347],[31.1132183159726,40.0507644314234],[31.112257758247,40.0497276475692],[31.1115383572053,40.0504275173611],[31.1075105794274,40.0518185763887],[31.1074715169275,40.0528005642359],[31.1083390299483,40.0544401041665],[31.1082850477435,40.0557991536457],[31.1086618381081,40.056148003472],[31.1082980685767,40.0576757812498],[31.1063834635421,40.0563943142359],[31.1060495334205,40.0556863064235],[31.1047837999136,40.0548692491318],[31.1042076280385,40.053648003472],[31.103338758681,40.0530501302083],[31.1016720920144,40.0524945746526],[31.0993522135421,40.0521777343748],[31.0984722222227,40.0512277560762],[31.097874620226,40.0518728298609],[31.0967911783859,40.0512999131942],[31.095272352431,40.0516612413193],[31.0947536892365,40.0522211371526],[31.0929172092018,40.0526589626734],[31.0923377821184,40.0531955295137],[31.0916767035595,40.055718315972],[31.091704915365,40.0572167968749],[31.0901315646705,40.0567377387151],[31.0886165364587,40.0553336588539],[31.0888834635421,40.054439019097],[31.0896978081602,40.0532557508679],[31.0897485351566,40.0519737413193],[31.0885611979171,40.0510633680553],[31.0872173394101,40.0511170789928],[31.0851681857642,40.0499338107638],[31.0835660807296,40.0504953342012],[31.0819390190975,40.0497276475692],[31.0808108181428,40.0488623046874],[31.078265245226,40.0489632161456],[31.0766612413198,40.0483387586804],[31.0762079535594,40.0478493923609],[31.0752435980906,40.0483593749998],[31.073596462674,40.0483506944443],[31.0728133138025,40.0475054253471],[31.0719314236115,40.0480805121526],[31.0702723524309,40.0486056857637],[31.0697637261289,40.0491547309026],[31.0686165364587,40.0497276475692],[31.067438964844,40.0500081380207],[31.0659472656255,40.0507975260415],[31.0625889756949,40.0498291015623],[31.0619799804691,40.0491720920137],[31.0610351562505,40.0501150173609],[31.0600895182294,40.0496148003471],[31.0592225477434,40.0505501302081],[31.0583688693581,40.0497276475692],[31.0577723524308,40.0499945746525],[31.0570003255212,40.050827907986],[31.0562030707468,40.050066189236],[31.0557156032989,40.0510991753471],[31.0547751193581,40.0511366102429],[31.0534722222227,40.0501166449651],[31.0523060438372,40.0509168836804],[31.0516986762157,40.0522037760415],[31.050809461806,40.0525157335068],[31.0497368706601,40.0524728732638],[31.0492022026914,40.0530501302083],[31.0475054253477,40.0516612413193],[31.046327853733,40.051380750868],[31.0436165364588,40.0497167968749],[31.0410297309032,40.0488699001734],[31.0395003255213,40.0480609809026],[31.0372167968753,40.0483279079859],[31.0368454318581,40.0487288411456],[31.0352832031255,40.0477723524304],[31.032772352431,40.0469498697916],[31.0286056857641,40.0444498697914],[31.027257758247,40.0430609809027],[31.0266563585075,40.0436333550346],[31.026106228299,40.0430392795137],[31.0233279079865,40.0427832031248],[31.0228149414066,40.0422292751734],[31.0209803602434,40.0415147569444],[31.0205501302088,40.0411165364582],[31.0201654730907,40.0399012586804],[31.0186056857643,40.0388943142359],[31.0172409396704,40.0361924913192],[31.0167038302954,40.0344954427081],[31.0161357964412,40.0338823784721],[31.0154115125872,40.0339111328124],[31.0143055555558,40.0320833333331],[31.0136056857642,40.0322167968749],[31.0130870225698,40.0327766927083],[31.0108279079866,40.0336056857637],[31.0100054253476,40.0352832031249],[31.007807074653,40.0368326822915],[31.006935492622,40.0386127387151],[31.0082535807296,40.0399913194442],[31.0097276475699,40.0402723524304],[31.0108387586809,40.0411056857637],[31.0125054253476,40.0430501302081],[31.0128361002607,40.044439019097],[31.0147222222226,40.0436029730901],[31.0172167968755,40.0447276475693],[31.0187529839415,40.045093315972],[31.0197167968755,40.0464941406248],[31.018060980903,40.0482980685762],[31.0193820529517,40.0484993489582],[31.0212437608511,40.0471343315972],[31.0221527777782,40.0461528862845],[31.0249104817713,40.047329644097],[31.025416666667,40.0467833116317],[31.0263623046878,40.047804361979],[31.0300415039067,40.0497341579859],[31.0305501302086,40.0502832031248],[31.0317277018233,40.0505636935762],[31.032772352431,40.0511165364581],[31.0348163519969,40.0515066189235],[31.0357918294274,40.0524880642359],[31.0380088975698,40.0538834635415],[31.0398611111116,40.0526166449651],[31.0413663736983,40.0537673611109],[31.0417347547746,40.0553135850694],[31.0433281792539,40.0552506510414],[31.0438525390628,40.0563617621526],[31.0444390190977,40.0566720920138],[31.0466908094622,40.0570307074651],[31.0466240776914,40.0587152777775],[31.0470345052088,40.0606781684027],[31.0466200086809,40.0614615885414],[31.0466172960074,40.0641612413193],[31.0477832031253,40.0638943142361],[31.0480563693581,40.0627463107638],[31.0488818359379,40.0619813368053],[31.0489051649309,40.0613937717012],[31.0483737521706,40.0609016927082],[31.0494498697921,40.0605609809027],[31.0501076931427,40.0596327039929],[31.0491720920142,40.0572781032984],[31.0502832031254,40.0566720920138],[31.050789930556,40.056124674479],[31.0532714843753,40.0556928168401],[31.05566514757,40.0564550781248],[31.0568052842886,40.0560552300346],[31.0572805447053,40.0580501302081],[31.0588883463545,40.0569357638887],[31.0615931532121,40.058591579861],[31.0630485026046,40.0586496310761],[31.0630715603302,40.0580702039928],[31.0619498697921,40.0558892144095],[31.0622167968754,40.0547167968748],[31.0630897352434,40.0544406467012],[31.0638533528649,40.0536165364582],[31.0646850585941,40.0544373914929],[31.0655213758684,40.0544704861109],[31.0661056857643,40.0541612413192],[31.0682250976566,40.0538715277776],[31.071949869792,40.052505425347],[31.0729486762156,40.051818033854],[31.0733382161462,40.0522384982637],[31.0750330946184,40.0521712239583],[31.0769493272573,40.0536273871526],[31.0779218207469,40.0535888671873],[31.0783279079866,40.0544498697915],[31.0789162868929,40.0547271050345],[31.078873697917,40.055800238715],[31.0798752170143,40.0571657986109],[31.0808867730038,40.0566303168401],[31.0822119140629,40.0566829427081],[31.08343858507,40.0558387586804],[31.0853030056426,40.0569487847221],[31.0858279079865,40.0580609809026],[31.0865470377607,40.058400065104],[31.0874945746532,40.0601915147569],[31.0861165364586,40.0616107855902],[31.0868443467887,40.0620638020832],[31.087464463976,40.0613943142359],[31.0893739149308,40.062062174479],[31.0912179904518,40.0607069227429],[31.0924338107642,40.0615435112846],[31.093480088976,40.0610498046873],[31.0941612413198,40.0599945746526],[31.0960313585074,40.0595491536457],[31.0966720920142,40.0583387586804],[31.0970567491323,40.0563226996526],[31.098853352865,40.0544498697915],[31.1000054253475,40.0547167968748],[31.1017285156253,40.0563547092012],[31.1016609700525,40.0580598958332],[31.1024766710074,40.0602696397567],[31.1046082899309,40.0621761067707],[31.1088273111982,40.0648529730901],[31.1091612413198,40.0669498697915],[31.1108279079865,40.0707470703123],[31.1091720920144,40.0724441189234],[31.1096497938372,40.0730501302081],[31.1123611111114,40.0723838975692],[31.1140190972225,40.0736555989581],[31.115282931858,40.073605143229],[31.1155501302088,40.0747276475693],[31.1163468424484,40.0754654947915],[31.1163742404518,40.0771744791665],[31.1169799804692,40.0784581163192],[31.1188810221358,40.0802197265623],[31.1189124891496,40.0810145399304],[31.1186165364586,40.0819498697916],[31.1176893446185,40.0828087022568],[31.1186154513892,40.0827723524303],[31.1213213433164,40.0838834635415],[31.1233588324658,40.0827511935762],[31.1246240234379,40.0827652994791],[31.125879448785,40.0854248046874],[31.127179633247,40.0861127387151],[31.1300054253477,40.0863834635415],[31.1319837782122,40.0871961805553],[31.1341612413199,40.0872824435762],[31.1337928602434,40.0864257812498],[31.1324945746532,40.0861165364582],[31.1309689670144,40.0849462890623],[31.1281949869795,40.0842854817708],[31.1272512478302,40.0834109157984]]]},"properties":{"id":"reservoir-gdw-1496","hesIds":["hes177-073"],"basinIds":["12"],"riverSystemIds":["river-system-001"],"damName":"Gokcekaya","reservoirName":"Gokcekaya","basinId":"12","source":"GDW","sourceId":"1496","sourceUrl":"https://services8.arcgis.com/oTalEaSXAuyNT7xf/ArcGIS/rest/services/GDW_v1_epsilon_gdb/FeatureServer/1","matchMethod":"name+coordinate","matchConfidence":"high","areaKm2":15.567,"validated":true,"validationNotes":"Turkey envelope; facility name, basin/river relation and coordinate distance check"}},{"type":"Feature","id":"reservoir-gdw-4123","geometry":{"type":"Polygon","coordinates":[[[36.6494523111977,40.9322300889759],[36.6503512912325,40.9319075520835],[36.6524921332462,40.9320350477432],[36.6521408420138,40.9304139539933],[36.6507921006941,40.9299975585939],[36.6509126790361,40.927975260417],[36.649863552517,40.9259266493057],[36.6489293077256,40.9222064887156],[36.6486615668401,40.9177137586808],[36.6492462836368,40.9158203125002],[36.6500686306422,40.9146430121531],[36.6508412000867,40.9127856445315],[36.6511848958331,40.9113080512155],[36.6531298828123,40.9085237630209],[36.6536032443574,40.9074921332467],[36.6546675618489,40.9064005533856],[36.6561614312064,40.9063113064238],[36.6588388400606,40.9071042209203],[36.663071017795,40.9066086154515],[36.6636985948348,40.9060476345488],[36.6632679578992,40.9048472764758],[36.6634098307289,40.9024658203128],[36.6616745334199,40.9012063259551],[36.6620125325519,40.9003572591149],[36.6653957790797,40.9016587999134],[36.6674370659721,40.9013151041668],[36.6719821506075,40.8980748155385],[36.6748616536456,40.8977376302086],[36.6770000542533,40.8954106987849],[36.6781311035153,40.8947960069446],[36.6810005696612,40.89582546658],[36.6826596408418,40.8953683810765],[36.6835564507377,40.8945673285592],[36.684158799913,40.8928881835939],[36.6830634223087,40.8917475043405],[36.6836193847653,40.890225965712],[36.6842068142358,40.8897010633682],[36.6840928819442,40.8877905273439],[36.6860984971787,40.8878515625002],[36.6861614312064,40.8867949761288],[36.6848472764754,40.8863235134551],[36.6828059895831,40.8864450412329],[36.6827284071177,40.885144856771],[36.6837127007377,40.8827856445314],[36.6871775987412,40.8838444010419],[36.6884229871961,40.884714355469],[36.6888810221351,40.8841012912329],[36.6884103732636,40.8832069227433],[36.6845833333332,40.8809722222225],[36.6831955295136,40.8811577690974],[36.680851236979,40.8853941514759],[36.6807965766058,40.8863110351565],[36.6822143554685,40.8884231228301],[36.6818657769094,40.8894224717884],[36.6783901638452,40.8899641927085],[36.6779526095917,40.8903550889759],[36.678127848307,40.8932967122399],[36.6757252332896,40.8941587999134],[36.6735291883678,40.8937120225697],[36.6720515950518,40.892292480469],[36.6709143066403,40.8916745334204],[36.6677322048609,40.892244466146],[36.6655491807723,40.8921142578127],[36.6636214192706,40.8928059895836],[36.6628587510849,40.8919523111981],[36.6624118381075,40.8922718641496],[36.6625534396698,40.894645996094],[36.6616745334199,40.8963967556425],[36.6598799641924,40.8966764322918],[36.65917453342,40.8977856445315],[36.657749972873,40.8983333333335],[36.6571838378904,40.9013663736981],[36.6558957248261,40.9014431423614],[36.6536682128905,40.9010272894967],[36.6523140462237,40.9002916124134],[36.6511471896699,40.9002218967016],[36.6499239095049,40.9008867730038],[36.6473806423608,40.9007351345489],[36.6466745334198,40.9011189778648],[36.6444365776908,40.9013810221357],[36.642785644531,40.9030634223092],[36.6416574435763,40.9035812717016],[36.6400318739147,40.9062106662329],[36.6395547146264,40.9082614474829],[36.6379031032984,40.9091587999135],[36.6368458387584,40.9087565104169],[36.6360659450953,40.9080596245661],[36.6348463270398,40.9046606445314],[36.6358254665797,40.9028586154516],[36.6347890896264,40.9025078667537],[36.6333784993487,40.903888075087],[36.6257736545137,40.905306260851],[36.6260884602862,40.9000252278648],[36.6248674858939,40.8974641927085],[36.6236267089843,40.8967898220488],[36.6219365776906,40.8963967556425],[36.6198836263018,40.895235731337],[36.6208254665796,40.8926104058162],[36.620461425781,40.8916745334204],[36.6199126519097,40.892715386285],[36.6184647623696,40.8937266710072],[36.6132307942706,40.8934147135419],[36.6108413357204,40.8945111762155],[36.6067682562932,40.8981686740454],[36.6061280653209,40.8993465169273],[36.604513753255,40.9043193901911],[36.6011189778642,40.9061189778648],[36.5988810221353,40.9069365776911],[36.597099473741,40.9080379231772],[36.5957373046874,40.9081193033856],[36.5936189778644,40.9063810221356],[36.5927488878036,40.9059817165801],[36.5899236382375,40.903031684028],[36.5894365776907,40.9016745334203],[36.5885628255206,40.8972509765627],[36.5876071506075,40.8961813693578],[36.5839050292968,40.8944867621531],[36.5796515570743,40.8942333984378],[36.5775111219615,40.8952156575523],[36.5761189778644,40.8965858289933],[36.5766959635415,40.8967811414933],[36.5785194227429,40.8960226779516],[36.5803339301214,40.8964103190105],[36.5829833984372,40.8962524414066],[36.5857896592879,40.8969053819446],[36.5858152940535,40.8987749565974],[36.5869523111976,40.9008254665801],[36.5876548936629,40.9031011284724],[36.5886751302081,40.9048532443579],[36.590224473741,40.9062969292538],[36.5920475260415,40.9087931315107],[36.5936189778644,40.9091587999135],[36.5964693196611,40.9104844835072],[36.6024921332462,40.9077699110245],[36.605394829644,40.9072281901043],[36.6072890896266,40.9060571289065],[36.6091358778208,40.906167263455],[36.6095996093749,40.9048749457467],[36.6091563585068,40.902970106337],[36.6084491644964,40.9016685655384],[36.6091305881073,40.8994618055558],[36.6113309733071,40.8969596354168],[36.6134166124129,40.895902777778],[36.6151759168835,40.8957980685766],[36.6158412000866,40.8961032443577],[36.6168123372393,40.8971240234376],[36.6203999837236,40.897683105469],[36.6215650770396,40.8987242296009],[36.6224921332462,40.9004302300349],[36.6219208441838,40.901687825521],[36.621904161241,40.904425184462],[36.6226357693141,40.9075691731772],[36.6235411241317,40.9085823567711],[36.6256932237411,40.9091587999135],[36.6286189778644,40.9088967556426],[36.6302095540362,40.9077856445314],[36.6322573513454,40.9087169053821],[36.6321222601995,40.9109828016495],[36.6326232910155,40.9115435112849],[36.6347976345483,40.9119493272571],[36.6362970648868,40.9127639431425],[36.6391745334199,40.9122300889759],[36.6415870496959,40.9112166341148],[36.6444365776908,40.9063810221356],[36.6454383680553,40.9053260633683],[36.6465968153208,40.9052571614586],[36.6472300889754,40.9055476888022],[36.648079427083,40.9088671875002],[36.6472459581162,40.91040093316],[36.6465455457898,40.9136637369793],[36.6458412000865,40.9144523111981],[36.6448225911457,40.9149197048614],[36.6444523111977,40.9161189778648],[36.6437213812933,40.9171652560766],[36.6432009548608,40.9210557725697],[36.6422300889754,40.921501464844],[36.6424921332464,40.9225078667537],[36.644127332899,40.9228130425349],[36.6444356282549,40.9279847547745],[36.6433412000865,40.9307524956599],[36.6436032443573,40.9311189778648],[36.6449921332463,40.9317564561634],[36.6441745334199,40.9343340386287],[36.6446466742619,40.9355476888023],[36.6479572211369,40.9352444118925],[36.6483703613279,40.934093153212],[36.6482808430987,40.9325916883682],[36.6494523111977,40.9322300889759]],[[36.6635340711803,40.8944227430558],[36.6651388888887,40.8943055555557],[36.6662740071613,40.895261230469],[36.6668467881943,40.8974929470488],[36.6656149631075,40.8977522786461],[36.6653032769095,40.8969189453127],[36.6646458604598,40.8964651150176],[36.6638868543834,40.8953659396703],[36.6635340711803,40.8944227430558]]]},"properties":{"id":"reservoir-gdw-4123","hesIds":["hes177-083"],"basinIds":["14"],"riverSystemIds":["river-system-004"],"damName":"Hasan Ugurlu","reservoirName":"Hasan Ugurlu","basinId":"14","source":"GDW","sourceId":"4123","sourceUrl":"https://services8.arcgis.com/oTalEaSXAuyNT7xf/ArcGIS/rest/services/GDW_v1_epsilon_gdb/FeatureServer/1","matchMethod":"name+coordinate","matchConfidence":"high","areaKm2":6.727,"validated":true,"validationNotes":"Turkey envelope; facility name, basin/river relation and coordinate distance check"}},{"type":"Feature","id":"reservoir-gdw-294","geometry":{"type":"Polygon","coordinates":[[[33.5231998697916,39.269866672092],[33.5236094835069,39.2694405110678],[33.524845377604,39.2697572835288],[33.5264133029513,39.2694361029731],[33.5272035047741,39.2686134847007],[33.5301174587672,39.2676388210721],[33.5313628472221,39.2647972276476],[33.5338916015625,39.2655527750651],[33.5351928710936,39.2663861083984],[33.5346435546875,39.264781358507],[33.5358553059896,39.263617078993],[33.5366479492187,39.2644420708551],[33.5380262586804,39.2648893229166],[33.5386018880208,39.2624666341147],[33.5333656141493,39.2600753445095],[33.5328578016492,39.259028116862],[33.5341153971355,39.2571727837458],[33.5361300998263,39.2589105224611],[33.5383525933159,39.2600141059028],[33.5394240993924,39.2622228325739],[33.5419965277776,39.2625371636285],[33.5428466796875,39.2634219699436],[33.5444417317708,39.2627749972874],[33.5458441840277,39.2625011528863],[33.5447249348957,39.2617877197266],[33.5458121744791,39.2601836480035],[33.5451277669269,39.2581834581164],[33.5422195095485,39.2572250027127],[33.5408360460069,39.2561083306207],[33.5387972005208,39.2558237033421],[33.538058268229,39.2547858344184],[33.5402753363714,39.2541637505427],[33.5425661892361,39.2541341145834],[33.5430528428819,39.252953491211],[33.5416639539929,39.2525027804904],[33.5410812717014,39.251947224935],[33.5402769639757,39.2527844238281],[33.5394026692708,39.2510547553169],[33.5388861762152,39.250558336046],[33.5386138237847,39.2489744737413],[33.5397249348958,39.2486138916016],[33.5408924696179,39.2478224690756],[33.5418234592012,39.2486083306206],[33.543224283854,39.2476586914062],[33.5439078776042,39.2483305528428],[33.544577907986,39.2476333279081],[33.546797688802,39.2469129774306],[33.5459776475694,39.2448555501302],[33.550199924045,39.2461212158203],[33.5524983723957,39.2461366102431],[33.5528141276039,39.2445191107856],[33.5538959418402,39.2441680230035],[33.553336046007,39.2432545979817],[33.5552804904514,39.2427805582682],[33.5563861762151,39.2419036187066],[33.5558208550347,39.2402520073785],[33.5572360568576,39.2402808973525],[33.5581087239582,39.2420795355903],[33.564169921875,39.2460284423829],[33.5653076171874,39.2463861083985],[33.5666167534722,39.2457118055556],[33.565558268229,39.2433305528428],[33.5624972873264,39.2388916693793],[33.5620646158853,39.2371165635851],[33.5625249565971,39.2357712131077],[33.5636138237846,39.2347250027128],[33.5638861762153,39.233330552843],[33.5648038736978,39.233058336046],[33.5652750651042,39.2350189887153],[33.5645260959201,39.2357385253906],[33.5651304796007,39.2369120279949],[33.5665055338541,39.2372471788194],[33.5672195095486,39.2383361138238],[33.5691856553819,39.2397194417318],[33.5699829101562,39.2388895670574],[33.5716959635416,39.2383140733508],[33.5737573242187,39.2383275010852],[33.5742854817707,39.2350839572483],[33.5760934787327,39.236965874566],[33.5772629123263,39.2374972195096],[33.5789629448784,39.2369154188368],[33.5797195095485,39.2349972195096],[33.5803689236111,39.2340392388238],[33.5799628363715,39.2320570203994],[33.5784044053819,39.2313009304471],[33.5777804904513,39.2297194417317],[33.5772260199652,39.2291866726346],[33.5769471571181,39.2284568277995],[33.5786333550346,39.2293254258898],[33.5796289062499,39.2308437771268],[33.5802861870658,39.2308303493924],[33.5802747938366,39.2302750651042],[33.5807123480901,39.2300027804905],[33.5823963758681,39.2311444091799],[33.5842035590277,39.2311075168186],[33.5841357421875,39.2277911376954],[33.5861083984374,39.2256848144531],[33.584707845052,39.2250054253473],[33.5847306315104,39.2238915337458],[33.5844137912326,39.2235871039496],[33.5844539388019,39.2216194661458],[33.585558268229,39.220558336046],[33.5859258355034,39.2190504964193],[33.5869026692708,39.2181120469837],[33.5880528428819,39.2188916693793],[33.5893768988714,39.2193213568794],[33.5897195095485,39.2185812038846],[33.5888861762151,39.2177805582683],[33.5877804904513,39.215453491211],[33.5891693793402,39.2150027804904],[33.5894582790797,39.2147022162544],[33.5894512261284,39.2123084174262],[33.5910007052951,39.2128388129342],[33.5919444444443,39.212352701823],[33.5953971354166,39.2135201009115],[33.5958306206597,39.213025648329],[33.5952305772568,39.211860961914],[33.5938916015625,39.2103387451172],[33.5966707356769,39.2086131456163],[33.5962402343749,39.2069340684679],[33.5983970811632,39.2055583360461],[33.5994504123264,39.2082293701172],[33.6021508789061,39.2087565782335],[33.6045377604166,39.2077884928386],[33.6054147677951,39.2064506700305],[33.6058306206596,39.2046705457899],[33.6042941623262,39.2031944444445],[33.6049636501735,39.2025514051649],[33.6079758029514,39.203323364258],[33.6115456814236,39.2022903103299],[33.6129006618924,39.2029884168837],[33.6133306206597,39.2016638861762],[33.6138370768228,39.2011773003472],[33.6141639539929,39.1991367594401],[33.6134025065102,39.1976588948568],[33.6141856553819,39.1969472249351],[33.6150027126735,39.1977749972873],[33.6155853949652,39.1991638861763],[33.6169634331596,39.1980583360461],[33.6174972873262,39.1986138916015],[33.618367784288,39.1988964165582],[33.6191639539931,39.1997250027127],[33.6198413085938,39.1999972195096],[33.6212613932291,39.1979166666667],[33.6200027126735,39.1964154730903],[33.620762532552,39.195558336046],[33.6235142686631,39.1972270372179],[33.6246929253472,39.1972029622396],[33.6254576280381,39.1975969102648],[33.6261083984373,39.1969881863064],[33.6239925130208,39.1944676378039],[33.6244742838541,39.1936138916016],[33.6255959743922,39.1941916910809],[33.6266802300347,39.1955921088324],[33.6286195203991,39.1955525716146],[33.6286078559027,39.1949805365668],[33.627673611111,39.194082912869],[33.6280756293401,39.1933025444879],[33.6299929470485,39.1933416748048],[33.6305528428819,39.193025648329],[33.6297195095486,39.1922250027127],[33.6294471571181,39.1916248236762],[33.6300298394098,39.1911138916017],[33.6311404079861,39.1916859266494],[33.6342176649304,39.1919405788845],[33.6347195095486,39.191348063151],[33.6333376736109,39.1900205485027],[33.633058268229,39.1893254937066],[33.6357674153645,39.1876295979818],[33.6372439236111,39.1886305745443],[33.6379985894097,39.1901856825087],[33.6406016710068,39.1896525065104],[33.6411881510417,39.1884440104168],[33.6432478841146,39.1899972195096],[33.6437185329861,39.188546617296],[33.6449180772568,39.1879646809897],[33.6454275173609,39.1884948730469],[33.6472363281251,39.1866586642795],[33.6472081163195,39.1852804904514],[33.6483146158854,39.184446818034],[33.6491693793402,39.1841694471571],[33.6506467013889,39.1829551188151],[33.6517784288193,39.1835382080079],[33.6531746419269,39.1858563910591],[33.6551855468749,39.1858153618707],[33.6555579969617,39.1869630262587],[33.6564306640624,39.1881499565973],[33.6569571940103,39.1897724745009],[33.6582988823784,39.1910616726345],[33.6602221679688,39.1913861083984],[33.6605528428818,39.1882707383897],[33.6594053819445,39.1820477294922],[33.6600699869791,39.1800508626303],[33.6591693793402,39.1791258409289],[33.662198893229,39.1764829508464],[33.6633685980901,39.1761033121745],[33.6650417751736,39.1761374918621],[33.666937391493,39.1780323621962],[33.6674042426214,39.1789945475262],[33.6683523220485,39.179441663954],[33.6697403971355,39.178043484158],[33.6703130425348,39.1768634033203],[33.6703076171873,39.174447224935],[33.6715711805554,39.175098063151],[33.6734407552083,39.177358262804],[33.6767146809895,39.1788000488281],[33.6787190755207,39.1791638861764],[33.679163953993,39.1784625922309],[33.6781434461804,39.1779675971137],[33.6763389756944,39.1742818874785],[33.6758205837674,39.1721554904514],[33.6758303493922,39.1708307562935],[33.6762231445313,39.1700682915581],[33.6783523220485,39.1697250027127],[33.6793484157986,39.1707617865668],[33.6799877929687,39.1694439697265],[33.6816967773437,39.1688690863717],[33.6825075954861,39.1671978759766],[33.6849308268229,39.1660222032335],[33.6877804904513,39.165558336046],[33.6894143337674,39.1647167290582],[33.6897195095485,39.1622194417319],[33.6904676649306,39.1618564860027],[33.6908808051215,39.1610048421224],[33.6904747178817,39.1594203694663],[33.690900065104,39.1565097384984],[33.6928477647569,39.1553535970053],[33.6951361762153,39.1549810791016],[33.6971929253471,39.1537337239583],[33.696656358507,39.1516405571832],[33.6955116102431,39.1505042860243],[33.693386501736,39.1508259412977],[33.6925027126736,39.1493818495009],[33.6933306206597,39.1452749972874],[33.6937139214409,39.1445305718316],[33.6970212131076,39.1441264512804],[33.6982411024305,39.1428568522137],[33.6989325629339,39.1442819552951],[33.7007080078125,39.144858194987],[33.7011249457464,39.1444244384765],[33.7011081271702,39.1436084662544],[33.7030531141492,39.1408519151476],[33.7033987087674,39.1397875298394],[33.70458468967,39.1378316921658],[33.7086138237846,39.1369472249349],[33.7100246853298,39.1357906765408],[33.7099918619791,39.1341798231338],[33.7102973090277,39.1332874213325],[33.7116105143228,39.1320256212023],[33.7110915798611,39.1305096435547],[33.7097884114582,39.1292184787327],[33.7102916124131,39.1277480740019],[33.7108468967013,39.1272146945531],[33.7113861762153,39.1255527750652],[33.7118793402778,39.1250789388021],[33.7133523220485,39.1247250027126],[33.7138861762151,39.1252805582683],[33.7148242187499,39.1255527750652],[33.7152750651043,39.1241637505427],[33.7163753255209,39.1241862657335],[33.7175081380207,39.1236027696398],[33.7183306206596,39.1236195882162],[33.7186083984375,39.1233305528429],[33.7197412109373,39.123058336046],[33.7202853732637,39.1236246744792],[33.7211083984374,39.1235921223958],[33.7205414496527,39.1230475531685],[33.720560438368,39.1221187337239],[33.7216984049479,39.1213727484809],[33.7276345486112,39.1199029541016],[33.7280528428818,39.1185974121094],[33.7265676540797,39.1178768581815],[33.7261032443577,39.1169194878472],[33.7261187065971,39.1161605495877],[33.7278645833334,39.1158197021485],[33.7295355902776,39.1137884521485],[33.7303070746527,39.1141859266493],[33.7313916015624,39.1141637505425],[33.7322195095486,39.1169472249349],[33.7329847547742,39.1174972195095],[33.7348152669271,39.1147052680121],[33.7344398328993,39.1136086018882],[33.7373879665798,39.112899983724],[33.7387768554686,39.1117663574219],[33.7394525824652,39.1127971733941],[33.7394360351562,39.113606499566],[33.7403002929688,39.1147455512154],[33.7413916015624,39.1152749972873],[33.7424411349826,39.1163671875],[33.7428670247397,39.1146202256945],[33.7433371310764,39.1141683620876],[33.7429174804687,39.1125302463109],[33.7457679578993,39.1116013590496],[33.7461097547744,39.1105484347873],[33.7469742838541,39.1113861083984],[33.7477897135417,39.1105373128256],[33.7494525824652,39.1097137451172],[33.7501554361978,39.1104453531901],[33.7505528428819,39.1116694471572],[33.7514008246526,39.111941663954],[33.7519422743055,39.1102733018663],[33.7532682291665,39.1107271999783],[33.7538861762152,39.1116694471572],[33.7544235568577,39.111941663954],[33.7525027126736,39.1076757134332],[33.7536138237847,39.1069472249348],[33.7538861762152,39.1061083306207],[33.7547360568574,39.105558336046],[33.755275065104,39.1066694471571],[33.756331922743,39.1077749972873],[33.7569859483505,39.1047951931424],[33.7590614149306,39.1041039360893],[33.7584356011284,39.1022755262587],[33.7594471571181,39.1019472249349],[33.7616929796006,39.1000103759765],[33.7626432291666,39.1009993489584],[33.764163953993,39.1006411404079],[33.763052842882,39.1002805582682],[33.7627804904514,39.0999810112847],[33.763336046007,39.099447224935],[33.7636990017361,39.0975879584418],[33.7644642469617,39.097216796875],[33.7644303385416,39.0955564371745],[33.7656998697917,39.0951444498698],[33.7663793945312,39.0944374593099],[33.7677878146701,39.0949195692274],[33.7677967664929,39.0961083306207],[33.7691807725693,39.094724934896],[33.7678276909722,39.094045138889],[33.768612467448,39.0924884711371],[33.7703453233508,39.0919262017144],[33.7711083984374,39.0902315266929],[33.7702102322048,39.0884879557291],[33.7680631510417,39.087791273329],[33.7677639431423,39.0874799940321],[33.7677807617186,39.086663953993],[33.7669257269964,39.0863865152995],[33.7652951388889,39.0846892632378],[33.7661083984375,39.0838751898872],[33.7646907552084,39.083187391493],[33.7638916015624,39.0818818495009],[33.7645014105902,39.0789055718316],[33.7662622070312,39.0798126898872],[33.7738916015625,39.0797193060981],[33.7747195095486,39.0802805582682],[33.7767141384548,39.0805590142144],[33.7783951822915,39.0814249674481],[33.7791799587674,39.082241821289],[33.7816162109375,39.0821920437283],[33.7833523220486,39.0827749972873],[33.7844634331598,39.0819472249349],[33.7858040364582,39.0833424207899],[33.7866916232639,39.0833243136936],[33.7872195095485,39.0827749972873],[33.7880582682292,39.0825027804904],[33.7883306206597,39.0813861083984],[33.7891748046875,39.0796968587239],[33.7905973307292,39.0797258843316],[33.7916639539931,39.0808361138238],[33.793427734375,39.0819236246746],[33.7938880750868,39.0833418782552],[33.7946449110243,39.0833264160157],[33.7956675889758,39.0817663574219],[33.7961083984375,39.0822250027127],[33.7990863715276,39.083229437934],[33.7994417317708,39.0824972195096],[33.8016693793403,39.0822250027127],[33.8030178493922,39.0802457004123],[33.8041959635417,39.0808525933161],[33.8054782443575,39.0808264160156],[33.8063861762153,39.079441663954],[33.8069694010416,39.0791586642795],[33.8077004665798,39.0791735839844],[33.8089436848958,39.0808803982206],[33.8114084201389,39.0808300781249],[33.8119417317707,39.0802749972873],[33.8136409505208,39.0800027804905],[33.8150792100693,39.0807436794706],[33.8173025173611,39.0811777072483],[33.8180392795139,39.0819445800782],[33.8194734700521,39.0822245958117],[33.8208393012151,39.0829281955296],[33.8225298394098,39.0833305528429],[33.8239835611978,39.0825816514757],[33.8256312391493,39.0838383653429],[33.8266522894964,39.0827757432726],[33.8308360460068,39.0825027804904],[33.831373969184,39.0819428168402],[33.8341693793403,39.0816694471571],[33.8384792751735,39.0805583360462],[33.8379180230036,39.0816475423177],[33.8397379557292,39.0819437662761],[33.8408851453992,39.0830527750651],[33.8431106228298,39.0824824354384],[33.8441639539931,39.0813861083984],[33.8453564453123,39.0809991455079],[33.8469417317709,39.0797194417318],[33.8522496202256,39.0783218044705],[33.8527859157985,39.0777637396918],[33.8538888888888,39.0777862548828],[33.8542545572917,39.0770324028863],[33.8550585937499,39.0766423204212],[33.8563972981771,39.0766696506078],[33.8566967773437,39.0796280246311],[33.8580528428818,39.0791638861762],[33.8600154622396,39.0788899061415],[33.8605547417533,39.0783286539713],[33.8611083984375,39.0786138916017],[33.8673174370659,39.0797194417318],[33.8715972222222,39.0788428412543],[33.8746226671006,39.0764005533856],[33.877539876302,39.0727213541667],[33.8780924479166,39.0715823025174],[33.8799308268229,39.0698159450954],[33.8802750651041,39.0680527750652],[33.8822894965277,39.0677248806423],[33.8836574978299,39.0663009304471],[33.8836078559028,39.0638633219401],[33.8824723307292,39.0621881103516],[33.8808089192707,39.061381225586],[33.8800027126735,39.0597194417319],[33.8791449652777,39.0591571044922],[33.8769932725695,39.0562544759115],[33.8749753146701,39.0521824815538],[33.8750059678818,39.0506833224828],[33.875836046007,39.0502805582682],[33.877424858941,39.0486269124349],[33.8810861545138,39.0464906819662],[33.8841693793402,39.0461138916017],[33.885162217882,39.0457741292317],[33.8831906467015,39.0428309461805],[33.8819417317709,39.0422250027128],[33.880039876302,39.0406898328993],[33.878848470052,39.0379855007595],[33.8746435546875,39.0380713568794],[33.8729578993054,39.0386482747396],[33.8704663085938,39.036986219618],[33.8673852539063,39.0398472086589],[33.8653979492187,39.0405527750651],[33.8649894205729,39.0359588623046],[33.8641639539929,39.035558336046],[33.8640277777778,39.0351388888889],[33.8634993489582,39.0353103298611],[33.8630531141494,39.0366852484809],[33.8624395073785,39.0372748480903],[33.8584488932291,39.0371934000651],[33.8600415039063,39.0400541856554],[33.8599869791665,39.042727593316],[33.8591170247394,39.0465945095486],[33.8592087131075,39.0510871039497],[33.8580582682291,39.0525027804905],[33.8557980685762,39.054106241862],[33.8561466471353,39.0547831895616],[33.8561420355902,39.0588755289714],[33.8547384982638,39.0602779134115],[33.8533070203993,39.0605573866103],[33.8546004231769,39.0618001302083],[33.8538929578993,39.0624796549479],[33.8533322482638,39.0639015706382],[33.8516693793402,39.0638426378039],[33.8525027126736,39.0622250027127],[33.8527479383682,39.0611138916017],[33.8510674370659,39.0619614664714],[33.8502105034721,39.0628535291884],[33.8486599392361,39.0623227945964],[33.8480582682291,39.0616367594401],[33.8488916015623,39.0608361138238],[33.8491639539929,39.0594775390625],[33.8429481336806,39.0590719943576],[33.8421923828125,39.0583361138238],[33.8409022352429,39.0590006510416],[33.8404782443575,39.0616052924262],[33.8391620551215,39.0620324028864],[33.8377294921874,39.0630035400391],[33.8347195095485,39.0633305528428],[33.8325881618923,39.0638768174913],[33.8330623372395,39.0624913872613],[33.83248046875,39.0625032552085],[33.831946343316,39.0630593532986],[33.8291314019096,39.0624261474609],[33.8291807725694,39.0599997287326],[33.8264482964409,39.0593998887804],[33.8252783203125,39.0586067708333],[33.8247249348958,39.0575269911025],[33.8277804904513,39.0563916693793],[33.8282326931424,39.0540753173829],[33.8277202690972,39.051070827908],[33.8238395182292,39.048854437934],[33.8222306315103,39.0472138807508],[33.8202804904512,39.0461083306206],[33.8166476779514,39.045836113824],[33.8155419921874,39.0466691080729],[33.814796549479,39.0482053629558],[33.8128632269964,39.0486083306207],[33.8120298936631,39.0466694471571],[33.8116693793403,39.0477805582682],[33.8110812717014,39.0480527750651],[33.8100946723089,39.0470260959202],[33.8091048177083,39.0475360785591],[33.808034125434,39.0486503770617],[33.804447157118,39.050558336046],[33.8033213975693,39.0508305528429],[33.8020879448785,39.0478192138671],[33.8010812717015,39.0475027804904],[33.7984168836807,39.0507258436415],[33.7977804904514,39.0533361138238],[33.7973963758679,39.0537051052518],[33.7962204318576,39.0530992974176],[33.7958360460069,39.0538916693793],[33.7954443359375,39.0541638861762],[33.7932161458333,39.0524731445312],[33.7920716688368,39.0489464653863],[33.7904462348091,39.048129679362],[33.789404296875,39.0492140028213],[33.7853173828125,39.0491306559246],[33.7863861762153,39.0545268419054],[33.7824858940973,39.0569487169054],[33.7825119357639,39.0582258436415],[33.783421766493,39.0595678710939],[33.7830365668402,39.0602749972873],[33.7822504340276,39.0594567192925],[33.7808306206596,39.0586138916016],[33.7799411349827,39.0572572157119],[33.778336046007,39.0575462510851],[33.7800509982638,39.0606239149306],[33.7808306206596,39.0632122802734],[33.779580078125,39.0650571695963],[33.7779709201388,39.0655793592665],[33.7766471354166,39.0655523003472],[33.7761138237846,39.0649972195096],[33.7752750651042,39.0647250027126],[33.773591579861,39.0633074273004],[33.7730582682292,39.0616638861762],[33.7715665690103,39.0608361138238],[33.7705582682291,39.0614351399739],[33.7715020073784,39.0632669406467],[33.7705148654513,39.0638861083985],[33.7687125651041,39.0632691786025],[33.7677804904512,39.0621864827474],[33.7689743381076,39.059243367513],[33.7683360460068,39.0586083306207],[33.7674842664929,39.0583361138238],[33.7662472873263,39.0602231852214],[33.7638861762152,39.0605527750652],[33.7602536349826,39.0619581434462],[33.7591688368055,39.0619359673394],[33.7588916015625,39.0622630479601],[33.7605745442709,39.06392578125],[33.7605523003472,39.0650254313151],[33.7586157226563,39.0649858940972],[33.7578038194443,39.0662244330512],[33.75248046875,39.067218967014],[33.7512212456597,39.0659555392796],[33.7499972873264,39.065558336046],[33.7496953667535,39.0649359809029],[33.7477137586806,39.0629833306207],[33.7435517035589,39.0640500217014],[33.7416422526041,39.0650076633029],[33.7408360460069,39.0666694471572],[33.7402750651041,39.066941663954],[33.7389388020832,39.0687440999349],[33.7404112413194,39.069866672092],[33.7417363823782,39.0702967664932],[33.7413156467014,39.0719386121962],[33.7442960611978,39.0723027886285],[33.7451866319444,39.071844007704],[33.7469585503471,39.0730594889323],[33.7469197591146,39.0749609375],[33.7447249348958,39.0766694471573],[33.7435918511285,39.0772191704644],[33.7429644097221,39.0765662299262],[33.7422140842014,39.0769527859159],[33.7400320095486,39.0769082302518],[33.7355582682292,39.0757122802735],[33.7365953233505,39.0772422281901],[33.7355509440103,39.0800022379557],[33.7365456814237,39.0802749972873],[33.7381974283854,39.0791554090714],[33.7394873046874,39.0791817220052],[33.7416365559895,39.080638563368],[33.7411083984373,39.0816638861763],[33.7408360460069,39.0843316650391],[33.741691080729,39.0864396837022],[33.743614908854,39.0882878960503],[33.7435937499998,39.0893268500434],[33.7447249348958,39.0919416639541],[33.7450222439235,39.0937679714626],[33.7449962022568,39.0950435384115],[33.7442890082464,39.097110256619],[33.7438457573783,39.0975359429253],[33.7413346354165,39.0974847412109],[33.7400849066839,39.0968408881294],[33.7396991644964,39.0948645697699],[33.7384722222222,39.0954966227214],[33.7374595811631,39.0949749755859],[33.7367559136283,39.0942426215278],[33.7363916015624,39.0950299072265],[33.7372195095485,39.0969097222222],[33.7349701605903,39.0972194417318],[33.7336528862846,39.0965409342448],[33.7301085069445,39.0972669813368],[33.7274574110243,39.0972128634983],[33.7261680772568,39.0965486653646],[33.7252804904512,39.0947194417318],[33.7248090277777,39.0944472249349],[33.7244471571181,39.0966694471571],[33.7240630425346,39.0974150254992],[33.7210812717013,39.0977749972873],[33.7201866319443,39.096844007704],[33.7194471571179,39.0972250027128],[33.7149064127603,39.0975667995876],[33.7133965386284,39.097049967448],[33.7113064236109,39.094874335395],[33.7117784288195,39.093957655165],[33.7099818250867,39.0924879286024],[33.7093275282116,39.091139187283],[33.7063997395833,39.0905676269531],[33.7054166666667,39.0899011908638],[33.7042816840276,39.0906705729166],[33.7014173719618,39.091886461046],[33.7001101345485,39.0932111273871],[33.6968725585936,39.0944795057509],[33.695306532118,39.0961095513238],[33.6940823025172,39.0967034912109],[33.6916560872394,39.0991387939454],[33.6923215060764,39.1017356363932],[33.6908306206598,39.1022194417318],[33.6894471571181,39.1033361138239],[33.6874300130207,39.1037299262153],[33.6866590711805,39.1053190782335],[33.6866710069443,39.1059124755859],[33.6894417317708,39.1066694471571],[33.6911300998262,39.1069416639542],[33.6916639539929,39.1063859727648],[33.6920347764755,39.106393568251],[33.6930628797742,39.1100388590494],[33.6960677083334,39.1158715142144],[33.696652560764,39.1188674587673],[33.6956765407986,39.1199972195097],[33.6944390190972,39.1191582573784],[33.6937860785588,39.119171617296],[33.6933360460069,39.120558336046],[33.6908306206598,39.1208305528428],[33.688331705729,39.1222275797526],[33.6879253472221,39.1213916693794],[33.686382378472,39.1241864013672],[33.6852465820313,39.1241632080079],[33.6820762803819,39.1227805582683],[33.6827973090278,39.124180162218],[33.6827712673611,39.1254524061415],[33.6810812717014,39.1261189778646],[33.6769672309028,39.1260350206163],[33.6753450520832,39.1254798041451],[33.6749731445312,39.1258670383029],[33.6705080837672,39.1280744086372],[33.6694249131945,39.1280523003472],[33.6688861762152,39.1274915228949],[33.6681860351561,39.1275058322482],[33.6673876953125,39.129932115343],[33.6654402669269,39.1308768717449],[33.6647344292535,39.1330522325304],[33.6622249348957,39.1350027804905],[33.6600084092881,39.1361194525826],[33.6588289388019,39.1366916910808],[33.6558162434895,39.1375095621745],[33.6552804904513,39.1386138916015],[33.654461534288,39.1394008382161],[33.65343234592,39.1415218777126],[33.6514314778645,39.1423111300998],[33.6511138237847,39.1436138916015],[33.6489046223957,39.1458454725479],[33.6485896809896,39.1503476969402],[33.6473296440971,39.1511083306207],[33.644678548177,39.1494274224175],[33.6438916015625,39.1486083306208],[33.6427398003471,39.1483361138237],[33.6417122395833,39.1530171034071],[33.6412521701388,39.1534593370226],[33.6364431423611,39.1553199598525],[33.6334692382812,39.1593363444012],[33.6325027126734,39.158330552843],[33.6317447916666,39.158058336046],[33.6311032443576,39.1600353325737],[33.6311078559028,39.1608587646485],[33.6296088324652,39.1608281792535],[33.6277601453991,39.1597070990669],[33.626597764757,39.1567599826389],[33.6258078342012,39.1563916693794],[33.625852593316,39.1585819498699],[33.6255471462671,39.1591746690539],[33.6256136067708,39.1624216037327],[33.6236138237847,39.163058336046],[33.6199142795138,39.1636606174046],[33.6178982204862,39.1657589382597],[33.6168579101562,39.1664409722222],[33.6141468641492,39.1663856336805],[33.6141696506077,39.1636085340712],[33.6136113823783,39.1625251600477],[33.6133276367186,39.1604915364583],[33.6127587890624,39.1594472249349],[33.6113861762153,39.1613861083985],[33.6101934136283,39.1643222384983],[33.6091639539929,39.1649972195095],[33.6088916015623,39.1658361138238],[33.6080582682291,39.1666694471571],[33.6033629014756,39.1686880154081],[33.6024590386285,39.1732225884332],[33.6010706922742,39.173913913303],[33.6004882812499,39.1745201958551],[33.597771267361,39.1738910590278],[33.601663953993,39.1689082845052],[33.598035753038,39.168612467448],[33.5980365668403,39.1663916693795],[33.5971923828125,39.1672194417317],[33.5952750651041,39.1663916693795],[33.5949631076388,39.1651127794054],[33.5935747612846,39.1644215223524],[33.5936143663193,39.1624801974827],[33.5949867078992,39.1625082058377],[33.596663953993,39.1617176649306],[33.5930118815104,39.1613604736329],[33.5924527994792,39.1607785373265],[33.5915722656248,39.1589633517796],[33.5922292751736,39.1583319769966],[33.591046549479,39.1579482014974],[33.5904576280382,39.1567343478732],[33.5916693793403,39.1558361138237],[33.5928868272568,39.1543451605904],[33.5926209852429,39.1538916693794],[33.5913834635415,39.1547306315104],[33.5905390082465,39.1547134060331],[33.5892157660591,39.151986219618],[33.5877804904513,39.1505527750652],[33.5861138237846,39.1494416639541],[33.5852479383681,39.1491694471571],[33.5836631944444,39.1499857584636],[33.5833360460069,39.1517074924045],[33.583885362413,39.1539201524524],[33.5831686740452,39.1553112792969],[33.5810801866318,39.1552686225043],[33.5811588541667,39.1502964952258],[33.5802750651042,39.1494472249349],[33.5796161566839,39.1480892605251],[33.5781868489582,39.1477805582683],[33.5777652994791,39.1495092773437],[33.5769300672742,39.1511306423611],[33.5752859157986,39.1510970730251],[33.57474093967,39.1516642930773],[33.5738861762151,39.151941663954],[33.5733251953125,39.1527971733942],[33.5733371310762,39.1533768717448],[33.5739708116318,39.1552286105686],[33.5727189127604,39.1560493977865],[33.5713970269097,39.1533246527778],[33.5700162760415,39.1533528645834],[33.5677598741318,39.1513680013022],[33.5660498046875,39.1462209743925],[33.565319281684,39.1458361138239],[33.5650032552082,39.148629421658],[33.5639504665799,39.1506728108724],[33.5630075412325,39.1511303032769],[33.5625027126736,39.151685655382],[33.5630582682292,39.1522194417319],[33.5633306206597,39.1529238552518],[33.5625634765623,39.1538861083985],[33.5620874023438,39.1519330512153],[33.5610861545137,39.1519534640842],[33.5600138346353,39.1530695258247],[33.5577479383679,39.1511138916015],[33.5563666449652,39.1518254258898],[33.5563975694443,39.1533420138889],[33.5558040364583,39.1530362955729],[33.5533520507811,39.1530417887371],[33.5505750868054,39.1540517849392],[33.5488916015624,39.1561737060547],[33.5499972873262,39.1600378417968],[33.5463861762153,39.1608305528429],[33.5455525716145,39.1624973551433],[33.546261393229,39.1641725667318],[33.5447195095484,39.1641695827908],[33.5438916015624,39.1634115261502],[33.5452954101561,39.1615614827474],[33.5452745225695,39.160533311632],[33.5436083984374,39.1597250027126],[33.5432592773436,39.1590053304037],[33.5416639539929,39.158058336046],[33.5390557183159,39.1557122802734],[33.5397249348958,39.1547250027128],[33.5399972873264,39.1536747233073],[33.5386083984375,39.1533361138238],[33.5380414496526,39.1527697753906],[33.5380691189234,39.151417711046],[33.5377807617186,39.1499879964193],[33.5399972873264,39.14913675944],[33.5393687608507,39.1479166666667],[33.5397686089408,39.1471400960287],[33.5397108289929,39.1443048773872],[33.5384187825519,39.1436138916015],[33.5371096462674,39.1479756673177],[33.5352191840277,39.1483305528429],[33.5341693793401,39.1477587890626],[33.534727376302,39.1472226291233],[33.5337150065104,39.1458884684246],[33.5299701605903,39.145558336046],[33.5273388671875,39.1481939697266],[33.5266693793402,39.1474972195097],[33.5249972873264,39.1472250027127],[33.5225027126734,39.1458305528429],[33.5206060112847,39.145558336046],[33.5201801215278,39.1477400716146],[33.5190955946179,39.1471813286676],[33.5197249348959,39.1447250027127],[33.5199972873262,39.1408196343318],[33.5177360026041,39.1396881103517],[33.5161138237846,39.1397521294489],[33.5167076280381,39.1409048800997],[33.5166579861109,39.1433472357856],[33.5146185980902,39.1440089246962],[33.5128930664063,39.1463368055557],[33.5124823676215,39.1484407552083],[33.5125094943576,39.1497649468316],[33.5131027560762,39.1509168158637],[33.5152856445312,39.1530808512369],[33.5152718098958,39.1537611219618],[33.5144213867187,39.1541737874349],[33.5134936523438,39.1551392957899],[33.5122195095485,39.1555527750651],[33.5116780598958,39.1561163330079],[33.5098141818576,39.1557984076607],[33.5090673828125,39.1539052327474],[33.5063859049478,39.1536138916015],[33.5063959418403,39.1531290011936],[33.5088972981769,39.1527797444661],[33.5088850911457,39.1521805826823],[33.5077403428818,39.1510805257163],[33.5058572048611,39.1501670328777],[33.505558268229,39.1483305528429],[33.5052286783852,39.148058336046],[33.503058268229,39.1492183430991],[33.50456515842,39.150666164822],[33.5049972873263,39.1518616400825],[33.503859049479,39.1522194417319],[33.5022672526042,39.1505628797743],[33.5010812717013,39.1502805582682],[33.5000591362847,39.1513441975912],[33.4983143446179,39.1502805582682],[33.497747124566,39.1508708360461],[33.4972249348957,39.1519472249349],[33.4966368272569,39.1522194417319],[33.4955151367187,39.1516416422526],[33.494418674045,39.1505362277561],[33.4928019205729,39.1505692545574],[33.4913747829859,39.1499903700087],[33.4905691189235,39.1475075276692],[33.4899574110241,39.1469198269314],[33.4852305772568,39.1469236246745],[33.4832096354166,39.1450027804905],[33.4822249348957,39.1461468505859],[33.4833835177951,39.1490026855469],[33.4847363281248,39.150005560981],[33.4847143554686,39.1510854085286],[33.4818926323783,39.1513861083984],[33.4774972873264,39.1505583360461],[33.4769194878472,39.1502606879341],[33.4755102539061,39.1481113688151],[33.4742127821181,39.1477805582683],[33.4738905164929,39.1514036051432],[33.4729950629339,39.1522638617622],[33.4715589735242,39.1529606119791],[33.4705365668403,39.1522250027127],[33.4697138129339,39.1530582004124],[33.4697319878472,39.1539550103082],[33.4727859157986,39.1547305636936],[33.4742494032117,39.1547007242839],[33.4759242078991,39.153837890625],[33.4772195095484,39.1547412109375],[33.4744322374131,39.1567565917969],[33.4744628906248,39.1582631429038],[33.4769905598959,39.1586083306207],[33.4786306423611,39.1577634684245],[33.4788107638889,39.155558336046],[33.4807240125867,39.1570101589626],[33.4839293077255,39.1583583577474],[33.4845157877604,39.1589689127604],[33.4838864474825,39.1608519151476],[33.4832679578992,39.1614462619358],[33.4849335394965,39.1625381808811],[33.4869750976562,39.1624965413412],[33.4877750651042,39.1616638861762],[33.4884817165798,39.1613916693794],[33.4889024522569,39.162258436415],[33.4888704427082,39.1638144259983],[33.4880419921875,39.1658574083117],[33.4876771375867,39.1685307481554],[33.4886083984375,39.1695465087891],[33.4873122829861,39.170396185981],[33.486272515191,39.1721480984158],[33.4848263888887,39.1728713650174],[33.484447157118,39.1735142686632],[33.486394314236,39.1758336046009],[33.4858064778646,39.1767306857638],[33.4841634114583,39.1783093261719],[33.4841813151041,39.1791925048828],[33.4800292968749,39.1792029486762],[33.4797035047741,39.1788637288411],[33.4783021375867,39.1788923475478],[33.4763094075522,39.179918891059],[33.4725911458332,39.1787884521485],[33.4722029622395,39.179192437066],[33.4722254774304,39.180297241211],[33.4729446072048,39.1809882948133],[33.4838815646701,39.1876612006293],[33.4841981336805,39.1912225341797],[33.4876755099826,39.1926748996311],[33.4880528428818,39.1950299072267],[33.4870662434894,39.1959776475695],[33.4877804904513,39.1966638861764],[33.4880528428818,39.1975625949436],[33.4863031684027,39.1992435709636],[33.4843378363714,39.1985709635417],[33.4824685329861,39.1960761854385],[33.4791476779513,39.1930583360461],[33.4785739474826,39.1936553955078],[33.4761808268229,39.1932472059461],[33.4743497721353,39.1923038736979],[33.4729220920138,39.193755560981],[33.4711287434896,39.1943375651041],[33.4707535807291,39.1962586805556],[33.4716642252604,39.1980264621311],[33.4719417317706,39.1994472249349],[33.4734138997395,39.2004124620226],[33.4762223307291,39.2013237847223],[33.4774972873264,39.2030854627821],[33.4769251844618,39.2041958279081],[33.476941189236,39.2055750189889],[33.4763514539931,39.2061416965062],[33.4700027126734,39.2097250027127],[33.4683322482637,39.210267062717],[33.4680582682291,39.2115161810981],[33.4705745442708,39.2124972195095],[33.4711083984375,39.211941663954],[33.4717686631943,39.2116694471572],[33.4725246853299,39.2128223334419],[33.4724829101563,39.2148650444879],[33.4733523220485,39.2152749972873],[33.4746150716146,39.2139607069227],[33.476800672743,39.2135340711806],[33.4791164822047,39.2111237250434],[33.4812027994791,39.210446709527],[33.4839485677082,39.2080312771268],[33.4858251953123,39.2080695936415],[33.4869818793403,39.2069138590495],[33.4891861979165,39.2058444552952],[33.4891631401908,39.2069757080079],[33.4885451931424,39.2081753879125],[33.4894634331598,39.2086083306207],[33.4899972873263,39.2080527750651],[33.4919585503471,39.2077789306642],[33.4919137912326,39.205579562717],[33.4924999999999,39.2049943033855],[33.4928843858506,39.2053942871095],[33.4933306206596,39.2072250027127],[33.4942795138888,39.2091472710503],[33.4950135633679,39.2080278184679],[33.4949913194444,39.2069362386068],[33.4970909288194,39.2062548828125],[33.4975206163194,39.2084554714628],[33.4982123480901,39.2088861083985],[33.4988861762153,39.2074972195096],[33.4998499891493,39.2062270100912],[33.5003781467013,39.206776936849],[33.5043253580728,39.2062001546224],[33.5049972873263,39.2072250027127],[33.5056225585936,39.2074972195096],[33.5069417317707,39.2052749972873],[33.5074660915799,39.2047712537977],[33.5077924262152,39.2067765299479],[33.5096427408852,39.2082789442275],[33.5111300998263,39.2055583360461],[33.5124972873264,39.206947224935],[33.5133523220486,39.2072194417318],[33.5144634331596,39.2063916693794],[33.5149972873263,39.206947224935],[33.5165793185764,39.2077148437501],[33.518930392795,39.2061138916017],[33.5205528428818,39.2079616292319],[33.5185921223957,39.2088861083985],[33.518058268229,39.2083305528429],[33.5172032335068,39.2080583360461],[33.51509250217,39.2101616075304],[33.5147249348957,39.2116694471572],[33.5136138237847,39.2122630479601],[33.514232313368,39.2140698920356],[33.5140098741318,39.2163861083985],[33.5127639431423,39.2155414496528],[33.5127685546875,39.2138497585721],[33.512203233507,39.2133361138238],[33.5095738389755,39.2155527750652],[33.5090304904513,39.2144330512154],[33.5068568250867,39.2144774034288],[33.5073722330728,39.2159832085504],[33.506660970052,39.2166666666668],[33.5071554904512,39.2171416558161],[33.5089016384547,39.2175674099392],[33.5088853624131,39.2183721923828],[33.5059190538194,39.2198112657335],[33.505558268229,39.2205692545572],[33.5067363823784,39.221140882704],[33.5083515082465,39.2211079237196],[33.5095657009547,39.2217333984376],[33.5088842773438,39.2230565049913],[33.511397298177,39.2244361029731],[33.5119525824651,39.2250142415364],[33.5119379340277,39.2257333713109],[33.5079839409722,39.2272457546658],[33.5075027126734,39.227824842665],[33.5105558268229,39.2291208902994],[33.5108675130207,39.234535522461],[33.5118931749132,39.2365262858074],[33.5149650065102,39.2353902859159],[33.5158626302082,39.2358525933159],[33.516975640191,39.2358298746745],[33.5180756293402,39.2352631971572],[33.5180607096352,39.2367750379774],[33.5194742838542,39.2372194417318],[33.5210017903644,39.2364326307509],[33.5213861762151,39.2372250027127],[33.5227804904514,39.2374972195096],[33.5236083984374,39.2380963812935],[33.5218888346354,39.2397970241972],[33.5222821723088,39.2413314480252],[33.5250027126735,39.2416638861762],[33.5258306206596,39.2424732123481],[33.5209573025173,39.2432042100695],[33.5177750651042,39.2422250027128],[33.5171923828125,39.2416694471572],[33.5161111111111,39.2422264268663],[33.5155474175346,39.2419361029732],[33.5142827690971,39.2419383409289],[33.5122813585068,39.2403224690757],[33.5111138237847,39.2411138916016],[33.5086135525173,39.2419473605686],[33.5075132921007,39.2419248453776],[33.5056249999998,39.243411187066],[33.5032630750866,39.2419816080731],[33.5012334526909,39.241585422092],[33.500836046007,39.2418348524305],[33.5037141927082,39.2438765462239],[33.5032576497393,39.2452104356554],[33.5037207031249,39.2456552463108],[33.5100027126736,39.2463861083985],[33.5113861762153,39.2475027804904],[33.514357638889,39.2482503933377],[33.5152750651041,39.249072265625],[33.5093207465278,39.2485191514758],[33.5074693467882,39.2494728597005],[33.5075048828124,39.2512103949653],[33.5108913845484,39.2519538031685],[33.5122195095485,39.2533361138238],[33.5136273871527,39.2536109754775],[33.5144257269965,39.2544420708552],[33.5152804904513,39.2547194417318],[33.5156434461804,39.2554675971137],[33.5186322699652,39.2560510253906],[33.5186040581597,39.2574226888021],[33.5171310763887,39.2583884684246],[33.5161138237846,39.259447224935],[33.5149159071179,39.2598359510633],[33.5138818359375,39.2619676378039],[33.5117572699653,39.2641348605686],[33.5085877821181,39.2653849283856],[33.5086295572917,39.2674302164714],[33.5100070529513,39.2683333333333],[33.5089586046005,39.2690205891926],[33.5086138237847,39.2697009277344],[33.5119634331597,39.2699972195096],[33.5126361762152,39.2692971462674],[33.515855577257,39.2707143147787],[33.5168356662325,39.2722092013889],[33.5187679036457,39.2724972195096],[33.5202227105035,39.2715110948351],[33.5207923719617,39.2703367106121],[33.5231998697916,39.269866672092]],[[33.5220081922742,39.236367662218],[33.5216134982638,39.2350563557943],[33.5192119683158,39.2359792073568],[33.5191097005209,39.2347064887153],[33.5200054253473,39.2347784423828],[33.5229166666665,39.2343055555555],[33.5230452473958,39.234732530382],[33.5238785807292,39.2354505072699],[33.5220081922742,39.236367662218]],[[33.5259860568576,39.2357943386502],[33.5254739040799,39.2351308186849],[33.5247330729165,39.2355776638456],[33.5243069118922,39.2355146620009],[33.5245057508679,39.2341677517363],[33.5259722222223,39.2340277777778],[33.5260932074653,39.2344623480903],[33.5275914171008,39.2350755479601],[33.5274530707466,39.2360111490885],[33.5259860568576,39.2357943386502]],[[33.5296310763887,39.2069195556641],[33.5290817599827,39.2062582736545],[33.5281591796875,39.2067866346571],[33.5269571940103,39.2060982937283],[33.5241802300346,39.2058211263021],[33.5236507161457,39.205381266276],[33.527816297743,39.2047607421875],[33.5283441840277,39.2041252983942],[33.5294653320312,39.2042395697699],[33.5304166666666,39.2040277777778],[33.5324500868055,39.2053975423177],[33.5300613064236,39.2059272596572],[33.5296310763887,39.2069195556641]],[[33.5424313693575,39.1997014702691],[33.5424367947048,39.1978527153863],[33.5431467013889,39.1964137776694],[33.5436561414929,39.197026977539],[33.5444571940102,39.1966794840495],[33.5452650282118,39.1958205159506],[33.5462499999998,39.1956944444445],[33.5465882703991,39.1972136094835],[33.5441951497396,39.1979158528646],[33.5442163085937,39.1992367214627],[33.5429060872395,39.1999871826174],[33.5424313693575,39.1997014702691]],[[33.5668370225694,39.1965669080947],[33.5658525933158,39.1946018473308],[33.5677932400173,39.1941820610895],[33.569108344184,39.1923109944662],[33.5704166666665,39.1920833333333],[33.5728130425347,39.193047281901],[33.5723494466146,39.1935957166884],[33.5707614474827,39.1927931722005],[33.5702313910589,39.1940508355035],[33.5685348849826,39.1950813123917],[33.5686363389755,39.1958962673611],[33.5680368381075,39.1963762749566],[33.5680796983506,39.1967214626736],[33.5668370225694,39.1965669080947]],[[33.5046107313368,39.1954852294924],[33.5028881835938,39.1961033121746],[33.4997143554688,39.19584113227],[33.4991729058158,39.195546875],[33.4971213107639,39.19566921658],[33.4957741970486,39.1944655354818],[33.4958116319444,39.1911651611329],[33.4968774414062,39.1894895426433],[33.498047688802,39.1883846706814],[33.4975840928819,39.1868058268229],[33.4955843098958,39.1863405354818],[33.4933412000868,39.184336344401],[33.4936474609373,39.1815321180556],[33.4949191623264,39.18084113227],[33.4953016493056,39.1814047580295],[33.4952536349825,39.1822125244141],[33.4964379882811,39.1822831217448],[33.4975349934894,39.1810552300348],[33.5004166666666,39.1809722222222],[33.5016072591145,39.1823046875],[33.5046731228298,39.1834590657552],[33.5083200412327,39.1863034396703],[33.5079508463541,39.192475382487],[33.508445909288,39.1913966878255],[33.5097007921007,39.1917235649956],[33.5097309027777,39.1922294786241],[33.5083412000868,39.1931133355035],[33.5097143554688,39.1936842176649],[33.50917453342,39.1941744656033],[33.5055476888022,39.1944366455078],[33.5046107313368,39.1954852294924]],[[33.5143134223089,39.1908825683594],[33.5126559787325,39.190438639323],[33.5095071072047,39.19062628852],[33.5086189778644,39.1893547227648],[33.509347330729,39.18834113227],[33.5105634223088,39.1886033121744],[33.5115014648436,39.1899922010634],[33.5122376844617,39.1895640733508],[33.5121576605902,39.1882212320963],[33.5125222439236,39.1874268256295],[33.5143448893228,39.1875354682076],[33.517184516059,39.1872028266059],[33.5197143554686,39.1852699788412],[33.52125,39.1851388888889],[33.5213810221354,39.1855633544922],[33.5224072265624,39.1860343424479],[33.5219523111979,39.1875077989366],[33.5203249782984,39.1878115505643],[33.5200078667534,39.1891744656035],[33.5159383138021,39.1894686550564],[33.5153168402777,39.1908227539062],[33.5143134223089,39.1908825683594]],[[33.5656255425347,39.1855064561632],[33.5652880859373,39.1845900472006],[33.5677213541665,39.1826170518664],[33.568492296007,39.1813862440322],[33.5704166666665,39.18125],[33.5714276801216,39.1835205078125],[33.5724896918402,39.1827674696182],[33.5735419379338,39.1825103081597],[33.5738785807291,39.1835989718967],[33.5714678276909,39.1862631564671],[33.5711214192707,39.1877880859375],[33.5706301540798,39.1883230251736],[33.5700103081597,39.1869341362848],[33.5682435438367,39.1866649034288],[33.5668023003471,39.1858607313369],[33.5656255425347,39.1855064561632]],[[33.5823383246527,39.1647633192275],[33.5819599066838,39.1638895670572],[33.5835869683161,39.1619543457032],[33.5839458550347,39.1594878472222],[33.5845833333332,39.1593055555555],[33.5855476888021,39.1606054687499],[33.5858178710937,39.1630709499784],[33.5868193901908,39.1652888319228],[33.5877623155382,39.1700153944228],[33.5880740017359,39.17054558648],[33.5879980468748,39.1711558024089],[33.5867749023438,39.1710036214193],[33.5861778428818,39.1675718180339],[33.5852473958333,39.1659891086155],[33.5823383246527,39.1647633192275]],[[33.525141330295,39.1630720350477],[33.5249498155382,39.1643666585286],[33.5239067925347,39.1635932074653],[33.5216487630207,39.1627956814236],[33.520851236979,39.1622043185765],[33.5191487630207,39.1619623480904],[33.5187855360242,39.1602403428819],[33.5204166666666,39.1595833333334],[33.5205607096353,39.1604307725696],[33.5223516167534,39.161433444553],[33.5235365125866,39.1626251898872],[33.525141330295,39.1630720350477]],[[33.5001147460937,39.1628770616319],[33.4979001193574,39.1633230251737],[33.4975103081596,39.162567070855],[33.4986214192708,39.1622325303819],[33.5008230251735,39.1608230251737],[33.5018055555555,39.1606944444445],[33.5016655815972,39.1617634412978],[33.5001147460937,39.1628770616319]],[[33.5623933919269,39.1550915527343],[33.5637499999999,39.1548611111111],[33.5640562608506,39.15525777181],[33.5649050564236,39.1556052652995],[33.5652598741318,39.1571410454644],[33.5637166341146,39.1580376519097],[33.5620833333332,39.1571905517579],[33.5623933919269,39.1550915527343]],[[33.569791937934,39.2381869167751],[33.5690657552083,39.2385831705729],[33.5686390516493,39.236963772244],[33.5689916992187,39.2355643039281],[33.5695833333332,39.2354166666666],[33.5701907009547,39.2366045464409],[33.569791937934,39.2381869167751]]]},"properties":{"id":"reservoir-gdw-294","hesIds":["hes177-084"],"basinIds":["15"],"riverSystemIds":["river-system-005"],"damName":"Hirfanli","reservoirName":"Hirfanli","basinId":"15","source":"GDW","sourceId":"294","sourceUrl":"https://services8.arcgis.com/oTalEaSXAuyNT7xf/ArcGIS/rest/services/GDW_v1_epsilon_gdb/FeatureServer/1","matchMethod":"name+coordinate","matchConfidence":"high","areaKm2":184.041,"validated":true,"validationNotes":"Turkey envelope; facility name, basin/river relation and coordinate distance check"}},{"type":"Feature","id":"reservoir-gdw-7056","geometry":{"type":"Polygon","coordinates":[[[37.0721108400003,38.0846530530002],[37.0723141940002,38.0869866600002],[37.0721111760003,38.0881111720002],[37.0718888240002,38.0888888280001],[37.0713888240003,38.0897394180001],[37.0718888240002,38.0896388280001],[37.0726176830001,38.0892103840001],[37.0739183430001,38.0908346100001],[37.0756647110002,38.0918611720003],[37.0756361390002,38.0913092160002],[37.0751111760001,38.0908888280002],[37.0746664810002,38.0903335150002],[37.073139374,38.0891106260001],[37.0725864440002,38.0884201420001],[37.0726297680002,38.0873797650002],[37.0728702320002,38.0866202350002],[37.0733669510002,38.0852030490002],[37.0733992460001,38.0843882830001],[37.0729122700001,38.083937077],[37.0721297680002,38.0828702350002],[37.071870232,38.0826297650002],[37.0713892970002,38.0821107030002],[37.0701297680001,38.080943684],[37.070523956,38.0795938450002],[37.0718835600001,38.0787158810002],[37.0718537750002,38.0779645610002],[37.072450394,38.0767003900002],[37.0734047240002,38.0762500000002],[37.0733526920002,38.0749371380002],[37.0737150270002,38.0741693730001],[37.0750553360001,38.0737450290001],[37.0756202320002,38.072870235],[37.0766297680002,38.0716297650001],[37.0773702320002,38.0703702350002],[37.0778838040001,38.0701278610002],[37.0773797680001,38.069175323],[37.0780628590001,38.0684022370002],[37.0803362730002,38.0683121260002],[37.081629768,38.0686202350001],[37.0820930400001,38.0691202350002],[37.0823797680002,38.0688797650001],[37.0828521880002,38.0678787540002],[37.0843196560002,38.0671861950002],[37.0854239120001,38.0657461850002],[37.0851124190001,38.0648574640001],[37.0856297680003,38.0638797650002],[37.0863112260001,38.0621297650001],[37.0883080830002,38.0623938140002],[37.0886863330001,38.0635885350002],[37.089205147,38.063028595],[37.0906250000002,38.0625309410001],[37.092113014,38.063052483],[37.0921349110002,38.0625000000002],[37.0921118320003,38.0619177670001],[37.0924970470001,38.0611015320002],[37.0945563130002,38.0603797650001],[37.095629768,38.0606202350001],[37.0965746770001,38.061120235],[37.0966385350002,38.0608414840002],[37.0966116030002,38.0601620290003],[37.0980292360001,38.0576436610002],[37.0999853820002,38.0575661240002],[37.1007996060002,38.0579503940001],[37.1011711120002,38.0587375720002],[37.1031075290002,38.059350647],[37.1038797680001,38.061120235],[37.1041202320002,38.0618797650002],[37.1046187210001,38.0623416400002],[37.1046568150002,38.0633026010002],[37.1042238920001,38.0645377540001],[37.1053330990001,38.0651246910001],[37.1071297610002,38.0653702350002],[37.1073702390002,38.0656297650002],[37.1076297610002,38.0658702350002],[37.1080535130002,38.067208668],[37.1083750000001,38.0678898620002],[37.1097189790002,38.0678365940002],[37.1105000000002,38.068],[37.1103820340001,38.0676179700003],[37.1093820340003,38.0663275790002],[37.1100413510002,38.0657039760002],[37.111474548,38.066146534],[37.1127615050002,38.0668458860001],[37.113867966,38.066911831],[37.113632034,38.0666179700001],[37.1118609010002,38.0652365300003],[37.1118828580001,38.0648680990003],[37.1096120000002,38.064514229],[37.1076405180001,38.0632603800001],[37.1076100920002,38.0627500000002],[37.1077203670001,38.0608998530002],[37.1071320340001,38.0596179700002],[37.1068679660001,38.0593820340002],[37.1065698850002,38.0590484090002],[37.1041584700002,38.0579416500002],[37.1037889860001,38.0569119110002],[37.1047352450002,38.0560664370001],[37.1041320340001,38.0551179660002],[37.1036039050001,38.0546460950002],[37.1028960950003,38.0538539050002],[37.1002094650001,38.0532288210001],[37.0993820340001,38.0520442580001],[37.1003679660002,38.0506179660002],[37.101836319,38.0502763370002],[37.1027566600001,38.0482710950001],[37.1048662490002,38.0483968280001],[37.1048955310001,38.0479055860001],[37.104615448,38.0471250000002],[37.1048955310001,38.0463444140001],[37.1048234710002,38.0451355210001],[37.1060000000001,38.0450653990002],[37.1072500000001,38.0451399000002],[37.109530197,38.045003998],[37.1099859310001,38.0455140610001],[37.1116228490002,38.0460195310001],[37.1123820340002,38.0463679660001],[37.113138733,38.0468965300001],[37.1145685730003,38.0468113100002],[37.1151739960001,38.0476780400002],[37.1151135100001,38.0486927410001],[37.1166112670001,38.04860347],[37.1173679660001,38.0491320340002],[37.1199907680002,38.04940535],[37.1211232300001,38.0500207440002],[37.1226179660002,38.0495591740002],[37.1208321840002,38.0484885710001],[37.1175839840002,38.0474855420002],[37.1159041600003,38.0465075530002],[37.1150572050001,38.0452950520002],[37.1154466090002,38.044446617],[37.1166154480002,38.0439101560001],[37.1166578220001,38.0431994170002],[37.1135860140002,38.0426260680001],[37.1129242250002,38.0418853840001],[37.1126199650002,38.0418672490001],[37.1112244720002,38.042367966],[37.1078820340002,38.0420918960001],[37.1086179660002,38.0413679660001],[37.109132034,38.0411320340001],[37.1098609310001,38.0407359390002],[37.1106320340002,38.0403820340001],[37.1111179660002,38.0401179660001],[37.1138881680001,38.0394734340002],[37.1147223050001,38.0390905990001],[37.1156039120002,38.0381039050001],[37.1168679660001,38.03697448],[37.1165616460003,38.0361870120001],[37.1146641850002,38.0354575880002],[37.114213684,38.0342020490002],[37.1159718320002,38.0334707870001],[37.1175593410002,38.0340404050001],[37.1180000000002,38.0330802990001],[37.1189166410002,38.033134933],[37.1201691130001,38.032454323],[37.1242928310001,38.0322085420002],[37.1253036500001,38.0333398440002],[37.1266547090001,38.0338246150003],[37.1276179660001,38.0338820340002],[37.1280000000001,38.0340000000001],[37.1278865660001,38.0336134340001],[37.1276134340002,38.0333865660002],[37.1273865660002,38.0331134340001],[37.1268798680002,38.0326925430002],[37.1265729520002,38.031646652],[37.1244781490002,38.0312733540002],[37.1238939820002,38.0302533950002],[37.1249396970002,38.0293847580002],[37.124796539,38.0279802400001],[37.1251602020002,38.027345299],[37.1250890500002,38.0266473240001],[37.1258634340001,38.0255713200001],[37.1247646330003,38.0237453690001],[37.1238865660002,38.0231134340002],[37.1223946990002,38.0221932300002],[37.122320572,38.0214660030002],[37.1226134340001,38.0211134340002],[37.1235035250002,38.0208522420002],[37.1242444460001,38.0196510470001],[37.1261473690001,38.0194570850002],[37.1266365660001,38.0198634340002],[37.1270320890001,38.0203395840001],[37.1280557860002,38.019753273],[37.1299855960002,38.0199499820002],[37.1329340060001,38.0194836580002],[37.1348632200001,38.0192870100001],[37.1361274110001,38.0196404650002],[37.1378403470001,38.0189100880002],[37.1379132230002,38.0196250000002],[37.137816559,38.020573341],[37.1383634340002,38.0208865660001],[37.1391365660002,38.0211134340002],[37.1396250000001,38.0213931880002],[37.1402680050001,38.0210249100003],[37.1421134340001,38.0212130050002],[37.1418865660002,38.0196134340001],[37.1413179020002,38.0186205520002],[37.1417533720002,38.0171365660001],[37.1436098790002,38.0173944630001],[37.1451501010002,38.0186134340002],[37.1456365660002,38.0183865660002],[37.145962082,38.0176359790002],[37.1485890810002,38.0172446820002],[37.1493404300002,38.016992305],[37.1498956300001,38.0166043780001],[37.1506184080002,38.0169013900002],[37.1520871280001,38.0171916200001],[37.1522339020003,38.0164488530001],[37.1511500240001,38.0160034480002],[37.1496817930002,38.0157133180002],[37.1492500000001,38.0165000000001],[37.1490000000001,38.0167500000001],[37.1483679660001,38.0166320340002],[37.1478820340002,38.0163679660003],[37.1466179660002,38.0161320340002],[37.1458820340002,38.0158679660002],[37.1447688750003,38.0156089780002],[37.143625,38.0156771550001],[37.1420759740002,38.0155848240002],[37.140382034,38.0166320340002],[37.1394112850001,38.0169317930002],[37.1391320340002,38.0181320340001],[37.1388021550001,38.0186179660001],[37.1376186830001,38.0172934270001],[37.1358750000002,38.0173973540001],[37.1353699650002,38.0173672490001],[37.1344519650001,38.0176966400001],[37.1328750000001,38.0176026460002],[37.1316575010002,38.0176752170002],[37.1306320340001,38.0171179660001],[37.1281179660002,38.016882034],[37.1270430760002,38.0162979280002],[37.1255000000002,38.0163899000002],[37.1251031650002,38.0163662490003],[37.1251824190002,38.0150365300001],[37.1249120030002,38.0141320340002],[37.1246320340002,38.0156320340002],[37.123919464,38.016943321],[37.1214814300003,38.018933495],[37.1203257750001,38.0188646160002],[37.1198820340001,38.0183679660001],[37.1188679660002,38.0181320340001],[37.118132034,38.0178679660002],[37.116117966,38.0176320340001],[37.1153036500002,38.0173398440001],[37.1148269350001,38.0168063130002],[37.1148936460002,38.0156872410003],[37.1158974910002,38.0153772580003],[37.1158600920002,38.0147500000002],[37.1158853910003,38.0143257830002],[37.1163820340003,38.0138820340002],[37.1166179660002,38.0135787730002],[37.1160235290002,38.0130476530001],[37.1146996310002,38.0124400330001],[37.1143405910002,38.0132223050001],[37.1133539120002,38.0141039050001],[37.1127640690001,38.0147640610002],[37.1123679660001,38.0151179660001],[37.1120490110001,38.0154749530001],[37.1121400600002,38.0170025560003],[37.1132304690002,38.0190091780003],[37.113632034,38.0193679660001],[37.1139523470002,38.0197264630002],[37.1148455660001,38.0216726380001],[37.1151179660001,38.0231320340001],[37.1156040950001,38.0244868700001],[37.1143573910001,38.025600792],[37.1144478450002,38.0258679660002],[37.1153679660002,38.0253679660001],[37.1166850590002,38.0250615230001],[37.1181756440001,38.0251503680001],[37.1192611690001,38.0268571780002],[37.1205175480002,38.0271494980001],[37.1211179660003,38.0279212270001],[37.1205235290001,38.028452347],[37.1191039120002,38.0291039050001],[37.1180285190001,38.0296882780002],[37.1176320340001,38.0301320340002],[37.1171551970002,38.0305580750002],[37.1118620760001,38.0309406810002],[37.1105625150003,38.0314069750002],[37.1083033910001,38.0343033830001],[37.1072752530002,38.034775261],[37.1068590550002,38.0370051500001],[37.1046402050001,38.038245262],[37.1028230440002,38.0374894560002],[37.1006179660002,38.036882034],[37.0998820340002,38.0366179660002],[37.0959984130002,38.0363820340002],[37.0931320340003,38.0368719330002],[37.0988820340002,38.0371179660002],[37.1000466080003,38.0377508090002],[37.1003679660002,38.039132034],[37.1009378810002,38.0393936000002],[37.1023307570002,38.0393105850001],[37.1026590880002,38.0396780550002],[37.1026146160002,38.0404242170002],[37.102117966,38.0408679660002],[37.1016320340001,38.0416320340001],[37.0993037570002,38.0441884770002],[37.0983679660002,38.044617966],[37.0971320340001,38.0466320340001],[37.0962396770001,38.0477835160002],[37.0950985180001,38.0495778200001],[37.0954626160002,38.0505925520002],[37.0958679660002,38.0524478530002],[37.0949071960001,38.0533062970001],[37.0942848430002,38.0542848430001],[37.0933062970003,38.0549071960002],[37.0926460950002,38.0556460950001],[37.0920875780002,38.0561451190002],[37.0909522020002,38.0560774460002],[37.0905781170001,38.0584779890002],[37.0881829610001,38.0588679660002],[37.0877939450001,38.0559593890001],[37.086754738,38.055030861],[37.0845003510001,38.0546100770002],[37.0834807130001,38.0546708530002],[37.0825535810002,38.0551746600001],[37.0810811920001,38.0556293260002],[37.0805490040001,38.056224953],[37.0806778490002,38.0583867030001],[37.0816320340001,38.0596179700002],[37.0818679660002,38.0606090930002],[37.0805636440001,38.0621179700001],[37.0788331990001,38.0609092290002],[37.0758021470002,38.0606320300001],[37.074882034,38.0611320300002],[37.0738679660001,38.06136797],[37.0735350340001,38.0617405890003],[37.0737140200002,38.0647435300002],[37.0713441390002,38.0657322040003],[37.0713845440002,38.0664101560001],[37.0726390610002,38.066985939],[37.073588585,38.0675019190002],[37.0730376130001,38.0685158460001],[37.0718084110002,38.0688679700001],[37.0700000000001,38.0677500000001],[37.0701909410002,38.0686436840002],[37.0701049040002,38.0700871660001],[37.0671453170002,38.0703679700002],[37.064926407,38.0684803810001],[37.0619159700001,38.0686598090002],[37.060882034,38.06938203],[37.0597213210002,38.0701202350001],[37.0588820340001,38.07213203],[37.0581298980002,38.0728040540002],[37.0578760680002,38.0741639860001],[37.0571386870001,38.0748228300002],[37.0568820340002,38.0753820300001],[37.0564055250003,38.0761179700002],[37.0542834630002,38.0743768540001],[37.0533820340002,38.0733679700001],[37.0531179660001,38.0731320300001],[37.0528820340001,38.0728679700001],[37.0526179660003,38.0726320300002],[37.0521065440001,38.0720596430002],[37.0521580810002,38.0711949200002],[37.0520521470001,38.0708820300001],[37.0511320340001,38.0713820300002],[37.0503679660001,38.0716179700002],[37.0493727420001,38.072313148],[37.0480238270002,38.0718291440002],[37.046608841,38.0693987390003],[37.0461320340001,38.070327579],[37.0471320340001,38.0716179700002],[37.0481179660001,38.0732244760002],[37.0453886870002,38.0756630670003],[37.0441912000002,38.0755916940001],[37.043344414,38.0758955270001],[37.042269531,38.0758314630001],[37.0412223050001,38.0746594010002],[37.0404471820002,38.0743036460001],[37.0389974480001,38.0743900530002],[37.0376320300001,38.0751320300002],[37.0359468080001,38.0757798730001],[37.0351266290002,38.0748619190002],[37.0343820300002,38.0753820300001],[37.0337755240002,38.0756179700001],[37.032244614,38.075068661],[37.0293539050002,38.0743960950002],[37.0277266460002,38.073511829],[37.0282789380002,38.0719726030001],[37.0273515210001,38.0711439590003],[37.0273932910002,38.0704431270002],[37.0261179700001,38.0696320300001],[37.0258820300001,38.0693679700001],[37.0255000000001,38.0692500000002],[37.0257472920001,38.0700508350002],[37.02638203,38.0706179700001],[37.0273679700002,38.0720011060002],[37.0268248370002,38.074029007],[37.0253318370001,38.0743763770001],[37.0258820300001,38.0748679700002],[37.0261451230002,38.0751624180001],[37.0261154560002,38.0756601560001],[37.0249825550002,38.0761801190002],[37.023722305,38.0775905990002],[37.0231179700002,38.0778679700001],[37.0226320300001,38.0781320300002],[37.0218679700002,38.0783679700002],[37.0213820300001,38.0786320300002],[37.0208679700002,38.0788679700001],[37.0203312190002,38.0791596410002],[37.0192233730001,38.0790936130002],[37.0185066570002,38.0806551970001],[37.0178342060001,38.0806151200001],[37.0168820300001,38.07911797],[37.0166620060002,38.0788820300001],[37.0163820300001,38.0803820300001],[37.0160255240001,38.0808679700002],[37.0146036760002,38.0803577960001],[37.0146328200002,38.079868805],[37.0141728630002,38.0793820300002],[37.0138573040001,38.0807383120002],[37.0132622070002,38.0811179700001],[37.0117785190001,38.0803117180002],[37.0113820300002,38.0798679700001],[37.0102447510001,38.0790426100002],[37.0098820300001,38.0778679700001],[37.0096179700001,38.0776320300001],[37.0093820300002,38.0773679700002],[37.0086594010003,38.0767223050001],[37.0083820300001,38.0761179700002],[37.0076171910002,38.075131027],[37.007657093,38.0744615440003],[37.0073091660001,38.0731624790001],[37.0044759160002,38.0728672290002],[37.0041316570002,38.0721171530001],[37.0038398440001,38.0721345440002],[37.0033820300002,38.0731320300001],[37.0030713520001,38.0737037540002],[37.0014382340001,38.0736064190002],[37.0008820300002,38.0736978490002],[37.0020121270001,38.074707581],[37.0011179700002,38.0751179700002],[36.999311644,38.076517799],[36.9983389950002,38.0771363950001],[36.9977247390001,38.0784747390002],[36.9968256800003,38.0788873790002],[36.9983820300003,38.0793679700002],[36.9986179700002,38.0796320300001],[36.9988820300002,38.0798679700001],[36.99911797,38.0807319760002],[36.9978679700001,38.0811179700001],[36.9954346160002,38.0832403070001],[36.9933750000002,38.0831175500002],[36.9924358490001,38.0831735270001],[36.9911320310002,38.0838820300001],[36.990367969,38.0841179700002],[36.9902511050001,38.0846179700001],[36.9925554680001,38.0840007930001],[36.9936179700001,38.0843820300002],[36.995095985,38.0846179700001],[36.9974557400001,38.0835793380002],[36.9981605870001,38.0827904700001],[36.99911797,38.082947849],[36.9984950940002,38.0840940900002],[36.9997190210001,38.0844720310002],[37.0011179700002,38.0857244760002],[37.0006179700001,38.0871179700001],[37.0003742100002,38.088165646],[36.9986417980001,38.0897135430001],[36.9954814760001,38.0901362230002],[36.9966736700001,38.0908944510001],[36.9977186790002,38.0908321650001],[36.9983679700002,38.0909744760001],[36.9972143290002,38.0920052450002],[36.9940584890002,38.092374937],[36.9935000000001,38.0930000000002],[36.9950877250001,38.0926748030002],[36.9985150760002,38.0923395940002],[37.0003978980002,38.0923780170002],[37.0003564800002,38.0944074990002],[36.9998724990002,38.0948724990002],[36.99956072,38.095197006],[36.9998785290002,38.0961255040002],[36.9995490910003,38.0967649990001],[36.9982298790002,38.0976299130002],[36.9976275010001,38.0993029630001],[36.9991238820002,38.1002840350002],[37.0008724990003,38.0988724990001],[37.0019019130001,38.0986275010001],[37.0035198080003,38.0994609620002],[37.004007727,38.1024581810002],[37.0046474110002,38.1034018730002],[37.0046195320001,38.1047679690001],[37.0022240910002,38.1077354550002],[37.001377501,38.1088775000003],[37.0011034980002,38.1091545080001],[37.0002530540002,38.1100142800002],[36.9994321400002,38.1110850380001],[36.9991297660001,38.1120746780001],[36.9995311160001,38.1138356580002],[37.0010539020002,38.1143693880001],[37.0021090330001,38.113583472],[37.0029656390001,38.1117274920002],[37.0035,38.1107500000002],[37.0039160160003,38.1106660160001],[37.0045839840002,38.1103339840003],[37.0054160160002,38.1101660160002],[37.0060839840002,38.1098339840002],[37.0067500000002,38.1097500000003],[37.0071857800002,38.1107736070002],[37.0069601250001,38.1126134380001],[37.0075946770002,38.1117974850002],[37.0077131920002,38.1106347570001],[37.0073200530002,38.109871513],[37.0065144270001,38.1094213280002],[37.0042816330001,38.109868958],[37.0036043760002,38.1103543750002],[37.0031084070001,38.1106924270002],[37.0023945680001,38.1115133410002],[37.0017164220001,38.112905325],[37.00125,38.1137500000003],[36.9998995820001,38.1135693860002],[36.9997500000001,38.1115000000002],[37.001406418,38.109331183],[37.0028797660001,38.1083797660001],[37.0033702340002,38.1076202340002],[37.0038797660002,38.1068797660002],[37.0043702340001,38.1061202340002],[37.0049764120002,38.1055585800001],[37.0048700450001,38.1028750000001],[37.004880074,38.1026220020002],[37.0046202340002,38.1011297660002],[37.0042979470001,38.0987715570002],[37.0012779430002,38.0981397110002],[36.9996335640002,38.0987160590002],[36.9996038950002,38.0979675540001],[37.0006297660001,38.0966297660001],[37.0008702340002,38.0956202340003],[37.0013797660003,38.0948797660001],[37.0017140540002,38.0938239020002],[37.0026297660002,38.0926297660001],[37.0029394910001,38.0916514850001],[37.0051574230001,38.0911231770002],[37.0016761910001,38.0907526890001],[37.0013628540001,38.089858711],[37.0022552720002,38.0890318410002],[37.0026202340001,38.0871202350002],[37.0031202340002,38.0856936840002],[37.0023446660002,38.0845693510001],[37.0003797660002,38.0827487720002],[37.0007792870001,38.0817045020001],[37.0011297660002,38.0813797650002],[37.0016107030001,38.0808607030002],[37.0026202340001,38.0799253230002],[37.002379766,38.0793702350002],[37.0012060660001,38.0779280430002],[37.0040300900002,38.0756297650001],[37.0055297010001,38.0760541730001],[37.0058919450001,38.0771983380001],[37.0063985540002,38.0781557430002],[37.006351196,38.0793505740002],[37.0072500290001,38.0799690820001],[37.0086297660001,38.080620235],[37.010965481,38.0819750290002],[37.0127628060001,38.0826049840002],[37.0164481890001,38.0830855100002],[37.0191202350002,38.0826202350001],[37.0211297650001,38.0823797650002],[37.0221202350002,38.0816202350002],[37.024379765,38.0813797650002],[37.0249315030003,38.0807842900002],[37.0269741290002,38.0802977370002],[37.0277844540001,38.0794231800002],[37.0298780860002,38.0793401950002],[37.0320566900001,38.0804930040003],[37.0331255190003,38.0801183820002],[37.035350491,38.0810893480002],[37.0371028590001,38.0811588060001],[37.037610703,38.0806107030001],[37.0381588060002,38.0801028590002],[37.0381004640001,38.078630928],[37.0395359880002,38.0785740280001],[37.0399463650002,38.0798702350002],[37.0403797650002,38.0796297650003],[37.0418330000001,38.0786297650002],[37.0428797680001,38.0788702350002],[37.0447879560001,38.0793702350002],[37.0461125030002,38.0789918710002],[37.0473352200002,38.0784148180001],[37.0491297680002,38.0761297650001],[37.0496017070002,38.0751297650002],[37.0507943570001,38.0756728780002],[37.0511479340002,38.0775248530002],[37.052370232,38.0781017070002],[37.0521297680002,38.0793797650002],[37.0511297680001,38.080025517],[37.0515162120001,38.0805948140002],[37.054255547,38.079634689],[37.0574356990001,38.0795086400001],[37.0596297680002,38.0801202350002],[37.0607196880002,38.0808702350002],[37.0626202320001,38.080594933],[37.0623797680002,38.0798702350002],[37.0620753860002,38.0790018010001],[37.0621335600002,38.0775341190001],[37.060491493,38.0764737550002],[37.0596297680002,38.0756753230001],[37.0601202320002,38.075120235],[37.0608207240001,38.0744711950002],[37.0621592250002,38.0723984150001],[37.0638639980002,38.0723308450002],[37.0654020770002,38.0726244930002],[37.0660930400001,38.0733702350002],[37.0663797680002,38.073129765],[37.0668430400001,38.072629765],[37.0677779460003,38.0730486300002],[37.0682140120003,38.0744259720001],[37.0703686830001,38.0743405690001],[37.0703992460002,38.0751117170001],[37.0699522630001,38.075525871],[37.0695943370001,38.0770285000002],[37.0688702320002,38.077370235],[37.0685924990002,38.0788249630002],[37.066629768,38.0794463650001],[37.0670758060002,38.0797865490002],[37.0686202320001,38.0802755170002],[37.0683027190001,38.0817335620001],[37.0678643650002,38.0826623950003],[37.0671107030002,38.0833607030001],[37.0664057540001,38.0841215400001],[37.0656202320002,38.0843702350002],[37.0651297680001,38.0846297650002],[37.0638797680002,38.0852196920002],[37.0662140500001,38.0850997430002],[37.067179276,38.0845889930002],[37.0686817320002,38.0841133120002],[37.0696127320001,38.0831085130002],[37.0703702320002,38.0836297650002],[37.0721108400003,38.0846530530002]]]},"properties":{"id":"reservoir-gdw-7056","hesIds":["hes177-089"],"basinIds":["20"],"riverSystemIds":["river-system-013"],"damName":"Kandil","reservoirName":"Kandil","basinId":"20","source":"GDW","sourceId":"7056","sourceUrl":"https://services8.arcgis.com/oTalEaSXAuyNT7xf/ArcGIS/rest/services/GDW_v1_epsilon_gdb/FeatureServer/1","matchMethod":"name+coordinate","matchConfidence":"high","areaKm2":11.291,"validated":true,"validationNotes":"Turkey envelope; facility name, basin/river relation and coordinate distance check"}},{"type":"Feature","id":"reservoir-gdw-1506","geometry":{"type":"Polygon","coordinates":[[[33.4865432400173,39.7127207777236],[33.4856334092883,39.7113788011339],[33.4849891493055,39.7113919406467],[33.484447157118,39.7102749972873],[33.4826022677951,39.7083773464629],[33.4799527994791,39.7066403028701],[33.4783306206596,39.7061138916018],[33.4775417751735,39.7049109564889],[33.4724405924478,39.7037277730306],[33.4714678276908,39.7032266743978],[33.4705528428818,39.7016694471571],[33.4700108506943,39.6977867635092],[33.4694306098089,39.6969308302139],[33.4694360351561,39.6952824232313],[33.4703675672743,39.6940548706055],[33.4698817274304,39.6931121148004],[33.4702994791665,39.6918916659886],[33.471663953993,39.6896923149957],[33.4708081054686,39.68803088718],[33.4680924479165,39.6865538703071],[33.4677251519097,39.6850472852919],[33.4652145724825,39.6833752610948],[33.4622593858506,39.6826548258464],[33.4619471571179,39.681463385688],[33.4669471571181,39.6811138916016],[33.4708306206597,39.6805365498861],[33.4700995551215,39.6798343234592],[33.4688370768229,39.679447224935],[33.4666547309026,39.6800065273709],[33.4655582682292,39.6794416639541],[33.4630528428819,39.6791694471572],[33.4625591362846,39.6786557685005],[33.4613753255209,39.6794583468968],[33.4594637044271,39.6794193183051],[33.4566438802084,39.6781993103029],[33.4566582573784,39.675563574897],[33.4569495985242,39.6749981180829],[33.4547081163195,39.6741652255589],[33.4547458224827,39.6723206244575],[33.454393174913,39.6705993652345],[33.4550141059026,39.6700026787653],[33.4553203667534,39.6672688632541],[33.4541617838541,39.6658335706924],[33.4550366210936,39.6640423753527],[33.4569495985242,39.662788204617],[33.4627804904513,39.6625027804904],[33.4677381727429,39.6603283521865],[33.4697607421874,39.6608467102051],[33.4711821831597,39.6608177015516],[33.4727777777776,39.6599957953561],[33.4737841796874,39.6605142211915],[33.4758327907985,39.659271935357],[33.4777804904513,39.6588916693794],[33.4788861762153,39.6580527750651],[33.4806347656249,39.6573118930393],[33.4825027126736,39.6569472249349],[33.4833306206597,39.6563861083986],[33.4850404188366,39.6558083258736],[33.4858962673611,39.6549448649089],[33.4886450195313,39.653025004069],[33.4897485351562,39.6513416714139],[33.4902750651041,39.6497194417318],[33.4908384874131,39.6488882954918],[33.490530327691,39.6485924106175],[33.4905750868054,39.6464022488064],[33.488942328559,39.6444717746312],[33.4874972873262,39.6436138916017],[33.4854003906249,39.64078511556],[33.480827907986,39.6395888943144],[33.4791368272568,39.6388916693794],[33.4780582682291,39.639447224935],[33.4738916015623,39.640558336046],[33.4722873263888,39.6408715142145],[33.4702360026041,39.6408296542698],[33.4681369357638,39.6387274509007],[33.4658528645832,39.6356461249458],[33.4611409505208,39.6333602057564],[33.4580365668401,39.633058336046],[33.4571956380208,39.6338861083985],[33.4543950737847,39.6321877882217],[33.4535693359375,39.6313284979926],[33.4522249348957,39.6286083306207],[33.4508306206596,39.6275027804905],[33.4500442165798,39.6258817884658],[33.4484160698783,39.6238647800022],[33.443409830729,39.619054904514],[33.4427403428818,39.618025004069],[33.4409768337673,39.6171694946291],[33.4375021701388,39.614252556695],[33.4372249348957,39.6095737372505],[33.4382454427083,39.6090787082248],[33.4388132052951,39.6079080200196],[33.439163953993,39.6036083306207],[33.4398990885417,39.600187479655],[33.4406795247396,39.5978108723959],[33.4402281358505,39.5956075371636],[33.4394417317707,39.594447224935],[33.4390332031249,39.5931888834635],[33.43751953125,39.591647237142],[33.4352547200521,39.5905484347874],[33.4348611111111,39.590138888889],[33.4327690972221,39.59027537028],[33.4327810329861,39.5908527628582],[33.43364718967,39.5917097642687],[33.4335964626736,39.5941860961915],[33.4324400499131,39.5947472127279],[33.4302180989583,39.5952888658312],[33.4275485568576,39.5980673217774],[33.427010362413,39.600824415419],[33.4283306206596,39.6050299072266],[33.4274967447915,39.6066483900283],[33.4275094943575,39.6072649468316],[33.4282435438367,39.6086902872722],[33.4292377387151,39.6130834960938],[33.4307511393228,39.6149583943685],[33.4352804904512,39.6152749972874],[33.4374972873263,39.618058336046],[33.4391623263887,39.6185986328125],[33.4424945746526,39.6232000054254],[33.4441693793402,39.6236083306207],[33.4451022677951,39.624088812934],[33.4498689778645,39.6284736124677],[33.4506884765623,39.6309991455078],[33.4535083007812,39.6337083265517],[33.4556008572048,39.6347581481934],[33.4578203667533,39.6347128465441],[33.4591666666665,39.6340193684896],[33.4606119791666,39.6347638956706],[33.4611083984374,39.6352805582683],[33.4638566080728,39.6365195041233],[33.4659092881943,39.6392885674371],[33.4672279188368,39.6405555555556],[33.4669476996526,39.6411262512208],[33.4700409613715,39.6429625108509],[33.4720071072047,39.6433305528429],[33.4752349175347,39.6426694403755],[33.4766327582464,39.6419492255317],[33.477823079427,39.6416590881348],[33.4786537000867,39.6416760423448],[33.4814184570311,39.6427916632758],[33.4829679361978,39.6443222215442],[33.4850027126736,39.644719441732],[33.4875027126735,39.6461083306207],[33.4877750651042,39.6492074584961],[33.4868435329859,39.6519287278918],[33.4844004991319,39.6535305616591],[33.4808360460068,39.6550027804905],[33.4799319118923,39.6552962239584],[33.4780929904512,39.6552587042915],[33.4766693793403,39.6558361138238],[33.4726220703125,39.656651679145],[33.4688916015625,39.6577805582683],[33.466068250868,39.658125559489],[33.4638916015624,39.6600027804905],[33.4616300455728,39.6604443020291],[33.4588471137153,39.6598742845323],[33.458058268229,39.6602805582682],[33.4530528428818,39.6616638861763],[33.4519257269965,39.6622245788575],[33.4508713107639,39.6633222791884],[33.4484049479166,39.6642949930827],[33.4464000108507,39.6647837999133],[33.4451614040798,39.6668703036839],[33.4444417317708,39.6672194417318],[33.4441300455729,39.6681798468696],[33.4425493706597,39.6692161051434],[33.4411138237845,39.6711301167807],[33.4418343098957,39.6718222215441],[33.4435761176214,39.6723874240451],[33.4440448676215,39.6771817864312],[33.4399275716146,39.6784433152941],[33.4380528428817,39.6775027804907],[33.4376416015625,39.6770749240452],[33.4362174479166,39.6775624423558],[33.4355582682292,39.6788473510743],[33.4375027126737,39.6791638861764],[33.4383306206597,39.6797412278918],[33.4369471571181,39.6810896809896],[33.44081515842,39.6814336480035],[33.4399864366319,39.6822297159831],[33.4393370225694,39.6842311435276],[33.4361138237845,39.6859335157607],[33.4369905598957,39.6866638861762],[33.4391693793402,39.685558336046],[33.4397035047742,39.6850023566354],[33.4425021701388,39.6838840060764],[33.4431225585936,39.6857961527508],[33.4405528428819,39.6883305528429],[33.4400027126734,39.6894943915473],[33.4405962456597,39.6899972195096],[33.4427750651041,39.6893877665202],[33.4402707248262,39.692490149604],[33.4405889214408,39.6934195454916],[33.441407877604,39.6941638861763],[33.4419417317707,39.6936083306207],[33.4436083984375,39.6927749972874],[33.4450162760414,39.692500152588],[33.445552842882,39.691941663954],[33.4469585503472,39.6916694471572],[33.4469411892359,39.692519446479],[33.4461081271701,39.6933199734158],[33.4461143663193,39.6936308797201],[33.4472249348957,39.6936082288954],[33.4479261610244,39.6941638861763],[33.4489187282986,39.6925027804905],[33.4500154622395,39.6930677795411],[33.4536083984373,39.69371319241],[33.4522555881076,39.694600168864],[33.453907877604,39.6949972195097],[33.4545887586804,39.694288550483],[33.4556578233506,39.6954013400609],[33.4583306206595,39.6936083306207],[33.4591856553818,39.6933361138239],[33.4600298394096,39.6941638861763],[33.4616455078125,39.6933316209581],[33.4663392469617,39.693058336046],[33.466663953993,39.6947469414605],[33.4655528428818,39.6963861083985],[33.4652804904512,39.698096347385],[33.4667019314236,39.7020046827529],[33.4702690972222,39.706254035102],[33.4715337456597,39.7068675910102],[33.4747306315104,39.7074916585288],[33.4769653320311,39.708256547716],[33.4800461154512,39.7100308736166],[33.4805693901909,39.710575680203],[33.4811545138889,39.7135723198785],[33.4836146375868,39.7194437832303],[33.4827945963541,39.7227508884006],[33.4825016276042,39.7272437032064],[33.4819417317708,39.728330552843],[33.4816693793401,39.7296740892199],[33.4851600477429,39.7299972195096],[33.4855528428818,39.7227749972874],[33.4861518012152,39.7210247294109],[33.4860837131076,39.7176836819119],[33.4852639431423,39.7160925123427],[33.4852916124131,39.7147358364529],[33.4844778103298,39.7135353766548],[33.4865432400173,39.7127207777236]]]},"properties":{"id":"reservoir-gdw-1506","hesIds":["hes177-090"],"basinIds":["15"],"riverSystemIds":["river-system-005"],"damName":"Kapulukaya","reservoirName":"Kapulukaya","basinId":"15","source":"GDW","sourceId":"1506","sourceUrl":"https://services8.arcgis.com/oTalEaSXAuyNT7xf/ArcGIS/rest/services/GDW_v1_epsilon_gdb/FeatureServer/1","matchMethod":"name+coordinate","matchConfidence":"high","areaKm2":11.816,"validated":true,"validationNotes":"Turkey envelope; facility name, basin/river relation and coordinate distance check"}},{"type":"Feature","id":"reservoir-gdw-1567","geometry":{"type":"Polygon","coordinates":[[[30.8480249701602,37.4391701931423],[30.8495687527123,37.439481065538],[30.8504534912107,37.4408306206596],[30.8508305528425,37.4397195095485],[30.8517614067924,37.4384928385417],[30.8508361138234,37.4366965060764],[30.8527635362411,37.4366748046873],[30.8530583360456,37.4363916015624],[30.8534431966143,37.4348128255208],[30.8546923149954,37.4341693793402],[30.8553984917532,37.4355352105033],[30.8594416639537,37.4346807183159],[30.859061482747,37.433958875868],[30.8560458034936,37.4334681532117],[30.8543001302081,37.4323234049478],[30.853880683051,37.4310978190102],[30.8539017062715,37.4300667317707],[30.8535861545134,37.4287722439235],[30.8524383544919,37.4280197482637],[30.8510976155596,37.4266590711804],[30.8505583360458,37.4249972873262],[30.8491694471567,37.4236629231769],[30.8501502143009,37.4226388888888],[30.848677707248,37.4212242296005],[30.8502863226994,37.4205563693575],[30.8502690972221,37.4197140842012],[30.851689317491,37.4183496093749],[30.8508361138234,37.4175298394095],[30.8524011230465,37.4159445529513],[30.8513838026256,37.4144439019096],[30.851671142578,37.414167751736],[30.8505628119571,37.411606174045],[30.8505205620656,37.409535861545],[30.8514646402991,37.4065277777777],[30.8508361138234,37.4053076171874],[30.8519169108069,37.4052433268227],[30.8524805365665,37.4058300781249],[30.853858981662,37.4052804904512],[30.8553418646916,37.405633409288],[30.8573142496742,37.4072151692707],[30.8592977566186,37.4060375976561],[30.8616263156465,37.4033582899304],[30.8627465142143,37.4027813042533],[30.8632143147784,37.4027718098957],[30.8639442952472,37.4045713975693],[30.863603854709,37.4055658637152],[30.8644527859157,37.4072138129339],[30.8651461452903,37.4093505859373],[30.8666163465709,37.4103472222221],[30.8674805365665,37.4094476996527],[30.8683306206593,37.4094303385416],[30.8688732231985,37.4105487738714],[30.870273301866,37.411586642795],[30.8703126356333,37.4135129123263],[30.8692921956377,37.4160999891492],[30.8680741373694,37.4161249457464],[30.8669743516708,37.415558268229],[30.8655518934458,37.4174986436631],[30.8658413357202,37.4189116753473],[30.8657709418401,37.4223630099825],[30.8669894070094,37.4248014322916],[30.8666694471568,37.4261138237846],[30.865837131076,37.4277294921874],[30.8658247884113,37.42833468967],[30.8673938666446,37.4287171766492],[30.8678319634328,37.4327490234373],[30.8702574327255,37.4352737087673],[30.8722449408634,37.4361271158853],[30.8749372016057,37.4367833116318],[30.8758565266923,37.4372292751736],[30.8777158610023,37.4391305881075],[30.8794676378036,37.4400070529512],[30.8804972330727,37.4410788302951],[30.8827865939668,37.4411254882813],[30.8827582465274,37.4397365993922],[30.8834554036456,37.4393774414063],[30.8856683349607,37.4402750651041],[30.8855583360457,37.4397195095485],[30.8841776529946,37.4378998480901],[30.8841423204206,37.436169704861],[30.8849972195093,37.4347195095485],[30.8863861083981,37.4342686631943],[30.8855527750649,37.4333360460068],[30.8849698215058,37.4313384331596],[30.88502488878,37.4286425781249],[30.8841524929468,37.4277804904512],[30.885274997287,37.4272360568575],[30.8849454074433,37.4262071397568],[30.8834889051647,37.4255004882812],[30.8822138807505,37.4236195203992],[30.8813861083981,37.4219471571179],[30.8811117892791,37.4202620442707],[30.8805415174694,37.4197140842012],[30.8805669487844,37.4184695095485],[30.8794274224174,37.4179166666665],[30.8791720920136,37.4148722330729],[30.8775648328989,37.4140673828124],[30.8772182888451,37.4130550130208],[30.8775640190968,37.4123838975693],[30.8764537217879,37.4118451605902],[30.8760466851125,37.4106561957464],[30.8767707655163,37.4092504882812],[30.8755583360457,37.4083306206596],[30.8733553738061,37.4077935112846],[30.872780558268,37.4072412109374],[30.873532036675,37.4062033420137],[30.8727693006724,37.4058333333333],[30.8727861192488,37.4050081380207],[30.8724915228947,37.4044363064235],[30.8732788085936,37.4036797417534],[30.8716716172957,37.4031583658852],[30.871646864149,37.4019471571179],[30.8725344509546,37.4016590711804],[30.8736177571611,37.4005547417534],[30.8713861083981,37.3997249348957],[30.8711084662542,37.3994360351561],[30.8700113932288,37.3994582790798],[30.8697193060977,37.398891330295],[30.8697480604382,37.3974853515623],[30.8681437174476,37.397518174913],[30.8661138916012,37.397023111979],[30.8664618598087,37.3951435004338],[30.8674987792966,37.3944406467013],[30.8687540011934,37.3947623697916],[30.8708150227861,37.3938856336804],[30.8727273898652,37.3938587782117],[30.8738589816621,37.3944417317706],[30.8747264946829,37.3936810980901],[30.875282253689,37.3916644965277],[30.8736138916012,37.3911230468749],[30.8741638861758,37.390275065104],[30.8759136284719,37.3899335394964],[30.8765646701387,37.3892559136283],[30.8786083306203,37.3887575954861],[30.8783361138234,37.3874972873263],[30.8777805582678,37.3869634331596],[30.8784941948783,37.3858539496528],[30.8819416639537,37.382775065104],[30.8841132269961,37.3817214626735],[30.8863861083981,37.3791376410589],[30.885973917643,37.3783360460068],[30.8846378580726,37.3787084960938],[30.8834362792965,37.3799210611979],[30.8813564046221,37.3814171006943],[30.8801321750214,37.3820109049478],[30.8775527615015,37.3846956380208],[30.8734722222221,37.3846940104165],[30.8729649522567,37.3867746310763],[30.8699098714189,37.3860875108505],[30.8675846354165,37.3861349826387],[30.866663886176,37.3858360460069],[30.8658632405596,37.3850027126734],[30.8646863471134,37.3864350043402],[30.8647418891056,37.3891577148436],[30.8641639539928,37.3891696506075],[30.8634722222219,37.3881144205728],[30.8614351399738,37.3891639539929],[30.8612606472436,37.3881947157116],[30.8624359809024,37.3869712999131],[30.8632609049476,37.3865711805556],[30.860860120985,37.384500596788],[30.8591638861759,37.3841693793401],[30.85750278049,37.3833471679687],[30.8584043375648,37.3823725043403],[30.8608034261065,37.3836083984374],[30.8608251953122,37.3822414822047],[30.86191942003,37.3805726453992],[30.863012830946,37.3800094943575],[30.8649496120875,37.3799698893228],[30.8658449978295,37.3804310438367],[30.8658459472653,37.3786873372394],[30.8644435628253,37.3796381293402],[30.8619657389319,37.3788094075519],[30.8602805582681,37.3765885416665],[30.8605569797089,37.3749728732638],[30.8611138916014,37.3738916015624],[30.8614270019528,37.3710096571179],[30.8633305528426,37.3697195095485],[30.8646059841577,37.3693055555555],[30.8628342692054,37.3671804470484],[30.8652749972871,37.3649972873262],[30.8661083306205,37.3645928276908],[30.8651925320094,37.3643410915797],[30.8625908745656,37.3651776801214],[30.8620785861543,37.365710720486],[30.8599972195094,37.3663861762151],[30.8583305528426,37.3672195095486],[30.8553147379555,37.3699785698783],[30.8517452663843,37.3726657443575],[30.8501846652558,37.3731722005207],[30.8491694471567,37.3741693793401],[30.8470083279077,37.3745912000867],[30.8444146050344,37.3758582899304],[30.8422812906898,37.3758146158852],[30.840051676432,37.3763861762151],[30.838874715169,37.376111111111],[30.8389029947914,37.3747249348956],[30.8382904730899,37.3750162760416],[30.8369750298392,37.3763853624131],[30.8358591037324,37.3764081488714],[30.8353447129989,37.3759138997394],[30.8369978162974,37.3729370117186],[30.8383361138235,37.3725027126735],[30.8391367594398,37.3716693793403],[30.8410030110674,37.3724568684895],[30.8439340549043,37.3718847656248],[30.8444472249345,37.3713916015623],[30.8447194417315,37.3705528428819],[30.845558200412,37.3699915907117],[30.8468549262151,37.3700179036458],[30.8506593153208,37.3687833658853],[30.8511106363929,37.3669322374132],[30.852344428168,37.3663338216145],[30.8541259765623,37.3636520724826],[30.8563861083982,37.3616639539929],[30.8597250027125,37.3594471571179],[30.8607042100691,37.3581263563366],[30.8627805582678,37.3575027126735],[30.864571058485,37.3562982855902],[30.866358981662,37.3572195095485],[30.8664189995657,37.3567195638019],[30.8658361138234,37.3558306206596],[30.864511583116,37.3554006618922],[30.8655584716794,37.3533360460069],[30.8655362955726,37.3522515190971],[30.8661083306205,37.3511409505207],[30.8653675672741,37.3510519748262],[30.8641635470917,37.3522089301214],[30.8641915554467,37.353580186632],[30.8625027804902,37.3547249348958],[30.8613576931422,37.3550040690103],[30.8598443603513,37.3565793185762],[30.858080308702,37.3577750651041],[30.8569416639538,37.3572249348958],[30.8566694471568,37.3566639539929],[30.8553504096135,37.3563422309026],[30.8559997558591,37.3538085937499],[30.8554206000432,37.3521166992187],[30.8561168755422,37.3499709743922],[30.8577744547524,37.3475254991318],[30.8577975802949,37.3463916015624],[30.8562586127384,37.3466883680554],[30.8547968207463,37.3491509331595],[30.8527963595918,37.3491805013019],[30.8519472249346,37.3487429470484],[30.8530687798392,37.3513899739582],[30.8513922119137,37.3538633897568],[30.8513805474173,37.3544363064235],[30.8519350857202,37.3555129665798],[30.8519577365449,37.3566243489582],[30.8508305528425,37.3577750651041],[30.8497250027123,37.3602804904512],[30.8484666612409,37.3615223524304],[30.8480583360458,37.3627804904512],[30.8461911349824,37.3652734374998],[30.8455635579424,37.3652861870658],[30.8448331027558,37.364909939236],[30.8436138916013,37.3661138237846],[30.8416360812714,37.3665001085069],[30.8354159884979,37.3685064019095],[30.8327751329207,37.3708417426213],[30.8316852484806,37.3708194986978],[30.8304212782114,37.3714499240451],[30.8294381374781,37.3747555881075],[30.8280583360457,37.3760812717013],[30.8289253065317,37.3770700412325],[30.8317187499997,37.3776152886284],[30.8344672987193,37.3797455512152],[30.8360521782766,37.380514594184],[30.8364567735457,37.3825868055554],[30.8392629665797,37.3842092556424],[30.8422194417314,37.3879006618922],[30.8411560736759,37.3907660590277],[30.8401394992401,37.3921375868054],[30.8380583360457,37.3933360460068],[30.8336971028643,37.3944398328991],[30.8320454915362,37.3944734700519],[30.8304235161673,37.3939472113714],[30.8280824788409,37.3928114149305],[30.8270439317487,37.3917306857637],[30.8258147515187,37.3910972764755],[30.8247286648217,37.3911195203992],[30.8233268907333,37.3902693684895],[30.8219470893009,37.390297580295],[30.8208305528425,37.3891693793402],[30.8202246093748,37.3879204644097],[30.8188916693791,37.3870464409721],[30.8191638861759,37.3861083984374],[30.8197132025821,37.3855805121526],[30.8197363281246,37.3844471571179],[30.815860527886,37.3880023871526],[30.8149877251517,37.3894726562499],[30.8141694471569,37.3902587890623],[30.815220675998,37.3903428819443],[30.815558200412,37.3899915907118],[30.8166586642793,37.3900141059027],[30.817200113932,37.3894504123262],[30.8183083089189,37.3905151367186],[30.8188861083981,37.3916368272568],[30.8185285101994,37.3924093967013],[30.8172250027123,37.39304172092],[30.8176321750214,37.3934819878472],[30.818933308919,37.3930365668402],[30.8210713704425,37.3930802408853],[30.8217276340058,37.3927422417533],[30.8255635579423,37.392757703993],[30.8280393473304,37.395278049045],[30.8298964436847,37.3956404622394],[30.8306361219615,37.3978445095485],[30.8321019151473,37.3992906358506],[30.831669447157,37.4019471571179],[30.8312211778426,37.4032568359373],[30.8319252522783,37.4047081163193],[30.8329360622826,37.4052289496527],[30.8360747612844,37.4044637044269],[30.8372075737844,37.4037209743923],[30.8375861273869,37.4013956705727],[30.8382966444224,37.4013810221352],[30.8386083306204,37.4036138237846],[30.8397194417315,37.4050781249998],[30.8394472249345,37.4058360460068],[30.8387329779729,37.4065223524303],[30.8391719563799,37.4069441731771],[30.8380527750648,37.4083306206596],[30.8371586100259,37.4111083984374],[30.8363861083981,37.4108360460068],[30.8352805582679,37.4088861762152],[30.834158325195,37.4083417426214],[30.8336137559675,37.4077747938367],[30.8298727077905,37.4077552625867],[30.8289902750648,37.4126665581597],[30.8278138563365,37.4138270399305],[30.8272250027124,37.4150027126735],[30.8266694471569,37.415558268229],[30.8248387315535,37.4160045030382],[30.8227846950953,37.4175773111978],[30.8227920871307,37.4191720920138],[30.8211142306856,37.4199861653646],[30.8211051432289,37.4204302300346],[30.8230754258894,37.4213861762153],[30.8222250027123,37.422203233507],[30.8225851779512,37.4229671223957],[30.8249497477211,37.423428548177],[30.8254764811194,37.4254839409721],[30.8236519368486,37.4261083984373],[30.8226440429685,37.4256504991319],[30.8213493516707,37.4236756727429],[30.819129435221,37.4231068250867],[30.8185179307721,37.4243674045138],[30.8138805474172,37.4263804796007],[30.8120610894094,37.4276139322916],[30.808891669379,37.4286745876735],[30.8104595269094,37.4290855577255],[30.8122208658853,37.42817843967],[30.8132312689883,37.4297195095485],[30.8150231933591,37.4286040581596],[30.8160805257158,37.4275035264756],[30.8172087266707,37.4274804687499],[30.8185545518661,37.4281738281248],[30.8205147298174,37.4275027126735],[30.8210911051429,37.4279909939235],[30.8214109971785,37.4292393663193],[30.8194274224172,37.4297230360243],[30.8182975938582,37.4308989800346],[30.8158850097653,37.4302804904513],[30.8151296657984,37.4308995225693],[30.8160501437715,37.432257486979],[30.8152805582678,37.433058268229],[30.8136192491316,37.4338972981769],[30.8127751329206,37.433614095052],[30.8121074083113,37.4329191080728],[30.8096937391491,37.4348673502603],[30.8083645968963,37.4355520290798],[30.8075082058374,37.4355696614583],[30.8056478542748,37.4349327256943],[30.8043107774519,37.4358390299478],[30.8008363850909,37.4363783094617],[30.8008135308156,37.4374967447916],[30.8027804226343,37.4374745008679],[30.8036244710284,37.4383528645832],[30.8052260335283,37.4383203124998],[30.8069420030378,37.4388918728297],[30.8121600341794,37.4388476562498],[30.814691636827,37.4411075846352],[30.8157853868269,37.4411300998263],[30.8174407280813,37.4394892035589],[30.8190099419484,37.4405528428818],[30.819849989149,37.4391726345486],[30.8219684516057,37.4391699218748],[30.8229883490665,37.4381084526908],[30.8260266113278,37.4376139322916],[30.8274932183157,37.4371378580728],[30.8274860297306,37.4355669487846],[30.8293316650388,37.4349631076387],[30.8297222222219,37.4341582573784],[30.8308133273651,37.4341805013019],[30.8311251491967,37.4338807508679],[30.8310915120441,37.4322355143228],[30.8319138590492,37.4314038085936],[30.8335939534503,37.4313693576388],[30.8359301757808,37.4333306206596],[30.8372306315101,37.4319411892361],[30.83688422309,37.4301125759547],[30.8372852240666,37.4273684353298],[30.8341920301646,37.4255802408853],[30.8333304172089,37.4236083984374],[30.8352805582679,37.4211138237847],[30.8363680691186,37.4181871202255],[30.8398022460935,37.4133360460068],[30.8406608751083,37.4142762586804],[30.8397250027124,37.4174593098957],[30.8399972195093,37.4191693793402],[30.8408213297523,37.4203851996527],[30.8408403184675,37.4213159179686],[30.8404669867619,37.4239903428818],[30.8397250027124,37.4247032335068],[30.8427455647784,37.4277612304686],[30.8436138916013,37.4283306206597],[30.8444305419918,37.429414876302],[30.8449972195091,37.4310704210068],[30.8447250027124,37.4316693793401],[30.8424113633895,37.4340435112846],[30.8408361138236,37.4344471571179],[30.8375027804901,37.4347436523436],[30.8383305528425,37.4352804904512],[30.8394472249345,37.4355528428818],[30.8404405381942,37.4368929036457],[30.8411140272349,37.4372195095485],[30.8410975477428,37.4380268012152],[30.8416638861758,37.4397249348957],[30.842780558268,37.4419417317707],[30.8430527750648,37.4433360460068],[30.8437444390187,37.4448665364582],[30.8442198350691,37.4453233506944],[30.8438916693789,37.4466693793402],[30.8416694471568,37.4470312499999],[30.8427743191185,37.4496910264756],[30.8427861192487,37.4502696397568],[30.8416694471568,37.4524373372395],[30.8419785563147,37.4547195095484],[30.8427432590058,37.4543223741318],[30.8442374674477,37.4495572916665],[30.8432960340709,37.4477300347221],[30.8458043077254,37.4467407226561],[30.8463861083982,37.445040690104],[30.8458361138234,37.4444417317707],[30.8450648328989,37.4440673828124],[30.8445864529077,37.4426698133679],[30.8480249701602,37.4391701931423]],[[30.8327862548825,37.4166181098089],[30.8317261420353,37.4169189453123],[30.8312254503036,37.41558078342],[30.8302523464624,37.4150254991319],[30.8300254313147,37.4138891601561],[30.8312499999997,37.4137499999999],[30.8316871473522,37.4143831380208],[30.8331288655596,37.4150897894964],[30.8327862548825,37.4166181098089]],[[30.8539710828991,37.3519759114582],[30.854583333333,37.3518055555555],[30.8550179036454,37.3527598741318],[30.8552598741316,37.3541563585068],[30.8545720757376,37.3558154296875],[30.8529302300345,37.3545982530382],[30.8532335747611,37.3525453016492],[30.8539710828991,37.3519759114582]]]},"properties":{"id":"reservoir-gdw-1567","hesIds":["hes177-091","hes177-092"],"basinIds":["9"],"riverSystemIds":["river-system-039","river-system-044"],"damName":"Karacaoren 1","reservoirName":"Karacaoren 1","basinId":"9","source":"GDW","sourceId":"1567","sourceUrl":"https://services8.arcgis.com/oTalEaSXAuyNT7xf/ArcGIS/rest/services/GDW_v1_epsilon_gdb/FeatureServer/1","matchMethod":"name+coordinate","matchConfidence":"medium","areaKm2":26.497,"validated":true,"validationNotes":"Turkey envelope; facility name, basin/river relation and coordinate distance check"}},{"type":"Feature","id":"reservoir-gdw-297","geometry":{"type":"Polygon","coordinates":[[[38.4827750651044,38.6992129177525],[38.482224934896,38.6977750651048],[38.4802878146704,38.6973027886291],[38.48025906033,38.6958924696189],[38.480616590712,38.6944976128479],[38.4800417751736,38.6939453125007],[38.4786165364584,38.6910968695753],[38.4767513020835,38.6911348470058],[38.4750027126738,38.6902750651048],[38.4729394531252,38.6898722330736],[38.4715199110245,38.6884414333774],[38.4697235785592,38.6891700575093],[38.4632329644098,38.6885499403218],[38.461192762587,38.6875294325093],[38.4596318901912,38.6885873752176],[38.4571104600697,38.6886389160164],[38.4558116319446,38.6877583821621],[38.4539105902779,38.6877971733947],[38.4530582682292,38.6872195095492],[38.4511083984377,38.6869471571187],[38.4503615993925,38.6865625000007],[38.4494634331598,38.687497287327],[38.4475027126738,38.6855528428825],[38.4429996744792,38.6832919650614],[38.4372726779516,38.6833032226568],[38.436140950521,38.6838861762159],[38.4319954427086,38.6835206434468],[38.4285869683161,38.6811796061204],[38.4225493706599,38.6794788953999],[38.4200246853301,38.6780799696188],[38.4176356336808,38.6750920952697],[38.4150249565975,38.6725404188375],[38.4141973198787,38.6708707682297],[38.4108504231771,38.6680990939676],[38.4102861870661,38.6669361707906],[38.4094514973959,38.6661343044711],[38.4082031250002,38.6639812554261],[38.407720811632,38.66101928711],[38.4072051323786,38.6599564615892],[38.4063861762153,38.6591693793409],[38.4054790581598,38.6573339843757],[38.402802734375,38.6547626410597],[38.4021161566841,38.6533839246968],[38.3975507269966,38.6491912163635],[38.3950320095488,38.6482572428393],[38.3938943142363,38.6465222167976],[38.3925374348959,38.6458638509121],[38.3910964626737,38.6444235568582],[38.3874886067711,38.6435441080735],[38.3850705295139,38.6425903320319],[38.3833995225697,38.6408511013461],[38.3824972873264,38.6405582682299],[38.3803567165801,38.6384362792975],[38.3788861762155,38.6363916015631],[38.3785389539933,38.6342593044712],[38.3768001302084,38.6315333387593],[38.3761081271704,38.6294468858515],[38.3761355251738,38.6281156412766],[38.3755582682294,38.6252750651047],[38.374724934896,38.6236083984381],[38.3738861762153,38.6230582682299],[38.3730582682293,38.6219417317715],[38.371941731771,38.6211138237855],[38.3688403320314,38.6168869357646],[38.3680582682293,38.6152750651048],[38.3669802517362,38.6142390950527],[38.3677804904515,38.6130582682298],[38.3681890190974,38.6117999945752],[38.3688861762153,38.611130099827],[38.3685226779515,38.6088753255215],[38.3677935112848,38.6067454698359],[38.3677967664932,38.6039363606776],[38.367393934462,38.6031061469191],[38.3655658637155,38.6017508951829],[38.3655308702259,38.6000444878479],[38.3669645182293,38.5983413357211],[38.3669387478299,38.5970780436204],[38.3686083984376,38.5944417317714],[38.3705417209203,38.5919741482211],[38.3708468967015,38.5910823567715],[38.3708203125002,38.5897808159728],[38.3724297417536,38.5850176323791],[38.3711151801217,38.5811778428825],[38.3710866970487,38.5797823079434],[38.3714675564237,38.5786702473964],[38.3705552842883,38.5777939181864],[38.3701928710938,38.5759369574659],[38.3694471571183,38.5755528428825],[38.3677804904515,38.5752274576829],[38.3684646267362,38.5732137044278],[38.3702682834204,38.5714360894104],[38.3703005642362,38.569855957032],[38.3698722330731,38.5676618109815],[38.3681651475696,38.5659875488287],[38.3653556315106,38.5624926757819],[38.3663861762154,38.5597195095492],[38.3674251302085,38.5579069010423],[38.3688926866322,38.5563793945319],[38.3721704101565,38.5572195095492],[38.3719392903647,38.5563567437072],[38.3700027126737,38.5544961208774],[38.3713916015628,38.5519471571187],[38.3717030164931,38.5503525119364],[38.3736246744792,38.5494420030388],[38.3741935221355,38.5482693142368],[38.3763712565105,38.5461771647142],[38.376923014323,38.5444764539937],[38.3785611979168,38.5424962022576],[38.3799972873265,38.5425254991325],[38.3797148980035,38.5413437228739],[38.3777804904515,38.5394852701829],[38.3781887478299,38.5373366970493],[38.3836618381079,38.5330582682297],[38.3840500217016,38.5335182020406],[38.3846202256947,38.5352750651048],[38.3855582682292,38.5350027126742],[38.3858306206599,38.5327750651048],[38.3885213216148,38.5294284396707],[38.3899991861979,38.5294585503479],[38.3903203667535,38.528468288846],[38.391941731771,38.5280528428825],[38.3950027126738,38.527780490452],[38.3991693793403,38.5261138237853],[38.4008295355904,38.525107286242],[38.4029676649306,38.5242639160162],[38.4035915798613,38.5236143663201],[38.4046148003472,38.5235934787334],[38.4068720160592,38.5240341525613],[38.407224934896,38.5247195095492],[38.4075569661459,38.5267584906691],[38.4080609809028,38.5277974446621],[38.4102351888021,38.5277530924485],[38.4116918945315,38.5296358235684],[38.413052842882,38.5305582682298],[38.4152750651043,38.5311001247836],[38.416373155382,38.5327750651048],[38.4177357313369,38.5307066514763],[38.4204766167535,38.5293522135423],[38.4197249348961,38.528630099827],[38.4203287760418,38.5283011881517],[38.4234602864585,38.528701443143],[38.4257633463544,38.5275150553391],[38.4313916015627,38.5272249348965],[38.4386140950522,38.5261138237853],[38.4386081271704,38.5258306206603],[38.4391639539932,38.5252750651049],[38.4412323676218,38.5249382866759],[38.441692437066,38.5235199652783],[38.4434545898438,38.5200024414069],[38.4449972873266,38.5189910210511],[38.4447249348959,38.5180528428826],[38.4423391384552,38.5171116807731],[38.4413916015625,38.5136083984381],[38.44029296875,38.5125527615024],[38.4402693684896,38.511393364801],[38.4431966145834,38.5109655761725],[38.4481735568579,38.5126391601569],[38.4522195095489,38.5094417317716],[38.4597379557293,38.5057957628044],[38.4635221354168,38.5047006564676],[38.4663262261285,38.5052750651048],[38.4683360460071,38.5036138237853],[38.4694398328995,38.502124972874],[38.4739317491321,38.4984261067715],[38.4763861762154,38.497497287327],[38.4844417317709,38.4955528428826],[38.4864043511286,38.4952788628479],[38.4891010199654,38.4933638509121],[38.4926101345488,38.4921000162767],[38.4938620334203,38.4908973524311],[38.4941639539931,38.4902750651048],[38.4959149848091,38.4891962348096],[38.4985894097224,38.4891860622836],[38.4998640950523,38.4883220757385],[38.5041341145835,38.4884091525614],[38.504669325087,38.4873055013027],[38.5066639539932,38.4855528428825],[38.5100027126738,38.4852804904521],[38.5120882161461,38.484206271702],[38.516039496528,38.4841255696621],[38.5171923828127,38.4847195095494],[38.5182956271702,38.4836220974398],[38.5211813693577,38.4817038302959],[38.5228073459203,38.4813864474833],[38.5238699001737,38.4802804904521],[38.5249669053821,38.4806297471795],[38.5260091145835,38.4822195095492],[38.5263918728301,38.4819471571187],[38.5263585069445,38.4803150770405],[38.5271082899306,38.4795347764763],[38.5297848849826,38.4791611056863],[38.5368305121529,38.4772500271275],[38.5396823459202,38.4772469075527],[38.5404519314238,38.4768504503044],[38.541636827257,38.4780528428826],[38.5425027126738,38.477780490452],[38.5443473307294,38.4762916395405],[38.5469471571183,38.4755582682298],[38.5483306206598,38.4744417317715],[38.550464138455,38.474143880209],[38.5519398328995,38.4731435818149],[38.554637858073,38.4721398925788],[38.5550542534723,38.4738475206171],[38.5578708224827,38.4743279351134],[38.5586138237848,38.4736138237853],[38.5592000325522,38.471807318794],[38.5608615451389,38.4708211263028],[38.5619146050348,38.4697249348964],[38.563719075521,38.4708216688374],[38.5647441948787,38.4692579481343],[38.5658620876739,38.4688753255214],[38.5688066948786,38.468935411242],[38.5716693793405,38.4677804904519],[38.5736083984376,38.4666639539937],[38.5751706271703,38.4663589138461],[38.5777750651043,38.4644417317714],[38.579724934896,38.4633360460075],[38.5819213867189,38.4611182996968],[38.5825027126737,38.4608360460076],[38.5838050672745,38.4590794542107],[38.5854375542536,38.4582383897576],[38.5919471571183,38.4575027126743],[38.5944471571182,38.456669379341],[38.5984176974827,38.4547924804694],[38.6019531250002,38.454446614584],[38.6019192165801,38.4527878146707],[38.603377278646,38.4524140082472],[38.6043424479169,38.4538861762159],[38.6054375542536,38.4506070963548],[38.6073754882813,38.4499437120231],[38.6092396375869,38.451075710721],[38.61083062066,38.449997287327],[38.6139274088544,38.4490546332472],[38.6147306315106,38.4494444444451],[38.6147083875869,38.450544162327],[38.6153881835939,38.4508943684901],[38.6171815321183,38.450280490452],[38.6175027126736,38.4505528428825],[38.6178553602431,38.4516392686638],[38.6189553493925,38.4510725911464],[38.6294257269967,38.451402723525],[38.631113823785,38.4505582682298],[38.6327872721354,38.4492886013461],[38.6361083984376,38.4486083984381],[38.6402804904515,38.4483360460076],[38.6447509765627,38.4472086588548],[38.6473261176216,38.4472611490892],[38.6502709960939,38.4466579861118],[38.6548868815105,38.4466955566414],[38.6586848958335,38.4463859049485],[38.6608360460071,38.4438916015631],[38.6627533637155,38.440580240886],[38.6641639539932,38.4394417317714],[38.665563964844,38.4391682942715],[38.6655476888022,38.4383698187941],[38.6666305881079,38.4372428385423],[38.6694430881077,38.4372420247403],[38.6698399522571,38.4356140136725],[38.670936686198,38.4352387152785],[38.6728040907118,38.4356212022576],[38.672224934896,38.4339297146273],[38.6726744249135,38.4333992513027],[38.6738861762155,38.4327750651049],[38.675560980903,38.4323666720926],[38.6774438476563,38.4309380425354],[38.679999186198,38.4300842285162],[38.6815098741322,38.4311083984381],[38.6819471571182,38.4305582682297],[38.682269965278,38.4292347547749],[38.6854823133683,38.4288240559903],[38.6872032335071,38.4305528428826],[38.6902351888021,38.4291760253913],[38.6940380859376,38.4292291937941],[38.6963897026911,38.4288856336813],[38.7040874565974,38.4310814073357],[38.7077389865453,38.4327703179259],[38.7144471571182,38.434997287327],[38.7164908854168,38.4363825141065],[38.7215228949655,38.4361040581604],[38.7227750651044,38.4330528428826],[38.7239949544272,38.4311618381083],[38.7330558268231,38.4288787163635],[38.73333062066,38.4297249348965],[38.7341693793404,38.429997287327],[38.7345505099829,38.4307826063374],[38.7387646484378,38.4319417317714],[38.7415120442709,38.4313538953999],[38.7436187065974,38.4317853461378],[38.7450027126737,38.4311138237854],[38.7458034939237,38.430280490452],[38.7469254557292,38.4313861762159],[38.7477612304688,38.4297310384121],[38.7483360460071,38.4297193739157],[38.7486838107641,38.4322094726569],[38.7500008138022,38.4322364637593],[38.7503116861982,38.4303267415372],[38.751111653646,38.4310953776049],[38.7514303927953,38.4330528428826],[38.752224934896,38.432780490452],[38.7526277669272,38.4319502766933],[38.7537953016496,38.4319265407992],[38.7547195095489,38.4333360460076],[38.7555289713543,38.4337288411464],[38.7541693793403,38.4346200900613],[38.7546354166668,38.4352750651048],[38.7577897135419,38.4340048556863],[38.757761230469,38.4353983561205],[38.7598708767364,38.4349662272142],[38.7652533637154,38.4350760904955],[38.7696207682292,38.4347041829433],[38.7736138237848,38.4352750651048],[38.7756559244795,38.4367576768669],[38.7751318359377,38.4377750651048],[38.7766943359377,38.4374983723965],[38.778586154514,38.4365238444017],[38.7794675021702,38.4369516330301],[38.7804112413197,38.4379336208773],[38.7810923936635,38.4372245279955],[38.7834404839411,38.4364360894103],[38.7877853732641,38.4354368760856],[38.7897195095488,38.4363916015631],[38.7916639539933,38.4367081705737],[38.7913916015626,38.4377804904521],[38.7900027126737,38.438454318577],[38.7907609049481,38.4394401041673],[38.7913807508682,38.4394527180996],[38.7923874240452,38.4389341905389],[38.7950027126738,38.4397195095492],[38.7955528428822,38.4411138237853],[38.7976161024308,38.4415166558166],[38.7986075846355,38.4424694824225],[38.7986195203993,38.4430555555562],[38.7977804904515,38.4434625922315],[38.7983753797744,38.4439265950527],[38.8007926432293,38.4435732693149],[38.8022195095489,38.4447249348965],[38.8038916015628,38.444997287327],[38.8049069552953,38.4460540093323],[38.8077056206599,38.4465096028652],[38.808319498698,38.4477750651047],[38.8093424479169,38.4463916015631],[38.8116360134549,38.4466963704434],[38.8116365559898,38.4507849121099],[38.8127479383682,38.4519417317714],[38.8140643988716,38.450988769532],[38.8145749240454,38.4488947211378],[38.8172073025175,38.4489198133687],[38.8172252061635,38.4480528428826],[38.8161718750001,38.4473623318148],[38.8155059136287,38.4457202148444],[38.81583062066,38.4447195095493],[38.8172249348959,38.4430582682298],[38.8175325520835,38.4417972819017],[38.8199346245663,38.4405597602002],[38.8213755967885,38.4405750868061],[38.8216813151043,38.4402568901916],[38.8255655924481,38.4393100314676],[38.8291989474828,38.436927897136],[38.8299595811635,38.436136067709],[38.8322566731771,38.435270317926],[38.8350273980037,38.4329779730909],[38.8358298068577,38.4314200846362],[38.8358748372399,38.4292209201395],[38.8338861762155,38.425280490452],[38.8333251953127,38.4235979546447],[38.8333555772572,38.4207124837245],[38.8329220920141,38.4180499945753],[38.8324091254341,38.4170539008253],[38.8330305989584,38.4145045301654],[38.8340782335072,38.4123452419711],[38.8361138237848,38.4108360460076],[38.8378439670141,38.4090808105475],[38.8424972873266,38.4063861762159],[38.8443652343751,38.4060214572489],[38.845806749132,38.4052788628478],[38.8511051432294,38.4041784667975],[38.8519037543405,38.4033471679694],[38.8544471571182,38.402780490452],[38.8568353949653,38.4014050292975],[38.8591837565106,38.4008326551656],[38.8599804687502,38.4000032552089],[38.8624457465278,38.4000358072923],[38.86333062066,38.398886176216],[38.8651898871529,38.3981528049051],[38.8666639539932,38.3966639539936],[38.8694040256079,38.3944694010423],[38.87051296658,38.3938982476134],[38.8730297851563,38.3939081488722],[38.8758083767364,38.3905959743931],[38.8772040473094,38.3877898491759],[38.8784488932293,38.3862265353739],[38.8798630099828,38.3851782226568],[38.8813861762155,38.3811083984381],[38.883024902344,38.378092990452],[38.8841471354169,38.3769904242628],[38.8852804904516,38.3733360460075],[38.8855552842884,38.370245632596],[38.8863563368058,38.3679058159728],[38.885479871962,38.365345052084],[38.8886083984378,38.3622195095492],[38.8900520833335,38.3615189615891],[38.891717122396,38.3592727322054],[38.8925027126739,38.3588916015631],[38.893280436198,38.3580821397575],[38.8957853190107,38.3580687120232],[38.8984575737848,38.3575214301223],[38.9005528428821,38.3580582682298],[38.9039618598092,38.3583615451395],[38.9061138237849,38.3588861762158],[38.9071923828126,38.3594417317715],[38.9102804904515,38.3591693793409],[38.9108189561633,38.3586092122402],[38.9147249348959,38.3583360460076],[38.9188861762154,38.3569417317715],[38.9205712890628,38.3566673448357],[38.9227159288197,38.354480523004],[38.9251112196183,38.3537297905822],[38.9280992296008,38.3516497124572],[38.9297195095487,38.349997287327],[38.9311778428822,38.3496416558166],[38.9325067816843,38.3480399576829],[38.9338861762154,38.347370741103],[38.9336138237848,38.3466639539937],[38.9326795789931,38.3457663302957],[38.9332804361982,38.3445277235249],[38.9355582682293,38.3425027126742],[38.9360972764759,38.3413920084642],[38.9372067599829,38.3414027235249],[38.9399655490454,38.3397296820752],[38.942043185764,38.3390555826829],[38.9436876085071,38.3374032931863],[38.9462980143231,38.3367668999572],[38.9486138237848,38.3350027126742],[38.949997558594,38.333629692926],[38.9504115125869,38.3323540581604],[38.9527750651043,38.3302750651047],[38.9544471571182,38.3294471571187],[38.9555305989584,38.3277948676221],[38.957616373698,38.3270079210075],[38.9582215711807,38.3257604980475],[38.9591639539931,38.3252750651047],[38.9638916015628,38.3241693793409],[38.9655417209203,38.3233194986985],[38.9700027126738,38.3219471571186],[38.9720795355904,38.3210487196187],[38.9771961805558,38.3211531575527],[38.9840223524308,38.320280490452],[38.9861083984378,38.3211138237855],[38.9880582682295,38.3213861762159],[38.9899028862848,38.3221341959642],[38.9920214843751,38.3226506890197],[38.9932261827258,38.3234406195754],[38.9944167751738,38.3252566189243],[38.9957929144967,38.32664171007],[38.9974858940973,38.327480740018],[38.9978925238718,38.3282699924051],[38.997224934896,38.3286138237854],[38.9950027126739,38.3290477159296],[38.9952750651045,38.3297249348965],[38.997224934896,38.3299972873271],[38.9991205512154,38.3322429741759],[39.0010473632815,38.3322036404087],[39.002224934896,38.3327750651047],[39.0032861328127,38.3338793945319],[39.005505371094,38.3338700358079],[39.0101614040799,38.3350448947488],[39.0135126410593,38.3349765353738],[39.0163262261286,38.3355528428825],[39.0180531141496,38.3349971516934],[39.0207522243925,38.3349648708774],[39.0213972981772,38.3352777777784],[39.0213747829862,38.336386176216],[39.0219580078127,38.3361088053391],[39.0224972873266,38.334997287327],[39.0230582682294,38.3347249348965],[39.0241175672745,38.3336226399746],[39.0258889431424,38.332744818794],[39.0277804904516,38.3330528428826],[39.0312703450523,38.3349599880649],[39.0347843424481,38.3353417968756],[39.0377804904515,38.3366639539936],[39.038613823785,38.337497287327],[39.0391528320313,38.3386079915371],[39.0423659939239,38.3385713704433],[39.0444525824655,38.3394527180997],[39.0453710937503,38.3394340006517],[39.0462868923613,38.3408306206603],[39.0468853081598,38.3390374077697],[39.0490375434029,38.3394782172315],[39.0532685004342,38.3393919542108],[39.0557470703128,38.3397953287766],[39.0619094509551,38.3422197808165],[39.0645369466147,38.3426474338115],[39.0657166883682,38.3434472656256],[39.0678803168404,38.3443249511726],[39.0705582682294,38.3449972873271],[39.0737654622397,38.3461574978305],[39.0745526801219,38.347731662327],[39.0764990234378,38.3471000162766],[39.0774221462676,38.3461749945752],[39.0825027126737,38.3455582682298],[39.0829516601564,38.3441748046881],[39.0866351996531,38.3437746853306],[39.0879440646704,38.3431004503044],[39.0949373372397,38.3419471571187],[39.0961083984378,38.3423018391933],[39.0952631293404,38.3436414930561],[39.0930786132814,38.345826144749],[39.0919639756947,38.3463670518669],[39.0911138237848,38.3476209852437],[39.0915554470488,38.3483306206603],[39.0934168836807,38.3479169379346],[39.0958417426218,38.3461193847663],[39.0977587890627,38.3441693793411],[39.0987830946182,38.344495442709],[39.0991737196184,38.3453009711378],[39.1002606879342,38.346345350478],[39.1008116319447,38.3474806043843],[39.1043983289932,38.3494417317715],[39.1099867078996,38.3490260145407],[39.1108360460072,38.3486138237853],[39.1115806749133,38.3474784342454],[39.1149972873267,38.3475481499572],[39.1134497070314,38.345994194879],[39.1146221245663,38.3420353190111],[39.1152604166668,38.3414218478739],[39.1158360460071,38.3400027126743],[39.1167833116322,38.3358961317281],[39.1177441406253,38.3339157443583],[39.1203550889758,38.3305624728738],[39.124604763455,38.3299419487855],[39.1254359266495,38.3282765028218],[39.1277804904516,38.3269471571186],[39.1305343967015,38.3250276692714],[39.1313601345487,38.3241682942715],[39.1335332573787,38.3231138780388],[39.1346864149308,38.3219646538635],[39.1391639539932,38.3186083984381],[39.1424321831599,38.3174522569451],[39.1428336588544,38.3145761447489],[39.1444930013023,38.3115710449225],[39.1472195095489,38.3088861762159],[39.1486645507815,38.3080282931863],[39.1502115885418,38.3064797634556],[39.1508360460071,38.3055582682298],[39.1511810980904,38.3034393988721],[39.1533138020836,38.3008365885423],[39.1541354709203,38.3008197699659],[39.1563701714413,38.3030532497836],[39.1578599717884,38.3036576334641],[39.1613823784725,38.3036027018235],[39.1650979275176,38.3056102159294],[39.1661138237849,38.305280490452],[39.1669137912329,38.3044478352871],[39.1674972873267,38.3044360351569],[39.1679777018232,38.304936116537],[39.172360839844,38.3056837293843],[39.1730639648438,38.3050082736552],[39.1737405056425,38.3036138237853],[39.174753417969,38.3038939073357],[39.1747081163197,38.3061079915371],[39.1755468750002,38.3061250813809],[39.1752389865454,38.3030745442714],[39.1730742730036,38.3030304633252],[39.1725244140626,38.3036028374573],[39.1711113823787,38.3038921440979],[39.1686035156253,38.3036197916673],[39.1674820963543,38.3030421278218],[39.1647195095488,38.3025027126742],[39.1637630208335,38.3018543836813],[39.1603534613717,38.3013562011726],[39.1583582899307,38.3013968912767],[39.157481011285,38.3009712727871],[39.1558612738718,38.2985009765631],[39.1527872721355,38.2972885470927],[39.1516693793406,38.2933741590717],[39.1527861870661,38.2922195095492],[39.1524104817709,38.2879359266499],[39.1536781141496,38.2858005099832],[39.1560167100695,38.2850416395406],[39.15833062066,38.2839191352002],[39.1578648546009,38.2833874511725],[39.1555962456601,38.2841639539937],[39.1535487196182,38.2838378906256],[39.1515388997399,38.2828629557298],[39.1505504014759,38.280534396702],[39.1491761610246,38.2792138671881],[39.1491748046877,38.2780672200527],[39.1481013997399,38.2752305772576],[39.1475027126738,38.2727750651049],[39.1447192382815,38.2655581325961],[39.1444471571182,38.2622195095492],[39.1435172526044,38.2606590440544],[39.1447195095488,38.2594634331603],[39.1430514865453,38.2558129882818],[39.1423193359377,38.2551095920145],[39.1432221137155,38.2510309516065],[39.1427696397571,38.2497090657558],[39.1427856445315,38.2489138454868],[39.1419780815974,38.2472490776915],[39.1408360460072,38.2461300998271],[39.1420675998265,38.2393722873269],[39.1435736762155,38.2386416286898],[39.1441639539934,38.2380745442714],[39.1435978190106,38.2374804687506],[39.1422363281253,38.2375082736551],[39.1418476019968,38.2371346028651],[39.1405609809029,38.2337346733947],[39.1405639648439,38.2325027126743],[39.1388926866322,38.2289371744797],[39.1389062500002,38.2267881944451],[39.1370914713543,38.2277231174051],[39.1361029730904,38.2272139485683],[39.1341696506078,38.2272138129347],[39.1347195095488,38.2286138237853],[39.1358390299482,38.2300000000006],[39.1355498589411,38.2302777777783],[39.1361140950522,38.2308200412332],[39.1361027018231,38.2313861762159],[39.1363918728301,38.2316639539937],[39.1363859049481,38.2336136881516],[39.1374782986113,38.2352250162767],[39.1383363172746,38.2383310275614],[39.138336588542,38.2397452799485],[39.1375279405383,38.2421081542976],[39.1374924045141,38.2477365451394],[39.1383151584205,38.2494323730475],[39.1388050672744,38.2499030219189],[39.13833062066,38.2522195095492],[39.13795952691,38.2560133192282],[39.1370347764758,38.2564896647142],[39.1344471571183,38.2569947645405],[39.1352807617189,38.2576996527783],[39.1380335828995,38.2585929361986],[39.1388563368056,38.2601901584208],[39.1369525824654,38.2608417426221],[39.1358631727432,38.2602804904521],[39.1361249457468,38.2608738878044],[39.1374915907121,38.2622304958775],[39.1396435546877,38.2632746039502],[39.1402278645836,38.265670708551],[39.1417361111112,38.2687375217019],[39.1413009982641,38.2696341959641],[39.1400027126739,38.270280490452],[39.1358455403648,38.2705711534294],[39.1347246636287,38.2716480848531],[39.1345833333336,38.272083333334],[39.135277777778,38.2723209635422],[39.1374142795141,38.2715897623704],[39.138260904948,38.2724416775179],[39.1420000542537,38.2728073459207],[39.1436119249134,38.2744179958774],[39.1438861762154,38.277780490452],[39.1449972873265,38.2813916015631],[39.1454972330731,38.2818720160596],[39.1477446831598,38.2865780978739],[39.1474918619795,38.2930373806429],[39.1478173828127,38.294307725695],[39.1477699110245,38.2966391330302],[39.1481193033854,38.2986877441412],[39.147686903212,38.3017841254346],[39.1465600585941,38.303502739801],[39.1439029947918,38.3049807400179],[39.1427918836808,38.3072185601134],[39.1408067491323,38.3083441840283],[39.1397195095489,38.3091639539937],[39.1394471571183,38.3097249348966],[39.1377886284725,38.3108124457472],[39.137008463542,38.3146662055128],[39.132224934896,38.3194471571188],[39.127604980469,38.3227391221795],[39.1253325737849,38.3238416883686],[39.1230883789065,38.3260938856343],[39.1216425238717,38.326680365669],[39.1200474717884,38.3266478135856],[39.1194007703995,38.3269613986552],[39.1181266276043,38.3282876247837],[39.1160359700524,38.3297707790804],[39.1133306206598,38.3341639539936],[39.112491590712,38.3361028374573],[39.1117805989586,38.3404710557733],[39.1112453884551,38.3421204969625],[39.1078184678821,38.3452639431429],[39.1059499782987,38.3457427300354],[39.1044360351565,38.345008273655],[39.1016726345489,38.3428674316412],[39.1005297851564,38.3413614908859],[39.0997439236114,38.3397416178391],[39.0985639105904,38.3389417860249],[39.0914900716149,38.3388597276481],[39.0900027126738,38.3394471571187],[39.0871752929689,38.3397237141933],[39.0839407009552,38.3405528428826],[39.0783645290801,38.3399654134121],[39.0723388671878,38.3410205078131],[39.0713658311635,38.3405483669711],[39.0697292751738,38.3389120822489],[39.0691837565108,38.337787272136],[39.0666612413197,38.3370888943148],[39.0647048611114,38.3356045193149],[39.0575743272571,38.3346930609815],[39.051321885851,38.3358266872837],[39.0480639648438,38.3349917263461],[39.0438945855036,38.3343130154086],[39.0443595377605,38.3325027126743],[39.0436083984376,38.3327750651047],[39.0428157552086,38.3335999891501],[39.0407486979167,38.3340233018669],[39.0339583333335,38.3317076280389],[39.0330528428822,38.3311138237853],[39.0325138346355,38.3300031195753],[39.0292903645835,38.3300286187072],[39.0275032552085,38.3296626790371],[39.0233924696182,38.3297036404086],[39.0197195095488,38.3305528428826],[39.0191994900175,38.3310938856344],[39.017147623698,38.3319261338982],[39.0137725151913,38.3319950358079],[39.0089531792535,38.3314061143671],[39.007258029514,38.3308559841586],[39.0055674913197,38.3300181749138],[39.0027964952258,38.3272245279954],[39.0017900933161,38.3268980577263],[39.0003526475697,38.323585069445],[39.0019208441843,38.3227772352438],[39.0049972873267,38.3224430338548],[39.004154730903,38.3216749403219],[39.0000547960071,38.321673990886],[38.9975629340279,38.3211876085075],[38.9965299479168,38.3198262532559],[38.9975027126738,38.3188916015631],[38.9991544596356,38.3162955729172],[38.9991786024308,38.3151159667975],[38.9971991644968,38.3161182996968],[38.9966693793404,38.3166693793409],[38.9944607204864,38.3172078450527],[38.9926795789932,38.3182878960511],[38.9876098632814,38.3175470648877],[38.9833306206598,38.3172249348966],[38.9817453342016,38.3166824001742],[38.9773578559031,38.3165928819451],[38.9740730794273,38.3171531846795],[38.9727804904515,38.3158523220493],[38.9733653428821,38.3152088758687],[38.9759939236113,38.3145351833775],[38.9786138237849,38.3141693793408],[38.9806296115452,38.312803005643],[38.9833306206598,38.3124259440111],[38.982961154514,38.3113916015632],[38.9802750651044,38.3122195095492],[38.9791400824654,38.3130805121534],[38.9756179470488,38.3130086263029],[38.9739230685765,38.314157443577],[38.9689024522572,38.314203287761],[38.9686040581599,38.3135879177523],[38.9669325086807,38.3119262695319],[38.9630696614584,38.3097414822055],[38.9625027126739,38.3086409505215],[38.9632975260419,38.307791069879],[38.9641639539932,38.307370741103],[38.9634016927085,38.3069471571187],[38.9609296332466,38.3077559407558],[38.9592184787328,38.3077909342454],[38.9583306206598,38.3075027126742],[38.9569471571181,38.3063861762158],[38.9558287217884,38.3060230848531],[38.9544862196183,38.3051131184902],[38.9522195095489,38.3044471571187],[38.9513916015625,38.3038861762159],[38.9502750651044,38.3036138237853],[38.9500027126738,38.3033306206605],[38.9466099717885,38.3020224338115],[38.9444417317711,38.3016693793409],[38.943929307726,38.3011360677089],[38.9428293185765,38.3005693901916],[38.9398437500003,38.2999727376309],[38.9363658311633,38.2974928114155],[38.9356016710071,38.2966975911466],[38.9331852213543,38.2953059895839],[38.9314518229167,38.2948833550353],[38.9266639539932,38.2925027126744],[38.9233433702259,38.2898291015632],[38.9192919921877,38.285612114801],[38.9150778537327,38.2833916558166],[38.9141693793404,38.2825189887159],[38.915197482639,38.2818020290805],[38.9186138237848,38.2822195095492],[38.9205067274308,38.2829871961812],[38.9218337673612,38.2821172417541],[38.916745605469,38.2808360460075],[38.9130528428821,38.2813861762159],[38.9119742838544,38.2819417317714],[38.9102783203127,38.2815380859381],[38.906354980469,38.278672553169],[38.9049972873265,38.2766693793408],[38.904574652778,38.2753668891065],[38.901913248698,38.2747180175787],[38.900617404514,38.273369411893],[38.8999772135418,38.2730396864155],[38.897488606771,38.2724329969624],[38.8955528428821,38.2716693793409],[38.8916693793406,38.2697195095492],[38.8873280164932,38.2686277940546],[38.8845307074655,38.2682702636726],[38.8802804904515,38.2705253092454],[38.880617404514,38.2709099663634],[38.8835592990452,38.2716639539937],[38.8867833116321,38.2706945800787],[38.8891639539933,38.2716693793409],[38.8909103732641,38.2720951334642],[38.8927861870661,38.2733250596794],[38.8966376410592,38.2771344672314],[38.8973198784724,38.2794913736985],[38.8964208984376,38.2817072211378],[38.8971576605906,38.2832259114589],[38.8983520507815,38.2836134168842],[38.8993986002606,38.2847028266065],[38.9020773654515,38.2853546820753],[38.9041151258683,38.2863750542541],[38.9068747287327,38.286940239801],[38.9086029730904,38.2869304741759],[38.9103879123265,38.2883382161464],[38.9112277560766,38.2909263780388],[38.9119417317711,38.2916693793409],[38.9127804904516,38.2919417317714],[38.9136138237848,38.2927750651048],[38.9139678276911,38.2935045030388],[38.9152511935766,38.2941655815978],[38.9181247287327,38.294633382162],[38.9194675021702,38.2952849663635],[38.9213916015627,38.2972195095492],[38.92206108941,38.2985993109815],[38.9252577039933,38.2985974121099],[38.9271582031251,38.3005287000874],[38.9295925564238,38.3022054036464],[38.9327590603301,38.3022083875874],[38.9343969726565,38.3030520290804],[38.9363916015627,38.3033306206605],[38.9380135091149,38.304608832466],[38.9404676649308,38.3050880262592],[38.9410411241321,38.3062700737854],[38.9463916015627,38.3072195095494],[38.9516693793406,38.3086083984381],[38.9521899414065,38.3091501193582],[38.9560693359376,38.3115535481777],[38.9587806532119,38.3123277452265],[38.9604210069447,38.3148299153652],[38.9619767252607,38.3158498806429],[38.96385281033,38.3177157931863],[38.9644417317709,38.3188590494797],[38.9637304687502,38.3196702745232],[38.9597195095487,38.3211083984381],[38.9562426757815,38.3229627821186],[38.9543272569446,38.3243827311204],[38.9536195203996,38.3258416069884],[38.9514667426217,38.3268861219624],[38.9442933485245,38.3338194444452],[38.9419471571182,38.3352804904521],[38.9381049262155,38.3369116210943],[38.9322596571182,38.3399694824225],[38.9283192274309,38.3455548773877],[38.9283379448786,38.3464724392368],[38.9253374565975,38.3491215006517],[38.9220876736111,38.3507805718322],[38.9202750651042,38.3513861762158],[38.916738823785,38.3532694498704],[38.9159676106773,38.35404405382],[38.9132012261286,38.354941677518],[38.9109459092882,38.356227756077],[38.9035438368057,38.3552327473964],[38.9017881944446,38.3543598090285],[38.8956814236113,38.3544272189676],[38.8923844401045,38.3549639214417],[38.8907107204862,38.3553719075527],[38.889134385851,38.3564054361985],[38.8858303493926,38.3602644856776],[38.8858474392364,38.3611079915371],[38.8849872504341,38.3611254882818],[38.8822683376738,38.3597249348964],[38.8812811957467,38.360029568143],[38.8831998697918,38.3612875705302],[38.8836246744794,38.3625287543409],[38.8836081271702,38.3633360460076],[38.8841750759549,38.3636111111118],[38.8833276367189,38.3640223524311],[38.8833818901911,38.3683459472663],[38.8830582682293,38.3700027126742],[38.8827001953127,38.3703469509554],[38.8820545789933,38.3736532931863],[38.8814070638022,38.3749879286032],[38.8800008138022,38.3763719346795],[38.8797249348959,38.3775027126742],[38.8793001302085,38.3779111056864],[38.8788916015627,38.3791693793409],[38.8777129448786,38.3806296115458],[38.8764748806426,38.383181287978],[38.8744767252605,38.3852612304693],[38.8736083984377,38.3858306206603],[38.8729665798613,38.3868092176655],[38.8667526584204,38.3916601562506],[38.8658360460072,38.3930582682298],[38.8611083984376,38.3961083984381],[38.8603396267362,38.396908365886],[38.8561138237849,38.3988916015631],[38.8525653754342,38.4000838216152],[38.8482112630209,38.4010396321621],[38.8463861762156,38.4019417317715],[38.8458504231772,38.4024993218322],[38.8416639539932,38.4038861762159],[38.8358360460072,38.4069471571187],[38.8343777126738,38.4073027886291],[38.8330786132815,38.4086039225265],[38.8324769422745,38.4088960774746],[38.8314138454862,38.4099595811638],[38.8305669487849,38.4122207302524],[38.829163682726,38.4133306206604],[38.829119466146,38.4163342285163],[38.8302457682294,38.4174527994798],[38.8302330186633,38.4240032280823],[38.8305596245663,38.4270092773444],[38.831941731771,38.429692382813],[38.831580403646,38.4315783691412],[38.8293359375002,38.4320166015631],[38.828613823785,38.4341693793409],[38.8271202256945,38.4345335557733],[38.8225328233509,38.4385938856343],[38.8183580186633,38.4402564832906],[38.8171012369794,38.4411083984381],[38.814441731771,38.4408360460076],[38.812956542969,38.4400990125874],[38.8125027126738,38.4391639539937],[38.811694607205,38.4387718370232],[38.8112502712675,38.4364953613288],[38.8100070529515,38.4353009711377],[38.8094750976563,38.4342041015631],[38.8080471462675,38.4330540635856],[38.8080753580732,38.431669379341],[38.8072195095489,38.4319417317714],[38.8068853081598,38.4322894965285],[38.8056209309898,38.4318792046448],[38.8052327473958,38.4306831868495],[38.8027804904517,38.4291639539937],[38.7992686631946,38.428071831598],[38.7958786349828,38.4280026584208],[38.7955582682293,38.4283360460075],[38.792556152344,38.4288248697923],[38.7916965060766,38.4297195095493],[38.7910690646704,38.4294291178392],[38.7900189887155,38.4283360460075],[38.7891639539932,38.4286083984381],[38.7888916015627,38.4297249348965],[38.78833062066,38.4302861870666],[38.7869737413195,38.4302585177957],[38.7844710286461,38.43138780382],[38.7803455946183,38.4321614583339],[38.7788916015626,38.4316639539936],[38.7732701280385,38.431374240452],[38.7716107855905,38.4296470811638],[38.7671324327258,38.428772786459],[38.7659084743925,38.4269060601135],[38.763363715278,38.4269580078131],[38.7617092556424,38.4259758843322],[38.7613916015626,38.424997287327],[38.7607915581599,38.4243953450527],[38.7585880533857,38.423326144749],[38.7577859157988,38.422491319445],[38.7571053059899,38.4225051540806],[38.7558010525175,38.4216501193583],[38.7543714735245,38.4201620822488],[38.7516205512155,38.4182973904086],[38.7486555989585,38.4183578830302],[38.747635904948,38.4176893446187],[38.7513861762155,38.4150155978739],[38.7503634982642,38.4139029947923],[38.7466965060767,38.4136189778652],[38.745274793837,38.4130582682299],[38.745284559462,38.412588568794],[38.7433363172744,38.4119565158426],[38.7438861762154,38.4105853949659],[38.7434453667537,38.408733317058],[38.7430582682293,38.4083306206603],[38.738052842882,38.4063916015631],[38.7369631618926,38.4052800835509],[38.7361083984376,38.4050027126743],[38.7351630316842,38.4040188259555],[38.7311450195313,38.4044752332906],[38.7280428059898,38.4041381835944],[38.7267686631946,38.4025027126742],[38.7263861762154,38.4027750651049],[38.7253078884551,38.4049972873269],[38.7238940429691,38.4045529513895],[38.7239133029515,38.4022808159728],[38.7233504231772,38.4011206054694],[38.7220974392363,38.4006918674051],[38.7216639539932,38.401108398438],[38.7213034396704,38.4022195095493],[38.7195486111112,38.4015829806863],[38.7187131076391,38.3994471571188],[38.7167344835072,38.4002628580735],[38.7163254123266,38.4019417317715],[38.7121652560765,38.4015955946187],[38.7101223415801,38.3991693793409],[38.7094417317709,38.3994417317714],[38.709054090712,38.4002406141499],[38.7062424045141,38.4008165147576],[38.7021698676216,38.4004747178826],[38.699407823351,38.4012520345058],[38.6970155164933,38.4024844021274],[38.6915199110244,38.4021937391499],[38.6902750651044,38.402497287327],[38.6897894965279,38.4030026584207],[38.6861401367188,38.4035967339415],[38.685245496962,38.4041832139764],[38.6839583333335,38.4054615614156],[38.6828344726565,38.407643364801],[38.6827476671008,38.4118893771708],[38.6833965386287,38.4137852647576],[38.6827804904515,38.4147249348964],[38.6797479926216,38.416001519098],[38.6789735243057,38.4198947482645],[38.6781358506946,38.4207667371968],[38.6763861762154,38.4211083984381],[38.6755419921877,38.4216805013027],[38.673073730469,38.4216748046881],[38.6709138997397,38.4211212836378],[38.6686626519099,38.4210753038201],[38.6654459635418,38.4230259874138],[38.6616639539933,38.4238861762159],[38.6611138237848,38.4247249348965],[38.6576847330731,38.4253944227437],[38.6564246961808,38.4266049533427],[38.6556575520835,38.4277750651048],[38.6549791124135,38.4274953884554],[38.654185655382,38.4266693793409],[38.6505471462676,38.4286028374573],[38.6492084418404,38.4299963378913],[38.6474972873266,38.4297249348965],[38.6447800021702,38.4275316026482],[38.6417450629341,38.4297144911031],[38.6397195095488,38.429997287327],[38.6385519748265,38.430788709853],[38.6375298394099,38.4297249348965],[38.6362554253473,38.4307000054261],[38.6349972873267,38.4311083984381],[38.6324110243057,38.4327351888028],[38.6266246202259,38.4342944335944],[38.6230129665801,38.4372315809468],[38.6215413411461,38.4379896375875],[38.6164515516494,38.4369471571186],[38.6110818142364,38.4372357855909],[38.6105368381078,38.4378028700093],[38.6081651475695,38.4377544487855],[38.606941731771,38.4380528428825],[38.6053987630211,38.4390985785597],[38.6044045681426,38.4385864257819],[38.5985375976564,38.4387061903218],[38.5977750651043,38.4383360460075],[38.5969471571181,38.4369417317714],[38.5957231987848,38.4365444607211],[38.5939653862848,38.4347507052957],[38.5919417317709,38.4338916015632],[38.5914523654515,38.4323836263027],[38.5900027126738,38.4316639539936],[38.5881380208335,38.4313604058166],[38.5877804904515,38.4291639539937],[38.5872292751739,38.4286343044711],[38.5866552734375,38.4274509006083],[38.5844851345488,38.425280490452],[38.5830582682293,38.4257234700527],[38.5847010633682,38.4274305555563],[38.5847026909723,38.4297005208339],[38.5852804904515,38.4305528428826],[38.5857101779516,38.4318767632385],[38.5869471571181,38.432497287327],[38.5874693467883,38.433573676216],[38.5882896592883,38.434427490235],[38.5890787760419,38.4348102484815],[38.5909225802955,38.4373929850267],[38.5905520290799,38.4400476074225],[38.5891666666669,38.4433443196621],[38.5849739583335,38.4449249945753],[38.5825027126737,38.4455582682299],[38.5799972873265,38.4458306206604],[38.5793744574655,38.4464788140196],[38.5758360460071,38.4475027126742],[38.573595920139,38.4477765570754],[38.5719750976563,38.4491518825961],[38.5694498697919,38.4491469997836],[38.5680436197919,38.4511363389763],[38.5650461154517,38.4510751681864],[38.5639816623266,38.4517967393669],[38.5610772026912,38.4525047471795],[38.5599178059898,38.4531020779086],[38.5554391818577,38.453010660808],[38.5537500000001,38.4534436035163],[38.5511629231773,38.4527804904521],[38.5491639539932,38.4530528428825],[38.5462844509549,38.4538861762159],[38.5441289605036,38.4536093478739],[38.5425027126738,38.4530528428825],[38.5391639539932,38.4527804904521],[38.5361138237849,38.4519417317714],[38.5306290690106,38.4511138237853],[38.5302509223091,38.4514047580301],[38.5336021592883,38.4530305989589],[38.5336249457466,38.4541552734381],[38.5326228841147,38.4546714952264],[38.5291772460939,38.4547418891067],[38.5280547417536,38.4505414496534],[38.5272197808162,38.4505584038636],[38.5261409505209,38.4500027126742],[38.525551215278,38.4502757432732],[38.5259988064237,38.4515837944884],[38.5239531792537,38.4563846842454],[38.5222596571183,38.4564192708339],[38.5216699218751,38.4558527289503],[38.5216864691843,38.4522254774312],[38.5206236436633,38.4522037760423],[38.5194512261287,38.4525842285164],[38.5194704861113,38.4553054470492],[38.5175027126737,38.4536083984381],[38.5146148003473,38.4516693793409],[38.5132657877606,38.45224717882],[38.5113916015628,38.4544471571187],[38.5090500217016,38.4551387532558],[38.5077750651042,38.4547249348965],[38.5065456814239,38.4538916015631],[38.5057031250002,38.4542123752176],[38.5048019748264,38.4555866156691],[38.5030962456598,38.4550027126742],[38.5016639539932,38.4552750651047],[38.5005853949654,38.4558306206603],[38.4978076171877,38.4547249348965],[38.4965299479167,38.4550290256082],[38.4982573784723,38.4580760362421],[38.5011083984377,38.4605365668408],[38.4994967990453,38.4606004503044],[38.4975404188369,38.458636067709],[38.4959038628474,38.4577931043844],[38.4933558485245,38.4573583984381],[38.4922249348959,38.457907036676],[38.4928209092882,38.4588464355475],[38.4947105577259,38.459215223525],[38.4965079752607,38.4609422471795],[38.4955582682292,38.4625027126744],[38.4922249348959,38.4631016710075],[38.4924972873266,38.4633360460075],[38.4944471571183,38.4636083984382],[38.4955257161459,38.4641639539936],[38.497203233507,38.4625027126744],[38.498952636719,38.4627848307298],[38.4952804904514,38.4650027126743],[38.4919194878473,38.4665574815545],[38.4883306206598,38.4655582682297],[38.4873304578994,38.465043131511],[38.4838940429689,38.4657138400614],[38.4838690863716,38.4669471571186],[38.4852555338543,38.4676199001743],[38.4824329969619,38.4684366861987],[38.4783181423613,38.4677789984815],[38.4772837999133,38.4667024739589],[38.4757568359376,38.4657013617627],[38.4751898871529,38.4645324707038],[38.4739092339412,38.4639111328132],[38.4719344075522,38.4611036512593],[38.4736083984377,38.4602914767802],[38.4732066514759,38.4594471571186],[38.4704022894967,38.460056287978],[38.4696991644968,38.4597150336379],[38.4689078776043,38.4588916015631],[38.4677804904516,38.4594232855909],[38.4682674153647,38.4609567599832],[38.4699229600697,38.4617598470058],[38.4711083984377,38.4641368272577],[38.4708308919271,38.4647363281257],[38.468825683594,38.4646953667541],[38.466627061632,38.4650023057732],[38.4641764322919,38.4658412000875],[38.4621093750001,38.4650027126743],[38.4617228190105,38.4662704806864],[38.4646815321182,38.467497287327],[38.4674593098961,38.4666693793409],[38.4707033962676,38.4671137152784],[38.4723019748267,38.468649631077],[38.4638935004342,38.4684780544711],[38.4622195095488,38.4688861762158],[38.4490432400175,38.4746637641064],[38.4463300238716,38.473783365886],[38.4447219509552,38.4722383626308],[38.4443874782988,38.470524631077],[38.4432628038196,38.4693541124138],[38.4413080512153,38.4685830349399],[38.439724934896,38.4638861762159],[38.438253309462,38.4616693793409],[38.4375027126737,38.4620966254348],[38.4383645290799,38.4650584581171],[38.4379953342016,38.4679467773444],[38.4394417317711,38.4713590494798],[38.4375027126737,38.4713633897576],[38.4378900824655,38.4729844835075],[38.439920247396,38.4738079155823],[38.4416609700522,38.4729112413201],[38.4416303168403,38.4755261230476],[38.443044433594,38.4768847656256],[38.4438563368056,38.4790790473096],[38.4421953667537,38.4796474880649],[38.4400189887155,38.4775027126743],[38.4388916015626,38.477861599393],[38.4392076280384,38.4793797471794],[38.4402750651042,38.480954318577],[38.4363682725695,38.4805386013461],[38.4358279079863,38.4794247775615],[38.4347195095488,38.4794472927523],[38.4339168294271,38.4786117892803],[38.4319048394098,38.4783310275614],[38.4283026801218,38.4773889160162],[38.4244981553821,38.4761182996969],[38.4193006727432,38.4757099066848],[38.4186138237848,38.4763699001742],[38.4191639539932,38.4766693793409],[38.4232804361981,38.4772440592454],[38.4259667968752,38.479311116537],[38.427394748264,38.4797745768235],[38.4277948676217,38.4805990939677],[38.4288861762154,38.481647677952],[38.4283897569446,38.4827003309469],[38.4268459743924,38.4846476236985],[38.4240950520834,38.4860259331604],[38.4225189887155,38.4844471571187],[38.4213916015626,38.4854717339416],[38.4219417317709,38.4866693793409],[38.4230528428822,38.4877369520404],[38.4202804904515,38.4897249348965],[38.4167624240454,38.4914318847662],[38.4138861762154,38.4955528428826],[38.4130232747398,38.4999400499138],[38.4118158637155,38.5015687391499],[38.4094756401912,38.5027742513028],[38.4083591037329,38.502797037761],[38.4072528754342,38.5008707682298],[38.4057316080731,38.499310302735],[38.4044417317709,38.4988916015632],[38.4033213975697,38.4980415852872],[38.3973255750869,38.4979981825093],[38.3962999131946,38.498526475695],[38.392224934896,38.4968984646274],[38.393485514323,38.4963608127176],[38.3963861762155,38.4964199490023],[38.3954714626737,38.4943055555562],[38.3963861762155,38.4925298394103],[38.396113823785,38.4919417317715],[38.3941693793405,38.4913106282559],[38.3944417317711,38.4899972873271],[38.3974869791668,38.4896663411464],[38.397502983941,38.4888861762159],[38.3969881184897,38.4883916558167],[38.3965926106771,38.4855582682297],[38.3961083984375,38.4858306206603],[38.3950363498265,38.4874656846795],[38.3936138237849,38.4886138237853],[38.3927750651042,38.4888861762159],[38.3922371419272,38.4905436197923],[38.3902804904516,38.4915098741325],[38.3923882378473,38.4934025065111],[38.3929104275176,38.4944162326395],[38.39127468533,38.494449598525],[38.3901190863716,38.4925027126743],[38.3892526584202,38.4930931260857],[38.3885332573786,38.4959708658861],[38.3871148003473,38.4969325086811],[38.3858447265625,38.4969584147142],[38.3855506727431,38.4963875325527],[38.3866175672745,38.4956879340284],[38.3871373155383,38.4941693793409],[38.383995496962,38.4944570583773],[38.3823790147572,38.4955528428826],[38.380974121094,38.4951676432297],[38.380470106337,38.4936138237854],[38.3796210394966,38.4939217122402],[38.3782671440973,38.4957481553827],[38.3716902669271,38.4960860188809],[38.369839952257,38.4976394314244],[38.368640950521,38.4963916015632],[38.3675192599828,38.4974970160596],[38.3658040364584,38.4966474066848],[38.364195421007,38.4966802300354],[38.3608306206598,38.4958360460076],[38.3603181966146,38.4953027343756],[38.3591965060766,38.4947249348965],[38.357456325955,38.4950581868495],[38.3561360677084,38.4963799370665],[38.3550113932293,38.4964028591586],[38.354652777778,38.4957069227437],[38.3549972873265,38.494997287327],[38.3563861762154,38.4939676920579],[38.3561138237848,38.4930528428825],[38.3553374565973,38.4922673882385],[38.353809136285,38.4912312825528],[38.3484551323787,38.4906232367628],[38.3469742838544,38.4913861762159],[38.3449972873266,38.489169379341],[38.3446175130209,38.4876114908861],[38.3415483940975,38.4839016384556],[38.3369316948785,38.4832572428392],[38.3369699435764,38.4813916015632],[38.3358306206599,38.4816639539936],[38.3353895399307,38.4830230034728],[38.3343641493056,38.4833557128913],[38.3326540798613,38.4855125596795],[38.3309567599827,38.485947536893],[38.3304614257813,38.4844208441847],[38.3278789605036,38.4844736056864],[38.3266419813371,38.4840722656256],[38.3244514973961,38.4819676378044],[38.3239105902779,38.4808527289504],[38.3227004665802,38.4800325520839],[38.318052842882,38.4794471571187],[38.3169870334203,38.4788982476134],[38.3144420030382,38.4788917371968],[38.3133631727431,38.4783360460076],[38.3119813368057,38.4787704806864],[38.3111138237849,38.4805582682297],[38.310569390191,38.4810814073356],[38.3098993598091,38.4830992296013],[38.3057994249132,38.4844491916239],[38.3031551106773,38.4858114963114],[38.3017019314238,38.4858410644537],[38.2995914713543,38.484919976129],[38.2978331163197,38.4858258734815],[38.296277669271,38.4861294216587],[38.2921725802952,38.4885664876308],[38.2884871419272,38.4924022081169],[38.2869471571182,38.4933360460076],[38.2847249348959,38.4941693793409],[38.2770203993058,38.4946130371101],[38.2761138237849,38.4958360460076],[38.2747626410593,38.4969194878479],[38.2725298394097,38.4980528428826],[38.2699812825523,38.4973438856343],[38.2674850802952,38.4956732855909],[38.2650027126738,38.4963916015632],[38.2608251953125,38.4966836208773],[38.2608249240452,38.4983306206604],[38.2651196289064,38.4972452799485],[38.2674685329864,38.4971974012593],[38.2680585394966,38.4977644856777],[38.2680249023438,38.4994204372837],[38.2686078559029,38.4999806043843],[38.2686170789932,38.5004302300354],[38.2666693793404,38.5013751898878],[38.2669959852433,38.5023943413635],[38.2686298285591,38.5033584255649],[38.2723122829863,38.5033607313375],[38.2741824001736,38.5030562337246],[38.2752159288196,38.5019805230041],[38.2759993489584,38.5015768771709],[38.2803453233508,38.5024670410162],[38.283386230469,38.5012059190544],[38.2858306206599,38.5005528428825],[38.2886759440104,38.5001555718323],[38.2904698350695,38.4995734320753],[38.2916639539933,38.4983306206604],[38.2930582682292,38.4980582682298],[38.2960574001738,38.4954718695752],[38.2984882269967,38.4944951714416],[38.3029486762153,38.494404161242],[38.3043674045139,38.4948897298182],[38.3047734917536,38.4940524631084],[38.3069422743057,38.4936082628044],[38.3094571940105,38.4936595323357],[38.3115218098959,38.4932564290371],[38.3130414496529,38.4925192599833],[38.3133723958334,38.4918767632386],[38.3129842122397,38.4896001519103],[38.3134540473092,38.4886314561639],[38.3166693793403,38.4863916015631],[38.3170667860244,38.4855729166672],[38.3183083767362,38.485547553169],[38.3188916015627,38.4858306206603],[38.32109890408,38.4880274793845],[38.3219417317709,38.4894471571187],[38.3260536024306,38.4926927354606],[38.3351692708334,38.4933789062506],[38.335552842882,38.4941693793409],[38.3366677517363,38.4947102864589],[38.3369417317709,38.4961138237853],[38.3387725151912,38.4979741753479],[38.3402262369793,38.4990516493061],[38.3411900499134,38.5007267252611],[38.3437773980035,38.5018996853305],[38.3468969726563,38.5019632975266],[38.3480414496528,38.5014081488721],[38.3487388780384,38.4995945909296],[38.3502395290799,38.4990809461812],[38.3541639539933,38.5019900173618],[38.3538387044271,38.5029340277784],[38.3525339084204,38.5036063639329],[38.3508393012153,38.504019504124],[38.3508078342015,38.5055528428827],[38.3527940538196,38.5048442925354],[38.3552235243056,38.5060957845059],[38.3577118598091,38.5061466471362],[38.3584138997397,38.5032664659294],[38.3594146050349,38.5022249348964],[38.360011121962,38.5027480740023],[38.3594601779516,38.504898003473],[38.3603765190972,38.5062500000006],[38.3594471571182,38.5076209852436],[38.3599281141496,38.5088845486118],[38.3615223524307,38.508917100695],[38.3622078450521,38.5075040690112],[38.3658968098959,38.5052849663635],[38.36713406033,38.5052597384989],[38.3683360460071,38.5055528428827],[38.3693522135417,38.5076474338114],[38.3713104926216,38.508317599827],[38.3738956705731,38.5089652506516],[38.3785975477431,38.5088693576396],[38.3802479383683,38.5097195095492],[38.3815445963544,38.508420817058],[38.3845833333334,38.5065779622402],[38.3876334635419,38.5072026909728],[38.3913888888891,38.5059172905822],[38.3941864691842,38.506667209202],[38.3941411675348,38.5088861762159],[38.3952804904515,38.5086138237853],[38.3964347330731,38.5066693793408],[38.3981111653648,38.5077307128913],[38.4057934570313,38.5080719672316],[38.4081784396703,38.509997287327],[38.4102145724828,38.5093296983515],[38.410642903646,38.5101614040805],[38.4093383789063,38.5118066406256],[38.4059068467884,38.515275065105],[38.4040836588543,38.5149902343757],[38.3973714192711,38.5130954318583],[38.3946053059896,38.5130390082471],[38.390955403646,38.5134849717888],[38.3875694444445,38.5148337131083],[38.3833026801216,38.5156666395406],[38.381102701823,38.516380615235],[38.3781982421876,38.5178309461812],[38.3772195095486,38.5191639539936],[38.3769471571181,38.5202804904521],[38.3761083984377,38.5216639539937],[38.3755691189237,38.5233258734816],[38.3733306206598,38.5258306206603],[38.372797309028,38.5274740939676],[38.3715801323787,38.5283821614589],[38.3648749457467,38.5291106499572],[38.3632606336807,38.5296632215718],[38.3591639539933,38.529997287327],[38.3575230577258,38.5305588107645],[38.3560563151044,38.5305289713549],[38.3513962131078,38.5312875705301],[38.3502804904514,38.5316693793409],[38.3460948350696,38.5321241590718],[38.3431228298613,38.5335660807299],[38.3409242078995,38.5351958550353],[38.3389417860243,38.5371442328566],[38.3382977973091,38.5383942328565],[38.3383159722223,38.541263020834],[38.3386338975695,38.5432150607646],[38.3405995008683,38.5462132432731],[38.3424362521704,38.5479779730909],[38.3436767578126,38.5496129014763],[38.3444360351565,38.5519527180996],[38.3483026801217,38.558295898438],[38.3494083658855,38.559382459853],[38.3502728949654,38.5610605197489],[38.3507486979167,38.5639835611985],[38.3513804796008,38.565286051433],[38.3522306315105,38.5661028374573],[38.3518687608508,38.5668055555561],[38.3523974609377,38.5678321668843],[38.351861436632,38.569398600261],[38.3519688585071,38.5763302951395],[38.3505582682292,38.5791693793409],[38.348052842882,38.5794417317715],[38.3468530273438,38.5798522949225],[38.3428361002605,38.5761549207905],[38.3401044379341,38.5757735188809],[38.3380582682292,38.5747195095493],[38.3357660590279,38.5743994140631],[38.3319216579861,38.5727619086377],[38.3258851453994,38.5711138237854],[38.3214830186633,38.5717012532559],[38.3191281467016,38.5710976833774],[38.3139841037327,38.5705582682298],[38.3119986979169,38.5713735622837],[38.3105843098961,38.5714024522576],[38.3091148546007,38.57089952257],[38.3083360460072,38.571647677952],[38.3086083984377,38.5722249348964],[38.3105048285591,38.5726873101135],[38.3108371310764,38.5733327907993],[38.3102804904514,38.5749591742629],[38.3105883789063,38.5762649197055],[38.3143975151912,38.5772207302524],[38.3199658203126,38.5777652994798],[38.3241739908856,38.5804991319451],[38.3272458224827,38.5808327907991],[38.3288170030383,38.5816422526048],[38.3339672851564,38.5828439670145],[38.3381993272571,38.5848006184903],[38.3444471571182,38.5858306206603],[38.3466639539931,38.5864525010857],[38.3462795681424,38.5879355197489],[38.3438861762153,38.589997287327],[38.3430750868056,38.5916044108079],[38.3422249348961,38.5955582682297],[38.341667480469,38.5960941569017],[38.3413916015625,38.5972249348965],[38.3398619249134,38.5990473090284],[38.3386699761285,38.6034063042541],[38.339444715712,38.6041505262594],[38.3397195095488,38.6055582682299],[38.3402571614584,38.6060750325527],[38.3402918836807,38.6077749294712],[38.3394471571182,38.6094471571188],[38.3383707682294,38.6099694824224],[38.3377804904516,38.6105365668409],[38.338546278212,38.6113791232646],[38.3396742078995,38.6114020453566],[38.341398654514,38.6110488552523],[38.3413747829862,38.6122195095493],[38.3420716688369,38.6125576443148],[38.3427750651043,38.6147249348965],[38.3441693793404,38.6155528428826],[38.3458485243056,38.6177902560771],[38.3463913302953,38.6194630262593],[38.3478833007813,38.6208966742628],[38.3483363172745,38.6222197808166],[38.3483062065973,38.6236945258254],[38.350160047743,38.6263153754346],[38.348336046007,38.6272002495666],[38.3486713324655,38.6282571072056],[38.3519471571183,38.6274971516934],[38.3534890407989,38.6281925455735],[38.3541639539933,38.632148708768],[38.3529169379341,38.6365055338548],[38.3534407552084,38.6381199815544],[38.3546343315974,38.6386991373705],[38.3550105794272,38.6417778862854],[38.3566639539932,38.642780490452],[38.3580349392363,38.6431148274746],[38.3584030490452,38.6465039062506],[38.3625206163194,38.6497001139329],[38.3658422851564,38.6500249565978],[38.3677479383682,38.6518558756517],[38.3652804904514,38.6525636121968],[38.3678070746528,38.6533525933165],[38.3710709635419,38.6532859971795],[38.3713861762154,38.6536138237854],[38.372533637153,38.6539862738722],[38.3757226562502,38.6562798394105],[38.3800740559898,38.6580221896707],[38.3815115017363,38.6589647081169],[38.3831556532119,38.6610382758253],[38.3857560221355,38.66301147461],[38.3894471571181,38.6652750651048],[38.3924972873266,38.6695011393235],[38.3920822482641,38.6702658420145],[38.3894417317709,38.6705528428826],[38.3864252387154,38.6713696289069],[38.3847393120661,38.6724750434034],[38.3841693793403,38.673581271702],[38.3845065646702,38.6749972873271],[38.3880582682293,38.6741693793409],[38.3916946072049,38.6729844835077],[38.3934415690105,38.6715741644971],[38.3956966145834,38.6706595865891],[38.3971752929688,38.6726083713115],[38.3975132921008,38.6739275444885],[38.3975124782987,38.6765855577263],[38.3967694769967,38.679835476346],[38.3972835286459,38.6835165744363],[38.40045437283,38.6881998697922],[38.4069740125869,38.6900024414069],[38.4097032335071,38.692497287327],[38.4108143446181,38.691669379341],[38.4126692708336,38.6926193576395],[38.4170773654515,38.6936880154087],[38.4221796332467,38.6963795301655],[38.4240855577259,38.696376410591],[38.4255582682293,38.6966639539937],[38.426706542969,38.6975246853306],[38.4280688476563,38.6974968804261],[38.4291208224827,38.6985917154954],[38.4299972873264,38.6988916015631],[38.4349663628473,38.6992389594191],[38.4369444444446,38.6999160427524],[38.4395887586807,38.6990333387594],[38.4402471245663,38.6983481174051],[38.4447355143232,38.6983302137594],[38.445515136719,38.6991417100701],[38.446636827257,38.6997195095492],[38.4506711154516,38.6980999077699],[38.4513403320315,38.7001623535162],[38.4533360460072,38.7008306206604],[38.4574077690975,38.7040135362419],[38.4606339518231,38.7053830295146],[38.4638845486112,38.7079755316846],[38.4638544379343,38.7129349772143],[38.4646275499132,38.7169786241326],[38.4656453450521,38.7203823513461],[38.4691639539933,38.7233360460076],[38.4702658420141,38.7238707139763],[38.4716107855903,38.7269793023009],[38.4721156141493,38.7290501573358],[38.4727918836806,38.72973022461],[38.4727655707468,38.7310081651483],[38.4746815321182,38.7316639539937],[38.4752804904514,38.7313916015631],[38.4761645507815,38.7301992458774],[38.4788916015627,38.7275027126742],[38.479625108507,38.7263842773444],[38.481303168403,38.7251402452263],[38.4827750651044,38.7236083984381],[38.4843500434029,38.7230971950961],[38.4860842556424,38.7222558593756],[38.48662624783,38.7216916232646],[38.4880582682293,38.7211138237853],[38.4894257269967,38.7194467502177],[38.4914225260419,38.7187988281257],[38.4920830620662,38.7175166829433],[38.4911138237849,38.7155853949659],[38.4913929578995,38.7144133843323],[38.4927533637154,38.7131062825527],[38.4936083984376,38.7109982638895],[38.4932969835072,38.7076285807298],[38.4925027126739,38.7072195095492],[38.4879258897572,38.7068995496968],[38.4869498697918,38.7054111056864],[38.4858279079863,38.7048666720926],[38.4841693793404,38.7036083984382],[38.4829825846355,38.7033189561638],[38.4815991210938,38.7014956325963],[38.4827750651044,38.6992129177525]],[[38.3813943142362,38.5050214301222],[38.3751744249133,38.5073409016933],[38.372634277344,38.5075450303825],[38.3716924370661,38.5071247016065],[38.3716145833334,38.5061562771274],[38.3724506293403,38.5056898328999],[38.373704155816,38.5052294921881],[38.3766989474827,38.5054701063374],[38.3774896918404,38.5047119140631],[38.3818055555557,38.5031944444452],[38.3819878472224,38.5036909993496],[38.3813943142362,38.5050214301222]]]},"properties":{"id":"reservoir-gdw-297","hesIds":["hes177-093"],"basinIds":["21"],"riverSystemIds":["river-system-018"],"damName":"Karakaya","reservoirName":"Karakaya","basinId":"21","source":"GDW","sourceId":"297","sourceUrl":"https://services8.arcgis.com/oTalEaSXAuyNT7xf/ArcGIS/rest/services/GDW_v1_epsilon_gdb/FeatureServer/1","matchMethod":"name+coordinate","matchConfidence":"high","areaKm2":195.02,"validated":true,"validationNotes":"Turkey envelope; facility name, basin/river relation and coordinate distance check"}},{"type":"Feature","id":"reservoir-gdw-4353","geometry":{"type":"Polygon","coordinates":[[[28.532783203125,37.5652832031253],[28.5337809244792,37.5647550455734],[28.5347781032987,37.5663834635419],[28.5360443793403,37.5657137044275],[28.5370936414931,37.5636222330734],[28.5387166341146,37.5624316406254],[28.5423244900173,37.5612893337677],[28.5452037217882,37.5597276475698],[28.5485476345486,37.5607063802087],[28.5491129557291,37.559508463542],[28.5480319552951,37.5591661241323],[28.546703016493,37.5563506401915],[28.5463943142361,37.5546183268233],[28.5472577582465,37.5538943142364],[28.5482554796007,37.5549709743927],[28.5495692274305,37.5555910915803],[28.5523000759549,37.5584285481774],[28.5534437391494,37.558883463542],[28.5540511067709,37.5569653320316],[28.5552981228298,37.5566682942712],[28.555827907986,37.5549945746532],[28.5567003038195,37.5538574218753],[28.5584147135416,37.5533146158857],[28.5600263129341,37.5524617513024],[28.5606410047742,37.5492412651913],[28.5605428059897,37.5467610677088],[28.5594533962674,37.5451776801219],[28.5610479058159,37.5437003580733],[28.5623917643229,37.5444113498267],[28.5650941297743,37.5430609809031],[28.5655501302083,37.5437057834205],[28.5632248263889,37.545345323351],[28.5636499023437,37.5473773871531],[28.564498155382,37.5480501302087],[28.5640313042536,37.5453697374136],[28.5655609809028,37.5450054253475],[28.5666824001735,37.5441452365455],[28.5666495768228,37.5433197699656],[28.5673418511284,37.5420111762156],[28.5686271158855,37.5414048936635],[28.5692453342013,37.5407373046878],[28.5691601562499,37.53858452691],[28.5644878472222,37.5359421115456],[28.5625054253474,37.5324945746531],[28.5611054144966,37.5308382161461],[28.5611271158854,37.5302913411462],[28.5658387586807,37.5297276475699],[28.5677783203125,37.5291596137156],[28.5686271158855,37.5294571940108],[28.5685945638021,37.5302766927086],[28.5690679253472,37.5305501302087],[28.5694390190971,37.5286056857642],[28.5701394314237,37.5272824435767],[28.5722444661459,37.5269471571185],[28.5730170355904,37.5253097873267],[28.5695442708333,37.5246785481775],[28.567783203125,37.5233279079864],[28.5656816948785,37.5222485351567],[28.565283203125,37.5204996744796],[28.5658417426214,37.5194436306427],[28.5650838216146,37.5183422851566],[28.5646663411458,37.517024197049],[28.5629833984374,37.5157896592886],[28.5611927625868,37.5152227105038],[28.55875,37.5104166666671],[28.5580498589411,37.5105504014761],[28.5580886501736,37.5115277777781],[28.5597409396702,37.5150813802086],[28.5604101562499,37.5163460286462],[28.562567545573,37.5184391276045],[28.5622165256077,37.519440104167],[28.562135687934,37.5219390190977],[28.5596948242188,37.5208387586809],[28.5597710503471,37.5227631293407],[28.5589244249131,37.5235476345489],[28.5574055989583,37.5230154079865],[28.5563943142361,37.5230910915803],[28.5579489474826,37.5245317925351],[28.5574690755208,37.5259011501739],[28.5549644639756,37.5269390190976],[28.5544197591146,37.5263514539934],[28.5527623155381,37.5264171006947],[28.5528038194444,37.5274658203128],[28.552491048177,37.5280574544274],[28.552783203125,37.5283279079864],[28.5530501302084,37.5293237304692],[28.5520667860242,37.5297878689239],[28.5513943142361,37.5310527886288],[28.5535742187499,37.5315719943579],[28.5547276475695,37.5333279079864],[28.5551304796006,37.5346006944448],[28.5566075303821,37.5340828450525],[28.5577723524305,37.5324945746531],[28.5594116210939,37.5318562825524],[28.5609423828124,37.5322574869795],[28.5627834743924,37.53471733941],[28.5643535698786,37.5382237413198],[28.5655609809028,37.5386056857643],[28.5666501193576,37.5393554687504],[28.5656974283855,37.5407400173614],[28.5641612413195,37.5411056857643],[28.5633387586806,37.5416720920143],[28.561672092014,37.5422276475697],[28.5589089626736,37.5427549913199],[28.5575572374132,37.5436056857642],[28.554642469618,37.5413167317712],[28.5502015516493,37.5386165364587],[28.5484263780382,37.5392385525176],[28.5467475043404,37.5413734266497],[28.5446839735243,37.5419390190976],[28.5447488064237,37.5402981228303],[28.542451985677,37.5417046440975],[28.5425070529514,37.5430927191844],[28.5436184353298,37.5441224500873],[28.543601345486,37.544551323785],[28.5415421549479,37.5449945746532],[28.5395434570312,37.5437708875872],[28.5391720920139,37.5441720920142],[28.5380609809027,37.5446430121531],[28.5394382052951,37.5450789388025],[28.5402723524305,37.5464382595489],[28.5371533203124,37.5464301215281],[28.5363761393229,37.5472238498267],[28.5371807183159,37.5476036241323],[28.5377723524305,37.5489244249135],[28.537171766493,37.5494810655385],[28.532783203125,37.5494702148441],[28.534361436632,37.5502151150177],[28.5362841796875,37.5505821397573],[28.5366612413194,37.5514244249135],[28.5357275390624,37.552289496528],[28.5333157009548,37.5521940104171],[28.5333390299479,37.552782931858],[28.5313834635417,37.5530501302087],[28.530806749132,37.5533555772573],[28.530839029948,37.5541712782121],[28.5301147460937,37.5555400933163],[28.5283167860242,37.5561094835073],[28.5283403862848,37.5567038302955],[28.5291612413194,37.5575054253476],[28.5300341796874,37.5577815755212],[28.5307722981771,37.5585782877608],[28.5290638563368,37.5596815321184],[28.5297919379341,37.5600252278651],[28.5302723524306,37.5612079535593],[28.5297029622396,37.5633813476567],[28.5279676649305,37.5642003038199],[28.5256616210937,37.5657872178824],[28.525283203125,37.5678133138024],[28.5258496093751,37.5683382161461],[28.5257893880209,37.5698575846358],[28.5245334201389,37.5706686740455],[28.5252769639757,37.5713574218753],[28.5255501302083,37.5725054253476],[28.5289613172744,37.5752427842886],[28.530492078993,37.5755501302088],[28.5297146267362,37.5733322482642],[28.530458170573,37.5718234592017],[28.5299837239584,37.5713840060767],[28.5300078667534,37.570775010851],[28.5309133572048,37.5699359809031],[28.5308403862847,37.5671850585941],[28.5316547309029,37.5664303927955],[28.5320282660591,37.5656393771704],[28.532783203125,37.5652832031253]]]},"properties":{"id":"reservoir-gdw-4353","hesIds":["hes177-106"],"basinIds":["7"],"riverSystemIds":["river-system-036"],"damName":"Kemer","reservoirName":"Kemer","basinId":"7","source":"GDW","sourceId":"4353","sourceUrl":"https://services8.arcgis.com/oTalEaSXAuyNT7xf/ArcGIS/rest/services/GDW_v1_epsilon_gdb/FeatureServer/1","matchMethod":"name+coordinate","matchConfidence":"high","areaKm2":7.078,"validated":true,"validationNotes":"Turkey envelope; facility name, basin/river relation and coordinate distance check"}},{"type":"Feature","id":"reservoir-gdw-4231","geometry":{"type":"Polygon","coordinates":[[[33.4243836805556,39.3888968234593],[33.4263058810762,39.3888206312391],[33.4284022352431,39.3899299112956],[33.4282752821179,39.3867304144966],[33.4297382269965,39.3838741048178],[33.4296888563367,39.3826277330187],[33.4302406141493,39.3808843315973],[33.4313869900172,39.3797131686741],[33.4329690212674,39.380550265842],[33.4338533528645,39.3797275119358],[33.4355200195311,39.3813835991754],[33.4369230143228,39.3809547254774],[33.4369599066839,39.3800276353624],[33.4365245225693,39.3795578342014],[33.435283203125,39.3786058213976],[33.4338943142361,39.3779503377279],[33.4345572916665,39.3764688788521],[33.4317645941839,39.3747018093534],[33.4307253689234,39.3747430080838],[33.4276394314234,39.374007941352],[33.4270833333333,39.3731944444445],[33.4266612413193,39.3733280436198],[33.4234855143229,39.3762093098959],[33.4215144856769,39.377139553494],[33.4203952365451,39.3788727484809],[33.4187052408854,39.379195421007],[33.4178911675346,39.3809203084311],[33.4165614149305,39.3800052897137],[33.4162068684894,39.3805379570855],[33.4172311740451,39.3819426472982],[33.4163943142361,39.3835246107314],[33.4172157118055,39.3861750962999],[33.419203016493,39.3897757297093],[33.4191113281249,39.3920886230469],[33.420283203125,39.3938835991754],[33.4206138780381,39.3952724880643],[33.4222167968748,39.3949518500435],[33.4219498697915,39.3936058213976],[33.4215166558159,39.3932045491537],[33.4227940538194,39.3897379218208],[33.4243836805556,39.3888968234593]]]},"properties":{"id":"reservoir-gdw-4231","hesIds":["hes177-107"],"basinIds":["15"],"riverSystemIds":["river-system-005"],"damName":"Kesikkopru","reservoirName":"Kesikkopru","basinId":"15","source":"GDW","sourceId":"4231","sourceUrl":"https://services8.arcgis.com/oTalEaSXAuyNT7xf/ArcGIS/rest/services/GDW_v1_epsilon_gdb/FeatureServer/1","matchMethod":"name+coordinate","matchConfidence":"high","areaKm2":1.903,"validated":true,"validationNotes":"Turkey envelope; facility name, basin/river relation and coordinate distance check"}},{"type":"Feature","id":"reservoir-gdw-1489","geometry":{"type":"Polygon","coordinates":[[[38.2726950412325,40.2553331163195],[38.2764721679686,40.2543429904515],[38.2799720594618,40.2544818793405],[38.2804589843751,40.2535617404516],[38.2784830729165,40.2514290364584],[38.2755254448783,40.2504931640627],[38.2713677300347,40.2476920572918],[38.2704749891492,40.2460047743057],[38.2696866861979,40.2419189453126],[38.2691034613713,40.2406830512155],[38.2672276475694,40.2389447699654],[38.2677498372395,40.2371967230904],[38.2699945746527,40.236137152778],[38.2697276475694,40.2347167968751],[38.2686165364584,40.2331022135418],[38.2691791449653,40.2327615017362],[38.2699704318575,40.2327929687502],[38.2724568684896,40.2306868489584],[38.2728135850695,40.2277067057293],[38.2764892578124,40.2250423177085],[38.2769501410591,40.2241710069446],[38.2772927517361,40.2225330946181],[38.278894314236,40.2222276475696],[38.2797167968749,40.2216612413196],[38.2842993164061,40.2208083767363],[38.2874224175345,40.2197135416669],[38.2882991536457,40.2197482638891],[38.2921663411457,40.218060980903],[38.2949720594615,40.2193391927084],[38.2969498697917,40.2197167968751],[38.2981393771701,40.220535481771],[38.2996614583332,40.2197303602431],[38.3018432617186,40.2196435546876],[38.3031608072916,40.2205501302085],[38.3044390190972,40.218605685764],[38.3068326822917,40.2181488715279],[38.308810221354,40.216140950521],[38.3126641167533,40.2151996527779],[38.3136555989583,40.2129226345488],[38.3155265299479,40.2111886935766],[38.3163850911458,40.2094976128474],[38.3166921657984,40.2078889973961],[38.3175054253471,40.2075054253474],[38.3177723524304,40.2069390190974],[38.3191878255208,40.2060253906251],[38.3197276475694,40.2050054253473],[38.3200973849827,40.2030680338544],[38.3217613389756,40.203002387153],[38.3305609809026,40.2038834635418],[38.3347827148438,40.2048209635419],[38.3385107421873,40.206580403646],[38.339716796875,40.2075054253474],[38.3411165364582,40.2080501302084],[38.3424121093748,40.2089420572919],[38.3452294921873,40.2089366319445],[38.3466612413195,40.2071771918405],[38.3449514431422,40.2055208333336],[38.3434429253472,40.2031852213543],[38.3422577582465,40.2019498697919],[38.3403436957465,40.2027674696182],[38.3346896701387,40.2021652560765],[38.3303393554687,40.1997900390627],[38.3283129882813,40.1969113498265],[38.3265698242187,40.1960888671877],[38.3269514973957,40.1950000000002],[38.326104329427,40.1919422743057],[38.3264048936631,40.1913742404517],[38.3263690863714,40.1904720052084],[38.3293606228297,40.1852864583336],[38.3299601236977,40.1833935546877],[38.3313186306422,40.1807649739584],[38.3301925998263,40.1790212673612],[38.3269498697916,40.1769390190974],[38.3233639865451,40.1753960503473],[38.3227227105034,40.1734743923613],[38.322764485677,40.1714708116321],[38.3241720920137,40.169172092014],[38.3243055555554,40.167638888889],[38.3225143771701,40.167795138889],[38.3211447482638,40.1690641276044],[38.3205609809028,40.1725054253473],[38.3198659939234,40.1735150824654],[38.3213313802083,40.1757850477431],[38.327207845052,40.1793619791668],[38.327581922743,40.182951388889],[38.3233935546875,40.1873931206599],[38.3222167968748,40.1891612413195],[38.3219387478298,40.1920654296877],[38.3209971788193,40.1935232204863],[38.3189328342012,40.1947368706598],[38.3185772026909,40.196599934896],[38.3161216905381,40.1984830729168],[38.3148857964408,40.1990662977432],[38.3128556315104,40.2010823567709],[38.3119113498263,40.2015277777779],[38.3097328016493,40.2054275173613],[38.3085061306422,40.2060064019099],[38.3079888237846,40.2071023220487],[38.3060492621526,40.2077859157987],[38.3017629665797,40.2101985677085],[38.3001147460938,40.2118755425348],[38.298400065104,40.212722981771],[38.2958127170139,40.2145030381946],[38.2872254774304,40.2158387586807],[38.284050564236,40.2157128906252],[38.2814643012152,40.2172064887154],[38.276129828559,40.2175265842016],[38.2733279079861,40.219994574653],[38.2726323784722,40.2214686414932],[38.2712668185764,40.2229427083334],[38.2694642469618,40.2243603515627],[38.2691107855902,40.2254763454863],[38.2683387586806,40.226672092014],[38.2671397569442,40.2270513237849],[38.2661165364581,40.2280609809029],[38.2642434353297,40.2287901475697],[38.2608387586804,40.2338943142363],[38.259063313802,40.2348025173612],[38.2571690538193,40.2344406467015],[38.2556713867186,40.2336480034723],[38.2488853624131,40.2320692274307],[38.2479825846353,40.2325466579863],[38.2450344509548,40.232430013021],[38.2444498697917,40.2330609809029],[38.2403835720486,40.2346907552085],[38.2380541992188,40.234437934028],[38.2371698676215,40.2347477213543],[38.2350189887151,40.2346625434029],[38.2347488064234,40.2369173177084],[38.2336276584199,40.2376888020835],[38.2313069661458,40.236267903646],[38.2279991319443,40.2355495876738],[38.2264651150172,40.2338943142363],[38.2234347873262,40.2343570963543],[38.2221723090278,40.2353255208335],[38.2201388888887,40.2352446831599],[38.2192089843748,40.2372151692709],[38.2155395507811,40.2373605685766],[38.2117133246527,40.2347276475697],[38.2099080403645,40.2350081380211],[38.2046706814235,40.2374945746529],[38.2017532009547,40.2361165364585],[38.2000054253471,40.2364317491321],[38.2016720920137,40.2372167968751],[38.2021736653645,40.237758246528],[38.2040974934896,40.2380305989585],[38.2052723524304,40.2385850694446],[38.2050054253471,40.2397276475696],[38.2044498697915,40.2407774522571],[38.2061444769964,40.2402745225696],[38.206959092882,40.2393956163195],[38.2085961914062,40.2394601779516],[38.2107161458331,40.2383387586807],[38.2138943142361,40.2391612413196],[38.2152454969617,40.2400911458335],[38.2183704969618,40.2389160156252],[38.2216408962672,40.238468967014],[38.2248665364583,40.2366775173612],[38.2266419813366,40.2366069878474],[38.2272167968749,40.2372276475696],[38.2298923068576,40.2382785373265],[38.230951063368,40.2399180772571],[38.2358387586805,40.2394498697918],[38.2374134657116,40.2386165364584],[38.2380468749998,40.239074435764],[38.2383618164062,40.241050889757],[38.2410904947916,40.2421717664932],[38.2435221354166,40.2425341796876],[38.2459385850694,40.2411165364584],[38.247488878038,40.2415261501737],[38.2474739583332,40.2427387152779],[38.2480284288193,40.2433371310765],[38.2519498697915,40.2436056857641],[38.252590332031,40.2439447699654],[38.2554777018227,40.2433197699656],[38.2571034071179,40.2440874565974],[38.2584613715277,40.2453455946183],[38.2593310546874,40.2483159722225],[38.2586775716145,40.2495507812502],[38.2603431532116,40.2508279079862],[38.2610674370659,40.2504372829862],[38.2614680989583,40.249172092014],[38.2636165364582,40.2494390190973],[38.2648944769966,40.2504193793404],[38.2673228624132,40.2495681423614],[38.2705501302083,40.2527218967015],[38.2702682834201,40.2533729383682],[38.2694514973958,40.2541297743057],[38.2694173177082,40.2549913194446],[38.2726950412325,40.2553331163195]]]},"properties":{"id":"reservoir-gdw-1489","hesIds":["hes177-109"],"basinIds":["14"],"riverSystemIds":["river-system-004"],"damName":"Kilickaya","reservoirName":"Kilickaya","basinId":"14","source":"GDW","sourceId":"1489","sourceUrl":"https://services8.arcgis.com/oTalEaSXAuyNT7xf/ArcGIS/rest/services/GDW_v1_epsilon_gdb/FeatureServer/1","matchMethod":"name+coordinate","matchConfidence":"high","areaKm2":11.278,"validated":true,"validationNotes":"Turkey envelope; facility name, basin/river relation and coordinate distance check"}},{"type":"Feature","id":"reservoir-gdw-7055","geometry":{"type":"Polygon","coordinates":[[[31.9492500000003,40.9653849110001],[31.9520570100001,40.9652736490002],[31.9545098300002,40.966620235],[31.9563566630002,40.9663460850001],[31.9573741530001,40.9654033280001],[31.9577678380003,40.9637505650001],[31.9581202350002,40.9633702350002],[31.9583797650002,40.9631297650001],[31.9588496170001,40.9616457180002],[31.9598246770001,40.9611297650002],[31.9608675160002,40.9615815320002],[31.9612625050001,40.9628291360001],[31.9627969510001,40.9633669510001],[31.9633322370001,40.963388168],[31.9645905690002,40.9627943080001],[31.9650212480002,40.9609862630002],[31.9678702320003,40.9605969010001],[31.9648879240002,40.9606222040002],[31.9643997570002,40.9610745200001],[31.963879768,40.961879765],[31.963620232,40.9621202350002],[31.9631583560002,40.9626187250001],[31.9626498870002,40.9626388780002],[31.9623702320002,40.9623797650002],[31.9616297680003,40.9613702350002],[31.961370232,40.9611297650002],[31.9609069600002,40.9606297650001],[31.9585280230002,40.9609499400001],[31.9581297650001,40.9613797650002],[31.9578203740002,40.9616664350001],[31.9566763310001,40.9640905490002],[31.9556753230003,40.9646202350001],[31.9536202350002,40.9643797650001],[31.9515582960002,40.9635929640002],[31.9487970810002,40.9637024080001],[31.9469356420002,40.9629378090002],[31.9449111750001,40.9634200330001],[31.9437387350002,40.9642268100002],[31.9386909100001,40.9644268880002],[31.937901035,40.9636950300001],[31.9373335880003,40.9624926610002],[31.9364897310002,40.9620461350001],[31.9334648510002,40.9621660310001],[31.9312070080002,40.9618574560002],[31.9294628220002,40.9593834340001],[31.9282842330002,40.9593367200002],[31.9256202340003,40.9596202350001],[31.9251392970002,40.9601392970001],[31.9246150910002,40.9606250000001],[31.9256202340003,40.9615563160002],[31.9250444360002,40.9635280570002],[31.9243268380002,40.9639077720002],[31.9222080060002,40.9638237920002],[31.9211753220002,40.9643702350003],[31.9185044350002,40.9640144270002],[31.9170960980002,40.9635208090002],[31.9171572230002,40.9650629540001],[31.9166297660002,40.9658797650002],[31.9154954050002,40.9672736170002],[31.9160834350003,40.9689513210001],[31.9161634060001,40.9709689750002],[31.9160108210002,40.9716982750003],[31.9152638720001,40.9725916100002],[31.9151100910001,40.9733989610001],[31.9152254260002,40.9747445460001],[31.915186981,40.9757825690002],[31.9154560980003,40.9763976930002],[31.9160712230002,40.9776663880002],[31.9170388600002,40.9779992800002],[31.9173593060003,40.97829619],[31.9166202340002,40.9793702340001],[31.9165082510001,40.9795436490002],[31.9156098790002,40.9800115510002],[31.9154176530002,40.9801268870001],[31.9154383820002,40.9808524120002],[31.9145644450002,40.9817658680001],[31.9141297660001,40.9818797660003],[31.9121297660002,40.982261604],[31.9116884600001,40.9830102830002],[31.9116115690002,40.9835485180001],[31.9118037960002,40.9837022990002],[31.9123702340002,40.9841297660002],[31.9133702340001,40.9857629680002],[31.9131532920001,40.9865449600002],[31.9120252590001,40.9869185390002],[31.9107624190001,40.9861453090001],[31.9093794280002,40.9860904940001],[31.9088050630002,40.9859321260002],[31.9083812770003,40.9870916400002],[31.9083465290002,40.9879683140001],[31.9074979230002,40.9911606850002],[31.9079977120001,40.9914682480003],[31.9086897270002,40.9923909350002],[31.9090741800001,40.993198286],[31.9106119920002,40.9934674030001],[31.9118037960002,40.9939671920002],[31.9122266940001,40.99373652],[31.9128418180002,40.9929676140002],[31.9133239020002,40.9919640530002],[31.9139311210001,40.9917718070001],[31.9150716450001,40.99250627],[31.9157252150002,40.9930445050001],[31.9152254260002,40.9921602630001],[31.9147640830001,40.9910069040001],[31.9137481060001,40.9901765090001],[31.9132616670001,40.9892572250002],[31.9136202340002,40.9888702340001],[31.9148797660001,40.9886297660001],[31.9162971340002,40.9878797660002],[31.9166406770001,40.988082132],[31.9182241590003,40.9896613190002],[31.9192621820002,40.9906224510002],[31.9207231030002,40.9911991310001],[31.9220686880002,40.9917758100001],[31.9231836020002,40.9921987080002],[31.924721413,40.992275599],[31.9251058660002,40.99250627],[31.9249520850002,40.9927753870002],[31.9252596480001,40.9928907230001],[31.9261054440001,40.9929291690001],[31.9267974590001,40.9933520670001],[31.9274510290001,40.993198286],[31.9270665760002,40.9930445050001],[31.9264514520001,40.9927753870002],[31.9257594360001,40.992583161],[31.9257209910002,40.992275599],[31.9254134290001,40.9920064820002],[31.9244907420002,40.9919295910002],[31.923798726,40.9917373650002],[31.9232989380001,40.9913144660002],[31.9227607040001,40.9912760210001],[31.9223762510002,40.9911606850002],[31.9219029030001,40.9905783630001],[31.9211196650002,40.9903344040002],[31.9207231030002,40.9898919910002],[31.920377096,40.9898151000001],[31.9197961740001,40.9897855850002],[31.918427734,40.9880454080001],[31.9176859250002,40.9871623750001],[31.9163387560003,40.986432167],[31.9160825880002,40.984824083],[31.9138797660002,40.983401606],[31.9143702340002,40.983120234],[31.9149877240002,40.9829731490002],[31.9158789960002,40.9831640650002],[31.9166863480002,40.9825873850001],[31.9174210610002,40.9816182190002],[31.9183193450002,40.9815826150001],[31.9184458210002,40.9816998010002],[31.9186250280001,40.9827494450001],[31.9180319330002,40.9834716270003],[31.9175705890001,40.9842789780001],[31.917688467,40.9852867530001],[31.9179934870002,40.9860090160001],[31.9188777290001,40.9863934690001],[31.9199541970002,40.9867010310001],[31.9216842350002,40.9866241410001],[31.9226838130002,40.9868932580001],[31.9228760390002,40.9865088050002],[31.9235296090002,40.9863165790002],[31.923798726,40.9858167900002],[31.9239525080001,40.985393892],[31.9245291870001,40.9852785560001],[31.9246829680001,40.9850863290002],[31.9238083600001,40.9847513400002],[31.9240755770001,40.9841851310001],[31.9243918070002,40.9837255750001],[31.9253365380002,40.9834716270003],[31.9247480870001,40.9832078170001],[31.9244674970002,40.9824072650001],[31.9247983040001,40.9813955810001],[31.9243700450001,40.9806250000001],[31.9243799550001,40.9803750000001],[31.9243700450001,40.9801250000002],[31.9243799550001,40.9798750000002],[31.9243551830002,40.9792500000001],[31.9243888780002,40.9783998870002],[31.9241297660002,40.9781202340002],[31.9230502340001,40.9774231240001],[31.921379766,40.9756202340003],[31.9206320320002,40.9749274220002],[31.9205915950001,40.9739072210002],[31.921149938,40.9725479190002],[31.9219917980002,40.9719764850003],[31.9219917980002,40.9715920320001],[31.9216297660002,40.9713797660001],[31.9218702340002,40.9706202350002],[31.9226202340002,40.9695303080002],[31.9219983710001,40.9686934050001],[31.9204093190002,40.9672210680003],[31.9206241710002,40.96675044],[31.9213246780002,40.9663797650001],[31.9222394910002,40.9666530080002],[31.9231917920001,40.9681277240002],[31.9243416400002,40.9693687250003],[31.9249905300001,40.9698619940001],[31.9254134290001,40.9698235490002],[31.9262885780001,40.9694458920001],[31.9266297660001,40.9691297650003],[31.928025291,40.9671502910002],[31.9301202350002,40.9664870300002],[31.9298797650002,40.9651202350001],[31.9286297650002,40.9634901700002],[31.929513119,40.9632741620002],[31.931365467,40.9637595330001],[31.9356598400002,40.9641710280001],[31.9371297650002,40.9651202350001],[31.9386419530001,40.9663508990002],[31.9421408310002,40.9664895820001],[31.9451202350002,40.9651202350001],[31.9458797650001,40.9648797650001],[31.9469267430003,40.9645128060002],[31.9485202030001,40.9653559840002],[31.9492500000003,40.9653849110001]]]},"properties":{"id":"reservoir-gdw-7055","hesIds":["hes177-119"],"basinIds":["13"],"riverSystemIds":["river-system-003"],"damName":"Koprubasi","reservoirName":"Koprubasi","basinId":"13","source":"GDW","sourceId":"7055","sourceUrl":"https://services8.arcgis.com/oTalEaSXAuyNT7xf/ArcGIS/rest/services/GDW_v1_epsilon_gdb/FeatureServer/1","matchMethod":"name+coordinate","matchConfidence":"high","areaKm2":3.087,"validated":true,"validationNotes":"Turkey envelope; facility name, basin/river relation and coordinate distance check"}},{"type":"Feature","id":"reservoir-gdw-4406","geometry":{"type":"Polygon","coordinates":[[[31.5394961208766,36.876663953993],[31.5418259006073,36.8760668945311],[31.5432929144962,36.8765690104165],[31.5436501736109,36.8751033528644],[31.5469527180987,36.8733417426214],[31.5502784559458,36.8700157335069],[31.5505528428817,36.8683306206595],[31.5530528428816,36.8638861762151],[31.5538008626299,36.8635232204859],[31.5543451605901,36.8624012586804],[31.5530257161456,36.8594471571179],[31.5508955891926,36.8605444335936],[31.5488916015623,36.8606263563366],[31.5500269911023,36.8580023871526],[31.5511083984372,36.8567895507811],[31.5494417317707,36.8547249348957],[31.5486138237845,36.852775065104],[31.5469873046872,36.8519859483505],[31.5466668023001,36.8536273871526],[31.5460738118487,36.8541970486109],[31.5432916937932,36.8541403537324],[31.5416529676647,36.8527804904514],[31.5407671440969,36.8546063910588],[31.5374981011282,36.8554239908854],[31.53663031684,36.8549769422742],[31.536663818359,36.8524972873262],[31.5370007324217,36.852173394097],[31.5389499240449,36.8525726996526],[31.5394417317705,36.8517938910589],[31.5373282877603,36.8502273220484],[31.5361138237844,36.8480257161457],[31.5366749403209,36.8469363064235],[31.5366727701821,36.8459521484373],[31.5388190375431,36.8432934570311],[31.5381765407984,36.8416693793401],[31.5333905707463,36.8449487304686],[31.5304206000433,36.8454321289061],[31.5295833333331,36.8445605468749],[31.5277528211803,36.846124674479],[31.5266586642794,36.8461024305553],[31.525600721571,36.8471625434026],[31.5238746473523,36.8474994574651],[31.5238711208764,36.8499012586803],[31.5230300564234,36.8511417643227],[31.5213472493487,36.8511073133679],[31.5179414876299,36.8476532660588],[31.5175027126734,36.8457926432289],[31.5181791178382,36.8438164605033],[31.5195429144964,36.8431548394095],[31.5255524359807,36.8427628580727],[31.5260354275171,36.843758409288],[31.5278285047742,36.843031141493],[31.5287813313799,36.8420393880207],[31.5281236436629,36.8394734700519],[31.5274914550778,36.8391666666665],[31.5275033908418,36.8385804578992],[31.5300067816838,36.8361754014756],[31.5299701605901,36.835558268229],[31.5271747504338,36.8369634331595],[31.5247199164495,36.8369474283852],[31.5233249240449,36.8366615125867],[31.5231944444442,36.8351388888887],[31.519217393663,36.8352533637151],[31.5177270507809,36.8358577473956],[31.5144471571178,36.8386409505206],[31.5152804904511,36.8394417317708],[31.5155528428816,36.8402967664929],[31.5131544325084,36.8429923502603],[31.5118154568141,36.8461466471352],[31.5122250705293,36.846942003038],[31.512241753472,36.8485940212672],[31.5108249240448,36.8502818467881],[31.5108391655813,36.8509776475693],[31.5159762912323,36.8505669487845],[31.5151571994356,36.8537632921005],[31.5181637912323,36.8518717447915],[31.5197551812064,36.8525173611109],[31.5210332573782,36.8537868923609],[31.519862331814,36.8568245442707],[31.5202967664928,36.8572195095485],[31.5208306206596,36.8566639539929],[31.5252838812931,36.8558355034721],[31.5247195095485,36.8550027126735],[31.5244471571178,36.8538427734373],[31.5256435818139,36.8511064995658],[31.5275261773002,36.8488639322915],[31.5288970269094,36.8481987847221],[31.5336409505206,36.8477804904513],[31.5344527180986,36.8486252170137],[31.5344847276475,36.8515597873263],[31.5341528320311,36.8525295681422],[31.5335598415796,36.853099500868],[31.5341639539927,36.8561138237846],[31.5346119520396,36.8565443250866],[31.5381335449216,36.8581084526908],[31.5388861762149,36.8588916015623],[31.5445077853731,36.8609328884547],[31.5462942165796,36.8623749457463],[31.5470600043399,36.8650490993922],[31.5474972873262,36.8678564453125],[31.5444471571178,36.8702804904512],[31.542666286892,36.8713376193575],[31.5391676161023,36.87194797092],[31.5374636501734,36.8716571723088],[31.5364495171439,36.8706016710069],[31.5373974609373,36.8678320312498],[31.5361138237844,36.8658306206595],[31.5355257161455,36.8655582682289],[31.5344128417968,36.8666916232637],[31.5319631618922,36.8666414388019],[31.5316529676647,36.866964518229],[31.5316791449651,36.8682481553818],[31.5341305881075,36.86864718967],[31.5349361165363,36.8720027669269],[31.5359889051646,36.8735560438367],[31.5383525933156,36.8747363281249],[31.5394961208766,36.876663953993]],[[31.5180845811629,36.8381117078991],[31.5204166666663,36.8379166666665],[31.5223574490014,36.8389341905382],[31.5231254069008,36.8398255750868],[31.5230346679685,36.8409543185762],[31.5210182020397,36.8407923719616],[31.5203743489582,36.8400450303819],[31.5179587131074,36.8396769205727],[31.5180845811629,36.8381117078991]]]},"properties":{"id":"reservoir-gdw-4406","hesIds":["hes177-124"],"basinIds":["9"],"riverSystemIds":["river-system-042"],"damName":"Manavgat","reservoirName":"Manavgat","basinId":"9","source":"GDW","sourceId":"4406","sourceUrl":"https://services8.arcgis.com/oTalEaSXAuyNT7xf/ArcGIS/rest/services/GDW_v1_epsilon_gdb/FeatureServer/1","matchMethod":"name+coordinate","matchConfidence":"high","areaKm2":4.407,"validated":true,"validationNotes":"Turkey envelope; facility name, basin/river relation and coordinate distance check"}},{"type":"Feature","id":"reservoir-gdw-1561","geometry":{"type":"Polygon","coordinates":[[[36.9396988932292,37.7952697753911],[36.9401296657987,37.7908654785161],[36.9394508192275,37.7887150065109],[36.9406715223524,37.7857055664068],[36.9422239854601,37.7842140028217],[36.943052842882,37.7816041395405],[36.9409086100261,37.7795057508686],[36.9414297146267,37.7786138237853],[36.9441008843316,37.7795281304259],[36.9444417317709,37.7791258409294],[36.9427638075088,37.7774919976134],[36.9427676052517,37.7754751247835],[36.9415778266059,37.7705000813808],[36.9384685601129,37.7687388780387],[36.9389537217884,37.7673213704434],[36.940552842882,37.7663861762158],[36.9425518120661,37.7655423990891],[36.9443843587241,37.7655798339849],[36.9455676269532,37.7651748318148],[36.9455348036025,37.7635639105908],[36.9444361707899,37.7625082736552],[36.9427597384982,37.75855577257],[36.9416292317708,37.7574694824224],[36.9403464084201,37.7568470594624],[36.9400027126736,37.7559921603738],[36.942224934896,37.7555582682297],[36.9424972873264,37.7546923828131],[36.9418667263456,37.7534684244798],[36.9385788302952,37.7516531032991],[36.9374919976128,37.7516753472228],[36.936830376519,37.7509867350266],[36.9363916015626,37.7491258409294],[36.9369386121961,37.7470779079867],[36.9355361599392,37.7480814615892],[36.9349884711373,37.7497691514762],[36.9340703667535,37.7515512424051],[36.9316525607639,37.752497287327],[36.931669514974,37.7508307562939],[36.930947265625,37.7490500217019],[36.9301474338108,37.7478700086812],[36.930558403863,37.7466691080735],[36.9305410427517,37.7458139377176],[36.9280582682293,37.7444036187071],[36.9286249457466,37.7427480740023],[36.9298345269097,37.7415859646274],[36.9302750651044,37.7381684027783],[36.9293926323784,37.7359931098096],[36.9279580349394,37.7355276150179],[36.928363172743,37.7344471571186],[36.9294417317709,37.7350027126742],[36.9322757975261,37.7353107367628],[36.9347195095487,37.7349863009988],[36.9333755154079,37.7343343098965],[36.9283462185331,37.7333524576828],[36.9269911024305,37.731964789497],[36.928648546007,37.7296917046446],[36.9311676703558,37.7280748155388],[36.9324917263456,37.7294527180995],[36.9338134765626,37.7300939941412],[36.9352754720053,37.7297193739155],[36.9378205023872,37.7297128634988],[36.9388861762152,37.7291639539937],[36.9407139756945,37.7288071017802],[36.9396923828124,37.7275027126742],[36.9366693793403,37.7286138237853],[36.9345011393229,37.7288861762158],[36.9322195095486,37.7272249348963],[36.9319471571181,37.7269146050353],[36.9325142415365,37.7258138020838],[36.9355528428819,37.7258143446186],[36.9348208279081,37.725111083985],[36.9327750651042,37.7244471571186],[36.9325027126737,37.7235921223964],[36.9334402126736,37.7222710503478],[36.9328987630208,37.7205582682297],[36.9302497016059,37.7222344292541],[36.9294245062934,37.7230692545578],[36.9266590711807,37.7230128309467],[36.9266739908855,37.7222802734381],[36.9251292588976,37.7219471571187],[36.924668375651,37.7228972710509],[36.923796251085,37.7224480523009],[36.917785780165,37.7225082736551],[36.917139078776,37.7221751573357],[36.9157066514757,37.723146023221],[36.9138970269096,37.7222138129346],[36.9131465657552,37.7226003689242],[36.911328531901,37.7207916937941],[36.9102750651041,37.720280490452],[36.9100027126736,37.719057210287],[36.9122249348958,37.7183360460075],[36.9127804904513,37.7177804904519],[36.9130528428819,37.7168981933599],[36.9122186957466,37.7152789984815],[36.9125177680121,37.7138187662767],[36.9143657769098,37.7142923990892],[36.916523844401,37.7135709635423],[36.9178369140624,37.7139074707036],[36.919488796658,37.713873833551],[36.9199972873263,37.7133143446187],[36.9190349663629,37.7123898654519],[36.9163195800782,37.7117278374572],[36.91720187717,37.710837537978],[36.9190962727864,37.7100903320318],[36.9199009874132,37.7092527940544],[36.9222793240017,37.7083146158861],[36.9282375759548,37.7086310492628],[36.9294417317709,37.7094471571186],[36.931184217665,37.7100126139328],[36.9365315755209,37.7100737847228],[36.938052842882,37.709295925565],[36.9371074761285,37.708837348091],[36.9341942003039,37.7088968912766],[36.9300469292535,37.7082655164936],[36.9251661512587,37.7069471571187],[36.9197751193577,37.7078667534728],[36.9155425347222,37.7110731336811],[36.9135323079427,37.7113861762158],[36.9120887586806,37.7094386121967],[36.9116354709203,37.7094479709207],[36.9103895399305,37.7100896538635],[36.9091693793404,37.7091639539936],[36.906767985026,37.707960476346],[36.9061138237848,37.7085403103304],[36.9072521972656,37.7111711968321],[36.9072116427951,37.7137156846794],[36.9033253309462,37.7149768066412],[36.9039605034723,37.7125793457036],[36.9021793619791,37.7104574924051],[36.9016204155816,37.7087352159293],[36.9019376627605,37.7070307074659],[36.9000444878473,37.7076786295578],[36.8963780381944,37.7061028374572],[36.8952350531685,37.7061017523877],[36.893592122396,37.705280490452],[36.8930418565539,37.7058532714849],[36.8930480957031,37.7071727159294],[36.8902800835503,37.7077806260856],[36.8893732367621,37.7077621799052],[36.8875500488281,37.7068229166672],[36.8883528645835,37.7052643500439],[36.8883403862848,37.7036836751307],[36.8900027126736,37.7016693793407],[36.8905666775174,37.7002399359815],[36.8916836208768,37.6991666666672],[36.8911082628038,37.6986138237852],[36.8911195203993,37.6980601671013],[36.8901338704428,37.6967612033426],[36.8885812717015,37.696391601563],[36.8877472601997,37.6972596571187],[36.8872052680123,37.6983768717453],[36.885207655165,37.7002962239589],[36.8837883843316,37.7002671983513],[36.8792302788628,37.6994471571186],[36.8785715060763,37.7020852322054],[36.8768957519531,37.7030801052522],[36.8755250379775,37.703052164714],[36.8744417317708,37.7019471571186],[36.8741544596353,37.7001831054692],[36.8724932183161,37.7007518174919],[36.8725074598525,37.7000508626308],[36.8741691080729,37.6977642144102],[36.8755860731337,37.6969070095492],[36.876424967448,37.6952157931863],[36.8775603569879,37.6941250271274],[36.8788947211373,37.69347764757],[36.8788830566406,37.6929055447055],[36.8777750651041,37.6922138129345],[36.8757750108506,37.6922546386725],[36.8747454155816,37.6933261447488],[36.8740823025174,37.693647867839],[36.8720073784722,37.6958075629346],[36.8702460394965,37.6986511230474],[36.8693861219618,37.700423583985],[36.8688757324218,37.701996256511],[36.8688917371962,37.702780490452],[36.8681850857206,37.7031233723964],[36.8672249348958,37.7029711914069],[36.8680528428819,37.6963590494797],[36.8671906195746,37.6955307345925],[36.8641657172308,37.6952863227002],[36.8637197536892,37.6939119466152],[36.8594417317707,37.6925027126741],[36.8582218424479,37.6905436197923],[36.8572144911023,37.6905642361116],[36.8560819498699,37.689980740018],[36.854195827908,37.6900192599832],[36.8535961914064,37.6897102864589],[36.8530423990886,37.6880037434901],[36.8530643717449,37.6869277615023],[36.8547197808161,37.6861246744797],[36.8551635742187,37.6852099609382],[36.8537948947484,37.6843409559467],[36.8551402452258,37.6816967773443],[36.857508544922,37.6808333333338],[36.8574971516928,37.6802752007384],[36.8582648383248,37.6791425238721],[36.8548042805989,37.6792131890198],[36.8535331217448,37.6785583496099],[36.8526222059461,37.6776102701828],[36.8523611111112,37.6768055555562],[36.8516693793402,37.6772249348964],[36.8497249348957,37.677780490452],[36.8474972873265,37.6780527072489],[36.8455582682293,37.6799144151482],[36.8475724283854,37.6805680338547],[36.8488861762154,37.6822249348965],[36.8501901584203,37.6832591417106],[36.8497306315103,37.6874955240892],[36.8488590494792,37.6886083984381],[36.8474617513021,37.6878885904954],[36.8463916015624,37.6886138237853],[36.84266140408,37.6890192328564],[36.8394099934895,37.6886035156255],[36.8383490668402,37.6874993218321],[36.8362070041232,37.6871506076394],[36.835836046007,37.6863861762159],[36.8336596679689,37.6860822211377],[36.8314137098523,37.685171305339],[36.8286138237848,37.684741210938],[36.8302591959637,37.6863865831169],[36.8330582682293,37.6872195095492],[36.8353084309895,37.6885049099398],[36.8348833550347,37.6901638454866],[36.8375596788194,37.6891693793408],[36.8372266981337,37.6911911349831],[36.8386138237847,37.6922195095491],[36.83945827908,37.6939074707037],[36.8394289822049,37.6953378634988],[36.8403076171876,37.6961083984381],[36.841450873481,37.6955194769971],[36.8426732042103,37.6944471571186],[36.8435035536025,37.6965525987419],[36.8461979166667,37.6960930718322],[36.8485510253907,37.6960868326828],[36.8494584147135,37.6963974338114],[36.8494376627604,37.6974137369797],[36.8477693684895,37.696947428386],[36.8477813042535,37.6975347222228],[36.8463785807293,37.6988823784728],[36.8477374945747,37.7005657280823],[36.8480852593315,37.7027019585508],[36.8477111816406,37.7037948947488],[36.8480745442708,37.7059256998704],[36.8491687011718,37.7055510796447],[36.8494417317709,37.7061409505213],[36.848880343967,37.7072304958774],[36.8473802354602,37.7071999782992],[36.8455493164063,37.7084410264762],[36.8455748155381,37.7096930609815],[36.8451893446181,37.7104413519971],[36.843888888889,37.7099963378912],[36.8430110677084,37.7102967664936],[36.8416305881076,37.710268554688],[36.840578748915,37.7091738552525],[36.8398486328126,37.7088195800787],[36.8390277777777,37.7092424858947],[36.837266438802,37.7083350965718],[36.8346987575956,37.7080560980909],[36.8336138237847,37.707497287327],[36.831317952474,37.7071766493061],[36.8303507486979,37.7061699761291],[36.8272136773003,37.7069425455736],[36.8272256130643,37.7075263129347],[36.828363172743,37.7080528428825],[36.8298773871528,37.7072726779519],[36.8341749403213,37.7094361707906],[36.8350142415366,37.7102860514328],[36.8368090820313,37.7103005642367],[36.8393564181857,37.7117546929259],[36.8397755262588,37.7126185438373],[36.8414124891494,37.7131496853304],[36.8413821072049,37.7146359592019],[36.8399712456597,37.7141531032992],[36.8388292100695,37.7141764322923],[36.836680908203,37.715283067492],[36.8339424641927,37.7148828125006],[36.8326542154948,37.7153237575962],[36.8336165364582,37.7175023057732],[36.8320614963107,37.7178058539502],[36.8316693793402,37.7186138237852],[36.830827501085,37.7190223524311],[36.8308561197916,37.7204230414504],[36.8299591742622,37.7208306206603],[36.828212076823,37.7202324761292],[36.826947157118,37.720307617188],[36.8277804904513,37.7211083984381],[36.828052842882,37.7219634331602],[36.8274860297309,37.7225080023877],[36.8275200737847,37.7241756184903],[36.8245605468749,37.724172770183],[36.8233319769965,37.7250055609815],[36.8229058159722,37.7241271972662],[36.818886311849,37.7241695149746],[36.8155174424913,37.7227119954432],[36.8150027126737,37.7234354654953],[36.8161138237848,37.7241639539936],[36.8172195095486,37.7255582682297],[36.8194444444444,37.7261153157558],[36.8206488715277,37.725514458551],[36.8255822753906,37.7263899739589],[36.8266806369357,37.7269558376742],[36.8266594780816,37.7279930284294],[36.8244543457032,37.7285306803391],[36.8241693793404,37.730280490452],[36.8235857476128,37.730841335721],[36.8236075846355,37.7333700900614],[36.820906575521,37.733315022787],[36.8186031087239,37.7336197916672],[36.8172738986547,37.7322991265197],[36.8156483289931,37.7319028049051],[36.8150027126737,37.7321655273442],[36.8163916015625,37.7338861762159],[36.816663953993,37.734730631511],[36.8155475531685,37.735008273655],[36.8141582573784,37.7350029839416],[36.8141715494793,37.735658365886],[36.8155582682292,37.7361083984381],[36.8158576117622,37.7367252604172],[36.8158299424912,37.7380860731342],[36.8149800618489,37.7389025878912],[36.8141640896268,37.7388860405822],[36.813549126519,37.7392027452264],[36.8127583821616,37.7400259060336],[36.8120785861544,37.7421204969625],[36.8108250596789,37.7433250596794],[36.8102125379774,37.7445875379781],[36.8053116861979,37.7459878200961],[36.8035560438367,37.7455379231777],[36.8022941080729,37.7442244466151],[36.8018984646267,37.740987413195],[36.8010915798611,37.7414031304259],[36.8011154513889,37.7425735134555],[36.7989381239149,37.744187554254],[36.7970433213976,37.7441488986552],[36.7954474555121,37.743067084419],[36.7938916015624,37.743630099827],[36.7948608398439,37.7445944552957],[36.791951904297,37.7474111599398],[36.7908306206596,37.7477750651047],[36.7905173068576,37.7500191243495],[36.7882916937934,37.7500150553391],[36.78717054579,37.7511083984381],[36.7849985080297,37.7505516221794],[36.7844471571182,37.7510328504781],[36.785815700955,37.752836507162],[36.7852658420139,37.7539038085943],[36.7826523166232,37.7549340820319],[36.7804463704427,37.7577166069884],[36.777833251953,37.7589843750006],[36.7774976942274,37.7600185818149],[36.7766583930122,37.7608250596795],[36.7745491536458,37.7638328721795],[36.7739023166233,37.7658258734816],[36.7735911729601,37.7661248101134],[36.7716693793403,37.7661309136291],[36.7711111111112,37.7655498589417],[36.7698487684461,37.7667846679692],[36.7732580566406,37.7693119303391],[36.7768234592014,37.7697195095491],[36.7798133680555,37.767722710504],[36.7811191134983,37.7663635253912],[36.7810972764757,37.7652913411465],[36.783891330295,37.7608197699658],[36.7850640190971,37.7602509223096],[36.7886036512588,37.7567011176221],[36.7888861762154,37.7558306206605],[36.7900231933594,37.7543320041238],[36.7899671766494,37.7515878634989],[36.7913236490885,37.7506986490891],[36.7917195638022,37.748266194662],[36.7937840440539,37.7461577690977],[36.7949115668404,37.7453529188373],[36.7965456814237,37.7450027126741],[36.7977750651041,37.7458360460075],[36.8026604546442,37.746816677518],[36.8036138237847,37.7477750651047],[36.8042300075954,37.7490036349832],[36.8050835503472,37.7485639105908],[36.8069844563802,37.7465852864589],[36.8116547309029,37.7466806369363],[36.8127750651041,37.7458306206603],[36.814610595703,37.7454722764762],[36.8156585015191,37.7417857530387],[36.8172890896267,37.7423438856343],[36.8163860405816,37.7411138237853],[36.816385498047,37.7405315483946],[36.8174582248263,37.7395010036898],[36.8196503363715,37.7410533311639],[36.8202750651043,37.7406684027783],[36.8194476996527,37.7383158365891],[36.8222387695313,37.7361029730908],[36.8230897352431,37.736120334202],[36.8247195095487,37.7372249348964],[36.8265348307292,37.7377750651047],[36.8255466037326,37.7358567979606],[36.8255615234374,37.7351250542542],[36.8269736056857,37.7358525933165],[36.8282728407118,37.7358260091151],[36.8308306206596,37.7347195095492],[36.8322420247395,37.7344439019103],[36.832219373915,37.7333306206602],[36.8329583062065,37.7329721408425],[36.8344807942709,37.7342009819883],[36.8361195203992,37.7366722276481],[36.8361059570312,37.737336425782],[36.8383200412327,37.7388920084641],[36.8386478678386,37.7388853624137],[36.8386081271701,37.7369360351569],[36.8374858940971,37.7369413248704],[36.8374849446616,37.7346805826828],[36.83336452908,37.7306454806863],[36.8325990125869,37.7290676540804],[36.831663953993,37.7286138237853],[36.8313916015624,37.7280002170145],[36.8345576985678,37.7253811306429],[36.8341609700522,37.7250000000005],[36.8347296820748,37.7244310167106],[36.8364015028213,37.7238884819883],[36.8369712999132,37.7227137586811],[36.8381355794271,37.7215951877175],[36.841365966797,37.7225910102003],[36.8430529785156,37.7236139594191],[36.8434777832032,37.7236052788634],[36.8430323621961,37.72099460178],[36.843058810764,37.7197024197054],[36.8441864691841,37.7197254774312],[36.8441532389324,37.7213502332905],[36.844462076823,37.7225550672748],[36.8457945421008,37.7238353135857],[36.8500025770399,37.7244415961378],[36.8513754611546,37.7254832628043],[36.8572363281251,37.7258302137592],[36.8572037760418,37.7242365180127],[36.855830485026,37.7233360460076],[36.8558391655816,37.7229055447054],[36.856967095269,37.722358398438],[36.8569415961372,37.7211083984381],[36.8572412109375,37.7208360460075],[36.8580369737413,37.7216643608947],[36.8595605468751,37.72228624132],[36.8599972873265,37.721386176216],[36.8627750651041,37.7209461805563],[36.8619198947483,37.7188381618929],[36.8611071777344,37.7180571831604],[36.8614667426216,37.716654052735],[36.8624972873265,37.7166750759554],[36.8633306206598,37.7158034939241],[36.8614529079861,37.7139157443582],[36.8608306206597,37.7136138237852],[36.8605582682293,37.7130528428825],[36.8594570583769,37.7119947645405],[36.8591676161025,37.7111025661898],[36.8586085340712,37.711113959419],[36.8575337727864,37.7105603027349],[36.855625,37.7100950792106],[36.8551216634115,37.7075169542106],[36.8555814615885,37.7066246202263],[36.8577916124133,37.7066697862418],[36.8585244411892,37.7081802029086],[36.8625065104168,37.7093454318582],[36.8642580837673,37.7105327690978],[36.8667451985677,37.7108798556864],[36.8702750651042,37.7108741590717],[36.8697086588541,37.7125287543408],[36.8697250705295,37.7133360460075],[36.8686225043404,37.7148578559033],[36.868336046007,37.7176794433599],[36.8713916015626,37.7180528428825],[36.8738916015624,37.7188861762158],[36.8745094129775,37.7210123697922],[36.8766798231338,37.7202695041238],[36.8780805121527,37.7202688259554],[36.8786138237848,37.7197138129346],[36.8804016113282,37.7197112358946],[36.8819896104601,37.7171625434035],[36.8830703396267,37.7161241319451],[36.8822195095485,37.7150027126742],[36.8819471571181,37.7141041395404],[36.8834107801649,37.7112630208339],[36.8849972873264,37.7122249348964],[36.8873007541233,37.712546522353],[36.8915211317274,37.7125055609814],[36.8919417317709,37.7132697211377],[36.890552842882,37.7136083984382],[36.8896625434029,37.7142118326829],[36.8884860568576,37.7154361979172],[36.8873498535157,37.7180609809034],[36.8866586642794,37.7180468750005],[36.8850027126738,37.720102132162],[36.887216796875,37.720820583768],[36.8880528428818,37.7218465169278],[36.8842434353299,37.7225901963982],[36.8858977593317,37.7241795518669],[36.8872310384115,37.7241522894972],[36.8872074381511,37.7253082953564],[36.8866639539931,37.7258306206604],[36.8861070421006,37.7280578613286],[36.8867687988283,37.7283306206602],[36.8882278103299,37.7261416286898],[36.8899230957031,37.7254478624138],[36.890552842882,37.7241258409293],[36.8899971516928,37.7225024414068],[36.8900172254775,37.7215185546882],[36.8925027126735,37.7211138237852],[36.8930528428821,37.7207708062072],[36.8908250596789,37.7185968695752],[36.8908481174045,37.7174694824225],[36.8914436848958,37.7168972439241],[36.8931477864584,37.7160704210075],[36.8957683648005,37.7161239963113],[36.8977887641059,37.7176569281689],[36.8978036838108,37.719742567275],[36.8960800509983,37.7197257486985],[36.8961315917969,37.7222527398009],[36.8978812662762,37.7231016710075],[36.9011193847657,37.7230699327263],[36.9011077202691,37.7241971842453],[36.8998091634114,37.725444742839],[36.9015629069012,37.7258722602001],[36.9050416395399,37.7258369954433],[36.9064781358508,37.7273025173617],[36.9087219238282,37.7263924153652],[36.9106449381511,37.7275587293843],[36.9113861762154,37.7294742838547],[36.9106986490885,37.7308086480041],[36.9088085937501,37.7311777072488],[36.9082861328126,37.7317214626743],[36.9074091254341,37.7335291883686],[36.9081030273437,37.7341959635421],[36.9108672417535,37.7338819715717],[36.9124107530382,37.7323242187505],[36.9152777777777,37.7330590820318],[36.9183464898003,37.7322139485683],[36.9214105902779,37.7322311740457],[36.9219417317708,37.7333470323357],[36.9204927571616,37.7340500217019],[36.9175227864584,37.7347909884988],[36.9183306206598,37.7363916015631],[36.9196130371093,37.7367043728304],[36.9199972873263,37.7375189887159],[36.918880750868,37.7389082845057],[36.9189181857639,37.7407394748269],[36.9205971950955,37.7401646592888],[36.9225246853299,37.7388582356776],[36.9246233452692,37.7389010959207],[36.9249972873265,37.739867350261],[36.9233053927952,37.7394338650179],[36.9219833713108,37.7408098687072],[36.9212859429253,37.7441787380648],[36.9202583821616,37.7441699218756],[36.9192477756077,37.7452216254347],[36.9174077690972,37.7445918782558],[36.9162460666233,37.7453792317714],[36.918392876519,37.7481254069016],[36.9204587131076,37.7488861762159],[36.9227750651041,37.7469417317714],[36.9236195203994,37.7466693793409],[36.9238799370661,37.7491916232645],[36.9233074273004,37.749741617839],[36.9211819118924,37.7504314507383],[36.9205582682292,37.7516328938808],[36.92404554579,37.7506236436638],[36.925061984592,37.7511471896707],[36.9285356987848,37.7543375651049],[36.9277804904513,37.756130099827],[36.9306197102866,37.7592011176221],[36.9330917697483,37.7588397894971],[36.9336182996963,37.757754584419],[36.9342369249131,37.7571601019971],[36.9359445529515,37.7566693793408],[36.9373928493923,37.7588783094624],[36.9377750651043,37.7608360460076],[36.9388916015625,37.7611083984381],[36.9405935329862,37.7623997667108],[36.9402639431423,37.76336303711],[36.9394133843317,37.7641802300353],[36.938608669705,37.76416381836],[36.9368716091581,37.7647583007818],[36.9358196343317,37.765853271485],[36.9355175781249,37.7682242838547],[36.9347032335069,37.768608398438],[36.9322294108074,37.7666571723096],[36.9311404079862,37.7673952907992],[36.930836046007,37.7683631727436],[36.931942138672,37.7694258626308],[36.9322878689235,37.7704912651917],[36.9333470323352,37.7708306206604],[36.9341965060764,37.7694471571186],[36.9353397623698,37.7700360785595],[36.9364070638022,37.7711231825092],[36.9381274414064,37.7739742024745],[36.9391866048176,37.7749919976134],[36.9391608344184,37.7762611219624],[36.9375500488283,37.7770659722228],[36.9380802408855,37.7780952962245],[36.9380451117622,37.7798160807298],[36.9394930013021,37.7817241753478],[36.9403686523439,37.7835291883686],[36.9371694607204,37.7867952473964],[36.9366120062934,37.7885131835943],[36.9377913411458,37.792250976563],[36.9377728949652,37.7931526692715],[36.9363747829861,37.792780897353],[36.9363959418404,37.7938163248704],[36.9375322808159,37.7953139919711],[36.9396988932292,37.7952697753911]],[[36.9230734592014,37.726684570313],[36.9237500000002,37.7265277777783],[36.9235705566407,37.7275836859815],[36.9221256510415,37.7295327419711],[36.9204855685763,37.7292903645839],[36.9193025716145,37.7300040690109],[36.9171222601996,37.7302598741325],[36.9172436523436,37.7294384765631],[36.9195505099826,37.7285968695752],[36.9199820963543,37.7280376519103],[36.9215576171875,37.7269420030388],[36.9230734592014,37.726684570313]]]},"properties":{"id":"reservoir-gdw-1561","hesIds":["hes177-127"],"basinIds":["20"],"riverSystemIds":["river-system-013"],"damName":"Menzelet","reservoirName":"Menzelet","basinId":"20","source":"GDW","sourceId":"1561","sourceUrl":"https://services8.arcgis.com/oTalEaSXAuyNT7xf/ArcGIS/rest/services/GDW_v1_epsilon_gdb/FeatureServer/1","matchMethod":"name+coordinate","matchConfidence":"high","areaKm2":26.366,"validated":true,"validationNotes":"Turkey envelope; facility name, basin/river relation and coordinate distance check"}},{"type":"Feature","id":"reservoir-gdw-7060","geometry":{"type":"Polygon","coordinates":[[[34.4883643390002,40.5978185340002],[34.4899816770002,40.5984408420001],[34.4908611720002,40.5998888240002],[34.491138828,40.6001111760002],[34.4918611720001,40.6011388240002],[34.4921388280002,40.6013611760002],[34.4925835150002,40.6019164890002],[34.4932776570002,40.6024723510002],[34.4937904240001,40.6031126710002],[34.4952898810001,40.6036670230001],[34.4956111720002,40.6042974550002],[34.4939894200002,40.6046111760002],[34.4930391620001,40.6034245150001],[34.4923611720002,40.6031388240002],[34.4916388280002,40.6026111760002],[34.4906835250001,40.602208633],[34.4899786900002,40.6030888060001],[34.4894894190002,40.6033611760001],[34.4887064580001,40.6023834380002],[34.4879633680002,40.6021388240002],[34.4876388280002,40.6036388240001],[34.4872976680002,40.6039120180001],[34.4866553010003,40.6038321230002],[34.4871845460002,40.6019787290002],[34.4871085730001,40.601367935],[34.4876742810002,40.599896194],[34.487700816,40.5982946700001],[34.4838725000002,40.6010418240002],[34.4834562540002,40.6016121220001],[34.4836287260002,40.6038932800002],[34.4841275000002,40.6043724980001],[34.4843725000001,40.6046275020002],[34.4846275000001,40.6048724980001],[34.4848725000002,40.6051275020002],[34.4851275,40.6053724980002],[34.4867950000002,40.6073300020002],[34.4883315620002,40.6081215670002],[34.4886250000001,40.6081275480001],[34.4891212120001,40.6081174320002],[34.4915656240002,40.6100906220001],[34.4922395970002,40.6104378200001],[34.4971489390001,40.610874405],[34.497872499,40.6116275020001],[34.4981275010002,40.6118724980001],[34.4983724990002,40.6121275020001],[34.4986275010002,40.6123724980002],[34.4988724990002,40.6126275020002],[34.4999115680001,40.6133977510002],[34.5008546980002,40.6143793790002],[34.5034079170001,40.6150018010002],[34.5074804230001,40.6170997620001],[34.5088774990002,40.6173724980001],[34.5096225010001,40.6176275020001],[34.5130593760001,40.6185968780002],[34.5138419150002,40.6189765170002],[34.5141541820001,40.620257462],[34.5148747830002,40.6206286770001],[34.5169254530001,40.6197414250001],[34.518877499,40.6201224980002],[34.5201083680003,40.6205438080002],[34.5221274990001,40.6208724980002],[34.5228746410002,40.6211282350001],[34.5238725010002,40.6208724980002],[34.5252295680001,40.6205416720001],[34.5261082530002,40.6196271210002],[34.527646744,40.6191278840001],[34.5286175000001,40.6181174930002],[34.5291414110002,40.6176141360002],[34.530090881,40.6156570590002],[34.5313725010002,40.6146224980002],[34.5325050010001,40.6142550050002],[34.5332400020001,40.6134900050002],[34.533877499,40.6128775020003],[34.5345975000001,40.6121281130001],[34.5358260770001,40.6121030430001],[34.5385137480002,40.6131201780002],[34.5388770480001,40.6131275940001],[34.5406785430001,40.6127586060001],[34.5423775020002,40.6138724980001],[34.5426224980002,40.614127502],[34.5428775020001,40.6143724980002],[34.543467262,40.6149863430003],[34.548305031,40.6155774840001],[34.549377502,40.6163724980002],[34.549627403,40.6166325990002],[34.5501414570002,40.6166221160002],[34.5513700030001,40.6172550050001],[34.5530756610002,40.6180825040001],[34.5536325,40.6186174930002],[34.554569519,40.6195927580002],[34.555403992,40.6201398620001],[34.5565354390002,40.6213175050001],[34.5578700030002,40.6220050050002],[34.5591224980002,40.6226126560002],[34.5587959670001,40.6229656370003],[34.5580429080002,40.6236891630002],[34.5583724980002,40.6253775020002],[34.5597097930001,40.626437744],[34.5606082530002,40.6273728790001],[34.5619900440002,40.6278212740001],[34.5638940580002,40.6286295320002],[34.5646104350002,40.6293751370001],[34.566197281,40.6296849210002],[34.5667450030001,40.6302550050001],[34.5693259350001,40.6317871090001],[34.5696275020002,40.6323724980001],[34.5701108320002,40.6343551480002],[34.570372498,40.6346275020002],[34.570627502,40.6348724980002],[34.5708724980003,40.6356275020001],[34.5714036180001,40.6364110410003],[34.5719396360003,40.6375158840003],[34.5738843690001,40.6387909090002],[34.5738623200002,40.6398714600003],[34.575127502,40.6406224980002],[34.5753858640001,40.6408914030002],[34.5768825000001,40.6416174930002],[34.5782500000001,40.6423219760001],[34.5795398560002,40.6416575010001],[34.5803724980002,40.6413724980001],[34.582055794,40.6410984800002],[34.5824442060002,40.6399015200001],[34.5841275020001,40.6396275020001],[34.5853432920002,40.639211349],[34.5895531920001,40.6396687470001],[34.5922958300002,40.6402041630002],[34.5941519470002,40.6425453030001],[34.5962729950002,40.6432713010001],[34.5984287800002,40.6423968660002],[34.6003350140002,40.6423579560001],[34.6018382870002,40.6428724980002],[34.603127502,40.6426275020002],[34.6050784760002,40.642127502],[34.6068775020002,40.642372498],[34.6082901310001,40.6431002200003],[34.6107135620002,40.6426038510002],[34.6123582610002,40.6426374210002],[34.6133189700001,40.6421425020002],[34.6161029360002,40.6414290160002],[34.6200070190002,40.6413493500001],[34.6214667660001,40.6417052000001],[34.62205986,40.6423224950001],[34.6241275940002,40.6433876950001],[34.6275602110002,40.6433176420002],[34.6283596800002,40.64408577],[34.6287500000001,40.6448903050002],[34.6303388670001,40.6448578800002],[34.6323724980003,40.6456275020001],[34.6361517330002,40.6458740840001],[34.6379949950001,40.6465050050001],[34.6399136960002,40.6468795620001],[34.6408724980002,40.6478775020001],[34.6411275020002,40.6481224980001],[34.6415996860002,40.6486139530002],[34.642877502,40.6493724980002],[34.6441362150002,40.65038858],[34.6460418550001,40.6510069580002],[34.6470369110002,40.6523492890002],[34.6486199950001,40.6527550050002],[34.653143097,40.6534913180001],[34.6547212220001,40.6544281390001],[34.6556275020002,40.6556224980002],[34.6561116030002,40.6571143040001],[34.6566417390002,40.657387413],[34.6603711550002,40.6573113020001],[34.660392853,40.658375],[34.6603538060001,40.6602884980003],[34.660956024,40.6624236150002],[34.6618724980002,40.6633775020002],[34.6621275020001,40.6636224980002],[34.6623724980001,40.6638775020002],[34.6628625030002,40.6643482820001],[34.6631275020002,40.6651224980002],[34.6634001460001,40.6701358640002],[34.6638992310002,40.6706553190001],[34.6660238950002,40.6716860960002],[34.6665050050002,40.6726200030002],[34.6669337460003,40.6735037540002],[34.6678775020002,40.6741224980002],[34.6686224980002,40.6746275020001],[34.6693775020001,40.6751224980002],[34.6701224980001,40.6756275020002],[34.6712550050003,40.6759950030002],[34.6730812230002,40.6766200870002],[34.6758775020002,40.6771224980001],[34.6768724980002,40.6773775020002],[34.6781275020002,40.6776224980002],[34.6795643920002,40.6791180420002],[34.6811275020001,40.6793724980001],[34.681929047,40.6796468580001],[34.6833819270002,40.6796172030002],[34.6852648470002,40.6805871960002],[34.6866224980002,40.6801224980002],[34.6891275020001,40.6798775020002],[34.6910563350002,40.6794824370002],[34.6935640720001,40.679910179],[34.6945980830002,40.6793775020001],[34.6964764710002,40.6797371980002],[34.6975924840002,40.6808094410002],[34.696431854,40.6838762510001],[34.6973974760002,40.6851488190002],[34.6973578030002,40.6870924610001],[34.6978724980003,40.6878775020002],[34.6985927580002,40.6885695190001],[34.6992631380002,40.6895920100001],[34.7004330290001,40.6899716420003],[34.7009844360001,40.6911082230003],[34.7035386810002,40.6914648060002],[34.7038775020002,40.6921224980001],[34.7042030790001,40.6941224980002],[34.7056669160001,40.693356888],[34.7066074980002,40.6923779070002],[34.7078750000001,40.6923520430001],[34.71,40.6923954090001],[34.7116250000001,40.6923622440001],[34.712377136,40.6923775940002],[34.714328476,40.6918775020002],[34.7148713680002,40.6923223190001],[34.7148877560001,40.6931250000002],[34.714867401,40.6941222920001],[34.7158418120002,40.6941421810003],[34.7163775020002,40.693627502],[34.7168482820002,40.6931374970002],[34.718302002,40.6926399150002],[34.7203724980002,40.6941747670001],[34.7198775020002,40.694877502],[34.7182174530002,40.6968022770001],[34.7193683320001,40.6973606340002],[34.7188775020002,40.7013775020002],[34.7186224980001,40.7016224980001],[34.7180099950001,40.7022600020002],[34.7168661650002,40.7033589780003],[34.7171313170003,40.7041336440002],[34.7166224980002,40.7046224980002],[34.7162640840001,40.7071899490003],[34.7148775020001,40.7078626480002],[34.7152855680002,40.7083037800002],[34.7163724980001,40.709348091],[34.7157175140002,40.7110410160002],[34.7152449950001,40.7114950030002],[34.7148682560002,40.7126559910001],[34.7138787230001,40.7136067120001],[34.7133775020001,40.7148775020002],[34.7127059630001,40.7165330810001],[34.7148701020002,40.7177600480002],[34.7148824160003,40.7183631520001],[34.7144345400001,40.7196716580002],[34.7153440090001,40.7206182560002],[34.7165050050003,40.7209949990002],[34.7168724980002,40.7213774990001],[34.7191208040002,40.7230441510002],[34.7191326600002,40.7236250000001],[34.7191224060003,40.7241272430002],[34.7198784030001,40.7261248740002],[34.7195898280002,40.7269679600002],[34.7199619140002,40.7284942630002],[34.7218643040002,40.7291115950002],[34.7221521300003,40.7296703220001],[34.7221224060001,40.7311273540003],[34.7228536990002,40.7322062000001],[34.7228964080002,40.7342988360002],[34.7225249940002,40.7354433670002],[34.7216275020002,40.7363774990002],[34.7206283110002,40.7373375020001],[34.7206175080001,40.7378673520003],[34.7220833890001,40.7386225010002],[34.7226275020003,40.7378774990002],[34.7231224980001,40.7371225010002],[34.7236275020002,40.7368774990002],[34.724122498,40.7366225010001],[34.724627502,40.7363774990002],[34.725945374,40.735377499],[34.7274852750002,40.7356966510002],[34.7283775020002,40.7368725010001],[34.728671494,40.7380784990001],[34.7298775020001,40.7383725010002],[34.7313199460001,40.7388662220002],[34.7323750000002,40.7388877560002],[34.7343414000002,40.738847626],[34.7348721010001,40.7393574980001],[34.7348800960002,40.7397500000002],[34.7348648070001,40.7405000000001],[34.7348828130002,40.7413822100001],[34.7338775020002,40.742348087],[34.7352494200003,40.7431225010002],[34.7368699650002,40.7422464180002],[34.7368874210003,40.7413917430001],[34.7361275020002,40.7399166180002],[34.7368524170002,40.7398520090001],[34.7381199950001,40.7405050010001],[34.7393724980001,40.7411126480002],[34.7391017150002,40.7416816860002],[34.7378775020002,40.7428578910002],[34.7389429020001,40.7431465720002],[34.7410966190001,40.7431026190001],[34.7413775020002,40.7433725010003],[34.7417549130001,40.7441504100003],[34.7445862120002,40.744092628],[34.7448775020001,40.7443725010002],[34.7453575130001,40.7448720930001],[34.7456272280002,40.7448775980002],[34.7466291200003,40.7445346680002],[34.7482525940001,40.745635151],[34.7543036800003,40.7455116620002],[34.7555256960002,40.7459299390001],[34.757060944,40.7451390610002],[34.7585718080003,40.7451082270002],[34.7596224980002,40.7453774990002],[34.7610376890002,40.7457225000003],[34.7628546750001,40.7466039960001],[34.7636275020002,40.7476225010002],[34.7643069150002,40.749022903],[34.7661275020002,40.7503724990002],[34.7663724980002,40.7506275010001],[34.767777283,40.7514614160001],[34.7683508910001,40.7538143630002],[34.7686275020002,40.7546224990002],[34.7690512390001,40.7567931390001],[34.7693724980002,40.7571275010002],[34.7696275020002,40.757372499],[34.7698724980003,40.7593775010002],[34.7701420290002,40.7601649840001],[34.7701026310002,40.7620966050002],[34.7707632140001,40.7627841660001],[34.7742897640001,40.7631445960001],[34.7791208500001,40.7630460030002],[34.7791428220002,40.7641225970001],[34.778410797,40.7648258930002],[34.7797574460002,40.7651541810002],[34.7804220580002,40.7664442840002],[34.7803367920002,40.7706225000001],[34.7811275020002,40.7703775000001],[34.7820980830002,40.7698775000002],[34.7821785280001,40.7712314520003],[34.7811275020002,40.7717413620002],[34.781872498,40.7718775000002],[34.7838775020001,40.7721225000003],[34.7843917540002,40.7723874130002],[34.7855990910002,40.7723627740001],[34.787069946,40.7728662230002],[34.7877549130002,40.7728802020002],[34.7881314090002,40.7721041360002],[34.7877064210002,40.7694065020002],[34.787127502,40.7676225000002],[34.7861174320001,40.7663712120002],[34.7861424560002,40.7651445660002],[34.7846282960002,40.7629107820002],[34.7846096800002,40.7620000000001],[34.7846429750002,40.7603689630002],[34.7786358340001,40.7595303570002],[34.7786078800002,40.7581605700002],[34.7793724980002,40.7568724990002],[34.7798526000003,40.7564112340002],[34.7757027890002,40.756072899],[34.775122406,40.7543772180001],[34.775142853,40.7533750000002],[34.7751026310001,40.7514033950002],[34.7753724980001,40.7511224990002],[34.7758392030001,40.7506741070002],[34.7739798580002,40.7502208330002],[34.7733898620002,40.7496539920002],[34.7727090760002,40.7486156310001],[34.7714883420001,40.7486405450002],[34.7698724980003,40.7483774990001],[34.7691275020002,40.7481225010001],[34.7678148500001,40.7478025020002],[34.7671278990002,40.7471425020002],[34.76711261,40.7463929940003],[34.7673724980001,40.7461225010001],[34.7683525090001,40.7451809310001],[34.7687974240002,40.743881069],[34.7674018860002,40.7438525890001],[34.7663979800002,40.7445330730002],[34.7648620610001,40.7436213070002],[34.7642600100001,40.7423803060001],[34.7636250000002,40.7423673480001],[34.7619431150003,40.7424016720001],[34.7611275020002,40.7421225010002],[34.7573042300001,40.7417825010001],[34.7566224980002,40.7411274990001],[34.7563755190001,40.7408704490002],[34.7549057920002,40.7418667180001],[34.7516897890002,40.7419323500002],[34.7513724980002,40.7416274990001],[34.7504625240002,40.740680367],[34.7478607790002,40.7417356830002],[34.7466358640002,40.7411414110002],[34.7463775020002,40.7408725010002],[34.7448856810001,40.740388405],[34.7441124880002,40.7388875010002],[34.7432403260002,40.7370897450003],[34.7403281250002,40.7365212290002],[34.7384885860002,40.7351575850003],[34.7390906980002,40.7316274990001],[34.7381083980001,40.7319625890001],[34.7360284420002,40.7333725010001],[34.7353712770002,40.7326260990002],[34.7356275940002,40.7318772200001],[34.7356224370002,40.7316250000002],[34.7356325070002,40.7311326480001],[34.7349926450002,40.7308030320002],[34.7334019170002,40.7316225010002],[34.7314875790002,40.7311668890002],[34.7306275020002,40.7308725010001],[34.729127502,40.730506828],[34.7294853970001,40.7299454080001],[34.7321224980003,40.727411716],[34.731877502,40.7273725010001],[34.728612625,40.7271063120002],[34.7286476440002,40.7253904530002],[34.7281275020002,40.7251225010001],[34.7271275020002,40.724637352],[34.7274222560002,40.7228148990002],[34.7286216890003,40.7216624980001],[34.7286318660001,40.7211639060001],[34.7268492580002,40.720873714],[34.7258925020002,40.7198779070001],[34.7256226960001,40.7198724020002],[34.7246519170002,40.720372501],[34.7231808620002,40.7194382440003],[34.7228775020002,40.7191225010002],[34.7226224980002,40.7188774990001],[34.722377502,40.7186225010002],[34.7212071380002,40.7178551790001],[34.7208039860003,40.7166773300001],[34.7216224980002,40.7161224980002],[34.7223510280002,40.7157690510002],[34.7206275020002,40.7146390530001],[34.7209073490002,40.713192314],[34.7220302580001,40.712827927],[34.72239032,40.7120857700002],[34.7232153780001,40.7112930760002],[34.7226275020003,40.7101519090001],[34.7231318970002,40.7095766680002],[34.7258722990002,40.7096325990001],[34.7258779910002,40.7093533630002],[34.7248975070001,40.7084113240001],[34.724540405,40.7077181470002],[34.7257299960002,40.7064800030002],[34.7268825990002,40.7053725970002],[34.7268634800002,40.7044351650001],[34.7287652130002,40.7030254210002],[34.7267010650002,40.7022112810001],[34.7271944890001,40.699180267],[34.7288724980001,40.6986357420002],[34.7286275020001,40.6981224980001],[34.7272032620002,40.6977752990002],[34.7283388210001,40.6966842650001],[34.7273775020002,40.6952660680003],[34.7278724980001,40.6948724980003],[34.7288705440001,40.6942181470001],[34.7288946690002,40.6930362930001],[34.7285939330002,40.6908820190001],[34.7278750000002,40.6908673480002],[34.7264033970002,40.6908973770002],[34.7256272130001,40.6901516340002],[34.7253366700001,40.6886633300002],[34.7226631320003,40.6881414110002],[34.7218490910001,40.6878627700002],[34.7204363710001,40.6878916020001],[34.719622498,40.6876275020001],[34.7187171330002,40.6870137940002],[34.7178217770002,40.6879457090002],[34.7168772130001,40.6876224060002],[34.7161509090001,40.6876372300002],[34.7153775020002,40.6873724980001],[34.7145827640002,40.687114609],[34.7136082610003,40.6866125870001],[34.7126250000001,40.6866326520002],[34.7111966250001,40.6866035000001],[34.7092190250002,40.6871103290002],[34.7079725190002,40.6871357650002],[34.7061224980002,40.6868775020002],[34.7053775020001,40.6866224980001],[34.7031313020001,40.6863089290001],[34.7031199040002,40.6857500000002],[34.7031372220001,40.6849009170002],[34.7027398830002,40.6837400360001],[34.7058704220001,40.6827241670003],[34.7058875730002,40.6818840180002],[34.7041275020001,40.6811224980001],[34.7028794400001,40.6807174990001],[34.7028724520002,40.6803750000001],[34.7028852080002,40.6797500000002],[34.7028647920001,40.6787500000002],[34.7028775480001,40.6781250000001],[34.7028724520002,40.6778750000002],[34.7028821870001,40.677397789],[34.7021485140002,40.6766341630003],[34.6994886780003,40.6759524990002],[34.6975000000001,40.6755451810002],[34.6949644930002,40.6760644990002],[34.6915000000003,40.6761352010002],[34.6908728330001,40.6761224060001],[34.6890942380003,40.6766371310001],[34.6876250000002,40.6766071400002],[34.6858871310002,40.6766426090002],[34.6848775020001,40.6761224980001],[34.6808308870002,40.6758179170001],[34.6803724980002,40.6753775020002],[34.68010881,40.675103043],[34.6760722200002,40.6732309110002],[34.6746224980002,40.6728775020002],[34.6736275020002,40.6726224980001],[34.6716560670001,40.6723472900001],[34.6702918550002,40.6705069580002],[34.668413727,40.6698974990002],[34.6676849210002,40.6691972810001],[34.6673775020002,40.6676224980001],[34.6670640110002,40.6667066270002],[34.6678859860002,40.6651110380001],[34.6668779140001,40.6641425020001],[34.6668647920002,40.6635000000002],[34.6668816070002,40.6626759870002],[34.6663279270003,40.6609697340002],[34.6651325070002,40.6603897780001],[34.6645124510002,40.6582472380002],[34.6648724980002,40.6578724980002],[34.6653720860002,40.6573925020003],[34.6653963470002,40.656203979],[34.6631275020002,40.6543724980001],[34.6623195190001,40.6538427580002],[34.6609324950002,40.6523991390002],[34.6591250000002,40.6523622440002],[34.6579215850002,40.6523868100002],[34.6569337460001,40.6520662540001],[34.6563894810001,40.6503890080002],[34.6552915500001,40.6496447750002],[34.6526275020001,40.6493724980002],[34.6498724980001,40.6491275020001],[34.6481275020001,40.6483724980002],[34.6457571410002,40.6480828550001],[34.645127502,40.6471224980002],[34.6443724980002,40.6466275020001],[34.6424627380002,40.6451783910001],[34.6415695190002,40.6445927580001],[34.6408775020002,40.6438724980002],[34.6406224980002,40.6436275020002],[34.6403775020002,40.6433724980002],[34.6398975070002,40.6429113160002],[34.6396224980002,40.6423775020001],[34.6393775020002,40.6408724980001],[34.6391224980001,40.6401275020001],[34.6388065340002,40.6375417180003],[34.6367330170002,40.6367238770002],[34.6361520540001,40.6361656950001],[34.6351224980002,40.6336275020002],[34.634844894,40.6302226560002],[34.6323724980003,40.6298775020002],[34.631127502,40.6293724980002],[34.6293029020002,40.6290754700001],[34.6277630620002,40.6274727780002],[34.6263832860001,40.6265375060001],[34.6235234830002,40.6253775020002],[34.6222265170002,40.6259352720002],[34.6217449950001,40.6268699950002],[34.6211874850001,40.6280191800002],[34.6168724980001,40.6296224980001],[34.6153674930002,40.6303978120002],[34.6127500000002,40.6303443910001],[34.6104149780002,40.6303920440002],[34.6089079900001,40.6298762210002],[34.6048956300002,40.6293859410002],[34.6034277650002,40.6282978210002],[34.6029124980003,40.6267099460002],[34.6025049970002,40.6258699950002],[34.6013724980002,40.6251275020002],[34.6011275020002,40.6248724980002],[34.5995109480002,40.6239128720002],[34.5986556930001,40.6221499940003],[34.5975823670001,40.6214224400002],[34.5960204320002,40.6210416720001],[34.5946665190001,40.6196325070001],[34.5923005830002,40.6193637700002],[34.5911466900001,40.6193873140003],[34.5898293610002,40.6188529660002],[34.5879716720002,40.6188908840002],[34.5866224980001,40.618627502],[34.5855599980001,40.6183551940001],[34.5833724980001,40.6186224980002],[34.5824019090002,40.6191224980002],[34.5813597870001,40.6188744810001],[34.5808775020001,40.6183724980001],[34.5806224980001,40.6181275020002],[34.5795149990001,40.6162618410001],[34.5777972110003,40.6156738740001],[34.5768357700002,40.6161403200002],[34.5758958660002,40.6171185910002],[34.575372498,40.6173724980001],[34.5748925020002,40.6178720860001],[34.573628021,40.6178979030001],[34.5736175920002,40.617386856],[34.5741224980002,40.6159117130002],[34.5732081760002,40.6153775020001],[34.5723497470002,40.6158859710001],[34.5711617130001,40.6171224980002],[34.5701224980002,40.6156275020002],[34.5697141650002,40.6147858280002],[34.5680405430001,40.613973877],[34.56723542,40.6123143310001],[34.5663435970002,40.6127737580002],[34.5651224980002,40.6123775020002],[34.5636623000001,40.6113876950002],[34.5626275020002,40.6111224980002],[34.5603864210001,40.610809647],[34.5603698960002,40.6100000000002],[34.5603801960002,40.609495285],[34.5596174470001,40.6083700410002],[34.5596470640001,40.6069188840001],[34.558877502,40.6056224980001],[34.5583814090002,40.6051458590002],[34.5581275020002,40.6046224980001],[34.5578724980002,40.6043775020001],[34.5570849300003,40.6033150790002],[34.5553775020002,40.6026224980003],[34.5546224980002,40.602377502],[34.553877502,40.6018724980002],[34.5531224980002,40.601377502],[34.5528775020001,40.6011224980001],[34.5511224980002,40.6006275020002],[34.5498775020002,40.6001224980001],[34.5491224980001,40.5998775020001],[34.5474898680002,40.5990364530001],[34.5453775020002,40.5981224980002],[34.5446224980001,40.5978775020002],[34.543877502,40.5976224980001],[34.5424072340002,40.5971454010001],[34.5414011760001,40.5966271210002],[34.5392068630001,40.5961987460002],[34.5388725010001,40.5958775020001],[34.5384472850003,40.5954349210002],[34.5363474500002,40.5950249940001],[34.5351225010002,40.594627502],[34.5343774990002,40.5943724980001],[34.5328675000002,40.5938825070003],[34.5323774990002,40.5933724980002],[34.5316225010001,40.5928775020002],[34.5298774990002,40.5916224980001],[34.528622501,40.5913775020003],[34.5278774990002,40.5911224980002],[34.5271225010001,40.5908775020002],[34.5258774990001,40.5903724980002],[34.5235984380001,40.5897296910001],[34.5223858640002,40.5891414030002],[34.5219696770002,40.5887082370002],[34.5196225010002,40.587377502],[34.5176647260001,40.5858919530002],[34.5164432490002,40.5854738620002],[34.5092865980002,40.5849517060001],[34.5078395920001,40.5864577790003],[34.5066142730002,40.5873875430001],[34.5058726460001,40.5873724060001],[34.5051151180002,40.5878858950002],[34.501662298,40.5885599520003],[34.5013724990001,40.5891224980002],[34.5011258980001,40.5903856960002],[34.4996275010002,40.5911126560002],[34.4998724990002,40.5916275020002],[34.5008724990001,40.5925882870002],[34.5003604560002,40.592887451],[34.4993774030002,40.5928674010001],[34.4988750000002,40.5933903050001],[34.4983775010001,40.5928724980001],[34.4981224990002,40.5926275020001],[34.4977167680002,40.5922052000002],[34.4953848270001,40.5916367190002],[34.4951224020002,40.5911273040002],[34.4951376970001,40.5903778080001],[34.4948727820001,40.590372406],[34.4941163600002,40.5906313170001],[34.4933754960002,40.5898602140002],[34.493006828,40.5913724980002],[34.4926224990002,40.5908775020002],[34.4919668710003,40.5898775020002],[34.4917500190002,40.5915894010001],[34.4921814480002,40.5942396090001],[34.4933708320002,40.5950458370002],[34.4946188950001,40.5954508360002],[34.4946326520002,40.5961250000002],[34.4945830670002,40.5985547330002],[34.4954356440001,40.5998551180002],[34.4965214710002,40.5992957610001],[34.4970019720002,40.6007764890002],[34.5001205960002,40.6012841640003],[34.5001478980001,40.6026219790001],[34.499400915,40.6026372220002],[34.4986275010002,40.6023724980001],[34.4973691670003,40.6019641720001],[34.4961275010002,40.6011224980001],[34.4946439910001,40.6001498720001],[34.4943775010001,40.5998724980001],[34.4929137250001,40.5993975070001],[34.4921279090001,40.5986425020001],[34.4921224060002,40.5983728640002],[34.4924270270001,40.5971842500001],[34.4920432320002,40.5967847900002],[34.4903725000002,40.5963775020001],[34.4883643390002,40.5978185340002]]]},"properties":{"id":"reservoir-gdw-7060","hesIds":["hes177-132"],"basinIds":["15"],"riverSystemIds":["river-system-005"],"damName":"Obruk","reservoirName":"Obruk","basinId":"15","source":"GDW","sourceId":"7060","sourceUrl":"https://services8.arcgis.com/oTalEaSXAuyNT7xf/ArcGIS/rest/services/GDW_v1_epsilon_gdb/FeatureServer/1","matchMethod":"name+coordinate","matchConfidence":"high","areaKm2":40.432,"validated":true,"validationNotes":"Turkey envelope; facility name, basin/river relation and coordinate distance check"}},{"type":"Feature","id":"reservoir-gdw-4396","geometry":{"type":"Polygon","coordinates":[[[31.5400027126734,36.9236138237847],[31.5413953993054,36.9227693684894],[31.5422142198349,36.9227861870657],[31.544338785807,36.9216916232637],[31.547825520833,36.9209773763019],[31.5499941677516,36.9215332031247],[31.550008409288,36.9208349609373],[31.5483375379771,36.919510362413],[31.548324924045,36.9188962131075],[31.5501185438365,36.918168674045],[31.5525027126733,36.9177804904513],[31.5544878472219,36.9170315212672],[31.5567407226561,36.9152129448783],[31.5599452039929,36.9136583116318],[31.5613861762151,36.9116639539928],[31.5625027126734,36.9113916015623],[31.5639940049912,36.9102601453991],[31.5650183105466,36.910281032986],[31.5666376410588,36.9094468858505],[31.5691480848521,36.9087963867186],[31.5703122287324,36.9091742621526],[31.5719036187062,36.9108306206595],[31.5726170518661,36.9096096462672],[31.5718725585935,36.9052199978296],[31.5708360460068,36.9041856553817],[31.5720278591577,36.9028743489583],[31.5727860514321,36.9036027018229],[31.5747930230032,36.9066639539929],[31.5760664876299,36.9059526909721],[31.5765524631074,36.904532877604],[31.5743775770397,36.9038083224825],[31.5731797960068,36.9022588433158],[31.5720833333331,36.9018055555554],[31.5701536729598,36.9020152452255],[31.5695518663192,36.9038693576387],[31.5677205403644,36.9052590603297],[31.5630901421439,36.9052473958333],[31.5602804904511,36.9063916015623],[31.5575089518227,36.9069327799479],[31.5553218587238,36.9085923936631],[31.5532309299043,36.909188096788],[31.5501051161023,36.9124416775173],[31.5484281412758,36.9133056640624],[31.5468773057723,36.9137030707463],[31.5416722276474,36.9133417426214],[31.5400332302515,36.9122306315103],[31.5361337619354,36.9105788845484],[31.5352749294702,36.9094471571179],[31.5350021701386,36.9083292643228],[31.5335169813366,36.9087098524305],[31.5322520616316,36.9080582682291],[31.5317175292966,36.908527018229],[31.5322348361542,36.9125745985242],[31.5322250705293,36.9141693793401],[31.5313916015623,36.9149701605901],[31.5316639539928,36.9161138237846],[31.5332554796004,36.9165020073783],[31.5319471571179,36.9177587890624],[31.5324667697482,36.9183306206595],[31.5355147298174,36.9175027126735],[31.5361260308156,36.9180205620657],[31.5360974121091,36.9194243706595],[31.5365995279945,36.9199471028645],[31.5388861762149,36.9203192816839],[31.5382680935327,36.9221232096353],[31.5363916015623,36.9230335828991],[31.5367915852863,36.9238861762152],[31.5400027126734,36.9236138237847]]]},"properties":{"id":"reservoir-gdw-4396","hesIds":["hes177-133"],"basinIds":["9"],"riverSystemIds":["river-system-045"],"damName":"Oymapinar","reservoirName":"Oymapinar","basinId":"9","source":"GDW","sourceId":"4396","sourceUrl":"https://services8.arcgis.com/oTalEaSXAuyNT7xf/ArcGIS/rest/services/GDW_v1_epsilon_gdb/FeatureServer/1","matchMethod":"name+coordinate","matchConfidence":"high","areaKm2":3.093,"validated":true,"validationNotes":"Turkey envelope; facility name, basin/river relation and coordinate distance check"}},{"type":"Feature","id":"reservoir-gdw-7067","geometry":{"type":"Polygon","coordinates":[[[35.5046224980002,37.480622499],[35.5034995350002,37.4818835770001],[35.5031159650001,37.4825488660002],[35.5026343000002,37.4833842960002],[35.5023069580002,37.4836663150002],[35.5017500000002,37.4842500000002],[35.5008422760002,37.484854633],[35.5003601610002,37.4849783560002],[35.4998802720002,37.4856734070002],[35.4997500000002,37.4865000000002],[35.5010312350001,37.4855356090001],[35.5011926020001,37.4849561240002],[35.5023843080002,37.4841852980001],[35.5034907000002,37.4840724410002],[35.5041157000001,37.481788769],[35.5050464440001,37.480768034],[35.5061344680002,37.480306166],[35.5073724980001,37.4781224990001],[35.5081275020001,37.4778775010001],[35.5086224980001,37.4771224990001],[35.5091275020002,37.4763775010002],[35.5096944580001,37.4752088780002],[35.5108574980002,37.4746446290002],[35.5113775020002,37.4738775010002],[35.5124269790001,37.4721095870002],[35.5133724980002,37.4716224990002],[35.5141672360002,37.471364605],[35.5155980910003,37.4706275010001],[35.5163677060001,37.4713023320001],[35.5166916050002,37.4736224990001],[35.5173775020002,37.4731275010003],[35.518097504,37.4723781130002],[35.5193677900002,37.4723521880001],[35.5198724980002,37.4728775010001],[35.5206275020002,37.4731224990002],[35.5217339320002,37.4738724990003],[35.5221518940001,37.473612314],[35.5228574980001,37.4728779090002],[35.5244877010002,37.4728446390001],[35.5261727680002,37.473255426],[35.5281760100001,37.4748724990001],[35.5286275020002,37.4741275010002],[35.5288724980002,37.4728724990002],[35.5291651310001,37.4717306730001],[35.528387352,37.4701275010002],[35.5281224980001,37.470372499],[35.527642502,37.4708720910002],[35.5273726270002,37.4708776000002],[35.5263622510003,37.4701109290002],[35.5245258180001,37.4695149990003],[35.5236120000002,37.4686370200002],[35.5236275480002,37.4678750000001],[35.5236224520001,37.4676250000003],[35.5236316450001,37.4671743490001],[35.5233296740003,37.4656275010001],[35.5223724980001,37.466622499],[35.5213890530002,37.4681224990002],[35.5206083530001,37.4678729780002],[35.5198822100001,37.4671171990001],[35.5191250000003,37.4671326520002],[35.5180000000002,37.4671096940001],[35.5164081880002,37.4671421790002],[35.5157052080002,37.4664667680002],[35.5153275600002,37.4649176350002],[35.5143698040002,37.4635047070001],[35.5143826680002,37.4628741760002],[35.5136224980002,37.4626274990002],[35.5128775020002,37.4623725010001],[35.5113856960002,37.4618884050002],[35.5111224980003,37.4613774990002],[35.5108542020002,37.4600031390002],[35.5093105390002,37.4607983590001],[35.5088724980002,37.4603774990002],[35.508627502,37.4601225010001],[35.5071224980001,37.4598774990001],[35.506598732,37.4596076770002],[35.5049075390002,37.4596421930002],[35.5041224980002,37.4591274990002],[35.5028046190002,37.4581274990002],[35.5011224980001,37.4583725010001],[35.499804619,37.4593725010002],[35.4980409620002,37.459070782],[35.498460793,37.4569202230002],[35.4996224980002,37.456622501],[35.500877502,37.456377499],[35.5019717180002,37.4556357800002],[35.5035000000001,37.4556045910002],[35.5056224980002,37.4556479070001],[35.505377502,37.455372501],[35.5042071380001,37.4546051790002],[35.5037771450002,37.4533489230001],[35.5051702500002,37.4524355660002],[35.5043869780002,37.4512800520001],[35.5057890780002,37.4508250690002],[35.5063724980001,37.4496225010002],[35.5073724980001,37.4483046190002],[35.5071275020001,37.4478725010003],[35.5061915740002,37.4469732780002],[35.5068724980002,37.446622501],[35.5087281110002,37.4458347890001],[35.5073775020002,37.4453725010002],[35.5066224980002,37.4451274990002],[35.5058775020001,37.4448725010001],[35.5042327500002,37.444604752],[35.5037524490002,37.4436147460002],[35.5012181240002,37.4436664660002],[35.5001278080001,37.443137501],[35.5001077350001,37.4421541600001],[35.5008724980002,37.4411225010001],[35.5012852550002,37.4407259290002],[35.499379623,37.43947654],[35.4993580550002,37.4384197810002],[35.5010235980002,37.4358794140003],[35.5046275020002,37.4356274990002],[35.5053724980002,37.4351225010003],[35.5060538560003,37.4347919430002],[35.5053814090001,37.4341458630001],[35.5051250000001,37.433617348],[35.5046766360002,37.4345415230002],[35.5023775020002,37.4348774990002],[35.4998923420003,37.4351811710002],[35.498250275,37.4363984260003],[35.4978629530002,37.4379097480001],[35.4979095460002,37.4401925850001],[35.4968724980001,37.4408725010002],[35.4943806000001,37.4428840370002],[35.4931191640002,37.4418657680002],[35.4923825000003,37.4426325000003],[35.4916172030001,37.4433677900001],[35.4916346890001,37.4442248270001],[35.4901224980001,37.4451225010002],[35.4885568160001,37.4463863640002],[35.487316315,37.446361046],[35.4861970100002,37.4478709790001],[35.4856368480002,37.4478824120001],[35.484877499,37.4476225010002],[35.4838189350003,37.4472789920002],[35.4842669560001,37.445970066],[35.4838774990001,37.4443725010003],[35.4834949990002,37.4440050010002],[35.4829880910002,37.4424428940002],[35.4813725010001,37.4421274990002],[35.4806274990001,37.4418725010002],[35.4788774990001,37.4415308650002],[35.4797446710001,37.4403774990003],[35.4816274990001,37.4406225010002],[35.482927288,37.4410673940001],[35.4858725010002,37.4411274990002],[35.4860000000003,37.4412500000001],[35.4861415140002,37.4405590900001],[35.4861173480003,37.4393750000002],[35.4861352040001,37.4385000000001],[35.4861176070002,37.4376377940002],[35.4863725010001,37.4373725010002],[35.4873724980002,37.4367168690001],[35.485845657,37.4361287500002],[35.484877499,37.4366274990002],[35.484204166,37.4369541660001],[35.4837825010002,37.4391141320002],[35.4826509170002,37.4391372260002],[35.481164204,37.4386283490002],[35.4788819890001,37.4385817760001],[35.4758725010001,37.439122501],[35.4745472110001,37.4395761220001],[35.4731278080002,37.4388875010001],[35.4731176070002,37.438387794],[35.4733725010001,37.4381225010002],[35.4746274990002,37.437877499],[35.4751607970001,37.4376027720001],[35.4772312810001,37.4376450270002],[35.4821225010002,37.4373633920002],[35.4816274990001,37.4368725010003],[35.4812449990002,37.4365050010001],[35.4804451480001,37.4356725010002],[35.4793746600001,37.4351210370003],[35.4782831880002,37.4358608930002],[35.4763402520001,37.4353629530001],[35.4742818260002,37.4354049640003],[35.4731185340001,37.4346164250002],[35.4722599030001,37.4355101010001],[35.4711274990002,37.4351225010003],[35.4690715640002,37.4347878110001],[35.4684641690002,37.4335358310002],[35.4661625900002,37.4324192280002],[35.4658774990002,37.4321224980002],[35.4647355040001,37.4310252910001],[35.4653582530001,37.4303771210002],[35.4661274990002,37.4301275020002],[35.4668725010002,37.4298724980002],[35.4687457540002,37.4292646260001],[35.4691225010001,37.4288724980002],[35.4703725010003,37.4276715160002],[35.469833927,37.4276181870003],[35.4667484020001,37.4276811520002],[35.4661225010001,37.4273775020001],[35.4651554180001,37.4268793030002],[35.4631345750002,37.4263866650001],[35.4621274990002,37.4256224980002],[35.4606815300001,37.4252699970002],[35.4588927990002,37.4244021990001],[35.457992802,37.4226551440002],[35.4586582260002,37.4212835540002],[35.4607010500002,37.4221121750001],[35.4623725010002,37.4203724980002],[35.4638725010001,37.4200796740001],[35.4633774990002,37.4196224980001],[35.4611313060002,37.4193089290002],[35.4611176070001,37.4186377940002],[35.4617689550002,37.4179598620002],[35.4631953810002,37.416877502],[35.464127499,37.417122498],[35.4663725010001,37.4180938340002],[35.4661274990002,37.4173724980001],[35.4656281390002,37.4159135890001],[35.4671375620001,37.414115517],[35.4671224480002,37.4133750000001],[35.4671275520002,37.413125],[35.4671224480002,37.4128750000001],[35.4671275520002,37.4126250000002],[35.467117805,37.4121474840003],[35.4674541660002,37.4114541700002],[35.4686118890003,37.410892502],[35.4686372260003,37.4096509170002],[35.468202579,37.4083810730002],[35.4691250000001,37.4083622440001],[35.4705823330002,37.4083919830002],[35.4716338390001,37.4078818510002],[35.4711225010001,37.4071275020002],[35.4708774990002,37.4058724980002],[35.4700164640001,37.4054547730002],[35.4713779910002,37.4041466370001],[35.4713621940002,37.4033725970001],[35.4720102040001,37.4027500000001],[35.4712295910001,37.4020000000001],[35.4727550010002,37.4015049970001],[35.4733582530001,37.4008771210001],[35.4745080800002,37.4005039980001],[35.4741175880002,37.399363152],[35.4741326710001,37.3986241760002],[35.4733582530001,37.3983728790002],[35.4723870200002,37.3973620000001],[35.4711429940001,37.3973873900002],[35.4707449990001,37.3970049970001],[35.4703774990003,37.3966224980001],[35.4696225010002,37.3963775020002],[35.4681617160001,37.3958775020001],[35.4671225010002,37.3961224980002],[35.4663918270002,37.3968829960002],[35.4655000000002,37.3968647990002],[35.4647500000002,37.3968801040001],[35.4635556760001,37.3968557280003],[35.4613725010002,37.397122498],[35.460877499,37.3973775020003],[35.4603725010002,37.3976224980001],[35.4595331380001,37.3980549010003],[35.4588750000002,37.3973698960001],[35.4583925020002,37.3978720930002],[35.4580000000001,37.3978801040003],[35.4573877940001,37.3978676070002],[35.4566877440001,37.3985402070003],[35.4551503070002,37.4004793850001],[35.4538819270001,37.4011327970002],[35.4521534460002,37.4010975190001],[35.4505739920002,37.4023724980001],[35.4499175340002,37.4020162730003],[35.4494613490002,37.4006104810001],[35.4485000000001,37.4006301040001],[35.4481250000002,37.4006224520002],[35.4461877250002,37.4006619870001],[35.4453724990001,37.4014260100001],[35.4451220300002,37.4018875810001],[35.4438775010002,37.4024913640002],[35.4441224990002,37.402877502],[35.4448724990001,37.403598091],[35.4444110110002,37.4045953060002],[35.4438779090002,37.4051074980002],[35.4438724500002,37.405375],[35.4438877540001,37.4061250000001],[35.4438622950002,37.4073724980001],[35.4446275010001,37.4071275020002],[35.4451078930001,37.4066275020002],[35.4461550620002,37.4068791200001],[35.4472242950001,37.4074299390002],[35.4487578890002,37.4069050220001],[35.4491275010001,37.4076224980003],[35.4493724990001,37.4081275020002],[35.4510537260001,37.408455704],[35.4521594350002,37.4090253140001],[35.4534794790001,37.4081305240001],[35.4555762060002,37.4080877300002],[35.4570219310002,37.4090677190002],[35.4574595910001,37.4082181470002],[35.4571274990002,37.4078724980002],[35.456377499,37.4071519090001],[35.4567661130001,37.4059156270003],[35.4576509170001,37.4056127700002],[35.4596281240002,37.4056531220002],[35.4596076160001,37.4046481930002],[35.4599949990003,37.4042450030001],[35.4603914110002,37.4038641360002],[35.4610669750001,37.4024716420002],[35.462141747,37.4021228790002],[35.4630980870001,37.4011275020002],[35.4644191280001,37.4014419100003],[35.4655204090002,37.4025000000002],[35.4644202350001,37.4035570300002],[35.4632112770001,37.4055506130001],[35.4627833290002,37.4072204440001],[35.4622389300002,37.4111201250002],[35.4611649820002,37.4111420440001],[35.4596617160001,37.4106275020002],[35.4588585280001,37.4108768390001],[35.4579031070002,37.411871262],[35.4568725010002,37.412122498],[35.4561200490001,37.412632553],[35.4528232650002,37.412565269],[35.4506224990001,37.4128724980001],[35.4489085620002,37.4135677110002],[35.4453773350002,37.4139286190002],[35.4426227820002,37.4138724060001],[35.4418631520002,37.4141324080002],[35.441372719,37.4141224060001],[35.4391275010001,37.4151275020002],[35.4376010000002,37.415375999],[35.4366275000001,37.4158775020003],[35.4351275000002,37.4162431720002],[35.4353729330002,37.417129066],[35.4361225000002,37.4168724980002],[35.4371554160001,37.4166206970002],[35.4385000000003,37.4159280320001],[35.4396945950001,37.4165434270002],[35.4403825000001,37.4158825000002],[35.4411025010001,37.4151331100002],[35.4420000000003,37.4151147990001],[35.4433350160002,37.4151420440001],[35.4448382840002,37.414627502],[35.4462786660002,37.4149670790001],[35.4467431720001,37.4168724980002],[35.4468775010001,37.4166275020001],[35.4473624990002,37.4156278080002],[35.4481250000002,37.4156122440001],[35.4491022130002,37.4156321870001],[35.4496275010003,37.4151275020002],[35.4501075000001,37.4146279070002],[35.4511225970002,37.4146071930002],[35.4520980870002,37.4156224980001],[35.4531548350002,37.4153709950002],[35.4541512700002,37.4148576810002],[35.4558750000001,37.4148928600002],[35.4583543430002,37.4148422550002],[35.4588015210001,37.4157103040001],[35.4583725010001,37.4161224980003],[35.4575062480002,37.4174437480001],[35.4566225010001,37.4178724980001],[35.4556274990002,37.4186275020002],[35.4526878240002,37.4190378800001],[35.4523229160003,37.4209070970001],[35.4499446370002,37.4208585660002],[35.4476854310001,37.4214957730001],[35.4458775010001,37.4233775020002],[35.4446704640002,37.4242722700003],[35.444597307,37.4278569490001],[35.4453097820002,37.4282239760003],[35.4463775010001,37.4278775020002],[35.4478382840001,37.4273775020001],[35.4497040140001,37.4276744690002],[35.4506458640002,37.4281314090001],[35.4513596970002,37.4288743820002],[35.4523775010002,37.4291224980001],[35.4528575000002,37.4296220930001],[35.4533522130001,37.429632187],[35.4538775010001,37.4291275020002],[35.4541224990002,37.4286224980001],[35.4546278880002,37.427641457],[35.4546072010002,37.4266279140001],[35.4560514370002,37.4265984420002],[35.4573914110002,37.4278858640001],[35.4578725010002,37.4288775020001],[35.4583924560002,37.4296445690001],[35.4583622630002,37.4311241760002],[35.4598572200002,37.4316092990002],[35.4611274990002,37.4331225010001],[35.4622614100002,37.4354597430001],[35.4640820010002,37.4363429990001],[35.4658774990002,37.4378725010001],[35.4661225010001,37.4381274990003],[35.466377499,37.4383725010002],[35.4668675000001,37.4388825000001],[35.4676325,37.4396175000002],[35.4681225010002,37.440127499],[35.4688682560002,37.4408440090002],[35.4691225010001,37.4416274990002],[35.4705068970002,37.4433424990002],[35.4711274990002,37.4448725010001],[35.4715537490001,37.4466209950002],[35.4723424260002,37.4466370890003],[35.4728774990002,37.4463774990002],[35.4738480870002,37.445877499],[35.4751225010002,37.4464672700001],[35.4748774990001,37.4478774990002],[35.4742528310001,37.4487990420001],[35.4751274990002,37.4493725010001],[35.4758725010001,37.4503774990001],[35.4761414110002,37.4506358640002],[35.4768585890002,37.4521141360001],[35.4771274990001,37.4523725010002],[35.4779581490001,37.4534930420002],[35.4795050010001,37.4539949990001],[35.4803480870001,37.4548725010002],[35.4803778800002,37.4546243480002],[35.480081173,37.45317572],[35.4803725010001,37.4528725010001],[35.481377499,37.4526274990001],[35.4826623920002,37.4517565310001],[35.485377499,37.4513774990002],[35.4861225010001,37.451122501],[35.4880785220001,37.4507406460002],[35.4909808430002,37.4496422770002],[35.4928775020002,37.4493774990001],[35.494074547,37.4484691850001],[35.4951275020002,37.4481274990001],[35.4964892040003,37.4475751650002],[35.4973724980002,37.4478774990002],[35.499310028,37.4485062330002],[35.4998724980002,37.4495980870001],[35.499605423,37.4504477310001],[35.4976262820002,37.4523492580001],[35.4973210910001,37.4542240140001],[35.4956451260002,37.4555527650002],[35.4953775020001,37.456377499],[35.4948724980003,37.4571225010002],[35.4943044200001,37.4579889640002],[35.4926275020002,37.4585331310002],[35.4928724980002,37.4591274990002],[35.4939031070003,37.4593787420001],[35.4946224980001,37.4601274990002],[35.4950049970002,37.4604949990002],[35.4954541700001,37.4618791660002],[35.4963724980002,37.463233936],[35.4959395750002,37.4643711320002],[35.4953750000001,37.464382652],[35.4943750000001,37.4643622440001],[35.4929012680002,37.4643923230001],[35.4921713790002,37.464016315],[35.4903503650001,37.4653980900002],[35.489290985,37.4659120460002],[35.4881275020002,37.467445381],[35.4920198670002,37.4669504570002],[35.4928724980002,37.4663724990001],[35.4943775020001,37.4661275010001],[35.4953262480001,37.4656387500001],[35.4966082530001,37.4656125870001],[35.4976381230002,37.4661431260003],[35.4976126100002,37.4648929960002],[35.4981074980002,37.4643779070001],[35.4992737880001,37.4643541070001],[35.5009453810001,37.4656224990001],[35.5011282580002,37.4651254460001],[35.5008229750001,37.4639342500001],[35.5013574980002,37.4633779070002],[35.5060238040001,37.4632826770001],[35.5066022490001,37.4638384320002],[35.5078558350002,37.4655295140001],[35.5088724980002,37.4658775010002],[35.5098688960001,37.4662008340002],[35.509947342,37.470044607],[35.5096275020002,37.4703775010002],[35.5093724980001,37.4706224990002],[35.5091275020002,37.4708775010002],[35.5086374970001,37.4713482840002],[35.5083724980001,37.4721224990002],[35.5075373990002,37.4749304640002],[35.5066275020002,37.4758775010002],[35.5063724980001,37.476122499],[35.5060049970002,37.4765049990002],[35.5043775020002,37.4770331290001],[35.5049133530002,37.4776765580002],[35.5056220930002,37.4783575000001],[35.5056425250001,37.4793588830001],[35.5046224980002,37.480622499]],[[35.4645,37.4325000000002],[35.464855743,37.4334049190001],[35.4643189280002,37.4352460170002],[35.4633551560002,37.4351035960001],[35.462567123,37.4331781730002],[35.4629006770001,37.4326252060002],[35.4645,37.4325000000002]]]},"properties":{"id":"reservoir-gdw-7067","hesIds":["hes177-137"],"basinIds":["18"],"riverSystemIds":["river-system-012"],"damName":"Yedigoze","reservoirName":"Yedigoze","basinId":"18","source":"GDW","sourceId":"7067","sourceUrl":"https://services8.arcgis.com/oTalEaSXAuyNT7xf/ArcGIS/rest/services/GDW_v1_epsilon_gdb/FeatureServer/1","matchMethod":"name+coordinate","matchConfidence":"high","areaKm2":11.605,"validated":true,"validationNotes":"Turkey envelope; facility name, basin/river relation and coordinate distance check"}},{"type":"Feature","id":"reservoir-gdw-1576","geometry":{"type":"Polygon","coordinates":[[[35.3264048258463,37.1344216579867],[35.3244795735675,37.1325718858512],[35.3230580308701,37.1330585394971],[35.3212991333006,37.1330224609381],[35.3208361138237,37.1324351671012],[35.3233361138236,37.1319471571186],[35.3252214219834,37.1305167643234],[35.3261469184027,37.1291050889762],[35.3270644802515,37.1282234700526],[35.3288916693792,37.1275027126741],[35.3291638861762,37.1272032335075],[35.3283399115668,37.1264116753478],[35.328058336046,37.1258135308165],[35.3296824815537,37.1258466254346],[35.3308305528428,37.1251047092019],[35.3287190077038,37.1246923828131],[35.3277663167316,37.1227286783858],[35.3261463758678,37.1211721462679],[35.3230527750649,37.1208360460074],[35.322590637207,37.1203550889762],[35.3230594889322,37.1194449869797],[35.3227741834852,37.118611382379],[35.3233375040689,37.1163576931428],[35.3244990370007,37.1152416992192],[35.3303294542101,37.1133360460075],[35.3340532090927,37.1142903645839],[35.3344582112629,37.1138688151048],[35.3344395277235,37.1129527452262],[35.3330527750651,37.1125027126741],[35.3327805582682,37.1117960611984],[35.3341859266493,37.1111140950526],[35.3366154310438,37.1129546440978],[35.3369416639539,37.1119037543407],[35.3363752916122,37.110249023438],[35.3363973999022,37.1091666666672],[35.3358305528428,37.108891601563],[35.3355366685653,37.1082858615456],[35.335570136176,37.1066471354171],[35.3389638264973,37.1049761284727],[35.3419471571179,37.1047252061638],[35.3425141059026,37.1035918511289],[35.3439879692925,37.1028767903651],[35.3444524468314,37.1019194878478],[35.3444408501518,37.1013519965283],[35.3419188774956,37.1013856336812],[35.3392441813149,37.0995724826394],[35.3397272745767,37.0972138129345],[35.3402803548176,37.0972252061638],[35.3414956665039,37.0965991210943],[35.3430527750649,37.097780490452],[35.3443192206488,37.0980891927089],[35.3462995402019,37.098048773872],[35.3455524698891,37.0969468858513],[35.3455854627821,37.0963916015631],[35.3468503146701,37.0970431857646],[35.3483719550237,37.0966533745665],[35.3498005167643,37.0966824001741],[35.3511083306206,37.0948022460944],[35.3488708496093,37.0933165147575],[35.3469472249349,37.092563476563],[35.3491750420463,37.0919379340283],[35.3491635470918,37.0913747829866],[35.3479991658528,37.091384819879],[35.3440481228299,37.0902335611985],[35.3418243069118,37.0908034939242],[35.338869866265,37.0900027126741],[35.3383360120985,37.090558539497],[35.3377527872721,37.0905466037331],[35.3361458333332,37.0892895507817],[35.333649834527,37.0899294704866],[35.3321195475259,37.0894056532124],[35.3311138916014,37.0894851345491],[35.3316695488824,37.0911086697054],[35.3316563924153,37.0917542860249],[35.3277167765299,37.0928024631083],[35.3272250027125,37.0933631727435],[35.3277805582681,37.0944417317713],[35.3280527750649,37.096024305556],[35.3254883490667,37.0964417860248],[35.3247305636934,37.097230631511],[35.3235861206055,37.0977856445318],[35.3190451049803,37.0976931423616],[35.3174370998806,37.0984944661463],[35.3149814520941,37.0979915364588],[35.3150063747829,37.0967705620666],[35.3169740464951,37.0963864474832],[35.3177915445963,37.0955354817713],[35.3177747599282,37.0947138129346],[35.3168847317164,37.0947319878478],[35.314510837131,37.0959548611117],[35.3133036634655,37.0955417209206],[35.3116204155815,37.0941693793408],[35.3094416639538,37.0952750651048],[35.306652899848,37.097797851563],[35.3066704983181,37.0986593967019],[35.3077597384982,37.1007736545145],[35.3063804456922,37.1011083984382],[35.3063857014973,37.0997054036463],[35.304163886176,37.0980582682297],[35.3027963935003,37.0966691080734],[35.3010814412435,37.0960972764762],[35.3000312296549,37.0950040690109],[35.2981960720485,37.0945567491324],[35.2986721462672,37.093165961372],[35.2977821519639,37.0908127170144],[35.2987958102756,37.0898388671881],[35.3000846354165,37.0894205729172],[35.3027591620551,37.0894306098095],[35.3042305501301,37.0901885308165],[35.3050108846027,37.0885801866325],[35.3079554918077,37.0886401367193],[35.3105583360459,37.0880582682296],[35.3115329996743,37.0877834743929],[35.3130438232421,37.0867594401046],[35.3124634806314,37.0816501193582],[35.3124971177842,37.0788864474831],[35.3127970377603,37.0783040364588],[35.3127862209743,37.076391601563],[35.3124915568032,37.076108398438],[35.312509290907,37.0752398003477],[35.3145899115668,37.0736138237854],[35.3149972195094,37.0769471571186],[35.3153472222221,37.0776266818581],[35.3172831217447,37.0794867621533],[35.3183305528427,37.0794037543408],[35.3177638753254,37.0777482096359],[35.316803826226,37.07636827257],[35.3174249945747,37.0739444986984],[35.3183305528427,37.0727639431429],[35.3169881863062,37.0721129014763],[35.317869330512,37.0703583441846],[35.3186519029404,37.0700027126741],[35.3200956556532,37.0715055338546],[35.3194405110675,37.0727772352435],[35.3197653876409,37.07372639974],[35.3227511257593,37.074998914931],[35.3244472249348,37.0752750651047],[35.3264903089734,37.0767445203998],[35.3291965738931,37.0774972873269],[35.3306074354383,37.0767702907991],[35.3372198486326,37.0777807617192],[35.3386084323458,37.0777861870665],[35.3427871025931,37.0742076280388],[35.3427871365016,37.0730129665804],[35.343358323839,37.0719040256081],[35.3438973320853,37.0713861762158],[35.343329128689,37.0691653103304],[35.3444472249348,37.0680582682297],[35.3447194417317,37.0672195095491],[35.345308871799,37.0666531032991],[35.3464029947915,37.0666634114589],[35.3463963826496,37.065327148438],[35.3491787041557,37.0647252061638],[35.3497194417316,37.0663916015631],[35.3506179470486,37.0672767469624],[35.3532551405165,37.0680528428824],[35.3555833265516,37.0663753255214],[35.356771308051,37.0663994683164],[35.3572776963975,37.0679600694449],[35.3588634914821,37.068729383681],[35.3592034233939,37.067335069445],[35.3602947998045,37.0668055555561],[35.3602743191188,37.0658021375875],[35.3586085001626,37.0658363172748],[35.3577805582681,37.0652750651047],[35.3535683865018,37.0649905056429],[35.3500291612413,37.0627834743929],[35.3475671386718,37.0619561089415],[35.3469415622287,37.0594468858512],[35.3469582451713,37.0586298285596],[35.3463747829859,37.0574970160596],[35.3463975694444,37.0563807508686],[35.3444027709959,37.0550729709207],[35.3433147176107,37.0547197808165],[35.340286119249,37.0522138129346],[35.3382053629555,37.0515386284727],[35.3377805582682,37.0503559027783],[35.3390890163844,37.0486314561637],[35.3400407918293,37.0483360460075],[35.3418478393554,37.0489545355908],[35.3412341986761,37.0477634006082],[35.3450709364147,37.0456450737853],[35.3476413302949,37.0434874131951],[35.3480900065103,37.0421047634554],[35.3480460951062,37.0399527994797],[35.3465624999998,37.038527289497],[35.3472311062281,37.0372295464414],[35.3468055555554,37.0365277777783],[35.3449972195094,37.0366639539936],[35.3393618096245,37.038467881945],[35.336234436035,37.0390785047749],[35.3335778808594,37.040550944011],[35.3324919976128,37.0399915907123],[35.3318001302084,37.040005696615],[35.3322360229491,37.0408520507817],[35.3322105916341,37.0420971679692],[35.3312103271484,37.0425824652783],[35.3283199055988,37.0403230794276],[35.3236607869466,37.0399085828998],[35.3221057128906,37.0414954969623],[35.3202129787868,37.0419569227436],[35.3182215711803,37.0429825846359],[35.3174972195095,37.0444417317713],[35.3172250027125,37.0459312608513],[35.31833533393,37.0455512152784],[35.3187445407441,37.046394585504],[35.3197193400065,37.0463747829868],[35.3214296807183,37.0472195095492],[35.3230639309351,37.0466601562505],[35.3230587768553,37.0458138020838],[35.3244527520073,37.0441468641497],[35.3257085503471,37.0441726345491],[35.3269416639538,37.0458360460074],[35.3277805582681,37.046108398438],[35.3297194417318,37.0480674913199],[35.3278501383462,37.0486740451394],[35.3252465142143,37.0483298068582],[35.3232534790038,37.0473030598964],[35.3213913981119,37.048058539497],[35.3205555555555,37.0480414496533],[35.3198989868164,37.0502842881949],[35.3194417317708,37.0502747938373],[35.3175083414712,37.0536195203998],[35.3160035536024,37.0543495008685],[35.3152749972872,37.0536138237853],[35.3144195556638,37.0519146050352],[35.3144638400607,37.0497433810769],[35.3108034261068,37.0494471571186],[35.3087716674804,37.0504939778651],[35.3083199055988,37.0514249674484],[35.3083525933157,37.0538595920144],[35.307780558268,37.0550406901047],[35.308327263726,37.0571028645838],[35.3058599853514,37.0583322482644],[35.3030623372396,37.0588804796012],[35.3025027804903,37.0592073567713],[35.3041862318249,37.0608466254345],[35.3041632080077,37.0619750976568],[35.3027805582682,37.0633360460075],[35.3021748182506,37.0636300998269],[35.3001334635415,37.0636168077262],[35.3005583360459,37.0644417317714],[35.3008305528427,37.0661851671013],[35.2977430555555,37.065281304254],[35.2966694471569,37.0641639539936],[35.2952640448676,37.0633360460075],[35.2947142367892,37.0644694010422],[35.2947149997286,37.0668817816845],[35.2924444919161,37.066299913195],[35.2918485005696,37.0650716145839],[35.2910990397135,37.065851508247],[35.2883361138238,37.0672249348964],[35.2871923149955,37.067497287327],[35.2860395812987,37.0669034830734],[35.2838583374021,37.0669479709208],[35.2830583360458,37.067780490452],[35.281647660997,37.0683306206603],[35.2811120435925,37.0677731662331],[35.2797032165526,37.0683306206603],[35.2788527086045,37.0674452039935],[35.2777232191297,37.0689689127609],[35.2766691250271,37.0686081271706],[35.2758027818468,37.0686260308165],[35.2750185139972,37.0694422743061],[35.2741525438096,37.0697195095491],[35.2741554938421,37.067924804688],[35.2726297336154,37.0675027126741],[35.2716694471571,37.0681399197054],[35.2738916693792,37.0702750651046],[35.274163886176,37.0708474392365],[35.2731467352972,37.0708268229172],[35.2701502821179,37.0699595811637],[35.2697222222222,37.070841742622],[35.2691361151799,37.0708298068582],[35.2683361138237,37.0699972873269],[35.2676756964789,37.0697249348964],[35.2663769531248,37.0713861762158],[35.2652036878796,37.0684917534727],[35.2644472249349,37.0689187282991],[35.265552520752,37.0711303710942],[35.2649800109861,37.0716805013026],[35.263951382107,37.0716593424485],[35.263564215766,37.0700713433165],[35.2624972195094,37.0697249348964],[35.2617940436469,37.0689930555562],[35.2613916693792,37.0703797743062],[35.263052775065,37.0710696072054],[35.2598407491046,37.071710883247],[35.258842976888,37.0713693576394],[35.2572862074109,37.0697490776914],[35.256663886176,37.0694471571186],[35.2562554423014,37.068605414497],[35.2525744459362,37.068259819879],[35.2522250027125,37.0685799153651],[35.2561083306205,37.0710310872401],[35.2530323791502,37.0727848307297],[35.251669447157,37.0744471571185],[35.2504442850747,37.0747195095491],[35.2483202277288,37.0731076388894],[35.2483371480306,37.0739371744797],[35.2492670864528,37.0757421875006],[35.248709343804,37.0762782118061],[35.2427749972873,37.0772195095491],[35.2413914828829,37.0780585394971],[35.2385362582734,37.0774704318581],[35.2369360012477,37.0775029839415],[35.2369535827635,37.078364257813],[35.2394255574542,37.0783138020839],[35.2402749972871,37.0789675564242],[35.2388490464951,37.0800246853303],[35.2367257690429,37.0799812825526],[35.2344360012477,37.0805528428824],[35.2344528876411,37.0797249348964],[35.2327520073784,37.0780362955734],[35.2310916646321,37.0780702039936],[35.2302907647027,37.0797208658859],[35.228886006673,37.0802750651048],[35.2288973659938,37.080831976997],[35.226941663954,37.0822195095492],[35.2229554748535,37.0859431966152],[35.2225027804903,37.0877509223096],[35.2252969360351,37.0880544704867],[35.2269450378417,37.0891718207471],[35.2294528876409,37.0869471571185],[35.229429168701,37.0881098090283],[35.2284875488279,37.0899376085074],[35.2246973164875,37.0918012152783],[35.2238696628145,37.0913747829866],[35.2233361138237,37.0902750651047],[35.2224858771428,37.0900027126741],[35.2225093078612,37.0911507161464],[35.221903652615,37.0916639539936],[35.2202480909559,37.0910972764761],[35.2191367594401,37.0902804904518],[35.2180152045355,37.090858289931],[35.2169366794162,37.0919807942713],[35.2169475640189,37.0925141059033],[35.2180528767902,37.0924915907123],[35.2185977511934,37.0930585394971],[35.2191639879013,37.0930471462678],[35.219646436903,37.0935492621533],[35.2180472310383,37.0941750759554],[35.2180586751302,37.0947363281256],[35.2191639879013,37.0947138129346],[35.2198145039877,37.0953908962679],[35.2202749972872,37.0944417317713],[35.2225027804903,37.0941693793408],[35.2233305528427,37.093608398438],[35.2258417765299,37.0933360460074],[35.2258298746744,37.0939195421012],[35.2247163221569,37.0950119357644],[35.2202486843532,37.0961135525179],[35.2191583421493,37.0966750759553],[35.2191734144421,37.0974137369798],[35.2218653191458,37.0966216362852],[35.2225005255803,37.0969490559901],[35.2236157565646,37.0961027018234],[35.2260607571071,37.0960810004346],[35.2275027804903,37.0966639539935],[35.2286083306205,37.0975027126741],[35.2307915751138,37.097807617188],[35.2324622090657,37.0967944335943],[35.2327801344129,37.095814615886],[35.2333708021374,37.0952471245665],[35.2349972195095,37.0944417317713],[35.2361138916014,37.0941693793408],[35.2363861083982,37.0938590494797],[35.2353357272677,37.0918199327262],[35.2361410183375,37.0911138237853],[35.23737798055,37.0917510308165],[35.2383305528427,37.0916368272575],[35.2372088283962,37.0905590820318],[35.236669447157,37.0894360351568],[35.2397216288248,37.0898961046012],[35.2411166212293,37.090841742622],[35.2418193223741,37.0908273654518],[35.2411060418021,37.0894428168407],[35.2418498060439,37.0890820312505],[35.2447250027124,37.0886138237853],[35.2466381666395,37.0876692708339],[35.2478847249347,37.088095974393],[35.250002678765,37.088052571615],[35.2510440741643,37.0887093098963],[35.2524380662705,37.0872981770838],[35.2556008572049,37.0885810004347],[35.2572250027126,37.0869471571185],[35.2574972195094,37.0863861762158],[35.2586138916015,37.0861138237852],[35.2602749972873,37.0849972873269],[35.2616192966037,37.0846695963548],[35.2633583068846,37.0836032443582],[35.2650138854979,37.0836081271707],[35.2655582851832,37.0824858940978],[35.2668416680228,37.0825122070318],[35.268052775065,37.0877804904519],[35.2686083306206,37.0883360460075],[35.269364759657,37.088608398438],[35.2697194417316,37.0874373372401],[35.2691746520995,37.0839143880213],[35.2720091756183,37.0836138237852],[35.2733305528428,37.0852804904519],[35.2738033379447,37.0855528428825],[35.274163886176,37.0844417317713],[35.2749972195096,37.0833306206603],[35.2764992099337,37.082716742622],[35.2782757568357,37.0833249240457],[35.2812588331434,37.0820342339415],[35.2822194417317,37.083374023438],[35.2810736423067,37.0844750976567],[35.2791064283581,37.0854294162331],[35.2786138916015,37.0869471571185],[35.2778749254012,37.0880373806428],[35.2793372260199,37.0889960394971],[35.2806218634711,37.0909242078998],[35.2818426852756,37.0920971679692],[35.2842429436578,37.0925659179692],[35.2838303799097,37.0937711588547],[35.2819259982639,37.0942352973096],[35.281960720486,37.0959361436637],[35.2847488911945,37.0963899739588],[35.2859246826172,37.0969957139762],[35.2872194417316,37.0966639539935],[35.2903007507324,37.0963916015631],[35.292536400689,37.0980881076394],[35.2941510009765,37.1013821072054],[35.2952805582681,37.102219509549],[35.2963994683158,37.1036306423617],[35.2983045450845,37.1036246744796],[35.2995479329425,37.1033382161463],[35.3004721747503,37.104747992622],[35.3011083306207,37.1065885416671],[35.2999824015299,37.1080723741324],[35.2983305528427,37.108608398438],[35.298058336046,37.1089648437505],[35.2986410183375,37.1099972873269],[35.2997196451822,37.109441460504],[35.3003700764973,37.1094547526047],[35.3008305528427,37.1101019965283],[35.2994416639538,37.1105528428825],[35.299169447157,37.1116693793408],[35.2982489013672,37.1128824869798],[35.2983795844182,37.113608398438],[35.301941765679,37.1116636827262],[35.3023838975694,37.1116729058164],[35.3036166042751,37.1125084092887],[35.3041807725693,37.1124967447923],[35.3041569010415,37.1113278537332],[35.3036076185438,37.1097230360248],[35.3038954332138,37.1083178710943],[35.3050835164386,37.107741427952],[35.3084738498263,37.1083197699658],[35.3089427693684,37.1092862955734],[35.3097305636934,37.1088804796013],[35.3097193400063,37.1083306206602],[35.3104111056857,37.1076334635421],[35.3142513020832,37.1060872395839],[35.3155581665038,37.1061140950526],[35.3169508870442,37.1052693684901],[35.318119439019,37.1052932400179],[35.322508002387,37.1097474500874],[35.3224853515625,37.110856662327],[35.3197194417316,37.1124972873268],[35.319189860026,37.1130485026047],[35.3174860975477,37.113875054254],[35.316469455295,37.1149332682298],[35.3160878499347,37.1164984809033],[35.3161321343315,37.1186694335943],[35.3172943793402,37.11978624132],[35.3200525241428,37.121124131945],[35.3211778428819,37.121115180122],[35.325880940755,37.1225287543407],[35.3257588704425,37.1285104709206],[35.3238041517467,37.1309320746533],[35.3208152262368,37.131674804688],[35.3165110948351,37.1316493055562],[35.3158034261066,37.1302804904519],[35.3144246758354,37.1313861762158],[35.3144355943467,37.1291501193582],[35.3131435139972,37.1285232204866],[35.3124780273437,37.1272249348964],[35.3116670735675,37.1288964843756],[35.3104947238498,37.1271394856776],[35.3091581556531,37.1244360351568],[35.3086083984374,37.124447428386],[35.3076914808485,37.123048773872],[35.3072081163194,37.1230588107644],[35.3072304619683,37.1241533745666],[35.306930541992,37.1250295681429],[35.3044472249347,37.1276112196186],[35.306981302897,37.1305745442714],[35.3094692993163,37.1305238172749],[35.309436102973,37.1288970269102],[35.3097305636934,37.128325195313],[35.3097092352973,37.1272805447053],[35.3125380452474,37.1314198133686],[35.3147194417318,37.1322249348963],[35.3180585734048,37.132768554688],[35.3180523342556,37.1330750868061],[35.3172191026475,37.1338755967887],[35.3172255452473,37.134190538195],[35.3189296807183,37.1347195095491],[35.3205733574762,37.1341569010422],[35.3216504923503,37.1352780490458],[35.3235231526692,37.1356434461811],[35.3241838243271,37.1369696723095],[35.3255696614581,37.1369411892366],[35.3255520290799,37.1360772026915],[35.3264048258463,37.1344216579867]],[[35.2860634019639,37.0828355577261],[35.2845369805229,37.0821544053824],[35.283224029541,37.0827674696187],[35.2827881028915,37.0814634874138],[35.2847118971081,37.0805452473963],[35.2856944444442,37.0804166666671],[35.2865877956812,37.080907118056],[35.2892666625976,37.08257921007],[35.2909838189018,37.0851874457471],[35.2916992696125,37.0858037651914],[35.2913436889648,37.0864409722229],[35.2903753492567,37.0863631184901],[35.2900103251138,37.0855452473963],[35.288456878662,37.0842068142367],[35.2860634019639,37.0828355577261]]]},"properties":{"id":"reservoir-gdw-1576","hesIds":["hes177-142"],"basinIds":["18"],"riverSystemIds":["river-system-012"],"damName":"Seyhan","reservoirName":"Seyhan","basinId":"18","source":"GDW","sourceId":"1576","sourceUrl":"https://services8.arcgis.com/oTalEaSXAuyNT7xf/ArcGIS/rest/services/GDW_v1_epsilon_gdb/FeatureServer/1","matchMethod":"name+coordinate","matchConfidence":"high","areaKm2":36.793,"validated":true,"validationNotes":"Turkey envelope; facility name, basin/river relation and coordinate distance check"}},{"type":"Feature","id":"reservoir-gdw-1566","geometry":{"type":"Polygon","coordinates":[[[36.6591551378038,37.6252308485248],[36.6586067708334,37.6241662597661],[36.6593170844183,37.6231182183166],[36.6631260850693,37.6224846733946],[36.6647842068143,37.6216305881082],[36.6657143825956,37.6206624348965],[36.6652743869357,37.6172200520838],[36.666030544705,37.6164557562939],[36.6663861762152,37.6149972873269],[36.6708360460069,37.6116693793408],[36.6719417317709,37.6102747938374],[36.6739029947918,37.61027452257],[36.6738642035589,37.6083729383686],[36.6746160210504,37.6061762152783],[36.6766337076822,37.604450412327],[36.6776021321614,37.6041693793408],[36.6785382758246,37.6055973307297],[36.6791958279079,37.6052585177958],[36.6804277886284,37.6052837456602],[36.6810496690537,37.6065654839415],[36.6816639539932,37.6057546657992],[36.6799640570747,37.6044013129346],[36.6800329589844,37.6001893446186],[36.6805814615885,37.5991246202262],[36.6828972710504,37.5991718207471],[36.6833306206597,37.601391601563],[36.6844642469619,37.6027750651048],[36.6844133843315,37.6002804904519],[36.68699734158,37.5989838324659],[36.6897355143229,37.5986140950526],[36.691532796224,37.5970553927956],[36.6886138237847,37.5945185004346],[36.691371392144,37.5941335720492],[36.6902608235678,37.5930664062505],[36.691495361328,37.5918280707471],[36.6919890679252,37.589802788629],[36.6947195095487,37.5908360460074],[36.6965866427951,37.5912006293408],[36.6969417317708,37.5919962565109],[36.6963917371962,37.5944471571187],[36.6958363172742,37.5955639648442],[36.6968545193143,37.5955433485248],[36.6978093804254,37.5969995117193],[36.6974670410156,37.5996777343755],[36.6978377278646,37.6036686197922],[36.696469048394,37.6086219618061],[36.6972249348959,37.6108306206604],[36.6974989149305,37.6127932400179],[36.6980582682292,37.6133306206602],[36.6983306206596,37.6141099717887],[36.6969360351562,37.615837537978],[36.6969253200954,37.6174666341151],[36.6971908908419,37.6180528428826],[36.6986083984376,37.6155528428825],[36.6997195095485,37.6141205512158],[36.6988861762152,37.6125027126742],[36.6986138237847,37.6105094401047],[36.6999972873265,37.607497287327],[36.7009467230902,37.6062459309902],[36.702777235243,37.6077823893235],[36.7033306206598,37.6074701605909],[36.7013517252604,37.6055688476567],[36.7014160156251,37.60242296007],[36.7021838378906,37.6009323459207],[36.7041556803384,37.6002924262158],[36.7047195095485,37.5998090277783],[36.7024857584635,37.599445258247],[36.7025240071613,37.5975710720491],[36.7050027126737,37.5972249348964],[36.70556382921,37.5969360351568],[36.7055524359808,37.5963747829867],[36.7036508517794,37.5964135742192],[36.702158203125,37.5956716579866],[36.7026371256509,37.5947417534728],[36.7046050347222,37.5944216579867],[36.7049972873263,37.5935972764763],[36.7038860405815,37.5930582682297],[36.7038978407117,37.5924750434033],[36.7046506076389,37.5917518446185],[36.7061191134982,37.5925084092889],[36.7066807725694,37.5924967447922],[36.7066545952691,37.5912139214415],[36.7038916015626,37.5905528428825],[36.6999924045138,37.5902349175352],[36.7000035264757,37.5896910264762],[36.7005696614584,37.588591851129],[36.7031213378905,37.5873540581602],[36.7041229926214,37.5842673068582],[36.7060970052083,37.5836268446186],[36.7081378851998,37.582078179254],[36.7086280653211,37.5810674370665],[36.7094875759549,37.5802416992193],[36.7115555826823,37.5802840169277],[36.7133306206596,37.5841693793408],[36.7147357855902,37.5861387803825],[36.7146934678819,37.5882137044276],[36.7173546006945,37.5917206488721],[36.7194584147135,37.5925113932297],[36.7194536675347,37.5939249674485],[36.7205190700955,37.5949487304692],[36.7233840603298,37.5942144097228],[36.7261115180122,37.5950037977435],[36.7311083984375,37.5933306206604],[36.7331285264758,37.5930485026047],[36.7337849934896,37.5930620659727],[36.7363343641493,37.5940961371534],[36.7411627875434,37.5952750651049],[36.7433884006076,37.5947045898442],[36.7450603569879,37.5930137803825],[36.746795247396,37.5921516927089],[36.7474363878038,37.5944417317713],[36.7480065917968,37.5921025933165],[36.7473920355903,37.5909098307297],[36.7489527723525,37.5893722873269],[36.750289171007,37.5866528320317],[36.7511683485242,37.5866707356777],[36.751663953993,37.5928184678825],[36.7511025661892,37.5944585503477],[36.7502669270833,37.5944414605041],[36.7494478352866,37.5964143880213],[36.7511307779948,37.5963799370665],[36.7523822699653,37.5944710286464],[36.7531808810764,37.5961170789936],[36.7536478678386,37.5961075846361],[36.7536994086371,37.5896999782991],[36.7525294325087,37.5879739040804],[36.7533413357205,37.5863639322924],[36.7533245171442,37.5855390082471],[36.751097140842,37.584433051216],[36.7511193847656,37.5833466254346],[36.7502358669704,37.5800632052957],[36.7493967013889,37.5788254123271],[36.7495556640625,37.5780582682297],[36.7526524522569,37.580408257379],[36.7543827311197,37.5821864149311],[36.7558086480034,37.5831212022575],[36.7593532986111,37.5830490451394],[36.7627521430121,37.5820651584207],[36.7647692871094,37.5805007595492],[36.7647193739151,37.57805311415],[36.7654031032986,37.5748966471359],[36.7627804904514,37.5719146050353],[36.7635297309027,37.5704603407123],[36.7693542480468,37.5705791558165],[36.7706872558595,37.5714827473964],[36.7712547471787,37.5732316080734],[36.772259657118,37.574197319879],[36.7745476616753,37.575335286459],[36.778528374566,37.5752902560769],[36.7819467502171,37.5749020724833],[36.7831811523437,37.5753244357644],[36.7838861762153,37.5770537651915],[36.7823992241754,37.5795057508686],[36.7811781141494,37.5800981987853],[36.7805045572916,37.5818058268235],[36.7805639648439,37.5847167968755],[36.7799972873264,37.5855528428825],[36.7797249348959,37.5869742838547],[36.780552842882,37.5891693793408],[36.7875387912327,37.5901839192714],[36.7885740831164,37.5917629665806],[36.7880194769966,37.5928396267366],[36.7871847873265,37.5936417643235],[36.7838003200954,37.5954348415804],[36.7833036295572,37.5964586046012],[36.783336859809,37.5980867513027],[36.7838916015625,37.5991639539937],[36.7843998209635,37.601248101129],[36.7855881076388,37.6028141276049],[36.7878100585938,37.6039097764763],[36.791151936849,37.6044417317714],[36.7932564290364,37.6037212456603],[36.7956079101562,37.6022954644103],[36.7963898383246,37.6011027018236],[36.799820014106,37.6010552300353],[36.8012626139322,37.6050081380214],[36.8005585394964,37.6066750759554],[36.8014055718316,37.6066577148444],[36.8020564778645,37.6053162977437],[36.8013911946615,37.6033729383687],[36.8011138237846,37.6013861762158],[36.8002555338541,37.6001199001742],[36.799103732639,37.5995610894104],[36.7964318847656,37.6001082356776],[36.7940558539498,37.6009244791672],[36.7887369791666,37.6008159722228],[36.788336046007,37.5991476779519],[36.7891215006512,37.5983930121533],[36.792581922743,37.5974772135422],[36.7941803656685,37.5958132595492],[36.7941415744358,37.5939076063375],[36.7952750651041,37.5924481879346],[36.7946516927083,37.5900160047748],[36.7927516004775,37.5877528211811],[36.7916639539932,37.5872249348963],[36.7906777615017,37.5862212456603],[36.7902700466581,37.5849647352438],[36.7902671983508,37.5835083007818],[36.7877403428821,37.5810804579],[36.7863248697918,37.5803938802089],[36.7878394911024,37.5773301866325],[36.787765842014,37.5737185329867],[36.7868358018663,37.5723464626742],[36.7851219346788,37.5706998697923],[36.7855754937067,37.5702639431429],[36.7868551974827,37.5702902560769],[36.7902304416233,37.5714415147574],[36.7916125488282,37.5735495334206],[36.7933881293404,37.5738962131082],[36.7949792480468,37.5738970269102],[36.7976593695748,37.5732939995665],[36.7997527398003,37.5733368598096],[36.8008250596787,37.5744528537331],[36.8025995551215,37.575616319445],[36.8058631727431,37.5769417317715],[36.808550889757,37.5755571831602],[36.8122249348959,37.575280490452],[36.8158307562933,37.5733303493929],[36.81831515842,37.5733414713548],[36.8196982150607,37.5729869249138],[36.8216471354167,37.5716658528652],[36.8238916015624,37.571391601563],[36.8263916015624,37.5700027126742],[36.8285906304254,37.5681062825526],[36.8299488661024,37.565306803386],[36.8308527289498,37.564714084202],[36.8330280219185,37.5647300889762],[36.8353599717883,37.5643324110248],[36.836937391493,37.5637925889762],[36.8390740288629,37.5620678710943],[36.8394417317708,37.5605335828999],[36.8372249348958,37.5594254557297],[36.8388861762152,37.557755805122],[36.8372195095487,37.5569471571186],[36.8356283908421,37.5557400173617],[36.8341318088107,37.5561235894103],[36.8329767523871,37.5585042317714],[36.8317959255642,37.5591639539936],[36.8312201605903,37.5579768880215],[36.8294665527343,37.5591655815978],[36.8269868977866,37.5596497938374],[36.8261138237848,37.5605582682297],[36.8225858561197,37.5616278754346],[36.8163863118489,37.5622192382818],[36.8152360026043,37.5630921766499],[36.8152743869358,37.5658588324658],[36.813575032552,37.5686729600701],[36.8122408040364,37.5699975585943],[36.8104496256511,37.5705788845493],[36.8082721625435,37.5705653211812],[36.8066691080729,37.5711140950527],[36.8052465820314,37.571107584636],[36.8038861762153,37.5704069010423],[36.802843017578,37.5719978841151],[36.7989096408421,37.5714230685769],[36.7957168240017,37.5719675021706],[36.7938347710503,37.5719292534728],[36.7923882378472,37.5711840820319],[36.7919274902343,37.5702341037331],[36.7907622612848,37.5691145833339],[36.786663953993,37.5686138237853],[36.7857424587675,37.56798936632],[36.7841693793402,37.5663519965283],[36.7820750596788,37.5663948567715],[36.7813624403212,37.5692564561637],[36.7798566351997,37.5687410481776],[36.7793645562067,37.5702577039937],[36.7768492296008,37.5705528428826],[36.7723278808594,37.5699747721361],[36.7691693793402,37.5686083984381],[36.7642473687065,37.5670111762159],[36.7621812608507,37.5666078016499],[36.7613628472222,37.5650027126742],[36.7608360460071,37.5661409505213],[36.7616733127171,37.566945258247],[36.7601992458766,37.5678358289937],[36.7569303385416,37.5677810329867],[36.7569472927518,37.5686135525179],[36.7563911946615,37.5696931966152],[36.7555582682291,37.572807617188],[36.7566639539931,37.5738916015631],[36.7575027126736,37.5741639539936],[36.7596002875434,37.5762445746534],[36.7586264377169,37.5772233072922],[36.755620795356,37.5776429578998],[36.7552804904514,37.5769417317715],[36.7527750651043,37.5766693793408],[36.7492934841579,37.5747496202263],[36.7478815375434,37.574405381945],[36.7455083550347,37.5744539388026],[36.7444196234808,37.5755870225699],[36.7444358995226,37.5777766927089],[36.7461193847656,37.57918077257],[36.7460989040798,37.5801793077262],[36.7451292588977,37.5805528428825],[36.7434849717883,37.5771633572054],[36.7393927680121,37.5763916015631],[36.736499701606,37.5771329752609],[36.7347249348957,37.5783360460074],[36.7332976616755,37.5788991970491],[36.7305268012153,37.5805571831604],[36.7286187065973,37.5824544270838],[36.7281986490887,37.5841780598964],[36.7269036187066,37.5852750651047],[36.7252525499133,37.5847097439241],[36.7252883572049,37.5829549153651],[36.7258671061198,37.5801291232645],[36.7258235677084,37.5779958767367],[36.7249416775173,37.5762839084207],[36.7235622829862,37.5749584960943],[36.7206300184463,37.5750184461811],[36.7186002604167,37.5758417426221],[36.7166437445748,37.5761192491327],[36.715773654514,37.5761013454867],[36.7135864257812,37.574974772136],[36.7129721408421,37.573708224827],[36.7142472330731,37.5721286349834],[36.7147195095485,37.5703884548617],[36.7140645345053,37.5694471571186],[36.7135556369358,37.5710156250006],[36.7121860080296,37.5716802300353],[36.7107916937934,37.5716517469624],[36.7099361165365,37.5707611762158],[36.7079534233942,37.5661138237853],[36.7070831976997,37.568728569879],[36.7052399359808,37.5694555664068],[36.7039233398439,37.5708257378477],[36.7024804687499,37.5714032660596],[36.7025141059029,37.5730509440111],[36.7008360460069,37.5742073567714],[36.702485080295,37.5757918294277],[36.7010864257813,37.5775244140631],[36.699810248481,37.5781434461811],[36.6993792046442,37.5790318467888],[36.6983129882813,37.5797309027784],[36.6961353895398,37.5802750651048],[36.6931380208334,37.5775979275179],[36.6905289713541,37.5768622504346],[36.6891692437068,37.5758303493929],[36.6888750542536,37.5758363172749],[36.6874972873264,37.5786083984381],[36.6856777615018,37.5832685004345],[36.6852534993491,37.5863077799485],[36.6855805121527,37.5875838216152],[36.6843747287326,37.5883742947054],[36.6818972439235,37.5883238389763],[36.6808028157552,37.587184787327],[36.6799740939668,37.5855135091152],[36.6766417100695,37.5855466037332],[36.6761138237846,37.584997287327],[36.6741639539929,37.5841693793408],[36.6733193630642,37.5830474175354],[36.6733032226563,37.5803282335076],[36.6749081759983,37.5743367513027],[36.6761577690972,37.5718397352436],[36.6788300238716,37.5692721896707],[36.6800682237414,37.5688704427089],[36.6816038682725,37.5688815646707],[36.683052842882,37.5677517361116],[36.6819146050346,37.5672249348964],[36.6805582682292,37.5677479383686],[36.6811721462673,37.5665562608512],[36.6808250596789,37.5655422634554],[36.6808243815104,37.564424913195],[36.6790885416667,37.5632866753477],[36.6758550347221,37.5633528645839],[36.6725958930122,37.5614561631951],[36.6730639648439,37.5605474175353],[36.6722161187066,37.5597325303825],[36.6726283094619,37.5581239149312],[36.6738861762153,37.5573535156256],[36.6722195095486,37.5569471571186],[36.6705567762588,37.556124131945],[36.6698653157553,37.5543709309901],[36.6691417100694,37.5533034939242],[36.6691708713108,37.5518747287332],[36.6697508409288,37.5490429687506],[36.6696712239584,37.5434714084207],[36.6705528428821,37.5408034939241],[36.6699957953559,37.5397222222228],[36.6702806260852,37.5391691080735],[36.6702658420139,37.5384407552089],[36.6693625217015,37.5371082899312],[36.6661138237848,37.5349972873269],[36.6649118381077,37.5347040473096],[36.662850341797,37.5347151692714],[36.6609259711372,37.5332549370665],[36.6603835720487,37.5321370442714],[36.6584741210938,37.5333957248269],[36.6539336480035,37.5330091688375],[36.6503122287326,37.5297298177089],[36.6494417317708,37.5294471571187],[36.6471735297309,37.5280311414936],[36.6458307562934,37.528058539497],[36.6448506673176,37.5275534396707],[36.6405985514322,37.5268362087679],[36.6396971299912,37.5263717990457],[36.6397309027778,37.5247146267367],[36.638313937717,37.5222005208338],[36.6372195095485,37.5216693793409],[36.6351840549044,37.5190166558165],[36.6331486002603,37.5170610894103],[36.6302053493923,37.5157750108513],[36.6286043294272,37.5138731553825],[36.6272745768228,37.5132280815977],[36.6268519422744,37.5119259982645],[36.6273040093316,37.5106051974832],[36.6266529676648,37.5100027126742],[36.6258219401041,37.5116805013026],[36.6248499891493,37.5116606987854],[36.6242076280382,37.5103366427957],[36.6191368272569,37.5094471571186],[36.6148160807291,37.511647677952],[36.6135812717015,37.5119417317714],[36.6115112304688,37.5108753797748],[36.6096968587239,37.5114963107644],[36.6100062391492,37.5099858940978],[36.6109775119357,37.5100056966152],[36.6122942437066,37.5091132269971],[36.6120572916666,37.5083360460075],[36.6087285698784,37.5095827907991],[36.6078999837239,37.5104454210075],[36.6074287923178,37.5118975151916],[36.6035913085938,37.5127750651047],[36.6036197916666,37.5113804796013],[36.6047306315103,37.5113859049484],[36.6047079806859,37.5102750651047],[36.6058559841579,37.5091720920144],[36.605240342882,37.5085804578998],[36.6032424587673,37.5074338107644],[36.6010127766928,37.5051131184902],[36.5986664496528,37.5035747612852],[36.598336046007,37.5022195095493],[36.5979166666665,37.5015277777783],[36.5952750651043,37.5016525607644],[36.5929646809895,37.50339952257],[36.5913916015626,37.5052132161464],[36.5941693793403,37.5055528428825],[36.5948547363282,37.5059057617194],[36.5953983561197,37.5086903211811],[36.597173529731,37.5095513237853],[36.5974972873263,37.510607367622],[36.5969205729166,37.5128572591151],[36.5969476996527,37.5141864691846],[36.5986138237847,37.5141525607643],[36.600810139974,37.515945366754],[36.6040737575955,37.5172325303824],[36.6052800835503,37.5172252061637],[36.6097249348957,37.5166693793409],[36.6106707085504,37.516345757379],[36.6111083984375,37.5149972873269],[36.6148277452257,37.5135804578999],[36.617633734809,37.5130327690977],[36.6203472222222,37.5130881076394],[36.6213861762153,37.5141693793408],[36.6238814290364,37.5150086805561],[36.6249241807726,37.5149872504346],[36.6270096842449,37.5166707356777],[36.6303122287327,37.5185432942714],[36.6326603190105,37.5193050130213],[36.6367956542968,37.5236968315977],[36.6372195095485,37.5250027126742],[36.6383064778645,37.5267952473964],[36.6401666937933,37.5281743706602],[36.6458464898005,37.5297303602436],[36.6469871690539,37.5297317165804],[36.6497249348959,37.5311083984381],[36.6516398111979,37.5329915364589],[36.6519417317709,37.5336138237852],[36.6533582899306,37.5346641710076],[36.6564084201388,37.5355658637158],[36.6640903049045,37.5361442057297],[36.6667633734808,37.5378306749137],[36.6682458496094,37.5403279622401],[36.6686083984376,37.5434613715285],[36.6680240885416,37.5497498914936],[36.6663601345486,37.5505571831602],[36.6647922092014,37.5521278211811],[36.6638661024306,37.5516506618929],[36.6613642035591,37.5539314778651],[36.6613924153646,37.5553122287332],[36.6655452473959,37.5580349392367],[36.6663861762152,37.5591786024311],[36.6630193413628,37.5605691189242],[36.6622197808159,37.5605525716151],[36.661265326606,37.5608794487852],[36.662152235243,37.5626011827262],[36.6634099663629,37.5612920464416],[36.666124267578,37.5605474175353],[36.6671487087675,37.5605683051222],[36.6680801052517,37.5619889322923],[36.6680436197918,37.5637814670144],[36.6669222005208,37.5654356553825],[36.6655575900607,37.5660978190109],[36.6650027126736,37.5673147243929],[36.6658741590712,37.5680528428825],[36.6692898220486,37.5665991210943],[36.6697195095485,37.5652750651047],[36.670133327908,37.5648773871533],[36.6729865180123,37.5653640407991],[36.6733306206597,37.5662679036464],[36.6724548339845,37.56755967882],[36.6708295355903,37.5691213650178],[36.6708228895399,37.5703757052957],[36.6688861762153,37.5727750651047],[36.6683360460069,37.573935004341],[36.6694576009114,37.5761121961811],[36.6682660590278,37.5778700086811],[36.6688861762153,37.5809073893236],[36.667498779297,37.5805517578131],[36.6666415744359,37.5811328125005],[36.6666701931424,37.582531195747],[36.6677813042535,37.5846883138026],[36.6677658420138,37.5854481336811],[36.6668164062501,37.5868486870665],[36.668030327691,37.5880148654519],[36.6693476019965,37.5897919379346],[36.6716525607638,37.5905398220492],[36.6730060492621,37.5915668402783],[36.6734250217013,37.5945686848963],[36.6730320909288,37.5964873589415],[36.6730584038629,37.5977802191846],[36.6727100965712,37.5984564887158],[36.6699919976129,37.5994528537332],[36.6690223524306,37.5994501410597],[36.6694528537327,37.6002859157991],[36.6688861762153,37.6013861762158],[36.6685119628906,37.6040657552089],[36.6677583821614,37.6070065646706],[36.6671993001303,37.6080919053825],[36.6644150119357,37.6080352105041],[36.662412516276,37.6101193576394],[36.6615664333768,37.613615180122],[36.6611138237847,37.6177804904519],[36.6602305772568,37.6195279947923],[36.6581144205729,37.6215611436637],[36.6565063476561,37.6220829264329],[36.6543897840712,37.624229193794],[36.6536519368489,37.6258306206603],[36.6568122016059,37.6247762044276],[36.6584653049045,37.6256277126741],[36.6591639539931,37.6277804904519],[36.659549967448,37.6280528428825],[36.6599972873263,37.626647677952],[36.6594417317708,37.6261138237853],[36.6591551378038,37.6252308485248]]]},"properties":{"id":"reservoir-gdw-1566","hesIds":["hes177-145"],"basinIds":["20"],"riverSystemIds":["river-system-013"],"damName":"Sir","reservoirName":"Sir","basinId":"20","source":"GDW","sourceId":"1566","sourceUrl":"https://services8.arcgis.com/oTalEaSXAuyNT7xf/ArcGIS/rest/services/GDW_v1_epsilon_gdb/FeatureServer/1","matchMethod":"name+coordinate","matchConfidence":"high","areaKm2":28.29,"validated":true,"validationNotes":"Turkey envelope; facility name, basin/river relation and coordinate distance check"}},{"type":"Feature","id":"reservoir-gdw-4107","geometry":{"type":"Polygon","coordinates":[[[36.6797249348957,41.0561138237849],[36.6799972873263,41.0547195095489],[36.6808306206595,41.0526649305558],[36.6805282931855,41.0493945312502],[36.6799694824217,41.0476722547745],[36.677775065104,41.0463916015627],[36.6769879828557,41.0455726453995],[36.6747534179686,41.0444479709203],[36.6728386773,41.0444089084203],[36.6700168185761,41.0454416232641],[36.6660458713105,41.0485457356774],[36.664763861762,41.0489618598092],[36.6630805121525,41.0502688259552],[36.6616799587672,41.050297309028],[36.6608360460068,41.04946343316],[36.6611083984374,41.0483306206599],[36.6620406087237,41.0474348958335],[36.6628069390189,41.042348090278],[36.6620161946613,41.0378811306425],[36.6610858832464,41.0366259765628],[36.6600231933592,41.0355626085072],[36.656711832682,41.0336276584203],[36.6546880425345,41.0330419921877],[36.6507406955292,41.033122558594],[36.6469417317706,41.0322249348961],[36.6455246310762,41.0312643771704],[36.6427077907983,41.0307145182293],[36.6410700141057,41.0279451497398],[36.6375942654077,41.0242843967015],[36.6366582573782,41.0230509440107],[36.6366749403209,41.0222363281252],[36.6355588107636,41.0211306423613],[36.6355211046006,41.0192841254343],[36.6380364312063,41.0130224609379],[36.6380584038627,41.0119420030384],[36.637268066406,41.0084285481773],[36.639343939887,41.0068896484377],[36.6405423990884,41.0041200086808],[36.6405745442706,41.0025444878474],[36.6397193739148,40.9986135525175],[36.6394580078123,40.9950287543405],[36.6387428114148,40.9928716362849],[36.6361138237845,40.9914027235245],[36.6378004286021,40.9904139539933],[36.6377640787758,40.9886352539064],[36.6383360460067,40.9872249348961],[36.6389929199217,40.9840521918406],[36.6376783582897,40.9782581922745],[36.6363860405813,40.9769471571183],[36.6364020453556,40.9761629231772],[36.6359889051648,40.9748898654516],[36.6348102484808,40.9740787760419],[36.6338804796005,40.972494574653],[36.6339135742186,40.9708759223093],[36.6314020453557,40.9688414171009],[36.6313966200084,40.9672574869793],[36.6309323459198,40.9658268229169],[36.6299949815536,40.9644439019099],[36.6305532497827,40.963907606337],[36.631386176215,40.9619417317712],[36.6324972873263,40.9603024631078],[36.6320692274302,40.9580759006079],[36.6307915581596,40.9545597330731],[36.6290277777775,40.9520833333336],[36.6284098307289,40.9522837999134],[36.6289548068575,40.9544102647572],[36.6288860405814,40.9577802191842],[36.6293870713974,40.9592439778647],[36.6298677571612,40.9634765625002],[36.6288916015624,40.9644146050349],[36.6291729058158,40.9650225151913],[36.6302743869356,40.9660804578995],[36.6299460177949,40.9676467556426],[36.6302959526908,40.9701524522571],[36.6327804904513,40.9736083984377],[36.6331833224824,40.9756716579864],[36.6352750651038,40.9775027126739],[36.6366560872393,40.9779508463544],[36.6366807725692,40.9791658528647],[36.63528266059,40.9796194118926],[36.6358306206595,40.9838153754343],[36.6351258680552,40.9854508463545],[36.6341805013019,40.9863593207468],[36.6338861762151,40.9872195095488],[36.6335991753471,40.9901529947919],[36.6314954969616,40.9911900499134],[36.6308879937063,40.9923692491321],[36.6319333224823,40.9943983289932],[36.6322454155813,40.9962277560766],[36.6322037760414,40.9982647026911],[36.6344417317707,40.9988102213543],[36.6334048122827,40.9999039713543],[36.6345986599391,41.0004831271704],[36.6349971516924,41.0019471571183],[36.6352834743922,41.0022222222224],[36.6344417317707,41.0036083984377],[36.6333515082464,41.0063769531253],[36.6319471571177,41.0080365668405],[36.6322195095483,41.0088916015629],[36.6336324055987,41.0092361111114],[36.6351732042099,41.0107164171009],[36.6355957031249,41.0123651801218],[36.6351444498695,41.0137554253476],[36.6316826714407,41.0168532986114],[36.6316152615014,41.020160590278],[36.6322422960066,41.0217065429689],[36.6328861490883,41.0243473307294],[36.6340384928384,41.0267225477433],[36.6355528428818,41.0275027126738],[36.6377860514322,41.0280471462676],[36.6393518066404,41.0296061197919],[36.6397195095485,41.0311138237849],[36.6414396158851,41.0339206271703],[36.6465398491752,41.036218261719],[36.6491149902341,41.0355582682295],[36.6514039442272,41.0358319769968],[36.6521960449216,41.0366563585072],[36.6544988335502,41.037246636285],[36.6563689507375,41.037208387587],[36.657775065104,41.0385592990454],[36.6573830837671,41.0410370551217],[36.6566639539928,41.0413861762155],[36.6563916015623,41.0430582682294],[36.6553396267359,41.0454899088544],[36.6547249348956,41.049093153212],[36.6555520290796,41.0510799153648],[36.6555638292098,41.0516533745662],[36.6550027126734,41.0532926432294],[36.6555193413625,41.0549565972225],[36.6562997775607,41.0557313368057],[36.6568423122828,41.0579570855038],[36.6602804904512,41.0583306206599],[36.6619235568574,41.0594441731773],[36.6636138237845,41.059719509549],[36.6659963650172,41.0605973307294],[36.6647249348956,41.06356499566],[36.6650097656249,41.0650694444447],[36.6682203504773,41.0681540256078],[36.6689054361977,41.0691989474829],[36.6699966091578,41.0702471245662],[36.6700195312499,41.0713755967884],[36.6694361707897,41.0719360351565],[36.6683360460067,41.0741368272572],[36.6698426649303,41.0747018771704],[36.6745899793835,41.0737329101565],[36.6752398003471,41.0731084526912],[36.6752827962237,41.0710045030384],[36.6742800564234,41.0684624565974],[36.6725077311196,41.0663511827259],[36.6724696180554,41.0644818793405],[36.6735620117185,41.0633447265628],[36.6771545410155,41.0617898220488],[36.6776881239148,41.0607541232641],[36.6781324598522,41.0584781901044],[36.6786083984373,41.0574972873266],[36.6797249348957,41.0561138237849]],[[36.6730952962237,41.0519376627607],[36.6756944444443,41.0518055555558],[36.6773259819876,41.0522810872399],[36.6777598741318,41.0527354600696],[36.6766440158418,41.0535970052085],[36.6766328938801,41.0545339626738],[36.6755376519096,41.0549820963544],[36.6752956814233,41.0552956814238],[36.6731098090277,41.0556670464413],[36.6727956814234,41.0552598741321],[36.6719265407984,41.055017903646],[36.6716845703123,41.0544265407988],[36.6712053765188,41.0540568033857],[36.6730952962237,41.0519376627607]]]},"properties":{"id":"reservoir-gdw-4107","hesIds":["hes177-148"],"basinIds":["14"],"riverSystemIds":["river-system-004"],"damName":"Suat Ugurlu","reservoirName":"Suat Ugurlu","basinId":"14","source":"GDW","sourceId":"4107","sourceUrl":"https://services8.arcgis.com/oTalEaSXAuyNT7xf/ArcGIS/rest/services/GDW_v1_epsilon_gdb/FeatureServer/1","matchMethod":"name+coordinate","matchConfidence":"high","areaKm2":7.62,"validated":true,"validationNotes":"Turkey envelope; facility name, basin/river relation and coordinate distance check"}},{"type":"Feature","id":"reservoir-gdw-7065","geometry":{"type":"Polygon","coordinates":[[[37.67675,40.5782500000002],[37.6763797660001,40.5785930400001],[37.6767928870002,40.5808036120002],[37.6786849060001,40.5822544900002],[37.6810539700002,40.5830045390002],[37.6813797660002,40.5836202350001],[37.6816467190001,40.5883488960002],[37.6823933350001,40.5891546970001],[37.684613201,40.5902023430001],[37.6846488610001,40.5911020150002],[37.6838797660002,40.5922196920001],[37.684120234,40.5923797660002],[37.685106665,40.5928453030001],[37.6855916400001,40.5933687230001],[37.6868193450002,40.5934173850002],[37.6873892970001,40.5928892970003],[37.6878702340002,40.5923702340002],[37.6894809020002,40.5918602940001],[37.6902755180001,40.5906297660001],[37.6940601390001,40.5911831650001],[37.6944751590002,40.5937884240001],[37.6969606550001,40.5951036220002],[37.6976285130002,40.5951300950002],[37.6986202350001,40.594870234],[37.7003493730002,40.5945947820002],[37.7018321080002,40.5934577600001],[37.7036765590001,40.5929744610001],[37.7093523250001,40.5934279690002],[37.7093923840002,40.5944385530002],[37.7080912130001,40.5968975390002],[37.7081706240001,40.598901041],[37.7064856220001,40.6002260910001],[37.7093797650001,40.5998797660001],[37.7107971340002,40.5991297660001],[37.7116178930002,40.5998206940002],[37.7116479110001,40.600577999],[37.7111297650002,40.6020563150002],[37.7120430110001,40.6031240680002],[37.7166948390001,40.6034672530002],[37.7173892970002,40.6041107030002],[37.7179338570001,40.6046984310002],[37.7195563160001,40.6041297660001],[37.721044788,40.6048098630001],[37.7213797650002,40.6051202340002],[37.7216202350002,40.6053797660001],[37.7218797650002,40.6056202340001],[37.7222404670002,40.606009531],[37.7233797650001,40.6063702340002],[37.7242929230002,40.6066902920002],[37.7257244570002,40.6059327970001],[37.7263750000002,40.6066349090001],[37.7269539720002,40.606010042],[37.729705666,40.6048797660002],[37.7307806170001,40.6052632280001],[37.7311202320002,40.6056297660002],[37.7318815310002,40.6063351480001],[37.7318421940001,40.6073276480002],[37.7336107030002,40.6061107030001],[37.7356166690003,40.6054756120002],[37.7359440380001,40.603080218],[37.7365060580001,40.6024736450001],[37.7396110460002,40.6021020900001],[37.7396388780002,40.6013998860002],[37.7390222320002,40.6007343580002],[37.7378053740002,40.5998970130002],[37.736180656,40.599832615],[37.7357404710001,40.6002404690002],[37.7349450300001,40.6010989660002],[37.7339414900002,40.6015725780001],[37.7336202320002,40.6018702340002],[37.7326936870001,40.6028702340002],[37.7315247040001,40.6026083660001],[37.7301297680002,40.6018702340002],[37.7279045640001,40.6008200680001],[37.7266524280002,40.5988810420001],[37.725879768,40.5988504160002],[37.726123611,40.6004012600001],[37.7271202320002,40.6013246780002],[37.7265620650002,40.6013873690001],[37.7251250000002,40.6013304090002],[37.7248408130002,40.6037052990002],[37.7234897270003,40.604178848],[37.7219964870002,40.6035654900002],[37.7205516620001,40.603108056],[37.7194662740002,40.6025337240002],[37.7165121840002,40.6017102720002],[37.7158797650002,40.600370234],[37.7156202350002,40.6001297660002],[37.714465363,40.598883347],[37.7126297650002,40.5976202340002],[37.7111314660001,40.5969131240001],[37.71111145,40.5964081290001],[37.7117727780002,40.5953840070002],[37.7126250000001,40.5953502270002],[37.7143702350002,40.5954194010002],[37.7141297650001,40.5951202340002],[37.7124999280002,40.5948090670002],[37.7120517390002,40.5924615500001],[37.7092195470001,40.591185394],[37.7079520340001,40.5918561000001],[37.7056297650001,40.5913702340002],[37.7016664660002,40.5908959690002],[37.7008740310002,40.5906182250003],[37.7001248360002,40.5910146620001],[37.6972535250002,40.5916153980003],[37.6953317910002,40.5901417350001],[37.6928702340002,40.5898797660002],[37.6907366940002,40.5895616210002],[37.6889897820001,40.5898951400002],[37.6870661810002,40.5913702340002],[37.6863173180001,40.5908424740001],[37.6858797660002,40.590370234],[37.6856202340002,40.5901297660001],[37.6848797660002,40.5888702340002],[37.6839178910003,40.5879790100001],[37.6834500830001,40.5866443060002],[37.6833698940002,40.5846212040001],[37.684120234,40.582480408],[37.6830023880002,40.5820739140002],[37.6814436840001,40.5826202350001],[37.6805587690001,40.5823618160002],[37.6796297660001,40.5818702350002],[37.6774623010002,40.5810262110001],[37.6771202340002,40.5803797650001],[37.67675,40.5782500000002]]]},"properties":{"id":"reservoir-gdw-7065","hesIds":["hes177-160"],"basinIds":["22"],"riverSystemIds":["river-system-028"],"damName":"Topcam","reservoirName":"Topcam","basinId":"22","source":"GDW","sourceId":"7065","sourceUrl":"https://services8.arcgis.com/oTalEaSXAuyNT7xf/ArcGIS/rest/services/GDW_v1_epsilon_gdb/FeatureServer/1","matchMethod":"name+coordinate","matchConfidence":"high","areaKm2":1.896,"validated":true,"validationNotes":"Turkey envelope; facility name, basin/river relation and coordinate distance check"}},{"type":"Feature","id":"reservoir-gdw-7037","geometry":{"type":"Polygon","coordinates":[[[39.2362610420003,40.6334675950002],[39.2378124150002,40.6333320950001],[39.2389385750002,40.6335849070002],[39.2394441980001,40.6333320950001],[39.2395820950001,40.6327575240002],[39.239158451,40.632156063],[39.2383797660002,40.6316202340002],[39.2376415070002,40.6311435020002],[39.2376745170001,40.6304362540001],[39.2380652260002,40.6295858880001],[39.2382049770002,40.6287435600002],[39.2389615580001,40.6279541040001],[39.2394901640002,40.6274025150002],[39.2404324620002,40.6266440810002],[39.2410070330002,40.6256098510001],[39.2415126560002,40.6252191430002],[39.2421791600001,40.6247594850002],[39.2422839720001,40.6244852450002],[39.2431904060002,40.6232885820002],[39.2438798920002,40.6226910270001],[39.244030105,40.6222066780002],[39.2443958210001,40.6219069950001],[39.2451439500002,40.62174873],[39.2462011620002,40.6215878490001],[39.2469136310001,40.6212431060001],[39.247718031,40.6205995860002],[39.2481317230001,40.6200709800003],[39.2483897450002,40.6197710500002],[39.2490050720002,40.6200250140002],[39.2500622840001,40.6197032540002],[39.2510505470002,40.6196113230002],[39.2516021360001,40.6193355280002],[39.2522024150001,40.6185055520001],[39.2529071350002,40.6170123200001],[39.2558750000002,40.617129955],[39.2576487690001,40.6170596490002],[39.2589453470002,40.6174701480001],[39.2591857960002,40.6176658330001],[39.2599219340001,40.6186460420001],[39.2608642320002,40.6192665800002],[39.2618754780001,40.6195193910002],[39.2626109300001,40.6197492200001],[39.262955673,40.620047997],[39.2633463820002,40.6201169460002],[39.2637600730002,40.6199560660001],[39.2643801630002,40.6196000230001],[39.2646250000001,40.619590319],[39.2649370970001,40.6196026890002],[39.2654148400001,40.620002032],[39.2659434460001,40.6199101000001],[39.2663341540002,40.6197032540002],[39.2670026670001,40.6192700260002],[39.2674136620001,40.6191623330001],[39.2675631670002,40.6194791180001],[39.2677731810001,40.6205179610002],[39.2674603150002,40.6207374830001],[39.2674603150002,40.6208753810002],[39.2679429550003,40.6207834490002],[39.2683336640002,40.6203927400002],[39.2684945440002,40.6194044770001],[39.2686938880001,40.6179472840001],[39.2691854550002,40.6174714690001],[39.2709537110002,40.6168533790001],[39.2720798720003,40.6164396870001],[39.2725854950002,40.616071961],[39.2732678730001,40.6158997660001],[39.2739874500001,40.6170142590003],[39.2741023640002,40.617565847],[39.2742862270002,40.617864625],[39.2747145440002,40.6180642900002],[39.2748072980001,40.618550118],[39.2746539530001,40.6192895630002],[39.2749297470002,40.6196113230002],[39.275481336,40.6196113230002],[39.2752515070001,40.619358511],[39.2755962500002,40.6188299050002],[39.2759409940001,40.6182553340001],[39.2756881820002,40.6173130360002],[39.2756881820002,40.6167844300002],[39.275458353,40.6162788070001],[39.2752285250001,40.6156123040001],[39.2749408780002,40.6150918100002],[39.2749682670002,40.6146216290001],[39.2753664220002,40.614279297],[39.2762391750001,40.6139855690002],[39.2768165520003,40.6140537380002],[39.2778715540002,40.6147389550001],[39.2788330000001,40.6151202340001],[39.281370232,40.6148545890001],[39.2811297650001,40.6146202340001],[39.2788854140002,40.6142627090002],[39.2788589100002,40.6135940040002],[39.2801240200003,40.6124218140002],[39.2804722630001,40.6098736690001],[39.2815678100002,40.6081771240001],[39.2829731450001,40.6074334910001],[39.285223389,40.6070750270001],[39.2866817320001,40.606613312],[39.2878246770001,40.6053797650002],[39.289283852,40.6056486240002],[39.2907254940001,40.6076141200001],[39.2949272690001,40.6077806630001],[39.2961179660002,40.6066774220002],[39.2961448210001,40.606],[39.2960816120001,40.604405247],[39.296620232,40.604120235],[39.2981297680002,40.6038797650001],[39.2988702320001,40.6033702350002],[39.3009816740002,40.6024816700002],[39.3018702320002,40.6018702350001],[39.3042430730001,40.6013050270002],[39.3050561450001,40.6001234510002],[39.3044178920002,40.5983024600002],[39.304079323,40.5966842120002],[39.3045930400002,40.5961297650002],[39.3053797680001,40.5963702350001],[39.3071042400002,40.5977736630002],[39.3088063130001,40.5983702350002],[39.3085873720001,40.5974401550001],[39.3063797680003,40.5963982930002],[39.3066927490001,40.5947348480001],[39.3078119580001,40.5940121150002],[39.3083797680002,40.592629765],[39.3089436040001,40.5896764950002],[39.3098702320002,40.5879253230002],[39.309629768,40.5856202350001],[39.309370232,40.5848797650001],[39.3090675200002,40.5832941970002],[39.3085953060001,40.5828566670001],[39.3079095990001,40.5814037170001],[39.3050915990002,40.5810665050001],[39.3046202320002,40.5806297680001],[39.3043797680002,40.5803702320001],[39.3041202320002,40.5801297680002],[39.3038797680002,40.5798702320001],[39.3030412670001,40.5790933230002],[39.3034702300002,40.5768464740002],[39.3043702320001,40.5763702320002],[39.3061535260002,40.5760297700002],[39.3068702320002,40.574675323],[39.3065370410002,40.5735597990001],[39.3061297680002,40.5731202320001],[39.3050629200002,40.5723377300002],[39.3042690660002,40.5714809340001],[39.3036202320002,40.5708797680002],[39.3027500000002,40.5697500000001],[39.3024120640002,40.569379784],[39.3021080400001,40.5691363220001],[39.3021484760001,40.5688112490001],[39.3017852630002,40.5671324840001],[39.2991583940002,40.5667501530002],[39.2988611760002,40.5646388240002],[39.2987500000001,40.5645000000002],[39.2980664750002,40.5646954270002],[39.2984293590001,40.5667806550002],[39.299361176,40.5671388240002],[39.3009831850001,40.5674210970002],[39.3013888240001,40.5681111760001],[39.3018177030002,40.5696111760003],[39.3021297680002,40.5699463650002],[39.3036202320002,40.5718797680001],[39.3038797680002,40.5721202320002],[39.3041202320002,40.5723797680001],[39.3045505070002,40.5727784350001],[39.305370232,40.573969688],[39.3048797680002,40.5748797680002],[39.3029367680001,40.5760220410002],[39.3023928380002,40.577049973],[39.302316589,40.5789736560002],[39.3026530760001,40.5810859380001],[39.3037784350002,40.5823005070002],[39.3048053510001,40.583007149],[39.3073652500001,40.5840039860002],[39.3073893360001,40.5846116790001],[39.3070426030001,40.5852669490002],[39.3081202320002,40.5868330000002],[39.3077977680002,40.5892424700002],[39.3067881240001,40.5901779520002],[39.3063609920002,40.5913966030002],[39.3064540100002,40.5937433130002],[39.3043702320001,40.5946202350001],[39.3038797680002,40.594879765],[39.3033702320001,40.5951202350001],[39.3028797680003,40.5958797650002],[39.3023812790001,40.5963416400001],[39.3022986760002,40.5984256060001],[39.3028636020002,40.600037392],[39.3009751430002,40.6003979340002],[39.3005740590002,40.6012478070001],[39.298950027,40.6021071620003],[39.2976250000001,40.602159683],[39.2947216800002,40.6020446050002],[39.2941424710002,40.602581264],[39.2937191390001,40.6041968730002],[39.2941202320002,40.6046297650001],[39.2946187210002,40.6050916400002],[39.2946792140001,40.6066178970002],[39.2937500000001,40.6066547280002],[39.2926250000001,40.6066101380002],[39.2916601410001,40.6066483800001],[39.2913702320002,40.6063797650002],[39.2907912060001,40.605483093],[39.2898702320001,40.6046297650001],[39.2894069600001,40.6041297650002],[39.2870933610001,40.604562141],[39.2861202320002,40.6048702350002],[39.2857215650001,40.605300507],[39.2847975540001,40.6059363400001],[39.2821382830001,40.6058309360001],[39.2812211950002,40.6068207240001],[39.2797414890001,40.6077762450001],[39.2791678920003,40.6083077160002],[39.2783803860001,40.6097959630002],[39.2780991860002,40.611853508],[39.2755957680001,40.6121530800002],[39.2741202350002,40.6126202350001],[39.2728185650003,40.6135159380002],[39.2686759760001,40.6148274880002],[39.267629765,40.6156297660002],[39.2665629230002,40.6164122710001],[39.2654554600001,40.6176075270001],[39.2630977780002,40.6179590930001],[39.2613933330002,40.6171546970002],[39.2603003580002,40.6159750790001],[39.2596297650002,40.6156202340001],[39.2571913640002,40.6151546970002],[39.2562078170001,40.6148099670002],[39.2552444880001,40.6154728530001],[39.2523903690002,40.6150472580002],[39.2513702350002,40.6153702340002],[39.2505297890002,40.6159485610001],[39.2488797660001,40.6153702340002],[39.2481202340002,40.6151297660003],[39.2468161810003,40.6141297660002],[39.2461551960001,40.6138656060002],[39.2458794010001,40.6133140170002],[39.2456036070002,40.6131991020002],[39.2456495730002,40.613589811],[39.24594835,40.6139575370001],[39.2464769560001,40.6144401770002],[39.2470000670002,40.6149802530001],[39.247304339,40.6157731840002],[39.2477639970001,40.6162328410002],[39.2484315900002,40.6169034040002],[39.2485789140001,40.6174486950001],[39.2483797660002,40.6176297660001],[39.2471202340002,40.6178702340001],[39.2458226600001,40.6187631210001],[39.2451297660002,40.6191297660002],[39.2426664220001,40.6194664210001],[39.2417654680002,40.6201399290002],[39.2414207250002,40.6206915180002],[39.2410695060001,40.6212793650001],[39.2405714800002,40.6215428940002],[39.238161572,40.6216384140002],[39.2359530340001,40.6211763430002],[39.2353072820001,40.6210362610001],[39.2347786760001,40.620668535],[39.2346867440002,40.6208753810002],[39.2351004360002,40.6213810040002],[39.2349713940001,40.6221623050002],[39.2342500700001,40.6225761130002],[39.2336295320001,40.622828924],[39.2339283100002,40.6230817360002],[39.2346177960001,40.6230817360002],[39.2351693850002,40.6233575300001],[39.2355159660002,40.6237642780001],[39.2354784510002,40.6240026700002],[39.2351234190002,40.6245296570001],[39.2344904690001,40.6254904690002],[39.2340095310001,40.6270095310002],[39.2334178910001,40.6275577160001],[39.2333171080001,40.6277481780001],[39.2326642520002,40.628298847],[39.2322735430002,40.6287585040002],[39.2323195090001,40.6302064250002],[39.232650102,40.6309175380002],[39.2326201110001,40.631230523],[39.2316530060002,40.6317003120001],[39.2308812770002,40.6328416400001],[39.2308289300002,40.6341623430003],[39.2301131540001,40.6345501870001],[39.2307953130001,40.6350104650001],[39.2321600060002,40.6358714330001],[39.232848115,40.6364577650002],[39.2342960360001,40.6358831940001],[39.2342027410002,40.6349454120002],[39.2349296220002,40.6342590090002],[39.2351297660002,40.6341297660002],[39.2355966720002,40.6336258470001],[39.2362610420003,40.6334675950002]]]},"properties":{"id":"reservoir-gdw-7037","hesIds":["hes177-162"],"basinIds":["22"],"riverSystemIds":["river-system-025"],"damName":"Torul","reservoirName":"Torul","basinId":"22","source":"GDW","sourceId":"7037","sourceUrl":"https://services8.arcgis.com/oTalEaSXAuyNT7xf/ArcGIS/rest/services/GDW_v1_epsilon_gdb/FeatureServer/1","matchMethod":"name+coordinate","matchConfidence":"high","areaKm2":3.041,"validated":true,"validationNotes":"Turkey envelope; facility name, basin/river relation and coordinate distance check"}},{"type":"Feature","id":"reservoir-gdw-7020","geometry":{"type":"Polygon","coordinates":[[[28.7739272670001,40.0464062810001],[28.7743831610002,40.0516593580002],[28.7751370320001,40.0526297160001],[28.7756678910001,40.0516084370001],[28.7762492740001,40.0509809660002],[28.775870234,40.050629766],[28.7756840660002,40.0504288390002],[28.7761483030001,40.0491200110001],[28.7763801510002,40.047986714],[28.7766836820001,40.04793028],[28.7773797660001,40.0473797660001],[28.7776686400002,40.0471809860002],[28.7784980210002,40.0472164420001],[28.7805205620002,40.047573361],[28.7809369680002,40.0479005370001],[28.7815020900001,40.048673862],[28.7821266990002,40.0489415510002],[28.782572848,40.049417443],[28.782572848,40.0492092400002],[28.782453875,40.0482277130002],[28.7819184960002,40.047275928],[28.7811806450002,40.0464846010002],[28.7803797660002,40.0456202340002],[28.7798812770002,40.0451583600002],[28.7798698290002,40.0448695260002],[28.7804015890001,40.0445098050002],[28.7805503060002,40.0443016020001],[28.7807941250002,40.04325025],[28.7814723470003,40.0416841950002],[28.7825431040002,40.0408216400002],[28.783732835,40.039988829],[28.7840882870001,40.0390725990002],[28.782767097,40.0384490760001],[28.782572848,40.0379068010001],[28.7825431040002,40.0368360430002],[28.7816627030002,40.0360499600001],[28.7813702340002,40.0353797660002],[28.7809930780003,40.0341884990001],[28.7802551130002,40.0335047380001],[28.7802826160001,40.0328207030001],[28.7806395360001,40.0320473780002],[28.7814426040001,40.0319581480001],[28.7805800490001,40.0314227690001],[28.7801933870002,40.0312443100002],[28.7798662110002,40.0306791880001],[28.7796580080001,40.0299950930001],[28.7788846830002,40.0289243350001],[28.7787062230002,40.0288351060001],[28.7785277640002,40.0278833210002],[28.7778734120001,40.0267828200001],[28.7772428740001,40.0264283370002],[28.7776652090002,40.0255336030002],[28.7782898180001,40.0250279680001],[28.7786169940002,40.0241654130002],[28.7786467370002,40.0237192640002],[28.7795687780002,40.0239572110002],[28.7804313330002,40.0242546430002],[28.7806395360001,40.0237787510002],[28.7812046580001,40.0234813180002],[28.7827215640002,40.0235705480001],[28.7834948890001,40.0239572110002],[28.78432229,40.0235516980001],[28.7849820520001,40.0235705480001],[28.7864989580002,40.0240166970002],[28.7871235670001,40.0246413060002],[28.7889081630001,40.0251171980002],[28.7901539340003,40.024994023],[28.7903953260001,40.0252064280001],[28.7909901910001,40.0258310360002],[28.7916445430002,40.0261284690002],[28.7917635160002,40.026901794],[28.7920609480001,40.0280022940001],[28.7917040290001,40.0295192010001],[28.7913768530003,40.0305304720001],[28.7914363400001,40.031036107],[28.7908117310002,40.032077121],[28.7904548120001,40.0323150670002],[28.7902763530001,40.0333263380002],[28.7903655820002,40.0345458120001],[28.7902466090002,40.0358247720002],[28.7899789200001,40.0370739890001],[28.7902168660001,40.0379662870002],[28.7907819880002,40.0377283410002],[28.7909604480002,40.0367468130003],[28.7906035280001,40.0359734890002],[28.790841475,40.0350514470001],[28.7910091820002,40.0336352730002],[28.7911447020002,40.0333481180001],[28.7920906920002,40.0325530130002],[28.793101963,40.0323745540001],[28.7944998960002,40.0327612160001],[28.7960168020001,40.0331181350001],[28.7977121680002,40.0334750550002],[28.7987531820002,40.0337724870002],[28.7995265070001,40.0342781230001],[28.7996454800001,40.0342186360002],[28.7985152360002,40.0334155680002],[28.7971470460002,40.0326719860002],[28.7957138860002,40.0321825390001],[28.7941297650003,40.0316202340002],[28.793637978,40.0313881400003],[28.7932804220001,40.030649445],[28.7938158010002,40.0300248360002],[28.7942619500002,40.0289540790001],[28.7949460450002,40.0285674160002],[28.7943214360001,40.0281212670001],[28.7942322070002,40.0269315370001],[28.7941429770001,40.0254443740002],[28.793786058,40.0248495080002],[28.7938158010002,40.0243141300002],[28.794827072,40.0245223330002],[28.7952137340002,40.0248197650002],[28.7960762890001,40.0252956570001],[28.7971470460002,40.0252064280001],[28.7983665200001,40.0251171980002],[28.7986044660001,40.0247305350001],[28.7989613850002,40.0245520760002],[28.7998834260002,40.0244628460002],[28.8010731570001,40.0249684810002],[28.8017572520002,40.0254741170001],[28.8018762250002,40.0249982250002],[28.802262887,40.0246710490001],[28.8018464820001,40.0244033590002],[28.8017275090002,40.0237787510002],[28.8018762250002,40.0233920890002],[28.8014895630001,40.0230351690001],[28.8011921300001,40.0222618450001],[28.802054685,40.0212208300002],[28.8032146720002,40.0205367350001],[28.802619807,40.0200013570003],[28.80238186,40.0189305990001],[28.8019951980002,40.0174731790002],[28.8014003330003,40.0164916520002],[28.8019654550001,40.0160157590002],[28.8034823610003,40.0154803810001],[28.8048208080002,40.0150639750002],[28.8060700250001,40.014736799],[28.8075869310002,40.0147665420002],[28.8085387160002,40.0154803810001],[28.8093120410001,40.0157480700002],[28.8102340820002,40.0156588400001],[28.8106802310002,40.0160455030002],[28.8107992040001,40.0169080570002],[28.8120186780002,40.0172947200002],[28.8127920020002,40.0173542060002],[28.8134463540002,40.0171460030001],[28.8143386520001,40.0166106250002],[28.8158853020002,40.0165808810002],[28.8174914380002,40.0169675440001],[28.8182945060001,40.0175029230001],[28.8198708990001,40.0176516390002],[28.8212985750001,40.0176516390002],[28.8221611300002,40.0179193280002],[28.8223990760002,40.018841369],[28.8224585630002,40.0196146940001],[28.8233508610002,40.0198823840001],[28.8229463650001,40.0191202350002],[28.823160328,40.0176730380001],[28.8224219280001,40.0168761020001],[28.8198820300003,40.0156774220002],[28.8206144800002,40.0146773130001],[28.8226072790001,40.0141121910001],[28.8244216180002,40.013636298],[28.8254031460002,40.012714257],[28.8259682680002,40.0116732430002],[28.8266256430002,40.011025578],[28.827115559,40.0109849110002],[28.8277826070001,40.0113460670001],[28.8285856750001,40.0110783780002],[28.8304595000002,40.0113163240002],[28.8313517980002,40.0108404320002],[28.8313517980002,40.009888647],[28.8306677030001,40.0093830120002],[28.8309651360001,40.0100076200002],[28.8309651360001,40.0106322290002],[28.8305784730002,40.0108106880001],[28.8296266890001,40.0107214590002],[28.8280705180003,40.0109056430001],[28.8275000000002,40.0105000000001],[28.8271579980002,40.0101265930002],[28.8266523630002,40.0101265930002],[28.8262096020001,40.0105902600002],[28.8259493100001,40.0110817180001],[28.8251354560001,40.0114055540003],[28.8243026450002,40.0117327300002],[28.8240761950001,40.0124329450001],[28.8236780360002,40.0121491350003],[28.822547792,40.012476311],[28.8217608530001,40.0131328420001],[28.8199898720001,40.0133686090002],[28.8191868040001,40.0138742450001],[28.818388283,40.01516021],[28.8180556260002,40.0151470250001],[28.8163611940001,40.0147070560002],[28.8154986390001,40.0147962860001],[28.8145468550002,40.0146773130001],[28.8128794290003,40.0151793250001],[28.812048421,40.0137255280002],[28.8113345830003,40.0133388660002],[28.8113940690002,40.0128332300002],[28.8117212450002,40.0114947840001],[28.8119047010002,40.0097500110002],[28.8121023030002,40.0093765780002],[28.8132084080002,40.0084907140001],[28.813892503,40.0080148220001],[28.8143981390001,40.0073009840002],[28.8140114760002,40.0072712400001],[28.8134463540002,40.0076281590002],[28.8136545570001,40.0067358620002],[28.8138627600002,40.0055461310001],[28.8137437870002,40.0049215230001],[28.8139222460001,40.0043266570001],[28.8136287420002,40.0039597000002],[28.8138330170002,40.0034343590001],[28.8143981390001,40.00307744],[28.8138627600002,40.0025420620001],[28.814160192,40.0018282230001],[28.8153499230002,40.0006979790002],[28.8165693970002,39.9998949110002],[28.8162719640002,39.9991810730001],[28.8162422210001,39.9970693010002],[28.8151119770002,39.9956118810001],[28.8127920020002,39.9944518940001],[28.811007407,39.9935595960003],[28.8096987030003,39.9926375550002],[28.8098176760001,39.9915667980001],[28.810323312,39.9902580940002],[28.8107992040001,39.989871432],[28.8124901210001,39.9894979460001],[28.8136843000001,39.9899011750002],[28.8140709630002,39.9898416880002],[28.8138627600002,39.9884437550002],[28.8142196790001,39.9876109440002],[28.813297638,39.9858560910002],[28.8122525080002,39.9847942370001],[28.8116022720001,39.9833874000001],[28.8098702720002,39.9811307220001],[28.8098316080002,39.9801552510001],[28.8131786650001,39.9804725610001],[28.8144873680001,39.9804130740002],[28.8154094090001,39.9807105070002],[28.8164206800002,39.9821976700001],[28.8171642620002,39.9831494540002],[28.8191868040001,39.9841904680001],[28.8209714000002,39.984428415],[28.8230236850001,39.9842796980003],[28.8240646990002,39.9836848330001],[28.8247190510002,39.983208941],[28.8256410920001,39.9827627920001],[28.8246595640002,39.982733049],[28.8243918750001,39.9816622910001],[28.8234493580002,39.9809069460001],[28.8233338470001,39.9806103130001],[28.8222276610003,39.9794164350001],[28.8213550000002,39.9790045930002],[28.8213736060002,39.9785351490003],[28.8219529270002,39.9773197750002],[28.8210308860003,39.9769033690002],[28.820525251,39.976962856],[28.8199303850002,39.9777361810002],[28.8193755270002,39.9779379470002],[28.8181451720001,39.9776575320002],[28.8169374660002,39.9770184780002],[28.813672001,39.9771479110001],[28.8128797650001,39.9768702320002],[28.8119964700002,39.9766784990001],[28.8103301140001,39.9758665330002],[28.8102043390001,39.9743751920001],[28.8090713470001,39.9718693780001],[28.8086297650002,39.9707943340002],[28.8091237790001,39.9699230730001],[28.8105907120001,39.9702046420002],[28.8119826970001,39.9700975670002],[28.8124634170002,39.9695676500001],[28.8129157140001,39.9682771990002],[28.8128829300001,39.9674500960003],[28.8136951760002,39.966039354],[28.8138245200002,39.9658997570001],[28.8153560220001,39.9649107820001],[28.8158702350002,39.9634436870001],[28.8154937520002,39.9617630770002],[28.8151297650001,39.9613702320001],[28.813879765,39.960563042],[28.8143702350001,39.9596202320002],[28.8156297650002,39.9591297680002],[28.8161766100002,39.9587104260003],[28.8171517430002,39.9585789620003],[28.8193709240002,39.958854613],[28.8201561460002,39.958854613],[28.8211179700002,39.9574274220002],[28.8211375120002,39.9569343340003],[28.820762093,39.9557485500002],[28.8186297650001,39.9546202320001],[28.8171457180002,39.9541503830002],[28.8166297650002,39.9531753230001],[28.816962561,39.9520611200001],[28.8182046060002,39.9511781950001],[28.8193536730001,39.9512691840002],[28.8234041100002,39.9520017660001],[28.8240108720001,39.9520374580001],[28.8250789120002,39.9516119650001],[28.8255299680002,39.9515940860002],[28.8264379230002,39.9523586850001],[28.8276157560001,39.9523229930001],[28.8291454920002,39.9518395080002],[28.8297264020002,39.9518164830001],[28.8314906010002,39.9524348300001],[28.8340421400002,39.9523336960002],[28.8361050280002,39.9529560890001],[28.8367176880002,39.9537850440001],[28.8365401380001,39.9544811710002],[28.8361158590001,39.9548742920002],[28.8358692730002,39.9553945640002],[28.835396593,39.9563918710003],[28.8357892040002,39.957319861],[28.8366101180002,39.958176467],[28.8375024160001,39.9584976940002],[28.8383063130001,39.9583702320002],[28.8398797680002,39.9578797680002],[28.8411202320002,39.9571202320002],[28.8418949970002,39.9567545930002],[28.8418516240001,39.9556601410002],[28.8430249250001,39.9543938290001],[28.8442500000001,39.9543452760002],[28.8462547530001,39.9544247360003],[28.8468797680001,39.9541297680002],[28.8473702320002,39.9538702320002],[28.8503797680002,39.9536297680001],[28.8524212720002,39.9523797680001],[28.8533797680002,39.9526202320002],[28.8556202320003,39.9546297680001],[28.8563797680001,39.9548702320002],[28.8578063130001,39.9553702320001],[28.8588181380001,39.9549459380003],[28.8593894960002,39.9541156310002],[28.8593516240001,39.9531601410001],[28.8596202320002,39.9528702320002],[28.8606590190002,39.9521083070001],[28.8606011120002,39.9506473080003],[28.8622201460001,39.9496559830001],[28.8643692930001,39.9491440660001],[28.8643889620002,39.9486478200002],[28.8617085340001,39.9483625560002],[28.8604253620002,39.9474795840001],[28.8583942720002,39.9489693450002],[28.8581297680001,39.9506297680002],[28.8577745060001,39.9516433640001],[28.8586202320002,39.9540563130002],[28.856924126,39.9543103180002],[28.8557788090002,39.9535707240001],[28.8538971410002,39.951539894],[28.8515000000002,39.9516349110003],[28.8511207500002,39.951619881],[28.8499948810002,39.952394615],[28.8465799560001,39.9522592620001],[28.8451149750002,39.9530344540001],[28.8441297680001,39.9533797680003],[28.8419414900002,39.9540725780002],[28.8413997570001,39.9545745240002],[28.8408797680001,39.9553797680002],[28.8405953060001,39.9556433330001],[28.8399076310002,39.9571004490002],[28.8389253230002,39.9576202320003],[28.8375609970001,39.9572127300002],[28.8368704020003,39.9559076270001],[28.8374600430002,39.9542311580002],[28.8378476720001,39.9536308820001],[28.838620232,39.953266281],[28.8378639370001,39.952655586],[28.8356214980001,39.9514689940002],[28.8323750000001,39.9513403170002],[28.8310000000002,39.9513948210001],[28.829375,39.9513304060002],[28.8272810290002,39.9514134060001],[28.8258797680002,39.9511202320002],[28.8219368100002,39.9507766420002],[28.8173841900002,39.9502318570001],[28.8173615880001,39.9496615680002],[28.8174143750001,39.9494092620002],[28.8180860150001,39.9491821040002],[28.8181573980002,39.9485753420002],[28.817729095,39.9478258120001],[28.8174792520002,39.9475759680002],[28.8174792520002,39.9484682660002],[28.8167297220002,39.9492534880001],[28.816928257,39.9503757780002],[28.8168755070003,39.9506520770001],[28.8162404670002,39.9512404710002],[28.8156816940001,39.9518435440001],[28.8149808180001,39.9525728360002],[28.8149094340002,39.9531082150001],[28.8151592780001,39.954000513],[28.8158374240001,39.9549998870002],[28.8178361710002,39.9561063360001],[28.819368726,39.9565576990002],[28.8195815030002,39.9569465690001],[28.819426306,39.9571474130001],[28.8167879520002,39.9576202320003],[28.8142185440001,39.9569469760002],[28.8146371460003,39.9581412890002],[28.8140585140001,39.9586774220002],[28.8123973200002,39.9594614110001],[28.8118756210001,39.9601038310002],[28.8118042380002,39.9605678250002],[28.8122682320002,39.9615315070002],[28.8135531410002,39.96213827],[28.8138978890001,39.963172511],[28.8138712910001,39.9638435180001],[28.8119113130002,39.9654576180002],[28.8111974750001,39.9666711430002],[28.8107075350001,39.9683730400002],[28.8076292420003,39.9691062850003],[28.8068964000002,39.9702411500002],[28.8070572130001,39.9719178540001],[28.807592592,39.9728458440001],[28.8078067430001,39.973381223],[28.8082338960002,39.9738261740002],[28.8080828080001,39.9746527740001],[28.8078695510001,39.9749074600002],[28.8073327280002,39.9749645910002],[28.8055938440002,39.9746661320001],[28.8048800060001,39.9744876720001],[28.8050941570002,39.9749873590001],[28.8057009200002,39.9757725810002],[28.806878753,39.9759153490002],[28.8077710510001,39.9764864200002],[28.8084135060002,39.9773787170002],[28.8093058030001,39.9778784040002],[28.809855204,39.977840515],[28.8102818570001,39.97822319],[28.8095588150002,39.9785047460002],[28.8088061170002,39.978342399],[28.8074498240002,39.979020545],[28.8067716770002,39.9797343840002],[28.8066289100003,39.9801269950001],[28.8068430610001,39.9809479090002],[28.8069144450002,39.981768823],[28.8067359860002,39.9824469690002],[28.8069501370002,39.9828038880003],[28.8071642890002,39.9832321910002],[28.8072713640001,39.9834106510002],[28.8079607980001,39.9829875900001],[28.8082272160001,39.983071937],[28.8081636620002,39.9840887970001],[28.8083778140002,39.9845171000002],[28.809246887,39.9845027390001],[28.8096627230001,39.985302323],[28.8100910260001,39.9863373880001],[28.8102583620002,39.9866798630002],[28.8103182900002,39.987157685],[28.8097697980002,39.9876936810002],[28.8089131920002,39.9883004430002],[28.8079138190003,39.9891570490001],[28.8074498240002,39.9897281200001],[28.8074725910002,39.9904352280001],[28.8069858290002,39.9913699480002],[28.8069501370002,39.991905327],[28.8070215210001,39.9935471550002],[28.8078424350002,39.9947963720002],[28.8088775000001,39.9954745180002],[28.8103051770002,39.9962954320002],[28.8116257780002,39.9968308110002],[28.8119826970001,39.997152038],[28.8116614700002,39.9976160330001],[28.8111974750001,39.9975446490002],[28.8108048640001,39.9977588010002],[28.8117685460001,39.9982941800002],[28.8126356130001,39.9983869170001],[28.812089773,39.999115094],[28.8117328540001,39.9995433970001],[28.8108405560002,40.0001858510001],[28.8105193290002,40.0004713860002],[28.8105550200001,40.0011495330001],[28.8102337930002,40.0023273660001],[28.810198101,40.0043261130002],[28.8106845120001,40.0057514870002],[28.810703362,40.0062270470003],[28.8103675080002,40.0063855510001],[28.8095556470002,40.0058965580002],[28.8088775000001,40.0056467140002],[28.8087347330001,40.0061820930002],[28.809020268,40.0066103960002],[28.8086276570002,40.007003007],[28.8080922780002,40.0071457750001],[28.8081279700002,40.0073956180001],[28.8091273440002,40.0076811530001],[28.8090559600002,40.0083236080001],[28.8084848890001,40.0087519110002],[28.808020895,40.0092872890002],[28.80737844,40.0094657490002],[28.8069501370002,40.0098226680001],[28.8069144450002,40.0102509710002],[28.8066289100003,40.0107863500001],[28.8070215210001,40.0112860370002],[28.8062719910002,40.0113931120001],[28.8050227740002,40.0113574210003],[28.8027741830002,40.0114644960001],[28.8020246530002,40.011857107],[28.8016320420002,40.0124995620002],[28.8011323550002,40.0124995620002],[28.8003114410002,40.0132490920001],[28.7992049910002,40.0135346270001],[28.797099168,40.0134632440001],[28.7966708660003,40.0144626170001],[28.7962782540002,40.0158546020001],[28.7964210220001,40.0168896670002],[28.7967422490001,40.01749643],[28.7973847040001,40.0183887280002],[28.798491153,40.0186742630001],[28.7987409970001,40.0189597980002],[28.7985982290002,40.0194237930002],[28.7981699260002,40.0202090160003],[28.7968136330002,40.0196736370002],[28.7954573400001,40.0191382580002],[28.7944936590001,40.0186742630001],[28.7929945980001,40.0187456470002],[28.7922807600002,40.0189241070002],[28.791424154,40.0189241070002],[28.7905318560001,40.0186742630001],[28.7895681740001,40.0188170310002],[28.7889614120002,40.0191382580002],[28.788318957,40.0201019400001],[28.787819271,40.0202803990001],[28.7872838920002,40.0200305560001],[28.7862488260001,40.0197093290002],[28.7850709930001,40.0194237930002],[28.7832507050001,40.0192810260002],[28.7823227160001,40.0196379450001],[28.7819301050002,40.0201376320001],[28.7807145700001,40.0199887510001],[28.7805875460002,40.0195202960002],[28.7805086140002,40.0189677710002],[28.7808243420001,40.0177443240001],[28.781416333,40.0173496630003],[28.7819293920001,40.0169550020002],[28.7816925960002,40.016560342],[28.7818109940002,40.0160867490002],[28.7822845860002,40.0155736900002],[28.7825213830002,40.0146265050001],[28.782876577,40.0137582510001],[28.7832317720002,40.0133635910001],[28.7833107040001,40.0124953370001],[28.7835869670002,40.0122980070003],[28.782876577,40.0119428120001],[28.7829555100001,40.0115481520001],[28.7826397810002,40.0108772290001],[28.7822845860002,40.0107588310001],[28.7824819170001,40.0115086860002],[28.7823635190001,40.0118244140002],[28.7815741970002,40.0126532020001],[28.7809427400002,40.0133241250001],[28.7801139530001,40.0132451920002],[28.7805875460002,40.0138371830002],[28.7806664780002,40.0141923780002],[28.7803112830003,40.0147449030002],[28.7792457000001,40.0156920880002],[28.778535311,40.0164419440002],[28.7773365150001,40.017381307],[28.7771934640001,40.0170339340001],[28.7766804060001,40.0161262150001],[28.7760884150002,40.0158894190002],[28.776048949,40.0153368940001],[28.7756148220001,40.0148238350001],[28.7745887040003,40.0145475730002],[28.7742919410001,40.0150007280001],[28.7737060740002,40.016625549],[28.7732073920001,40.0170339340001],[28.7727732650001,40.0169550020002],[28.7726154010002,40.0174285950002],[28.7732073920001,40.0179021880002],[28.7725759350001,40.0185336450002],[28.7721812750001,40.0188888390001],[28.7723786050001,40.0192835000001],[28.772654867,40.0203096180002],[28.7724180710001,40.0210200070002],[28.772654867,40.0218487940001],[28.7733652560001,40.022046124],[28.7737204510001,40.0227959800001],[28.7743519080002,40.0231906400002],[28.774709515,40.023356551],[28.7749886560002,40.0248438620001],[28.773828328,40.0251766840001],[28.774244734,40.0260094960002],[28.7742744770002,40.0269612800001],[28.7751667750002,40.0278833210002],[28.7757616400002,40.0281212670001],[28.7758211270001,40.0289540790001],[28.7758806140002,40.0294894570002],[28.7764159920001,40.0296084300002],[28.7768918840002,40.0303222690002],[28.7775462360002,40.0314822560002],[28.7778734120001,40.0329396760001],[28.7783493040002,40.0340104330001],[28.7789144260002,40.0355273400002],[28.7795340850001,40.0360799760002],[28.7801495060002,40.0375767780002],[28.7799296850001,40.0383151510001],[28.7796323790002,40.0385906210002],[28.7783790480002,40.0391262740002],[28.7784817320002,40.0396101180001],[28.7772190600002,40.0408216400002],[28.7766836820001,40.0408216400002],[28.7765349650001,40.0412975330002],[28.7769941010002,40.0418997680002],[28.7762970190001,40.0421303440001],[28.7762970190001,40.0423682900001],[28.7764696690002,40.0427629180002],[28.7760916400002,40.0431709140002],[28.775360295,40.0454809010003],[28.7739272670001,40.0464062810001]]]},"properties":{"id":"reservoir-gdw-7020","hesIds":["hes177-164"],"basinIds":["3"],"riverSystemIds":["river-system-034"],"damName":"Cinarcik","reservoirName":"Cinarcik","basinId":"3","source":"GDW","sourceId":"7020","sourceUrl":"https://services8.arcgis.com/oTalEaSXAuyNT7xf/ArcGIS/rest/services/GDW_v1_epsilon_gdb/FeatureServer/1","matchMethod":"name+coordinate","matchConfidence":"high","areaKm2":7.252,"validated":true,"validationNotes":"Turkey envelope; facility name, basin/river relation and coordinate distance check"}},{"type":"Feature","id":"reservoir-gdw-4186","geometry":{"type":"Polygon","coordinates":[[[30.8594037543406,40.0636295572914],[30.8616956922747,40.0633957248261],[30.864764539931,40.0639632161456],[30.8687727864586,40.0635139973957],[30.8707994249136,40.0629188368054],[30.8728453233511,40.0610785590276],[30.8726790364587,40.0594471571179],[30.8751947699657,40.0589984809026],[30.8758205837678,40.0577647569443],[30.8775664605038,40.0575048828123],[30.880265028212,40.0547092013887],[30.8814016384553,40.0539019097221],[30.8816720920144,40.0529806857637],[30.8835983615455,40.0508203124999],[30.8847094726565,40.0499869791666],[30.8866593424483,40.0494297960067],[30.8893275282122,40.0495317925345],[30.8900078667538,40.0491422526039],[30.8902650282122,40.0497352430554],[30.8942119683164,40.0536941189234],[30.8971218532989,40.0549348958332],[30.8984426540802,40.0541200086804],[30.9003304036461,40.0523432074652],[30.9019571940108,40.0500130208332],[30.9027650282121,40.0477647569443],[30.9044571940107,40.0458463541665],[30.9048320855039,40.0449820963539],[30.9075862630212,40.0430365668401],[30.9094571940109,40.041401909722],[30.9097290039067,40.0407752821178],[30.9132628038198,40.0387342664929],[30.9150127495663,40.0383463541665],[30.9159828016498,40.0377907986109],[30.9189116753475,40.0388758680555],[30.921653917101,40.0382481553817],[30.9211300998267,40.037243923611],[30.9199316406255,40.0369091796873],[30.918380805122,40.0370670572916],[30.9173611111115,40.0365277777776],[30.9143733723963,40.0369102647568],[30.9119571940108,40.0380685763887],[30.9100596788198,40.038351236979],[30.9096641710074,40.0396994357638],[30.9074148220489,40.0414794921873],[30.9057785373267,40.0413123914929],[30.9048307291671,40.0432107204859],[30.9025067816843,40.044386393229],[30.9018345811636,40.0459364149305],[30.9000347222227,40.046716579861],[30.8996807183164,40.0483132595484],[30.8987307400178,40.0496332465276],[30.8980083550351,40.0515624999998],[30.8968104383684,40.0520122612845],[30.8946964518232,40.0507199435763],[30.8939016384553,40.0494314236109],[30.8905428059899,40.0480685763888],[30.8895179578996,40.0468348524304],[30.8867862955732,40.0459293619789],[30.8851925998267,40.0463970269095],[30.8835866970491,40.0473876953125],[30.8825385199657,40.0486496310762],[30.8811366102435,40.0498139105902],[30.8808460828998,40.0511241319442],[30.8794316948787,40.0513758680553],[30.8783205837677,40.0519314236111],[30.8776803927956,40.0527023654512],[30.8738283962678,40.0547347005206],[30.8733460828996,40.0558463541666],[30.872396104601,40.0561252170137],[30.8710959201393,40.0577680121526],[30.8711648220491,40.0584445529514],[30.8708100043406,40.0592626953123],[30.8681944444448,40.0595296223956],[30.864515245226,40.0594091796873],[30.8631906467016,40.0608121744789],[30.862147352431,40.06021484375],[30.8595193142363,40.06021484375],[30.8589016384552,40.0605685763887],[30.8566704644102,40.0609006076387],[30.8558460828996,40.0615852864581],[30.8560983615454,40.0625130208331],[30.8592179361983,40.0647092013887],[30.8594037543406,40.0636295572914]]]},"properties":{"id":"reservoir-gdw-4186","hesIds":["hes177-174"],"basinIds":["12"],"riverSystemIds":["river-system-001"],"damName":"Yenice","reservoirName":"Yenice","basinId":"12","source":"GDW","sourceId":"4186","sourceUrl":"https://services8.arcgis.com/oTalEaSXAuyNT7xf/ArcGIS/rest/services/GDW_v1_epsilon_gdb/FeatureServer/1","matchMethod":"name+coordinate","matchConfidence":"high","areaKm2":1.957,"validated":true,"validationNotes":"Turkey envelope; facility name, basin/river relation and coordinate distance check"}}]}
