{"type":"FeatureCollection","features":[{"type":"Feature","id":"station177-68","geometry":{"type":"Point","coordinates":[28.565000000000055,39.91417000000007]},"properties":{"OBJECTID":68,"IstNo":12003004,"SuAdi":"ALİOVA Ç.","IstAdi":"DEVECİ KONAĞI","BolgeNo":1,"ILKODU":16,"ILCEKODU":1535,"HAVZA_ID":3,"entityId":"station177-68","entityType":"hesStations177","id":"station177-68","name":"DEVECİ KONAĞI","stationId":12003004,"basinId":"3","status":"no_data","color":"#94a3b8","radius":7,"riverName":"ALİOVA Ç.","hesId":"hes177-060","distanceKm":4.24,"coordinateSource":"TATUS Layer 4"}},{"type":"Feature","id":"station177-72","geometry":{"type":"Point","coordinates":[28.123330000000067,39.22306000000003]},"properties":{"OBJECTID":72,"IstNo":12003025,"SuAdi":"CÜNEYT Ç.","IstAdi":"CÜNEYT KÖPRÜSÜ","BolgeNo":25,"ILKODU":10,"ILCEKODU":1619,"HAVZA_ID":3,"entityId":"station177-72","entityType":"hesStations177","id":"station177-72","name":"CÜNEYT KÖPRÜSÜ","stationId":12003025,"basinId":"3","status":"no_data","color":"#94a3b8","radius":7,"riverName":"CÜNEYT Ç.","hesId":"hes177-049","distanceKm":9.66,"coordinateSource":"TATUS Layer 4"}},{"type":"Feature","id":"station177-75","geometry":{"type":"Point","coordinates":[28.32444000000004,39.25861000000003]},"properties":{"OBJECTID":75,"IstNo":12003034,"SuAdi":"SİMAV Ç.","IstAdi":"OSMANLAR","BolgeNo":25,"ILKODU":10,"ILCEKODU":1619,"HAVZA_ID":3,"entityId":"station177-75","entityType":"hesStations177","id":"station177-75","name":"OSMANLAR","stationId":12003034,"basinId":"3","status":"no_data","color":"#94a3b8","radius":7,"riverName":"SİMAV Ç.","hesId":"hes177-049","distanceKm":9.44,"coordinateSource":"TATUS Layer 4"}},{"type":"Feature","id":"station177-77","geometry":{"type":"Point","coordinates":[29.00139000000007,40.08528000000007]},"properties":{"OBJECTID":77,"IstNo":12003044,"SuAdi":"NİLÜFER Ç.","IstAdi":"SELAHATTİN SAYGI BRJ.GİRİŞ","BolgeNo":1,"ILKODU":16,"ILCEKODU":1832,"HAVZA_ID":3,"entityId":"station177-77","entityType":"hesStations177","id":"station177-77","name":"SELAHATTİN SAYGI BRJ.GİRİŞ","stationId":12003044,"basinId":"3","status":"no_data","color":"#94a3b8","radius":7,"riverName":"NİLÜFER Ç.","hesId":"hes177-164","distanceKm":24.68,"coordinateSource":"TATUS Layer 4"}},{"type":"Feature","id":"station177-84","geometry":{"type":"Point","coordinates":[28.968060000000037,40.121110000000044]},"properties":{"OBJECTID":84,"IstNo":12003075,"SuAdi":"NİLÜFER Ç.","IstAdi":"DOĞANCI BRJ.ÇIKIŞ","BolgeNo":1,"ILKODU":16,"ILCEKODU":1832,"HAVZA_ID":3,"entityId":"station177-84","entityType":"hesStations177","id":"station177-84","name":"DOĞANCI BRJ.ÇIKIŞ","stationId":12003075,"basinId":"3","status":"no_data","color":"#94a3b8","radius":7,"riverName":"NİLÜFER Ç.","hesId":"hes177-164","distanceKm":20.96,"coordinateSource":"TATUS Layer 4"}},{"type":"Feature","id":"station177-87","geometry":{"type":"Point","coordinates":[28.26361000000003,39.39611000000008]},"properties":{"OBJECTID":87,"IstNo":12003086,"SuAdi":"KOCADERE","IstAdi":"ADALİ","BolgeNo":25,"ILKODU":10,"ILCEKODU":1191,"HAVZA_ID":3,"entityId":"station177-87","entityType":"hesStations177","id":"station177-87","name":"ADALİ","stationId":12003086,"basinId":"3","status":"no_data","color":"#94a3b8","radius":7,"riverName":"KOCADERE","hesId":"hes177-049","distanceKm":14.4,"coordinateSource":"TATUS Layer 4"}},{"type":"Feature","id":"station177-91","geometry":{"type":"Point","coordinates":[28.30750000000006,39.409170000000074]},"properties":{"OBJECTID":91,"IstNo":12003096,"SuAdi":"OBEN D.","IstAdi":"OKÇULAR","BolgeNo":25,"ILKODU":10,"ILCEKODU":1191,"HAVZA_ID":3,"entityId":"station177-91","entityType":"hesStations177","id":"station177-91","name":"OKÇULAR","stationId":12003096,"basinId":"3","status":"no_data","color":"#94a3b8","radius":7,"riverName":"OBEN D.","hesId":"hes177-049","distanceKm":17.16,"coordinateSource":"TATUS Layer 4"}},{"type":"Feature","id":"station177-94","geometry":{"type":"Point","coordinates":[28.731390000000033,39.69917000000004]},"properties":{"OBJECTID":94,"IstNo":12003125,"SuAdi":"EMET Ç.","IstAdi":"DÜĞÜNCÜLER","BolgeNo":1,"ILKODU":77,"ILCEKODU":1291,"HAVZA_ID":3,"entityId":"station177-94","entityType":"hesStations177","id":"station177-94","name":"DÜĞÜNCÜLER","stationId":12003125,"basinId":"3","status":"no_data","color":"#94a3b8","radius":7,"riverName":"EMET Ç.","hesId":"hes177-060","distanceKm":23.82,"coordinateSource":"TATUS Layer 4"}},{"type":"Feature","id":"station177-95","geometry":{"type":"Point","coordinates":[28.12000000000006,39.458060000000046]},"properties":{"OBJECTID":95,"IstNo":12003128,"SuAdi":"SİMAV Ç.","IstAdi":"KADIKÖY KÖP.","BolgeNo":25,"ILKODU":10,"ILCEKODU":1191,"HAVZA_ID":3,"entityId":"station177-95","entityType":"hesStations177","id":"station177-95","name":"KADIKÖY KÖP.","stationId":12003128,"basinId":"3","status":"no_data","color":"#94a3b8","radius":7,"riverName":"SİMAV Ç.","hesId":"hes177-049","distanceKm":22.28,"coordinateSource":"TATUS Layer 4"}},{"type":"Feature","id":"station177-102","geometry":{"type":"Point","coordinates":[28.43972000000008,39.925830000000076]},"properties":{"OBJECTID":102,"IstNo":12003144,"SuAdi":"SARP DERE","IstAdi":"AKARCA","BolgeNo":1,"ILKODU":16,"ILCEKODU":1535,"HAVZA_ID":3,"entityId":"station177-102","entityType":"hesStations177","id":"station177-102","name":"AKARCA","stationId":12003144,"basinId":"3","status":"no_data","color":"#94a3b8","radius":7,"riverName":"SARP DERE","hesId":"hes177-060","distanceKm":12.83,"coordinateSource":"TATUS Layer 4"}},{"type":"Feature","id":"station177-104","geometry":{"type":"Point","coordinates":[28.51944000000003,39.91555000000005]},"properties":{"OBJECTID":104,"IstNo":12003147,"SuAdi":"GÜVEM DERE","IstAdi":"KÖSEHOROZ","BolgeNo":1,"ILKODU":16,"ILCEKODU":1535,"HAVZA_ID":3,"entityId":"station177-104","entityType":"hesStations177","id":"station177-104","name":"KÖSEHOROZ","stationId":12003147,"basinId":"3","status":"no_data","color":"#94a3b8","radius":7,"riverName":"GÜVEM DERE","hesId":"hes177-060","distanceKm":6.45,"coordinateSource":"TATUS Layer 4"}},{"type":"Feature","id":"station177-105","geometry":{"type":"Point","coordinates":[28.478890000000035,40.10056000000003]},"properties":{"OBJECTID":105,"IstNo":12003148,"SuAdi":"MUSTAFA KEMAL PAŞA Ç.","IstAdi":"DOĞANCI","BolgeNo":1,"ILKODU":16,"ILCEKODU":1535,"HAVZA_ID":3,"entityId":"station177-105","entityType":"hesStations177","id":"station177-105","name":"DOĞANCI","stationId":12003148,"basinId":"3","status":"no_data","color":"#94a3b8","radius":7,"riverName":"MUSTAFA KEMAL PAŞA Ç.","hesId":"hes177-164","distanceKm":21.72,"coordinateSource":"TATUS Layer 4"}},{"type":"Feature","id":"station177-120","geometry":{"type":"Point","coordinates":[26.723330000000033,39.91139000000004]},"properties":{"OBJECTID":120,"IstNo":12004066,"SuAdi":"TUZLA Ç.","IstAdi":"AYVACIK BRJ. ÇIKIŞI","BolgeNo":25,"ILKODU":17,"ILCEKODU":1180,"HAVZA_ID":4,"entityId":"station177-120","entityType":"hesStations177","id":"station177-120","name":"AYVACIK BRJ. ÇIKIŞI","stationId":12004066,"basinId":"4","status":"no_data","color":"#94a3b8","radius":7,"riverName":"TUZLA Ç.","hesId":"hes177-096","distanceKm":10.93,"coordinateSource":"TATUS Layer 4"}},{"type":"Feature","id":"station177-127","geometry":{"type":"Point","coordinates":[28.19667000000004,38.77139000000005]},"properties":{"OBJECTID":127,"IstNo":12005028,"SuAdi":"GÖRDES Ç.","IstAdi":"HACIHIDIR","BolgeNo":2,"ILKODU":45,"ILCEKODU":1362,"HAVZA_ID":5,"entityId":"station177-127","entityType":"hesStations177","id":"station177-127","name":"HACIHIDIR","stationId":12005028,"basinId":"5","status":"no_data","color":"#94a3b8","radius":7,"riverName":"GÖRDES Ç.","hesId":"hes177-057","distanceKm":20.44,"coordinateSource":"TATUS Layer 4"}},{"type":"Feature","id":"station177-128","geometry":{"type":"Point","coordinates":[28.189170000000047,38.51028000000008]},"properties":{"OBJECTID":128,"IstNo":12005031,"SuAdi":"ALAŞEHİR Ç.","IstAdi":"TAYTAN KÖPRÜSÜ","BolgeNo":2,"ILKODU":45,"ILCEKODU":1590,"HAVZA_ID":5,"entityId":"station177-128","entityType":"hesStations177","id":"station177-128","name":"TAYTAN KÖPRÜSÜ","stationId":12005031,"basinId":"5","status":"no_data","color":"#94a3b8","radius":7,"riverName":"ALAŞEHİR Ç.","hesId":"hes177-057","distanceKm":13.59,"coordinateSource":"TATUS Layer 4"}},{"type":"Feature","id":"station177-132","geometry":{"type":"Point","coordinates":[28.244440000000054,38.428890000000024]},"properties":{"OBJECTID":132,"IstNo":12005048,"SuAdi":"DEĞİRMENDERE","IstAdi":"DOĞANLAR","BolgeNo":2,"ILKODU":45,"ILCEKODU":1590,"HAVZA_ID":5,"entityId":"station177-132","entityType":"hesStations177","id":"station177-132","name":"DOĞANLAR","stationId":12005048,"basinId":"5","status":"no_data","color":"#94a3b8","radius":7,"riverName":"DEĞİRMENDERE","hesId":"hes177-057","distanceKm":19.78,"coordinateSource":"TATUS Layer 4"}},{"type":"Feature","id":"station177-157","geometry":{"type":"Point","coordinates":[28.10972000000004,37.29055000000005]},"properties":{"OBJECTID":157,"IstNo":12007079,"SuAdi":"GİRME D.","IstAdi":"GİRME","BolgeNo":21,"ILKODU":48,"ILCEKODU":1719,"HAVZA_ID":7,"entityId":"station177-157","entityType":"hesStations177","id":"station177-157","name":"GİRME","stationId":12007079,"basinId":"7","status":"no_data","color":"#94a3b8","radius":7,"riverName":"GİRME D.","hesId":"hes177-054","distanceKm":22.78,"coordinateSource":"TATUS Layer 4"}},{"type":"Feature","id":"station177-164","geometry":{"type":"Point","coordinates":[28.379170000000045,37.62194000000005]},"properties":{"OBJECTID":164,"IstNo":12007114,"SuAdi":"DELİÇAY","IstAdi":"KAZANDERE","BolgeNo":21,"ILKODU":9,"ILCEKODU":1206,"HAVZA_ID":7,"entityId":"station177-164","entityType":"hesStations177","id":"station177-164","name":"KAZANDERE","stationId":12007114,"basinId":"7","status":"no_data","color":"#94a3b8","radius":7,"riverName":"DELİÇAY","hesId":"hes177-106","distanceKm":13.99,"coordinateSource":"TATUS Layer 4"}},{"type":"Feature","id":"station177-170","geometry":{"type":"Point","coordinates":[28.06472000000008,37.543330000000026]},"properties":{"OBJECTID":170,"IstNo":12007131,"SuAdi":"ÇİNE ÇAYI","IstAdi":"ESKİ ÇİNE KÖPRÜSÜ","BolgeNo":21,"ILKODU":9,"ILCEKODU":1256,"HAVZA_ID":7,"entityId":"station177-170","entityType":"hesStations177","id":"station177-170","name":"ESKİ ÇİNE KÖPRÜSÜ","stationId":12007131,"basinId":"7","status":"no_data","color":"#94a3b8","radius":7,"riverName":"ÇİNE ÇAYI","hesId":"hes177-054","distanceKm":7.89,"coordinateSource":"TATUS Layer 4"}},{"type":"Feature","id":"station177-194","geometry":{"type":"Point","coordinates":[30.942220000000077,37.13167000000004]},"properties":{"OBJECTID":194,"IstNo":12009034,"SuAdi":"KÜÇÜKAKSU","IstAdi":"GEBİZ","BolgeNo":13,"ILKODU":7,"ILCEKODU":1616,"HAVZA_ID":9,"entityId":"station177-194","entityType":"hesStations177","id":"station177-194","name":"GEBİZ","stationId":12009034,"basinId":"9","status":"no_data","color":"#94a3b8","radius":7,"riverName":"KÜÇÜKAKSU","hesId":"hes177-092","distanceKm":19.6,"coordinateSource":"TATUS Layer 4"}},{"type":"Feature","id":"station177-201","geometry":{"type":"Point","coordinates":[31.622780000000034,36.74389000000008]},"properties":{"OBJECTID":201,"IstNo":12009067,"SuAdi":"KARPUZ Ç.","IstAdi":"UZUNLAR","BolgeNo":13,"ILKODU":7,"ILCEKODU":1512,"HAVZA_ID":9,"entityId":"station177-201","entityType":"hesStations177","id":"station177-201","name":"UZUNLAR","stationId":12009067,"basinId":"9","status":"no_data","color":"#94a3b8","radius":7,"riverName":"KARPUZ Ç.","hesId":"hes177-124","distanceKm":13.89,"coordinateSource":"TATUS Layer 4"}},{"type":"Feature","id":"station177-206","geometry":{"type":"Point","coordinates":[30.984170000000063,37.46861000000007]},"properties":{"OBJECTID":206,"IstNo":12009088,"SuAdi":"DEĞİRMENDERE D.","IstAdi":"SÜTÇÜLER","BolgeNo":18,"ILKODU":32,"ILCEKODU":1648,"HAVZA_ID":9,"entityId":"station177-206","entityType":"hesStations177","id":"station177-206","name":"SÜTÇÜLER","stationId":12009088,"basinId":"9","status":"no_data","color":"#94a3b8","radius":7,"riverName":"DEĞİRMENDERE D.","hesId":"hes177-091","distanceKm":17.69,"coordinateSource":"TATUS Layer 4"}},{"type":"Feature","id":"station177-207","geometry":{"type":"Point","coordinates":[30.912220000000048,37.462780000000066]},"properties":{"OBJECTID":207,"IstNo":12009089,"SuAdi":"DEĞİRMENDERE","IstAdi":"SELİMLER","BolgeNo":18,"ILKODU":32,"ILCEKODU":1648,"HAVZA_ID":9,"entityId":"station177-207","entityType":"hesStations177","id":"station177-207","name":"SELİMLER","stationId":12009089,"basinId":"9","status":"no_data","color":"#94a3b8","radius":7,"riverName":"DEĞİRMENDERE","hesId":"hes177-091","distanceKm":12.89,"coordinateSource":"TATUS Layer 4"}},{"type":"Feature","id":"station177-210","geometry":{"type":"Point","coordinates":[30.805000000000064,37.270830000000046]},"properties":{"OBJECTID":210,"IstNo":12009098,"SuAdi":"AKSU Ç.","IstAdi":"KARGI REGÜLATÖRÜ","BolgeNo":13,"ILKODU":7,"ILCEKODU":1211,"HAVZA_ID":9,"entityId":"station177-210","entityType":"hesStations177","id":"station177-210","name":"KARGI REGÜLATÖRÜ","stationId":12009098,"basinId":"9","status":"no_data","color":"#94a3b8","radius":7,"riverName":"AKSU Ç.","hesId":"hes177-092","distanceKm":1.1,"coordinateSource":"TATUS Layer 4"}},{"type":"Feature","id":"station177-214","geometry":{"type":"Point","coordinates":[30.734170000000063,37.202780000000075]},"properties":{"OBJECTID":214,"IstNo":12009104,"SuAdi":"BEYBASAN D.","IstAdi":"AHIRTAŞ","BolgeNo":13,"ILKODU":7,"ILCEKODU":2036,"HAVZA_ID":9,"entityId":"station177-214","entityType":"hesStations177","id":"station177-214","name":"AHIRTAŞ","stationId":12009104,"basinId":"9","status":"no_data","color":"#94a3b8","radius":7,"riverName":"BEYBASAN D.","hesId":"hes177-092","distanceKm":8.74,"coordinateSource":"TATUS Layer 4"}},{"type":"Feature","id":"station177-216","geometry":{"type":"Point","coordinates":[31.28472000000005,36.991660000000024]},"properties":{"OBJECTID":216,"IstNo":12009122,"SuAdi":"SAĞARİN D.","IstAdi":"ÇARDAK","BolgeNo":13,"ILKODU":7,"ILCEKODU":1512,"HAVZA_ID":9,"entityId":"station177-216","entityType":"hesStations177","id":"station177-216","name":"ÇARDAK","stationId":12009122,"basinId":"9","status":"no_data","color":"#94a3b8","radius":7,"riverName":"SAĞARİN D.","hesId":"hes177-133","distanceKm":23.7,"coordinateSource":"TATUS Layer 4"}},{"type":"Feature","id":"station177-218","geometry":{"type":"Point","coordinates":[31.644720000000063,36.77750000000003]},"properties":{"OBJECTID":218,"IstNo":12009135,"SuAdi":"ÇİNGEN DERESİ","IstAdi":"MANAVGAT","BolgeNo":13,"ILKODU":7,"ILCEKODU":1512,"HAVZA_ID":9,"entityId":"station177-218","entityType":"hesStations177","id":"station177-218","name":"MANAVGAT","stationId":12009135,"basinId":"9","status":"no_data","color":"#94a3b8","radius":7,"riverName":"ÇİNGEN DERESİ","hesId":"hes177-124","distanceKm":13.12,"coordinateSource":"TATUS Layer 4"}},{"type":"Feature","id":"station177-221","geometry":{"type":"Point","coordinates":[30.788610000000062,37.553890000000024]},"properties":{"OBJECTID":221,"IstNo":12009139,"SuAdi":"KOVADA Ç.","IstAdi":"KOVADA VE GÖKBÜVET ÇKŞ","BolgeNo":18,"ILKODU":32,"ILCEKODU":1297,"HAVZA_ID":9,"entityId":"station177-221","entityType":"hesStations177","id":"station177-221","name":"KOVADA VE GÖKBÜVET ÇKŞ","stationId":12009139,"basinId":"9","status":"no_data","color":"#94a3b8","radius":7,"riverName":"KOVADA Ç.","hesId":"hes177-091","distanceKm":21.1,"coordinateSource":"TATUS Layer 4"}},{"type":"Feature","id":"station177-254","geometry":{"type":"Point","coordinates":[31.342220000000054,40.239720000000034]},"properties":{"OBJECTID":254,"IstNo":12012188,"SuAdi":"NAL DERESİ","IstAdi":"YAKAPINAR","BolgeNo":5,"ILKODU":6,"ILCEKODU":1539,"HAVZA_ID":12,"entityId":"station177-254","entityType":"hesStations177","id":"station177-254","name":"YAKAPINAR","stationId":12012188,"basinId":"12","status":"no_data","color":"#94a3b8","radius":7,"riverName":"NAL DERESİ","hesId":"hes177-140","distanceKm":21.72,"coordinateSource":"TATUS Layer 4"}},{"type":"Feature","id":"station177-285","geometry":{"type":"Point","coordinates":[31.050280000000043,40.90333000000004]},"properties":{"OBJECTID":285,"IstNo":12013010,"SuAdi":"ÇİLİMLİ DERESİ","IstAdi":"ÇİLİMLİ","BolgeNo":5,"ILKODU":81,"ILCEKODU":1905,"HAVZA_ID":13,"entityId":"station177-285","entityType":"hesStations177","id":"station177-285","name":"ÇİLİMLİ","stationId":12013010,"basinId":"13","status":"no_data","color":"#94a3b8","radius":7,"riverName":"ÇİLİMLİ DERESİ","hesId":"hes177-082","distanceKm":19.02,"coordinateSource":"TATUS Layer 4"}},{"type":"Feature","id":"station177-286","geometry":{"type":"Point","coordinates":[32.41139000000004,41.560280000000034]},"properties":{"OBJECTID":286,"IstNo":12013014,"SuAdi":"ULUS Ç.","IstAdi":"BAYIRYÜZÜ","BolgeNo":23,"ILKODU":74,"ILCEKODU":1172,"HAVZA_ID":13,"entityId":"station177-286","entityType":"hesStations177","id":"station177-286","name":"BAYIRYÜZÜ","stationId":12013014,"basinId":"13","status":"no_data","color":"#94a3b8","radius":7,"riverName":"ULUS Ç.","hesId":"hes177-112","distanceKm":5.83,"coordinateSource":"TATUS Layer 4"}},{"type":"Feature","id":"station177-289","geometry":{"type":"Point","coordinates":[31.387780000000078,40.93945000000008]},"properties":{"OBJECTID":289,"IstNo":12013033,"SuAdi":"KÜÇÜK MELEN DERESİ","IstAdi":"İĞNELER","BolgeNo":5,"ILKODU":81,"ILCEKODU":1730,"HAVZA_ID":13,"entityId":"station177-289","entityType":"hesStations177","id":"station177-289","name":"İĞNELER","stationId":12013033,"basinId":"13","status":"no_data","color":"#94a3b8","radius":7,"riverName":"KÜÇÜK MELEN DERESİ","hesId":"hes177-082","distanceKm":9.89,"coordinateSource":"TATUS Layer 4"}},{"type":"Feature","id":"station177-291","geometry":{"type":"Point","coordinates":[32.764170000000036,41.21917000000008]},"properties":{"OBJECTID":291,"IstNo":12013037,"SuAdi":"EFLANİ Ç.","IstAdi":"ÇEVRİKKÖPRÜ","BolgeNo":23,"ILKODU":78,"ILCEKODU":1587,"HAVZA_ID":13,"entityId":"station177-291","entityType":"hesStations177","id":"station177-291","name":"ÇEVRİKKÖPRÜ","stationId":12013037,"basinId":"13","status":"no_data","color":"#94a3b8","radius":7,"riverName":"EFLANİ Ç.","hesId":"hes177-066","distanceKm":14.4,"coordinateSource":"TATUS Layer 4"}},{"type":"Feature","id":"station177-292","geometry":{"type":"Point","coordinates":[31.385560000000055,40.91722000000004]},"properties":{"OBJECTID":292,"IstNo":12013038,"SuAdi":"KARA DERE","IstAdi":"KIRIK","BolgeNo":5,"ILKODU":81,"ILCEKODU":1730,"HAVZA_ID":13,"entityId":"station177-292","entityType":"hesStations177","id":"station177-292","name":"KIRIK","stationId":12013038,"basinId":"13","status":"no_data","color":"#94a3b8","radius":7,"riverName":"KARA DERE","hesId":"hes177-082","distanceKm":9.2,"coordinateSource":"TATUS Layer 4"}},{"type":"Feature","id":"station177-293","geometry":{"type":"Point","coordinates":[32.387500000000045,41.46167000000003]},"properties":{"OBJECTID":293,"IstNo":12013039,"SuAdi":"KOCANAZ Ç.","IstAdi":"BOĞAZKÖY","BolgeNo":23,"ILKODU":74,"ILCEKODU":1172,"HAVZA_ID":13,"entityId":"station177-293","entityType":"hesStations177","id":"station177-293","name":"BOĞAZKÖY","stationId":12013039,"basinId":"13","status":"no_data","color":"#94a3b8","radius":7,"riverName":"KOCANAZ Ç.","hesId":"hes177-112","distanceKm":10.69,"coordinateSource":"TATUS Layer 4"}},{"type":"Feature","id":"station177-298","geometry":{"type":"Point","coordinates":[32.58222000000006,41.683890000000076]},"properties":{"OBJECTID":298,"IstNo":12013049,"SuAdi":"ARIT Ç.","IstAdi":"DARIÖREN","BolgeNo":23,"ILKODU":74,"ILCEKODU":1172,"HAVZA_ID":13,"entityId":"station177-298","entityType":"hesStations177","id":"station177-298","name":"DARIÖREN","stationId":12013049,"basinId":"13","status":"no_data","color":"#94a3b8","radius":7,"riverName":"ARIT Ç.","hesId":"hes177-112","distanceKm":19.02,"coordinateSource":"TATUS Layer 4"}},{"type":"Feature","id":"station177-303","geometry":{"type":"Point","coordinates":[32.74111000000005,41.21639000000005]},"properties":{"OBJECTID":303,"IstNo":12013062,"SuAdi":"ARAÇ Ç.","IstAdi":"KARIT","BolgeNo":23,"ILKODU":78,"ILCEKODU":1587,"HAVZA_ID":13,"entityId":"station177-303","entityType":"hesStations177","id":"station177-303","name":"KARIT","stationId":12013062,"basinId":"13","status":"no_data","color":"#94a3b8","radius":7,"riverName":"ARAÇ Ç.","hesId":"hes177-066","distanceKm":15.88,"coordinateSource":"TATUS Layer 4"}},{"type":"Feature","id":"station177-304","geometry":{"type":"Point","coordinates":[32.67861000000005,41.131110000000035]},"properties":{"OBJECTID":304,"IstNo":12013063,"SuAdi":"SOĞANLI Ç.","IstAdi":"CEMALLER","BolgeNo":23,"ILKODU":78,"ILCEKODU":1433,"HAVZA_ID":13,"entityId":"station177-304","entityType":"hesStations177","id":"station177-304","name":"CEMALLER","stationId":12013063,"basinId":"13","status":"no_data","color":"#94a3b8","radius":7,"riverName":"SOĞANLI Ç.","hesId":"hes177-066","distanceKm":19.21,"coordinateSource":"TATUS Layer 4"}},{"type":"Feature","id":"station177-306","geometry":{"type":"Point","coordinates":[31.866670000000056,40.863330000000076]},"properties":{"OBJECTID":306,"IstNo":12013065,"SuAdi":"BÜYÜKSU ÇAYI","IstAdi":"KÜPLÜCE KÖPRÜSÜ","BolgeNo":5,"ILKODU":14,"ILCEKODU":1522,"HAVZA_ID":13,"entityId":"station177-306","entityType":"hesStations177","id":"station177-306","name":"KÜPLÜCE KÖPRÜSÜ","stationId":12013065,"basinId":"13","status":"no_data","color":"#94a3b8","radius":7,"riverName":"BÜYÜKSU ÇAYI","hesId":"hes177-119","distanceKm":14.88,"coordinateSource":"TATUS Layer 4"}},{"type":"Feature","id":"station177-307","geometry":{"type":"Point","coordinates":[31.160550000000057,40.837500000000034]},"properties":{"OBJECTID":307,"IstNo":12013066,"SuAdi":"ASAR SUYU","IstAdi":"DÜZCE(MERKEZ)","BolgeNo":5,"ILKODU":81,"ILCEKODU":1292,"HAVZA_ID":13,"entityId":"station177-307","entityType":"hesStations177","id":"station177-307","name":"DÜZCE(MERKEZ)","stationId":12013066,"basinId":"13","status":"no_data","color":"#94a3b8","radius":7,"riverName":"ASAR SUYU","hesId":"hes177-082","distanceKm":12.68,"coordinateSource":"TATUS Layer 4"}},{"type":"Feature","id":"station177-310","geometry":{"type":"Point","coordinates":[31.246110000000044,40.72583000000003]},"properties":{"OBJECTID":310,"IstNo":12013072,"SuAdi":"UĞUR SUYU","IstAdi":"HAMAMÜSTÜ MAHALLESİ","BolgeNo":5,"ILKODU":81,"ILCEKODU":1292,"HAVZA_ID":13,"entityId":"station177-310","entityType":"hesStations177","id":"station177-310","name":"HAMAMÜSTÜ MAHALLESİ","stationId":12013072,"basinId":"13","status":"no_data","color":"#94a3b8","radius":7,"riverName":"UĞUR SUYU","hesId":"hes177-082","distanceKm":20.69,"coordinateSource":"TATUS Layer 4"}},{"type":"Feature","id":"station177-314","geometry":{"type":"Point","coordinates":[31.925000000000068,41.17972000000003]},"properties":{"OBJECTID":314,"IstNo":12013076,"SuAdi":"KARASU","IstAdi":"BAŞLARKADI","BolgeNo":23,"ILKODU":67,"ILCEKODU":1276,"HAVZA_ID":13,"entityId":"station177-314","entityType":"hesStations177","id":"station177-314","name":"BAŞLARKADI","stationId":12013076,"basinId":"13","status":"no_data","color":"#94a3b8","radius":7,"riverName":"KARASU","hesId":"hes177-119","distanceKm":20.72,"coordinateSource":"TATUS Layer 4"}},{"type":"Feature","id":"station177-315","geometry":{"type":"Point","coordinates":[31.902220000000057,41.16694000000007]},"properties":{"OBJECTID":315,"IstNo":12013077,"SuAdi":"BOLU Ç.","IstAdi":"ÖZPINAR","BolgeNo":23,"ILKODU":67,"ILCEKODU":1276,"HAVZA_ID":13,"entityId":"station177-315","entityType":"hesStations177","id":"station177-315","name":"ÖZPINAR","stationId":12013077,"basinId":"13","status":"no_data","color":"#94a3b8","radius":7,"riverName":"BOLU Ç.","hesId":"hes177-119","distanceKm":19.23,"coordinateSource":"TATUS Layer 4"}},{"type":"Feature","id":"station177-318","geometry":{"type":"Point","coordinates":[32.32722000000007,41.57278000000008]},"properties":{"OBJECTID":318,"IstNo":12013081,"SuAdi":"KOZCAĞIZ Ç. ","IstAdi":"OTOGAR KÖP.","BolgeNo":23,"ILKODU":74,"ILCEKODU":1172,"HAVZA_ID":13,"entityId":"station177-318","entityType":"hesStations177","id":"station177-318","name":"OTOGAR KÖP.","stationId":12013081,"basinId":"13","status":"no_data","color":"#94a3b8","radius":7,"riverName":"KOZCAĞIZ Ç. ","hesId":"hes177-112","distanceKm":12.8,"coordinateSource":"TATUS Layer 4"}},{"type":"Feature","id":"station177-323","geometry":{"type":"Point","coordinates":[32.60111000000006,41.48639000000003]},"properties":{"OBJECTID":323,"IstNo":12013087,"SuAdi":"OVA Ç.","IstAdi":"ULUPINAR","BolgeNo":23,"ILKODU":74,"ILCEKODU":1701,"HAVZA_ID":13,"entityId":"station177-323","entityType":"hesStations177","id":"station177-323","name":"ULUPINAR","stationId":12013087,"basinId":"13","status":"no_data","color":"#94a3b8","radius":7,"riverName":"OVA Ç.","hesId":"hes177-112","distanceKm":11.98,"coordinateSource":"TATUS Layer 4"}},{"type":"Feature","id":"station177-324","geometry":{"type":"Point","coordinates":[32.59639000000004,41.54222000000004]},"properties":{"OBJECTID":324,"IstNo":12013088,"SuAdi":"ULUS Ç.","IstAdi":"EMİRCE  ","BolgeNo":23,"ILKODU":74,"ILCEKODU":1701,"HAVZA_ID":13,"entityId":"station177-324","entityType":"hesStations177","id":"station177-324","name":"EMİRCE  ","stationId":12013088,"basinId":"13","status":"no_data","color":"#94a3b8","radius":7,"riverName":"ULUS Ç.","hesId":"hes177-112","distanceKm":10.39,"coordinateSource":"TATUS Layer 4"}},{"type":"Feature","id":"station177-335","geometry":{"type":"Point","coordinates":[38.76833000000005,39.91028000000006]},"properties":{"OBJECTID":335,"IstNo":12014131,"SuAdi":"ILGAR D.","IstAdi":"REFAHİYE","BolgeNo":8,"ILKODU":24,"ILCEKODU":1583,"HAVZA_ID":14,"entityId":"station177-335","entityType":"hesStations177","id":"station177-335","name":"REFAHİYE","stationId":12014131,"basinId":"14","status":"no_data","color":"#94a3b8","radius":7,"riverName":"ILGAR D.","hesId":"hes177-150","distanceKm":19.45,"coordinateSource":"TATUS Layer 4"}},{"type":"Feature","id":"station177-339","geometry":{"type":"Point","coordinates":[37.039720000000045,40.366660000000024]},"properties":{"OBJECTID":339,"IstNo":12014144,"SuAdi":"BEĞERGEN D.","IstAdi":"AKARÇAY","BolgeNo":7,"ILKODU":60,"ILCEKODU":1129,"HAVZA_ID":14,"entityId":"station177-339","entityType":"hesStations177","id":"station177-339","name":"AKARÇAY","stationId":12014144,"basinId":"14","status":"no_data","color":"#94a3b8","radius":7,"riverName":"BEĞERGEN D.","hesId":"hes177-159","distanceKm":10.35,"coordinateSource":"TATUS Layer 4"}},{"type":"Feature","id":"station177-340","geometry":{"type":"Point","coordinates":[36.66861000000006,40.53583000000003]},"properties":{"OBJECTID":340,"IstNo":12014146,"SuAdi":"ÇİLKORU D.","IstAdi":"MUSULLU","BolgeNo":7,"ILKODU":60,"ILCEKODU":1679,"HAVZA_ID":14,"entityId":"station177-340","entityType":"hesStations177","id":"station177-340","name":"MUSULLU","stationId":12014146,"basinId":"14","status":"no_data","color":"#94a3b8","radius":7,"riverName":"ÇİLKORU D.","hesId":"hes177-156","distanceKm":14.26,"coordinateSource":"TATUS Layer 4"}},{"type":"Feature","id":"station177-342","geometry":{"type":"Point","coordinates":[37.550560000000075,40.25333000000006]},"properties":{"OBJECTID":342,"IstNo":12014162,"SuAdi":"YEŞİLIRMAK","IstAdi":"KOZLU","BolgeNo":19,"ILKODU":58,"ILCEKODU":1913,"HAVZA_ID":14,"entityId":"station177-342","entityType":"hesStations177","id":"station177-342","name":"KOZLU","stationId":12014162,"basinId":"14","status":"no_data","color":"#94a3b8","radius":7,"riverName":"YEŞİLIRMAK","hesId":"hes177-136","distanceKm":12.07,"coordinateSource":"TATUS Layer 4"}},{"type":"Feature","id":"station177-343","geometry":{"type":"Point","coordinates":[38.47278000000006,40.28889000000004]},"properties":{"OBJECTID":343,"IstNo":12014166,"SuAdi":"BALAHOR D.","IstAdi":"KELKİT","BolgeNo":22,"ILKODU":29,"ILCEKODU":1654,"HAVZA_ID":14,"entityId":"station177-343","entityType":"hesStations177","id":"station177-343","name":"KELKİT","stationId":12014166,"basinId":"14","status":"no_data","color":"#94a3b8","radius":7,"riverName":"BALAHOR D.","hesId":"hes177-109","distanceKm":24.76,"coordinateSource":"TATUS Layer 4"}},{"type":"Feature","id":"station177-345","geometry":{"type":"Point","coordinates":[36.67333000000008,40.67778000000004]},"properties":{"OBJECTID":345,"IstNo":12014172,"SuAdi":"KELKİT Ç.","IstAdi":"TEPEKIŞLA","BolgeNo":7,"ILKODU":60,"ILCEKODU":1308,"HAVZA_ID":14,"entityId":"station177-345","entityType":"hesStations177","id":"station177-345","name":"TEPEKIŞLA","stationId":12014172,"basinId":"14","status":"no_data","color":"#94a3b8","radius":7,"riverName":"KELKİT Ç.","hesId":"hes177-156","distanceKm":3.06,"coordinateSource":"TATUS Layer 4"}},{"type":"Feature","id":"station177-346","geometry":{"type":"Point","coordinates":[36.62722000000008,40.348610000000065]},"properties":{"OBJECTID":346,"IstNo":12014173,"SuAdi":"YEŞİLIRMAK N.","IstAdi":"GÜMENEK","BolgeNo":7,"ILKODU":60,"ILCEKODU":1679,"HAVZA_ID":14,"entityId":"station177-346","entityType":"hesStations177","id":"station177-346","name":"GÜMENEK","stationId":12014173,"basinId":"14","status":"no_data","color":"#94a3b8","radius":7,"riverName":"YEŞİLIRMAK N.","hesId":"hes177-024","distanceKm":23.14,"coordinateSource":"TATUS Layer 4"}},{"type":"Feature","id":"station177-350","geometry":{"type":"Point","coordinates":[36.72694000000007,41.204720000000066]},"properties":{"OBJECTID":350,"IstNo":12014179,"SuAdi":"YEŞİLIRMAK N.","IstAdi":"ÇARŞAMBA KÖPRÜSÜ","BolgeNo":7,"ILKODU":55,"ILCEKODU":1234,"HAVZA_ID":14,"entityId":"station177-350","entityType":"hesStations177","id":"station177-350","name":"ÇARŞAMBA KÖPRÜSÜ","stationId":12014179,"basinId":"14","status":"no_data","color":"#94a3b8","radius":7,"riverName":"YEŞİLIRMAK N.","hesId":"hes177-148","distanceKm":15.19,"coordinateSource":"TATUS Layer 4"}},{"type":"Feature","id":"station177-352","geometry":{"type":"Point","coordinates":[38.08222000000006,40.158330000000035]},"properties":{"OBJECTID":352,"IstNo":12014181,"SuAdi":"KÖSEDAĞ S.","IstAdi":"SUŞEHRİ","BolgeNo":19,"ILKODU":58,"ILCEKODU":1646,"HAVZA_ID":14,"entityId":"station177-352","entityType":"hesStations177","id":"station177-352","name":"SUŞEHRİ","stationId":12014181,"basinId":"14","status":"no_data","color":"#94a3b8","radius":7,"riverName":"KÖSEDAĞ S.","hesId":"hes177-046","distanceKm":7.9,"coordinateSource":"TATUS Layer 4"}},{"type":"Feature","id":"station177-354","geometry":{"type":"Point","coordinates":[36.272500000000036,40.68417000000005]},"properties":{"OBJECTID":354,"IstNo":12014184,"SuAdi":"TATLIPINAR D.","IstAdi":"TATLIPINAR REG.","BolgeNo":7,"ILKODU":5,"ILCEKODU":1668,"HAVZA_ID":14,"entityId":"station177-354","entityType":"hesStations177","id":"station177-354","name":"TATLIPINAR REG.","stationId":12014184,"basinId":"14","status":"no_data","color":"#94a3b8","radius":7,"riverName":"TATLIPINAR D.","hesId":"hes177-172","distanceKm":23.24,"coordinateSource":"TATUS Layer 4"}},{"type":"Feature","id":"station177-357","geometry":{"type":"Point","coordinates":[36.13861000000003,40.84167000000008]},"properties":{"OBJECTID":357,"IstNo":12014190,"SuAdi":"MUSULLU D.","IstAdi":"DESTEK","BolgeNo":7,"ILKODU":5,"ILCEKODU":1668,"HAVZA_ID":14,"entityId":"station177-357","entityType":"hesStations177","id":"station177-357","name":"DESTEK","stationId":12014190,"basinId":"14","status":"no_data","color":"#94a3b8","radius":7,"riverName":"MUSULLU D.","hesId":"hes177-172","distanceKm":20.59,"coordinateSource":"TATUS Layer 4"}},{"type":"Feature","id":"station177-359","geometry":{"type":"Point","coordinates":[36.80806000000007,40.62722000000008]},"properties":{"OBJECTID":359,"IstNo":12014192,"SuAdi":"KELKİT N.","IstAdi":"BUZKÖY","BolgeNo":7,"ILKODU":60,"ILCEKODU":1545,"HAVZA_ID":14,"entityId":"station177-359","entityType":"hesStations177","id":"station177-359","name":"BUZKÖY","stationId":12014192,"basinId":"14","status":"no_data","color":"#94a3b8","radius":7,"riverName":"KELKİT N.","hesId":"hes177-156","distanceKm":9.68,"coordinateSource":"TATUS Layer 4"}},{"type":"Feature","id":"station177-364","geometry":{"type":"Point","coordinates":[36.679440000000056,40.37722000000008]},"properties":{"OBJECTID":364,"IstNo":12014200,"SuAdi":"YEŞİLIRMAK N.","IstAdi":"KIZILKÖY","BolgeNo":7,"ILKODU":60,"ILCEKODU":1679,"HAVZA_ID":14,"entityId":"station177-364","entityType":"hesStations177","id":"station177-364","name":"KIZILKÖY","stationId":12014200,"basinId":"14","status":"no_data","color":"#94a3b8","radius":7,"riverName":"YEŞİLIRMAK N.","hesId":"hes177-024","distanceKm":17.91,"coordinateSource":"TATUS Layer 4"}},{"type":"Feature","id":"station177-379","geometry":{"type":"Point","coordinates":[36.33000000000004,40.79861000000005]},"properties":{"OBJECTID":379,"IstNo":12014219,"SuAdi":"DESTEK ÇAYI","IstAdi":"ALPASLAN","BolgeNo":7,"ILKODU":5,"ILCEKODU":1668,"HAVZA_ID":14,"entityId":"station177-379","entityType":"hesStations177","id":"station177-379","name":"ALPASLAN","stationId":12014219,"basinId":"14","status":"no_data","color":"#94a3b8","radius":7,"riverName":"DESTEK ÇAYI","hesId":"hes177-172","distanceKm":9.64,"coordinateSource":"TATUS Layer 4"}},{"type":"Feature","id":"station177-383","geometry":{"type":"Point","coordinates":[36.06750000000005,41.48639000000003]},"properties":{"OBJECTID":383,"IstNo":12015026,"SuAdi":"ENGİZ D.","IstAdi":"BALLICA","BolgeNo":7,"ILKODU":55,"ILCEKODU":1830,"HAVZA_ID":15,"entityId":"station177-383","entityType":"hesStations177","id":"station177-383","name":"BALLICA","stationId":12015026,"basinId":"15","status":"no_data","color":"#94a3b8","radius":7,"riverName":"ENGİZ D.","hesId":"hes177-058","distanceKm":19.02,"coordinateSource":"TATUS Layer 4"}},{"type":"Feature","id":"station177-399","geometry":{"type":"Point","coordinates":[33.17389000000003,39.323330000000055]},"properties":{"OBJECTID":399,"IstNo":12015159,"SuAdi":"SOFULAR SUYU","IstAdi":"SOFULAR","BolgeNo":5,"ILKODU":6,"ILCEKODU":1167,"HAVZA_ID":15,"entityId":"station177-399","entityType":"hesStations177","id":"station177-399","name":"SOFULAR","stationId":12015159,"basinId":"15","status":"no_data","color":"#94a3b8","radius":7,"riverName":"SOFULAR SUYU","hesId":"hes177-107","distanceKm":22.7,"coordinateSource":"TATUS Layer 4"}},{"type":"Feature","id":"station177-404","geometry":{"type":"Point","coordinates":[34.88334000000003,41.366660000000024]},"properties":{"OBJECTID":404,"IstNo":12015202,"SuAdi":"ARIM Ç.","IstAdi":"AŞAĞI ARIM","BolgeNo":7,"ILKODU":57,"ILCEKODU":1981,"HAVZA_ID":15,"entityId":"station177-404","entityType":"hesStations177","id":"station177-404","name":"AŞAĞI ARIM","stationId":12015202,"basinId":"15","status":"no_data","color":"#94a3b8","radius":7,"riverName":"ARIM Ç.","hesId":"hes177-040","distanceKm":10.03,"coordinateSource":"TATUS Layer 4"}},{"type":"Feature","id":"station177-410","geometry":{"type":"Point","coordinates":[36.373050000000035,39.50945000000007]},"properties":{"OBJECTID":410,"IstNo":12015236,"SuAdi":"AKCAKIŞLA D.","IstAdi":"BOZKURT","BolgeNo":19,"ILKODU":58,"ILCEKODU":1650,"HAVZA_ID":15,"entityId":"station177-410","entityType":"hesStations177","id":"station177-410","name":"BOZKURT","stationId":12015236,"basinId":"15","status":"no_data","color":"#94a3b8","radius":7,"riverName":"AKCAKIŞLA D.","hesId":"hes177-051","distanceKm":23.62,"coordinateSource":"TATUS Layer 4"}},{"type":"Feature","id":"station177-412","geometry":{"type":"Point","coordinates":[34.75333000000006,41.46500000000003]},"properties":{"OBJECTID":412,"IstNo":12015243,"SuAdi":"KOLAZ Ç.","IstAdi":"KALEBAĞI","BolgeNo":7,"ILKODU":57,"ILCEKODU":1204,"HAVZA_ID":15,"entityId":"station177-412","entityType":"hesStations177","id":"station177-412","name":"KALEBAĞI","stationId":12015243,"basinId":"15","status":"no_data","color":"#94a3b8","radius":7,"riverName":"KOLAZ Ç.","hesId":"hes177-040","distanceKm":24.87,"coordinateSource":"TATUS Layer 4"}},{"type":"Feature","id":"station177-427","geometry":{"type":"Point","coordinates":[35.65083000000004,41.53250000000003]},"properties":{"OBJECTID":427,"IstNo":12015315,"SuAdi":"TAŞKELİK Ç.","IstAdi":"DİKMEN ","BolgeNo":7,"ILKODU":55,"ILCEKODU":1125,"HAVZA_ID":15,"entityId":"station177-427","entityType":"hesStations177","id":"station177-427","name":"DİKMEN ","stationId":12015315,"basinId":"15","status":"no_data","color":"#94a3b8","radius":7,"riverName":"TAŞKELİK Ç.","hesId":"hes177-058","distanceKm":17.77,"coordinateSource":"TATUS Layer 4"}},{"type":"Feature","id":"station177-428","geometry":{"type":"Point","coordinates":[35.838610000000074,41.47028000000006]},"properties":{"OBJECTID":428,"IstNo":12015318,"SuAdi":"KIZILIRMAK N.","IstAdi":"DERBENT ","BolgeNo":7,"ILKODU":55,"ILCEKODU":1164,"HAVZA_ID":15,"entityId":"station177-428","entityType":"hesStations177","id":"station177-428","name":"DERBENT ","stationId":12015318,"basinId":"15","status":"no_data","color":"#94a3b8","radius":7,"riverName":"KIZILIRMAK N.","hesId":"hes177-058","distanceKm":1.04,"coordinateSource":"TATUS Layer 4"}},{"type":"Feature","id":"station177-433","geometry":{"type":"Point","coordinates":[35.050560000000075,41.41250000000008]},"properties":{"OBJECTID":433,"IstNo":12015330,"SuAdi":"GÖKIRMAK","IstAdi":"DURAĞAN","BolgeNo":7,"ILKODU":57,"ILCEKODU":1290,"HAVZA_ID":15,"entityId":"station177-433","entityType":"hesStations177","id":"station177-433","name":"DURAĞAN","stationId":12015330,"basinId":"15","status":"no_data","color":"#94a3b8","radius":7,"riverName":"GÖKIRMAK","hesId":"hes177-040","distanceKm":9.78,"coordinateSource":"TATUS Layer 4"}},{"type":"Feature","id":"station177-438","geometry":{"type":"Point","coordinates":[35.83055000000007,41.47556000000003]},"properties":{"OBJECTID":438,"IstNo":12015335,"SuAdi":"İLYASLI Ç.","IstAdi":"KOZAĞAÇ KÖP.","BolgeNo":7,"ILKODU":55,"ILCEKODU":1164,"HAVZA_ID":15,"entityId":"station177-438","entityType":"hesStations177","id":"station177-438","name":"KOZAĞAÇ KÖP.","stationId":12015335,"basinId":"15","status":"no_data","color":"#94a3b8","radius":7,"riverName":"İLYASLI Ç.","hesId":"hes177-058","distanceKm":1.85,"coordinateSource":"TATUS Layer 4"}},{"type":"Feature","id":"station177-439","geometry":{"type":"Point","coordinates":[35.776670000000024,41.443610000000035]},"properties":{"OBJECTID":439,"IstNo":12015337,"SuAdi":"ZAHNE D.","IstAdi":"TERZİLİ","BolgeNo":7,"ILKODU":55,"ILCEKODU":1164,"HAVZA_ID":15,"entityId":"station177-439","entityType":"hesStations177","id":"station177-439","name":"TERZİLİ","stationId":12015337,"basinId":"15","status":"no_data","color":"#94a3b8","radius":7,"riverName":"ZAHNE D.","hesId":"hes177-058","distanceKm":5.77,"coordinateSource":"TATUS Layer 4"}},{"type":"Feature","id":"station177-449","geometry":{"type":"Point","coordinates":[34.68333000000007,41.30111000000005]},"properties":{"OBJECTID":449,"IstNo":12015353,"SuAdi":"ASARCIK D.","IstAdi":"SARAYDÜZÜ BARAJI GİRİŞ","BolgeNo":7,"ILKODU":57,"ILCEKODU":1981,"HAVZA_ID":15,"entityId":"station177-449","entityType":"hesStations177","id":"station177-449","name":"SARAYDÜZÜ BARAJI GİRİŞ","stationId":12015353,"basinId":"15","status":"no_data","color":"#94a3b8","radius":7,"riverName":"ASARCIK D.","hesId":"hes177-098","distanceKm":21.86,"coordinateSource":"TATUS Layer 4"}},{"type":"Feature","id":"station177-450","geometry":{"type":"Point","coordinates":[34.68333000000007,41.30111000000005]},"properties":{"OBJECTID":450,"IstNo":12015353,"SuAdi":"ASARCIK D.","IstAdi":"SARAYDÜZÜ BARAJI-ASARCIK KAZAKLI","BolgeNo":7,"ILKODU":57,"ILCEKODU":1981,"HAVZA_ID":15,"entityId":"station177-450","entityType":"hesStations177","id":"station177-450","name":"SARAYDÜZÜ BARAJI-ASARCIK KAZAKLI","stationId":12015353,"basinId":"15","status":"no_data","color":"#94a3b8","radius":7,"riverName":"ASARCIK D.","hesId":"hes177-098","distanceKm":21.86,"coordinateSource":"TATUS Layer 4"}},{"type":"Feature","id":"station177-453","geometry":{"type":"Point","coordinates":[35.99667000000005,41.41861000000006]},"properties":{"OBJECTID":453,"IstNo":12015355,"SuAdi":"ENGİZ Ç.","IstAdi":"ONDOKUZ MAYIS BARAJI GİRİŞ","BolgeNo":7,"ILKODU":55,"ILCEKODU":1830,"HAVZA_ID":15,"entityId":"station177-453","entityType":"hesStations177","id":"station177-453","name":"ONDOKUZ MAYIS BARAJI GİRİŞ","stationId":12015355,"basinId":"15","status":"no_data","color":"#94a3b8","radius":7,"riverName":"ENGİZ Ç.","hesId":"hes177-058","distanceKm":13.76,"coordinateSource":"TATUS Layer 4"}},{"type":"Feature","id":"station177-454","geometry":{"type":"Point","coordinates":[35.99667000000005,41.41861000000006]},"properties":{"OBJECTID":454,"IstNo":12015355,"SuAdi":"ENGİZ ÇAYI","IstAdi":"ONDOKUZ MAYIS BARAJI-ORMANCIK","BolgeNo":7,"ILKODU":55,"ILCEKODU":1830,"HAVZA_ID":15,"entityId":"station177-454","entityType":"hesStations177","id":"station177-454","name":"ONDOKUZ MAYIS BARAJI-ORMANCIK","stationId":12015355,"basinId":"15","status":"no_data","color":"#94a3b8","radius":7,"riverName":"ENGİZ ÇAYI","hesId":"hes177-058","distanceKm":13.76,"coordinateSource":"TATUS Layer 4"}},{"type":"Feature","id":"station177-455","geometry":{"type":"Point","coordinates":[36.38500000000005,39.504170000000045]},"properties":{"OBJECTID":455,"IstNo":12015358,"SuAdi":"KIZILIRMAK","IstAdi":"ÇERMİKLER","BolgeNo":19,"ILKODU":58,"ILCEKODU":1650,"HAVZA_ID":15,"entityId":"station177-455","entityType":"hesStations177","id":"station177-455","name":"ÇERMİKLER","stationId":12015358,"basinId":"15","status":"no_data","color":"#94a3b8","radius":7,"riverName":"KIZILIRMAK","hesId":"hes177-051","distanceKm":23.03,"coordinateSource":"TATUS Layer 4"}},{"type":"Feature","id":"station177-486","geometry":{"type":"Point","coordinates":[34.635560000000055,36.987220000000036]},"properties":{"OBJECTID":486,"IstNo":12017006,"SuAdi":"DELİÇAY","IstAdi":"PUĞKARAAĞAÇ","BolgeNo":6,"ILKODU":33,"ILCEKODU":2066,"HAVZA_ID":17,"entityId":"station177-486","entityType":"hesStations177","id":"station177-486","name":"PUĞKARAAĞAÇ","stationId":12017006,"basinId":"17","status":"no_data","color":"#94a3b8","radius":7,"riverName":"DELİÇAY","hesId":"hes177-087","distanceKm":17.64,"coordinateSource":"TATUS Layer 4"}},{"type":"Feature","id":"station177-487","geometry":{"type":"Point","coordinates":[34.76833000000005,37.03056000000004]},"properties":{"OBJECTID":487,"IstNo":12017007,"SuAdi":"PAMUK D.","IstAdi":"KEŞBÜKÜ","BolgeNo":6,"ILKODU":33,"ILCEKODU":1665,"HAVZA_ID":17,"entityId":"station177-487","entityType":"hesStations177","id":"station177-487","name":"KEŞBÜKÜ","stationId":12017007,"basinId":"17","status":"no_data","color":"#94a3b8","radius":7,"riverName":"PAMUK D.","hesId":"hes177-088","distanceKm":6.45,"coordinateSource":"TATUS Layer 4"}},{"type":"Feature","id":"station177-490","geometry":{"type":"Point","coordinates":[33.18750000000006,36.78167000000008]},"properties":{"OBJECTID":490,"IstNo":12017016,"SuAdi":"GÖKSU N.","IstAdi":"KRAVGA KÖPRÜSÜ","BolgeNo":6,"ILKODU":33,"ILCEKODU":1536,"HAVZA_ID":17,"entityId":"station177-490","entityType":"hesStations177","id":"station177-490","name":"KRAVGA KÖPRÜSÜ","stationId":12017016,"basinId":"17","status":"no_data","color":"#94a3b8","radius":7,"riverName":"GÖKSU N.","hesId":"hes177-030","distanceKm":21.72,"coordinateSource":"TATUS Layer 4"}},{"type":"Feature","id":"station177-506","geometry":{"type":"Point","coordinates":[34.961110000000076,36.95139000000006]},"properties":{"OBJECTID":506,"IstNo":12017061,"SuAdi":"KUSUN DERESİ","IstAdi":"YUNUSOĞLU","BolgeNo":6,"ILKODU":33,"ILCEKODU":1665,"HAVZA_ID":17,"entityId":"station177-506","entityType":"hesStations177","id":"station177-506","name":"YUNUSOĞLU","stationId":12017061,"basinId":"17","status":"no_data","color":"#94a3b8","radius":7,"riverName":"KUSUN DERESİ","hesId":"hes177-088","distanceKm":13.93,"coordinateSource":"TATUS Layer 4"}},{"type":"Feature","id":"station177-512","geometry":{"type":"Point","coordinates":[35.58055000000007,37.78917000000007]},"properties":{"OBJECTID":512,"IstNo":12018018,"SuAdi":"İNDERESİ","IstAdi":"HASAN ÇAVUSLAR","BolgeNo":6,"ILKODU":1,"ILCEKODU":1486,"HAVZA_ID":18,"entityId":"station177-512","entityType":"hesStations177","id":"station177-512","name":"HASAN ÇAVUSLAR","stationId":12018018,"basinId":"18","status":"no_data","color":"#94a3b8","radius":7,"riverName":"İNDERESİ","hesId":"hes177-076","distanceKm":12.45,"coordinateSource":"TATUS Layer 4"}},{"type":"Feature","id":"station177-513","geometry":{"type":"Point","coordinates":[35.89139000000006,37.831390000000056]},"properties":{"OBJECTID":513,"IstNo":12018019,"SuAdi":"ASMACA Ç.","IstAdi":"FEKE","BolgeNo":6,"ILKODU":1,"ILCEKODU":1329,"HAVZA_ID":18,"entityId":"station177-513","entityType":"hesStations177","id":"station177-513","name":"FEKE","stationId":12018019,"basinId":"18","status":"no_data","color":"#94a3b8","radius":7,"riverName":"ASMACA Ç.","hesId":"hes177-070","distanceKm":9.89,"coordinateSource":"TATUS Layer 4"}},{"type":"Feature","id":"station177-514","geometry":{"type":"Point","coordinates":[35.39444000000003,37.76972000000006]},"properties":{"OBJECTID":514,"IstNo":12018021,"SuAdi":"KAPUZ D.","IstAdi":"KAPUZ","BolgeNo":12,"ILKODU":38,"ILCEKODU":1715,"HAVZA_ID":18,"entityId":"station177-514","entityType":"hesStations177","id":"station177-514","name":"KAPUZ","stationId":12018021,"basinId":"18","status":"no_data","color":"#94a3b8","radius":7,"riverName":"KAPUZ D.","hesId":"hes177-076","distanceKm":10.01,"coordinateSource":"TATUS Layer 4"}},{"type":"Feature","id":"station177-521","geometry":{"type":"Point","coordinates":[35.220830000000035,37.32000000000005]},"properties":{"OBJECTID":521,"IstNo":12018054,"SuAdi":"EĞLENCE Ç.","IstAdi":"ARMUTLU","BolgeNo":6,"ILKODU":1,"ILCEKODU":1437,"HAVZA_ID":18,"entityId":"station177-521","entityType":"hesStations177","id":"station177-521","name":"ARMUTLU","stationId":12018054,"basinId":"18","status":"no_data","color":"#94a3b8","radius":7,"riverName":"EĞLENCE Ç.","hesId":"hes177-048","distanceKm":14.52,"coordinateSource":"TATUS Layer 4"}},{"type":"Feature","id":"station177-522","geometry":{"type":"Point","coordinates":[36.45694000000003,38.77417000000003]},"properties":{"OBJECTID":522,"IstNo":12018055,"SuAdi":"ZAMANTI I.","IstAdi":"KARABOĞAZ KÖP.","BolgeNo":12,"ILKODU":38,"ILCEKODU":1576,"HAVZA_ID":18,"entityId":"station177-522","entityType":"hesStations177","id":"station177-522","name":"KARABOĞAZ KÖP.","stationId":12018055,"basinId":"18","status":"no_data","color":"#94a3b8","radius":7,"riverName":"ZAMANTI I.","hesId":"hes177-029","distanceKm":18.05,"coordinateSource":"TATUS Layer 4"}},{"type":"Feature","id":"station177-523","geometry":{"type":"Point","coordinates":[35.79694000000006,38.17805000000004]},"properties":{"OBJECTID":523,"IstNo":12018057,"SuAdi":"HOMURLU D.","IstAdi":"KÜNYE KÖPRÜSÜ","BolgeNo":12,"ILKODU":38,"ILCEKODU":1275,"HAVZA_ID":18,"entityId":"station177-523","entityType":"hesStations177","id":"station177-523","name":"KÜNYE KÖPRÜSÜ","stationId":12018057,"basinId":"18","status":"no_data","color":"#94a3b8","radius":7,"riverName":"HOMURLU D.","hesId":"hes177-078","distanceKm":17.51,"coordinateSource":"TATUS Layer 4"}},{"type":"Feature","id":"station177-524","geometry":{"type":"Point","coordinates":[35.79694000000006,38.17805000000004]},"properties":{"OBJECTID":524,"IstNo":12018057,"SuAdi":"HOMURLU DERE","IstAdi":"KÜNYE KÖPRÜSÜ","BolgeNo":12,"ILKODU":38,"ILCEKODU":1275,"HAVZA_ID":18,"entityId":"station177-524","entityType":"hesStations177","id":"station177-524","name":"KÜNYE KÖPRÜSÜ","stationId":12018057,"basinId":"18","status":"no_data","color":"#94a3b8","radius":7,"riverName":"HOMURLU DERE","hesId":"hes177-078","distanceKm":17.51,"coordinateSource":"TATUS Layer 4"}},{"type":"Feature","id":"station177-525","geometry":{"type":"Point","coordinates":[35.84306000000004,38.213610000000074]},"properties":{"OBJECTID":525,"IstNo":12018058,"SuAdi":"ZAMANTI N.","IstAdi":"EŞELİK KÖPRÜSÜ","BolgeNo":12,"ILKODU":38,"ILCEKODU":1275,"HAVZA_ID":18,"entityId":"station177-525","entityType":"hesStations177","id":"station177-525","name":"EŞELİK KÖPRÜSÜ","stationId":12018058,"basinId":"18","status":"no_data","color":"#94a3b8","radius":7,"riverName":"ZAMANTI N.","hesId":"hes177-078","distanceKm":19.73,"coordinateSource":"TATUS Layer 4"}},{"type":"Feature","id":"station177-526","geometry":{"type":"Point","coordinates":[35.84306000000004,38.213610000000074]},"properties":{"OBJECTID":526,"IstNo":12018058,"SuAdi":"ZAMANTI NEHRİ","IstAdi":"EŞELİK KÖPRÜSÜ","BolgeNo":12,"ILKODU":38,"ILCEKODU":1275,"HAVZA_ID":18,"entityId":"station177-526","entityType":"hesStations177","id":"station177-526","name":"EŞELİK KÖPRÜSÜ","stationId":12018058,"basinId":"18","status":"no_data","color":"#94a3b8","radius":7,"riverName":"ZAMANTI NEHRİ","hesId":"hes177-078","distanceKm":19.73,"coordinateSource":"TATUS Layer 4"}},{"type":"Feature","id":"station177-528","geometry":{"type":"Point","coordinates":[36.00389000000007,36.07750000000004]},"properties":{"OBJECTID":528,"IstNo":12019009,"SuAdi":"ASİ N.","IstAdi":"ÇÖĞÜRLÜ","BolgeNo":6,"ILKODU":31,"ILCEKODU":1591,"HAVZA_ID":19,"entityId":"station177-528","entityType":"hesStations177","id":"station177-528","name":"ÇÖĞÜRLÜ","stationId":12019009,"basinId":"19","status":"no_data","color":"#94a3b8","radius":7,"riverName":"ASİ N.","hesId":"hes177-044","distanceKm":12.39,"coordinateSource":"TATUS Layer 4"}},{"type":"Feature","id":"station177-531","geometry":{"type":"Point","coordinates":[35.94028000000003,36.37500000000006]},"properties":{"OBJECTID":531,"IstNo":12019023,"SuAdi":"H.AHMETLİ D.","IstAdi":"H.AHMETLİ","BolgeNo":6,"ILKODU":31,"ILCEKODU":2081,"HAVZA_ID":19,"entityId":"station177-531","entityType":"hesStations177","id":"station177-531","name":"H.AHMETLİ","stationId":12019023,"basinId":"19","status":"no_data","color":"#94a3b8","radius":7,"riverName":"H.AHMETLİ D.","hesId":"hes177-044","distanceKm":21.21,"coordinateSource":"TATUS Layer 4"}},{"type":"Feature","id":"station177-532","geometry":{"type":"Point","coordinates":[36.208060000000046,36.27278000000007]},"properties":{"OBJECTID":532,"IstNo":12019026,"SuAdi":"KÜÇÜK ASİ N.","IstAdi":"HASANLI KÖP.","BolgeNo":6,"ILKODU":31,"ILCEKODU":2080,"HAVZA_ID":19,"entityId":"station177-532","entityType":"hesStations177","id":"station177-532","name":"HASANLI KÖP.","stationId":12019026,"basinId":"19","status":"no_data","color":"#94a3b8","radius":7,"riverName":"KÜÇÜK ASİ N.","hesId":"hes177-044","distanceKm":21.91,"coordinateSource":"TATUS Layer 4"}},{"type":"Feature","id":"station177-535","geometry":{"type":"Point","coordinates":[35.98250000000007,36.21556000000004]},"properties":{"OBJECTID":535,"IstNo":12019036,"SuAdi":"SELDİREN D.","IstAdi":"YENİKÖY","BolgeNo":6,"ILKODU":31,"ILCEKODU":1591,"HAVZA_ID":19,"entityId":"station177-535","entityType":"hesStations177","id":"station177-535","name":"YENİKÖY","stationId":12019036,"basinId":"19","status":"no_data","color":"#94a3b8","radius":7,"riverName":"SELDİREN D.","hesId":"hes177-044","distanceKm":3.09,"coordinateSource":"TATUS Layer 4"}},{"type":"Feature","id":"station177-539","geometry":{"type":"Point","coordinates":[36.33667000000003,37.09945000000005]},"properties":{"OBJECTID":539,"IstNo":12020005,"SuAdi":"YARPUZ Ç.","IstAdi":"ÇONA","BolgeNo":6,"ILKODU":80,"ILCEKODU":1560,"HAVZA_ID":20,"entityId":"station177-539","entityType":"hesStations177","id":"station177-539","name":"ÇONA","stationId":12020005,"basinId":"20","status":"no_data","color":"#94a3b8","radius":7,"riverName":"YARPUZ Ç.","hesId":"hes177-022","distanceKm":20.13,"coordinateSource":"TATUS Layer 4"}},{"type":"Feature","id":"station177-540","geometry":{"type":"Point","coordinates":[36.28028000000006,37.04833000000008]},"properties":{"OBJECTID":540,"IstNo":12020008,"SuAdi":"KARAÇAY","IstAdi":"OSMANİYE","BolgeNo":6,"ILKODU":80,"ILCEKODU":1560,"HAVZA_ID":20,"entityId":"station177-540","entityType":"hesStations177","id":"station177-540","name":"OSMANİYE","stationId":12020008,"basinId":"20","status":"no_data","color":"#94a3b8","radius":7,"riverName":"KARAÇAY","hesId":"hes177-022","distanceKm":24.98,"coordinateSource":"TATUS Layer 4"}},{"type":"Feature","id":"station177-541","geometry":{"type":"Point","coordinates":[36.48472000000004,37.179160000000024]},"properties":{"OBJECTID":541,"IstNo":12020010,"SuAdi":"HUMUS S.","IstAdi":"ARIKLIKAŞ","BolgeNo":6,"ILKODU":80,"ILCEKODU":1165,"HAVZA_ID":20,"entityId":"station177-541","entityType":"hesStations177","id":"station177-541","name":"ARIKLIKAŞ","stationId":12020010,"basinId":"20","status":"no_data","color":"#94a3b8","radius":7,"riverName":"HUMUS S.","hesId":"hes177-022","distanceKm":21.56,"coordinateSource":"TATUS Layer 4"}},{"type":"Feature","id":"station177-542","geometry":{"type":"Point","coordinates":[36.53111000000007,38.09722000000005]},"properties":{"OBJECTID":542,"IstNo":12020016,"SuAdi":"KÖMÜR S.","IstAdi":"ALIŞLIBUCAK","BolgeNo":20,"ILKODU":46,"ILCEKODU":1353,"HAVZA_ID":20,"entityId":"station177-542","entityType":"hesStations177","id":"station177-542","name":"ALIŞLIBUCAK","stationId":12020016,"basinId":"20","status":"no_data","color":"#94a3b8","radius":7,"riverName":"KÖMÜR S.","hesId":"hes177-001","distanceKm":18.27,"coordinateSource":"TATUS Layer 4"}},{"type":"Feature","id":"station177-543","geometry":{"type":"Point","coordinates":[36.08341000000007,37.19520000000006]},"properties":{"OBJECTID":543,"IstNo":12020024,"SuAdi":"CEYHAN N.","IstAdi":"HEMİTE KÖP.","BolgeNo":6,"ILKODU":80,"ILCEKODU":1560,"HAVZA_ID":20,"entityId":"station177-543","entityType":"hesStations177","id":"station177-543","name":"HEMİTE KÖP.","stationId":12020024,"basinId":"20","status":"no_data","color":"#94a3b8","radius":7,"riverName":"CEYHAN N.","hesId":"hes177-022","distanceKm":18.76,"coordinateSource":"TATUS Layer 4"}},{"type":"Feature","id":"station177-546","geometry":{"type":"Point","coordinates":[36.00361000000004,37.558610000000044]},"properties":{"OBJECTID":546,"IstNo":12020043,"SuAdi":"KESİK S.","IstAdi":"TAŞKÖPRÜ","BolgeNo":6,"ILKODU":80,"ILCEKODU":2028,"HAVZA_ID":20,"entityId":"station177-546","entityType":"hesStations177","id":"station177-546","name":"TAŞKÖPRÜ","stationId":12020043,"basinId":"20","status":"no_data","color":"#94a3b8","radius":7,"riverName":"KESİK S.","hesId":"hes177-170","distanceKm":5.93,"coordinateSource":"TATUS Layer 4"}},{"type":"Feature","id":"station177-547","geometry":{"type":"Point","coordinates":[35.836110000000076,37.555000000000064]},"properties":{"OBJECTID":547,"IstNo":12020044,"SuAdi":"DALACAK D.","IstAdi":"DAĞLICAK","BolgeNo":6,"ILKODU":1,"ILCEKODU":1486,"HAVZA_ID":20,"entityId":"station177-547","entityType":"hesStations177","id":"station177-547","name":"DAĞLICAK","stationId":12020044,"basinId":"20","status":"no_data","color":"#94a3b8","radius":7,"riverName":"DALACAK D.","hesId":"hes177-170","distanceKm":17.22,"coordinateSource":"TATUS Layer 4"}},{"type":"Feature","id":"station177-548","geometry":{"type":"Point","coordinates":[36.25195000000008,37.47333000000003]},"properties":{"OBJECTID":548,"IstNo":12020046,"SuAdi":"KEŞİŞ S.","IstAdi":"SARIDANIŞMANLI","BolgeNo":6,"ILKODU":80,"ILCEKODU":1423,"HAVZA_ID":20,"entityId":"station177-548","entityType":"hesStations177","id":"station177-548","name":"SARIDANIŞMANLI","stationId":12020046,"basinId":"20","status":"no_data","color":"#94a3b8","radius":7,"riverName":"KEŞİŞ S.","hesId":"hes177-099","distanceKm":5.21,"coordinateSource":"TATUS Layer 4"}},{"type":"Feature","id":"station177-549","geometry":{"type":"Point","coordinates":[36.69584000000003,37.75917000000004]},"properties":{"OBJECTID":549,"IstNo":12020053,"SuAdi":"FIRNIZ D.","IstAdi":"KABAKTEPE","BolgeNo":20,"ILKODU":46,"ILCEKODU":2085,"HAVZA_ID":20,"entityId":"station177-549","entityType":"hesStations177","id":"station177-549","name":"KABAKTEPE","stationId":12020053,"basinId":"20","status":"no_data","color":"#94a3b8","radius":7,"riverName":"FIRNIZ D.","hesId":"hes177-127","distanceKm":16.41,"coordinateSource":"TATUS Layer 4"}},{"type":"Feature","id":"station177-550","geometry":{"type":"Point","coordinates":[37.04083000000003,37.728890000000035]},"properties":{"OBJECTID":550,"IstNo":12020056,"SuAdi":"BERTİZ Ç.","IstAdi":"HİMMETLİ","BolgeNo":20,"ILKODU":46,"ILCEKODU":2084,"HAVZA_ID":20,"entityId":"station177-550","entityType":"hesStations177","id":"station177-550","name":"HİMMETLİ","stationId":12020056,"basinId":"20","status":"no_data","color":"#94a3b8","radius":7,"riverName":"BERTİZ Ç.","hesId":"hes177-081","distanceKm":12.71,"coordinateSource":"TATUS Layer 4"}},{"type":"Feature","id":"station177-551","geometry":{"type":"Point","coordinates":[36.28278000000006,37.65805000000006]},"properties":{"OBJECTID":551,"IstNo":12020058,"SuAdi":"TAHTA S.","IstAdi":"CANBAZKÖY","BolgeNo":20,"ILKODU":46,"ILCEKODU":1136,"HAVZA_ID":20,"entityId":"station177-551","entityType":"hesStations177","id":"station177-551","name":"CANBAZKÖY","stationId":12020058,"basinId":"20","status":"no_data","color":"#94a3b8","radius":7,"riverName":"TAHTA S.","hesId":"hes177-015","distanceKm":14.38,"coordinateSource":"TATUS Layer 4"}},{"type":"Feature","id":"station177-552","geometry":{"type":"Point","coordinates":[36.312220000000025,37.58722000000006]},"properties":{"OBJECTID":552,"IstNo":12020059,"SuAdi":"KEŞİŞ D.","IstAdi":"KELEŞLİ","BolgeNo":20,"ILKODU":46,"ILCEKODU":1136,"HAVZA_ID":20,"entityId":"station177-552","entityType":"hesStations177","id":"station177-552","name":"KELEŞLİ","stationId":12020059,"basinId":"20","status":"no_data","color":"#94a3b8","radius":7,"riverName":"KEŞİŞ D.","hesId":"hes177-015","distanceKm":8.7,"coordinateSource":"TATUS Layer 4"}},{"type":"Feature","id":"station177-554","geometry":{"type":"Point","coordinates":[36.803330000000074,37.47750000000008]},"properties":{"OBJECTID":554,"IstNo":12020063,"SuAdi":"ORCAN Ç.","IstAdi":"JANDARMALAR","BolgeNo":20,"ILKODU":46,"ILCEKODU":1694,"HAVZA_ID":20,"entityId":"station177-554","entityType":"hesStations177","id":"station177-554","name":"JANDARMALAR","stationId":12020063,"basinId":"20","status":"no_data","color":"#94a3b8","radius":7,"riverName":"ORCAN Ç.","hesId":"hes177-138","distanceKm":14.69,"coordinateSource":"TATUS Layer 4"}},{"type":"Feature","id":"station177-558","geometry":{"type":"Point","coordinates":[36.375560000000064,37.51778000000007]},"properties":{"OBJECTID":558,"IstNo":12020077,"SuAdi":"ÇATAK DERESİ","IstAdi":"ÇATAK","BolgeNo":20,"ILKODU":46,"ILCEKODU":1136,"HAVZA_ID":20,"entityId":"station177-558","entityType":"hesStations177","id":"station177-558","name":"ÇATAK","stationId":12020077,"basinId":"20","status":"no_data","color":"#94a3b8","radius":7,"riverName":"ÇATAK DERESİ","hesId":"hes177-015","distanceKm":11.99,"coordinateSource":"TATUS Layer 4"}},{"type":"Feature","id":"station177-559","geometry":{"type":"Point","coordinates":[36.635560000000055,38.043330000000026]},"properties":{"OBJECTID":559,"IstNo":12020078,"SuAdi":"SALYAN D.","IstAdi":"SALYAN","BolgeNo":20,"ILKODU":46,"ILCEKODU":1353,"HAVZA_ID":20,"entityId":"station177-559","entityType":"hesStations177","id":"station177-559","name":"SALYAN","stationId":12020078,"basinId":"20","status":"no_data","color":"#94a3b8","radius":7,"riverName":"SALYAN D.","hesId":"hes177-001","distanceKm":11.59,"coordinateSource":"TATUS Layer 4"}},{"type":"Feature","id":"station177-560","geometry":{"type":"Point","coordinates":[36.68417000000005,37.79639000000003]},"properties":{"OBJECTID":560,"IstNo":12020080,"SuAdi":"TANIR D.","IstAdi":"ŞAHİNKAYASI","BolgeNo":20,"ILKODU":46,"ILCEKODU":2085,"HAVZA_ID":20,"entityId":"station177-560","entityType":"hesStations177","id":"station177-560","name":"ŞAHİNKAYASI","stationId":12020080,"basinId":"20","status":"no_data","color":"#94a3b8","radius":7,"riverName":"TANIR D.","hesId":"hes177-127","distanceKm":19.78,"coordinateSource":"TATUS Layer 4"}},{"type":"Feature","id":"station177-565","geometry":{"type":"Point","coordinates":[40.99317000000008,40.112900000000025]},"properties":{"OBJECTID":565,"IstNo":12021052,"SuAdi":"SERÇEME D.","IstAdi":"EĞERTİ","BolgeNo":8,"ILKODU":25,"ILCEKODU":1945,"HAVZA_ID":21,"entityId":"station177-565","entityType":"hesStations177","id":"station177-565","name":"EĞERTİ","stationId":12021052,"basinId":"21","status":"no_data","color":"#94a3b8","radius":7,"riverName":"SERÇEME D.","hesId":"hes177-122","distanceKm":9.94,"coordinateSource":"TATUS Layer 4"}},{"type":"Feature","id":"station177-577","geometry":{"type":"Point","coordinates":[41.79361000000006,39.25667000000004]},"properties":{"OBJECTID":577,"IstNo":12021169,"SuAdi":"AHİRÇİMEN Ç.","IstAdi":"HALİL ÇAVUŞ","BolgeNo":8,"ILKODU":25,"ILCEKODU":1392,"HAVZA_ID":21,"entityId":"station177-577","entityType":"hesStations177","id":"station177-577","name":"HALİL ÇAVUŞ","stationId":12021169,"basinId":"21","status":"no_data","color":"#94a3b8","radius":7,"riverName":"AHİRÇİMEN Ç.","hesId":"hes177-011","distanceKm":22.72,"coordinateSource":"TATUS Layer 4"}},{"type":"Feature","id":"station177-578","geometry":{"type":"Point","coordinates":[39.95861000000008,38.67861000000005]},"properties":{"OBJECTID":578,"IstNo":12021179,"SuAdi":"CARO D.","IstAdi":"HAMZABEY BAHÇELERİ","BolgeNo":9,"ILKODU":23,"ILCEKODU":1566,"HAVZA_ID":21,"entityId":"station177-578","entityType":"hesStations177","id":"station177-578","name":"HAMZABEY BAHÇELERİ","stationId":12021179,"basinId":"21","status":"no_data","color":"#94a3b8","radius":7,"riverName":"CARO D.","hesId":"hes177-036","distanceKm":16.35,"coordinateSource":"TATUS Layer 4"}},{"type":"Feature","id":"station177-590","geometry":{"type":"Point","coordinates":[38.023060000000044,36.86528000000004]},"properties":{"OBJECTID":590,"IstNo":12021227,"SuAdi":"FIRAT N.","IstAdi":"KARKAMIŞ","BolgeNo":20,"ILKODU":27,"ILCEKODU":1956,"HAVZA_ID":21,"entityId":"station177-590","entityType":"hesStations177","id":"station177-590","name":"KARKAMIŞ","stationId":12021227,"basinId":"21","status":"no_data","color":"#94a3b8","radius":7,"riverName":"FIRAT N.","hesId":"hes177-100","distanceKm":0.73,"coordinateSource":"TATUS Layer 4"}},{"type":"Feature","id":"station177-608","geometry":{"type":"Point","coordinates":[38.02722000000006,36.83222000000006]},"properties":{"OBJECTID":608,"IstNo":12021276,"SuAdi":"FIRAT N.","IstAdi":"DDY KÖPRÜSÜ","BolgeNo":20,"ILKODU":27,"ILCEKODU":1194,"HAVZA_ID":21,"entityId":"station177-608","entityType":"hesStations177","id":"station177-608","name":"DDY KÖPRÜSÜ","stationId":12021276,"basinId":"21","status":"no_data","color":"#94a3b8","radius":7,"riverName":"FIRAT N.","hesId":"hes177-100","distanceKm":4.31,"coordinateSource":"TATUS Layer 4"}},{"type":"Feature","id":"station177-611","geometry":{"type":"Point","coordinates":[39.846940000000075,38.836110000000076]},"properties":{"OBJECTID":611,"IstNo":12021287,"SuAdi":"KAMIŞLI D.","IstAdi":"TATAR","BolgeNo":9,"ILKODU":23,"ILCEKODU":1820,"HAVZA_ID":21,"entityId":"station177-611","entityType":"hesStations177","id":"station177-611","name":"TATAR","stationId":12021287,"basinId":"21","status":"no_data","color":"#94a3b8","radius":7,"riverName":"KAMIŞLI D.","hesId":"hes177-155","distanceKm":3.77,"coordinateSource":"TATUS Layer 4"}},{"type":"Feature","id":"station177-613","geometry":{"type":"Point","coordinates":[39.75806000000006,38.71639000000005]},"properties":{"OBJECTID":613,"IstNo":12021290,"SuAdi":"ŞORAK D.","IstAdi":"KUŞCUKÖY","BolgeNo":9,"ILKODU":23,"ILCEKODU":1820,"HAVZA_ID":21,"entityId":"station177-613","entityType":"hesStations177","id":"station177-613","name":"KUŞCUKÖY","stationId":12021290,"basinId":"21","status":"no_data","color":"#94a3b8","radius":7,"riverName":"ŞORAK D.","hesId":"hes177-155","distanceKm":16.74,"coordinateSource":"TATUS Layer 4"}},{"type":"Feature","id":"station177-614","geometry":{"type":"Point","coordinates":[41.01636000000008,40.24314000000004]},"properties":{"OBJECTID":614,"IstNo":12021294,"SuAdi":"KALE D.","IstAdi":"BAKIMEVİ","BolgeNo":8,"ILKODU":25,"ILCEKODU":1945,"HAVZA_ID":21,"entityId":"station177-614","entityType":"hesStations177","id":"station177-614","name":"BAKIMEVİ","stationId":12021294,"basinId":"21","status":"no_data","color":"#94a3b8","radius":7,"riverName":"KALE D.","hesId":"hes177-122","distanceKm":7.72,"coordinateSource":"TATUS Layer 4"}},{"type":"Feature","id":"station177-617","geometry":{"type":"Point","coordinates":[40.06389000000007,38.91972000000004]},"properties":{"OBJECTID":617,"IstNo":12021303,"SuAdi":"SARICAN D.","IstAdi":"SARICAN","BolgeNo":9,"ILKODU":23,"ILCEKODU":1438,"HAVZA_ID":21,"entityId":"station177-617","entityType":"hesStations177","id":"station177-617","name":"SARICAN","stationId":12021303,"basinId":"21","status":"no_data","color":"#94a3b8","radius":7,"riverName":"SARICAN D.","hesId":"hes177-143","distanceKm":18.51,"coordinateSource":"TATUS Layer 4"}},{"type":"Feature","id":"station177-618","geometry":{"type":"Point","coordinates":[38.472500000000025,38.77417000000003]},"properties":{"OBJECTID":618,"IstNo":12021304,"SuAdi":"SÖGÜTLÜ D.","IstAdi":"DEREGEZEN","BolgeNo":9,"ILKODU":44,"ILCEKODU":1148,"HAVZA_ID":21,"entityId":"station177-618","entityType":"hesStations177","id":"station177-618","name":"DEREGEZEN","stationId":12021304,"basinId":"21","status":"no_data","color":"#94a3b8","radius":7,"riverName":"SÖGÜTLÜ D.","hesId":"hes177-105","distanceKm":24.67,"coordinateSource":"TATUS Layer 4"}},{"type":"Feature","id":"station177-623","geometry":{"type":"Point","coordinates":[40.02893000000006,38.60524000000004]},"properties":{"OBJECTID":623,"IstNo":12021329,"SuAdi":"TARHANA D.","IstAdi":"ARICAK","BolgeNo":9,"ILKODU":23,"ILCEKODU":1566,"HAVZA_ID":21,"entityId":"station177-623","entityType":"hesStations177","id":"station177-623","name":"ARICAK","stationId":12021329,"basinId":"21","status":"no_data","color":"#94a3b8","radius":7,"riverName":"TARHANA D.","hesId":"hes177-036","distanceKm":17.57,"coordinateSource":"TATUS Layer 4"}},{"type":"Feature","id":"station177-626","geometry":{"type":"Point","coordinates":[42.029720000000054,39.113060000000075]},"properties":{"OBJECTID":626,"IstNo":12021335,"SuAdi":"MURAT N.","IstAdi":"ALPASLAN_1 BRJ","BolgeNo":17,"ILKODU":49,"ILCEKODU":1213,"HAVZA_ID":21,"entityId":"station177-626","entityType":"hesStations177","id":"station177-626","name":"ALPASLAN_1 BRJ","stationId":12021335,"basinId":"21","status":"no_data","color":"#94a3b8","radius":7,"riverName":"MURAT N.","hesId":"hes177-011","distanceKm":19.7,"coordinateSource":"TATUS Layer 4"}},{"type":"Feature","id":"station177-647","geometry":{"type":"Point","coordinates":[41.42361000000005,39.14278000000007]},"properties":{"OBJECTID":647,"IstNo":12021369,"SuAdi":"KOŞKÖR DERESİ","IstAdi":"AŞAĞIALAGÖZ K. - VARTO","BolgeNo":17,"ILKODU":49,"ILCEKODU":1711,"HAVZA_ID":21,"entityId":"station177-647","entityType":"hesStations177","id":"station177-647","name":"AŞAĞIALAGÖZ K. - VARTO","stationId":12021369,"basinId":"21","status":"no_data","color":"#94a3b8","radius":7,"riverName":"KOŞKÖR DERESİ","hesId":"hes177-012","distanceKm":14.72,"coordinateSource":"TATUS Layer 4"}},{"type":"Feature","id":"station177-648","geometry":{"type":"Point","coordinates":[41.42167000000006,39.13083000000006]},"properties":{"OBJECTID":648,"IstNo":12021370,"SuAdi":"BİNGÖL ÇAYI","IstAdi":"AŞAĞIALAGÖZ K.-VATRO","BolgeNo":17,"ILKODU":49,"ILCEKODU":1711,"HAVZA_ID":21,"entityId":"station177-648","entityType":"hesStations177","id":"station177-648","name":"AŞAĞIALAGÖZ K.-VATRO","stationId":12021370,"basinId":"21","status":"no_data","color":"#94a3b8","radius":7,"riverName":"BİNGÖL ÇAYI","hesId":"hes177-012","distanceKm":13.74,"coordinateSource":"TATUS Layer 4"}},{"type":"Feature","id":"station177-649","geometry":{"type":"Point","coordinates":[38.339170000000024,39.371110000000044]},"properties":{"OBJECTID":649,"IstNo":12021371,"SuAdi":"ÇALTI ÇAYI","IstAdi":"ÇALTI","BolgeNo":19,"ILKODU":58,"ILCEKODU":1282,"HAVZA_ID":21,"entityId":"station177-649","entityType":"hesStations177","id":"station177-649","name":"ÇALTI","stationId":12021371,"basinId":"21","status":"no_data","color":"#94a3b8","radius":7,"riverName":"ÇALTI ÇAYI","hesId":"hes177-028","distanceKm":8.78,"coordinateSource":"TATUS Layer 4"}},{"type":"Feature","id":"station177-654","geometry":{"type":"Point","coordinates":[39.01139000000006,40.88611000000003]},"properties":{"OBJECTID":654,"IstNo":12022058,"SuAdi":"GÖRELE D.","IstAdi":"CÜCEN KÖPRÜSÜ","BolgeNo":22,"ILKODU":28,"ILCEKODU":1894,"HAVZA_ID":22,"entityId":"station177-654","entityType":"hesStations177","id":"station177-654","name":"CÜCEN KÖPRÜSÜ","stationId":12022058,"basinId":"22","status":"no_data","color":"#94a3b8","radius":7,"riverName":"GÖRELE D.","hesId":"hes177-065","distanceKm":12.15,"coordinateSource":"TATUS Layer 4"}},{"type":"Feature","id":"station177-656","geometry":{"type":"Point","coordinates":[40.54292000000004,40.92789000000005]},"properties":{"OBJECTID":656,"IstNo":12022082,"SuAdi":"SALARHA D.","IstAdi":"KÖMÜRCÜLER","BolgeNo":22,"ILKODU":53,"ILCEKODU":1586,"HAVZA_ID":22,"entityId":"station177-656","entityType":"hesStations177","id":"station177-656","name":"KÖMÜRCÜLER","stationId":12022082,"basinId":"22","status":"no_data","color":"#94a3b8","radius":7,"riverName":"SALARHA D.","hesId":"hes177-168","distanceKm":18.96,"coordinateSource":"TATUS Layer 4"}},{"type":"Feature","id":"station177-657","geometry":{"type":"Point","coordinates":[39.46658000000008,40.56308000000007]},"properties":{"OBJECTID":657,"IstNo":12022084,"SuAdi":"KORUM D.","IstAdi":"YAĞLIDERE ","BolgeNo":22,"ILKODU":29,"ILCEKODU":1684,"HAVZA_ID":22,"entityId":"station177-657","entityType":"hesStations177","id":"station177-657","name":"YAĞLIDERE ","stationId":12022084,"basinId":"22","status":"no_data","color":"#94a3b8","radius":7,"riverName":"KORUM D.","hesId":"hes177-162","distanceKm":21.42,"coordinateSource":"TATUS Layer 4"}},{"type":"Feature","id":"station177-660","geometry":{"type":"Point","coordinates":[37.961110000000076,40.83055000000007]},"properties":{"OBJECTID":660,"IstNo":12022093,"SuAdi":"TURNASUYU","IstAdi":"CUMHURİYET KÖYÜ","BolgeNo":7,"ILKODU":52,"ILCEKODU":2103,"HAVZA_ID":22,"entityId":"station177-660","entityType":"hesStations177","id":"station177-660","name":"CUMHURİYET KÖYÜ","stationId":12022093,"basinId":"22","status":"no_data","color":"#94a3b8","radius":7,"riverName":"TURNASUYU","hesId":"hes177-117","distanceKm":12.37,"coordinateSource":"TATUS Layer 4"}},{"type":"Feature","id":"station177-661","geometry":{"type":"Point","coordinates":[36.82195000000007,41.073330000000055]},"properties":{"OBJECTID":661,"IstNo":12022105,"SuAdi":"DEĞİRMEN D.","IstAdi":"SALIPAZARI","BolgeNo":7,"ILKODU":55,"ILCEKODU":1838,"HAVZA_ID":14,"entityId":"station177-661","entityType":"hesStations177","id":"station177-661","name":"SALIPAZARI","stationId":12022105,"basinId":"14","status":"no_data","color":"#94a3b8","radius":7,"riverName":"DEĞİRMEN D.","hesId":"hes177-148","distanceKm":12.66,"coordinateSource":"TATUS Layer 4"}},{"type":"Feature","id":"station177-664","geometry":{"type":"Point","coordinates":[38.72917000000007,40.891940000000034]},"properties":{"OBJECTID":664,"IstNo":12022117,"SuAdi":"YAĞLIDERE","IstAdi":"KAŞDİBİ","BolgeNo":22,"ILKODU":28,"ILCEKODU":1320,"HAVZA_ID":22,"entityId":"station177-664","entityType":"hesStations177","id":"station177-664","name":"KAŞDİBİ","stationId":12022117,"basinId":"22","status":"no_data","color":"#94a3b8","radius":7,"riverName":"YAĞLIDERE","hesId":"hes177-020","distanceKm":10.05,"coordinateSource":"TATUS Layer 4"}},{"type":"Feature","id":"station177-667","geometry":{"type":"Point","coordinates":[40.72611000000006,41.08194000000003]},"properties":{"OBJECTID":667,"IstNo":12022131,"SuAdi":"ŞAİRLER D.","IstAdi":"ÇAYELİ","BolgeNo":22,"ILKODU":53,"ILCEKODU":1241,"HAVZA_ID":22,"entityId":"station177-667","entityType":"hesStations177","id":"station177-667","name":"ÇAYELİ","stationId":12022131,"basinId":"22","status":"no_data","color":"#94a3b8","radius":7,"riverName":"ŞAİRLER D.","hesId":"hes177-168","distanceKm":20.29,"coordinateSource":"TATUS Layer 4"}},{"type":"Feature","id":"station177-668","geometry":{"type":"Point","coordinates":[39.09000000000003,41.02583000000004]},"properties":{"OBJECTID":668,"IstNo":12022135,"SuAdi":"ÇAVUŞLU D.","IstAdi":"GÜLEF","BolgeNo":22,"ILKODU":28,"ILCEKODU":1361,"HAVZA_ID":22,"entityId":"station177-668","entityType":"hesStations177","id":"station177-668","name":"GÜLEF","stationId":12022135,"basinId":"22","status":"no_data","color":"#94a3b8","radius":7,"riverName":"ÇAVUŞLU D.","hesId":"hes177-020","distanceKm":24.14,"coordinateSource":"TATUS Layer 4"}},{"type":"Feature","id":"station177-669","geometry":{"type":"Point","coordinates":[38.96611000000007,41.02222000000006]},"properties":{"OBJECTID":669,"IstNo":12022136,"SuAdi":"ÇÖMLEKCİ D.","IstAdi":"HAYDARLI","BolgeNo":22,"ILKODU":28,"ILCEKODU":1361,"HAVZA_ID":22,"entityId":"station177-669","entityType":"hesStations177","id":"station177-669","name":"HAYDARLI","stationId":12022136,"basinId":"22","status":"no_data","color":"#94a3b8","radius":7,"riverName":"ÇÖMLEKCİ D.","hesId":"hes177-020","distanceKm":15.96,"coordinateSource":"TATUS Layer 4"}},{"type":"Feature","id":"station177-670","geometry":{"type":"Point","coordinates":[36.86417000000006,41.09945000000005]},"properties":{"OBJECTID":670,"IstNo":12022142,"SuAdi":"KONAKKÖY D.","IstAdi":"MESCİTKÖY","BolgeNo":7,"ILKODU":55,"ILCEKODU":1676,"HAVZA_ID":14,"entityId":"station177-670","entityType":"hesStations177","id":"station177-670","name":"MESCİTKÖY","stationId":12022142,"basinId":"14","status":"no_data","color":"#94a3b8","radius":7,"riverName":"KONAKKÖY D.","hesId":"hes177-148","distanceKm":16.43,"coordinateSource":"TATUS Layer 4"}},{"type":"Feature","id":"station177-671","geometry":{"type":"Point","coordinates":[36.85000000000008,41.12028000000004]},"properties":{"OBJECTID":671,"IstNo":12022143,"SuAdi":"TERME Ç.","IstAdi":"ŞEYHLİ","BolgeNo":7,"ILKODU":55,"ILCEKODU":1838,"HAVZA_ID":14,"entityId":"station177-671","entityType":"hesStations177","id":"station177-671","name":"ŞEYHLİ","stationId":12022143,"basinId":"14","status":"no_data","color":"#94a3b8","radius":7,"riverName":"TERME Ç.","hesId":"hes177-148","distanceKm":15.84,"coordinateSource":"TATUS Layer 4"}},{"type":"Feature","id":"station177-672","geometry":{"type":"Point","coordinates":[37.776110000000074,40.62250000000006]},"properties":{"OBJECTID":672,"IstNo":12022144,"SuAdi":"MELET IRMAĞI","IstAdi":"TOPÇAM","BolgeNo":7,"ILKODU":52,"ILCEKODU":1525,"HAVZA_ID":22,"entityId":"station177-672","entityType":"hesStations177","id":"station177-672","name":"TOPÇAM","stationId":12022144,"basinId":"22","status":"no_data","color":"#94a3b8","radius":7,"riverName":"MELET IRMAĞI","hesId":"hes177-160","distanceKm":4.09,"coordinateSource":"TATUS Layer 4"}},{"type":"Feature","id":"station177-681","geometry":{"type":"Point","coordinates":[38.84361000000007,40.91333000000003]},"properties":{"OBJECTID":681,"IstNo":12022155,"SuAdi":"HARŞİT Ç.","IstAdi":"ASLANCIK","BolgeNo":22,"ILKODU":28,"ILCEKODU":1678,"HAVZA_ID":22,"entityId":"station177-681","entityType":"hesStations177","id":"station177-681","name":"ASLANCIK","stationId":12022155,"basinId":"22","status":"no_data","color":"#94a3b8","radius":7,"riverName":"HARŞİT Ç.","hesId":"hes177-020","distanceKm":0.33,"coordinateSource":"TATUS Layer 4"}},{"type":"Feature","id":"station177-683","geometry":{"type":"Point","coordinates":[36.47611000000006,41.026940000000025]},"properties":{"OBJECTID":683,"IstNo":12022157,"SuAdi":"ABDAL I.","IstAdi":"ÇAKMAK BARAJI-GÜLÖREN ","BolgeNo":7,"ILKODU":55,"ILCEKODU":1234,"HAVZA_ID":14,"entityId":"station177-683","entityType":"hesStations177","id":"station177-683","name":"ÇAKMAK BARAJI-GÜLÖREN ","stationId":12022157,"basinId":"14","status":"no_data","color":"#94a3b8","radius":7,"riverName":"ABDAL I.","hesId":"hes177-148","distanceKm":17.18,"coordinateSource":"TATUS Layer 4"}},{"type":"Feature","id":"station177-685","geometry":{"type":"Point","coordinates":[36.55944000000005,41.07528000000008]},"properties":{"OBJECTID":685,"IstNo":12022159,"SuAdi":"EĞRİDERE","IstAdi":"ÇAKMAK BARAJI GİRİŞ","BolgeNo":7,"ILKODU":55,"ILCEKODU":1234,"HAVZA_ID":14,"entityId":"station177-685","entityType":"hesStations177","id":"station177-685","name":"ÇAKMAK BARAJI GİRİŞ","stationId":12022159,"basinId":"14","status":"no_data","color":"#94a3b8","radius":7,"riverName":"EĞRİDERE","hesId":"hes177-148","distanceKm":9.34,"coordinateSource":"TATUS Layer 4"}},{"type":"Feature","id":"station177-695","geometry":{"type":"Point","coordinates":[42.060550000000035,41.131110000000035]},"properties":{"OBJECTID":695,"IstNo":12023047,"SuAdi":"CEHENNEM D.","IstAdi":"ARDANUÇ","BolgeNo":26,"ILKODU":8,"ILCEKODU":1145,"HAVZA_ID":23,"entityId":"station177-695","entityType":"hesStations177","id":"station177-695","name":"ARDANUÇ","stationId":12023047,"basinId":"23","status":"no_data","color":"#94a3b8","radius":7,"riverName":"CEHENNEM D.","hesId":"hes177-059","distanceKm":16.67,"coordinateSource":"TATUS Layer 4"}},{"type":"Feature","id":"station177-697","geometry":{"type":"Point","coordinates":[41.568610000000035,41.38861000000003]},"properties":{"OBJECTID":697,"IstNo":12023051,"SuAdi":"ÇIKALA D.","IstAdi":"ÇİFTE KÖPRÜ","BolgeNo":26,"ILKODU":8,"ILCEKODU":1202,"HAVZA_ID":23,"entityId":"station177-697","entityType":"hesStations177","id":"station177-697","name":"ÇİFTE KÖPRÜ","stationId":12023051,"basinId":"23","status":"no_data","color":"#94a3b8","radius":7,"riverName":"ÇIKALA D.","hesId":"hes177-039","distanceKm":10.42,"coordinateSource":"TATUS Layer 4"}},{"type":"Feature","id":"station177-698","geometry":{"type":"Point","coordinates":[41.50834000000003,40.93472000000003]},"properties":{"OBJECTID":698,"IstNo":12023052,"SuAdi":"PARHAL ÇAYI","IstAdi":"LİVANEDERE","BolgeNo":26,"ILKODU":8,"ILCEKODU":1736,"HAVZA_ID":23,"entityId":"station177-698","entityType":"hesStations177","id":"station177-698","name":"LİVANEDERE","stationId":12023052,"basinId":"23","status":"no_data","color":"#94a3b8","radius":7,"riverName":"PARHAL ÇAYI","hesId":"hes177-177","distanceKm":17.68,"coordinateSource":"TATUS Layer 4"}},{"type":"Feature","id":"station177-699","geometry":{"type":"Point","coordinates":[41.60305000000005,40.730000000000075]},"properties":{"OBJECTID":699,"IstNo":12023053,"SuAdi":"OLTU SUYU","IstAdi":"MORKAYA","BolgeNo":26,"ILKODU":8,"ILCEKODU":1736,"HAVZA_ID":23,"entityId":"station177-699","entityType":"hesStations177","id":"station177-699","name":"MORKAYA","stationId":12023053,"basinId":"23","status":"no_data","color":"#94a3b8","radius":7,"riverName":"OLTU SUYU","hesId":"hes177-177","distanceKm":10.89,"coordinateSource":"TATUS Layer 4"}},{"type":"Feature","id":"station177-706","geometry":{"type":"Point","coordinates":[42.84833000000003,41.19778000000008]},"properties":{"OBJECTID":706,"IstNo":12024018,"SuAdi":"KANTARLI Ç.","IstAdi":"ÇAYAĞZI","BolgeNo":24,"ILKODU":75,"ILCEKODU":1380,"HAVZA_ID":24,"entityId":"station177-706","entityType":"hesStations177","id":"station177-706","name":"ÇAYAĞZI","stationId":12024018,"basinId":"24","status":"no_data","color":"#94a3b8","radius":7,"riverName":"KANTARLI Ç.","hesId":"hes177-114","distanceKm":9.88,"coordinateSource":"TATUS Layer 4"}},{"type":"Feature","id":"station177-720","geometry":{"type":"Point","coordinates":[42.79389000000003,41.238890000000026]},"properties":{"OBJECTID":720,"IstNo":12024063,"SuAdi":"COT S.","IstAdi":"KOYUNPINARI","BolgeNo":24,"ILKODU":75,"ILCEKODU":1380,"HAVZA_ID":24,"entityId":"station177-720","entityType":"hesStations177","id":"station177-720","name":"KOYUNPINARI","stationId":12024063,"basinId":"24","status":"no_data","color":"#94a3b8","radius":7,"riverName":"COT S.","hesId":"hes177-114","distanceKm":16.04,"coordinateSource":"TATUS Layer 4"}},{"type":"Feature","id":"station177-725","geometry":{"type":"Point","coordinates":[43.12695000000008,40.78083000000004]},"properties":{"OBJECTID":725,"IstNo":12024070,"SuAdi":"SUSUZ D.","IstAdi":"SUSUZ","BolgeNo":24,"ILKODU":36,"ILCEKODU":1645,"HAVZA_ID":24,"entityId":"station177-725","entityType":"hesStations177","id":"station177-725","name":"SUSUZ","stationId":12024070,"basinId":"24","status":"no_data","color":"#94a3b8","radius":7,"riverName":"SUSUZ D.","hesId":"hes177-053","distanceKm":21.55,"coordinateSource":"TATUS Layer 4"}},{"type":"Feature","id":"station177-731","geometry":{"type":"Point","coordinates":[42.840280000000064,41.23222000000004]},"properties":{"OBJECTID":731,"IstNo":12024086,"SuAdi":"HANAK Ç.","IstAdi":"HANAK (AVCILAR)","BolgeNo":24,"ILKODU":75,"ILCEKODU":1380,"HAVZA_ID":24,"entityId":"station177-731","entityType":"hesStations177","id":"station177-731","name":"HANAK (AVCILAR)","stationId":12024086,"basinId":"24","status":"no_data","color":"#94a3b8","radius":7,"riverName":"HANAK Ç.","hesId":"hes177-114","distanceKm":12.43,"coordinateSource":"TATUS Layer 4"}},{"type":"Feature","id":"station177-734","geometry":{"type":"Point","coordinates":[43.58889000000005,40.86000000000007]},"properties":{"OBJECTID":734,"IstNo":12024090,"SuAdi":"KARAHAN Ç.","IstAdi":"TAŞDERE","BolgeNo":24,"ILKODU":36,"ILCEKODU":1756,"HAVZA_ID":24,"entityId":"station177-734","entityType":"hesStations177","id":"station177-734","name":"TAŞDERE","stationId":12024090,"basinId":"24","status":"no_data","color":"#94a3b8","radius":7,"riverName":"KARAHAN Ç.","hesId":"hes177-053","distanceKm":22.4,"coordinateSource":"TATUS Layer 4"}},{"type":"Feature","id":"station177-739","geometry":{"type":"Point","coordinates":[43.26805000000007,40.941940000000045]},"properties":{"OBJECTID":739,"IstNo":12024102,"SuAdi":"LAVAŞ GÖLÜ","IstAdi":"BATI DERİVASYONU","BolgeNo":24,"ILKODU":75,"ILCEKODU":1149,"HAVZA_ID":24,"entityId":"station177-739","entityType":"hesStations177","id":"station177-739","name":"BATI DERİVASYONU","stationId":12024102,"basinId":"24","status":"no_data","color":"#94a3b8","radius":7,"riverName":"LAVAŞ GÖLÜ","hesId":"hes177-053","distanceKm":6.79,"coordinateSource":"TATUS Layer 4"}},{"type":"Feature","id":"station177-740","geometry":{"type":"Point","coordinates":[43.331390000000056,41.05972000000003]},"properties":{"OBJECTID":740,"IstNo":12024103,"SuAdi":"ALABALIK DERE","IstAdi":"DOĞRUYOL","BolgeNo":24,"ILKODU":75,"ILCEKODU":1149,"HAVZA_ID":24,"entityId":"station177-740","entityType":"hesStations177","id":"station177-740","name":"DOĞRUYOL","stationId":12024103,"basinId":"24","status":"no_data","color":"#94a3b8","radius":7,"riverName":"ALABALIK DERE","hesId":"hes177-053","distanceKm":17.65,"coordinateSource":"TATUS Layer 4"}},{"type":"Feature","id":"station177-748","geometry":{"type":"Point","coordinates":[43.76015000000007,38.340130000000045]},"properties":{"OBJECTID":748,"IstNo":12025051,"SuAdi":"GUZELSU Ç.","IstAdi":"ZERNEK 2 KÖP.","BolgeNo":17,"ILKODU":65,"ILCEKODU":1372,"HAVZA_ID":25,"entityId":"station177-748","entityType":"hesStations177","id":"station177-748","name":"ZERNEK 2 KÖP.","stationId":12025051,"basinId":"25","status":"no_data","color":"#94a3b8","radius":7,"riverName":"GUZELSU Ç.","hesId":"hes177-085","distanceKm":9.15,"coordinateSource":"TATUS Layer 4"}},{"type":"Feature","id":"station177-749","geometry":{"type":"Point","coordinates":[43.757780000000025,38.34361000000007]},"properties":{"OBJECTID":749,"IstNo":12025052,"SuAdi":"KELAN D.","IstAdi":"ZERNEK 1 KÖPRÜSÜ","BolgeNo":17,"ILKODU":65,"ILCEKODU":1372,"HAVZA_ID":25,"entityId":"station177-749","entityType":"hesStations177","id":"station177-749","name":"ZERNEK 1 KÖPRÜSÜ","stationId":12025052,"basinId":"25","status":"no_data","color":"#94a3b8","radius":7,"riverName":"KELAN D.","hesId":"hes177-085","distanceKm":8.88,"coordinateSource":"TATUS Layer 4"}},{"type":"Feature","id":"station177-750","geometry":{"type":"Point","coordinates":[43.38000000000005,38.30305000000004]},"properties":{"OBJECTID":750,"IstNo":12025053,"SuAdi":"MEJİNGIR KAYNAK ","IstAdi":"YUKARI KAYMAZ K. ","BolgeNo":17,"ILKODU":65,"ILCEKODU":1372,"HAVZA_ID":25,"entityId":"station177-750","entityType":"hesStations177","id":"station177-750","name":"YUKARI KAYMAZ K. ","stationId":12025053,"basinId":"25","status":"no_data","color":"#94a3b8","radius":7,"riverName":"MEJİNGIR KAYNAK ","hesId":"hes177-085","distanceKm":24.86,"coordinateSource":"TATUS Layer 4"}},{"type":"Feature","id":"station177-765","geometry":{"type":"Point","coordinates":[41.83889000000005,37.51583000000005]},"properties":{"OBJECTID":765,"IstNo":12026081,"SuAdi":"DİCLE N.","IstAdi":"ILISU BRJ","BolgeNo":10,"ILKODU":47,"ILCEKODU":1787,"HAVZA_ID":21,"entityId":"station177-765","entityType":"hesStations177","id":"station177-765","name":"ILISU BRJ","stationId":12026081,"basinId":"21","status":"no_data","color":"#94a3b8","radius":7,"riverName":"DİCLE N.","hesId":"hes177-086","distanceKm":2.03,"coordinateSource":"TATUS Layer 4"}},{"type":"Feature","id":"station177-766","geometry":{"type":"Point","coordinates":[41.83889000000005,37.51583000000005]},"properties":{"OBJECTID":766,"IstNo":12026081,"SuAdi":"DİCLE NEHRİ","IstAdi":"ILISU BRJ","BolgeNo":10,"ILKODU":47,"ILCEKODU":1787,"HAVZA_ID":21,"entityId":"station177-766","entityType":"hesStations177","id":"station177-766","name":"ILISU BRJ","stationId":12026081,"basinId":"21","status":"no_data","color":"#94a3b8","radius":7,"riverName":"DİCLE NEHRİ","hesId":"hes177-086","distanceKm":2.03,"coordinateSource":"TATUS Layer 4"}},{"type":"Feature","id":"station177-769","geometry":{"type":"Point","coordinates":[41.026670000000024,38.28833000000003]},"properties":{"OBJECTID":769,"IstNo":12026083,"SuAdi":"KULP  Ç.","IstAdi":"SİLVAN BRJ","BolgeNo":10,"ILKODU":21,"ILCEKODU":1490,"HAVZA_ID":21,"entityId":"station177-769","entityType":"hesStations177","id":"station177-769","name":"SİLVAN BRJ","stationId":12026083,"basinId":"21","status":"no_data","color":"#94a3b8","radius":7,"riverName":"KULP  Ç.","hesId":"hes177-032","distanceKm":21.15,"coordinateSource":"TATUS Layer 4"}},{"type":"Feature","id":"station177-771","geometry":{"type":"Point","coordinates":[41.29583000000008,38.28833000000003]},"properties":{"OBJECTID":771,"IstNo":12026085,"SuAdi":"AYDINLIK  ÇAYI","IstAdi":"SASON","BolgeNo":10,"ILKODU":72,"ILCEKODU":1607,"HAVZA_ID":21,"entityId":"station177-771","entityType":"hesStations177","id":"station177-771","name":"SASON","stationId":12026085,"basinId":"21","status":"no_data","color":"#94a3b8","radius":7,"riverName":"AYDINLIK  ÇAYI","hesId":"hes177-032","distanceKm":16.61,"coordinateSource":"TATUS Layer 4"}},{"type":"Feature","id":"station177-796","geometry":{"type":"Point","coordinates":[35.80472000000003,41.67861000000005]},"properties":{"OBJECTID":796,"IstNo":14015002,"SuAdi":"KARABOĞAZ GÖLÜ","IstAdi":"BAFRA","BolgeNo":7,"ILKODU":55,"ILCEKODU":1164,"HAVZA_ID":15,"entityId":"station177-796","entityType":"hesStations177","id":"station177-796","name":"BAFRA","stationId":14015002,"basinId":"15","status":"no_data","color":"#94a3b8","radius":7,"riverName":"KARABOĞAZ GÖLÜ","hesId":"hes177-058","distanceKm":24.37,"coordinateSource":"TATUS Layer 4"}},{"type":"Feature","id":"station177-798","geometry":{"type":"Point","coordinates":[36.08167000000003,41.55305000000004]},"properties":{"OBJECTID":798,"IstNo":14015020,"SuAdi":"BALIK (UZUN) GÖLÜ","IstAdi":"YÖRÜKLER","BolgeNo":7,"ILKODU":55,"ILCEKODU":1830,"HAVZA_ID":15,"entityId":"station177-798","entityType":"hesStations177","id":"station177-798","name":"YÖRÜKLER","stationId":14015020,"basinId":"15","status":"no_data","color":"#94a3b8","radius":7,"riverName":"BALIK (UZUN) GÖLÜ","hesId":"hes177-058","distanceKm":22.44,"coordinateSource":"TATUS Layer 4"}},{"type":"Feature","id":"station177-811","geometry":{"type":"Point","coordinates":[43.293330000000026,40.988330000000076]},"properties":{"OBJECTID":811,"IstNo":14024059,"SuAdi":"ÇILDIR GÖLÜ","IstAdi":"GÖL GÖZLEM","BolgeNo":24,"ILKODU":75,"ILCEKODU":1149,"HAVZA_ID":24,"entityId":"station177-811","entityType":"hesStations177","id":"station177-811","name":"GÖL GÖZLEM","stationId":14024059,"basinId":"24","status":"no_data","color":"#94a3b8","radius":7,"riverName":"ÇILDIR GÖLÜ","hesId":"hes177-053","distanceKm":10.14,"coordinateSource":"TATUS Layer 4"}},{"type":"Feature","id":"station177-812","geometry":{"type":"Point","coordinates":[43.13667000000004,41.073330000000055]},"properties":{"OBJECTID":812,"IstNo":14024060,"SuAdi":"ÇILDIR GÖLÜ","IstAdi":"GÖLEBAKAN","BolgeNo":24,"ILKODU":75,"ILCEKODU":1252,"HAVZA_ID":24,"entityId":"station177-812","entityType":"hesStations177","id":"station177-812","name":"GÖLEBAKAN","stationId":14024060,"basinId":"24","status":"no_data","color":"#94a3b8","radius":7,"riverName":"ÇILDIR GÖLÜ","hesId":"hes177-017","distanceKm":16.93,"coordinateSource":"TATUS Layer 4"}},{"type":"Feature","id":"station177-813","geometry":{"type":"Point","coordinates":[43.19056000000006,41.22639000000004]},"properties":{"OBJECTID":813,"IstNo":14024061,"SuAdi":"AKTAŞ GÖLÜ","IstAdi":"AKTAŞ","BolgeNo":24,"ILKODU":75,"ILCEKODU":1252,"HAVZA_ID":24,"entityId":"station177-813","entityType":"hesStations177","id":"station177-813","name":"AKTAŞ","stationId":14024061,"basinId":"24","status":"no_data","color":"#94a3b8","radius":7,"riverName":"AKTAŞ GÖLÜ","hesId":"hes177-017","distanceKm":7.29,"coordinateSource":"TATUS Layer 4"}},{"type":"Feature","id":"station177-830","geometry":{"type":"Point","coordinates":[28.516110000000026,39.96139000000005]},"properties":{"OBJECTID":830,"IstNo":32003002,"SuAdi":"MUSTAFA KEMALPAŞA Ç.","IstAdi":"DÖLLÜK","BolgeNo":1,"ILKODU":16,"ILCEKODU":1535,"HAVZA_ID":3,"entityId":"station177-830","entityType":"hesStations177","id":"station177-830","name":"DÖLLÜK","stationId":32003002,"basinId":"3","status":"no_data","color":"#94a3b8","radius":7,"riverName":"MUSTAFA KEMALPAŞA Ç.","hesId":"hes177-060","distanceKm":10.68,"coordinateSource":"TATUS Layer 4"}},{"type":"Feature","id":"station177-837","geometry":{"type":"Point","coordinates":[28.09194000000008,39.32611000000003]},"properties":{"OBJECTID":837,"IstNo":32003035,"SuAdi":"SİMAV Ç.","IstAdi":"ARMUTLU","BolgeNo":25,"ILKODU":10,"ILCEKODU":1619,"HAVZA_ID":3,"entityId":"station177-837","entityType":"hesStations177","id":"station177-837","name":"ARMUTLU","stationId":32003035,"basinId":"3","status":"no_data","color":"#94a3b8","radius":7,"riverName":"SİMAV Ç.","hesId":"hes177-049","distanceKm":12.26,"coordinateSource":"TATUS Layer 4"}},{"type":"Feature","id":"station177-843","geometry":{"type":"Point","coordinates":[28.482780000000048,38.75306000000006]},"properties":{"OBJECTID":843,"IstNo":32005022,"SuAdi":"DEMİRCİ Ç.","IstAdi":"BORLU","BolgeNo":2,"ILKODU":45,"ILCEKODU":1965,"HAVZA_ID":5,"entityId":"station177-843","entityType":"hesStations177","id":"station177-843","name":"BORLU","stationId":32005022,"basinId":"5","status":"no_data","color":"#94a3b8","radius":7,"riverName":"DEMİRCİ Ç.","hesId":"hes177-057","distanceKm":23.57,"coordinateSource":"TATUS Layer 4"}},{"type":"Feature","id":"station177-847","geometry":{"type":"Point","coordinates":[28.560830000000067,37.43056000000007]},"properties":{"OBJECTID":847,"IstNo":32007033,"SuAdi":"SARHOŞ Ç.","IstAdi":"GÖKTEPE","BolgeNo":21,"ILKODU":48,"ILCEKODU":2089,"HAVZA_ID":7,"entityId":"station177-847","entityType":"hesStations177","id":"station177-847","name":"GÖKTEPE","stationId":32007033,"basinId":"7","status":"no_data","color":"#94a3b8","radius":7,"riverName":"SARHOŞ Ç.","hesId":"hes177-106","distanceKm":16.05,"coordinateSource":"TATUS Layer 4"}},{"type":"Feature","id":"station177-851","geometry":{"type":"Point","coordinates":[29.005280000000027,38.07889000000006]},"properties":{"OBJECTID":851,"IstNo":32007043,"SuAdi":"BÜYÜKMENDERES N.","IstAdi":"ERTUĞRUL","BolgeNo":21,"ILKODU":20,"ILCEKODU":1371,"HAVZA_ID":7,"entityId":"station177-851","entityType":"hesStations177","id":"station177-851","name":"ERTUĞRUL","stationId":32007043,"basinId":"7","status":"no_data","color":"#94a3b8","radius":7,"riverName":"BÜYÜKMENDERES N.","hesId":"hes177-045","distanceKm":4.81,"coordinateSource":"TATUS Layer 4"}},{"type":"Feature","id":"station177-855","geometry":{"type":"Point","coordinates":[31.72667000000007,36.69695000000007]},"properties":{"OBJECTID":855,"IstNo":32009017,"SuAdi":"ALARA Ç.","IstAdi":"ALARAHAN","BolgeNo":13,"ILKODU":7,"ILCEKODU":1126,"HAVZA_ID":9,"entityId":"station177-855","entityType":"hesStations177","id":"station177-855","name":"ALARAHAN","stationId":32009017,"basinId":"9","status":"no_data","color":"#94a3b8","radius":7,"riverName":"ALARA Ç.","hesId":"hes177-124","distanceKm":24.24,"coordinateSource":"TATUS Layer 4"}},{"type":"Feature","id":"station177-856","geometry":{"type":"Point","coordinates":[31.451670000000036,36.816670000000045]},"properties":{"OBJECTID":856,"IstNo":32009018,"SuAdi":"MANAVGAT Ç.","IstAdi":"ŞELALE","BolgeNo":13,"ILKODU":7,"ILCEKODU":1512,"HAVZA_ID":9,"entityId":"station177-856","entityType":"hesStations177","id":"station177-856","name":"ŞELALE","stationId":32009018,"basinId":"9","status":"no_data","color":"#94a3b8","radius":7,"riverName":"MANAVGAT Ç.","hesId":"hes177-124","distanceKm":6.08,"coordinateSource":"TATUS Layer 4"}},{"type":"Feature","id":"station177-859","geometry":{"type":"Point","coordinates":[30.793890000000033,37.51000000000005]},"properties":{"OBJECTID":859,"IstNo":32009031,"SuAdi":"AKSU Ç.","IstAdi":"AŞAĞI GÖKDERE","BolgeNo":18,"ILKODU":32,"ILCEKODU":1211,"HAVZA_ID":9,"entityId":"station177-859","entityType":"hesStations177","id":"station177-859","name":"AŞAĞI GÖKDERE","stationId":32009031,"basinId":"9","status":"no_data","color":"#94a3b8","radius":7,"riverName":"AKSU Ç.","hesId":"hes177-091","distanceKm":16.22,"coordinateSource":"TATUS Layer 4"}},{"type":"Feature","id":"station177-874","geometry":{"type":"Point","coordinates":[30.991390000000024,40.06805000000003]},"properties":{"OBJECTID":874,"IstNo":32012063,"SuAdi":"AYVACIK DERESİ","IstAdi":"AYVACIK","BolgeNo":5,"ILKODU":6,"ILCEKODU":1539,"HAVZA_ID":12,"entityId":"station177-874","entityType":"hesStations177","id":"station177-874","name":"AYVACIK","stationId":32012063,"basinId":"12","status":"no_data","color":"#94a3b8","radius":7,"riverName":"AYVACIK DERESİ","hesId":"hes177-073","distanceKm":4.42,"coordinateSource":"TATUS Layer 4"}},{"type":"Feature","id":"station177-878","geometry":{"type":"Point","coordinates":[31.967220000000054,40.89639000000005]},"properties":{"OBJECTID":878,"IstNo":32013019,"SuAdi":"MENGEN ÇAYI","IstAdi":"GÖKÇESU","BolgeNo":5,"ILKODU":14,"ILCEKODU":1522,"HAVZA_ID":13,"entityId":"station177-878","entityType":"hesStations177","id":"station177-878","name":"GÖKÇESU","stationId":32013019,"basinId":"13","status":"no_data","color":"#94a3b8","radius":7,"riverName":"MENGEN ÇAYI","hesId":"hes177-119","distanceKm":12.05,"coordinateSource":"TATUS Layer 4"}},{"type":"Feature","id":"station177-879","geometry":{"type":"Point","coordinates":[32.355560000000025,41.64167000000003]},"properties":{"OBJECTID":879,"IstNo":32013031,"SuAdi":"KOCAIRMAK","IstAdi":"BARTIN","BolgeNo":23,"ILKODU":74,"ILCEKODU":1172,"HAVZA_ID":13,"entityId":"station177-879","entityType":"hesStations177","id":"station177-879","name":"BARTIN","stationId":32013031,"basinId":"13","status":"no_data","color":"#94a3b8","radius":7,"riverName":"KOCAIRMAK","hesId":"hes177-112","distanceKm":15.4,"coordinateSource":"TATUS Layer 4"}},{"type":"Feature","id":"station177-886","geometry":{"type":"Point","coordinates":[31.30528000000004,41.11278000000004]},"properties":{"OBJECTID":886,"IstNo":32013062,"SuAdi":"KOCAMAN DERE","IstAdi":"KOCAMAN","BolgeNo":23,"ILKODU":67,"ILCEKODU":1758,"HAVZA_ID":13,"entityId":"station177-886","entityType":"hesStations177","id":"station177-886","name":"KOCAMAN","stationId":32013062,"basinId":"13","status":"no_data","color":"#94a3b8","radius":7,"riverName":"KOCAMAN DERE","hesId":"hes177-082","distanceKm":22.62,"coordinateSource":"TATUS Layer 4"}},{"type":"Feature","id":"station177-887","geometry":{"type":"Point","coordinates":[36.512500000000045,40.77167000000003]},"properties":{"OBJECTID":887,"IstNo":32014002,"SuAdi":"YEŞİLIRMAK","IstAdi":"KALE","BolgeNo":7,"ILKODU":60,"ILCEKODU":1308,"HAVZA_ID":14,"entityId":"station177-887","entityType":"hesStations177","id":"station177-887","name":"KALE","stationId":32014002,"basinId":"14","status":"no_data","color":"#94a3b8","radius":7,"riverName":"YEŞİLIRMAK","hesId":"hes177-172","distanceKm":16.23,"coordinateSource":"TATUS Layer 4"}},{"type":"Feature","id":"station177-890","geometry":{"type":"Point","coordinates":[37.12861000000004,40.31167000000005]},"properties":{"OBJECTID":890,"IstNo":32014018,"SuAdi":"YEŞİLIRMAK N.","IstAdi":"GÖMELEÖNÜ","BolgeNo":7,"ILKODU":60,"ILCEKODU":1129,"HAVZA_ID":14,"entityId":"station177-890","entityType":"hesStations177","id":"station177-890","name":"GÖMELEÖNÜ","stationId":32014018,"basinId":"14","status":"no_data","color":"#94a3b8","radius":7,"riverName":"YEŞİLIRMAK N.","hesId":"hes177-159","distanceKm":14.32,"coordinateSource":"TATUS Layer 4"}},{"type":"Feature","id":"station177-893","geometry":{"type":"Point","coordinates":[37.97306000000003,40.236950000000036]},"properties":{"OBJECTID":893,"IstNo":32014027,"SuAdi":"KELKİT ÇAYI","IstAdi":"YEMİŞLI KÖPRÜSÜ","BolgeNo":19,"ILKODU":58,"ILCEKODU":1484,"HAVZA_ID":14,"entityId":"station177-893","entityType":"hesStations177","id":"station177-893","name":"YEMİŞLI KÖPRÜSÜ","stationId":32014027,"basinId":"14","status":"no_data","color":"#94a3b8","radius":7,"riverName":"KELKİT ÇAYI","hesId":"hes177-046","distanceKm":8.77,"coordinateSource":"TATUS Layer 4"}},{"type":"Feature","id":"station177-894","geometry":{"type":"Point","coordinates":[38.70799000000005,39.95475000000005]},"properties":{"OBJECTID":894,"IstNo":32014030,"SuAdi":"KÖROĞLU D.","IstAdi":"KÖROĞLU","BolgeNo":8,"ILKODU":24,"ILCEKODU":1583,"HAVZA_ID":14,"entityId":"station177-894","entityType":"hesStations177","id":"station177-894","name":"KÖROĞLU","stationId":32014030,"basinId":"14","status":"no_data","color":"#94a3b8","radius":7,"riverName":"KÖROĞLU D.","hesId":"hes177-150","distanceKm":12.39,"coordinateSource":"TATUS Layer 4"}},{"type":"Feature","id":"station177-903","geometry":{"type":"Point","coordinates":[34.50500000000005,41.07167000000004]},"properties":{"OBJECTID":903,"IstNo":32015048,"SuAdi":"KIZILIRMAK N.","IstAdi":"KARAKÖY","BolgeNo":5,"ILKODU":19,"ILCEKODU":1558,"HAVZA_ID":15,"entityId":"station177-903","entityType":"hesStations177","id":"station177-903","name":"KARAKÖY","stationId":32015048,"basinId":"15","status":"no_data","color":"#94a3b8","radius":7,"riverName":"KIZILIRMAK N.","hesId":"hes177-098","distanceKm":12.82,"coordinateSource":"TATUS Layer 4"}},{"type":"Feature","id":"station177-904","geometry":{"type":"Point","coordinates":[35.83528000000007,41.33083000000005]},"properties":{"OBJECTID":904,"IstNo":32015049,"SuAdi":"ÇAĞŞUR Ç.","IstAdi":"ESENÇAY","BolgeNo":7,"ILKODU":55,"ILCEKODU":1164,"HAVZA_ID":15,"entityId":"station177-904","entityType":"hesStations177","id":"station177-904","name":"ESENÇAY","stationId":32015049,"basinId":"15","status":"no_data","color":"#94a3b8","radius":7,"riverName":"ÇAĞŞUR Ç.","hesId":"hes177-014","distanceKm":9.95,"coordinateSource":"TATUS Layer 4"}},{"type":"Feature","id":"station177-914","geometry":{"type":"Point","coordinates":[33.36945000000003,36.635830000000055]},"properties":{"OBJECTID":914,"IstNo":32017020,"SuAdi":"GÖKSU N.","IstAdi":"HAMAM","BolgeNo":6,"ILKODU":33,"ILCEKODU":1536,"HAVZA_ID":17,"entityId":"station177-914","entityType":"hesStations177","id":"station177-914","name":"HAMAM","stationId":32017020,"basinId":"17","status":"no_data","color":"#94a3b8","radius":7,"riverName":"GÖKSU N.","hesId":"hes177-072","distanceKm":19.65,"coordinateSource":"TATUS Layer 4"}},{"type":"Feature","id":"station177-915","geometry":{"type":"Point","coordinates":[32.895560000000046,36.175830000000076]},"properties":{"OBJECTID":915,"IstNo":32017021,"SuAdi":"ANAMUR Ç.","IstAdi":"ALAKÖPRÜ","BolgeNo":6,"ILKODU":33,"ILCEKODU":1135,"HAVZA_ID":17,"entityId":"station177-915","entityType":"hesStations177","id":"station177-915","name":"ALAKÖPRÜ","stationId":32017021,"basinId":"17","status":"no_data","color":"#94a3b8","radius":7,"riverName":"ANAMUR Ç.","hesId":"hes177-008","distanceKm":0.65,"coordinateSource":"TATUS Layer 4"}},{"type":"Feature","id":"station177-918","geometry":{"type":"Point","coordinates":[32.76750000000004,36.69778000000008]},"properties":{"OBJECTID":918,"IstNo":32017040,"SuAdi":"KIŞLA DERESİ","IstAdi":"SERPER","BolgeNo":4,"ILKODU":70,"ILCEKODU":1316,"HAVZA_ID":17,"entityId":"station177-918","entityType":"hesStations177","id":"station177-918","name":"SERPER","stationId":32017040,"basinId":"17","status":"no_data","color":"#94a3b8","radius":7,"riverName":"KIŞLA DERESİ","hesId":"hes177-030","distanceKm":17.52,"coordinateSource":"TATUS Layer 4"}},{"type":"Feature","id":"station177-921","geometry":{"type":"Point","coordinates":[35.154720000000054,37.29556000000008]},"properties":{"OBJECTID":921,"IstNo":32018020,"SuAdi":"KÖRKÜN SUYU","IstAdi":"HACILI KÖPRÜSÜ","BolgeNo":6,"ILKODU":1,"ILCEKODU":1437,"HAVZA_ID":18,"entityId":"station177-921","entityType":"hesStations177","id":"station177-921","name":"HACILI KÖPRÜSÜ","stationId":32018020,"basinId":"18","status":"no_data","color":"#94a3b8","radius":7,"riverName":"KÖRKÜN SUYU","hesId":"hes177-048","distanceKm":15.57,"coordinateSource":"TATUS Layer 4"}},{"type":"Feature","id":"station177-922","geometry":{"type":"Point","coordinates":[35.62639000000007,38.24583000000007]},"properties":{"OBJECTID":922,"IstNo":32018022,"SuAdi":"ZAMANTİ N.","IstAdi":"FRAKTİN KÖPRÜSÜ","BolgeNo":12,"ILKODU":38,"ILCEKODU":1275,"HAVZA_ID":18,"entityId":"station177-922","entityType":"hesStations177","id":"station177-922","name":"FRAKTİN KÖPRÜSÜ","stationId":32018022,"basinId":"18","status":"no_data","color":"#94a3b8","radius":7,"riverName":"ZAMANTİ N.","hesId":"hes177-078","distanceKm":1.38,"coordinateSource":"TATUS Layer 4"}},{"type":"Feature","id":"station177-924","geometry":{"type":"Point","coordinates":[35.48611000000005,37.855000000000075]},"properties":{"OBJECTID":924,"IstNo":32018027,"SuAdi":"ZAMANTİ N.","IstAdi":"DEGİRMENOCAĞI","BolgeNo":12,"ILKODU":38,"ILCEKODU":1715,"HAVZA_ID":18,"entityId":"station177-924","entityType":"hesStations177","id":"station177-924","name":"DEGİRMENOCAĞI","stationId":32018027,"basinId":"18","status":"no_data","color":"#94a3b8","radius":7,"riverName":"ZAMANTİ N.","hesId":"hes177-076","distanceKm":16.1,"coordinateSource":"TATUS Layer 4"}},{"type":"Feature","id":"station177-925","geometry":{"type":"Point","coordinates":[35.10722000000004,37.103890000000035]},"properties":{"OBJECTID":925,"IstNo":32018028,"SuAdi":"ÇAKIT S.","IstAdi":"SALBAŞ","BolgeNo":6,"ILKODU":1,"ILCEKODU":2033,"HAVZA_ID":18,"entityId":"station177-925","entityType":"hesStations177","id":"station177-925","name":"SALBAŞ","stationId":32018028,"basinId":"18","status":"no_data","color":"#94a3b8","radius":7,"riverName":"ÇAKIT S.","hesId":"hes177-048","distanceKm":18.72,"coordinateSource":"TATUS Layer 4"}},{"type":"Feature","id":"station177-926","geometry":{"type":"Point","coordinates":[36.458330000000046,38.68444000000005]},"properties":{"OBJECTID":926,"IstNo":32018032,"SuAdi":"ÖZDERE","IstAdi":"BÜYÜKGÜMÜŞGÜN","BolgeNo":12,"ILKODU":38,"ILCEKODU":1576,"HAVZA_ID":18,"entityId":"station177-926","entityType":"hesStations177","id":"station177-926","name":"BÜYÜKGÜMÜŞGÜN","stationId":32018032,"basinId":"18","status":"no_data","color":"#94a3b8","radius":7,"riverName":"ÖZDERE","hesId":"hes177-029","distanceKm":14.57,"coordinateSource":"TATUS Layer 4"}},{"type":"Feature","id":"station177-927","geometry":{"type":"Point","coordinates":[36.41361000000006,38.737220000000036]},"properties":{"OBJECTID":927,"IstNo":32018034,"SuAdi":"ZAMANTİ N.","IstAdi":"KILIÇMEHMET","BolgeNo":12,"ILKODU":38,"ILCEKODU":1576,"HAVZA_ID":18,"entityId":"station177-927","entityType":"hesStations177","id":"station177-927","name":"KILIÇMEHMET","stationId":32018034,"basinId":"18","status":"no_data","color":"#94a3b8","radius":7,"riverName":"ZAMANTİ N.","hesId":"hes177-029","distanceKm":12.62,"coordinateSource":"TATUS Layer 4"}},{"type":"Feature","id":"station177-928","geometry":{"type":"Point","coordinates":[35.84139000000005,38.15861000000007]},"properties":{"OBJECTID":928,"IstNo":32018039,"SuAdi":"İKİZDERE","IstAdi":"ÇATALOLUK","BolgeNo":12,"ILKODU":38,"ILCEKODU":1275,"HAVZA_ID":18,"entityId":"station177-928","entityType":"hesStations177","id":"station177-928","name":"ÇATALOLUK","stationId":32018039,"basinId":"18","status":"no_data","color":"#94a3b8","radius":7,"riverName":"İKİZDERE","hesId":"hes177-078","distanceKm":21.95,"coordinateSource":"TATUS Layer 4"}},{"type":"Feature","id":"station177-931","geometry":{"type":"Point","coordinates":[36.15694000000008,36.19778000000008]},"properties":{"OBJECTID":931,"IstNo":32019008,"SuAdi":"ASİ N.","IstAdi":"ANTAKYA","BolgeNo":6,"ILKODU":31,"ILCEKODU":2080,"HAVZA_ID":19,"entityId":"station177-931","entityType":"hesStations177","id":"station177-931","name":"ANTAKYA","stationId":32019008,"basinId":"19","status":"no_data","color":"#94a3b8","radius":7,"riverName":"ASİ N.","hesId":"hes177-044","distanceKm":15.25,"coordinateSource":"TATUS Layer 4"}},{"type":"Feature","id":"station177-933","geometry":{"type":"Point","coordinates":[36.569720000000075,38.03194000000008]},"properties":{"OBJECTID":933,"IstNo":32020006,"SuAdi":"GÖKSUN Ç.","IstAdi":"KARAAHMET","BolgeNo":20,"ILKODU":46,"ILCEKODU":1353,"HAVZA_ID":20,"entityId":"station177-933","entityType":"hesStations177","id":"station177-933","name":"KARAAHMET","stationId":32020006,"basinId":"20","status":"no_data","color":"#94a3b8","radius":7,"riverName":"GÖKSUN Ç.","hesId":"hes177-001","distanceKm":17.09,"coordinateSource":"TATUS Layer 4"}},{"type":"Feature","id":"station177-934","geometry":{"type":"Point","coordinates":[35.917500000000075,37.34139000000005]},"properties":{"OBJECTID":934,"IstNo":32020007,"SuAdi":"SONBOZ Ç.","IstAdi":"ÇUKURKÖPRÜ","BolgeNo":6,"ILKODU":80,"ILCEKODU":1423,"HAVZA_ID":20,"entityId":"station177-934","entityType":"hesStations177","id":"station177-934","name":"ÇUKURKÖPRÜ","stationId":32020007,"basinId":"20","status":"no_data","color":"#94a3b8","radius":7,"riverName":"SONBOZ Ç.","hesId":"hes177-170","distanceKm":20.62,"coordinateSource":"TATUS Layer 4"}},{"type":"Feature","id":"station177-935","geometry":{"type":"Point","coordinates":[36.08472000000006,37.361950000000036]},"properties":{"OBJECTID":935,"IstNo":32020008,"SuAdi":"SAVRUN D.","IstAdi":"KADİRLİ","BolgeNo":6,"ILKODU":80,"ILCEKODU":1423,"HAVZA_ID":20,"entityId":"station177-935","entityType":"hesStations177","id":"station177-935","name":"KADİRLİ","stationId":32020008,"basinId":"20","status":"no_data","color":"#94a3b8","radius":7,"riverName":"SAVRUN D.","hesId":"hes177-170","distanceKm":17.09,"coordinateSource":"TATUS Layer 4"}},{"type":"Feature","id":"station177-938","geometry":{"type":"Point","coordinates":[36.466950000000054,38.068610000000035]},"properties":{"OBJECTID":938,"IstNo":32020029,"SuAdi":"TÖRBÜZEK D.","IstAdi":"MEHMETBEY","BolgeNo":20,"ILKODU":46,"ILCEKODU":1353,"HAVZA_ID":20,"entityId":"station177-938","entityType":"hesStations177","id":"station177-938","name":"MEHMETBEY","stationId":32020029,"basinId":"20","status":"no_data","color":"#94a3b8","radius":7,"riverName":"TÖRBÜZEK D.","hesId":"hes177-001","distanceKm":24.25,"coordinateSource":"TATUS Layer 4"}},{"type":"Feature","id":"station177-939","geometry":{"type":"Point","coordinates":[38.72805000000005,38.80278000000004]},"properties":{"OBJECTID":939,"IstNo":32021003,"SuAdi":"FIRAT N.","IstAdi":"KEBAN","BolgeNo":9,"ILKODU":23,"ILCEKODU":1455,"HAVZA_ID":21,"entityId":"station177-939","entityType":"hesStations177","id":"station177-939","name":"KEBAN","stationId":32021003,"basinId":"21","status":"no_data","color":"#94a3b8","radius":7,"riverName":"FIRAT N.","hesId":"hes177-105","distanceKm":2.3,"coordinateSource":"TATUS Layer 4"}},{"type":"Feature","id":"station177-944","geometry":{"type":"Point","coordinates":[39.539720000000045,39.10917000000006]},"properties":{"OBJECTID":944,"IstNo":32021049,"SuAdi":"MUNZUR S.","IstAdi":"MİSKİSAĞ","BolgeNo":9,"ILKODU":62,"ILCEKODU":1688,"HAVZA_ID":21,"entityId":"station177-944","entityType":"hesStations177","id":"station177-944","name":"MİSKİSAĞ","stationId":32021049,"basinId":"21","status":"no_data","color":"#94a3b8","radius":7,"riverName":"MUNZUR S.","hesId":"hes177-167","distanceKm":14.16,"coordinateSource":"TATUS Layer 4"}},{"type":"Feature","id":"station177-946","geometry":{"type":"Point","coordinates":[40.55472000000003,38.808610000000044]},"properties":{"OBJECTID":946,"IstNo":32021064,"SuAdi":"GÖYNÜK Ç.","IstAdi":"ÇAYAĞZI","BolgeNo":9,"ILKODU":12,"ILCEKODU":1193,"HAVZA_ID":21,"entityId":"station177-946","entityType":"hesStations177","id":"station177-946","name":"ÇAYAĞZI","stationId":32021064,"basinId":"21","status":"no_data","color":"#94a3b8","radius":7,"riverName":"GÖYNÜK Ç.","hesId":"hes177-023","distanceKm":14.64,"coordinateSource":"TATUS Layer 4"}},{"type":"Feature","id":"station177-947","geometry":{"type":"Point","coordinates":[39.79639000000003,38.85917000000006]},"properties":{"OBJECTID":947,"IstNo":32021066,"SuAdi":"PERİ S.","IstAdi":"LOĞMAR","BolgeNo":9,"ILKODU":23,"ILCEKODU":1518,"HAVZA_ID":21,"entityId":"station177-947","entityType":"hesStations177","id":"station177-947","name":"LOĞMAR","stationId":32021066,"basinId":"21","status":"no_data","color":"#94a3b8","radius":7,"riverName":"PERİ S.","hesId":"hes177-155","distanceKm":1.7,"coordinateSource":"TATUS Layer 4"}},{"type":"Feature","id":"station177-955","geometry":{"type":"Point","coordinates":[40.59778000000006,40.728890000000035]},"properties":{"OBJECTID":955,"IstNo":32022015,"SuAdi":"ÇAMLIK DERE","IstAdi":"DEREKÖY","BolgeNo":22,"ILKODU":53,"ILCEKODU":1405,"HAVZA_ID":22,"entityId":"station177-955","entityType":"hesStations177","id":"station177-955","name":"DEREKÖY","stationId":32022015,"basinId":"22","status":"no_data","color":"#94a3b8","radius":7,"riverName":"ÇAMLIK DERE","hesId":"hes177-168","distanceKm":23.89,"coordinateSource":"TATUS Layer 4"}},{"type":"Feature","id":"station177-957","geometry":{"type":"Point","coordinates":[37.89667000000003,40.88639000000006]},"properties":{"OBJECTID":957,"IstNo":32022047,"SuAdi":"MELET Ç.","IstAdi":"GOCALLI KÖPRÜSÜ","BolgeNo":7,"ILKODU":52,"ILCEKODU":2103,"HAVZA_ID":22,"entityId":"station177-957","entityType":"hesStations177","id":"station177-957","name":"GOCALLI KÖPRÜSÜ","stationId":32022047,"basinId":"22","status":"no_data","color":"#94a3b8","radius":7,"riverName":"MELET Ç.","hesId":"hes177-117","distanceKm":8.39,"coordinateSource":"TATUS Layer 4"}},{"type":"Feature","id":"station177-960","geometry":{"type":"Point","coordinates":[39.29222000000004,40.54194000000007]},"properties":{"OBJECTID":960,"IstNo":32022055,"SuAdi":"ÇİT DERESİ","IstAdi":"TORUL","BolgeNo":22,"ILKODU":29,"ILCEKODU":1684,"HAVZA_ID":22,"entityId":"station177-960","entityType":"hesStations177","id":"station177-960","name":"TORUL","stationId":32022055,"basinId":"22","status":"no_data","color":"#94a3b8","radius":7,"riverName":"ÇİT DERESİ","hesId":"hes177-162","distanceKm":11.59,"coordinateSource":"TATUS Layer 4"}},{"type":"Feature","id":"station177-962","geometry":{"type":"Point","coordinates":[38.00195000000008,40.95528000000007]},"properties":{"OBJECTID":962,"IstNo":32022063,"SuAdi":"TURNASUYU","IstAdi":"KAPÇULLU","BolgeNo":7,"ILKODU":52,"ILCEKODU":1795,"HAVZA_ID":22,"entityId":"station177-962","entityType":"hesStations177","id":"station177-962","name":"KAPÇULLU","stationId":32022063,"basinId":"22","status":"no_data","color":"#94a3b8","radius":7,"riverName":"TURNASUYU","hesId":"hes177-117","distanceKm":20.07,"coordinateSource":"TATUS Layer 4"}},{"type":"Feature","id":"station177-966","geometry":{"type":"Point","coordinates":[40.964600000000075,40.45922000000007]},"properties":{"OBJECTID":966,"IstNo":32023016,"SuAdi":"ÇORUH N.","IstAdi":"İSPİR KÖPRÜSÜ","BolgeNo":8,"ILKODU":25,"ILCEKODU":1416,"HAVZA_ID":23,"entityId":"station177-966","entityType":"hesStations177","id":"station177-966","name":"İSPİR KÖPRÜSÜ","stationId":32023016,"basinId":"23","status":"no_data","color":"#94a3b8","radius":7,"riverName":"ÇORUH N.","hesId":"hes177-077","distanceKm":11.72,"coordinateSource":"TATUS Layer 4"}},{"type":"Feature","id":"station177-968","geometry":{"type":"Point","coordinates":[41.17500000000007,40.635560000000055]},"properties":{"OBJECTID":968,"IstNo":32023030,"SuAdi":"ÇAMLIKAYA DERESİ","IstAdi":"ÇAMLIKAYA","BolgeNo":8,"ILKODU":25,"ILCEKODU":1416,"HAVZA_ID":23,"entityId":"station177-968","entityType":"hesStations177","id":"station177-968","name":"ÇAMLIKAYA","stationId":32023030,"basinId":"23","status":"no_data","color":"#94a3b8","radius":7,"riverName":"ÇAMLIKAYA DERESİ","hesId":"hes177-077","distanceKm":14.85,"coordinateSource":"TATUS Layer 4"}},{"type":"Feature","id":"station177-973","geometry":{"type":"Point","coordinates":[42.87222000000003,41.159440000000075]},"properties":{"OBJECTID":973,"IstNo":32024015,"SuAdi":"KURA N.","IstAdi":"UR KÖPRÜSÜ","BolgeNo":24,"ILKODU":75,"ILCEKODU":1144,"HAVZA_ID":24,"entityId":"station177-973","entityType":"hesStations177","id":"station177-973","name":"UR KÖPRÜSÜ","stationId":32024015,"basinId":"24","status":"no_data","color":"#94a3b8","radius":7,"riverName":"KURA N.","hesId":"hes177-114","distanceKm":7.11,"coordinateSource":"TATUS Layer 4"}},{"type":"Feature","id":"station177-974","geometry":{"type":"Point","coordinates":[42.85611000000006,41.13445000000007]},"properties":{"OBJECTID":974,"IstNo":32024022,"SuAdi":"ÖLÇEK Ç.","IstAdi":"ÖLÇEK","BolgeNo":24,"ILKODU":75,"ILCEKODU":1144,"HAVZA_ID":24,"entityId":"station177-974","entityType":"hesStations177","id":"station177-974","name":"ÖLÇEK","stationId":32024022,"basinId":"24","status":"no_data","color":"#94a3b8","radius":7,"riverName":"ÖLÇEK Ç.","hesId":"hes177-114","distanceKm":9.02,"coordinateSource":"TATUS Layer 4"}},{"type":"Feature","id":"station177-977","geometry":{"type":"Point","coordinates":[41.78278000000006,38.16139000000004]},"properties":{"OBJECTID":977,"IstNo":32026010,"SuAdi":"BİTLİS Ç.","IstAdi":"BAYKAN","BolgeNo":10,"ILKODU":56,"ILCEKODU":1179,"HAVZA_ID":21,"entityId":"station177-977","entityType":"hesStations177","id":"station177-977","name":"BAYKAN","stationId":32026010,"basinId":"21","status":"no_data","color":"#94a3b8","radius":7,"riverName":"BİTLİS Ç.","hesId":"hes177-071","distanceKm":22.44,"coordinateSource":"TATUS Layer 4"}},{"type":"Feature","id":"station177-978","geometry":{"type":"Point","coordinates":[41.20333000000005,38.15333000000004]},"properties":{"OBJECTID":978,"IstNo":32026012,"SuAdi":"BATMAN Ç.","IstAdi":"MALABADİ KÖPRÜSÜ","BolgeNo":10,"ILKODU":21,"ILCEKODU":1624,"HAVZA_ID":21,"entityId":"station177-978","entityType":"hesStations177","id":"station177-978","name":"MALABADİ KÖPRÜSÜ","stationId":32026012,"basinId":"21","status":"no_data","color":"#94a3b8","radius":7,"riverName":"BATMAN Ç.","hesId":"hes177-032","distanceKm":0.52,"coordinateSource":"TATUS Layer 4"}},{"type":"Feature","id":"station177-980","geometry":{"type":"Point","coordinates":[41.85722000000004,37.96139000000005]},"properties":{"OBJECTID":980,"IstNo":32026024,"SuAdi":"KEZER Ç.","IstAdi":"PINARCA","BolgeNo":10,"ILKODU":56,"ILCEKODU":1620,"HAVZA_ID":21,"entityId":"station177-980","entityType":"hesStations177","id":"station177-980","name":"PINARCA","stationId":32026024,"basinId":"21","status":"no_data","color":"#94a3b8","radius":7,"riverName":"KEZER Ç.","hesId":"hes177-111","distanceKm":18.4,"coordinateSource":"TATUS Layer 4"}},{"type":"Feature","id":"station177-984","geometry":{"type":"Point","coordinates":[28.681940000000054,40.166390000000035]},"properties":{"OBJECTID":984,"IstNo":34003034,"SuAdi":"ULUBAT GÖLÜ","IstAdi":"GÖLYAZI","BolgeNo":1,"ILKODU":16,"ILCEKODU":1829,"HAVZA_ID":3,"entityId":"station177-984","entityType":"hesStations177","id":"station177-984","name":"GÖLYAZI","stationId":34003034,"basinId":"3","status":"no_data","color":"#94a3b8","radius":7,"riverName":"ULUBAT GÖLÜ","hesId":"hes177-164","distanceKm":3.95,"coordinateSource":"TATUS Layer 4"}},{"type":"Feature","id":"station177-985","geometry":{"type":"Point","coordinates":[28.69333000000006,36.95694000000003]},"properties":{"OBJECTID":985,"IstNo":34008019,"SuAdi":"KÖYCEĞİZ GÖLÜ","IstAdi":"KÖYCEĞİZ","BolgeNo":21,"ILKODU":48,"ILCEKODU":1488,"HAVZA_ID":8,"entityId":"station177-985","entityType":"hesStations177","id":"station177-985","name":"KÖYCEĞİZ","stationId":34008019,"basinId":"8","status":"no_data","color":"#94a3b8","radius":7,"riverName":"KÖYCEĞİZ GÖLÜ","hesId":"hes177-004","distanceKm":19.22,"coordinateSource":"TATUS Layer 4"}},{"type":"Feature","id":"station177-986","geometry":{"type":"Point","coordinates":[28.83361000000008,36.68083000000007]},"properties":{"OBJECTID":986,"IstNo":34008021,"SuAdi":"KOCAGÖL","IstAdi":"DALAMANCIK","BolgeNo":21,"ILKODU":48,"ILCEKODU":1742,"HAVZA_ID":8,"entityId":"station177-986","entityType":"hesStations177","id":"station177-986","name":"DALAMANCIK","stationId":34008021,"basinId":"8","status":"no_data","color":"#94a3b8","radius":7,"riverName":"KOCAGÖL","hesId":"hes177-004","distanceKm":24.91,"coordinateSource":"TATUS Layer 4"}},{"type":"Feature","id":"station177-995","geometry":{"type":"Point","coordinates":[28.565000000000055,39.91417000000007]},"properties":{"OBJECTID":995,"IstNo":42003004,"SuAdi":"EMET Ç.","IstAdi":"DEVECİKONAĞI HES CANSUYU","BolgeNo":1,"ILKODU":16,"ILCEKODU":1535,"HAVZA_ID":3,"entityId":"station177-995","entityType":"hesStations177","id":"station177-995","name":"DEVECİKONAĞI HES CANSUYU","stationId":42003004,"basinId":"3","status":"no_data","color":"#94a3b8","radius":7,"riverName":"EMET Ç.","hesId":"hes177-060","distanceKm":4.24,"coordinateSource":"TATUS Layer 4"}},{"type":"Feature","id":"station177-996","geometry":{"type":"Point","coordinates":[28.379720000000077,39.88833000000005]},"properties":{"OBJECTID":996,"IstNo":42003005,"SuAdi":"KARA DERE","IstAdi":"MUSTAFAKEMALPAŞA SUUÇTU HES","BolgeNo":1,"ILKODU":16,"ILCEKODU":1535,"HAVZA_ID":3,"entityId":"station177-996","entityType":"hesStations177","id":"station177-996","name":"MUSTAFAKEMALPAŞA SUUÇTU HES","stationId":42003005,"basinId":"3","status":"no_data","color":"#94a3b8","radius":7,"riverName":"KARA DERE","hesId":"hes177-060","distanceKm":16.8,"coordinateSource":"TATUS Layer 4"}},{"type":"Feature","id":"station177-997","geometry":{"type":"Point","coordinates":[28.37639000000007,39.89528000000007]},"properties":{"OBJECTID":997,"IstNo":42003006,"SuAdi":"ORTABURUN DERE","IstAdi":"MUSTAFAKEMALPAŞA SUUÇTU HES","BolgeNo":1,"ILKODU":16,"ILCEKODU":1535,"HAVZA_ID":3,"entityId":"station177-997","entityType":"hesStations177","id":"station177-997","name":"MUSTAFAKEMALPAŞA SUUÇTU HES","stationId":42003006,"basinId":"3","status":"no_data","color":"#94a3b8","radius":7,"riverName":"ORTABURUN DERE","hesId":"hes177-060","distanceKm":17.15,"coordinateSource":"TATUS Layer 4"}},{"type":"Feature","id":"station177-1010","geometry":{"type":"Point","coordinates":[29.062860000000057,36.91031000000004]},"properties":{"OBJECTID":1010,"IstNo":42008003,"SuAdi":"ÇALDERE","IstAdi":"ÇALDERE HES-CAN SUYU","BolgeNo":21,"ILKODU":48,"ILCEKODU":1742,"HAVZA_ID":8,"entityId":"station177-1010","entityType":"hesStations177","id":"station177-1010","name":"ÇALDERE HES-CAN SUYU","stationId":42008003,"basinId":"8","status":"no_data","color":"#94a3b8","radius":7,"riverName":"ÇALDERE","hesId":"hes177-004","distanceKm":14.8,"coordinateSource":"TATUS Layer 4"}},{"type":"Feature","id":"station177-1017","geometry":{"type":"Point","coordinates":[29.046110000000056,36.97417000000007]},"properties":{"OBJECTID":1017,"IstNo":42008023,"SuAdi":"KILCAN D","IstAdi":"KILCAN HES CAN SUYU","BolgeNo":21,"ILKODU":48,"ILCEKODU":1742,"HAVZA_ID":8,"entityId":"station177-1017","entityType":"hesStations177","id":"station177-1017","name":"KILCAN HES CAN SUYU","stationId":42008023,"basinId":"8","status":"no_data","color":"#94a3b8","radius":7,"riverName":"KILCAN D","hesId":"hes177-004","distanceKm":15.67,"coordinateSource":"TATUS Layer 4"}},{"type":"Feature","id":"station177-1028","geometry":{"type":"Point","coordinates":[30.87083000000007,37.56583000000006]},"properties":{"OBJECTID":1028,"IstNo":42009005,"SuAdi":"HAYMANA GÖKPINAR KAY","IstAdi":"GÖKBÖĞET HES CANSUYU","BolgeNo":18,"ILKODU":32,"ILCEKODU":1297,"HAVZA_ID":9,"entityId":"station177-1028","entityType":"hesStations177","id":"station177-1028","name":"GÖKBÖĞET HES CANSUYU","stationId":42009005,"basinId":"9","status":"no_data","color":"#94a3b8","radius":7,"riverName":"HAYMANA GÖKPINAR KAY","hesId":"hes177-091","distanceKm":22.4,"coordinateSource":"TATUS Layer 4"}},{"type":"Feature","id":"station177-1029","geometry":{"type":"Point","coordinates":[31.309720000000027,37.554440000000056]},"properties":{"OBJECTID":1029,"IstNo":42009006,"SuAdi":"KARTÖZ ","IstAdi":"AŞAĞI YAYLABEL HES CANSUYU","BolgeNo":18,"ILKODU":32,"ILCEKODU":1648,"HAVZA_ID":9,"entityId":"station177-1029","entityType":"hesStations177","id":"station177-1029","name":"AŞAĞI YAYLABEL HES CANSUYU","stationId":42009006,"basinId":"9","status":"no_data","color":"#94a3b8","radius":7,"riverName":"KARTÖZ ","hesId":"hes177-102","distanceKm":20.3,"coordinateSource":"TATUS Layer 4"}},{"type":"Feature","id":"station177-1030","geometry":{"type":"Point","coordinates":[31.202220000000068,37.52195000000006]},"properties":{"OBJECTID":1030,"IstNo":42009007,"SuAdi":"AKSU ÇAYI","IstAdi":"KASIMLAR KÖPRÜSÜ","BolgeNo":18,"ILKODU":32,"ILCEKODU":1648,"HAVZA_ID":9,"entityId":"station177-1030","entityType":"hesStations177","id":"station177-1030","name":"KASIMLAR KÖPRÜSÜ","stationId":42009007,"basinId":"9","status":"no_data","color":"#94a3b8","radius":7,"riverName":"AKSU ÇAYI","hesId":"hes177-102","distanceKm":15.07,"coordinateSource":"TATUS Layer 4"}},{"type":"Feature","id":"station177-1031","geometry":{"type":"Point","coordinates":[31.214450000000056,37.52444000000003]},"properties":{"OBJECTID":1031,"IstNo":42009008,"SuAdi":"KIRINTI ÇAYI","IstAdi":"İBIŞLER REG CANSUYU","BolgeNo":18,"ILKODU":32,"ILCEKODU":1648,"HAVZA_ID":9,"entityId":"station177-1031","entityType":"hesStations177","id":"station177-1031","name":"İBIŞLER REG CANSUYU","stationId":42009008,"basinId":"9","status":"no_data","color":"#94a3b8","radius":7,"riverName":"KIRINTI ÇAYI","hesId":"hes177-102","distanceKm":15.29,"coordinateSource":"TATUS Layer 4"}},{"type":"Feature","id":"station177-1033","geometry":{"type":"Point","coordinates":[31.27583000000004,37.18333000000007]},"properties":{"OBJECTID":1033,"IstNo":42009011,"SuAdi":"İTLİCE DERESİ","IstAdi":"ANAK HES ","BolgeNo":13,"ILKODU":7,"ILCEKODU":1512,"HAVZA_ID":9,"entityId":"station177-1033","entityType":"hesStations177","id":"station177-1033","name":"ANAK HES ","stationId":42009011,"basinId":"9","status":"no_data","color":"#94a3b8","radius":7,"riverName":"İTLİCE DERESİ","hesId":"hes177-102","distanceKm":23.22,"coordinateSource":"TATUS Layer 4"}},{"type":"Feature","id":"station177-1034","geometry":{"type":"Point","coordinates":[31.431880000000035,36.83714000000003]},"properties":{"OBJECTID":1034,"IstNo":42009012,"SuAdi":"GEBE DERE ","IstAdi":"CENGER HES","BolgeNo":13,"ILKODU":7,"ILCEKODU":1512,"HAVZA_ID":9,"entityId":"station177-1034","entityType":"hesStations177","id":"station177-1034","name":"CENGER HES","stationId":42009012,"basinId":"9","status":"no_data","color":"#94a3b8","radius":7,"riverName":"GEBE DERE ","hesId":"hes177-124","distanceKm":7.49,"coordinateSource":"TATUS Layer 4"}},{"type":"Feature","id":"station177-1038","geometry":{"type":"Point","coordinates":[30.98472000000004,37.47000000000003]},"properties":{"OBJECTID":1038,"IstNo":42009088,"SuAdi":"DEĞİRMEN DERE","IstAdi":"SÜTÇÜLER HES CAN SUYU","BolgeNo":18,"ILKODU":32,"ILCEKODU":1648,"HAVZA_ID":9,"entityId":"station177-1038","entityType":"hesStations177","id":"station177-1038","name":"SÜTÇÜLER HES CAN SUYU","stationId":42009088,"basinId":"9","status":"no_data","color":"#94a3b8","radius":7,"riverName":"DEĞİRMEN DERE","hesId":"hes177-091","distanceKm":17.83,"coordinateSource":"TATUS Layer 4"}},{"type":"Feature","id":"station177-1057","geometry":{"type":"Point","coordinates":[30.703130000000044,40.07150000000007]},"properties":{"OBJECTID":1057,"IstNo":42012022,"SuAdi":"SAKARYA NEHRİ","IstAdi":"ADASU HES CANSUYU","BolgeNo":3,"ILKODU":54,"ILCEKODU":1599,"HAVZA_ID":12,"entityId":"station177-1057","entityType":"hesStations177","id":"station177-1057","name":"ADASU HES CANSUYU","stationId":42012022,"basinId":"12","status":"no_data","color":"#94a3b8","radius":7,"riverName":"SAKARYA NEHRİ","hesId":"hes177-174","distanceKm":13.11,"coordinateSource":"TATUS Layer 4"}},{"type":"Feature","id":"station177-1063","geometry":{"type":"Point","coordinates":[31.89056000000005,40.875560000000064]},"properties":{"OBJECTID":1063,"IstNo":42013001,"SuAdi":"BÜYÜKSU","IstAdi":"PAŞA REG. HES","BolgeNo":5,"ILKODU":14,"ILCEKODU":1522,"HAVZA_ID":13,"entityId":"station177-1063","entityType":"hesStations177","id":"station177-1063","name":"PAŞA REG. HES","stationId":42013001,"basinId":"13","status":"no_data","color":"#94a3b8","radius":7,"riverName":"BÜYÜKSU","hesId":"hes177-119","distanceKm":13.23,"coordinateSource":"TATUS Layer 4"}},{"type":"Feature","id":"station177-1064","geometry":{"type":"Point","coordinates":[32.02222000000006,40.91611000000006]},"properties":{"OBJECTID":1064,"IstNo":42013004,"SuAdi":"BOLU ÇAYI","IstAdi":"KAYABÜKÜ REG. HES CANSUYU ","BolgeNo":5,"ILKODU":14,"ILCEKODU":1522,"HAVZA_ID":13,"entityId":"station177-1064","entityType":"hesStations177","id":"station177-1064","name":"KAYABÜKÜ REG. HES CANSUYU ","stationId":42013004,"basinId":"13","status":"no_data","color":"#94a3b8","radius":7,"riverName":"BOLU ÇAYI","hesId":"hes177-119","distanceKm":13.11,"coordinateSource":"TATUS Layer 4"}},{"type":"Feature","id":"station177-1065","geometry":{"type":"Point","coordinates":[31.893050000000073,41.00000000000006]},"properties":{"OBJECTID":1065,"IstNo":42013005,"SuAdi":"BOLU ÇAYI","IstAdi":"KÖPRÜBAŞI HES","BolgeNo":5,"ILKODU":14,"ILCEKODU":1522,"HAVZA_ID":13,"entityId":"station177-1065","entityType":"hesStations177","id":"station177-1065","name":"KÖPRÜBAŞI HES","stationId":42013005,"basinId":"13","status":"no_data","color":"#94a3b8","radius":7,"riverName":"BOLU ÇAYI","hesId":"hes177-119","distanceKm":1.2,"coordinateSource":"TATUS Layer 4"}},{"type":"Feature","id":"station177-1066","geometry":{"type":"Point","coordinates":[31.271390000000054,40.91306000000003]},"properties":{"OBJECTID":1066,"IstNo":42013006,"SuAdi":"KÜÇÜK MELEN DERESİ","IstAdi":"HASANLAR KANAL HES","BolgeNo":5,"ILKODU":81,"ILCEKODU":1292,"HAVZA_ID":13,"entityId":"station177-1066","entityType":"hesStations177","id":"station177-1066","name":"HASANLAR KANAL HES","stationId":42013006,"basinId":"13","status":"no_data","color":"#94a3b8","radius":7,"riverName":"KÜÇÜK MELEN DERESİ","hesId":"hes177-082","distanceKm":0.51,"coordinateSource":"TATUS Layer 4"}},{"type":"Feature","id":"station177-1069","geometry":{"type":"Point","coordinates":[31.19972000000007,40.70083000000005]},"properties":{"OBJECTID":1069,"IstNo":42013009,"SuAdi":"YELLİCE DERESİ","IstAdi":"KÖKNAR REG. VE HES-1","BolgeNo":5,"ILKODU":81,"ILCEKODU":1292,"HAVZA_ID":13,"entityId":"station177-1069","entityType":"hesStations177","id":"station177-1069","name":"KÖKNAR REG. VE HES-1","stationId":42013009,"basinId":"13","status":"no_data","color":"#94a3b8","radius":7,"riverName":"YELLİCE DERESİ","hesId":"hes177-082","distanceKm":24.19,"coordinateSource":"TATUS Layer 4"}},{"type":"Feature","id":"station177-1074","geometry":{"type":"Point","coordinates":[31.24306000000007,40.733610000000056]},"properties":{"OBJECTID":1074,"IstNo":42013014,"SuAdi":"UĞUR SUYU","IstAdi":"ÇINAR-1 REG. VE HES (HAMAMÜSTÜ REG.)","BolgeNo":5,"ILKODU":81,"ILCEKODU":1292,"HAVZA_ID":13,"entityId":"station177-1074","entityType":"hesStations177","id":"station177-1074","name":"ÇINAR-1 REG. VE HES (HAMAMÜSTÜ REG.)","stationId":42013014,"basinId":"13","status":"no_data","color":"#94a3b8","radius":7,"riverName":"UĞUR SUYU","hesId":"hes177-082","distanceKm":19.87,"coordinateSource":"TATUS Layer 4"}},{"type":"Feature","id":"station177-1075","geometry":{"type":"Point","coordinates":[31.19028000000003,40.71167000000003]},"properties":{"OBJECTID":1075,"IstNo":42013015,"SuAdi":"SOĞUKSU","IstAdi":"ÇINAR-1 REG. VE HES (SOĞUKSU REG.)","BolgeNo":5,"ILKODU":81,"ILCEKODU":1292,"HAVZA_ID":13,"entityId":"station177-1075","entityType":"hesStations177","id":"station177-1075","name":"ÇINAR-1 REG. VE HES (SOĞUKSU REG.)","stationId":42013015,"basinId":"13","status":"no_data","color":"#94a3b8","radius":7,"riverName":"SOĞUKSU","hesId":"hes177-082","distanceKm":23.27,"coordinateSource":"TATUS Layer 4"}},{"type":"Feature","id":"station177-1079","geometry":{"type":"Point","coordinates":[32.668060000000025,41.14695000000006]},"properties":{"OBJECTID":1079,"IstNo":42013019,"SuAdi":"SOĞANLI Ç.","IstAdi":"PİRİNÇLİK HES CANSUYU","BolgeNo":23,"ILKODU":37,"ILCEKODU":1433,"HAVZA_ID":13,"entityId":"station177-1079","entityType":"hesStations177","id":"station177-1079","name":"PİRİNÇLİK HES CANSUYU","stationId":42013019,"basinId":"13","status":"no_data","color":"#94a3b8","radius":7,"riverName":"SOĞANLI Ç.","hesId":"hes177-066","distanceKm":20.01,"coordinateSource":"TATUS Layer 4"}},{"type":"Feature","id":"station177-1086","geometry":{"type":"Point","coordinates":[31.776950000000056,41.09000000000003]},"properties":{"OBJECTID":1086,"IstNo":42013026,"SuAdi":"CAN SUYU","IstAdi":"EĞERCİ HES","BolgeNo":23,"ILKODU":67,"ILCEKODU":1276,"HAVZA_ID":13,"entityId":"station177-1086","entityType":"hesStations177","id":"station177-1086","name":"EĞERCİ HES","stationId":42013026,"basinId":"13","status":"no_data","color":"#94a3b8","radius":7,"riverName":"CAN SUYU","hesId":"hes177-119","distanceKm":15.14,"coordinateSource":"TATUS Layer 4"}},{"type":"Feature","id":"station177-1090","geometry":{"type":"Point","coordinates":[33.02389000000005,41.23111000000006]},"properties":{"OBJECTID":1090,"IstNo":42013031,"SuAdi":"ARAÇ Ç.","IstAdi":"SAMATLAR HES CANSUYU","BolgeNo":23,"ILKODU":37,"ILCEKODU":1140,"HAVZA_ID":13,"entityId":"station177-1090","entityType":"hesStations177","id":"station177-1090","name":"SAMATLAR HES CANSUYU","stationId":42013031,"basinId":"13","status":"no_data","color":"#94a3b8","radius":7,"riverName":"ARAÇ Ç.","hesId":"hes177-066","distanceKm":13.53,"coordinateSource":"TATUS Layer 4"}},{"type":"Feature","id":"station177-1091","geometry":{"type":"Point","coordinates":[32.50028000000003,41.66611000000006]},"properties":{"OBJECTID":1091,"IstNo":42013032,"SuAdi":"ARIT ÇAYI","IstAdi":"KAYADİBİ HES","BolgeNo":23,"ILKODU":74,"ILCEKODU":1172,"HAVZA_ID":13,"entityId":"station177-1091","entityType":"hesStations177","id":"station177-1091","name":"KAYADİBİ HES","stationId":42013032,"basinId":"13","status":"no_data","color":"#94a3b8","radius":7,"riverName":"ARIT ÇAYI","hesId":"hes177-112","distanceKm":14.88,"coordinateSource":"TATUS Layer 4"}},{"type":"Feature","id":"station177-1103","geometry":{"type":"Point","coordinates":[37.735550000000046,40.15805000000006]},"properties":{"OBJECTID":1103,"IstNo":42014001,"SuAdi":"YEŞİLIRMAK N.","IstAdi":"YEŞİL HES CANSUYU","BolgeNo":19,"ILKODU":58,"ILCEKODU":1738,"HAVZA_ID":14,"entityId":"station177-1103","entityType":"hesStations177","id":"station177-1103","name":"YEŞİL HES CANSUYU","stationId":42014001,"basinId":"14","status":"no_data","color":"#94a3b8","radius":7,"riverName":"YEŞİLIRMAK N.","hesId":"hes177-115","distanceKm":15.28,"coordinateSource":"TATUS Layer 4"}},{"type":"Feature","id":"station177-1104","geometry":{"type":"Point","coordinates":[38.57611000000003,39.98472000000004]},"properties":{"OBJECTID":1104,"IstNo":42014002,"SuAdi":"ÇOBANLI D.","IstAdi":"SU ŞEHRİ GÖLOVA  CANSUYU","BolgeNo":19,"ILKODU":58,"ILCEKODU":1927,"HAVZA_ID":14,"entityId":"station177-1104","entityType":"hesStations177","id":"station177-1104","name":"SU ŞEHRİ GÖLOVA  CANSUYU","stationId":42014002,"basinId":"14","status":"no_data","color":"#94a3b8","radius":7,"riverName":"ÇOBANLI D.","hesId":"hes177-150","distanceKm":7.74,"coordinateSource":"TATUS Layer 4"}},{"type":"Feature","id":"station177-1105","geometry":{"type":"Point","coordinates":[38.60944000000006,39.97000000000003]},"properties":{"OBJECTID":1105,"IstNo":42014003,"SuAdi":"ÇOBANLI D.","IstAdi":"ÇOBANLI HES CANSUYU","BolgeNo":19,"ILKODU":58,"ILCEKODU":1583,"HAVZA_ID":14,"entityId":"station177-1105","entityType":"hesStations177","id":"station177-1105","name":"ÇOBANLI HES CANSUYU","stationId":42014003,"basinId":"14","status":"no_data","color":"#94a3b8","radius":7,"riverName":"ÇOBANLI D.","hesId":"hes177-150","distanceKm":8.38,"coordinateSource":"TATUS Layer 4"}},{"type":"Feature","id":"station177-1106","geometry":{"type":"Point","coordinates":[38.21028000000007,40.02417000000003]},"properties":{"OBJECTID":1106,"IstNo":42014004,"SuAdi":"BULDUR D.","IstAdi":"POLAT HES CANSUYU","BolgeNo":19,"ILKODU":58,"ILCEKODU":1646,"HAVZA_ID":14,"entityId":"station177-1106","entityType":"hesStations177","id":"station177-1106","name":"POLAT HES CANSUYU","stationId":42014004,"basinId":"14","status":"no_data","color":"#94a3b8","radius":7,"riverName":"BULDUR D.","hesId":"hes177-109","distanceKm":24.52,"coordinateSource":"TATUS Layer 4"}},{"type":"Feature","id":"station177-1107","geometry":{"type":"Point","coordinates":[37.97306000000003,40.237220000000036]},"properties":{"OBJECTID":1107,"IstNo":42014005,"SuAdi":"KELKİT ÇAYI","IstAdi":"KOYULHİSAR HES CANSUYU","BolgeNo":19,"ILKODU":58,"ILCEKODU":1484,"HAVZA_ID":14,"entityId":"station177-1107","entityType":"hesStations177","id":"station177-1107","name":"KOYULHİSAR HES CANSUYU","stationId":42014005,"basinId":"14","status":"no_data","color":"#94a3b8","radius":7,"riverName":"KELKİT ÇAYI","hesId":"hes177-046","distanceKm":8.77,"coordinateSource":"TATUS Layer 4"}},{"type":"Feature","id":"station177-1108","geometry":{"type":"Point","coordinates":[37.91417000000007,40.21500000000003]},"properties":{"OBJECTID":1108,"IstNo":42014006,"SuAdi":"KOZLU DERESİ","IstAdi":"EKİNÖZÜ-2 HES CANSUYU","BolgeNo":19,"ILKODU":58,"ILCEKODU":1484,"HAVZA_ID":14,"entityId":"station177-1108","entityType":"hesStations177","id":"station177-1108","name":"EKİNÖZÜ-2 HES CANSUYU","stationId":42014006,"basinId":"14","status":"no_data","color":"#94a3b8","radius":7,"riverName":"KOZLU DERESİ","hesId":"hes177-046","distanceKm":13.82,"coordinateSource":"TATUS Layer 4"}},{"type":"Feature","id":"station177-1109","geometry":{"type":"Point","coordinates":[38.089440000000025,40.20139000000006]},"properties":{"OBJECTID":1109,"IstNo":42014007,"SuAdi":"BULDUR DERESİ","IstAdi":"ALÇE HES CANSUYU","BolgeNo":19,"ILKODU":58,"ILCEKODU":1646,"HAVZA_ID":14,"entityId":"station177-1109","entityType":"hesStations177","id":"station177-1109","name":"ALÇE HES CANSUYU","stationId":42014007,"basinId":"14","status":"no_data","color":"#94a3b8","radius":7,"riverName":"BULDUR DERESİ","hesId":"hes177-046","distanceKm":3.3,"coordinateSource":"TATUS Layer 4"}},{"type":"Feature","id":"station177-1110","geometry":{"type":"Point","coordinates":[37.043330000000026,40.33639000000005]},"properties":{"OBJECTID":1110,"IstNo":42014012,"SuAdi":"DELİCE ÇAYI","IstAdi":"DELİCE HES CANSUYU AGİ","BolgeNo":7,"ILKODU":60,"ILCEKODU":1129,"HAVZA_ID":14,"entityId":"station177-1110","entityType":"hesStations177","id":"station177-1110","name":"DELİCE HES CANSUYU AGİ","stationId":42014012,"basinId":"14","status":"no_data","color":"#94a3b8","radius":7,"riverName":"DELİCE ÇAYI","hesId":"hes177-159","distanceKm":13.02,"coordinateSource":"TATUS Layer 4"}},{"type":"Feature","id":"station177-1111","geometry":{"type":"Point","coordinates":[37.561390000000074,40.212780000000066]},"properties":{"OBJECTID":1111,"IstNo":42014013,"SuAdi":"KARAKAYA DERESİ","IstAdi":"DOĞANŞAR HES REG-1 CANSUYU","BolgeNo":19,"ILKODU":58,"ILCEKODU":1913,"HAVZA_ID":14,"entityId":"station177-1111","entityType":"hesStations177","id":"station177-1111","name":"DOĞANŞAR HES REG-1 CANSUYU","stationId":42014013,"basinId":"14","status":"no_data","color":"#94a3b8","radius":7,"riverName":"KARAKAYA DERESİ","hesId":"hes177-136","distanceKm":16.51,"coordinateSource":"TATUS Layer 4"}},{"type":"Feature","id":"station177-1112","geometry":{"type":"Point","coordinates":[37.58028000000007,40.20195000000007]},"properties":{"OBJECTID":1112,"IstNo":42014014,"SuAdi":"GEVELE DERESİ","IstAdi":"DOĞANŞAR HES REG-2 CANSUYU","BolgeNo":19,"ILKODU":58,"ILCEKODU":1913,"HAVZA_ID":14,"entityId":"station177-1112","entityType":"hesStations177","id":"station177-1112","name":"DOĞANŞAR HES REG-2 CANSUYU","stationId":42014014,"basinId":"14","status":"no_data","color":"#94a3b8","radius":7,"riverName":"GEVELE DERESİ","hesId":"hes177-136","distanceKm":18.29,"coordinateSource":"TATUS Layer 4"}},{"type":"Feature","id":"station177-1113","geometry":{"type":"Point","coordinates":[37.48611000000005,40.48333000000008]},"properties":{"OBJECTID":1113,"IstNo":42014019,"SuAdi":"DELİCE ÇAYI","IstAdi":"DELİCE HES REGÜLATÖR-2 CANSUYU AGI","BolgeNo":7,"ILKODU":60,"ILCEKODU":1584,"HAVZA_ID":14,"entityId":"station177-1113","entityType":"hesStations177","id":"station177-1113","name":"DELİCE HES REGÜLATÖR-2 CANSUYU AGI","stationId":42014019,"basinId":"14","status":"no_data","color":"#94a3b8","radius":7,"riverName":"DELİCE ÇAYI","hesId":"hes177-163","distanceKm":14.32,"coordinateSource":"TATUS Layer 4"}},{"type":"Feature","id":"station177-1115","geometry":{"type":"Point","coordinates":[35.33833000000004,40.198330000000055]},"properties":{"OBJECTID":1115,"IstNo":42014021,"SuAdi":"ÇEKEREK IRMAĞI","IstAdi":"ÇEKEREK HES REGÜLATÖR-8 CANSUYU AGİ","BolgeNo":7,"ILKODU":-1,"ILCEKODU":1877,"HAVZA_ID":14,"entityId":"station177-1115","entityType":"hesStations177","id":"station177-1115","name":"ÇEKEREK HES REGÜLATÖR-8 CANSUYU AGİ","stationId":42014021,"basinId":"14","status":"no_data","color":"#94a3b8","radius":7,"riverName":"ÇEKEREK IRMAĞI","hesId":"hes177-050","distanceKm":24.27,"coordinateSource":"TATUS Layer 4"}},{"type":"Feature","id":"station177-1117","geometry":{"type":"Point","coordinates":[36.79556000000008,40.43917000000005]},"properties":{"OBJECTID":1117,"IstNo":42014025,"SuAdi":"YEŞİLIRMAK","IstAdi":"OMALA HES CANSUYU AGİ","BolgeNo":7,"ILKODU":60,"ILCEKODU":1679,"HAVZA_ID":14,"entityId":"station177-1117","entityType":"hesStations177","id":"station177-1117","name":"OMALA HES CANSUYU AGİ","stationId":42014025,"basinId":"14","status":"no_data","color":"#94a3b8","radius":7,"riverName":"YEŞİLIRMAK","hesId":"hes177-024","distanceKm":7.43,"coordinateSource":"TATUS Layer 4"}},{"type":"Feature","id":"station177-1123","geometry":{"type":"Point","coordinates":[36.72472000000005,41.19861000000003]},"properties":{"OBJECTID":1123,"IstNo":42014120,"SuAdi":"YEŞİLIRMAK NEHRI","IstAdi":"KUMKÖY HES VE ÇARŞAMBA HES CANSUYU","BolgeNo":7,"ILKODU":55,"ILCEKODU":1234,"HAVZA_ID":14,"entityId":"station177-1123","entityType":"hesStations177","id":"station177-1123","name":"KUMKÖY HES VE ÇARŞAMBA HES CANSUYU","stationId":42014120,"basinId":"14","status":"no_data","color":"#94a3b8","radius":7,"riverName":"YEŞİLIRMAK NEHRI","hesId":"hes177-148","distanceKm":14.49,"coordinateSource":"TATUS Layer 4"}},{"type":"Feature","id":"station177-1124","geometry":{"type":"Point","coordinates":[36.31111000000004,40.92389000000003]},"properties":{"OBJECTID":1124,"IstNo":42014124,"SuAdi":"GÖKDERE","IstAdi":"YAPRAK-I HES CANSUYU","BolgeNo":7,"ILKODU":5,"ILCEKODU":1668,"HAVZA_ID":14,"entityId":"station177-1124","entityType":"hesStations177","id":"station177-1124","name":"YAPRAK-I HES CANSUYU","stationId":42014124,"basinId":"14","status":"no_data","color":"#94a3b8","radius":7,"riverName":"GÖKDERE","hesId":"hes177-172","distanceKm":7.73,"coordinateSource":"TATUS Layer 4"}},{"type":"Feature","id":"station177-1125","geometry":{"type":"Point","coordinates":[36.355000000000075,40.885830000000055]},"properties":{"OBJECTID":1125,"IstNo":42014128,"SuAdi":"GÖKDERE","IstAdi":"YAPRAK-II HES CANSUYU","BolgeNo":7,"ILKODU":5,"ILCEKODU":1668,"HAVZA_ID":14,"entityId":"station177-1125","entityType":"hesStations177","id":"station177-1125","name":"YAPRAK-II HES CANSUYU","stationId":42014128,"basinId":"14","status":"no_data","color":"#94a3b8","radius":7,"riverName":"GÖKDERE","hesId":"hes177-172","distanceKm":2.24,"coordinateSource":"TATUS Layer 4"}},{"type":"Feature","id":"station177-1126","geometry":{"type":"Point","coordinates":[37.06889000000007,40.70250000000004]},"properties":{"OBJECTID":1126,"IstNo":42014132,"SuAdi":"KARAKUŞ D.","IstAdi":"UMUT-I HES CANSUYU","BolgeNo":7,"ILKODU":52,"ILCEKODU":1545,"HAVZA_ID":14,"entityId":"station177-1126","entityType":"hesStations177","id":"station177-1126","name":"UMUT-I HES CANSUYU","stationId":42014132,"basinId":"14","status":"no_data","color":"#94a3b8","radius":7,"riverName":"KARAKUŞ D.","hesId":"hes177-166","distanceKm":12.3,"coordinateSource":"TATUS Layer 4"}},{"type":"Feature","id":"station177-1127","geometry":{"type":"Point","coordinates":[37.00667000000004,40.71667000000008]},"properties":{"OBJECTID":1127,"IstNo":42014136,"SuAdi":"KARAKUŞ DERE","IstAdi":"UMUT-II HES CANSUYU","BolgeNo":7,"ILKODU":52,"ILCEKODU":1119,"HAVZA_ID":14,"entityId":"station177-1127","entityType":"hesStations177","id":"station177-1127","name":"UMUT-II HES CANSUYU","stationId":42014136,"basinId":"14","status":"no_data","color":"#94a3b8","radius":7,"riverName":"KARAKUŞ DERE","hesId":"hes177-166","distanceKm":6.82,"coordinateSource":"TATUS Layer 4"}},{"type":"Feature","id":"station177-1128","geometry":{"type":"Point","coordinates":[36.92000000000007,40.73917000000006]},"properties":{"OBJECTID":1128,"IstNo":42014137,"SuAdi":"KARAKUŞ DERE","IstAdi":"UMUT-III HES CANSUYU","BolgeNo":7,"ILKODU":52,"ILCEKODU":1119,"HAVZA_ID":14,"entityId":"station177-1128","entityType":"hesStations177","id":"station177-1128","name":"UMUT-III HES CANSUYU","stationId":42014137,"basinId":"14","status":"no_data","color":"#94a3b8","radius":7,"riverName":"KARAKUŞ DERE","hesId":"hes177-166","distanceKm":0.95,"coordinateSource":"TATUS Layer 4"}},{"type":"Feature","id":"station177-1129","geometry":{"type":"Point","coordinates":[37.077780000000075,40.44722000000007]},"properties":{"OBJECTID":1129,"IstNo":42014138,"SuAdi":"KELKİT N.","IstAdi":"NİKSAR HES CANSUYU","BolgeNo":7,"ILKODU":60,"ILCEKODU":1883,"HAVZA_ID":14,"entityId":"station177-1129","entityType":"hesStations177","id":"station177-1129","name":"NİKSAR HES CANSUYU","stationId":42014138,"basinId":"14","status":"no_data","color":"#94a3b8","radius":7,"riverName":"KELKİT N.","hesId":"hes177-159","distanceKm":3.25,"coordinateSource":"TATUS Layer 4"}},{"type":"Feature","id":"station177-1131","geometry":{"type":"Point","coordinates":[37.58833000000004,40.32611000000003]},"properties":{"OBJECTID":1131,"IstNo":42014142,"SuAdi":"KELKİT N.","IstAdi":"REŞADİYE-2 CANSUYU","BolgeNo":7,"ILKODU":60,"ILCEKODU":1484,"HAVZA_ID":14,"entityId":"station177-1131","entityType":"hesStations177","id":"station177-1131","name":"REŞADİYE-2 CANSUYU","stationId":42014142,"basinId":"14","status":"no_data","color":"#94a3b8","radius":7,"riverName":"KELKİT N.","hesId":"hes177-136","distanceKm":9.42,"coordinateSource":"TATUS Layer 4"}},{"type":"Feature","id":"station177-1132","geometry":{"type":"Point","coordinates":[37.35833000000008,40.38000000000005]},"properties":{"OBJECTID":1132,"IstNo":42014144,"SuAdi":"KELKİT N.","IstAdi":"REŞADİYE-3 CANSUYU","BolgeNo":7,"ILKODU":60,"ILCEKODU":1584,"HAVZA_ID":14,"entityId":"station177-1132","entityType":"hesStations177","id":"station177-1132","name":"REŞADİYE-3 CANSUYU","stationId":42014144,"basinId":"14","status":"no_data","color":"#94a3b8","radius":7,"riverName":"KELKİT N.","hesId":"hes177-163","distanceKm":3.72,"coordinateSource":"TATUS Layer 4"}},{"type":"Feature","id":"station177-1135","geometry":{"type":"Point","coordinates":[37.408330000000035,40.28528000000006]},"properties":{"OBJECTID":1135,"IstNo":42014153,"SuAdi":"TOKAT Ç.","IstAdi":"YEŞİLIRMAK-I HES CANSUYU","BolgeNo":7,"ILKODU":60,"ILCEKODU":1584,"HAVZA_ID":14,"entityId":"station177-1135","entityType":"hesStations177","id":"station177-1135","name":"YEŞİLIRMAK-I HES CANSUYU","stationId":42014153,"basinId":"14","status":"no_data","color":"#94a3b8","radius":7,"riverName":"TOKAT Ç.","hesId":"hes177-136","distanceKm":9.31,"coordinateSource":"TATUS Layer 4"}},{"type":"Feature","id":"station177-1136","geometry":{"type":"Point","coordinates":[36.98139000000003,40.710830000000044]},"properties":{"OBJECTID":1136,"IstNo":42014155,"SuAdi":"DEĞİRMENDERE","IstAdi":"UMUT 2 HES DEĞİRMENDERE-1 CANSUYU","BolgeNo":7,"ILKODU":52,"ILCEKODU":1119,"HAVZA_ID":14,"entityId":"station177-1136","entityType":"hesStations177","id":"station177-1136","name":"UMUT 2 HES DEĞİRMENDERE-1 CANSUYU","stationId":42014155,"basinId":"14","status":"no_data","color":"#94a3b8","radius":7,"riverName":"DEĞİRMENDERE","hesId":"hes177-166","distanceKm":5.11,"coordinateSource":"TATUS Layer 4"}},{"type":"Feature","id":"station177-1137","geometry":{"type":"Point","coordinates":[37.01556000000005,40.78861000000006]},"properties":{"OBJECTID":1137,"IstNo":42014157,"SuAdi":"MİSTAN DERE","IstAdi":"UMUT-2 HES MİSTAN DERE CANSUYU","BolgeNo":7,"ILKODU":52,"ILCEKODU":1119,"HAVZA_ID":14,"entityId":"station177-1137","entityType":"hesStations177","id":"station177-1137","name":"UMUT-2 HES MİSTAN DERE CANSUYU","stationId":42014157,"basinId":"14","status":"no_data","color":"#94a3b8","radius":7,"riverName":"MİSTAN DERE","hesId":"hes177-166","distanceKm":9.49,"coordinateSource":"TATUS Layer 4"}},{"type":"Feature","id":"station177-1138","geometry":{"type":"Point","coordinates":[36.996390000000076,40.80528000000004]},"properties":{"OBJECTID":1138,"IstNo":42014158,"SuAdi":"DEĞİRMENDERE","IstAdi":"UMUT 2 HES DEĞİRMENDERE 2 CANSUYU","BolgeNo":7,"ILKODU":52,"ILCEKODU":1119,"HAVZA_ID":14,"entityId":"station177-1138","entityType":"hesStations177","id":"station177-1138","name":"UMUT 2 HES DEĞİRMENDERE 2 CANSUYU","stationId":42014158,"basinId":"14","status":"no_data","color":"#94a3b8","radius":7,"riverName":"DEĞİRMENDERE","hesId":"hes177-166","distanceKm":9.75,"coordinateSource":"TATUS Layer 4"}},{"type":"Feature","id":"station177-1139","geometry":{"type":"Point","coordinates":[36.150000000000034,40.73583000000008]},"properties":{"OBJECTID":1139,"IstNo":42014167,"SuAdi":"YEŞİLIRMAK NEHRİ","IstAdi":"YAVUZ HES CANSUYU AGİ","BolgeNo":7,"ILKODU":5,"ILCEKODU":1668,"HAVZA_ID":14,"entityId":"station177-1139","entityType":"hesStations177","id":"station177-1139","name":"YAVUZ HES CANSUYU AGİ","stationId":42014167,"basinId":"14","status":"no_data","color":"#94a3b8","radius":7,"riverName":"YEŞİLIRMAK NEHRİ","hesId":"hes177-172","distanceKm":24.86,"coordinateSource":"TATUS Layer 4"}},{"type":"Feature","id":"station177-1142","geometry":{"type":"Point","coordinates":[37.26305000000008,40.49333000000007]},"properties":{"OBJECTID":1142,"IstNo":42014172,"SuAdi":"ZİNAV DERE","IstAdi":"ONUR HES CANSUYU AGİ","BolgeNo":7,"ILKODU":60,"ILCEKODU":1584,"HAVZA_ID":14,"entityId":"station177-1142","entityType":"hesStations177","id":"station177-1142","name":"ONUR HES CANSUYU AGİ","stationId":42014172,"basinId":"14","status":"no_data","color":"#94a3b8","radius":7,"riverName":"ZİNAV DERE","hesId":"hes177-159","distanceKm":13.86,"coordinateSource":"TATUS Layer 4"}},{"type":"Feature","id":"station177-1143","geometry":{"type":"Point","coordinates":[37.37722000000008,40.21556000000004]},"properties":{"OBJECTID":1143,"IstNo":42014187,"SuAdi":"TOZANLI Ç.","IstAdi":"SUÇATI HES CANSUYU ","BolgeNo":7,"ILKODU":60,"ILCEKODU":1129,"HAVZA_ID":14,"entityId":"station177-1143","entityType":"hesStations177","id":"station177-1143","name":"SUÇATI HES CANSUYU ","stationId":42014187,"basinId":"14","status":"no_data","color":"#94a3b8","radius":7,"riverName":"TOZANLI Ç.","hesId":"hes177-136","distanceKm":17.16,"coordinateSource":"TATUS Layer 4"}},{"type":"Feature","id":"station177-1144","geometry":{"type":"Point","coordinates":[37.43444000000005,40.448060000000055]},"properties":{"OBJECTID":1144,"IstNo":42014199,"SuAdi":"DELİCE ÇAYI","IstAdi":"TUNA HES CANSUYU AGİ","BolgeNo":7,"ILKODU":60,"ILCEKODU":1584,"HAVZA_ID":14,"entityId":"station177-1144","entityType":"hesStations177","id":"station177-1144","name":"TUNA HES CANSUYU AGİ","stationId":42014199,"basinId":"14","status":"no_data","color":"#94a3b8","radius":7,"riverName":"DELİCE ÇAYI","hesId":"hes177-163","distanceKm":8.92,"coordinateSource":"TATUS Layer 4"}},{"type":"Feature","id":"station177-1145","geometry":{"type":"Point","coordinates":[36.57889000000006,40.74028000000004]},"properties":{"OBJECTID":1145,"IstNo":42014200,"SuAdi":"KELKİT N.","IstAdi":"TEPEKIŞLA HES CANSUYU DEBİMETRE","BolgeNo":7,"ILKODU":60,"ILCEKODU":1308,"HAVZA_ID":14,"entityId":"station177-1145","entityType":"hesStations177","id":"station177-1145","name":"TEPEKIŞLA HES CANSUYU DEBİMETRE","stationId":42014200,"basinId":"14","status":"no_data","color":"#94a3b8","radius":7,"riverName":"KELKİT N.","hesId":"hes177-156","distanceKm":13.62,"coordinateSource":"TATUS Layer 4"}},{"type":"Feature","id":"station177-1146","geometry":{"type":"Point","coordinates":[37.650000000000034,40.31556000000006]},"properties":{"OBJECTID":1146,"IstNo":42014201,"SuAdi":"YEŞİLIRMAK","IstAdi":"ÇİLEHANE HES CANSUYU AGİ","BolgeNo":7,"ILKODU":60,"ILCEKODU":1484,"HAVZA_ID":14,"entityId":"station177-1146","entityType":"hesStations177","id":"station177-1146","name":"ÇİLEHANE HES CANSUYU AGİ","stationId":42014201,"basinId":"14","status":"no_data","color":"#94a3b8","radius":7,"riverName":"YEŞİLIRMAK","hesId":"hes177-115","distanceKm":11.44,"coordinateSource":"TATUS Layer 4"}},{"type":"Feature","id":"station177-1147","geometry":{"type":"Point","coordinates":[36.36889000000008,40.738060000000075]},"properties":{"OBJECTID":1147,"IstNo":42014204,"SuAdi":"YEŞİLIRMAK NEHIRI","IstAdi":"UMUTLU HES CANSUYU AGİ","BolgeNo":7,"ILKODU":5,"ILCEKODU":1668,"HAVZA_ID":14,"entityId":"station177-1147","entityType":"hesStations177","id":"station177-1147","name":"UMUTLU HES CANSUYU AGİ","stationId":42014204,"basinId":"14","status":"no_data","color":"#94a3b8","radius":7,"riverName":"YEŞİLIRMAK NEHIRI","hesId":"hes177-172","distanceKm":15.47,"coordinateSource":"TATUS Layer 4"}},{"type":"Feature","id":"station177-1150","geometry":{"type":"Point","coordinates":[37.27111000000008,40.44305000000003]},"properties":{"OBJECTID":1150,"IstNo":42014214,"SuAdi":"ZİNAV DERE","IstAdi":"ÇAMLICA HES CANSUYU AGİ","BolgeNo":7,"ILKODU":60,"ILCEKODU":1584,"HAVZA_ID":14,"entityId":"station177-1150","entityType":"hesStations177","id":"station177-1150","name":"ÇAMLICA HES CANSUYU AGİ","stationId":42014214,"basinId":"14","status":"no_data","color":"#94a3b8","radius":7,"riverName":"ZİNAV DERE","hesId":"hes177-159","distanceKm":13.22,"coordinateSource":"TATUS Layer 4"}},{"type":"Feature","id":"station177-1152","geometry":{"type":"Point","coordinates":[36.87500000000006,40.42500000000007]},"properties":{"OBJECTID":1152,"IstNo":42014219,"SuAdi":"YEŞİLIRMAK N.","IstAdi":"ALMUS+ATAKÖY HES CANSUYU AGİ","BolgeNo":7,"ILKODU":60,"ILCEKODU":1129,"HAVZA_ID":14,"entityId":"station177-1152","entityType":"hesStations177","id":"station177-1152","name":"ALMUS+ATAKÖY HES CANSUYU AGİ","stationId":42014219,"basinId":"14","status":"no_data","color":"#94a3b8","radius":7,"riverName":"YEŞİLIRMAK N.","hesId":"hes177-024","distanceKm":0.54,"coordinateSource":"TATUS Layer 4"}},{"type":"Feature","id":"station177-1153","geometry":{"type":"Point","coordinates":[36.92778000000004,40.49361000000005]},"properties":{"OBJECTID":1153,"IstNo":42014220,"SuAdi":"YEŞİLIRMAK N.","IstAdi":"KÖKLÜCE HES SANTRAL KUYRUKSUYU ÇIKIŞI AGİ","BolgeNo":7,"ILKODU":60,"ILCEKODU":1545,"HAVZA_ID":14,"entityId":"station177-1153","entityType":"hesStations177","id":"station177-1153","name":"KÖKLÜCE HES SANTRAL KUYRUKSUYU ÇIKIŞI AGİ","stationId":42014220,"basinId":"14","status":"no_data","color":"#94a3b8","radius":7,"riverName":"YEŞİLIRMAK N.","hesId":"hes177-024","distanceKm":8.57,"coordinateSource":"TATUS Layer 4"}},{"type":"Feature","id":"station177-1156","geometry":{"type":"Point","coordinates":[35.549450000000036,40.04889000000003]},"properties":{"OBJECTID":1156,"IstNo":42014223,"SuAdi":"ÇEKEREK IRMAĞI","IstAdi":"ÇEKEREK BARAJI CANSUYU AGİ","BolgeNo":7,"ILKODU":-1,"ILCEKODU":1245,"HAVZA_ID":14,"entityId":"station177-1156","entityType":"hesStations177","id":"station177-1156","name":"ÇEKEREK BARAJI CANSUYU AGİ","stationId":42014223,"basinId":"14","status":"no_data","color":"#94a3b8","radius":7,"riverName":"ÇEKEREK IRMAĞI","hesId":"hes177-050","distanceKm":1.24,"coordinateSource":"TATUS Layer 4"}},{"type":"Feature","id":"station177-1159","geometry":{"type":"Point","coordinates":[38.417500000000075,40.302220000000034]},"properties":{"OBJECTID":1159,"IstNo":42014233,"SuAdi":"ALAÇURA Ç.","IstAdi":"BURÇAK II CANSUYU","BolgeNo":22,"ILKODU":28,"ILCEKODU":1654,"HAVZA_ID":14,"entityId":"station177-1159","entityType":"hesStations177","id":"station177-1159","name":"BURÇAK II CANSUYU","stationId":42014233,"basinId":"14","status":"no_data","color":"#94a3b8","radius":7,"riverName":"ALAÇURA Ç.","hesId":"hes177-109","distanceKm":20.6,"coordinateSource":"TATUS Layer 4"}},{"type":"Feature","id":"station177-1160","geometry":{"type":"Point","coordinates":[38.74878000000007,40.167680000000075]},"properties":{"OBJECTID":1160,"IstNo":42014234,"SuAdi":"KELKİT ÇAYI","IstAdi":"YAKINCA HES CANSUYU","BolgeNo":22,"ILKODU":28,"ILCEKODU":1893,"HAVZA_ID":14,"entityId":"station177-1160","entityType":"hesStations177","id":"station177-1160","name":"YAKINCA HES CANSUYU","stationId":42014234,"basinId":"14","status":"no_data","color":"#94a3b8","radius":7,"riverName":"KELKİT ÇAYI","hesId":"hes177-150","distanceKm":17.4,"coordinateSource":"TATUS Layer 4"}},{"type":"Feature","id":"station177-1161","geometry":{"type":"Point","coordinates":[38.80371000000008,40.18447000000003]},"properties":{"OBJECTID":1161,"IstNo":42014406,"SuAdi":"KELKİT ÇAYI","IstAdi":"MURATLI HES CANSUYU","BolgeNo":22,"ILKODU":28,"ILCEKODU":1893,"HAVZA_ID":14,"entityId":"station177-1161","entityType":"hesStations177","id":"station177-1161","name":"MURATLI HES CANSUYU","stationId":42014406,"basinId":"14","status":"no_data","color":"#94a3b8","radius":7,"riverName":"KELKİT ÇAYI","hesId":"hes177-150","distanceKm":21.9,"coordinateSource":"TATUS Layer 4"}},{"type":"Feature","id":"station177-1162","geometry":{"type":"Point","coordinates":[38.794250000000034,40.146070000000066]},"properties":{"OBJECTID":1162,"IstNo":42014412,"SuAdi":"KELKİT ÇAYI","IstAdi":"KOÇAK HES CANSUYU","BolgeNo":22,"ILKODU":28,"ILCEKODU":1893,"HAVZA_ID":14,"entityId":"station177-1162","entityType":"hesStations177","id":"station177-1162","name":"KOÇAK HES CANSUYU","stationId":42014412,"basinId":"14","status":"no_data","color":"#94a3b8","radius":7,"riverName":"KELKİT ÇAYI","hesId":"hes177-150","distanceKm":18.47,"coordinateSource":"TATUS Layer 4"}},{"type":"Feature","id":"station177-1164","geometry":{"type":"Point","coordinates":[33.38778000000008,39.42861000000005]},"properties":{"OBJECTID":1164,"IstNo":42015002,"SuAdi":"KIZILIRMAK","IstAdi":"SEMA REG. VE HES","BolgeNo":5,"ILKODU":71,"ILCEKODU":1167,"HAVZA_ID":15,"entityId":"station177-1164","entityType":"hesStations177","id":"station177-1164","name":"SEMA REG. VE HES","stationId":42015002,"basinId":"15","status":"no_data","color":"#94a3b8","radius":7,"riverName":"KIZILIRMAK","hesId":"hes177-107","distanceKm":4.64,"coordinateSource":"TATUS Layer 4"}},{"type":"Feature","id":"station177-1167","geometry":{"type":"Point","coordinates":[34.802220000000034,40.783330000000035]},"properties":{"OBJECTID":1167,"IstNo":42015006,"SuAdi":"KIZILIRMAK","IstAdi":"PİRİNÇLİ REG. HES","BolgeNo":5,"ILKODU":19,"ILCEKODU":1911,"HAVZA_ID":15,"entityId":"station177-1167","entityType":"hesStations177","id":"station177-1167","name":"PİRİNÇLİ REG. HES","stationId":42015006,"basinId":"15","status":"no_data","color":"#94a3b8","radius":7,"riverName":"KIZILIRMAK","hesId":"hes177-132","distanceKm":1.88,"coordinateSource":"TATUS Layer 4"}},{"type":"Feature","id":"station177-1170","geometry":{"type":"Point","coordinates":[34.651110000000074,41.00000000000006]},"properties":{"OBJECTID":1170,"IstNo":42015012,"SuAdi":"KIZILIRMAK NEHRİ","IstAdi":"KARGI HES (CAN SUYU)","BolgeNo":5,"ILKODU":19,"ILCEKODU":1558,"HAVZA_ID":15,"entityId":"station177-1170","entityType":"hesStations177","id":"station177-1170","name":"KARGI HES (CAN SUYU)","stationId":42015012,"basinId":"15","status":"no_data","color":"#94a3b8","radius":7,"riverName":"KIZILIRMAK NEHRİ","hesId":"hes177-098","distanceKm":11.79,"coordinateSource":"TATUS Layer 4"}},{"type":"Feature","id":"station177-1171","geometry":{"type":"Point","coordinates":[34.65250000000003,40.99556000000007]},"properties":{"OBJECTID":1171,"IstNo":42015013,"SuAdi":"KIZILIRMAK NEHRİ","IstAdi":"KARGI HES (BALIK GEÇİDİ)","BolgeNo":5,"ILKODU":19,"ILCEKODU":1558,"HAVZA_ID":15,"entityId":"station177-1171","entityType":"hesStations177","id":"station177-1171","name":"KARGI HES (BALIK GEÇİDİ)","stationId":42015013,"basinId":"15","status":"no_data","color":"#94a3b8","radius":7,"riverName":"KIZILIRMAK NEHRİ","hesId":"hes177-098","distanceKm":12.28,"coordinateSource":"TATUS Layer 4"}},{"type":"Feature","id":"station177-1173","geometry":{"type":"Point","coordinates":[36.25028000000003,39.38250000000005]},"properties":{"OBJECTID":1173,"IstNo":42015025,"SuAdi":"KIZILIRMAK N.","IstAdi":"SARAÇBENDİ HES CANSUYU","BolgeNo":19,"ILKODU":58,"ILCEKODU":1650,"HAVZA_ID":15,"entityId":"station177-1173","entityType":"hesStations177","id":"station177-1173","name":"SARAÇBENDİ HES CANSUYU","stationId":42015025,"basinId":"15","status":"no_data","color":"#94a3b8","radius":7,"riverName":"KIZILIRMAK N.","hesId":"hes177-051","distanceKm":14.55,"coordinateSource":"TATUS Layer 4"}},{"type":"Feature","id":"station177-1180","geometry":{"type":"Point","coordinates":[34.776940000000025,41.467220000000054]},"properties":{"OBJECTID":1180,"IstNo":42015142,"SuAdi":"KIZILIRMAK N.","IstAdi":"BOYABAT HES CANSUYU","BolgeNo":7,"ILKODU":57,"ILCEKODU":1204,"HAVZA_ID":15,"entityId":"station177-1180","entityType":"hesStations177","id":"station177-1180","name":"BOYABAT HES CANSUYU","stationId":42015142,"basinId":"15","status":"no_data","color":"#94a3b8","radius":7,"riverName":"KIZILIRMAK N.","hesId":"hes177-040","distanceKm":23.46,"coordinateSource":"TATUS Layer 4"}},{"type":"Feature","id":"station177-1182","geometry":{"type":"Point","coordinates":[35.29167000000007,38.77222000000006]},"properties":{"OBJECTID":1182,"IstNo":42015148,"SuAdi":"KARASU","IstAdi":"MOLU HES CANSUYU","BolgeNo":12,"ILKODU":38,"ILCEKODU":1863,"HAVZA_ID":15,"entityId":"station177-1182","entityType":"hesStations177","id":"station177-1182","name":"MOLU HES CANSUYU","stationId":42015148,"basinId":"15","status":"no_data","color":"#94a3b8","radius":7,"riverName":"KARASU","hesId":"hes177-171","distanceKm":14.8,"coordinateSource":"TATUS Layer 4"}},{"type":"Feature","id":"station177-1183","geometry":{"type":"Point","coordinates":[35.22445000000005,38.85722000000004]},"properties":{"OBJECTID":1183,"IstNo":42015149,"SuAdi":"KIZILIRMAK","IstAdi":"AKINCI-2 HES CANSUYU","BolgeNo":12,"ILKODU":38,"ILCEKODU":1863,"HAVZA_ID":15,"entityId":"station177-1183","entityType":"hesStations177","id":"station177-1183","name":"AKINCI-2 HES CANSUYU","stationId":42015149,"basinId":"15","status":"no_data","color":"#94a3b8","radius":7,"riverName":"KIZILIRMAK","hesId":"hes177-171","distanceKm":6.42,"coordinateSource":"TATUS Layer 4"}},{"type":"Feature","id":"station177-1184","geometry":{"type":"Point","coordinates":[34.84863000000007,38.71623000000005]},"properties":{"OBJECTID":1184,"IstNo":42015150,"SuAdi":"KIZILIRMAK N.","IstAdi":"SARIHIDIR HES CANSUYU İST.","BolgeNo":12,"ILKODU":50,"ILCEKODU":1155,"HAVZA_ID":15,"entityId":"station177-1184","entityType":"hesStations177","id":"station177-1184","name":"SARIHIDIR HES CANSUYU İST.","stationId":42015150,"basinId":"15","status":"no_data","color":"#94a3b8","radius":7,"riverName":"KIZILIRMAK N.","hesId":"hes177-033","distanceKm":11.51,"coordinateSource":"TATUS Layer 4"}},{"type":"Feature","id":"station177-1187","geometry":{"type":"Point","coordinates":[35.919800000000066,41.60723000000007]},"properties":{"OBJECTID":1187,"IstNo":42015318,"SuAdi":"KIZILIRMAK NEHRİ","IstAdi":"DERBENT BARAJI CANSUYU AGİ","BolgeNo":7,"ILKODU":55,"ILCEKODU":1164,"HAVZA_ID":15,"entityId":"station177-1187","entityType":"hesStations177","id":"station177-1187","name":"DERBENT BARAJI CANSUYU AGİ","stationId":42015318,"basinId":"15","status":"no_data","color":"#94a3b8","radius":7,"riverName":"KIZILIRMAK NEHRİ","hesId":"hes177-058","distanceKm":17.49,"coordinateSource":"TATUS Layer 4"}},{"type":"Feature","id":"station177-1190","geometry":{"type":"Point","coordinates":[32.843630000000076,36.08092000000005]},"properties":{"OBJECTID":1190,"IstNo":42017001,"SuAdi":"SUGÖZÜDERE","IstAdi":"YAZILI HES","BolgeNo":6,"ILKODU":33,"ILCEKODU":1135,"HAVZA_ID":17,"entityId":"station177-1190","entityType":"hesStations177","id":"station177-1190","name":"YAZILI HES","stationId":42017001,"basinId":"17","status":"no_data","color":"#94a3b8","radius":7,"riverName":"SUGÖZÜDERE","hesId":"hes177-008","distanceKm":12.12,"coordinateSource":"TATUS Layer 4"}},{"type":"Feature","id":"station177-1191","geometry":{"type":"Point","coordinates":[32.83250000000004,36.116940000000056]},"properties":{"OBJECTID":1191,"IstNo":42017002,"SuAdi":"SUGÖZÜDERE","IstAdi":"DAĞBAŞI HES","BolgeNo":6,"ILKODU":33,"ILCEKODU":1135,"HAVZA_ID":17,"entityId":"station177-1191","entityType":"hesStations177","id":"station177-1191","name":"DAĞBAŞI HES","stationId":42017002,"basinId":"17","status":"no_data","color":"#94a3b8","radius":7,"riverName":"SUGÖZÜDERE","hesId":"hes177-008","distanceKm":9.13,"coordinateSource":"TATUS Layer 4"}},{"type":"Feature","id":"station177-1192","geometry":{"type":"Point","coordinates":[32.827150000000074,36.09054000000003]},"properties":{"OBJECTID":1192,"IstNo":42017003,"SuAdi":"ANAMUR  ÇAYI","IstAdi":"OTLUCA I HES","BolgeNo":6,"ILKODU":33,"ILCEKODU":1135,"HAVZA_ID":17,"entityId":"station177-1192","entityType":"hesStations177","id":"station177-1192","name":"OTLUCA I HES","stationId":42017003,"basinId":"17","status":"no_data","color":"#94a3b8","radius":7,"riverName":"ANAMUR  ÇAYI","hesId":"hes177-008","distanceKm":11.82,"coordinateSource":"TATUS Layer 4"}},{"type":"Feature","id":"station177-1193","geometry":{"type":"Point","coordinates":[32.84070000000003,36.08439000000004]},"properties":{"OBJECTID":1193,"IstNo":42017004,"SuAdi":"ANAMUR ÇAYI","IstAdi":"OTLUCA II HES","BolgeNo":6,"ILKODU":33,"ILCEKODU":1135,"HAVZA_ID":17,"entityId":"station177-1193","entityType":"hesStations177","id":"station177-1193","name":"OTLUCA II HES","stationId":42017004,"basinId":"17","status":"no_data","color":"#94a3b8","radius":7,"riverName":"ANAMUR ÇAYI","hesId":"hes177-008","distanceKm":11.87,"coordinateSource":"TATUS Layer 4"}},{"type":"Feature","id":"station177-1199","geometry":{"type":"Point","coordinates":[34.606930000000034,37.16563000000008]},"properties":{"OBJECTID":1199,"IstNo":42017010,"SuAdi":"PAMUKLUK ÇAYI","IstAdi":"PAMUK HES","BolgeNo":6,"ILKODU":33,"ILCEKODU":1892,"HAVZA_ID":17,"entityId":"station177-1199","entityType":"hesStations177","id":"station177-1199","name":"PAMUK HES","stationId":42017010,"basinId":"17","status":"no_data","color":"#94a3b8","radius":7,"riverName":"PAMUKLUK ÇAYI","hesId":"hes177-087","distanceKm":18.3,"coordinateSource":"TATUS Layer 4"}},{"type":"Feature","id":"station177-1203","geometry":{"type":"Point","coordinates":[34.898070000000075,36.95428000000004]},"properties":{"OBJECTID":1203,"IstNo":42017014,"SuAdi":"KADINCIK ÇAYI","IstAdi":"GÖK HES","BolgeNo":6,"ILKODU":33,"ILCEKODU":1665,"HAVZA_ID":17,"entityId":"station177-1203","entityType":"hesStations177","id":"station177-1203","name":"GÖK HES","stationId":42017014,"basinId":"17","status":"no_data","color":"#94a3b8","radius":7,"riverName":"KADINCIK ÇAYI","hesId":"hes177-088","distanceKm":10.02,"coordinateSource":"TATUS Layer 4"}},{"type":"Feature","id":"station177-1204","geometry":{"type":"Point","coordinates":[34.88464000000005,36.97806000000003]},"properties":{"OBJECTID":1204,"IstNo":42017015,"SuAdi":"CEHENNEM DERE","IstAdi":"SEBİL HES CANSUYU","BolgeNo":6,"ILKODU":33,"ILCEKODU":1665,"HAVZA_ID":17,"entityId":"station177-1204","entityType":"hesStations177","id":"station177-1204","name":"SEBİL HES CANSUYU","stationId":42017015,"basinId":"17","status":"no_data","color":"#94a3b8","radius":7,"riverName":"CEHENNEM DERE","hesId":"hes177-088","distanceKm":7.14,"coordinateSource":"TATUS Layer 4"}},{"type":"Feature","id":"station177-1205","geometry":{"type":"Point","coordinates":[32.83222000000006,36.26000000000005]},"properties":{"OBJECTID":1205,"IstNo":42017016,"SuAdi":"BOĞUNTU DERESİ","IstAdi":"BOĞUNTU HES CANSUYU","BolgeNo":6,"ILKODU":33,"ILCEKODU":1135,"HAVZA_ID":17,"entityId":"station177-1205","entityType":"hesStations177","id":"station177-1205","name":"BOĞUNTU HES CANSUYU","stationId":42017016,"basinId":"17","status":"no_data","color":"#94a3b8","radius":7,"riverName":"BOĞUNTU DERESİ","hesId":"hes177-008","distanceKm":10.37,"coordinateSource":"TATUS Layer 4"}},{"type":"Feature","id":"station177-1207","geometry":{"type":"Point","coordinates":[32.84070000000003,36.075510000000065]},"properties":{"OBJECTID":1207,"IstNo":42017021,"SuAdi":"ANAMUR Ç.","IstAdi":"ALAKÖPRÜ BARAJI VE HES","BolgeNo":6,"ILKODU":33,"ILCEKODU":1135,"HAVZA_ID":17,"entityId":"station177-1207","entityType":"hesStations177","id":"station177-1207","name":"ALAKÖPRÜ BARAJI VE HES","stationId":42017021,"basinId":"17","status":"no_data","color":"#94a3b8","radius":7,"riverName":"ANAMUR Ç.","hesId":"hes177-008","distanceKm":12.77,"coordinateSource":"TATUS Layer 4"}},{"type":"Feature","id":"station177-1225","geometry":{"type":"Point","coordinates":[35.06836000000004,37.28425000000004]},"properties":{"OBJECTID":1225,"IstNo":42018004,"SuAdi":"EĞLENCE ÇAYI","IstAdi":"EĞLENCE I HES","BolgeNo":6,"ILKODU":1,"ILCEKODU":1437,"HAVZA_ID":18,"entityId":"station177-1225","entityType":"hesStations177","id":"station177-1225","name":"EĞLENCE I HES","stationId":42018004,"basinId":"18","status":"no_data","color":"#94a3b8","radius":7,"riverName":"EĞLENCE ÇAYI","hesId":"hes177-048","distanceKm":21.15,"coordinateSource":"TATUS Layer 4"}},{"type":"Feature","id":"station177-1226","geometry":{"type":"Point","coordinates":[35.06042000000008,37.29773000000006]},"properties":{"OBJECTID":1226,"IstNo":42018005,"SuAdi":"EĞLENCE ÇAYI","IstAdi":"EĞLENCE II HES","BolgeNo":6,"ILKODU":1,"ILCEKODU":1437,"HAVZA_ID":18,"entityId":"station177-1226","entityType":"hesStations177","id":"station177-1226","name":"EĞLENCE II HES","stationId":42018005,"basinId":"18","status":"no_data","color":"#94a3b8","radius":7,"riverName":"EĞLENCE ÇAYI","hesId":"hes177-048","distanceKm":22.47,"coordinateSource":"TATUS Layer 4"}},{"type":"Feature","id":"station177-1227","geometry":{"type":"Point","coordinates":[35.83191000000005,37.515540000000044]},"properties":{"OBJECTID":1227,"IstNo":42018006,"SuAdi":"SALAM D.","IstAdi":"KIY HES","BolgeNo":6,"ILKODU":1,"ILCEKODU":1486,"HAVZA_ID":20,"entityId":"station177-1227","entityType":"hesStations177","id":"station177-1227","name":"KIY HES","stationId":42018006,"basinId":"20","status":"no_data","color":"#94a3b8","radius":7,"riverName":"SALAM D.","hesId":"hes177-170","distanceKm":16.79,"coordinateSource":"TATUS Layer 4"}},{"type":"Feature","id":"station177-1230","geometry":{"type":"Point","coordinates":[35.89233000000007,37.85461000000004]},"properties":{"OBJECTID":1230,"IstNo":42018009,"SuAdi":"GÖKSU N.","IstAdi":"HİMMETLI HES","BolgeNo":6,"ILKODU":1,"ILCEKODU":1329,"HAVZA_ID":18,"entityId":"station177-1230","entityType":"hesStations177","id":"station177-1230","name":"HİMMETLI HES","stationId":42018009,"basinId":"18","status":"no_data","color":"#94a3b8","radius":7,"riverName":"GÖKSU N.","hesId":"hes177-070","distanceKm":12.43,"coordinateSource":"TATUS Layer 4"}},{"type":"Feature","id":"station177-1231","geometry":{"type":"Point","coordinates":[35.90112000000005,37.86569000000003]},"properties":{"OBJECTID":1231,"IstNo":42018010,"SuAdi":"GÖKSU NEHRİ","IstAdi":"FEKE I HES","BolgeNo":6,"ILKODU":1,"ILCEKODU":1329,"HAVZA_ID":18,"entityId":"station177-1231","entityType":"hesStations177","id":"station177-1231","name":"FEKE I HES","stationId":42018010,"basinId":"18","status":"no_data","color":"#94a3b8","radius":7,"riverName":"GÖKSU NEHRİ","hesId":"hes177-070","distanceKm":13.8,"coordinateSource":"TATUS Layer 4"}},{"type":"Feature","id":"station177-1232","geometry":{"type":"Point","coordinates":[35.81543000000005,37.48939000000007]},"properties":{"OBJECTID":1232,"IstNo":42018011,"SuAdi":"SEYHAN NEHRİ","IstAdi":"KAVŞAKBENDİ HES","BolgeNo":6,"ILKODU":1,"ILCEKODU":1486,"HAVZA_ID":20,"entityId":"station177-1232","entityType":"hesStations177","id":"station177-1232","name":"KAVŞAKBENDİ HES","stationId":42018011,"basinId":"20","status":"no_data","color":"#94a3b8","radius":7,"riverName":"SEYHAN NEHRİ","hesId":"hes177-170","distanceKm":18.33,"coordinateSource":"TATUS Layer 4"}},{"type":"Feature","id":"station177-1233","geometry":{"type":"Point","coordinates":[35.897830000000056,37.85461000000004]},"properties":{"OBJECTID":1233,"IstNo":42018012,"SuAdi":"TAŞLIK DERE","IstAdi":"ÇORAKLI HES","BolgeNo":6,"ILKODU":1,"ILCEKODU":1329,"HAVZA_ID":18,"entityId":"station177-1233","entityType":"hesStations177","id":"station177-1233","name":"ÇORAKLI HES","stationId":42018012,"basinId":"18","status":"no_data","color":"#94a3b8","radius":7,"riverName":"TAŞLIK DERE","hesId":"hes177-070","distanceKm":12.53,"coordinateSource":"TATUS Layer 4"}},{"type":"Feature","id":"station177-1234","geometry":{"type":"Point","coordinates":[35.925290000000075,37.85895000000005]},"properties":{"OBJECTID":1234,"IstNo":42018013,"SuAdi":"ASMACA ÇAYI","IstAdi":"SARITEPE HES","BolgeNo":6,"ILKODU":1,"ILCEKODU":1329,"HAVZA_ID":18,"entityId":"station177-1234","entityType":"hesStations177","id":"station177-1234","name":"SARITEPE HES","stationId":42018013,"basinId":"18","status":"no_data","color":"#94a3b8","radius":7,"riverName":"ASMACA ÇAYI","hesId":"hes177-070","distanceKm":13.74,"coordinateSource":"TATUS Layer 4"}},{"type":"Feature","id":"station177-1235","geometry":{"type":"Point","coordinates":[35.83740000000006,37.49852000000004]},"properties":{"OBJECTID":1235,"IstNo":42018014,"SuAdi":"ZAMANTİ NEHRİ","IstAdi":"GÖKTAŞ II HES","BolgeNo":6,"ILKODU":1,"ILCEKODU":1486,"HAVZA_ID":20,"entityId":"station177-1235","entityType":"hesStations177","id":"station177-1235","name":"GÖKTAŞ II HES","stationId":42018014,"basinId":"20","status":"no_data","color":"#94a3b8","radius":7,"riverName":"ZAMANTİ NEHRİ","hesId":"hes177-170","distanceKm":16.31,"coordinateSource":"TATUS Layer 4"}},{"type":"Feature","id":"station177-1237","geometry":{"type":"Point","coordinates":[35.12667000000005,37.33889000000005]},"properties":{"OBJECTID":1237,"IstNo":42018016,"SuAdi":"KÖRKÜN ÇAYI","IstAdi":"AHMETLİ HES","BolgeNo":6,"ILKODU":1,"ILCEKODU":1437,"HAVZA_ID":18,"entityId":"station177-1237","entityType":"hesStations177","id":"station177-1237","name":"AHMETLİ HES","stationId":42018016,"basinId":"18","status":"no_data","color":"#94a3b8","radius":7,"riverName":"KÖRKÜN ÇAYI","hesId":"hes177-048","distanceKm":20.77,"coordinateSource":"TATUS Layer 4"}},{"type":"Feature","id":"station177-1239","geometry":{"type":"Point","coordinates":[36.837230000000034,37.71175000000005]},"properties":{"OBJECTID":1239,"IstNo":42018018,"SuAdi":"DOĞANÇAY","IstAdi":"DOĞANÇAY REGÜLATÖRÜ VE HES","BolgeNo":6,"ILKODU":1,"ILCEKODU":2085,"HAVZA_ID":20,"entityId":"station177-1239","entityType":"hesStations177","id":"station177-1239","name":"DOĞANÇAY REGÜLATÖRÜ VE HES","stationId":42018018,"basinId":"20","status":"no_data","color":"#94a3b8","radius":7,"riverName":"DOĞANÇAY","hesId":"hes177-127","distanceKm":4.09,"coordinateSource":"TATUS Layer 4"}},{"type":"Feature","id":"station177-1240","geometry":{"type":"Point","coordinates":[35.615000000000066,37.62028000000004]},"properties":{"OBJECTID":1240,"IstNo":42018019,"SuAdi":"GÖKSU N.","IstAdi":"KÖPRÜ BARAJI VE HES CANSUYU","BolgeNo":6,"ILKODU":1,"ILCEKODU":1486,"HAVZA_ID":18,"entityId":"station177-1240","entityType":"hesStations177","id":"station177-1240","name":"KÖPRÜ BARAJI VE HES CANSUYU","stationId":42018019,"basinId":"18","status":"no_data","color":"#94a3b8","radius":7,"riverName":"GÖKSU N.","hesId":"hes177-120","distanceKm":0.12,"coordinateSource":"TATUS Layer 4"}},{"type":"Feature","id":"station177-1244","geometry":{"type":"Point","coordinates":[35.50667000000004,37.88445000000007]},"properties":{"OBJECTID":1244,"IstNo":42018101,"SuAdi":"ZAMANTI IRMAĞI","IstAdi":"ÇAMLICA 3 HES CAN SUYU","BolgeNo":12,"ILKODU":38,"ILCEKODU":1715,"HAVZA_ID":18,"entityId":"station177-1244","entityType":"hesStations177","id":"station177-1244","name":"ÇAMLICA 3 HES CAN SUYU","stationId":42018101,"basinId":"18","status":"no_data","color":"#94a3b8","radius":7,"riverName":"ZAMANTI IRMAĞI","hesId":"hes177-076","distanceKm":19.51,"coordinateSource":"TATUS Layer 4"}},{"type":"Feature","id":"station177-1247","geometry":{"type":"Point","coordinates":[35.488890000000026,37.91500000000008]},"properties":{"OBJECTID":1247,"IstNo":42018105,"SuAdi":"ZAMANTI IRMAĞI","IstAdi":"ÇAMLICA 2 HES CAN SUYU","BolgeNo":12,"ILKODU":38,"ILCEKODU":1715,"HAVZA_ID":18,"entityId":"station177-1247","entityType":"hesStations177","id":"station177-1247","name":"ÇAMLICA 2 HES CAN SUYU","stationId":42018105,"basinId":"18","status":"no_data","color":"#94a3b8","radius":7,"riverName":"ZAMANTI IRMAĞI","hesId":"hes177-076","distanceKm":22.78,"coordinateSource":"TATUS Layer 4"}},{"type":"Feature","id":"station177-1248","geometry":{"type":"Point","coordinates":[35.560280000000034,38.049450000000036]},"properties":{"OBJECTID":1248,"IstNo":42018106,"SuAdi":"ZAMANTI IRMAĞI","IstAdi":"STS 1 HES CAN SUYU","BolgeNo":12,"ILKODU":38,"ILCEKODU":1715,"HAVZA_ID":18,"entityId":"station177-1248","entityType":"hesStations177","id":"station177-1248","name":"STS 1 HES CAN SUYU","stationId":42018106,"basinId":"18","status":"no_data","color":"#94a3b8","radius":7,"riverName":"ZAMANTI IRMAĞI","hesId":"hes177-078","distanceKm":23.87,"coordinateSource":"TATUS Layer 4"}},{"type":"Feature","id":"station177-1251","geometry":{"type":"Point","coordinates":[36.098610000000065,37.43306000000007]},"properties":{"OBJECTID":1251,"IstNo":42020030,"SuAdi":"SAVRUN ÇAYI","IstAdi":"SAYAN HES","BolgeNo":6,"ILKODU":80,"ILCEKODU":1423,"HAVZA_ID":20,"entityId":"station177-1251","entityType":"hesStations177","id":"station177-1251","name":"SAYAN HES","stationId":42020030,"basinId":"20","status":"no_data","color":"#94a3b8","radius":7,"riverName":"SAVRUN ÇAYI","hesId":"hes177-170","distanceKm":10.67,"coordinateSource":"TATUS Layer 4"}},{"type":"Feature","id":"station177-1252","geometry":{"type":"Point","coordinates":[36.10639000000003,37.42389000000003]},"properties":{"OBJECTID":1252,"IstNo":42020031,"SuAdi":"SAVRUN ÇAYI","IstAdi":"KÖROĞLU HES","BolgeNo":6,"ILKODU":80,"ILCEKODU":1423,"HAVZA_ID":20,"entityId":"station177-1252","entityType":"hesStations177","id":"station177-1252","name":"KÖROĞLU HES","stationId":42020031,"basinId":"20","status":"no_data","color":"#94a3b8","radius":7,"riverName":"SAVRUN ÇAYI","hesId":"hes177-170","distanceKm":11.9,"coordinateSource":"TATUS Layer 4"}},{"type":"Feature","id":"station177-1253","geometry":{"type":"Point","coordinates":[36.09555000000006,37.428330000000074]},"properties":{"OBJECTID":1253,"IstNo":42020032,"SuAdi":"SAVRUN ÇAYI","IstAdi":"KALEALTI I HES","BolgeNo":6,"ILKODU":80,"ILCEKODU":1423,"HAVZA_ID":20,"entityId":"station177-1253","entityType":"hesStations177","id":"station177-1253","name":"KALEALTI I HES","stationId":42020032,"basinId":"20","status":"no_data","color":"#94a3b8","radius":7,"riverName":"SAVRUN ÇAYI","hesId":"hes177-170","distanceKm":10.92,"coordinateSource":"TATUS Layer 4"}},{"type":"Feature","id":"station177-1254","geometry":{"type":"Point","coordinates":[36.09009000000003,37.42398000000003]},"properties":{"OBJECTID":1254,"IstNo":42020033,"SuAdi":"SAVRUN ÇAYI","IstAdi":"KALEALTI II HES","BolgeNo":6,"ILKODU":80,"ILCEKODU":1423,"HAVZA_ID":20,"entityId":"station177-1254","entityType":"hesStations177","id":"station177-1254","name":"KALEALTI II HES","stationId":42020033,"basinId":"20","status":"no_data","color":"#94a3b8","radius":7,"riverName":"SAVRUN ÇAYI","hesId":"hes177-170","distanceKm":11.05,"coordinateSource":"TATUS Layer 4"}},{"type":"Feature","id":"station177-1255","geometry":{"type":"Point","coordinates":[36.46362000000005,37.28425000000004]},"properties":{"OBJECTID":1255,"IstNo":42020034,"SuAdi":"SABUN SUYU","IstAdi":"GÖKBOYUN HES","BolgeNo":6,"ILKODU":80,"ILCEKODU":1743,"HAVZA_ID":20,"entityId":"station177-1255","entityType":"hesStations177","id":"station177-1255","name":"GÖKBOYUN HES","stationId":42020034,"basinId":"20","status":"no_data","color":"#94a3b8","radius":7,"riverName":"SABUN SUYU","hesId":"hes177-035","distanceKm":9.88,"coordinateSource":"TATUS Layer 4"}},{"type":"Feature","id":"station177-1256","geometry":{"type":"Point","coordinates":[36.46362000000005,37.24636000000004]},"properties":{"OBJECTID":1256,"IstNo":42020035,"SuAdi":"SABUN SUYU","IstAdi":"EREM HES","BolgeNo":6,"ILKODU":80,"ILCEKODU":1743,"HAVZA_ID":20,"entityId":"station177-1256","entityType":"hesStations177","id":"station177-1256","name":"EREM HES","stationId":42020035,"basinId":"20","status":"no_data","color":"#94a3b8","radius":7,"riverName":"SABUN SUYU","hesId":"hes177-035","distanceKm":14.09,"coordinateSource":"TATUS Layer 4"}},{"type":"Feature","id":"station177-1258","geometry":{"type":"Point","coordinates":[36.60095000000007,37.20044000000007]},"properties":{"OBJECTID":1258,"IstNo":42020037,"SuAdi":"HAMİS ÇAYI","IstAdi":"AKÇAKOYUN HES","BolgeNo":6,"ILKODU":80,"ILCEKODU":1165,"HAVZA_ID":20,"entityId":"station177-1258","entityType":"hesStations177","id":"station177-1258","name":"AKÇAKOYUN HES","stationId":42020037,"basinId":"20","status":"no_data","color":"#94a3b8","radius":7,"riverName":"HAMİS ÇAYI","hesId":"hes177-035","distanceKm":22.82,"coordinateSource":"TATUS Layer 4"}},{"type":"Feature","id":"station177-1259","geometry":{"type":"Point","coordinates":[36.90083000000004,37.615830000000074]},"properties":{"OBJECTID":1259,"IstNo":42020038,"SuAdi":"SÖĞÜTLÜBUYNU D.","IstAdi":"ÇAKMAK 1-2 HES CANSUYU ","BolgeNo":20,"ILKODU":46,"ILCEKODU":2085,"HAVZA_ID":20,"entityId":"station177-1259","entityType":"hesStations177","id":"station177-1259","name":"ÇAKMAK 1-2 HES CANSUYU ","stationId":42020038,"basinId":"20","status":"no_data","color":"#94a3b8","radius":7,"riverName":"SÖĞÜTLÜBUYNU D.","hesId":"hes177-138","distanceKm":5.8,"coordinateSource":"TATUS Layer 4"}},{"type":"Feature","id":"station177-1260","geometry":{"type":"Point","coordinates":[36.934330000000045,37.63114000000007]},"properties":{"OBJECTID":1260,"IstNo":42020039,"SuAdi":"TEKİR D.","IstAdi":"ÇATALOLUK HES CANSUYU","BolgeNo":20,"ILKODU":46,"ILCEKODU":2084,"HAVZA_ID":20,"entityId":"station177-1260","entityType":"hesStations177","id":"station177-1260","name":"ÇATALOLUK HES CANSUYU","stationId":42020039,"basinId":"20","status":"no_data","color":"#94a3b8","radius":7,"riverName":"TEKİR D.","hesId":"hes177-138","distanceKm":7.13,"coordinateSource":"TATUS Layer 4"}},{"type":"Feature","id":"station177-1262","geometry":{"type":"Point","coordinates":[36.34806000000003,37.58445000000006]},"properties":{"OBJECTID":1262,"IstNo":42020041,"SuAdi":"KÖRSULU Ç.","IstAdi":"DEĞİRMENÜSTÜ HES CANSUYU","BolgeNo":20,"ILKODU":46,"ILCEKODU":1136,"HAVZA_ID":20,"entityId":"station177-1262","entityType":"hesStations177","id":"station177-1262","name":"DEĞİRMENÜSTÜ HES CANSUYU","stationId":42020041,"basinId":"20","status":"no_data","color":"#94a3b8","radius":7,"riverName":"KÖRSULU Ç.","hesId":"hes177-015","distanceKm":11.04,"coordinateSource":"TATUS Layer 4"}},{"type":"Feature","id":"station177-1263","geometry":{"type":"Point","coordinates":[36.93028000000004,37.61167000000006]},"properties":{"OBJECTID":1263,"IstNo":42020042,"SuAdi":"FIRNIZ D.","IstAdi":"FIRNIZ HES CANSUYU","BolgeNo":20,"ILKODU":46,"ILCEKODU":2084,"HAVZA_ID":20,"entityId":"station177-1263","entityType":"hesStations177","id":"station177-1263","name":"FIRNIZ HES CANSUYU","stationId":42020042,"basinId":"20","status":"no_data","color":"#94a3b8","radius":7,"riverName":"FIRNIZ D.","hesId":"hes177-138","distanceKm":4.94,"coordinateSource":"TATUS Layer 4"}},{"type":"Feature","id":"station177-1264","geometry":{"type":"Point","coordinates":[36.35778000000005,37.58472000000006]},"properties":{"OBJECTID":1264,"IstNo":42020043,"SuAdi":"KÖRSULU","IstAdi":"GÖKGEDİK HES CANSUYU","BolgeNo":20,"ILKODU":46,"ILCEKODU":1136,"HAVZA_ID":20,"entityId":"station177-1264","entityType":"hesStations177","id":"station177-1264","name":"GÖKGEDİK HES CANSUYU","stationId":42020043,"basinId":"20","status":"no_data","color":"#94a3b8","radius":7,"riverName":"KÖRSULU","hesId":"hes177-015","distanceKm":11.79,"coordinateSource":"TATUS Layer 4"}},{"type":"Feature","id":"station177-1265","geometry":{"type":"Point","coordinates":[36.96305000000007,37.873890000000074]},"properties":{"OBJECTID":1265,"IstNo":42020044,"SuAdi":"CEYHAN N.","IstAdi":"HACININOĞLU HES CANSUYU","BolgeNo":20,"ILKODU":46,"ILCEKODU":2085,"HAVZA_ID":20,"entityId":"station177-1265","entityType":"hesStations177","id":"station177-1265","name":"HACININOĞLU HES CANSUYU","stationId":42020044,"basinId":"20","status":"no_data","color":"#94a3b8","radius":7,"riverName":"CEYHAN N.","hesId":"hes177-081","distanceKm":5.04,"coordinateSource":"TATUS Layer 4"}},{"type":"Feature","id":"station177-1266","geometry":{"type":"Point","coordinates":[36.37299000000007,37.59102000000007]},"properties":{"OBJECTID":1266,"IstNo":42020045,"SuAdi":"KÖRSULU Ç.","IstAdi":"KALE HES CANSUYU","BolgeNo":20,"ILKODU":46,"ILCEKODU":1136,"HAVZA_ID":20,"entityId":"station177-1266","entityType":"hesStations177","id":"station177-1266","name":"KALE HES CANSUYU","stationId":42020045,"basinId":"20","status":"no_data","color":"#94a3b8","radius":7,"riverName":"KÖRSULU Ç.","hesId":"hes177-015","distanceKm":13.3,"coordinateSource":"TATUS Layer 4"}},{"type":"Feature","id":"station177-1267","geometry":{"type":"Point","coordinates":[37.188720000000046,38.06035000000003]},"properties":{"OBJECTID":1267,"IstNo":42020046,"SuAdi":"CEYHAN N.","IstAdi":"KANDİL HES CANSUYU","BolgeNo":20,"ILKODU":46,"ILCEKODU":1919,"HAVZA_ID":20,"entityId":"station177-1267","entityType":"hesStations177","id":"station177-1267","name":"KANDİL HES CANSUYU","stationId":42020046,"basinId":"20","status":"no_data","color":"#94a3b8","radius":7,"riverName":"CEYHAN N.","hesId":"hes177-089","distanceKm":17.2,"coordinateSource":"TATUS Layer 4"}},{"type":"Feature","id":"station177-1268","geometry":{"type":"Point","coordinates":[36.809690000000046,37.64178000000004]},"properties":{"OBJECTID":1268,"IstNo":42020047,"SuAdi":"CEYHAN N.","IstAdi":"SARIGÜZEL HES CANSUYU","BolgeNo":20,"ILKODU":46,"ILCEKODU":2085,"HAVZA_ID":20,"entityId":"station177-1268","entityType":"hesStations177","id":"station177-1268","name":"SARIGÜZEL HES CANSUYU","stationId":42020047,"basinId":"20","status":"no_data","color":"#94a3b8","radius":7,"riverName":"CEYHAN N.","hesId":"hes177-108","distanceKm":1.78,"coordinateSource":"TATUS Layer 4"}},{"type":"Feature","id":"station177-1269","geometry":{"type":"Point","coordinates":[36.91167000000007,37.64639000000005]},"properties":{"OBJECTID":1269,"IstNo":42020049,"SuAdi":"KÖRSULU","IstAdi":"TORLAR HES CANSUYU","BolgeNo":20,"ILKODU":46,"ILCEKODU":2085,"HAVZA_ID":20,"entityId":"station177-1269","entityType":"hesStations177","id":"station177-1269","name":"TORLAR HES CANSUYU","stationId":42020049,"basinId":"20","status":"no_data","color":"#94a3b8","radius":7,"riverName":"KÖRSULU","hesId":"hes177-127","distanceKm":6.35,"coordinateSource":"TATUS Layer 4"}},{"type":"Feature","id":"station177-1270","geometry":{"type":"Point","coordinates":[36.35639000000003,37.588610000000074]},"properties":{"OBJECTID":1270,"IstNo":42020050,"SuAdi":"TAHTA S.","IstAdi":"ÜÇGEN HES CANSUYU","BolgeNo":20,"ILKODU":46,"ILCEKODU":1136,"HAVZA_ID":20,"entityId":"station177-1270","entityType":"hesStations177","id":"station177-1270","name":"ÜÇGEN HES CANSUYU","stationId":42020050,"basinId":"20","status":"no_data","color":"#94a3b8","radius":7,"riverName":"TAHTA S.","hesId":"hes177-015","distanceKm":11.9,"coordinateSource":"TATUS Layer 4"}},{"type":"Feature","id":"station177-1271","geometry":{"type":"Point","coordinates":[36.925050000000056,37.633500000000026]},"properties":{"OBJECTID":1271,"IstNo":42020051,"SuAdi":"MEZGİRT D.","IstAdi":"ÜÇKAYA HES CANSUYU","BolgeNo":20,"ILKODU":46,"ILCEKODU":2084,"HAVZA_ID":20,"entityId":"station177-1271","entityType":"hesStations177","id":"station177-1271","name":"ÜÇKAYA HES CANSUYU","stationId":42020051,"basinId":"20","status":"no_data","color":"#94a3b8","radius":7,"riverName":"MEZGİRT D.","hesId":"hes177-138","distanceKm":7.35,"coordinateSource":"TATUS Layer 4"}},{"type":"Feature","id":"station177-1272","geometry":{"type":"Point","coordinates":[36.36475000000007,37.59102000000007]},"properties":{"OBJECTID":1272,"IstNo":42020052,"SuAdi":"KESİŞ Ç.","IstAdi":"ANDIRIN HES CANSUYU","BolgeNo":20,"ILKODU":46,"ILCEKODU":1136,"HAVZA_ID":20,"entityId":"station177-1272","entityType":"hesStations177","id":"station177-1272","name":"ANDIRIN HES CANSUYU","stationId":42020052,"basinId":"20","status":"no_data","color":"#94a3b8","radius":7,"riverName":"KESİŞ Ç.","hesId":"hes177-015","distanceKm":12.67,"coordinateSource":"TATUS Layer 4"}},{"type":"Feature","id":"station177-1273","geometry":{"type":"Point","coordinates":[36.364720000000034,37.597500000000025]},"properties":{"OBJECTID":1273,"IstNo":42020053,"SuAdi":"KEŞİŞ ÇAYI","IstAdi":"KARGILIK HES","BolgeNo":20,"ILKODU":46,"ILCEKODU":1136,"HAVZA_ID":20,"entityId":"station177-1273","entityType":"hesStations177","id":"station177-1273","name":"KARGILIK HES","stationId":42020053,"basinId":"20","status":"no_data","color":"#94a3b8","radius":7,"riverName":"KEŞİŞ ÇAYI","hesId":"hes177-015","distanceKm":13.05,"coordinateSource":"TATUS Layer 4"}},{"type":"Feature","id":"station177-1274","geometry":{"type":"Point","coordinates":[36.463610000000074,37.24333000000007]},"properties":{"OBJECTID":1274,"IstNo":42020054,"SuAdi":"SABUN SUYU","IstAdi":"SABUNSUYU II HES","BolgeNo":6,"ILKODU":80,"ILCEKODU":1743,"HAVZA_ID":20,"entityId":"station177-1274","entityType":"hesStations177","id":"station177-1274","name":"SABUNSUYU II HES","stationId":42020054,"basinId":"20","status":"no_data","color":"#94a3b8","radius":7,"riverName":"SABUN SUYU","hesId":"hes177-035","distanceKm":14.43,"coordinateSource":"TATUS Layer 4"}},{"type":"Feature","id":"station177-1275","geometry":{"type":"Point","coordinates":[36.364720000000034,37.58667000000003]},"properties":{"OBJECTID":1275,"IstNo":42020055,"SuAdi":"ANDIRIN SUYU","IstAdi":"GÜNEŞLİ HES CAN SUYU","BolgeNo":20,"ILKODU":46,"ILCEKODU":1136,"HAVZA_ID":20,"entityId":"station177-1275","entityType":"hesStations177","id":"station177-1275","name":"GÜNEŞLİ HES CAN SUYU","stationId":42020055,"basinId":"20","status":"no_data","color":"#94a3b8","radius":7,"riverName":"ANDIRIN SUYU","hesId":"hes177-015","distanceKm":12.43,"coordinateSource":"TATUS Layer 4"}},{"type":"Feature","id":"station177-1276","geometry":{"type":"Point","coordinates":[36.933890000000076,37.605000000000075]},"properties":{"OBJECTID":1276,"IstNo":42020057,"SuAdi":"ÇEMRENGEÇ D.","IstAdi":"AVCILAR HES","BolgeNo":20,"ILKODU":46,"ILCEKODU":2084,"HAVZA_ID":20,"entityId":"station177-1276","entityType":"hesStations177","id":"station177-1276","name":"AVCILAR HES","stationId":42020057,"basinId":"20","status":"no_data","color":"#94a3b8","radius":7,"riverName":"ÇEMRENGEÇ D.","hesId":"hes177-138","distanceKm":4.24,"coordinateSource":"TATUS Layer 4"}},{"type":"Feature","id":"station177-1277","geometry":{"type":"Point","coordinates":[36.94139000000007,37.581110000000024]},"properties":{"OBJECTID":1277,"IstNo":42020061,"SuAdi":"ZEYTİN DERESİ","IstAdi":"KOZAK HES CAN SUYU","BolgeNo":20,"ILKODU":46,"ILCEKODU":2084,"HAVZA_ID":20,"entityId":"station177-1277","entityType":"hesStations177","id":"station177-1277","name":"KOZAK HES CAN SUYU","stationId":42020061,"basinId":"20","status":"no_data","color":"#94a3b8","radius":7,"riverName":"ZEYTİN DERESİ","hesId":"hes177-138","distanceKm":2.07,"coordinateSource":"TATUS Layer 4"}},{"type":"Feature","id":"station177-1278","geometry":{"type":"Point","coordinates":[36.35639000000003,37.58250000000004]},"properties":{"OBJECTID":1278,"IstNo":42020063,"SuAdi":"ANDIRIN S.","IstAdi":"POYRAZ HES CANSUYU","BolgeNo":20,"ILKODU":46,"ILCEKODU":1136,"HAVZA_ID":20,"entityId":"station177-1278","entityType":"hesStations177","id":"station177-1278","name":"POYRAZ HES CANSUYU","stationId":42020063,"basinId":"20","status":"no_data","color":"#94a3b8","radius":7,"riverName":"ANDIRIN S.","hesId":"hes177-015","distanceKm":11.57,"coordinateSource":"TATUS Layer 4"}},{"type":"Feature","id":"station177-1279","geometry":{"type":"Point","coordinates":[36.91945000000004,37.63334000000003]},"properties":{"OBJECTID":1279,"IstNo":42020065,"SuAdi":"ZEYTİN D.","IstAdi":"SÜLEYMANLI HES CANSUYU","BolgeNo":20,"ILKODU":46,"ILCEKODU":2085,"HAVZA_ID":20,"entityId":"station177-1279","entityType":"hesStations177","id":"station177-1279","name":"SÜLEYMANLI HES CANSUYU","stationId":42020065,"basinId":"20","status":"no_data","color":"#94a3b8","radius":7,"riverName":"ZEYTİN D.","hesId":"hes177-138","distanceKm":7.35,"coordinateSource":"TATUS Layer 4"}},{"type":"Feature","id":"station177-1280","geometry":{"type":"Point","coordinates":[36.364720000000034,37.577780000000075]},"properties":{"OBJECTID":1280,"IstNo":42020066,"SuAdi":"TAHTA S.","IstAdi":"TRABLUS(TAHTA) HES CANSUYU","BolgeNo":20,"ILKODU":46,"ILCEKODU":1136,"HAVZA_ID":20,"entityId":"station177-1280","entityType":"hesStations177","id":"station177-1280","name":"TRABLUS(TAHTA) HES CANSUYU","stationId":42020066,"basinId":"20","status":"no_data","color":"#94a3b8","radius":7,"riverName":"TAHTA S.","hesId":"hes177-015","distanceKm":11.99,"coordinateSource":"TATUS Layer 4"}},{"type":"Feature","id":"station177-1281","geometry":{"type":"Point","coordinates":[36.91945000000004,37.60278000000005]},"properties":{"OBJECTID":1281,"IstNo":42020069,"SuAdi":"ZEYTİN D.","IstAdi":"ZEYTİN HES CANSUYU","BolgeNo":20,"ILKODU":46,"ILCEKODU":2085,"HAVZA_ID":20,"entityId":"station177-1281","entityType":"hesStations177","id":"station177-1281","name":"ZEYTİN HES CANSUYU","stationId":42020069,"basinId":"20","status":"no_data","color":"#94a3b8","radius":7,"riverName":"ZEYTİN D.","hesId":"hes177-138","distanceKm":3.96,"coordinateSource":"TATUS Layer 4"}},{"type":"Feature","id":"station177-1282","geometry":{"type":"Point","coordinates":[36.930540000000065,37.59682000000004]},"properties":{"OBJECTID":1282,"IstNo":42020070,"SuAdi":"ÇAĞIRGAN DERESİ","IstAdi":"GÜVERCİN REGÜLATÖRÜ VE HES","BolgeNo":20,"ILKODU":46,"ILCEKODU":2084,"HAVZA_ID":20,"entityId":"station177-1282","entityType":"hesStations177","id":"station177-1282","name":"GÜVERCİN REGÜLATÖRÜ VE HES","stationId":42020070,"basinId":"20","status":"no_data","color":"#94a3b8","radius":7,"riverName":"ÇAĞIRGAN DERESİ","hesId":"hes177-138","distanceKm":3.3,"coordinateSource":"TATUS Layer 4"}},{"type":"Feature","id":"station177-1284","geometry":{"type":"Point","coordinates":[36.82167000000004,37.919170000000065]},"properties":{"OBJECTID":1284,"IstNo":42020072,"SuAdi":"DAĞLIAĞAÇ S.","IstAdi":"OKKAYASI REGÜLATÖR1","BolgeNo":20,"ILKODU":46,"ILCEKODU":2085,"HAVZA_ID":20,"entityId":"station177-1284","entityType":"hesStations177","id":"station177-1284","name":"OKKAYASI REGÜLATÖR1","stationId":42020072,"basinId":"20","status":"no_data","color":"#94a3b8","radius":7,"riverName":"DAĞLIAĞAÇ S.","hesId":"hes177-081","distanceKm":16.5,"coordinateSource":"TATUS Layer 4"}},{"type":"Feature","id":"station177-1285","geometry":{"type":"Point","coordinates":[36.813330000000065,37.91722000000004]},"properties":{"OBJECTID":1285,"IstNo":42020073,"SuAdi":"ZEYTİN D.","IstAdi":"OKKAYASI REGÜLATÖR2","BolgeNo":20,"ILKODU":46,"ILCEKODU":2085,"HAVZA_ID":20,"entityId":"station177-1285","entityType":"hesStations177","id":"station177-1285","name":"OKKAYASI REGÜLATÖR2","stationId":42020073,"basinId":"20","status":"no_data","color":"#94a3b8","radius":7,"riverName":"ZEYTİN D.","hesId":"hes177-081","distanceKm":16.96,"coordinateSource":"TATUS Layer 4"}},{"type":"Feature","id":"station177-1286","geometry":{"type":"Point","coordinates":[36.24222000000003,37.506110000000035]},"properties":{"OBJECTID":1286,"IstNo":42020074,"SuAdi":"KEŞİŞ Ç.","IstAdi":"BULGURKAYA REG VE HES","BolgeNo":20,"ILKODU":46,"ILCEKODU":1136,"HAVZA_ID":20,"entityId":"station177-1286","entityType":"hesStations177","id":"station177-1286","name":"BULGURKAYA REG VE HES","stationId":42020074,"basinId":"20","status":"no_data","color":"#94a3b8","radius":7,"riverName":"KEŞİŞ Ç.","hesId":"hes177-099","distanceKm":1.46,"coordinateSource":"TATUS Layer 4"}},{"type":"Feature","id":"station177-1312","geometry":{"type":"Point","coordinates":[39.50028000000003,39.05167000000006]},"properties":{"OBJECTID":1312,"IstNo":42021105,"SuAdi":"DİNAR","IstAdi":"DİNAR HES CAN SUYU","BolgeNo":9,"ILKODU":62,"ILCEKODU":1688,"HAVZA_ID":21,"entityId":"station177-1312","entityType":"hesStations177","id":"station177-1312","name":"DİNAR HES CAN SUYU","stationId":42021105,"basinId":"21","status":"no_data","color":"#94a3b8","radius":7,"riverName":"DİNAR","hesId":"hes177-167","distanceKm":8.22,"coordinateSource":"TATUS Layer 4"}},{"type":"Feature","id":"station177-1313","geometry":{"type":"Point","coordinates":[40.13445000000007,38.74917000000005]},"properties":{"OBJECTID":1313,"IstNo":42021107,"SuAdi":"MURAT N.","IstAdi":"BEYHAN I HES CAN SUYU","BolgeNo":9,"ILKODU":23,"ILCEKODU":1566,"HAVZA_ID":21,"entityId":"station177-1313","entityType":"hesStations177","id":"station177-1313","name":"BEYHAN I HES CAN SUYU","stationId":42021107,"basinId":"21","status":"no_data","color":"#94a3b8","radius":7,"riverName":"MURAT N.","hesId":"hes177-036","distanceKm":0.89,"coordinateSource":"TATUS Layer 4"}},{"type":"Feature","id":"station177-1315","geometry":{"type":"Point","coordinates":[39.891110000000026,39.02167000000003]},"properties":{"OBJECTID":1315,"IstNo":42021150,"SuAdi":"PERİ SUYU","IstAdi":"SEYRANTEPE HES CAN SUYU","BolgeNo":9,"ILKODU":23,"ILCEKODU":1518,"HAVZA_ID":21,"entityId":"station177-1315","entityType":"hesStations177","id":"station177-1315","name":"SEYRANTEPE HES CAN SUYU","stationId":42021150,"basinId":"21","status":"no_data","color":"#94a3b8","radius":7,"riverName":"PERİ SUYU","hesId":"hes177-143","distanceKm":0.25,"coordinateSource":"TATUS Layer 4"}},{"type":"Feature","id":"station177-1316","geometry":{"type":"Point","coordinates":[39.808890000000076,38.85889000000003]},"properties":{"OBJECTID":1316,"IstNo":42021151,"SuAdi":"PERİ SUYU ","IstAdi":"TATAR HES CAN SUYU","BolgeNo":9,"ILKODU":62,"ILCEKODU":1518,"HAVZA_ID":21,"entityId":"station177-1316","entityType":"hesStations177","id":"station177-1316","name":"TATAR HES CAN SUYU","stationId":42021151,"basinId":"21","status":"no_data","color":"#94a3b8","radius":7,"riverName":"PERİ SUYU ","hesId":"hes177-155","distanceKm":0.63,"coordinateSource":"TATUS Layer 4"}},{"type":"Feature","id":"station177-1318","geometry":{"type":"Point","coordinates":[40.94500000000005,38.92667000000006]},"properties":{"OBJECTID":1318,"IstNo":42021153,"SuAdi":"GİLORAN DERESİ","IstAdi":"DOĞU HES CANSUYU","BolgeNo":9,"ILKODU":12,"ILCEKODU":1633,"HAVZA_ID":21,"entityId":"station177-1318","entityType":"hesStations177","id":"station177-1318","name":"DOĞU HES CANSUYU","stationId":42021153,"basinId":"21","status":"no_data","color":"#94a3b8","radius":7,"riverName":"GİLORAN DERESİ","hesId":"hes177-175","distanceKm":13.63,"coordinateSource":"TATUS Layer 4"}},{"type":"Feature","id":"station177-1322","geometry":{"type":"Point","coordinates":[40.966950000000054,40.08694000000003]},"properties":{"OBJECTID":1322,"IstNo":42021311,"SuAdi":"SERÇEME DERESİ","IstAdi":"GELİNKAYA REG VE HES CANSUYU","BolgeNo":8,"ILKODU":25,"ILCEKODU":1945,"HAVZA_ID":21,"entityId":"station177-1322","entityType":"hesStations177","id":"station177-1322","name":"GELİNKAYA REG VE HES CANSUYU","stationId":42021311,"basinId":"21","status":"no_data","color":"#94a3b8","radius":7,"riverName":"SERÇEME DERESİ","hesId":"hes177-122","distanceKm":13.58,"coordinateSource":"TATUS Layer 4"}},{"type":"Feature","id":"station177-1328","geometry":{"type":"Point","coordinates":[41.04278000000005,40.16694000000007]},"properties":{"OBJECTID":1328,"IstNo":42021328,"SuAdi":"SERÇEME DERESİ","IstAdi":"KUZGUN BARAJI VE HES CAN SUYU","BolgeNo":8,"ILKODU":25,"ILCEKODU":1945,"HAVZA_ID":21,"entityId":"station177-1328","entityType":"hesStations177","id":"station177-1328","name":"KUZGUN BARAJI VE HES CAN SUYU","stationId":42021328,"basinId":"21","status":"no_data","color":"#94a3b8","radius":7,"riverName":"SERÇEME DERESİ","hesId":"hes177-122","distanceKm":2.62,"coordinateSource":"TATUS Layer 4"}},{"type":"Feature","id":"station177-1330","geometry":{"type":"Point","coordinates":[38.565000000000055,39.47639000000004]},"properties":{"OBJECTID":1330,"IstNo":42021337,"SuAdi":"FIRAT NEHRİ","IstAdi":"BAĞIŞTAŞ-2 BARAJ VE HES CANSUYU","BolgeNo":8,"ILKODU":24,"ILCEKODU":1406,"HAVZA_ID":21,"entityId":"station177-1330","entityType":"hesStations177","id":"station177-1330","name":"BAĞIŞTAŞ-2 BARAJ VE HES CANSUYU","stationId":42021337,"basinId":"21","status":"no_data","color":"#94a3b8","radius":7,"riverName":"FIRAT NEHRİ","hesId":"hes177-027","distanceKm":4.99,"coordinateSource":"TATUS Layer 4"}},{"type":"Feature","id":"station177-1336","geometry":{"type":"Point","coordinates":[38.34167000000008,39.562220000000025]},"properties":{"OBJECTID":1336,"IstNo":42021350,"SuAdi":"KARABUDAK ÇAYI","IstAdi":"KAYALIK REG. VE HES CAN SUYU","BolgeNo":8,"ILKODU":24,"ILCEKODU":1406,"HAVZA_ID":21,"entityId":"station177-1336","entityType":"hesStations177","id":"station177-1336","name":"KAYALIK REG. VE HES CAN SUYU","stationId":42021350,"basinId":"21","status":"no_data","color":"#94a3b8","radius":7,"riverName":"KARABUDAK ÇAYI","hesId":"hes177-028","distanceKm":16.03,"coordinateSource":"TATUS Layer 4"}},{"type":"Feature","id":"station177-1340","geometry":{"type":"Point","coordinates":[38.621390000000076,39.43417000000005]},"properties":{"OBJECTID":1340,"IstNo":42021363,"SuAdi":"TAVUK ÇAYI","IstAdi":"ÇALTI REG VE HES CANSUYU","BolgeNo":8,"ILKODU":24,"ILCEKODU":1406,"HAVZA_ID":21,"entityId":"station177-1340","entityType":"hesStations177","id":"station177-1340","name":"ÇALTI REG VE HES CANSUYU","stationId":42021363,"basinId":"21","status":"no_data","color":"#94a3b8","radius":7,"riverName":"TAVUK ÇAYI","hesId":"hes177-027","distanceKm":8.84,"coordinateSource":"TATUS Layer 4"}},{"type":"Feature","id":"station177-1343","geometry":{"type":"Point","coordinates":[38.74944000000005,38.78639000000004]},"properties":{"OBJECTID":1343,"IstNo":42021501,"SuAdi":"KEBAN DERE ","IstAdi":"KEBAN DERE HES CAN SUYU","BolgeNo":9,"ILKODU":23,"ILCEKODU":1455,"HAVZA_ID":21,"entityId":"station177-1343","entityType":"hesStations177","id":"station177-1343","name":"KEBAN DERE HES CAN SUYU","stationId":42021501,"basinId":"21","status":"no_data","color":"#94a3b8","radius":7,"riverName":"KEBAN DERE ","hesId":"hes177-105","distanceKm":2.33,"coordinateSource":"TATUS Layer 4"}},{"type":"Feature","id":"station177-1347","geometry":{"type":"Point","coordinates":[39.22417000000007,38.30611000000005]},"properties":{"OBJECTID":1347,"IstNo":42021903,"SuAdi":"ULUDERE","IstAdi":"ÇARDAKLI HES CAN SUYU","BolgeNo":9,"ILKODU":23,"ILCEKODU":1263,"HAVZA_ID":21,"entityId":"station177-1347","entityType":"hesStations177","id":"station177-1347","name":"ÇARDAKLI HES CAN SUYU","stationId":42021903,"basinId":"21","status":"no_data","color":"#94a3b8","radius":7,"riverName":"ULUDERE","hesId":"hes177-093","distanceKm":11.77,"coordinateSource":"TATUS Layer 4"}},{"type":"Feature","id":"station177-1349","geometry":{"type":"Point","coordinates":[41.03472000000005,38.82417000000004]},"properties":{"OBJECTID":1349,"IstNo":42021907,"SuAdi":"MURAT NEHRİ ","IstAdi":"YUKARI KALEKÖY BARAJI VE HES CAN SUYU ","BolgeNo":9,"ILKODU":12,"ILCEKODU":1633,"HAVZA_ID":21,"entityId":"station177-1349","entityType":"hesStations177","id":"station177-1349","name":"YUKARI KALEKÖY BARAJI VE HES CAN SUYU ","stationId":42021907,"basinId":"21","status":"no_data","color":"#94a3b8","radius":7,"riverName":"MURAT NEHRİ ","hesId":"hes177-175","distanceKm":0.51,"coordinateSource":"TATUS Layer 4"}},{"type":"Feature","id":"station177-1351","geometry":{"type":"Point","coordinates":[40.34139000000005,38.825000000000045]},"properties":{"OBJECTID":1351,"IstNo":42021909,"SuAdi":"MURAT NEHRİ","IstAdi":"AŞAĞI KALEKÖY CAN SUYU","BolgeNo":9,"ILKODU":12,"ILCEKODU":1193,"HAVZA_ID":21,"entityId":"station177-1351","entityType":"hesStations177","id":"station177-1351","name":"AŞAĞI KALEKÖY CAN SUYU","stationId":42021909,"basinId":"21","status":"no_data","color":"#94a3b8","radius":7,"riverName":"MURAT NEHRİ","hesId":"hes177-036","distanceKm":20.62,"coordinateSource":"TATUS Layer 4"}},{"type":"Feature","id":"station177-1354","geometry":{"type":"Point","coordinates":[37.96500000000003,40.68500000000006]},"properties":{"OBJECTID":1354,"IstNo":42022001,"SuAdi":"TURNASUYU","IstAdi":"DARICA-2 HES TURNALIK BARAJI CANSUYU AGİ","BolgeNo":7,"ILKODU":52,"ILCEKODU":1950,"HAVZA_ID":22,"entityId":"station177-1354","entityType":"hesStations177","id":"station177-1354","name":"DARICA-2 HES TURNALIK BARAJI CANSUYU AGİ","stationId":42022001,"basinId":"22","status":"no_data","color":"#94a3b8","radius":7,"riverName":"TURNASUYU","hesId":"hes177-056","distanceKm":9.32,"coordinateSource":"TATUS Layer 4"}},{"type":"Feature","id":"station177-1355","geometry":{"type":"Point","coordinates":[37.977220000000045,40.60806000000008]},"properties":{"OBJECTID":1355,"IstNo":42022002,"SuAdi":"PAZARSUYU","IstAdi":"DARICA-2 HES ÇAMBAŞI REG. CANSUYU AGİ","BolgeNo":7,"ILKODU":52,"ILCEKODU":1950,"HAVZA_ID":22,"entityId":"station177-1355","entityType":"hesStations177","id":"station177-1355","name":"DARICA-2 HES ÇAMBAŞI REG. CANSUYU AGİ","stationId":42022002,"basinId":"22","status":"no_data","color":"#94a3b8","radius":7,"riverName":"PAZARSUYU","hesId":"hes177-055","distanceKm":15.55,"coordinateSource":"TATUS Layer 4"}},{"type":"Feature","id":"station177-1364","geometry":{"type":"Point","coordinates":[37.89167000000003,40.86111000000005]},"properties":{"OBJECTID":1364,"IstNo":42022014,"SuAdi":"MELET I.","IstAdi":"DARICA-I HES CANSUYU","BolgeNo":7,"ILKODU":52,"ILCEKODU":1950,"HAVZA_ID":22,"entityId":"station177-1364","entityType":"hesStations177","id":"station177-1364","name":"DARICA-I HES CANSUYU","stationId":42022014,"basinId":"22","status":"no_data","color":"#94a3b8","radius":7,"riverName":"MELET I.","hesId":"hes177-117","distanceKm":6.76,"coordinateSource":"TATUS Layer 4"}},{"type":"Feature","id":"station177-1365","geometry":{"type":"Point","coordinates":[37.784170000000074,40.83250000000004]},"properties":{"OBJECTID":1365,"IstNo":42022016,"SuAdi":"SAP DERE","IstAdi":"AĞKOLU HES CANSUYU","BolgeNo":7,"ILKODU":52,"ILCEKODU":1696,"HAVZA_ID":22,"entityId":"station177-1365","entityType":"hesStations177","id":"station177-1365","name":"AĞKOLU HES CANSUYU","stationId":42022016,"basinId":"22","status":"no_data","color":"#94a3b8","radius":7,"riverName":"SAP DERE","hesId":"hes177-117","distanceKm":2.84,"coordinateSource":"TATUS Layer 4"}},{"type":"Feature","id":"station177-1366","geometry":{"type":"Point","coordinates":[37.81194000000005,40.84167000000008]},"properties":{"OBJECTID":1366,"IstNo":42022019,"SuAdi":"SAP DERE","IstAdi":"ORDU HES SAPDERE REG. CANSUYU","BolgeNo":7,"ILKODU":52,"ILCEKODU":1696,"HAVZA_ID":22,"entityId":"station177-1366","entityType":"hesStations177","id":"station177-1366","name":"ORDU HES SAPDERE REG. CANSUYU","stationId":42022019,"basinId":"22","status":"no_data","color":"#94a3b8","radius":7,"riverName":"SAP DERE","hesId":"hes177-117","distanceKm":0.3,"coordinateSource":"TATUS Layer 4"}},{"type":"Feature","id":"station177-1367","geometry":{"type":"Point","coordinates":[37.81611000000004,40.84444000000008]},"properties":{"OBJECTID":1367,"IstNo":42022020,"SuAdi":"MELET IR.","IstAdi":"ORDU HES CANSUYU AGİ","BolgeNo":7,"ILKODU":52,"ILCEKODU":1696,"HAVZA_ID":22,"entityId":"station177-1367","entityType":"hesStations177","id":"station177-1367","name":"ORDU HES CANSUYU AGİ","stationId":42022020,"basinId":"22","status":"no_data","color":"#94a3b8","radius":7,"riverName":"MELET IR.","hesId":"hes177-117","distanceKm":0.19,"coordinateSource":"TATUS Layer 4"}},{"type":"Feature","id":"station177-1368","geometry":{"type":"Point","coordinates":[37.695280000000025,40.50834000000003]},"properties":{"OBJECTID":1368,"IstNo":42022022,"SuAdi":"MELET IR.","IstAdi":"BOZTEPE HES CANSUYU AGİ","BolgeNo":7,"ILKODU":52,"ILCEKODU":1525,"HAVZA_ID":22,"entityId":"station177-1368","entityType":"hesStations177","id":"station177-1368","name":"BOZTEPE HES CANSUYU AGİ","stationId":42022022,"basinId":"22","status":"no_data","color":"#94a3b8","radius":7,"riverName":"MELET IR.","hesId":"hes177-160","distanceKm":18.49,"coordinateSource":"TATUS Layer 4"}},{"type":"Feature","id":"station177-1372","geometry":{"type":"Point","coordinates":[37.86167000000006,40.73195000000004]},"properties":{"OBJECTID":1372,"IstNo":42022029,"SuAdi":"MELET IRMAĞI","IstAdi":"KOZBÜKÜ HES CANSUYU AGİ","BolgeNo":7,"ILKODU":52,"ILCEKODU":1950,"HAVZA_ID":22,"entityId":"station177-1372","entityType":"hesStations177","id":"station177-1372","name":"KOZBÜKÜ HES CANSUYU AGİ","stationId":42022029,"basinId":"22","status":"no_data","color":"#94a3b8","radius":7,"riverName":"MELET IRMAĞI","hesId":"hes177-056","distanceKm":1.45,"coordinateSource":"TATUS Layer 4"}},{"type":"Feature","id":"station177-1374","geometry":{"type":"Point","coordinates":[41.67056000000008,41.31583000000006]},"properties":{"OBJECTID":1374,"IstNo":42022034,"SuAdi":"CANSUYU HES","IstAdi":"BALSU","BolgeNo":26,"ILKODU":8,"ILCEKODU":1202,"HAVZA_ID":23,"entityId":"station177-1374","entityType":"hesStations177","id":"station177-1374","name":"BALSU","stationId":42022034,"basinId":"23","status":"no_data","color":"#94a3b8","radius":7,"riverName":"CANSUYU HES","hesId":"hes177-039","distanceKm":4.05,"coordinateSource":"TATUS Layer 4"}},{"type":"Feature","id":"station177-1375","geometry":{"type":"Point","coordinates":[37.68945000000008,40.94083000000006]},"properties":{"OBJECTID":1375,"IstNo":42022035,"SuAdi":"ÇUKURKÖY DERE","IstAdi":"SELİMIYE HES CANSUYU AGİ","BolgeNo":7,"ILKODU":52,"ILCEKODU":2103,"HAVZA_ID":22,"entityId":"station177-1375","entityType":"hesStations177","id":"station177-1375","name":"SELİMIYE HES CANSUYU AGİ","stationId":42022035,"basinId":"22","status":"no_data","color":"#94a3b8","radius":7,"riverName":"ÇUKURKÖY DERE","hesId":"hes177-117","distanceKm":15.16,"coordinateSource":"TATUS Layer 4"}},{"type":"Feature","id":"station177-1385","geometry":{"type":"Point","coordinates":[38.81194000000005,40.89417000000003]},"properties":{"OBJECTID":1385,"IstNo":42022201,"SuAdi":"KAVRAZ DERESİ","IstAdi":"AKKÖY 2 YAŞMAKLI CANSUYU","BolgeNo":22,"ILKODU":28,"ILCEKODU":1930,"HAVZA_ID":22,"entityId":"station177-1385","entityType":"hesStations177","id":"station177-1385","name":"AKKÖY 2 YAŞMAKLI CANSUYU","stationId":42022201,"basinId":"22","status":"no_data","color":"#94a3b8","radius":7,"riverName":"KAVRAZ DERESİ","hesId":"hes177-020","distanceKm":3.42,"coordinateSource":"TATUS Layer 4"}},{"type":"Feature","id":"station177-1386","geometry":{"type":"Point","coordinates":[38.818610000000035,40.89722000000006]},"properties":{"OBJECTID":1386,"IstNo":42022202,"SuAdi":"GELEVERA","IstAdi":"AKKÖY 2 GÖKCEBEL CANSUYU","BolgeNo":22,"ILKODU":28,"ILCEKODU":1930,"HAVZA_ID":22,"entityId":"station177-1386","entityType":"hesStations177","id":"station177-1386","name":"AKKÖY 2 GÖKCEBEL CANSUYU","stationId":42022202,"basinId":"22","status":"no_data","color":"#94a3b8","radius":7,"riverName":"GELEVERA","hesId":"hes177-020","distanceKm":2.77,"coordinateSource":"TATUS Layer 4"}},{"type":"Feature","id":"station177-1387","geometry":{"type":"Point","coordinates":[39.07833000000005,40.708060000000046]},"properties":{"OBJECTID":1387,"IstNo":42022203,"SuAdi":"CİZERE DERESI","IstAdi":"BÜYÜKDÜZ TAŞOBA  HES CANSUYU","BolgeNo":22,"ILKODU":29,"ILCEKODU":1971,"HAVZA_ID":22,"entityId":"station177-1387","entityType":"hesStations177","id":"station177-1387","name":"BÜYÜKDÜZ TAŞOBA  HES CANSUYU","stationId":42022203,"basinId":"22","status":"no_data","color":"#94a3b8","radius":7,"riverName":"CİZERE DERESI","hesId":"hes177-005","distanceKm":2.2,"coordinateSource":"TATUS Layer 4"}},{"type":"Feature","id":"station177-1388","geometry":{"type":"Point","coordinates":[38.62518000000006,40.86853000000008]},"properties":{"OBJECTID":1388,"IstNo":42022204,"SuAdi":"ÇAKRAK DERESİ","IstAdi":"KALEN I CANSUYU","BolgeNo":22,"ILKODU":28,"ILCEKODU":1854,"HAVZA_ID":22,"entityId":"station177-1388","entityType":"hesStations177","id":"station177-1388","name":"KALEN I CANSUYU","stationId":42022204,"basinId":"22","status":"no_data","color":"#94a3b8","radius":7,"riverName":"ÇAKRAK DERESİ","hesId":"hes177-020","distanceKm":19.15,"coordinateSource":"TATUS Layer 4"}},{"type":"Feature","id":"station177-1389","geometry":{"type":"Point","coordinates":[39.085000000000036,40.708060000000046]},"properties":{"OBJECTID":1389,"IstNo":42022205,"SuAdi":"KÜRTÜN DERESİ","IstAdi":"BÜYÜKDÜZ ELMALI HES CANSUYU","BolgeNo":22,"ILKODU":29,"ILCEKODU":1971,"HAVZA_ID":22,"entityId":"station177-1389","entityType":"hesStations177","id":"station177-1389","name":"BÜYÜKDÜZ ELMALI HES CANSUYU","stationId":42022205,"basinId":"22","status":"no_data","color":"#94a3b8","radius":7,"riverName":"KÜRTÜN DERESİ","hesId":"hes177-005","distanceKm":1.88,"coordinateSource":"TATUS Layer 4"}},{"type":"Feature","id":"station177-1390","geometry":{"type":"Point","coordinates":[38.62793000000005,40.864370000000065]},"properties":{"OBJECTID":1390,"IstNo":42022206,"SuAdi":"EKİNDERE","IstAdi":"KALEN II CANSUYU","BolgeNo":22,"ILKODU":28,"ILCEKODU":1854,"HAVZA_ID":22,"entityId":"station177-1390","entityType":"hesStations177","id":"station177-1390","name":"KALEN II CANSUYU","stationId":42022206,"basinId":"22","status":"no_data","color":"#94a3b8","radius":7,"riverName":"EKİNDERE","hesId":"hes177-020","distanceKm":19.05,"coordinateSource":"TATUS Layer 4"}},{"type":"Feature","id":"station177-1391","geometry":{"type":"Point","coordinates":[38.61945000000003,40.87056000000007]},"properties":{"OBJECTID":1391,"IstNo":42022400,"SuAdi":"YAĞLIDERE","IstAdi":"KALEN AKSU CANSUYU","BolgeNo":22,"ILKODU":28,"ILCEKODU":1854,"HAVZA_ID":22,"entityId":"station177-1391","entityType":"hesStations177","id":"station177-1391","name":"KALEN AKSU CANSUYU","stationId":42022400,"basinId":"22","status":"no_data","color":"#94a3b8","radius":7,"riverName":"YAĞLIDERE","hesId":"hes177-020","distanceKm":19.57,"coordinateSource":"TATUS Layer 4"}},{"type":"Feature","id":"station177-1392","geometry":{"type":"Point","coordinates":[38.454900000000066,40.750230000000045]},"properties":{"OBJECTID":1392,"IstNo":42022415,"SuAdi":"AKSU ÇAYI","IstAdi":"ÇIRAKDAMI HES CANSUYU","BolgeNo":22,"ILKODU":28,"ILCEKODU":1272,"HAVZA_ID":22,"entityId":"station177-1392","entityType":"hesStations177","id":"station177-1392","name":"ÇIRAKDAMI HES CANSUYU","stationId":42022415,"basinId":"22","status":"no_data","color":"#94a3b8","radius":7,"riverName":"AKSU ÇAYI","hesId":"hes177-104","distanceKm":15.82,"coordinateSource":"TATUS Layer 4"}},{"type":"Feature","id":"station177-1393","geometry":{"type":"Point","coordinates":[38.452150000000074,40.74815000000007]},"properties":{"OBJECTID":1393,"IstNo":42022416,"SuAdi":"AKSU Ç.","IstAdi":"DERELİ HES CANSUYU","BolgeNo":22,"ILKODU":28,"ILCEKODU":1272,"HAVZA_ID":22,"entityId":"station177-1393","entityType":"hesStations177","id":"station177-1393","name":"DERELİ HES CANSUYU","stationId":42022416,"basinId":"22","status":"no_data","color":"#94a3b8","radius":7,"riverName":"AKSU Ç.","hesId":"hes177-104","distanceKm":15.94,"coordinateSource":"TATUS Layer 4"}},{"type":"Feature","id":"station177-1394","geometry":{"type":"Point","coordinates":[38.72681000000006,40.94948000000005]},"properties":{"OBJECTID":1394,"IstNo":42022419,"SuAdi":"KAROVACIK DERESİ","IstAdi":"TUĞRA HES CANSUYU","BolgeNo":22,"ILKODU":28,"ILCEKODU":1320,"HAVZA_ID":22,"entityId":"station177-1394","entityType":"hesStations177","id":"station177-1394","name":"TUĞRA HES CANSUYU","stationId":42022419,"basinId":"22","status":"no_data","color":"#94a3b8","radius":7,"riverName":"KAROVACIK DERESİ","hesId":"hes177-020","distanceKm":10.89,"coordinateSource":"TATUS Layer 4"}},{"type":"Feature","id":"station177-1395","geometry":{"type":"Point","coordinates":[38.732300000000066,40.94810000000007]},"properties":{"OBJECTID":1395,"IstNo":42022420,"SuAdi":"KAROVACIK DERESİ","IstAdi":"TUĞRA II CANSUYU","BolgeNo":22,"ILKODU":28,"ILCEKODU":1320,"HAVZA_ID":22,"entityId":"station177-1395","entityType":"hesStations177","id":"station177-1395","name":"TUĞRA II CANSUYU","stationId":42022420,"basinId":"22","status":"no_data","color":"#94a3b8","radius":7,"riverName":"KAROVACIK DERESİ","hesId":"hes177-020","distanceKm":10.4,"coordinateSource":"TATUS Layer 4"}},{"type":"Feature","id":"station177-1396","geometry":{"type":"Point","coordinates":[40.76472000000007,41.08055000000007]},"properties":{"OBJECTID":1396,"IstNo":42022501,"SuAdi":"UZUNDERE REG. CAN","IstAdi":"UZUNDERE-1 HES","BolgeNo":22,"ILKODU":53,"ILCEKODU":1241,"HAVZA_ID":22,"entityId":"station177-1396","entityType":"hesStations177","id":"station177-1396","name":"UZUNDERE-1 HES","stationId":42022501,"basinId":"22","status":"no_data","color":"#94a3b8","radius":7,"riverName":"UZUNDERE REG. CAN","hesId":"hes177-168","distanceKm":19.85,"coordinateSource":"TATUS Layer 4"}},{"type":"Feature","id":"station177-1397","geometry":{"type":"Point","coordinates":[40.78000000000003,41.08694000000003]},"properties":{"OBJECTID":1397,"IstNo":42022503,"SuAdi":"İNCESU REG.CAN","IstAdi":"UZUNDERE-1 HES","BolgeNo":22,"ILKODU":53,"ILCEKODU":1241,"HAVZA_ID":22,"entityId":"station177-1397","entityType":"hesStations177","id":"station177-1397","name":"UZUNDERE-1 HES","stationId":42022503,"basinId":"22","status":"no_data","color":"#94a3b8","radius":7,"riverName":"İNCESU REG.CAN","hesId":"hes177-168","distanceKm":20.6,"coordinateSource":"TATUS Layer 4"}},{"type":"Feature","id":"station177-1398","geometry":{"type":"Point","coordinates":[40.615000000000066,40.97917000000007]},"properties":{"OBJECTID":1398,"IstNo":42022504,"SuAdi":"KALE R. CANSUYU","IstAdi":"KALE HES","BolgeNo":22,"ILKODU":53,"ILCEKODU":1796,"HAVZA_ID":22,"entityId":"station177-1398","entityType":"hesStations177","id":"station177-1398","name":"KALE HES","stationId":42022504,"basinId":"22","status":"no_data","color":"#94a3b8","radius":7,"riverName":"KALE R. CANSUYU","hesId":"hes177-168","distanceKm":15.31,"coordinateSource":"TATUS Layer 4"}},{"type":"Feature","id":"station177-1399","geometry":{"type":"Point","coordinates":[40.615000000000066,40.98222000000004]},"properties":{"OBJECTID":1399,"IstNo":42022505,"SuAdi":"TAŞCAMİ R. CAN","IstAdi":"KALE HES","BolgeNo":22,"ILKODU":53,"ILCEKODU":1796,"HAVZA_ID":22,"entityId":"station177-1399","entityType":"hesStations177","id":"station177-1399","name":"KALE HES","stationId":42022505,"basinId":"22","status":"no_data","color":"#94a3b8","radius":7,"riverName":"TAŞCAMİ R. CAN","hesId":"hes177-168","distanceKm":15.51,"coordinateSource":"TATUS Layer 4"}},{"type":"Feature","id":"station177-1400","geometry":{"type":"Point","coordinates":[40.61639000000008,40.98222000000004]},"properties":{"OBJECTID":1400,"IstNo":42022507,"SuAdi":"REG. CANSUYU","IstAdi":"AYVASIL HES","BolgeNo":22,"ILKODU":53,"ILCEKODU":1796,"HAVZA_ID":22,"entityId":"station177-1400","entityType":"hesStations177","id":"station177-1400","name":"AYVASIL HES","stationId":42022507,"basinId":"22","status":"no_data","color":"#94a3b8","radius":7,"riverName":"REG. CANSUYU","hesId":"hes177-168","distanceKm":15.41,"coordinateSource":"TATUS Layer 4"}},{"type":"Feature","id":"station177-1401","geometry":{"type":"Point","coordinates":[40.57250000000005,40.78722000000005]},"properties":{"OBJECTID":1401,"IstNo":42022511,"SuAdi":"REG. CANSUYU","IstAdi":"CEVİZLIK HES  ","BolgeNo":22,"ILKODU":53,"ILCEKODU":1405,"HAVZA_ID":22,"entityId":"station177-1401","entityType":"hesStations177","id":"station177-1401","name":"CEVİZLIK HES  ","stationId":42022511,"basinId":"22","status":"no_data","color":"#94a3b8","radius":7,"riverName":"REG. CANSUYU","hesId":"hes177-168","distanceKm":20.68,"coordinateSource":"TATUS Layer 4"}},{"type":"Feature","id":"station177-1404","geometry":{"type":"Point","coordinates":[40.72556000000003,40.87444000000005]},"properties":{"OBJECTID":1404,"IstNo":42022515,"SuAdi":"ÇATALDERE-3 CAN","IstAdi":"UZUNDERE-2 HES","BolgeNo":22,"ILKODU":53,"ILCEKODU":1241,"HAVZA_ID":22,"entityId":"station177-1404","entityType":"hesStations177","id":"station177-1404","name":"UZUNDERE-2 HES","stationId":42022515,"basinId":"22","status":"no_data","color":"#94a3b8","radius":7,"riverName":"ÇATALDERE-3 CAN","hesId":"hes177-168","distanceKm":4.58,"coordinateSource":"TATUS Layer 4"}},{"type":"Feature","id":"station177-1405","geometry":{"type":"Point","coordinates":[40.76472000000007,41.11361000000005]},"properties":{"OBJECTID":1405,"IstNo":42022518,"SuAdi":"ÇATALDERE-1 R. CAN","IstAdi":"UZUNDERE 2 HES","BolgeNo":22,"ILKODU":53,"ILCEKODU":1241,"HAVZA_ID":22,"entityId":"station177-1405","entityType":"hesStations177","id":"station177-1405","name":"UZUNDERE 2 HES","stationId":42022518,"basinId":"22","status":"no_data","color":"#94a3b8","radius":7,"riverName":"ÇATALDERE-1 R. CAN","hesId":"hes177-168","distanceKm":23.53,"coordinateSource":"TATUS Layer 4"}},{"type":"Feature","id":"station177-1406","geometry":{"type":"Point","coordinates":[40.619170000000054,40.98222000000004]},"properties":{"OBJECTID":1406,"IstNo":42022519,"SuAdi":"ÜZÜMLÜ R. CAN","IstAdi":"ADACAMİ HES","BolgeNo":22,"ILKODU":53,"ILCEKODU":1796,"HAVZA_ID":22,"entityId":"station177-1406","entityType":"hesStations177","id":"station177-1406","name":"ADACAMİ HES","stationId":42022519,"basinId":"22","status":"no_data","color":"#94a3b8","radius":7,"riverName":"ÜZÜMLÜ R. CAN","hesId":"hes177-168","distanceKm":15.22,"coordinateSource":"TATUS Layer 4"}},{"type":"Feature","id":"station177-1407","geometry":{"type":"Point","coordinates":[40.61361000000005,40.98639000000003]},"properties":{"OBJECTID":1407,"IstNo":42022521,"SuAdi":"DUMANKAYA R. CAN","IstAdi":"ADACAMİ HES","BolgeNo":22,"ILKODU":53,"ILCEKODU":1796,"HAVZA_ID":22,"entityId":"station177-1407","entityType":"hesStations177","id":"station177-1407","name":"ADACAMİ HES","stationId":42022521,"basinId":"22","status":"no_data","color":"#94a3b8","radius":7,"riverName":"DUMANKAYA R. CAN","hesId":"hes177-168","distanceKm":15.87,"coordinateSource":"TATUS Layer 4"}},{"type":"Feature","id":"station177-1408","geometry":{"type":"Point","coordinates":[40.61361000000005,40.98222000000004]},"properties":{"OBJECTID":1408,"IstNo":42022523,"SuAdi":"GÜNEYSU-1 R. CAN","IstAdi":"ADACAMİ HES","BolgeNo":22,"ILKODU":53,"ILCEKODU":1796,"HAVZA_ID":22,"entityId":"station177-1408","entityType":"hesStations177","id":"station177-1408","name":"ADACAMİ HES","stationId":42022523,"basinId":"22","status":"no_data","color":"#94a3b8","radius":7,"riverName":"GÜNEYSU-1 R. CAN","hesId":"hes177-168","distanceKm":15.6,"coordinateSource":"TATUS Layer 4"}},{"type":"Feature","id":"station177-1409","geometry":{"type":"Point","coordinates":[40.61639000000008,40.98417000000006]},"properties":{"OBJECTID":1409,"IstNo":42022525,"SuAdi":"GÜNEYSU-2 R. CAN","IstAdi":"ADACAMİ HES","BolgeNo":22,"ILKODU":53,"ILCEKODU":1796,"HAVZA_ID":22,"entityId":"station177-1409","entityType":"hesStations177","id":"station177-1409","name":"ADACAMİ HES","stationId":42022525,"basinId":"22","status":"no_data","color":"#94a3b8","radius":7,"riverName":"GÜNEYSU-2 R. CAN","hesId":"hes177-168","distanceKm":15.54,"coordinateSource":"TATUS Layer 4"}},{"type":"Feature","id":"station177-1410","geometry":{"type":"Point","coordinates":[40.561390000000074,40.779720000000054]},"properties":{"OBJECTID":1410,"IstNo":42022527,"SuAdi":"ÇAMLIK R. CANSUYU","IstAdi":"İKİZDERE HES","BolgeNo":22,"ILKODU":53,"ILCEKODU":1405,"HAVZA_ID":22,"entityId":"station177-1410","entityType":"hesStations177","id":"station177-1410","name":"İKİZDERE HES","stationId":42022527,"basinId":"22","status":"no_data","color":"#94a3b8","radius":7,"riverName":"ÇAMLIK R. CANSUYU","hesId":"hes177-168","distanceKm":21.93,"coordinateSource":"TATUS Layer 4"}},{"type":"Feature","id":"station177-1411","geometry":{"type":"Point","coordinates":[40.583330000000046,40.78305000000006]},"properties":{"OBJECTID":1411,"IstNo":42022530,"SuAdi":"CİMIL R. CANSUYU","IstAdi":"İKİZDERE HES","BolgeNo":22,"ILKODU":53,"ILCEKODU":1405,"HAVZA_ID":22,"entityId":"station177-1411","entityType":"hesStations177","id":"station177-1411","name":"İKİZDERE HES","stationId":42022530,"basinId":"22","status":"no_data","color":"#94a3b8","radius":7,"riverName":"CİMIL R. CANSUYU","hesId":"hes177-168","distanceKm":20.27,"coordinateSource":"TATUS Layer 4"}},{"type":"Feature","id":"station177-1412","geometry":{"type":"Point","coordinates":[40.619170000000054,40.980000000000075]},"properties":{"OBJECTID":1412,"IstNo":42022531,"SuAdi":"REG. CANSUYU","IstAdi":"GÜRGEN HES","BolgeNo":22,"ILKODU":53,"ILCEKODU":1796,"HAVZA_ID":22,"entityId":"station177-1412","entityType":"hesStations177","id":"station177-1412","name":"GÜRGEN HES","stationId":42022531,"basinId":"22","status":"no_data","color":"#94a3b8","radius":7,"riverName":"REG. CANSUYU","hesId":"hes177-168","distanceKm":15.08,"coordinateSource":"TATUS Layer 4"}},{"type":"Feature","id":"station177-1414","geometry":{"type":"Point","coordinates":[40.62861000000004,40.98222000000004]},"properties":{"OBJECTID":1414,"IstNo":42022535,"SuAdi":"REG. CANSUYU","IstAdi":"YEŞİLKÖY HES","BolgeNo":22,"ILKODU":53,"ILCEKODU":1796,"HAVZA_ID":22,"entityId":"station177-1414","entityType":"hesStations177","id":"station177-1414","name":"YEŞİLKÖY HES","stationId":42022535,"basinId":"22","status":"no_data","color":"#94a3b8","radius":7,"riverName":"REG. CANSUYU","hesId":"hes177-168","distanceKm":14.59,"coordinateSource":"TATUS Layer 4"}},{"type":"Feature","id":"station177-1415","geometry":{"type":"Point","coordinates":[40.62722000000008,40.98111000000006]},"properties":{"OBJECTID":1415,"IstNo":42022536,"SuAdi":"REG. CANSUYU","IstAdi":"HAMZABEY HES","BolgeNo":22,"ILKODU":53,"ILCEKODU":1796,"HAVZA_ID":22,"entityId":"station177-1415","entityType":"hesStations177","id":"station177-1415","name":"HAMZABEY HES","stationId":42022536,"basinId":"22","status":"no_data","color":"#94a3b8","radius":7,"riverName":"REG. CANSUYU","hesId":"hes177-168","distanceKm":14.6,"coordinateSource":"TATUS Layer 4"}},{"type":"Feature","id":"station177-1416","geometry":{"type":"Point","coordinates":[40.77583000000004,41.03056000000004]},"properties":{"OBJECTID":1416,"IstNo":42022537,"SuAdi":"REG. CANSUYU","IstAdi":"MELİKOM HES","BolgeNo":22,"ILKODU":53,"ILCEKODU":1241,"HAVZA_ID":22,"entityId":"station177-1416","entityType":"hesStations177","id":"station177-1416","name":"MELİKOM HES","stationId":42022537,"basinId":"22","status":"no_data","color":"#94a3b8","radius":7,"riverName":"REG. CANSUYU","hesId":"hes177-168","distanceKm":14.32,"coordinateSource":"TATUS Layer 4"}},{"type":"Feature","id":"station177-1483","geometry":{"type":"Point","coordinates":[38.63889000000006,40.86139000000003]},"properties":{"OBJECTID":1483,"IstNo":42022800,"SuAdi":"YAĞLIDERE","IstAdi":"AKKÖY ESPİYE HES CANSUYU","BolgeNo":22,"ILKODU":28,"ILCEKODU":1854,"HAVZA_ID":22,"entityId":"station177-1483","entityType":"hesStations177","id":"station177-1483","name":"AKKÖY ESPİYE HES CANSUYU","stationId":42022800,"basinId":"22","status":"no_data","color":"#94a3b8","radius":7,"riverName":"YAĞLIDERE","hesId":"hes177-020","distanceKm":18.26,"coordinateSource":"TATUS Layer 4"}},{"type":"Feature","id":"station177-1485","geometry":{"type":"Point","coordinates":[38.65265000000005,40.93288000000007]},"properties":{"OBJECTID":1485,"IstNo":42022803,"SuAdi":"KARADOĞA DERESİ","IstAdi":"SOĞUKPINAR CANSUYU","BolgeNo":22,"ILKODU":28,"ILCEKODU":1320,"HAVZA_ID":22,"entityId":"station177-1485","entityType":"hesStations177","id":"station177-1485","name":"SOĞUKPINAR CANSUYU","stationId":42022803,"basinId":"22","status":"no_data","color":"#94a3b8","radius":7,"riverName":"KARADOĞA DERESİ","hesId":"hes177-020","distanceKm":16.43,"coordinateSource":"TATUS Layer 4"}},{"type":"Feature","id":"station177-1486","geometry":{"type":"Point","coordinates":[38.63055000000003,40.86833000000007]},"properties":{"OBJECTID":1486,"IstNo":42022804,"SuAdi":"YAĞLIDERE","IstAdi":"KAYA KÖPRÜ 1 CANSUYU","BolgeNo":22,"ILKODU":28,"ILCEKODU":1854,"HAVZA_ID":22,"entityId":"station177-1486","entityType":"hesStations177","id":"station177-1486","name":"KAYA KÖPRÜ 1 CANSUYU","stationId":42022804,"basinId":"22","status":"no_data","color":"#94a3b8","radius":7,"riverName":"YAĞLIDERE","hesId":"hes177-020","distanceKm":18.72,"coordinateSource":"TATUS Layer 4"}},{"type":"Feature","id":"station177-1487","geometry":{"type":"Point","coordinates":[38.63889000000006,40.87667000000005]},"properties":{"OBJECTID":1487,"IstNo":42022805,"SuAdi":"YAĞLIDERE","IstAdi":"KAYA KÖPRÜ 2 CANSUYU","BolgeNo":22,"ILKODU":28,"ILCEKODU":1320,"HAVZA_ID":22,"entityId":"station177-1487","entityType":"hesStations177","id":"station177-1487","name":"KAYA KÖPRÜ 2 CANSUYU","stationId":42022805,"basinId":"22","status":"no_data","color":"#94a3b8","radius":7,"riverName":"YAĞLIDERE","hesId":"hes177-020","distanceKm":17.82,"coordinateSource":"TATUS Layer 4"}},{"type":"Feature","id":"station177-1488","geometry":{"type":"Point","coordinates":[38.63617000000005,40.870600000000024]},"properties":{"OBJECTID":1488,"IstNo":42022810,"SuAdi":"YAĞLIDERE","IstAdi":"KIRAN HES CANSUYU","BolgeNo":22,"ILKODU":28,"ILCEKODU":1854,"HAVZA_ID":22,"entityId":"station177-1488","entityType":"hesStations177","id":"station177-1488","name":"KIRAN HES CANSUYU","stationId":42022810,"basinId":"22","status":"no_data","color":"#94a3b8","radius":7,"riverName":"YAĞLIDERE","hesId":"hes177-020","distanceKm":18.2,"coordinateSource":"TATUS Layer 4"}},{"type":"Feature","id":"station177-1490","geometry":{"type":"Point","coordinates":[38.457640000000026,40.73655000000008]},"properties":{"OBJECTID":1490,"IstNo":42022813,"SuAdi":"AKSU","IstAdi":"ANGUTLU 1 CANSUYU","BolgeNo":22,"ILKODU":28,"ILCEKODU":1272,"HAVZA_ID":22,"entityId":"station177-1490","entityType":"hesStations177","id":"station177-1490","name":"ANGUTLU 1 CANSUYU","stationId":42022813,"basinId":"22","status":"no_data","color":"#94a3b8","radius":7,"riverName":"AKSU","hesId":"hes177-104","distanceKm":15.03,"coordinateSource":"TATUS Layer 4"}},{"type":"Feature","id":"station177-1492","geometry":{"type":"Point","coordinates":[38.454900000000066,40.74696000000006]},"properties":{"OBJECTID":1492,"IstNo":42022815,"SuAdi":"AKSU ","IstAdi":"ANGUTLU 2 CANSUYU","BolgeNo":22,"ILKODU":28,"ILCEKODU":1272,"HAVZA_ID":22,"entityId":"station177-1492","entityType":"hesStations177","id":"station177-1492","name":"ANGUTLU 2 CANSUYU","stationId":42022815,"basinId":"22","status":"no_data","color":"#94a3b8","radius":7,"riverName":"AKSU ","hesId":"hes177-104","distanceKm":15.67,"coordinateSource":"TATUS Layer 4"}},{"type":"Feature","id":"station177-1495","geometry":{"type":"Point","coordinates":[39.08111000000008,40.70889000000005]},"properties":{"OBJECTID":1495,"IstNo":42022819,"SuAdi":"HARŞİT ÇAYI","IstAdi":"AKKÖY I CANSUYU","BolgeNo":22,"ILKODU":29,"ILCEKODU":1971,"HAVZA_ID":22,"entityId":"station177-1495","entityType":"hesStations177","id":"station177-1495","name":"AKKÖY I CANSUYU","stationId":42022819,"basinId":"22","status":"no_data","color":"#94a3b8","radius":7,"riverName":"HARŞİT ÇAYI","hesId":"hes177-005","distanceKm":2.13,"coordinateSource":"TATUS Layer 4"}},{"type":"Feature","id":"station177-1496","geometry":{"type":"Point","coordinates":[38.80165000000005,40.89604000000003]},"properties":{"OBJECTID":1496,"IstNo":42022820,"SuAdi":"KAROVACIK DERESİ","IstAdi":"ALADEREÇAM CANSUYU","BolgeNo":22,"ILKODU":28,"ILCEKODU":1930,"HAVZA_ID":22,"entityId":"station177-1496","entityType":"hesStations177","id":"station177-1496","name":"ALADEREÇAM CANSUYU","stationId":42022820,"basinId":"22","status":"no_data","color":"#94a3b8","radius":7,"riverName":"KAROVACIK DERESİ","hesId":"hes177-020","distanceKm":4.08,"coordinateSource":"TATUS Layer 4"}},{"type":"Feature","id":"station177-1498","geometry":{"type":"Point","coordinates":[38.45750000000004,40.74583000000007]},"properties":{"OBJECTID":1498,"IstNo":42022830,"SuAdi":"YÜCE DERESİ","IstAdi":"YÜCE I CANSUYU","BolgeNo":22,"ILKODU":28,"ILCEKODU":1272,"HAVZA_ID":22,"entityId":"station177-1498","entityType":"hesStations177","id":"station177-1498","name":"YÜCE I CANSUYU","stationId":42022830,"basinId":"22","status":"no_data","color":"#94a3b8","radius":7,"riverName":"YÜCE DERESİ","hesId":"hes177-104","distanceKm":15.42,"coordinateSource":"TATUS Layer 4"}},{"type":"Feature","id":"station177-1499","geometry":{"type":"Point","coordinates":[38.471370000000036,40.75697000000008]},"properties":{"OBJECTID":1499,"IstNo":42022832,"SuAdi":"HORTEN DERESİ","IstAdi":"YÜCE II CANSUYU","BolgeNo":22,"ILKODU":28,"ILCEKODU":1272,"HAVZA_ID":22,"entityId":"station177-1499","entityType":"hesStations177","id":"station177-1499","name":"YÜCE II CANSUYU","stationId":42022832,"basinId":"22","status":"no_data","color":"#94a3b8","radius":7,"riverName":"HORTEN DERESİ","hesId":"hes177-104","distanceKm":14.94,"coordinateSource":"TATUS Layer 4"}},{"type":"Feature","id":"station177-1500","geometry":{"type":"Point","coordinates":[38.91611000000006,40.56194000000005]},"properties":{"OBJECTID":1500,"IstNo":42022833,"SuAdi":"AKSU DERESİ","IstAdi":"DORUK HES AKSU CANSUYU","BolgeNo":22,"ILKODU":28,"ILCEKODU":1971,"HAVZA_ID":22,"entityId":"station177-1500","entityType":"hesStations177","id":"station177-1500","name":"DORUK HES AKSU CANSUYU","stationId":42022833,"basinId":"22","status":"no_data","color":"#94a3b8","radius":7,"riverName":"AKSU DERESİ","hesId":"hes177-043","distanceKm":18.45,"coordinateSource":"TATUS Layer 4"}},{"type":"Feature","id":"station177-1503","geometry":{"type":"Point","coordinates":[38.845830000000035,40.91139000000004]},"properties":{"OBJECTID":1503,"IstNo":42022839,"SuAdi":"HARŞİT ÇAYI","IstAdi":"ASLANCIK CANSUYU","BolgeNo":22,"ILKODU":28,"ILCEKODU":1678,"HAVZA_ID":22,"entityId":"station177-1503","entityType":"hesStations177","id":"station177-1503","name":"ASLANCIK CANSUYU","stationId":42022839,"basinId":"22","status":"no_data","color":"#94a3b8","radius":7,"riverName":"HARŞİT ÇAYI","hesId":"hes177-020","distanceKm":0.05,"coordinateSource":"TATUS Layer 4"}},{"type":"Feature","id":"station177-1506","geometry":{"type":"Point","coordinates":[38.078610000000026,40.83182000000005]},"properties":{"OBJECTID":1506,"IstNo":42022846,"SuAdi":"TURNA SUYU","IstAdi":"ÜÇGEN II CANSUYU","BolgeNo":22,"ILKODU":28,"ILCEKODU":1837,"HAVZA_ID":22,"entityId":"station177-1506","entityType":"hesStations177","id":"station177-1506","name":"ÜÇGEN II CANSUYU","stationId":42022846,"basinId":"22","status":"no_data","color":"#94a3b8","radius":7,"riverName":"TURNA SUYU","hesId":"hes177-056","distanceKm":22.0,"coordinateSource":"TATUS Layer 4"}},{"type":"Feature","id":"station177-1509","geometry":{"type":"Point","coordinates":[38.64278000000007,40.84639000000004]},"properties":{"OBJECTID":1509,"IstNo":42022850,"SuAdi":"YAĞLIDERE","IstAdi":"KOÇLUHES CANSUYU","BolgeNo":22,"ILKODU":28,"ILCEKODU":1854,"HAVZA_ID":22,"entityId":"station177-1509","entityType":"hesStations177","id":"station177-1509","name":"KOÇLUHES CANSUYU","stationId":42022850,"basinId":"22","status":"no_data","color":"#94a3b8","radius":7,"riverName":"YAĞLIDERE","hesId":"hes177-104","distanceKm":17.45,"coordinateSource":"TATUS Layer 4"}},{"type":"Feature","id":"station177-1512","geometry":{"type":"Point","coordinates":[38.81744000000003,40.89829000000003]},"properties":{"OBJECTID":1512,"IstNo":42022857,"SuAdi":"KARADOĞA D.","IstAdi":"ÇİLEKLI TEPE CANSUYU","BolgeNo":22,"ILKODU":28,"ILCEKODU":1930,"HAVZA_ID":22,"entityId":"station177-1512","entityType":"hesStations177","id":"station177-1512","name":"ÇİLEKLI TEPE CANSUYU","stationId":42022857,"basinId":"22","status":"no_data","color":"#94a3b8","radius":7,"riverName":"KARADOĞA D.","hesId":"hes177-020","distanceKm":2.79,"coordinateSource":"TATUS Layer 4"}},{"type":"Feature","id":"station177-1515","geometry":{"type":"Point","coordinates":[38.457640000000026,40.74607000000003]},"properties":{"OBJECTID":1515,"IstNo":42022862,"SuAdi":"KÜMBET DERESİ","IstAdi":"SERHAT HES ","BolgeNo":22,"ILKODU":28,"ILCEKODU":1272,"HAVZA_ID":22,"entityId":"station177-1515","entityType":"hesStations177","id":"station177-1515","name":"SERHAT HES ","stationId":42022862,"basinId":"22","status":"no_data","color":"#94a3b8","radius":7,"riverName":"KÜMBET DERESİ","hesId":"hes177-104","distanceKm":15.42,"coordinateSource":"TATUS Layer 4"}},{"type":"Feature","id":"station177-1517","geometry":{"type":"Point","coordinates":[38.710330000000056,40.94879000000003]},"properties":{"OBJECTID":1517,"IstNo":42022868,"SuAdi":"ÖZLÜCE DERESİ","IstAdi":"CAY REG. (ÖZLÜCE D.) CANSUYU","BolgeNo":22,"ILKODU":28,"ILCEKODU":1320,"HAVZA_ID":22,"entityId":"station177-1517","entityType":"hesStations177","id":"station177-1517","name":"CAY REG. (ÖZLÜCE D.) CANSUYU","stationId":42022868,"basinId":"22","status":"no_data","color":"#94a3b8","radius":7,"riverName":"ÖZLÜCE DERESİ","hesId":"hes177-020","distanceKm":12.15,"coordinateSource":"TATUS Layer 4"}},{"type":"Feature","id":"station177-1518","geometry":{"type":"Point","coordinates":[38.65265000000005,40.94671000000005]},"properties":{"OBJECTID":1518,"IstNo":42022869,"SuAdi":"KARADONA DERESİ","IstAdi":"ÇAY HES REG(KARADONA D.) CANSUYU","BolgeNo":22,"ILKODU":28,"ILCEKODU":1320,"HAVZA_ID":22,"entityId":"station177-1518","entityType":"hesStations177","id":"station177-1518","name":"ÇAY HES REG(KARADONA D.) CANSUYU","stationId":42022869,"basinId":"22","status":"no_data","color":"#94a3b8","radius":7,"riverName":"KARADONA DERESİ","hesId":"hes177-020","distanceKm":16.72,"coordinateSource":"TATUS Layer 4"}},{"type":"Feature","id":"station177-1519","geometry":{"type":"Point","coordinates":[38.700000000000045,40.82472000000007]},"properties":{"OBJECTID":1519,"IstNo":42022870,"SuAdi":"AKSU ÇAYI","IstAdi":"YUMRUTEPE HES CANSUYU","BolgeNo":22,"ILKODU":28,"ILCEKODU":1320,"HAVZA_ID":22,"entityId":"station177-1519","entityType":"hesStations177","id":"station177-1519","name":"YUMRUTEPE HES CANSUYU","stationId":42022870,"basinId":"22","status":"no_data","color":"#94a3b8","radius":7,"riverName":"AKSU ÇAYI","hesId":"hes177-020","distanceKm":15.58,"coordinateSource":"TATUS Layer 4"}},{"type":"Feature","id":"station177-1526","geometry":{"type":"Point","coordinates":[39.078370000000064,40.70702000000006]},"properties":{"OBJECTID":1526,"IstNo":42022901,"SuAdi":"SÜME DERESİ","IstAdi":"FINDIK HES CANSUYU","BolgeNo":22,"ILKODU":29,"ILCEKODU":1971,"HAVZA_ID":22,"entityId":"station177-1526","entityType":"hesStations177","id":"station177-1526","name":"FINDIK HES CANSUYU","stationId":42022901,"basinId":"22","status":"no_data","color":"#94a3b8","radius":7,"riverName":"SÜME DERESİ","hesId":"hes177-005","distanceKm":2.11,"coordinateSource":"TATUS Layer 4"}},{"type":"Feature","id":"station177-1529","geometry":{"type":"Point","coordinates":[39.085000000000036,40.708060000000046]},"properties":{"OBJECTID":1529,"IstNo":42022907,"SuAdi":"ÇİT DERESI","IstAdi":"MOR-2 HES CANSUYU","BolgeNo":22,"ILKODU":29,"ILCEKODU":1971,"HAVZA_ID":22,"entityId":"station177-1529","entityType":"hesStations177","id":"station177-1529","name":"MOR-2 HES CANSUYU","stationId":42022907,"basinId":"22","status":"no_data","color":"#94a3b8","radius":7,"riverName":"ÇİT DERESI","hesId":"hes177-005","distanceKm":1.88,"coordinateSource":"TATUS Layer 4"}},{"type":"Feature","id":"station177-1530","geometry":{"type":"Point","coordinates":[39.086610000000064,40.70712000000003]},"properties":{"OBJECTID":1530,"IstNo":42022909,"SuAdi":"KOPUZ DERESİ","IstAdi":"GÜZELOLUK CANSUYU","BolgeNo":22,"ILKODU":29,"ILCEKODU":1971,"HAVZA_ID":22,"entityId":"station177-1530","entityType":"hesStations177","id":"station177-1530","name":"GÜZELOLUK CANSUYU","stationId":42022909,"basinId":"22","status":"no_data","color":"#94a3b8","radius":7,"riverName":"KOPUZ DERESİ","hesId":"hes177-005","distanceKm":1.72,"coordinateSource":"TATUS Layer 4"}},{"type":"Feature","id":"station177-1532","geometry":{"type":"Point","coordinates":[39.00555000000003,40.92194000000006]},"properties":{"OBJECTID":1532,"IstNo":42022915,"SuAdi":"KAHRAMAN REG. CANSUYU","IstAdi":"KAHRAMAN HES","BolgeNo":22,"ILKODU":28,"ILCEKODU":1894,"HAVZA_ID":22,"entityId":"station177-1532","entityType":"hesStations177","id":"station177-1532","name":"KAHRAMAN HES","stationId":42022915,"basinId":"22","status":"no_data","color":"#94a3b8","radius":7,"riverName":"KAHRAMAN REG. CANSUYU","hesId":"hes177-020","distanceKm":13.46,"coordinateSource":"TATUS Layer 4"}},{"type":"Feature","id":"station177-1533","geometry":{"type":"Point","coordinates":[39.01222000000007,40.926390000000026]},"properties":{"OBJECTID":1533,"IstNo":42022917,"SuAdi":"TELLİ-1 REG. CANSUYU","IstAdi":"TELLİ-1 HES","BolgeNo":22,"ILKODU":28,"ILCEKODU":1894,"HAVZA_ID":22,"entityId":"station177-1533","entityType":"hesStations177","id":"station177-1533","name":"TELLİ-1 HES","stationId":42022917,"basinId":"22","status":"no_data","color":"#94a3b8","radius":7,"riverName":"TELLİ-1 REG. CANSUYU","hesId":"hes177-020","distanceKm":14.07,"coordinateSource":"TATUS Layer 4"}},{"type":"Feature","id":"station177-1534","geometry":{"type":"Point","coordinates":[39.004170000000045,40.923050000000046]},"properties":{"OBJECTID":1534,"IstNo":42022918,"SuAdi":"GECÜR REG. CANSUYU","IstAdi":"GECÜR HES","BolgeNo":22,"ILKODU":28,"ILCEKODU":1894,"HAVZA_ID":22,"entityId":"station177-1534","entityType":"hesStations177","id":"station177-1534","name":"GECÜR HES","stationId":42022918,"basinId":"22","status":"no_data","color":"#94a3b8","radius":7,"riverName":"GECÜR REG. CANSUYU","hesId":"hes177-020","distanceKm":13.36,"coordinateSource":"TATUS Layer 4"}},{"type":"Feature","id":"station177-1539","geometry":{"type":"Point","coordinates":[41.67664000000008,41.40291000000008]},"properties":{"OBJECTID":1539,"IstNo":42023003,"SuAdi":"DEVİSKEL DERE","IstAdi":"ERENLER REG. VE HES","BolgeNo":26,"ILKODU":8,"ILCEKODU":1202,"HAVZA_ID":23,"entityId":"station177-1539","entityType":"hesStations177","id":"station177-1539","name":"ERENLER REG. VE HES","stationId":42023003,"basinId":"23","status":"no_data","color":"#94a3b8","radius":7,"riverName":"DEVİSKEL DERE","hesId":"hes177-039","distanceKm":5.8,"coordinateSource":"TATUS Layer 4"}},{"type":"Feature","id":"station177-1540","geometry":{"type":"Point","coordinates":[41.66565000000003,41.40291000000008]},"properties":{"OBJECTID":1540,"IstNo":42023004,"SuAdi":"ARALIK DERE","IstAdi":"ARALIK REG.VE HES","BolgeNo":26,"ILKODU":8,"ILCEKODU":1202,"HAVZA_ID":23,"entityId":"station177-1540","entityType":"hesStations177","id":"station177-1540","name":"ARALIK REG.VE HES","stationId":42023004,"basinId":"23","status":"no_data","color":"#94a3b8","radius":7,"riverName":"ARALIK DERE","hesId":"hes177-039","distanceKm":5.95,"coordinateSource":"TATUS Layer 4"}},{"type":"Feature","id":"station177-1541","geometry":{"type":"Point","coordinates":[41.66565000000003,41.40703000000008]},"properties":{"OBJECTID":1541,"IstNo":42023005,"SuAdi":"İÇKALE DERE","IstAdi":"ÇİFTEKÖPRÜ REG.VE HES","BolgeNo":26,"ILKODU":8,"ILCEKODU":1202,"HAVZA_ID":23,"entityId":"station177-1541","entityType":"hesStations177","id":"station177-1541","name":"ÇİFTEKÖPRÜ REG.VE HES","stationId":42023005,"basinId":"23","status":"no_data","color":"#94a3b8","radius":7,"riverName":"İÇKALE DERE","hesId":"hes177-039","distanceKm":6.4,"coordinateSource":"TATUS Layer 4"}},{"type":"Feature","id":"station177-1542","geometry":{"type":"Point","coordinates":[41.68213000000003,41.40703000000008]},"properties":{"OBJECTID":1542,"IstNo":42023006,"SuAdi":"DEVİSKEL DERE","IstAdi":"ARPA REG.VE HES","BolgeNo":26,"ILKODU":8,"ILCEKODU":1202,"HAVZA_ID":23,"entityId":"station177-1542","entityType":"hesStations177","id":"station177-1542","name":"ARPA REG.VE HES","stationId":42023006,"basinId":"23","status":"no_data","color":"#94a3b8","radius":7,"riverName":"DEVİSKEL DERE","hesId":"hes177-039","distanceKm":6.23,"coordinateSource":"TATUS Layer 4"}},{"type":"Feature","id":"station177-1543","geometry":{"type":"Point","coordinates":[41.56944000000004,41.28944000000007]},"properties":{"OBJECTID":1543,"IstNo":42023007,"SuAdi":"KABACA DERE","IstAdi":"CANSU REG.VE HES","BolgeNo":26,"ILKODU":8,"ILCEKODU":1828,"HAVZA_ID":23,"entityId":"station177-1543","entityType":"hesStations177","id":"station177-1543","name":"CANSU REG.VE HES","stationId":42023007,"basinId":"23","status":"no_data","color":"#94a3b8","radius":7,"riverName":"KABACA DERE","hesId":"hes177-039","distanceKm":11.7,"coordinateSource":"TATUS Layer 4"}},{"type":"Feature","id":"station177-1544","geometry":{"type":"Point","coordinates":[41.56250000000006,41.284170000000074]},"properties":{"OBJECTID":1544,"IstNo":42023008,"SuAdi":"KUNSU DERE","IstAdi":"KUNSU REGÜLATÖRÜ (ÇAKIRLAR)","BolgeNo":26,"ILKODU":8,"ILCEKODU":1828,"HAVZA_ID":23,"entityId":"station177-1544","entityType":"hesStations177","id":"station177-1544","name":"KUNSU REGÜLATÖRÜ (ÇAKIRLAR)","stationId":42023008,"basinId":"23","status":"no_data","color":"#94a3b8","radius":7,"riverName":"KUNSU DERE","hesId":"hes177-039","distanceKm":12.51,"coordinateSource":"TATUS Layer 4"}},{"type":"Feature","id":"station177-1545","geometry":{"type":"Point","coordinates":[41.566770000000076,41.28228000000007]},"properties":{"OBJECTID":1545,"IstNo":42023009,"SuAdi":"EĞRİSU DERE","IstAdi":"EĞRİSU REGÜLATÖRÜ(ÇAKIRLAR)","BolgeNo":26,"ILKODU":8,"ILCEKODU":1828,"HAVZA_ID":23,"entityId":"station177-1545","entityType":"hesStations177","id":"station177-1545","name":"EĞRİSU REGÜLATÖRÜ(ÇAKIRLAR)","stationId":42023009,"basinId":"23","status":"no_data","color":"#94a3b8","radius":7,"riverName":"EĞRİSU DERE","hesId":"hes177-039","distanceKm":12.35,"coordinateSource":"TATUS Layer 4"}},{"type":"Feature","id":"station177-1546","geometry":{"type":"Point","coordinates":[41.57089000000008,41.286410000000046]},"properties":{"OBJECTID":1546,"IstNo":42023010,"SuAdi":"SULUDÜZ DERE","IstAdi":"ÇAKIRLAR REG VE HES","BolgeNo":26,"ILKODU":8,"ILCEKODU":1828,"HAVZA_ID":23,"entityId":"station177-1546","entityType":"hesStations177","id":"station177-1546","name":"ÇAKIRLAR REG VE HES","stationId":42023010,"basinId":"23","status":"no_data","color":"#94a3b8","radius":7,"riverName":"SULUDÜZ DERE","hesId":"hes177-039","distanceKm":11.8,"coordinateSource":"TATUS Layer 4"}},{"type":"Feature","id":"station177-1547","geometry":{"type":"Point","coordinates":[41.575000000000045,41.28833000000003]},"properties":{"OBJECTID":1547,"IstNo":42023011,"SuAdi":"KÖPÜRTEN DERE","IstAdi":"KÖPÜRTEN REG. (ÇAKIRLAR)","BolgeNo":26,"ILKODU":8,"ILCEKODU":1828,"HAVZA_ID":23,"entityId":"station177-1547","entityType":"hesStations177","id":"station177-1547","name":"KÖPÜRTEN REG. (ÇAKIRLAR)","stationId":42023011,"basinId":"23","status":"no_data","color":"#94a3b8","radius":7,"riverName":"KÖPÜRTEN DERE","hesId":"hes177-039","distanceKm":11.4,"coordinateSource":"TATUS Layer 4"}},{"type":"Feature","id":"station177-1548","geometry":{"type":"Point","coordinates":[41.57776000000007,41.295690000000036]},"properties":{"OBJECTID":1548,"IstNo":42023012,"SuAdi":"KABACA DERE","IstAdi":"KABACA 1 REG.VE HES","BolgeNo":26,"ILKODU":8,"ILCEKODU":1828,"HAVZA_ID":23,"entityId":"station177-1548","entityType":"hesStations177","id":"station177-1548","name":"KABACA 1 REG.VE HES","stationId":42023012,"basinId":"23","status":"no_data","color":"#94a3b8","radius":7,"riverName":"KABACA DERE","hesId":"hes177-039","distanceKm":10.73,"coordinateSource":"TATUS Layer 4"}},{"type":"Feature","id":"station177-1549","geometry":{"type":"Point","coordinates":[41.566770000000076,41.28228000000007]},"properties":{"OBJECTID":1549,"IstNo":42023013,"SuAdi":"KABACA DERE","IstAdi":"ERENKÖY REG.VE HES","BolgeNo":26,"ILKODU":8,"ILCEKODU":1828,"HAVZA_ID":23,"entityId":"station177-1549","entityType":"hesStations177","id":"station177-1549","name":"ERENKÖY REG.VE HES","stationId":42023013,"basinId":"23","status":"no_data","color":"#94a3b8","radius":7,"riverName":"KABACA DERE","hesId":"hes177-039","distanceKm":12.35,"coordinateSource":"TATUS Layer 4"}},{"type":"Feature","id":"station177-1550","geometry":{"type":"Point","coordinates":[41.56952000000007,41.28744000000006]},"properties":{"OBJECTID":1550,"IstNo":42023014,"SuAdi":"KABACA DERE","IstAdi":"MURGUL REG.VE HES","BolgeNo":26,"ILKODU":8,"ILCEKODU":1828,"HAVZA_ID":23,"entityId":"station177-1550","entityType":"hesStations177","id":"station177-1550","name":"MURGUL REG.VE HES","stationId":42023014,"basinId":"23","status":"no_data","color":"#94a3b8","radius":7,"riverName":"KABACA DERE","hesId":"hes177-039","distanceKm":11.82,"coordinateSource":"TATUS Layer 4"}},{"type":"Feature","id":"station177-1551","geometry":{"type":"Point","coordinates":[41.57089000000008,41.28537000000006]},"properties":{"OBJECTID":1551,"IstNo":42023015,"SuAdi":"KABACA DERE","IstAdi":"YAYLA REG VE HES","BolgeNo":26,"ILKODU":8,"ILCEKODU":1828,"HAVZA_ID":23,"entityId":"station177-1551","entityType":"hesStations177","id":"station177-1551","name":"YAYLA REG VE HES","stationId":42023015,"basinId":"23","status":"no_data","color":"#94a3b8","radius":7,"riverName":"KABACA DERE","hesId":"hes177-039","distanceKm":11.87,"coordinateSource":"TATUS Layer 4"}},{"type":"Feature","id":"station177-1552","geometry":{"type":"Point","coordinates":[41.56403000000006,41.27815000000004]},"properties":{"OBJECTID":1552,"IstNo":42023016,"SuAdi":"SATİP DERE","IstAdi":"KABACA REG VE HES CANSUYU","BolgeNo":26,"ILKODU":8,"ILCEKODU":1828,"HAVZA_ID":23,"entityId":"station177-1552","entityType":"hesStations177","id":"station177-1552","name":"KABACA REG VE HES CANSUYU","stationId":42023016,"basinId":"23","status":"no_data","color":"#94a3b8","radius":7,"riverName":"SATİP DERE","hesId":"hes177-039","distanceKm":12.82,"coordinateSource":"TATUS Layer 4"}},{"type":"Feature","id":"station177-1555","geometry":{"type":"Point","coordinates":[41.70135000000005,41.36856000000006]},"properties":{"OBJECTID":1555,"IstNo":42023019,"SuAdi":"COSEDİNARA DERESI","IstAdi":"HIZIR REG.VE HES","BolgeNo":26,"ILKODU":8,"ILCEKODU":1202,"HAVZA_ID":23,"entityId":"station177-1555","entityType":"hesStations177","id":"station177-1555","name":"HIZIR REG.VE HES","stationId":42023019,"basinId":"23","status":"no_data","color":"#94a3b8","radius":7,"riverName":"COSEDİNARA DERESI","hesId":"hes177-039","distanceKm":2.48,"coordinateSource":"TATUS Layer 4"}},{"type":"Feature","id":"station177-1557","geometry":{"type":"Point","coordinates":[41.67417000000006,41.42333000000008]},"properties":{"OBJECTID":1557,"IstNo":42023021,"SuAdi":"DARICA DERESİ","IstAdi":"KOCAMAN REG. VE HES","BolgeNo":26,"ILKODU":8,"ILCEKODU":1202,"HAVZA_ID":23,"entityId":"station177-1557","entityType":"hesStations177","id":"station177-1557","name":"KOCAMAN REG. VE HES","stationId":42023021,"basinId":"23","status":"no_data","color":"#94a3b8","radius":7,"riverName":"DARICA DERESİ","hesId":"hes177-129","distanceKm":5.97,"coordinateSource":"TATUS Layer 4"}},{"type":"Feature","id":"station177-1567","geometry":{"type":"Point","coordinates":[41.05305000000004,40.62972000000008]},"properties":{"OBJECTID":1567,"IstNo":42023100,"SuAdi":"AKSU DERE","IstAdi":"AKSU REG VE HES CANSUYU","BolgeNo":8,"ILKODU":25,"ILCEKODU":1416,"HAVZA_ID":23,"entityId":"station177-1567","entityType":"hesStations177","id":"station177-1567","name":"AKSU REG VE HES CANSUYU","stationId":42023100,"basinId":"23","status":"no_data","color":"#94a3b8","radius":7,"riverName":"AKSU DERE","hesId":"hes177-077","distanceKm":9.55,"coordinateSource":"TATUS Layer 4"}},{"type":"Feature","id":"station177-1571","geometry":{"type":"Point","coordinates":[41.293330000000026,40.67694000000006]},"properties":{"OBJECTID":1571,"IstNo":42023109,"SuAdi":"ÇORUH NEHRİ","IstAdi":"ARKUN BARAJI VE HES CANSUYU","BolgeNo":8,"ILKODU":25,"ILCEKODU":1416,"HAVZA_ID":23,"entityId":"station177-1571","entityType":"hesStations177","id":"station177-1571","name":"ARKUN BARAJI VE HES CANSUYU","stationId":42023109,"basinId":"23","status":"no_data","color":"#94a3b8","radius":7,"riverName":"ÇORUH NEHRİ","hesId":"hes177-018","distanceKm":11.5,"coordinateSource":"TATUS Layer 4"}},{"type":"Feature","id":"station177-1572","geometry":{"type":"Point","coordinates":[41.925560000000075,40.764170000000036]},"properties":{"OBJECTID":1572,"IstNo":42023112,"SuAdi":"OLTU ÇAYI","IstAdi":"AYVALI BARAJI VE HES CANSUYU","BolgeNo":8,"ILKODU":25,"ILCEKODU":1551,"HAVZA_ID":23,"entityId":"station177-1572","entityType":"hesStations177","id":"station177-1572","name":"AYVALI BARAJI VE HES CANSUYU","stationId":42023112,"basinId":"23","status":"no_data","color":"#94a3b8","radius":7,"riverName":"OLTU ÇAYI","hesId":"hes177-026","distanceKm":7.71,"coordinateSource":"TATUS Layer 4"}},{"type":"Feature","id":"station177-1573","geometry":{"type":"Point","coordinates":[41.924720000000036,40.76361000000003]},"properties":{"OBJECTID":1573,"IstNo":42023113,"SuAdi":"ÇORUH NEHRİ","IstAdi":"AYVALI BARAJI VE HES SULAMA SUYU/KANAL","BolgeNo":8,"ILKODU":25,"ILCEKODU":1551,"HAVZA_ID":23,"entityId":"station177-1573","entityType":"hesStations177","id":"station177-1573","name":"AYVALI BARAJI VE HES SULAMA SUYU/KANAL","stationId":42023113,"basinId":"23","status":"no_data","color":"#94a3b8","radius":7,"riverName":"ÇORUH NEHRİ","hesId":"hes177-026","distanceKm":7.63,"coordinateSource":"TATUS Layer 4"}},{"type":"Feature","id":"station177-1577","geometry":{"type":"Point","coordinates":[41.025000000000034,40.52417000000003]},"properties":{"OBJECTID":1577,"IstNo":42023124,"SuAdi":"ÇORUH NEHRİ   İSPİR","IstAdi":"GÜLLÜBAĞ BARAJI VE HES CANSUYU","BolgeNo":8,"ILKODU":25,"ILCEKODU":1416,"HAVZA_ID":23,"entityId":"station177-1577","entityType":"hesStations177","id":"station177-1577","name":"GÜLLÜBAĞ BARAJI VE HES CANSUYU","stationId":42023124,"basinId":"23","status":"no_data","color":"#94a3b8","radius":7,"riverName":"ÇORUH NEHRİ   İSPİR","hesId":"hes177-077","distanceKm":2.88,"coordinateSource":"TATUS Layer 4"}},{"type":"Feature","id":"station177-1583","geometry":{"type":"Point","coordinates":[40.92056000000008,40.526670000000024]},"properties":{"OBJECTID":1583,"IstNo":42023143,"SuAdi":"SARICA DERESİ","IstAdi":"ÖZLÜCE REG. VE HES CANSUYU","BolgeNo":8,"ILKODU":25,"ILCEKODU":1416,"HAVZA_ID":23,"entityId":"station177-1583","entityType":"hesStations177","id":"station177-1583","name":"ÖZLÜCE REG. VE HES CANSUYU","stationId":42023143,"basinId":"23","status":"no_data","color":"#94a3b8","radius":7,"riverName":"SARICA DERESİ","hesId":"hes177-077","distanceKm":10.86,"coordinateSource":"TATUS Layer 4"}},{"type":"Feature","id":"station177-1585","geometry":{"type":"Point","coordinates":[41.210830000000044,40.71583000000004]},"properties":{"OBJECTID":1585,"IstNo":42023148,"SuAdi":"SIRAKONAKLAR ÇAYI","IstAdi":"SIRAKONAKLAR REG. VE HES CANSUYU","BolgeNo":8,"ILKODU":25,"ILCEKODU":1416,"HAVZA_ID":23,"entityId":"station177-1585","entityType":"hesStations177","id":"station177-1585","name":"SIRAKONAKLAR REG. VE HES CANSUYU","stationId":42023148,"basinId":"23","status":"no_data","color":"#94a3b8","radius":7,"riverName":"SIRAKONAKLAR ÇAYI","hesId":"hes177-018","distanceKm":17.46,"coordinateSource":"TATUS Layer 4"}},{"type":"Feature","id":"station177-1586","geometry":{"type":"Point","coordinates":[41.66583000000003,40.66056000000003]},"properties":{"OBJECTID":1586,"IstNo":42023151,"SuAdi":"TORTUM ÇAYI","IstAdi":"TORTUM HES CAN SUYU","BolgeNo":8,"ILKODU":25,"ILCEKODU":1851,"HAVZA_ID":23,"entityId":"station177-1586","entityType":"hesStations177","id":"station177-1586","name":"TORTUM HES CAN SUYU","stationId":42023151,"basinId":"23","status":"no_data","color":"#94a3b8","radius":7,"riverName":"TORTUM ÇAYI","hesId":"hes177-026","distanceKm":17.64,"coordinateSource":"TATUS Layer 4"}},{"type":"Feature","id":"station177-1589","geometry":{"type":"Point","coordinates":[41.02555000000007,40.65361000000007]},"properties":{"OBJECTID":1589,"IstNo":42023157,"SuAdi":"AKSU DERE İSPİR","IstAdi":"YEDİGÖL REG. VE HES CAN SUYU","BolgeNo":8,"ILKODU":25,"ILCEKODU":1416,"HAVZA_ID":23,"entityId":"station177-1589","entityType":"hesStations177","id":"station177-1589","name":"YEDİGÖL REG. VE HES CAN SUYU","stationId":42023157,"basinId":"23","status":"no_data","color":"#94a3b8","radius":7,"riverName":"AKSU DERE İSPİR","hesId":"hes177-077","distanceKm":12.32,"coordinateSource":"TATUS Layer 4"}},{"type":"Feature","id":"station177-1592","geometry":{"type":"Point","coordinates":[40.85056000000003,40.58528000000007]},"properties":{"OBJECTID":1592,"IstNo":42023166,"SuAdi":"OVİT DERE","IstAdi":"ÇAYHAN 2 REG. VE HES CANSUYU","BolgeNo":8,"ILKODU":25,"ILCEKODU":1416,"HAVZA_ID":23,"entityId":"station177-1592","entityType":"hesStations177","id":"station177-1592","name":"ÇAYHAN 2 REG. VE HES CANSUYU","stationId":42023166,"basinId":"23","status":"no_data","color":"#94a3b8","radius":7,"riverName":"OVİT DERE","hesId":"hes177-077","distanceKm":17.22,"coordinateSource":"TATUS Layer 4"}},{"type":"Feature","id":"station177-1593","geometry":{"type":"Point","coordinates":[40.89444000000003,40.56167000000005]},"properties":{"OBJECTID":1593,"IstNo":42023168,"SuAdi":"OVİT DERE","IstAdi":"KIZILCIK REG VE HES CANSUYU","BolgeNo":8,"ILKODU":25,"ILCEKODU":1416,"HAVZA_ID":23,"entityId":"station177-1593","entityType":"hesStations177","id":"station177-1593","name":"KIZILCIK REG VE HES CANSUYU","stationId":42023168,"basinId":"23","status":"no_data","color":"#94a3b8","radius":7,"riverName":"OVİT DERE","hesId":"hes177-077","distanceKm":13.04,"coordinateSource":"TATUS Layer 4"}},{"type":"Feature","id":"station177-1598","geometry":{"type":"Point","coordinates":[42.593990000000076,40.15509000000003]},"properties":{"OBJECTID":1598,"IstNo":42024001,"SuAdi":"ARAS N.","IstAdi":"KALE HES CANSUYU","BolgeNo":24,"ILKODU":36,"ILCEKODU":1601,"HAVZA_ID":24,"entityId":"station177-1598","entityType":"hesStations177","id":"station177-1598","name":"KALE HES CANSUYU","stationId":42024001,"basinId":"24","status":"no_data","color":"#94a3b8","radius":7,"riverName":"ARAS N.","hesId":"hes177-094","distanceKm":9.03,"coordinateSource":"TATUS Layer 4"}},{"type":"Feature","id":"station177-1599","geometry":{"type":"Point","coordinates":[42.593890000000044,40.15083000000004]},"properties":{"OBJECTID":1599,"IstNo":42024002,"SuAdi":"ARAS N.","IstAdi":"SERAP HES CANSUYU","BolgeNo":24,"ILKODU":36,"ILCEKODU":1601,"HAVZA_ID":24,"entityId":"station177-1599","entityType":"hesStations177","id":"station177-1599","name":"SERAP HES CANSUYU","stationId":42024002,"basinId":"24","status":"no_data","color":"#94a3b8","radius":7,"riverName":"ARAS N.","hesId":"hes177-094","distanceKm":8.98,"coordinateSource":"TATUS Layer 4"}},{"type":"Feature","id":"station177-1600","geometry":{"type":"Point","coordinates":[42.593380000000025,40.133200000000045]},"properties":{"OBJECTID":1600,"IstNo":42024003,"SuAdi":"ARAS N.","IstAdi":"NARİNKALE HES CANSUYU","BolgeNo":24,"ILKODU":36,"ILCEKODU":1601,"HAVZA_ID":24,"entityId":"station177-1600","entityType":"hesStations177","id":"station177-1600","name":"NARİNKALE HES CANSUYU","stationId":42024003,"basinId":"24","status":"no_data","color":"#94a3b8","radius":7,"riverName":"ARAS N.","hesId":"hes177-094","distanceKm":9.04,"coordinateSource":"TATUS Layer 4"}},{"type":"Feature","id":"station177-1604","geometry":{"type":"Point","coordinates":[42.687220000000025,41.14305000000007]},"properties":{"OBJECTID":1604,"IstNo":42024007,"SuAdi":"KURA N.","IstAdi":"KAYABEY HES CANSUYU","BolgeNo":24,"ILKODU":75,"ILCEKODU":1144,"HAVZA_ID":24,"entityId":"station177-1604","entityType":"hesStations177","id":"station177-1604","name":"KAYABEY HES CANSUYU","stationId":42024007,"basinId":"24","status":"no_data","color":"#94a3b8","radius":7,"riverName":"KURA N.","hesId":"hes177-114","distanceKm":22.7,"coordinateSource":"TATUS Layer 4"}},{"type":"Feature","id":"station177-1606","geometry":{"type":"Point","coordinates":[43.14056000000005,41.13361000000003]},"properties":{"OBJECTID":1606,"IstNo":42024009,"SuAdi":"ÇILDIR GÖLÜ DERİVASYON","IstAdi":"ÇILDIR 1 HES CAN SUYU","BolgeNo":24,"ILKODU":75,"ILCEKODU":1252,"HAVZA_ID":24,"entityId":"station177-1606","entityType":"hesStations177","id":"station177-1606","name":"ÇILDIR 1 HES CAN SUYU","stationId":42024009,"basinId":"24","status":"no_data","color":"#94a3b8","radius":7,"riverName":"ÇILDIR GÖLÜ DERİVASYON","hesId":"hes177-017","distanceKm":10.47,"coordinateSource":"TATUS Layer 4"}},{"type":"Feature","id":"station177-1607","geometry":{"type":"Point","coordinates":[43.35194000000007,40.88445000000007]},"properties":{"OBJECTID":1607,"IstNo":42024010,"SuAdi":"ARPAÇAY SUYU","IstAdi":"CAN 1 HES CAN SUYU","BolgeNo":24,"ILKODU":36,"ILCEKODU":1149,"HAVZA_ID":24,"entityId":"station177-1607","entityType":"hesStations177","id":"station177-1607","name":"CAN 1 HES CAN SUYU","stationId":42024010,"basinId":"24","status":"no_data","color":"#94a3b8","radius":7,"riverName":"ARPAÇAY SUYU","hesId":"hes177-053","distanceKm":2.73,"coordinateSource":"TATUS Layer 4"}},{"type":"Feature","id":"station177-1610","geometry":{"type":"Point","coordinates":[43.35205000000008,40.863680000000045]},"properties":{"OBJECTID":1610,"IstNo":42024013,"SuAdi":"ARPAÇAY SUYU","IstAdi":"TELEK HES CAN SUYU","BolgeNo":24,"ILKODU":36,"ILCEKODU":1149,"HAVZA_ID":24,"entityId":"station177-1610","entityType":"hesStations177","id":"station177-1610","name":"TELEK HES CAN SUYU","stationId":42024013,"basinId":"24","status":"no_data","color":"#94a3b8","radius":7,"riverName":"ARPAÇAY SUYU","hesId":"hes177-053","distanceKm":4.62,"coordinateSource":"TATUS Layer 4"}},{"type":"Feature","id":"station177-1611","geometry":{"type":"Point","coordinates":[43.16528000000005,41.112220000000036]},"properties":{"OBJECTID":1611,"IstNo":42024014,"SuAdi":"KURA NEHRİ","IstAdi":"KOTANLI BARAJI 2 HES","BolgeNo":24,"ILKODU":75,"ILCEKODU":1252,"HAVZA_ID":24,"entityId":"station177-1611","entityType":"hesStations177","id":"station177-1611","name":"KOTANLI BARAJI 2 HES","stationId":42024014,"basinId":"24","status":"no_data","color":"#94a3b8","radius":7,"riverName":"KURA NEHRİ","hesId":"hes177-017","distanceKm":13.41,"coordinateSource":"TATUS Layer 4"}},{"type":"Feature","id":"station177-1615","geometry":{"type":"Point","coordinates":[42.86316000000005,41.24064000000004]},"properties":{"OBJECTID":1615,"IstNo":42024018,"SuAdi":"COT SUYU","IstAdi":"HANAK HES REG.2.CAN SUYU","BolgeNo":24,"ILKODU":75,"ILCEKODU":1380,"HAVZA_ID":24,"entityId":"station177-1615","entityType":"hesStations177","id":"station177-1615","name":"HANAK HES REG.2.CAN SUYU","stationId":42024018,"basinId":"24","status":"no_data","color":"#94a3b8","radius":7,"riverName":"COT SUYU","hesId":"hes177-114","distanceKm":11.67,"coordinateSource":"TATUS Layer 4"}},{"type":"Feature","id":"station177-1618","geometry":{"type":"Point","coordinates":[43.76000000000005,39.049450000000036]},"properties":{"OBJECTID":1618,"IstNo":42025001,"SuAdi":"BENDİMAHİ Ç.","IstAdi":"MURADİYE ŞELALE CANSUYU","BolgeNo":17,"ILKODU":65,"ILCEKODU":1533,"HAVZA_ID":25,"entityId":"station177-1618","entityType":"hesStations177","id":"station177-1618","name":"MURADİYE ŞELALE CANSUYU","stationId":42025001,"basinId":"25","status":"no_data","color":"#94a3b8","radius":7,"riverName":"BENDİMAHİ Ç.","hesId":"hes177-128","distanceKm":16.44,"coordinateSource":"TATUS Layer 4"}},{"type":"Feature","id":"station177-1619","geometry":{"type":"Point","coordinates":[43.76953000000003,39.038080000000036]},"properties":{"OBJECTID":1619,"IstNo":42025003,"SuAdi":"BENDİMAHİ ÇAYI","IstAdi":"AYRANCILAR CAN SUYU","BolgeNo":17,"ILKODU":65,"ILCEKODU":1533,"HAVZA_ID":25,"entityId":"station177-1619","entityType":"hesStations177","id":"station177-1619","name":"AYRANCILAR CAN SUYU","stationId":42025003,"basinId":"25","status":"no_data","color":"#94a3b8","radius":7,"riverName":"BENDİMAHİ ÇAYI","hesId":"hes177-128","distanceKm":17.94,"coordinateSource":"TATUS Layer 4"}},{"type":"Feature","id":"station177-1623","geometry":{"type":"Point","coordinates":[41.54556000000008,38.24750000000006]},"properties":{"OBJECTID":1623,"IstNo":42026003,"SuAdi":"GARZAN Ç.","IstAdi":"GARZAN BRJ  VE HES CANSUYU","BolgeNo":10,"ILKODU":72,"ILCEKODU":1487,"HAVZA_ID":21,"entityId":"station177-1623","entityType":"hesStations177","id":"station177-1623","name":"GARZAN BRJ  VE HES CANSUYU","stationId":42026003,"basinId":"21","status":"no_data","color":"#94a3b8","radius":7,"riverName":"GARZAN Ç.","hesId":"hes177-071","distanceKm":0.63,"coordinateSource":"TATUS Layer 4"}},{"type":"Feature","id":"station177-1624","geometry":{"type":"Point","coordinates":[42.43111000000005,37.88528000000008]},"properties":{"OBJECTID":1624,"IstNo":42026004,"SuAdi":"BOTAN Ç.","IstAdi":"KİRAZLIK HES CANSUYU","BolgeNo":10,"ILKODU":56,"ILCEKODU":1575,"HAVZA_ID":21,"entityId":"station177-1624","entityType":"hesStations177","id":"station177-1624","name":"KİRAZLIK HES CANSUYU","stationId":42026004,"basinId":"21","status":"no_data","color":"#94a3b8","radius":7,"riverName":"BOTAN Ç.","hesId":"hes177-052","distanceKm":11.77,"coordinateSource":"TATUS Layer 4"}},{"type":"Feature","id":"station177-1625","geometry":{"type":"Point","coordinates":[42.18750000000006,37.764170000000036]},"properties":{"OBJECTID":1625,"IstNo":42026005,"SuAdi":"ZAROVA Ç.","IstAdi":"BARAN 1 REG. VE HES CANSUYU","BolgeNo":10,"ILKODU":56,"ILCEKODU":1317,"HAVZA_ID":21,"entityId":"station177-1625","entityType":"hesStations177","id":"station177-1625","name":"BARAN 1 REG. VE HES CANSUYU","stationId":42026005,"basinId":"21","status":"no_data","color":"#94a3b8","radius":7,"riverName":"ZAROVA Ç.","hesId":"hes177-111","distanceKm":20.77,"coordinateSource":"TATUS Layer 4"}},{"type":"Feature","id":"station177-1628","geometry":{"type":"Point","coordinates":[42.48444000000006,38.18472000000003]},"properties":{"OBJECTID":1628,"IstNo":42026008,"SuAdi":"BÜYÜK ÇAY","IstAdi":"AKŞAR NAZAR HES","BolgeNo":17,"ILKODU":-1,"ILCEKODU":1394,"HAVZA_ID":21,"entityId":"station177-1628","entityType":"hesStations177","id":"station177-1628","name":"AKŞAR NAZAR HES","stationId":42026008,"basinId":"21","status":"no_data","color":"#94a3b8","radius":7,"riverName":"BÜYÜK ÇAY","hesId":"hes177-007","distanceKm":6.94,"coordinateSource":"TATUS Layer 4"}}]}