{"type":"FeatureCollection","features":[{"type":"Feature","id":"1","geometry":{"type":"Point","coordinates":[29.385600000000068,40.12860000000006]},"properties":{"OBJECTID":1,"BolgeNo":1,"Il":"BURSA","HavzaAdi":"Sakarya","BarajAdi":"BABASULTAN","ILKODU":16,"ILCEKODU":1960,"HAVZA_ID":12,"entityId":"1","entityType":"damStations","id":"1","name":"BABASULTAN","damName":"BABASULTAN","basinId":12,"occupancy":null,"status":"no_data","color":"#94a3b8","radius":8}},{"type":"Feature","id":"2","geometry":{"type":"Point","coordinates":[29.527540000000045,40.17023000000006]},"properties":{"OBJECTID":2,"BolgeNo":1,"Il":"BURSA","HavzaAdi":"Sakarya","BarajAdi":"BOĞAZKÖY","ILKODU":16,"ILCEKODU":1411,"HAVZA_ID":12,"entityId":"2","entityType":"damStations","id":"2","name":"BOĞAZKÖY","damName":"BOĞAZKÖY","basinId":12,"occupancy":null,"status":"no_data","color":"#94a3b8","radius":8}},{"type":"Feature","id":"3","geometry":{"type":"Point","coordinates":[28.91927000000004,39.79395000000005]},"properties":{"OBJECTID":3,"BolgeNo":1,"Il":"BURSA","HavzaAdi":"Susurluk","BarajAdi":"BÜYÜKORHAN","ILKODU":16,"ILCEKODU":1783,"HAVZA_ID":3,"entityId":"3","entityType":"damStations","id":"3","name":"BÜYÜKORHAN","damName":"BÜYÜKORHAN","basinId":3,"occupancy":null,"status":"no_data","color":"#94a3b8","radius":8}},{"type":"Feature","id":"4","geometry":{"type":"Point","coordinates":[28.773000000000025,40.015550000000076]},"properties":{"OBJECTID":4,"BolgeNo":1,"Il":"BURSA","HavzaAdi":"Susurluk","BarajAdi":"ÇINARCIK","ILKODU":16,"ILCEKODU":1535,"HAVZA_ID":3,"entityId":"4","entityType":"damStations","id":"4","name":"ÇINARCIK","damName":"ÇINARCIK","basinId":3,"occupancy":null,"status":"no_data","color":"#94a3b8","radius":8}},{"type":"Feature","id":"5","geometry":{"type":"Point","coordinates":[29.113470000000063,40.28783000000004]},"properties":{"OBJECTID":5,"BolgeNo":1,"Il":"BURSA","HavzaAdi":"Susurluk","BarajAdi":"DEMİRTAŞ","ILKODU":16,"ILCEKODU":1832,"HAVZA_ID":3,"entityId":"5","entityType":"damStations","id":"5","name":"DEMİRTAŞ","damName":"DEMİRTAŞ","basinId":3,"occupancy":null,"status":"no_data","color":"#94a3b8","radius":8}},{"type":"Feature","id":"6","geometry":{"type":"Point","coordinates":[28.56126000000006,39.91964000000007]},"properties":{"OBJECTID":6,"BolgeNo":1,"Il":"BURSA","HavzaAdi":"Susurluk","BarajAdi":"DEVECİKONAĞI","ILKODU":16,"ILCEKODU":1535,"HAVZA_ID":3,"entityId":"6","entityType":"damStations","id":"6","name":"DEVECİKONAĞI","damName":"DEVECİKONAĞI","basinId":3,"occupancy":null,"status":"no_data","color":"#94a3b8","radius":8}},{"type":"Feature","id":"7","geometry":{"type":"Point","coordinates":[29.319830000000024,40.220830000000035]},"properties":{"OBJECTID":7,"BolgeNo":1,"Il":"BURSA","HavzaAdi":"Susurluk","BarajAdi":"GÖLBAŞI","ILKODU":16,"ILCEKODU":1960,"HAVZA_ID":3,"entityId":"7","entityType":"damStations","id":"7","name":"GÖLBAŞI","damName":"GÖLBAŞI","basinId":3,"occupancy":null,"status":"no_data","color":"#94a3b8","radius":8}},{"type":"Feature","id":"8","geometry":{"type":"Point","coordinates":[28.793040000000076,40.16175000000004]},"properties":{"OBJECTID":8,"BolgeNo":1,"Il":"BURSA","HavzaAdi":"Susurluk","BarajAdi":"HASANAĞA","ILKODU":16,"ILCEKODU":1829,"HAVZA_ID":3,"entityId":"8","entityType":"damStations","id":"8","name":"HASANAĞA","damName":"HASANAĞA","basinId":3,"occupancy":null,"status":"no_data","color":"#94a3b8","radius":8}},{"type":"Feature","id":"9","geometry":{"type":"Point","coordinates":[29.11674000000005,40.01231000000007]},"properties":{"OBJECTID":9,"BolgeNo":1,"Il":"BURSA","HavzaAdi":"Susurluk","BarajAdi":"NİLÜFER","ILKODU":16,"ILCEKODU":1832,"HAVZA_ID":3,"entityId":"9","entityType":"damStations","id":"9","name":"NİLÜFER","damName":"NİLÜFER","basinId":3,"occupancy":null,"status":"no_data","color":"#94a3b8","radius":8}},{"type":"Feature","id":"10","geometry":{"type":"Point","coordinates":[28.96311000000003,40.11396000000008]},"properties":{"OBJECTID":10,"BolgeNo":1,"Il":"BURSA","HavzaAdi":"Susurluk","BarajAdi":"S.SAYGI (DOĞANCI)","ILKODU":16,"ILCEKODU":1829,"HAVZA_ID":3,"entityId":"10","entityType":"damStations","id":"10","name":"S.SAYGI (DOĞANCI)","damName":"S.SAYGI (DOĞANCI)","basinId":3,"occupancy":null,"status":"no_data","color":"#94a3b8","radius":8}},{"type":"Feature","id":"11","geometry":{"type":"Point","coordinates":[29.96965000000006,40.67431000000005]},"properties":{"OBJECTID":11,"BolgeNo":1,"Il":"KOCAELİ","HavzaAdi":"Marmara","BarajAdi":"KİRAZDERE ( YUVACIK )","ILKODU":41,"ILCEKODU":2058,"HAVZA_ID":2,"entityId":"11","entityType":"damStations","id":"11","name":"KİRAZDERE ( YUVACIK )","damName":"KİRAZDERE ( YUVACIK )","basinId":2,"occupancy":null,"status":"no_data","color":"#94a3b8","radius":8}},{"type":"Feature","id":"12","geometry":{"type":"Point","coordinates":[29.20282000000003,40.599510000000066]},"properties":{"OBJECTID":12,"BolgeNo":1,"Il":"YALOVA","HavzaAdi":"Marmara","BarajAdi":"GÖKÇE","ILKODU":77,"ILCEKODU":2026,"HAVZA_ID":2,"entityId":"12","entityType":"damStations","id":"12","name":"GÖKÇE","damName":"GÖKÇE","basinId":2,"occupancy":null,"status":"no_data","color":"#94a3b8","radius":8}},{"type":"Feature","id":"13","geometry":{"type":"Point","coordinates":[28.844100000000026,38.157200000000046]},"properties":{"OBJECTID":13,"BolgeNo":2,"Il":"DENİZLİ","HavzaAdi":"Gediz","BarajAdi":"BULDAN","ILKODU":20,"ILCEKODU":1214,"HAVZA_ID":5,"entityId":"13","entityType":"damStations","id":"13","name":"BULDAN","damName":"BULDAN","basinId":5,"occupancy":null,"status":"no_data","color":"#94a3b8","radius":8}},{"type":"Feature","id":"14","geometry":{"type":"Point","coordinates":[28.06451000000004,38.085590000000025]},"properties":{"OBJECTID":14,"BolgeNo":2,"Il":"İZMİR","HavzaAdi":"Küçük Menderes","BarajAdi":"BADEMLİ - İZMİR","ILKODU":35,"ILCEKODU":1563,"HAVZA_ID":6,"entityId":"14","entityType":"damStations","id":"14","name":"BADEMLİ - İZMİR","damName":"BADEMLİ - İZMİR","basinId":6,"occupancy":null,"status":"no_data","color":"#94a3b8","radius":8}},{"type":"Feature","id":"15","geometry":{"type":"Point","coordinates":[27.038400000000024,38.37280000000004]},"properties":{"OBJECTID":15,"BolgeNo":2,"Il":"İZMİR","HavzaAdi":"Küçük Menderes","BarajAdi":"BALÇOVA","ILKODU":35,"ILCEKODU":2013,"HAVZA_ID":6,"entityId":"15","entityType":"damStations","id":"15","name":"BALÇOVA","damName":"BALÇOVA","basinId":6,"occupancy":null,"status":"no_data","color":"#94a3b8","radius":8}},{"type":"Feature","id":"16","geometry":{"type":"Point","coordinates":[28.21470000000005,38.10540000000003]},"properties":{"OBJECTID":16,"BolgeNo":2,"Il":"İZMİR","HavzaAdi":"Küçük Menderes","BarajAdi":"BEYDAĞ","ILKODU":35,"ILCEKODU":1776,"HAVZA_ID":6,"entityId":"16","entityType":"damStations","id":"16","name":"BEYDAĞ","damName":"BEYDAĞ","basinId":6,"occupancy":null,"status":"no_data","color":"#94a3b8","radius":8}},{"type":"Feature","id":"17","geometry":{"type":"Point","coordinates":[26.900900000000036,38.17680000000007]},"properties":{"OBJECTID":17,"BolgeNo":2,"Il":"İZMİR","HavzaAdi":"Küçük Menderes","BarajAdi":"KAVAKDERE","ILKODU":35,"ILCEKODU":1611,"HAVZA_ID":6,"entityId":"17","entityType":"damStations","id":"17","name":"KAVAKDERE","damName":"KAVAKDERE","basinId":6,"occupancy":null,"status":"no_data","color":"#94a3b8","radius":8}},{"type":"Feature","id":"18","geometry":{"type":"Point","coordinates":[26.87710000000004,38.21620000000007]},"properties":{"OBJECTID":18,"BolgeNo":2,"Il":"İZMİR","HavzaAdi":"Küçük Menderes","BarajAdi":"SEFERİHİSAR","ILKODU":35,"ILCEKODU":1611,"HAVZA_ID":6,"entityId":"18","entityType":"damStations","id":"18","name":"SEFERİHİSAR","damName":"SEFERİHİSAR","basinId":6,"occupancy":null,"status":"no_data","color":"#94a3b8","radius":8}},{"type":"Feature","id":"19","geometry":{"type":"Point","coordinates":[27.041400000000067,38.08860000000004]},"properties":{"OBJECTID":19,"BolgeNo":2,"Il":"İZMİR","HavzaAdi":"Küçük Menderes","BarajAdi":"TAHTALI","ILKODU":35,"ILCEKODU":1826,"HAVZA_ID":6,"entityId":"19","entityType":"damStations","id":"19","name":"TAHTALI","damName":"TAHTALI","basinId":6,"occupancy":null,"status":"no_data","color":"#94a3b8","radius":8}},{"type":"Feature","id":"20","geometry":{"type":"Point","coordinates":[26.95550000000003,38.09350000000006]},"properties":{"OBJECTID":20,"BolgeNo":2,"Il":"İZMİR","HavzaAdi":"Küçük Menderes","BarajAdi":"ÜRKMEZ","ILKODU":35,"ILCEKODU":1611,"HAVZA_ID":6,"entityId":"20","entityType":"damStations","id":"20","name":"ÜRKMEZ","damName":"ÜRKMEZ","basinId":6,"occupancy":null,"status":"no_data","color":"#94a3b8","radius":8}},{"type":"Feature","id":"21","geometry":{"type":"Point","coordinates":[26.405800000000056,38.28250000000003]},"properties":{"OBJECTID":21,"BolgeNo":2,"Il":"İZMİR","HavzaAdi":"Küçük Menderes","BarajAdi":"VALİ KUTLU AKTAŞ (ALAÇATI)","ILKODU":35,"ILCEKODU":1251,"HAVZA_ID":6,"entityId":"21","entityType":"damStations","id":"21","name":"VALİ KUTLU AKTAŞ (ALAÇATI)","damName":"VALİ KUTLU AKTAŞ (ALAÇATI)","basinId":6,"occupancy":null,"status":"no_data","color":"#94a3b8","radius":8}},{"type":"Feature","id":"22","geometry":{"type":"Point","coordinates":[27.435190000000034,38.12558000000007]},"properties":{"OBJECTID":22,"BolgeNo":2,"Il":"İZMİR","HavzaAdi":"Küçük Menderes","BarajAdi":"ZEYTİNOVA ( BURGAZ )","ILKODU":35,"ILCEKODU":1682,"HAVZA_ID":6,"entityId":"22","entityType":"damStations","id":"22","name":"ZEYTİNOVA ( BURGAZ )","damName":"ZEYTİNOVA ( BURGAZ )","basinId":6,"occupancy":null,"status":"no_data","color":"#94a3b8","radius":8}},{"type":"Feature","id":"23","geometry":{"type":"Point","coordinates":[27.333300000000065,39.24160000000006]},"properties":{"OBJECTID":23,"BolgeNo":2,"Il":"İZMİR","HavzaAdi":"Kuzey Ege","BarajAdi":"ÇALTIKORU","ILKODU":35,"ILCEKODU":1181,"HAVZA_ID":4,"entityId":"23","entityType":"damStations","id":"23","name":"ÇALTIKORU","damName":"ÇALTIKORU","basinId":4,"occupancy":null,"status":"no_data","color":"#94a3b8","radius":8}},{"type":"Feature","id":"24","geometry":{"type":"Point","coordinates":[27.105800000000045,38.79110000000003]},"properties":{"OBJECTID":24,"BolgeNo":2,"Il":"İZMİR","HavzaAdi":"Kuzey Ege","BarajAdi":"GÜZELHİSAR","ILKODU":45,"ILCEKODU":2087,"HAVZA_ID":4,"entityId":"24","entityType":"damStations","id":"24","name":"GÜZELHİSAR","damName":"GÜZELHİSAR","basinId":4,"occupancy":null,"status":"no_data","color":"#94a3b8","radius":8}},{"type":"Feature","id":"25","geometry":{"type":"Point","coordinates":[27.190800000000024,39.13210000000004]},"properties":{"OBJECTID":25,"BolgeNo":2,"Il":"İZMİR","HavzaAdi":"Kuzey Ege","BarajAdi":"KESTEL","ILKODU":35,"ILCEKODU":1181,"HAVZA_ID":4,"entityId":"25","entityType":"damStations","id":"25","name":"KESTEL","damName":"KESTEL","basinId":4,"occupancy":null,"status":"no_data","color":"#94a3b8","radius":8}},{"type":"Feature","id":"26","geometry":{"type":"Point","coordinates":[27.324700000000064,39.22810000000004]},"properties":{"OBJECTID":26,"BolgeNo":2,"Il":"İZMİR","HavzaAdi":"Kuzey Ege","BarajAdi":"YORTANLI","ILKODU":35,"ILCEKODU":1181,"HAVZA_ID":4,"entityId":"26","entityType":"damStations","id":"26","name":"YORTANLI","damName":"YORTANLI","basinId":4,"occupancy":null,"status":"no_data","color":"#94a3b8","radius":8}},{"type":"Feature","id":"27","geometry":{"type":"Point","coordinates":[28.60310000000004,38.246300000000076]},"properties":{"OBJECTID":27,"BolgeNo":2,"Il":"MANİSA","HavzaAdi":"Gediz","BarajAdi":"AVŞAR","ILKODU":45,"ILCEKODU":1127,"HAVZA_ID":5,"entityId":"27","entityType":"damStations","id":"27","name":"AVŞAR","damName":"AVŞAR","basinId":5,"occupancy":null,"status":"no_data","color":"#94a3b8","radius":8}},{"type":"Feature","id":"28","geometry":{"type":"Point","coordinates":[28.31194000000005,38.616940000000056]},"properties":{"OBJECTID":28,"BolgeNo":2,"Il":"MANİSA","HavzaAdi":"Gediz","BarajAdi":"DEMİRKÖPRÜ","ILKODU":45,"ILCEKODU":1590,"HAVZA_ID":5,"entityId":"28","entityType":"damStations","id":"28","name":"DEMİRKÖPRÜ","damName":"DEMİRKÖPRÜ","basinId":5,"occupancy":null,"status":"no_data","color":"#94a3b8","radius":8}},{"type":"Feature","id":"29","geometry":{"type":"Point","coordinates":[28.056800000000067,38.762200000000064]},"properties":{"OBJECTID":29,"BolgeNo":2,"Il":"MANİSA","HavzaAdi":"Gediz","BarajAdi":"GÖRDES","ILKODU":45,"ILCEKODU":1793,"HAVZA_ID":5,"entityId":"29","entityType":"damStations","id":"29","name":"GÖRDES","damName":"GÖRDES","basinId":5,"occupancy":null,"status":"no_data","color":"#94a3b8","radius":8}},{"type":"Feature","id":"30","geometry":{"type":"Point","coordinates":[28.36164000000008,39.055090000000064]},"properties":{"OBJECTID":30,"BolgeNo":2,"Il":"MANİSA","HavzaAdi":"Gediz","BarajAdi":"GÜNEŞLİ","ILKODU":45,"ILCEKODU":1362,"HAVZA_ID":5,"entityId":"30","entityType":"damStations","id":"30","name":"GÜNEŞLİ","damName":"GÜNEŞLİ","basinId":5,"occupancy":null,"status":"no_data","color":"#94a3b8","radius":8}},{"type":"Feature","id":"31","geometry":{"type":"Point","coordinates":[27.55310000000003,39.26230000000004]},"properties":{"OBJECTID":31,"BolgeNo":2,"Il":"MANİSA","HavzaAdi":"Kuzey Ege","BarajAdi":"SEVİŞLER","ILKODU":45,"ILCEKODU":1634,"HAVZA_ID":4,"entityId":"31","entityType":"damStations","id":"31","name":"SEVİŞLER","damName":"SEVİŞLER","basinId":4,"occupancy":null,"status":"no_data","color":"#94a3b8","radius":8}},{"type":"Feature","id":"32","geometry":{"type":"Point","coordinates":[29.609700000000032,38.87540000000007]},"properties":{"OBJECTID":32,"BolgeNo":2,"Il":"UŞAK","HavzaAdi":"Gediz","BarajAdi":"KÜÇÜKLER","ILKODU":64,"ILCEKODU":1170,"HAVZA_ID":5,"entityId":"32","entityType":"damStations","id":"32","name":"KÜÇÜKLER","damName":"KÜÇÜKLER","basinId":5,"occupancy":null,"status":"no_data","color":"#94a3b8","radius":8}},{"type":"Feature","id":"33","geometry":{"type":"Point","coordinates":[31.896630000000073,39.83355000000006]},"properties":{"OBJECTID":33,"BolgeNo":3,"Il":"ANKARA","HavzaAdi":"Sakarya","BarajAdi":"GÜRSÖĞÜT-1 BARAJI","ILKODU":6,"ILCEKODU":1578,"HAVZA_ID":12,"entityId":"33","entityType":"damStations","id":"33","name":"GÜRSÖĞÜT-1 BARAJI","damName":"GÜRSÖĞÜT-1 BARAJI","basinId":12,"occupancy":null,"status":"no_data","color":"#94a3b8","radius":8}},{"type":"Feature","id":"35","geometry":{"type":"Point","coordinates":[29.965280000000064,39.792500000000075]},"properties":{"OBJECTID":35,"BolgeNo":3,"Il":"BİLECİK","HavzaAdi":"Sakarya","BarajAdi":"DARIDERE (DODURGA)","ILKODU":11,"ILCEKODU":1210,"HAVZA_ID":12,"entityId":"35","entityType":"damStations","id":"35","name":"DARIDERE (DODURGA)","damName":"DARIDERE (DODURGA)","basinId":12,"occupancy":null,"status":"no_data","color":"#94a3b8","radius":8}},{"type":"Feature","id":"36","geometry":{"type":"Point","coordinates":[29.853060000000028,40.031390000000044]},"properties":{"OBJECTID":36,"BolgeNo":3,"Il":"BİLECİK","HavzaAdi":"Sakarya","BarajAdi":"GÜNYURDU MUSTAFA ELDEMİR","ILKODU":11,"ILCEKODU":1571,"HAVZA_ID":12,"entityId":"36","entityType":"damStations","id":"36","name":"GÜNYURDU MUSTAFA ELDEMİR","damName":"GÜNYURDU MUSTAFA ELDEMİR","basinId":12,"occupancy":null,"status":"no_data","color":"#94a3b8","radius":8}},{"type":"Feature","id":"37","geometry":{"type":"Point","coordinates":[30.117300000000057,40.04070000000007]},"properties":{"OBJECTID":37,"BolgeNo":3,"Il":"BİLECİK","HavzaAdi":"Sakarya","BarajAdi":"KIZILDAMLAR","ILKODU":11,"ILCEKODU":1636,"HAVZA_ID":12,"entityId":"37","entityType":"damStations","id":"37","name":"KIZILDAMLAR","damName":"KIZILDAMLAR","basinId":12,"occupancy":null,"status":"no_data","color":"#94a3b8","radius":8}},{"type":"Feature","id":"38","geometry":{"type":"Point","coordinates":[30.052200000000028,39.692800000000034]},"properties":{"OBJECTID":38,"BolgeNo":3,"Il":"ESKİŞEHİR","HavzaAdi":"Sakarya","BarajAdi":"AŞAĞI KUZFINDIK","ILKODU":26,"ILCEKODU":1808,"HAVZA_ID":12,"entityId":"38","entityType":"damStations","id":"38","name":"AŞAĞI KUZFINDIK","damName":"AŞAĞI KUZFINDIK","basinId":12,"occupancy":null,"status":"no_data","color":"#94a3b8","radius":8}},{"type":"Feature","id":"39","geometry":{"type":"Point","coordinates":[31.206110000000024,39.72667000000007]},"properties":{"OBJECTID":39,"BolgeNo":3,"Il":"ESKİŞEHİR","HavzaAdi":"Sakarya","BarajAdi":"BEYLİKOVA DEPOLAMASI","ILKODU":26,"ILCEKODU":1777,"HAVZA_ID":12,"entityId":"39","entityType":"damStations","id":"39","name":"BEYLİKOVA DEPOLAMASI","damName":"BEYLİKOVA DEPOLAMASI","basinId":12,"occupancy":null,"status":"no_data","color":"#94a3b8","radius":8}},{"type":"Feature","id":"40","geometry":{"type":"Point","coordinates":[30.578100000000063,39.32480000000004]},"properties":{"OBJECTID":40,"BolgeNo":3,"Il":"ESKİŞEHİR","HavzaAdi":"Sakarya","BarajAdi":"ÇATÖREN","ILKODU":26,"ILCEKODU":1618,"HAVZA_ID":12,"entityId":"40","entityType":"damStations","id":"40","name":"ÇATÖREN","damName":"ÇATÖREN","basinId":12,"occupancy":null,"status":"no_data","color":"#94a3b8","radius":8}},{"type":"Feature","id":"41","geometry":{"type":"Point","coordinates":[31.01610000000005,40.033300000000054]},"properties":{"OBJECTID":41,"BolgeNo":3,"Il":"ESKİŞEHİR","HavzaAdi":"Sakarya","BarajAdi":"GÖKÇEKAYA","ILKODU":6,"ILCEKODU":1539,"HAVZA_ID":12,"entityId":"41","entityType":"damStations","id":"41","name":"GÖKÇEKAYA","damName":"GÖKÇEKAYA","basinId":12,"occupancy":null,"status":"no_data","color":"#94a3b8","radius":8}},{"type":"Feature","id":"42","geometry":{"type":"Point","coordinates":[]},"properties":{"OBJECTID":42,"BolgeNo":3,"Il":"ESKİŞEHİR","HavzaAdi":"Sakarya","BarajAdi":"KESKİN( 75.YIL )","ILKODU":26,"ILCEKODU":null,"HAVZA_ID":12,"entityId":"42","entityType":"damStations","id":"42","name":"KESKİN( 75.YIL )","damName":"KESKİN( 75.YIL )","basinId":12,"occupancy":null,"status":"no_data","color":"#94a3b8","radius":8}},{"type":"Feature","id":"43","geometry":{"type":"Point","coordinates":[30.56830000000008,39.35620000000006]},"properties":{"OBJECTID":43,"BolgeNo":3,"Il":"ESKİŞEHİR","HavzaAdi":"Sakarya","BarajAdi":"KUNDUZLAR","ILKODU":26,"ILCEKODU":1618,"HAVZA_ID":12,"entityId":"43","entityType":"damStations","id":"43","name":"KUNDUZLAR","damName":"KUNDUZLAR","basinId":12,"occupancy":null,"status":"no_data","color":"#94a3b8","radius":8}},{"type":"Feature","id":"44","geometry":{"type":"Point","coordinates":[30.279300000000035,39.63540000000006]},"properties":{"OBJECTID":44,"BolgeNo":3,"Il":"ESKİŞEHİR","HavzaAdi":"Sakarya","BarajAdi":"PORSUK","ILKODU":26,"ILCEKODU":2047,"HAVZA_ID":12,"entityId":"44","entityType":"damStations","id":"44","name":"PORSUK","damName":"PORSUK","basinId":12,"occupancy":null,"status":"no_data","color":"#94a3b8","radius":8}},{"type":"Feature","id":"45","geometry":{"type":"Point","coordinates":[]},"properties":{"OBJECTID":45,"BolgeNo":3,"Il":"ESKİŞEHİR","HavzaAdi":"Sakarya","BarajAdi":"SARIYAR","ILKODU":26,"ILCEKODU":null,"HAVZA_ID":12,"entityId":"45","entityType":"damStations","id":"45","name":"SARIYAR","damName":"SARIYAR","basinId":12,"occupancy":null,"status":"no_data","color":"#94a3b8","radius":8}},{"type":"Feature","id":"46","geometry":{"type":"Point","coordinates":[30.856300000000033,40.06310000000008]},"properties":{"OBJECTID":46,"BolgeNo":3,"Il":"ESKİŞEHİR","HavzaAdi":"Sakarya","BarajAdi":"YENİCE","ILKODU":26,"ILCEKODU":1759,"HAVZA_ID":12,"entityId":"46","entityType":"damStations","id":"46","name":"YENİCE","damName":"YENİCE","basinId":12,"occupancy":null,"status":"no_data","color":"#94a3b8","radius":8}},{"type":"Feature","id":"47","geometry":{"type":"Point","coordinates":[30.151100000000042,38.95850000000007]},"properties":{"OBJECTID":47,"BolgeNo":3,"Il":"KÜTAHYA","HavzaAdi":"Sakarya","BarajAdi":"BEŞKARIŞ","ILKODU":43,"ILCEKODU":1132,"HAVZA_ID":12,"entityId":"47","entityType":"damStations","id":"47","name":"BEŞKARIŞ","damName":"BEŞKARIŞ","basinId":12,"occupancy":null,"status":"no_data","color":"#94a3b8","radius":8}},{"type":"Feature","id":"48","geometry":{"type":"Point","coordinates":[29.866390000000024,39.471670000000074]},"properties":{"OBJECTID":48,"BolgeNo":3,"Il":"KÜTAHYA","HavzaAdi":"Sakarya","BarajAdi":"ENNE","ILKODU":43,"ILCEKODU":1500,"HAVZA_ID":12,"entityId":"48","entityType":"damStations","id":"48","name":"ENNE","damName":"ENNE","basinId":12,"occupancy":null,"status":"no_data","color":"#94a3b8","radius":8}},{"type":"Feature","id":"49","geometry":{"type":"Point","coordinates":[29.58361000000008,39.175830000000076]},"properties":{"OBJECTID":49,"BolgeNo":3,"Il":"KÜTAHYA","HavzaAdi":"Susurluk","BarajAdi":"ÇAVDARHİSAR","ILKODU":43,"ILCEKODU":1898,"HAVZA_ID":3,"entityId":"49","entityType":"damStations","id":"49","name":"ÇAVDARHİSAR","damName":"ÇAVDARHİSAR","basinId":3,"occupancy":null,"status":"no_data","color":"#94a3b8","radius":8}},{"type":"Feature","id":"50","geometry":{"type":"Point","coordinates":[29.617200000000025,39.41670000000005]},"properties":{"OBJECTID":50,"BolgeNo":3,"Il":"KÜTAHYA","HavzaAdi":"Susurluk","BarajAdi":"KAYABOĞAZI","ILKODU":43,"ILCEKODU":1671,"HAVZA_ID":3,"entityId":"50","entityType":"damStations","id":"50","name":"KAYABOĞAZI","damName":"KAYABOĞAZI","basinId":3,"occupancy":null,"status":"no_data","color":"#94a3b8","radius":8}},{"type":"Feature","id":"51","geometry":{"type":"Point","coordinates":[34.08675000000005,38.76458000000008]},"properties":{"OBJECTID":51,"BolgeNo":4,"Il":"AKSARAY","HavzaAdi":"Kızılırmak","BarajAdi":"BOZKIR","ILKODU":68,"ILCEKODU":1557,"HAVZA_ID":15,"entityId":"51","entityType":"damStations","id":"51","name":"BOZKIR","damName":"BOZKIR","basinId":15,"occupancy":null,"status":"no_data","color":"#94a3b8","radius":8}},{"type":"Feature","id":"52","geometry":{"type":"Point","coordinates":[34.131530000000055,38.40181000000007]},"properties":{"OBJECTID":52,"BolgeNo":4,"Il":"AKSARAY","HavzaAdi":"Konya Kapalı","BarajAdi":"MAMASIN","ILKODU":68,"ILCEKODU":1120,"HAVZA_ID":16,"entityId":"52","entityType":"damStations","id":"52","name":"MAMASIN","damName":"MAMASIN","basinId":16,"occupancy":null,"status":"no_data","color":"#94a3b8","radius":8}},{"type":"Feature","id":"53","geometry":{"type":"Point","coordinates":[33.19288000000006,36.53015000000005]},"properties":{"OBJECTID":53,"BolgeNo":4,"Il":"İÇEL","HavzaAdi":"Doğu Akdeniz","BarajAdi":"GEZENDE","ILKODU":70,"ILCEKODU":1316,"HAVZA_ID":17,"entityId":"53","entityType":"damStations","id":"53","name":"GEZENDE","damName":"GEZENDE","basinId":17,"occupancy":null,"status":"no_data","color":"#94a3b8","radius":8}},{"type":"Feature","id":"54","geometry":{"type":"Point","coordinates":[32.96389000000005,36.70389000000006]},"properties":{"OBJECTID":54,"BolgeNo":4,"Il":"KARAMAN","HavzaAdi":"Doğu Akdeniz","BarajAdi":"BALKUSAN","ILKODU":70,"ILCEKODU":1316,"HAVZA_ID":17,"entityId":"54","entityType":"damStations","id":"54","name":"BALKUSAN","damName":"BALKUSAN","basinId":17,"occupancy":null,"status":"no_data","color":"#94a3b8","radius":8}},{"type":"Feature","id":"55","geometry":{"type":"Point","coordinates":[]},"properties":{"OBJECTID":55,"BolgeNo":4,"Il":"KARAMAN","HavzaAdi":"Doğu Akdeniz","BarajAdi":"ERMENEK","ILKODU":70,"ILCEKODU":null,"HAVZA_ID":17,"entityId":"55","entityType":"damStations","id":"55","name":"ERMENEK","damName":"ERMENEK","basinId":17,"occupancy":null,"status":"no_data","color":"#94a3b8","radius":8}},{"type":"Feature","id":"56","geometry":{"type":"Point","coordinates":[33.726770000000045,37.33659000000006]},"properties":{"OBJECTID":56,"BolgeNo":4,"Il":"KARAMAN","HavzaAdi":"Konya Kapalı","BarajAdi":"AYRANCI","ILKODU":70,"ILCEKODU":1768,"HAVZA_ID":16,"entityId":"56","entityType":"damStations","id":"56","name":"AYRANCI","damName":"AYRANCI","basinId":16,"occupancy":null,"status":"no_data","color":"#94a3b8","radius":8}},{"type":"Feature","id":"57","geometry":{"type":"Point","coordinates":[33.27633000000003,37.11696000000006]},"properties":{"OBJECTID":57,"BolgeNo":4,"Il":"KARAMAN","HavzaAdi":"Konya Kapalı","BarajAdi":"GÖDET","ILKODU":70,"ILCEKODU":1439,"HAVZA_ID":16,"entityId":"57","entityType":"damStations","id":"57","name":"GÖDET","damName":"GÖDET","basinId":16,"occupancy":null,"status":"no_data","color":"#94a3b8","radius":8}},{"type":"Feature","id":"58","geometry":{"type":"Point","coordinates":[33.00000000000006,37.00000000000006]},"properties":{"OBJECTID":58,"BolgeNo":4,"Il":"KARAMAN","HavzaAdi":"Konya Kapalı","BarajAdi":"İBRALA","ILKODU":70,"ILCEKODU":1439,"HAVZA_ID":17,"entityId":"58","entityType":"damStations","id":"58","name":"İBRALA","damName":"İBRALA","basinId":17,"occupancy":null,"status":"no_data","color":"#94a3b8","radius":8}},{"type":"Feature","id":"59","geometry":{"type":"Point","coordinates":[]},"properties":{"OBJECTID":59,"BolgeNo":4,"Il":"KONYA","HavzaAdi":"Doğu Akdeniz","BarajAdi":"BAĞBAŞI","ILKODU":42,"ILCEKODU":null,"HAVZA_ID":17,"entityId":"59","entityType":"damStations","id":"59","name":"BAĞBAŞI","damName":"BAĞBAŞI","basinId":17,"occupancy":null,"status":"no_data","color":"#94a3b8","radius":8}},{"type":"Feature","id":"60","geometry":{"type":"Point","coordinates":[32.30564000000004,37.882670000000076]},"properties":{"OBJECTID":60,"BolgeNo":4,"Il":"KONYA","HavzaAdi":"Konya Kapalı","BarajAdi":"ALTINAPA","ILKODU":42,"ILCEKODU":1839,"HAVZA_ID":16,"entityId":"60","entityType":"damStations","id":"60","name":"ALTINAPA","damName":"ALTINAPA","basinId":16,"occupancy":null,"status":"no_data","color":"#94a3b8","radius":8}},{"type":"Feature","id":"61","geometry":{"type":"Point","coordinates":[32.54625000000004,37.35926000000006]},"properties":{"OBJECTID":61,"BolgeNo":4,"Il":"KONYA","HavzaAdi":"Konya Kapalı","BarajAdi":"APA","ILKODU":42,"ILCEKODU":1262,"HAVZA_ID":16,"entityId":"61","entityType":"damStations","id":"61","name":"APA","damName":"APA","basinId":16,"occupancy":null,"status":"no_data","color":"#94a3b8","radius":8}},{"type":"Feature","id":"62","geometry":{"type":"Point","coordinates":[33.167950000000076,37.13794000000007]},"properties":{"OBJECTID":62,"BolgeNo":4,"Il":"KONYA","HavzaAdi":"Konya Kapalı","BarajAdi":"DELİÇAY","ILKODU":70,"ILCEKODU":1439,"HAVZA_ID":16,"entityId":"62","entityType":"damStations","id":"62","name":"DELİÇAY","damName":"DELİÇAY","basinId":16,"occupancy":null,"status":"no_data","color":"#94a3b8","radius":8}},{"type":"Feature","id":"63","geometry":{"type":"Point","coordinates":[31.54293000000007,37.36445000000003]},"properties":{"OBJECTID":63,"BolgeNo":4,"Il":"KONYA","HavzaAdi":"Konya Kapalı","BarajAdi":"DEREBUCAK Prof. Dr. YILMAZ MUSLU","ILKODU":42,"ILCEKODU":1789,"HAVZA_ID":16,"entityId":"63","entityType":"damStations","id":"63","name":"DEREBUCAK Prof. Dr. YILMAZ MUSLU","damName":"DEREBUCAK Prof. Dr. YILMAZ MUSLU","basinId":16,"occupancy":null,"status":"no_data","color":"#94a3b8","radius":8}},{"type":"Feature","id":"64","geometry":{"type":"Point","coordinates":[34.15698000000003,37.44599000000005]},"properties":{"OBJECTID":64,"BolgeNo":4,"Il":"KONYA","HavzaAdi":"Konya Kapalı","BarajAdi":"İVRİZ","ILKODU":42,"ILCEKODU":1937,"HAVZA_ID":16,"entityId":"64","entityType":"damStations","id":"64","name":"İVRİZ","damName":"İVRİZ","basinId":16,"occupancy":null,"status":"no_data","color":"#94a3b8","radius":8}},{"type":"Feature","id":"65","geometry":{"type":"Point","coordinates":[32.36328000000003,37.736230000000035]},"properties":{"OBJECTID":65,"BolgeNo":4,"Il":"KONYA","HavzaAdi":"Konya Kapalı","BarajAdi":"KONYA AFŞAR","ILKODU":42,"ILCEKODU":1827,"HAVZA_ID":16,"entityId":"65","entityType":"damStations","id":"65","name":"KONYA AFŞAR","damName":"KONYA AFŞAR","basinId":16,"occupancy":null,"status":"no_data","color":"#94a3b8","radius":8}},{"type":"Feature","id":"66","geometry":{"type":"Point","coordinates":[32.40030000000007,37.926270000000045]},"properties":{"OBJECTID":66,"BolgeNo":4,"Il":"KONYA","HavzaAdi":"Konya Kapalı","BarajAdi":"SİLLE","ILKODU":42,"ILCEKODU":1839,"HAVZA_ID":16,"entityId":"66","entityType":"damStations","id":"66","name":"SİLLE","damName":"SİLLE","basinId":16,"occupancy":null,"status":"no_data","color":"#94a3b8","radius":8}},{"type":"Feature","id":"67","geometry":{"type":"Point","coordinates":[34.60841000000005,37.918990000000065]},"properties":{"OBJECTID":67,"BolgeNo":4,"Il":"NİĞDE","HavzaAdi":"Konya Kapalı","BarajAdi":"AKKAYA ","ILKODU":51,"ILCEKODU":1544,"HAVZA_ID":16,"entityId":"67","entityType":"damStations","id":"67","name":"AKKAYA ","damName":"AKKAYA ","basinId":16,"occupancy":null,"status":"no_data","color":"#94a3b8","radius":8}},{"type":"Feature","id":"68","geometry":{"type":"Point","coordinates":[34.63757000000004,38.045390000000054]},"properties":{"OBJECTID":68,"BolgeNo":4,"Il":"NİĞDE","HavzaAdi":"Konya Kapalı","BarajAdi":"GEBERE","ILKODU":51,"ILCEKODU":1544,"HAVZA_ID":16,"entityId":"68","entityType":"damStations","id":"68","name":"GEBERE","damName":"GEBERE","basinId":16,"occupancy":null,"status":"no_data","color":"#94a3b8","radius":8}},{"type":"Feature","id":"69","geometry":{"type":"Point","coordinates":[34.75921000000005,38.009060000000034]},"properties":{"OBJECTID":69,"BolgeNo":4,"Il":"NİĞDE","HavzaAdi":"Konya Kapalı","BarajAdi":"GÜMÜŞLER","ILKODU":51,"ILCEKODU":1544,"HAVZA_ID":16,"entityId":"69","entityType":"damStations","id":"69","name":"GÜMÜŞLER","damName":"GÜMÜŞLER","basinId":16,"occupancy":null,"status":"no_data","color":"#94a3b8","radius":8}},{"type":"Feature","id":"70","geometry":{"type":"Point","coordinates":[33.518710000000056,39.272800000000075]},"properties":{"OBJECTID":70,"BolgeNo":5,"Il":"ANKARA","HavzaAdi":"Kızılırmak","BarajAdi":"HİRFANLI","ILKODU":40,"ILCEKODU":1429,"HAVZA_ID":15,"entityId":"70","entityType":"damStations","id":"70","name":"HİRFANLI","damName":"HİRFANLI","basinId":15,"occupancy":null,"status":"no_data","color":"#94a3b8","radius":8}},{"type":"Feature","id":"71","geometry":{"type":"Point","coordinates":[33.38393000000008,40.09853000000004]},"properties":{"OBJECTID":71,"BolgeNo":5,"Il":"ANKARA","HavzaAdi":"Kızılırmak","BarajAdi":"KALECİK - ULUDERE","ILKODU":6,"ILCEKODU":1427,"HAVZA_ID":15,"entityId":"71","entityType":"damStations","id":"71","name":"KALECİK - ULUDERE","damName":"KALECİK - ULUDERE","basinId":15,"occupancy":null,"status":"no_data","color":"#94a3b8","radius":8}},{"type":"Feature","id":"72","geometry":{"type":"Point","coordinates":[33.420840000000055,39.395650000000046]},"properties":{"OBJECTID":72,"BolgeNo":5,"Il":"ANKARA","HavzaAdi":"Kızılırmak","BarajAdi":"KESİKKÖPRÜ","ILKODU":6,"ILCEKODU":1167,"HAVZA_ID":15,"entityId":"72","entityType":"damStations","id":"72","name":"KESİKKÖPRÜ","damName":"KESİKKÖPRÜ","basinId":15,"occupancy":null,"status":"no_data","color":"#94a3b8","radius":8}},{"type":"Feature","id":"73","geometry":{"type":"Point","coordinates":[33.65723000000003,38.91113000000007]},"properties":{"OBJECTID":73,"BolgeNo":5,"Il":"ANKARA","HavzaAdi":"Konya Kapalı","BarajAdi":"PEÇENEK (Ş.KOÇHİSAR)","ILKODU":6,"ILCEKODU":1658,"HAVZA_ID":16,"entityId":"73","entityType":"damStations","id":"73","name":"PEÇENEK (Ş.KOÇHİSAR)","damName":"PEÇENEK (Ş.KOÇHİSAR)","basinId":16,"occupancy":null,"status":"no_data","color":"#94a3b8","radius":8}},{"type":"Feature","id":"74","geometry":{"type":"Point","coordinates":[32.385800000000074,40.14504000000005]},"properties":{"OBJECTID":74,"BolgeNo":5,"Il":"ANKARA","HavzaAdi":"Sakarya","BarajAdi":"ASARTEPE","ILKODU":6,"ILCEKODU":1157,"HAVZA_ID":12,"entityId":"74","entityType":"damStations","id":"74","name":"ASARTEPE","damName":"ASARTEPE","basinId":12,"occupancy":null,"status":"no_data","color":"#94a3b8","radius":8}},{"type":"Feature","id":"75","geometry":{"type":"Point","coordinates":[32.38247000000007,40.38748000000004]},"properties":{"OBJECTID":75,"BolgeNo":5,"Il":"ANKARA","HavzaAdi":"Sakarya","BarajAdi":"ÇAMLIDERE","ILKODU":6,"ILCEKODU":1227,"HAVZA_ID":12,"entityId":"75","entityType":"damStations","id":"75","name":"ÇAMLIDERE","damName":"ÇAMLIDERE","basinId":12,"occupancy":null,"status":"no_data","color":"#94a3b8","radius":8}},{"type":"Feature","id":"76","geometry":{"type":"Point","coordinates":[32.93028000000004,40.00333000000006]},"properties":{"OBJECTID":76,"BolgeNo":5,"Il":"ANKARA","HavzaAdi":"Sakarya","BarajAdi":"ÇUBUK 1","ILKODU":6,"ILCEKODU":1130,"HAVZA_ID":12,"entityId":"76","entityType":"damStations","id":"76","name":"ÇUBUK 1","damName":"ÇUBUK 1","basinId":12,"occupancy":null,"status":"no_data","color":"#94a3b8","radius":8}},{"type":"Feature","id":"77","geometry":{"type":"Point","coordinates":[33.02028000000007,40.28806000000003]},"properties":{"OBJECTID":77,"BolgeNo":5,"Il":"ANKARA","HavzaAdi":"Sakarya","BarajAdi":"ÇUBUK II","ILKODU":6,"ILCEKODU":1260,"HAVZA_ID":12,"entityId":"77","entityType":"damStations","id":"77","name":"ÇUBUK II","damName":"ÇUBUK II","basinId":12,"occupancy":null,"status":"no_data","color":"#94a3b8","radius":8}},{"type":"Feature","id":"78","geometry":{"type":"Point","coordinates":[32.583060000000046,40.37265000000008]},"properties":{"OBJECTID":78,"BolgeNo":5,"Il":"ANKARA","HavzaAdi":"Sakarya","BarajAdi":"DOĞANÖZÜ","ILKODU":6,"ILCEKODU":1473,"HAVZA_ID":12,"entityId":"78","entityType":"damStations","id":"78","name":"DOĞANÖZÜ","damName":"DOĞANÖZÜ","basinId":12,"occupancy":null,"status":"no_data","color":"#94a3b8","radius":8}},{"type":"Feature","id":"79","geometry":{"type":"Point","coordinates":[32.93157000000008,40.30594000000008]},"properties":{"OBJECTID":79,"BolgeNo":5,"Il":"ANKARA","HavzaAdi":"Sakarya","BarajAdi":"KAVŞAKKAYA","ILKODU":6,"ILCEKODU":1260,"HAVZA_ID":12,"entityId":"79","entityType":"damStations","id":"79","name":"KAVŞAKKAYA","damName":"KAVŞAKKAYA","basinId":12,"occupancy":null,"status":"no_data","color":"#94a3b8","radius":8}},{"type":"Feature","id":"80","geometry":{"type":"Point","coordinates":[32.989720000000034,39.91500000000008]},"properties":{"OBJECTID":80,"BolgeNo":5,"Il":"ANKARA","HavzaAdi":"Sakarya","BarajAdi":"KAYAŞ BAYINDIR","ILKODU":6,"ILCEKODU":1746,"HAVZA_ID":12,"entityId":"80","entityType":"damStations","id":"80","name":"KAYAŞ BAYINDIR","damName":"KAYAŞ BAYINDIR","basinId":12,"occupancy":null,"status":"no_data","color":"#94a3b8","radius":8}},{"type":"Feature","id":"81","geometry":{"type":"Point","coordinates":[]},"properties":{"OBJECTID":81,"BolgeNo":5,"Il":"ANKARA","HavzaAdi":"Sakarya","BarajAdi":"KIZILCAHAMAM AKYAR","ILKODU":6,"ILCEKODU":null,"HAVZA_ID":12,"entityId":"81","entityType":"damStations","id":"81","name":"KIZILCAHAMAM AKYAR","damName":"KIZILCAHAMAM AKYAR","basinId":12,"occupancy":null,"status":"no_data","color":"#94a3b8","radius":8}},{"type":"Feature","id":"82","geometry":{"type":"Point","coordinates":[]},"properties":{"OBJECTID":82,"BolgeNo":5,"Il":"ANKARA","HavzaAdi":"Sakarya","BarajAdi":"KIZILCAHAMAM EĞREKKAYA","ILKODU":7,"ILCEKODU":null,"HAVZA_ID":12,"entityId":"82","entityType":"damStations","id":"82","name":"KIZILCAHAMAM EĞREKKAYA","damName":"KIZILCAHAMAM EĞREKKAYA","basinId":12,"occupancy":null,"status":"no_data","color":"#94a3b8","radius":8}},{"type":"Feature","id":"83","geometry":{"type":"Point","coordinates":[32.70055000000008,40.26972000000006]},"properties":{"OBJECTID":83,"BolgeNo":5,"Il":"ANKARA","HavzaAdi":"Sakarya","BarajAdi":"KURTBOĞAZI","ILKODU":6,"ILCEKODU":1815,"HAVZA_ID":12,"entityId":"83","entityType":"damStations","id":"83","name":"KURTBOĞAZI","damName":"KURTBOĞAZI","basinId":12,"occupancy":null,"status":"no_data","color":"#94a3b8","radius":8}},{"type":"Feature","id":"84","geometry":{"type":"Point","coordinates":[31.53027000000003,40.710000000000036]},"properties":{"OBJECTID":84,"BolgeNo":5,"Il":"BOLU","HavzaAdi":"Batı Karadeniz","BarajAdi":"GÖLKÖY","ILKODU":14,"ILCEKODU":1199,"HAVZA_ID":13,"entityId":"84","entityType":"damStations","id":"84","name":"GÖLKÖY","damName":"GÖLKÖY","basinId":13,"occupancy":null,"status":"no_data","color":"#94a3b8","radius":8}},{"type":"Feature","id":"85","geometry":{"type":"Point","coordinates":[31.904000000000053,40.986330000000066]},"properties":{"OBJECTID":85,"BolgeNo":5,"Il":"BOLU","HavzaAdi":"Batı Karadeniz","BarajAdi":"KÖPRÜBAŞI","ILKODU":14,"ILCEKODU":1522,"HAVZA_ID":13,"entityId":"85","entityType":"damStations","id":"85","name":"KÖPRÜBAŞI","damName":"KÖPRÜBAŞI","basinId":13,"occupancy":null,"status":"no_data","color":"#94a3b8","radius":8}},{"type":"Feature","id":"86","geometry":{"type":"Point","coordinates":[32.79528000000005,40.742500000000064]},"properties":{"OBJECTID":86,"BolgeNo":5,"Il":"ÇANKIRI","HavzaAdi":"Batı Karadeniz","BarajAdi":"AKHASAN","ILKODU":18,"ILCEKODU":1248,"HAVZA_ID":13,"entityId":"86","entityType":"damStations","id":"86","name":"AKHASAN","damName":"AKHASAN","basinId":13,"occupancy":null,"status":"no_data","color":"#94a3b8","radius":8}},{"type":"Feature","id":"87","geometry":{"type":"Point","coordinates":[32.95074000000005,40.56857000000008]},"properties":{"OBJECTID":87,"BolgeNo":5,"Il":"ÇANKIRI","HavzaAdi":"Kızılırmak","BarajAdi":"GÜLDÜRCEK","ILKODU":18,"ILCEKODU":1555,"HAVZA_ID":15,"entityId":"87","entityType":"damStations","id":"87","name":"GÜLDÜRCEK","damName":"GÜLDÜRCEK","basinId":15,"occupancy":null,"status":"no_data","color":"#94a3b8","radius":8}},{"type":"Feature","id":"88","geometry":{"type":"Point","coordinates":[33.30594000000008,40.33868000000007]},"properties":{"OBJECTID":88,"BolgeNo":5,"Il":"ÇANKIRI","HavzaAdi":"Kızılırmak","BarajAdi":"KOYUNBABA","ILKODU":6,"ILCEKODU":1427,"HAVZA_ID":15,"entityId":"88","entityType":"damStations","id":"88","name":"KOYUNBABA","damName":"KOYUNBABA","basinId":15,"occupancy":null,"status":"no_data","color":"#94a3b8","radius":8}},{"type":"Feature","id":"89","geometry":{"type":"Point","coordinates":[34.78817000000004,40.770200000000045]},"properties":{"OBJECTID":89,"BolgeNo":5,"Il":"ÇORUM","HavzaAdi":"Kızılırmak","BarajAdi":"OBRUK","ILKODU":19,"ILCEKODU":1911,"HAVZA_ID":15,"entityId":"89","entityType":"damStations","id":"89","name":"OBRUK","damName":"OBRUK","basinId":15,"occupancy":null,"status":"no_data","color":"#94a3b8","radius":8}},{"type":"Feature","id":"90","geometry":{"type":"Point","coordinates":[34.83842000000004,40.10773000000006]},"properties":{"OBJECTID":90,"BolgeNo":5,"Il":"ÇORUM","HavzaAdi":"Yeşilırmak","BarajAdi":"ALACA","ILKODU":19,"ILCEKODU":1124,"HAVZA_ID":14,"entityId":"90","entityType":"damStations","id":"90","name":"ALACA","damName":"ALACA","basinId":14,"occupancy":null,"status":"no_data","color":"#94a3b8","radius":8}},{"type":"Feature","id":"91","geometry":{"type":"Point","coordinates":[34.988330000000076,40.58083000000005]},"properties":{"OBJECTID":91,"BolgeNo":5,"Il":"ÇORUM","HavzaAdi":"Yeşilırmak","BarajAdi":"ÇORUM","ILKODU":19,"ILCEKODU":1259,"HAVZA_ID":14,"entityId":"91","entityType":"damStations","id":"91","name":"ÇORUM","damName":"ÇORUM","basinId":14,"occupancy":null,"status":"no_data","color":"#94a3b8","radius":8}},{"type":"Feature","id":"92","geometry":{"type":"Point","coordinates":[34.80192000000005,40.371470000000045]},"properties":{"OBJECTID":92,"BolgeNo":5,"Il":"ÇORUM","HavzaAdi":"Yeşilırmak","BarajAdi":"HATAP","ILKODU":19,"ILCEKODU":1259,"HAVZA_ID":14,"entityId":"92","entityType":"damStations","id":"92","name":"HATAP","damName":"HATAP","basinId":14,"occupancy":null,"status":"no_data","color":"#94a3b8","radius":8}},{"type":"Feature","id":"93","geometry":{"type":"Point","coordinates":[34.94333000000006,40.09833000000003]},"properties":{"OBJECTID":93,"BolgeNo":5,"Il":"ÇORUM","HavzaAdi":"Yeşilırmak","BarajAdi":"KOÇHİSAR","ILKODU":19,"ILCEKODU":1124,"HAVZA_ID":14,"entityId":"93","entityType":"damStations","id":"93","name":"KOÇHİSAR","damName":"KOÇHİSAR","basinId":14,"occupancy":null,"status":"no_data","color":"#94a3b8","radius":8}},{"type":"Feature","id":"94","geometry":{"type":"Point","coordinates":[34.66694000000007,40.39305000000007]},"properties":{"OBJECTID":94,"BolgeNo":5,"Il":"ÇORUM","HavzaAdi":"Yeşilırmak","BarajAdi":"YENİHAYAT","ILKODU":19,"ILCEKODU":1259,"HAVZA_ID":14,"entityId":"94","entityType":"damStations","id":"94","name":"YENİHAYAT","damName":"YENİHAYAT","basinId":14,"occupancy":null,"status":"no_data","color":"#94a3b8","radius":8}},{"type":"Feature","id":"95","geometry":{"type":"Point","coordinates":[31.077040000000068,40.981610000000046]},"properties":{"OBJECTID":95,"BolgeNo":5,"Il":"DÜZCE","HavzaAdi":"Batı Karadeniz","BarajAdi":"AKÇAKOCA BARAJI","ILKODU":81,"ILCEKODU":1116,"HAVZA_ID":13,"entityId":"95","entityType":"damStations","id":"95","name":"AKÇAKOCA BARAJI","damName":"AKÇAKOCA BARAJI","basinId":13,"occupancy":null,"status":"no_data","color":"#94a3b8","radius":8}},{"type":"Feature","id":"96","geometry":{"type":"Point","coordinates":[31.276410000000055,40.910510000000045]},"properties":{"OBJECTID":96,"BolgeNo":5,"Il":"DÜZCE","HavzaAdi":"Batı Karadeniz","BarajAdi":"HASANLAR","ILKODU":81,"ILCEKODU":1292,"HAVZA_ID":13,"entityId":"96","entityType":"damStations","id":"96","name":"HASANLAR","damName":"HASANLAR","basinId":13,"occupancy":null,"status":"no_data","color":"#94a3b8","radius":8}},{"type":"Feature","id":"97","geometry":{"type":"Point","coordinates":[33.48299000000003,39.730530000000044]},"properties":{"OBJECTID":97,"BolgeNo":5,"Il":"KIRIKKALE","HavzaAdi":"Kızılırmak","BarajAdi":"KAPULUKAYA","ILKODU":71,"ILCEKODU":1469,"HAVZA_ID":15,"entityId":"97","entityType":"damStations","id":"97","name":"KAPULUKAYA","damName":"KAPULUKAYA","basinId":15,"occupancy":null,"status":"no_data","color":"#94a3b8","radius":8}},{"type":"Feature","id":"98","geometry":{"type":"Point","coordinates":[33.761780000000044,40.19936000000007]},"properties":{"OBJECTID":98,"BolgeNo":5,"Il":"KIRIKKALE","HavzaAdi":"Kızılırmak","BarajAdi":"SULAKYURT","ILKODU":71,"ILCEKODU":1638,"HAVZA_ID":15,"entityId":"98","entityType":"damStations","id":"98","name":"SULAKYURT","damName":"SULAKYURT","basinId":15,"occupancy":null,"status":"no_data","color":"#94a3b8","radius":8}},{"type":"Feature","id":"99","geometry":{"type":"Point","coordinates":[36.27156000000008,37.27290000000005]},"properties":{"OBJECTID":99,"BolgeNo":6,"Il":"ADANA","HavzaAdi":"Ceyhan","BarajAdi":"ASLANTAŞ","ILKODU":80,"ILCEKODU":1743,"HAVZA_ID":20,"entityId":"99","entityType":"damStations","id":"99","name":"ASLANTAŞ","damName":"ASLANTAŞ","basinId":20,"occupancy":null,"status":"no_data","color":"#94a3b8","radius":8}},{"type":"Feature","id":"100","geometry":{"type":"Point","coordinates":[]},"properties":{"OBJECTID":100,"BolgeNo":6,"Il":"ADANA","HavzaAdi":"Ceyhan","BarajAdi":"KOZAN","ILKODU":1,"ILCEKODU":null,"HAVZA_ID":10,"entityId":"100","entityType":"damStations","id":"100","name":"KOZAN","damName":"KOZAN","basinId":10,"occupancy":null,"status":"no_data","color":"#94a3b8","radius":8}},{"type":"Feature","id":"101","geometry":{"type":"Point","coordinates":[35.28179000000006,37.19874000000004]},"properties":{"OBJECTID":101,"BolgeNo":6,"Il":"ADANA","HavzaAdi":"Seyhan","BarajAdi":"ÇATALAN","ILKODU":1,"ILCEKODU":1437,"HAVZA_ID":18,"entityId":"101","entityType":"damStations","id":"101","name":"ÇATALAN","damName":"ÇATALAN","basinId":18,"occupancy":null,"status":"no_data","color":"#94a3b8","radius":8}},{"type":"Feature","id":"102","geometry":{"type":"Point","coordinates":[35.86520000000007,37.74490000000003]},"properties":{"OBJECTID":102,"BolgeNo":6,"Il":"ADANA","HavzaAdi":"Seyhan","BarajAdi":"FEKE-2","ILKODU":1,"ILCEKODU":1329,"HAVZA_ID":18,"entityId":"102","entityType":"damStations","id":"102","name":"FEKE-2","damName":"FEKE-2","basinId":18,"occupancy":null,"status":"no_data","color":"#94a3b8","radius":8}},{"type":"Feature","id":"103","geometry":{"type":"Point","coordinates":[35.480000000000075,37.71028000000007]},"properties":{"OBJECTID":103,"BolgeNo":6,"Il":"ADANA","HavzaAdi":"Seyhan","BarajAdi":"GÖKTAŞ-1","ILKODU":38,"ILCEKODU":1715,"HAVZA_ID":18,"entityId":"103","entityType":"damStations","id":"103","name":"GÖKTAŞ-1","damName":"GÖKTAŞ-1","basinId":18,"occupancy":null,"status":"no_data","color":"#94a3b8","radius":8}},{"type":"Feature","id":"104","geometry":{"type":"Point","coordinates":[35.08389000000005,37.46861000000007]},"properties":{"OBJECTID":104,"BolgeNo":6,"Il":"ADANA","HavzaAdi":"Seyhan","BarajAdi":"KARAKUZ","ILKODU":1,"ILCEKODU":1437,"HAVZA_ID":18,"entityId":"104","entityType":"damStations","id":"104","name":"KARAKUZ","damName":"KARAKUZ","basinId":18,"occupancy":null,"status":"no_data","color":"#94a3b8","radius":8}},{"type":"Feature","id":"105","geometry":{"type":"Point","coordinates":[35.52889000000005,37.56278000000003]},"properties":{"OBJECTID":105,"BolgeNo":6,"Il":"ADANA","HavzaAdi":"Seyhan","BarajAdi":"KAVŞAKBENDİ HES","ILKODU":1,"ILCEKODU":1757,"HAVZA_ID":18,"entityId":"105","entityType":"damStations","id":"105","name":"KAVŞAKBENDİ HES","damName":"KAVŞAKBENDİ HES","basinId":18,"occupancy":null,"status":"no_data","color":"#94a3b8","radius":8}},{"type":"Feature","id":"106","geometry":{"type":"Point","coordinates":[35.613000000000056,37.62080000000003]},"properties":{"OBJECTID":106,"BolgeNo":6,"Il":"ADANA","HavzaAdi":"Seyhan","BarajAdi":"KÖPRÜ","ILKODU":1,"ILCEKODU":1486,"HAVZA_ID":18,"entityId":"106","entityType":"damStations","id":"106","name":"KÖPRÜ","damName":"KÖPRÜ","basinId":18,"occupancy":null,"status":"no_data","color":"#94a3b8","radius":8}},{"type":"Feature","id":"107","geometry":{"type":"Point","coordinates":[35.734800000000064,37.709700000000055]},"properties":{"OBJECTID":107,"BolgeNo":6,"Il":"ADANA","HavzaAdi":"Seyhan","BarajAdi":"MENGE HES","ILKODU":1,"ILCEKODU":1329,"HAVZA_ID":18,"entityId":"107","entityType":"damStations","id":"107","name":"MENGE HES","damName":"MENGE HES","basinId":18,"occupancy":null,"status":"no_data","color":"#94a3b8","radius":8}},{"type":"Feature","id":"108","geometry":{"type":"Point","coordinates":[35.04860000000008,37.29920000000004]},"properties":{"OBJECTID":108,"BolgeNo":6,"Il":"ADANA","HavzaAdi":"Seyhan","BarajAdi":"NERGİZLİK","ILKODU":1,"ILCEKODU":1437,"HAVZA_ID":18,"entityId":"108","entityType":"damStations","id":"108","name":"NERGİZLİK","damName":"NERGİZLİK","basinId":18,"occupancy":null,"status":"no_data","color":"#94a3b8","radius":8}},{"type":"Feature","id":"109","geometry":{"type":"Point","coordinates":[35.34139000000005,37.03695000000005]},"properties":{"OBJECTID":109,"BolgeNo":6,"Il":"ADANA","HavzaAdi":"Seyhan","BarajAdi":"SEYHAN-I","ILKODU":1,"ILCEKODU":1748,"HAVZA_ID":18,"entityId":"109","entityType":"damStations","id":"109","name":"SEYHAN-I","damName":"SEYHAN-I","basinId":18,"occupancy":null,"status":"no_data","color":"#94a3b8","radius":8}},{"type":"Feature","id":"110","geometry":{"type":"Point","coordinates":[35.487700000000075,37.356700000000046]},"properties":{"OBJECTID":110,"BolgeNo":6,"Il":"ADANA","HavzaAdi":"Seyhan","BarajAdi":"YEDİGÖZE","ILKODU":1,"ILCEKODU":1806,"HAVZA_ID":18,"entityId":"110","entityType":"damStations","id":"110","name":"YEDİGÖZE","damName":"YEDİGÖZE","basinId":18,"occupancy":null,"status":"no_data","color":"#94a3b8","radius":8}},{"type":"Feature","id":"111","geometry":{"type":"Point","coordinates":[35.987450000000024,36.188090000000045]},"properties":{"OBJECTID":111,"BolgeNo":6,"Il":"HATAY","HavzaAdi":"Asi","BarajAdi":"BÜYÜK KARAÇAY","ILKODU":31,"ILCEKODU":1591,"HAVZA_ID":19,"entityId":"111","entityType":"damStations","id":"111","name":"BÜYÜK KARAÇAY","damName":"BÜYÜK KARAÇAY","basinId":19,"occupancy":null,"status":"no_data","color":"#94a3b8","radius":8}},{"type":"Feature","id":"112","geometry":{"type":"Point","coordinates":[36.68861000000004,36.85695000000004]},"properties":{"OBJECTID":112,"BolgeNo":6,"Il":"HATAY","HavzaAdi":"Asi","BarajAdi":"TAHTAKÖPRÜ ","ILKODU":27,"ILCEKODU":1415,"HAVZA_ID":19,"entityId":"112","entityType":"damStations","id":"112","name":"TAHTAKÖPRÜ ","damName":"TAHTAKÖPRÜ ","basinId":19,"occupancy":null,"status":"no_data","color":"#94a3b8","radius":8}},{"type":"Feature","id":"113","geometry":{"type":"Point","coordinates":[36.32544000000007,36.194090000000074]},"properties":{"OBJECTID":113,"BolgeNo":6,"Il":"HATAY","HavzaAdi":"Asi","BarajAdi":"YARSELİ ","ILKODU":31,"ILCEKODU":2080,"HAVZA_ID":19,"entityId":"113","entityType":"damStations","id":"113","name":"YARSELİ ","damName":"YARSELİ ","basinId":19,"occupancy":null,"status":"no_data","color":"#94a3b8","radius":8}},{"type":"Feature","id":"114","geometry":{"type":"Point","coordinates":[36.060560000000066,35.94536000000005]},"properties":{"OBJECTID":114,"BolgeNo":6,"Il":"HATAY","HavzaAdi":"Asi","BarajAdi":"YAYLADAĞ","ILKODU":31,"ILCEKODU":1721,"HAVZA_ID":19,"entityId":"114","entityType":"damStations","id":"114","name":"YAYLADAĞ","damName":"YAYLADAĞ","basinId":19,"occupancy":null,"status":"no_data","color":"#94a3b8","radius":8}},{"type":"Feature","id":"115","geometry":{"type":"Point","coordinates":[]},"properties":{"OBJECTID":115,"BolgeNo":6,"Il":"İÇEL","HavzaAdi":"Doğu Akdeniz","BarajAdi":"ALAKÖPRÜ","ILKODU":33,"ILCEKODU":null,"HAVZA_ID":17,"entityId":"115","entityType":"damStations","id":"115","name":"ALAKÖPRÜ","damName":"ALAKÖPRÜ","basinId":17,"occupancy":null,"status":"no_data","color":"#94a3b8","radius":8}},{"type":"Feature","id":"116","geometry":{"type":"Point","coordinates":[]},"properties":{"OBJECTID":116,"BolgeNo":6,"Il":"İÇEL","HavzaAdi":"Doğu Akdeniz","BarajAdi":"BERDAN","ILKODU":33,"ILCEKODU":null,"HAVZA_ID":17,"entityId":"116","entityType":"damStations","id":"116","name":"BERDAN","damName":"BERDAN","basinId":17,"occupancy":null,"status":"no_data","color":"#94a3b8","radius":8}},{"type":"Feature","id":"117","geometry":{"type":"Point","coordinates":[36.461550000000045,37.37308000000007]},"properties":{"OBJECTID":117,"BolgeNo":6,"Il":"OSMANİYE","HavzaAdi":"Ceyhan","BarajAdi":"BERKE ","ILKODU":46,"ILCEKODU":1136,"HAVZA_ID":20,"entityId":"117","entityType":"damStations","id":"117","name":"BERKE ","damName":"BERKE ","basinId":20,"occupancy":null,"status":"no_data","color":"#94a3b8","radius":8}},{"type":"Feature","id":"118","geometry":{"type":"Point","coordinates":[36.45920000000007,37.14770000000004]},"properties":{"OBJECTID":118,"BolgeNo":6,"Il":"OSMANİYE","HavzaAdi":"Ceyhan","BarajAdi":"KALECİK BARAJI - OSMANİYE","ILKODU":80,"ILCEKODU":2027,"HAVZA_ID":20,"entityId":"118","entityType":"damStations","id":"118","name":"KALECİK BARAJI - OSMANİYE","damName":"KALECİK BARAJI - OSMANİYE","basinId":20,"occupancy":null,"status":"no_data","color":"#94a3b8","radius":8}},{"type":"Feature","id":"119","geometry":{"type":"Point","coordinates":[36.021930000000054,37.50730000000004]},"properties":{"OBJECTID":119,"BolgeNo":6,"Il":"OSMANİYE","HavzaAdi":"Ceyhan","BarajAdi":"MEHMETLİ ( KESİKSUYU )","ILKODU":80,"ILCEKODU":2028,"HAVZA_ID":20,"entityId":"119","entityType":"damStations","id":"119","name":"MEHMETLİ ( KESİKSUYU )","damName":"MEHMETLİ ( KESİKSUYU )","basinId":20,"occupancy":null,"status":"no_data","color":"#94a3b8","radius":8}},{"type":"Feature","id":"120","geometry":{"type":"Point","coordinates":[35.194450000000074,40.92056000000008]},"properties":{"OBJECTID":120,"BolgeNo":7,"Il":"AMASYA","HavzaAdi":"Kızılırmak","BarajAdi":"SARAYÖZÜ","ILKODU":5,"ILCEKODU":1368,"HAVZA_ID":15,"entityId":"120","entityType":"damStations","id":"120","name":"SARAYÖZÜ","damName":"SARAYÖZÜ","basinId":15,"occupancy":null,"status":"no_data","color":"#94a3b8","radius":8}},{"type":"Feature","id":"121","geometry":{"type":"Point","coordinates":[35.84176000000008,40.84785000000005]},"properties":{"OBJECTID":121,"BolgeNo":7,"Il":"AMASYA","HavzaAdi":"Yeşilırmak","BarajAdi":"DERİNÖZ","ILKODU":5,"ILCEKODU":1641,"HAVZA_ID":14,"entityId":"121","entityType":"damStations","id":"121","name":"DERİNÖZ","damName":"DERİNÖZ","basinId":14,"occupancy":null,"status":"no_data","color":"#94a3b8","radius":8}},{"type":"Feature","id":"122","geometry":{"type":"Point","coordinates":[35.66375000000005,40.442810000000065]},"properties":{"OBJECTID":122,"BolgeNo":7,"Il":"AMASYA","HavzaAdi":"Yeşilırmak","BarajAdi":"GEDİKSARAY","ILKODU":5,"ILCEKODU":1363,"HAVZA_ID":14,"entityId":"122","entityType":"damStations","id":"122","name":"GEDİKSARAY","damName":"GEDİKSARAY","basinId":14,"occupancy":null,"status":"no_data","color":"#94a3b8","radius":8}},{"type":"Feature","id":"123","geometry":{"type":"Point","coordinates":[36.39447000000007,40.77861000000007]},"properties":{"OBJECTID":123,"BolgeNo":7,"Il":"AMASYA","HavzaAdi":"Yeşilırmak","BarajAdi":"ULUKÖY","ILKODU":5,"ILCEKODU":1668,"HAVZA_ID":14,"entityId":"123","entityType":"damStations","id":"123","name":"ULUKÖY","damName":"ULUKÖY","basinId":14,"occupancy":null,"status":"no_data","color":"#94a3b8","radius":8}},{"type":"Feature","id":"124","geometry":{"type":"Point","coordinates":[36.304970000000026,40.92700000000008]},"properties":{"OBJECTID":124,"BolgeNo":7,"Il":"AMASYA","HavzaAdi":"Yeşilırmak","BarajAdi":"YAPRAK I BARAJI","ILKODU":5,"ILCEKODU":1668,"HAVZA_ID":14,"entityId":"124","entityType":"damStations","id":"124","name":"YAPRAK I BARAJI","damName":"YAPRAK I BARAJI","basinId":14,"occupancy":null,"status":"no_data","color":"#94a3b8","radius":8}},{"type":"Feature","id":"125","geometry":{"type":"Point","coordinates":[35.57923000000005,40.791960000000074]},"properties":{"OBJECTID":125,"BolgeNo":7,"Il":"AMASYA","HavzaAdi":"Yeşilırmak","BarajAdi":"YEDİKIR","ILKODU":5,"ILCEKODU":1641,"HAVZA_ID":14,"entityId":"125","entityType":"damStations","id":"125","name":"YEDİKIR","damName":"YEDİKIR","basinId":14,"occupancy":null,"status":"no_data","color":"#94a3b8","radius":8}},{"type":"Feature","id":"126","geometry":{"type":"Point","coordinates":[37.738890000000026,40.60250000000008]},"properties":{"OBJECTID":126,"BolgeNo":7,"Il":"ORDU","HavzaAdi":"Doğu Karadeniz","BarajAdi":"TOPÇAM-ORDU","ILKODU":52,"ILCEKODU":1525,"HAVZA_ID":22,"entityId":"126","entityType":"damStations","id":"126","name":"TOPÇAM-ORDU","damName":"TOPÇAM-ORDU","basinId":22,"occupancy":null,"status":"no_data","color":"#94a3b8","radius":8}},{"type":"Feature","id":"127","geometry":{"type":"Point","coordinates":[36.92900000000003,40.69951000000003]},"properties":{"OBJECTID":127,"BolgeNo":7,"Il":"ORDU","HavzaAdi":"Yeşilırmak","BarajAdi":"UMUT I BARAJI","ILKODU":60,"ILCEKODU":1545,"HAVZA_ID":14,"entityId":"127","entityType":"damStations","id":"127","name":"UMUT I BARAJI","damName":"UMUT I BARAJI","basinId":14,"occupancy":null,"status":"no_data","color":"#94a3b8","radius":8}},{"type":"Feature","id":"128","geometry":{"type":"Point","coordinates":[35.72393000000005,41.36369000000008]},"properties":{"OBJECTID":128,"BolgeNo":7,"Il":"SAMSUN","HavzaAdi":"Kızılırmak","BarajAdi":"ALTINKAYA","ILKODU":55,"ILCEKODU":1164,"HAVZA_ID":15,"entityId":"128","entityType":"damStations","id":"128","name":"ALTINKAYA","damName":"ALTINKAYA","basinId":15,"occupancy":null,"status":"no_data","color":"#94a3b8","radius":8}},{"type":"Feature","id":"129","geometry":{"type":"Point","coordinates":[35.84174000000007,41.46121000000005]},"properties":{"OBJECTID":129,"BolgeNo":7,"Il":"SAMSUN","HavzaAdi":"Kızılırmak","BarajAdi":"DERBENT","ILKODU":55,"ILCEKODU":1164,"HAVZA_ID":15,"entityId":"129","entityType":"damStations","id":"129","name":"DERBENT","damName":"DERBENT","basinId":15,"occupancy":null,"status":"no_data","color":"#94a3b8","radius":8}},{"type":"Feature","id":"130","geometry":{"type":"Point","coordinates":[35.33000000000004,41.06000000000006]},"properties":{"OBJECTID":130,"BolgeNo":7,"Il":"SAMSUN","HavzaAdi":"Kızılırmak","BarajAdi":"DURUÇAY ","ILKODU":55,"ILCEKODU":1712,"HAVZA_ID":15,"entityId":"130","entityType":"damStations","id":"130","name":"DURUÇAY ","damName":"DURUÇAY ","basinId":15,"occupancy":null,"status":"no_data","color":"#94a3b8","radius":8}},{"type":"Feature","id":"131","geometry":{"type":"Point","coordinates":[35.599600000000066,41.059060000000045]},"properties":{"OBJECTID":131,"BolgeNo":7,"Il":"SAMSUN","HavzaAdi":"Kızılırmak","BarajAdi":"VEZİRKÖPRÜ","ILKODU":55,"ILCEKODU":1712,"HAVZA_ID":15,"entityId":"131","entityType":"damStations","id":"131","name":"VEZİRKÖPRÜ","damName":"VEZİRKÖPRÜ","basinId":15,"occupancy":null,"status":"no_data","color":"#94a3b8","radius":8}},{"type":"Feature","id":"132","geometry":{"type":"Point","coordinates":[36.63366000000008,41.10997000000003]},"properties":{"OBJECTID":132,"BolgeNo":7,"Il":"SAMSUN","HavzaAdi":"Yeşilırmak","BarajAdi":"ÇAKMAK","ILKODU":55,"ILCEKODU":1234,"HAVZA_ID":14,"entityId":"132","entityType":"damStations","id":"132","name":"ÇAKMAK","damName":"ÇAKMAK","basinId":14,"occupancy":null,"status":"no_data","color":"#94a3b8","radius":8}},{"type":"Feature","id":"133","geometry":{"type":"Point","coordinates":[36.64676000000003,40.936540000000036]},"properties":{"OBJECTID":133,"BolgeNo":7,"Il":"SAMSUN","HavzaAdi":"Yeşilırmak","BarajAdi":"H.UĞURLU","ILKODU":55,"ILCEKODU":1879,"HAVZA_ID":14,"entityId":"133","entityType":"damStations","id":"133","name":"H.UĞURLU","damName":"H.UĞURLU","basinId":14,"occupancy":null,"status":"no_data","color":"#94a3b8","radius":8}},{"type":"Feature","id":"134","geometry":{"type":"Point","coordinates":[36.67091000000005,41.074790000000064]},"properties":{"OBJECTID":134,"BolgeNo":7,"Il":"SAMSUN","HavzaAdi":"Yeşilırmak","BarajAdi":"S.UĞURLU","ILKODU":55,"ILCEKODU":1879,"HAVZA_ID":14,"entityId":"134","entityType":"damStations","id":"134","name":"S.UĞURLU","damName":"S.UĞURLU","basinId":14,"occupancy":null,"status":"no_data","color":"#94a3b8","radius":8}},{"type":"Feature","id":"135","geometry":{"type":"Point","coordinates":[34.77889000000005,41.86889000000008]},"properties":{"OBJECTID":135,"BolgeNo":7,"Il":"SİNOP","HavzaAdi":"Batı Karadeniz","BarajAdi":"ERFELEK","ILKODU":57,"ILCEKODU":1314,"HAVZA_ID":13,"entityId":"135","entityType":"damStations","id":"135","name":"ERFELEK","damName":"ERFELEK","basinId":13,"occupancy":null,"status":"no_data","color":"#94a3b8","radius":8}},{"type":"Feature","id":"136","geometry":{"type":"Point","coordinates":[34.995750000000044,41.33471000000003]},"properties":{"OBJECTID":136,"BolgeNo":7,"Il":"SİNOP","HavzaAdi":"Kızılırmak","BarajAdi":"BOYABAT","ILKODU":55,"ILCEKODU":1712,"HAVZA_ID":15,"entityId":"136","entityType":"damStations","id":"136","name":"BOYABAT","damName":"BOYABAT","basinId":15,"occupancy":null,"status":"no_data","color":"#94a3b8","radius":8}},{"type":"Feature","id":"137","geometry":{"type":"Point","coordinates":[34.97333000000003,41.52444000000003]},"properties":{"OBJECTID":137,"BolgeNo":7,"Il":"SİNOP","HavzaAdi":"Kızılırmak","BarajAdi":"DODURGA-SİNOP","ILKODU":57,"ILCEKODU":1204,"HAVZA_ID":15,"entityId":"137","entityType":"damStations","id":"137","name":"DODURGA-SİNOP","damName":"DODURGA-SİNOP","basinId":15,"occupancy":null,"status":"no_data","color":"#94a3b8","radius":8}},{"type":"Feature","id":"138","geometry":{"type":"Point","coordinates":[34.72040000000004,41.335000000000036]},"properties":{"OBJECTID":138,"BolgeNo":7,"Il":"SİNOP","HavzaAdi":"Kızılırmak","BarajAdi":"SARAYDÜZÜ","ILKODU":57,"ILCEKODU":1981,"HAVZA_ID":15,"entityId":"138","entityType":"damStations","id":"138","name":"SARAYDÜZÜ","damName":"SARAYDÜZÜ","basinId":15,"occupancy":null,"status":"no_data","color":"#94a3b8","radius":8}},{"type":"Feature","id":"139","geometry":{"type":"Point","coordinates":[36.903230000000065,40.40784000000008]},"properties":{"OBJECTID":139,"BolgeNo":7,"Il":"TOKAT","HavzaAdi":"Yeşilırmak","BarajAdi":"ALMUS","ILKODU":60,"ILCEKODU":1129,"HAVZA_ID":14,"entityId":"139","entityType":"damStations","id":"139","name":"ALMUS","damName":"ALMUS","basinId":14,"occupancy":null,"status":"no_data","color":"#94a3b8","radius":8}},{"type":"Feature","id":"140","geometry":{"type":"Point","coordinates":[36.88133000000005,40.42512000000005]},"properties":{"OBJECTID":140,"BolgeNo":7,"Il":"TOKAT","HavzaAdi":"Yeşilırmak","BarajAdi":"ATAKÖY","ILKODU":60,"ILCEKODU":1129,"HAVZA_ID":14,"entityId":"140","entityType":"damStations","id":"140","name":"ATAKÖY","damName":"ATAKÖY","basinId":14,"occupancy":null,"status":"no_data","color":"#94a3b8","radius":8}},{"type":"Feature","id":"141","geometry":{"type":"Point","coordinates":[36.45953000000003,40.04491000000007]},"properties":{"OBJECTID":141,"BolgeNo":7,"Il":"TOKAT","HavzaAdi":"Yeşilırmak","BarajAdi":"BEDİRKALE","ILKODU":60,"ILCEKODU":1679,"HAVZA_ID":14,"entityId":"141","entityType":"damStations","id":"141","name":"BEDİRKALE","damName":"BEDİRKALE","basinId":14,"occupancy":null,"status":"no_data","color":"#94a3b8","radius":8}},{"type":"Feature","id":"142","geometry":{"type":"Point","coordinates":[35.949370000000044,40.18318000000005]},"properties":{"OBJECTID":142,"BolgeNo":7,"Il":"TOKAT","HavzaAdi":"Yeşilırmak","BarajAdi":"BELPINAR","ILKODU":60,"ILCEKODU":1740,"HAVZA_ID":14,"entityId":"142","entityType":"damStations","id":"142","name":"BELPINAR","damName":"BELPINAR","basinId":14,"occupancy":null,"status":"no_data","color":"#94a3b8","radius":8}},{"type":"Feature","id":"143","geometry":{"type":"Point","coordinates":[35.87098000000003,40.17637000000008]},"properties":{"OBJECTID":143,"BolgeNo":7,"Il":"TOKAT","HavzaAdi":"Yeşilırmak","BarajAdi":"BOZTEPE","ILKODU":60,"ILCEKODU":1740,"HAVZA_ID":14,"entityId":"143","entityType":"damStations","id":"143","name":"BOZTEPE","damName":"BOZTEPE","basinId":14,"occupancy":null,"status":"no_data","color":"#94a3b8","radius":8}},{"type":"Feature","id":"144","geometry":{"type":"Point","coordinates":[]},"properties":{"OBJECTID":144,"BolgeNo":7,"Il":"TOKAT","HavzaAdi":"Yeşilırmak","BarajAdi":"GÜZELCE","ILKODU":60,"ILCEKODU":null,"HAVZA_ID":14,"entityId":"144","entityType":"damStations","id":"144","name":"GÜZELCE","damName":"GÜZELCE","basinId":14,"occupancy":null,"status":"no_data","color":"#94a3b8","radius":8}},{"type":"Feature","id":"145","geometry":{"type":"Point","coordinates":[36.70252000000005,40.66143000000005]},"properties":{"OBJECTID":145,"BolgeNo":7,"Il":"TOKAT","HavzaAdi":"Yeşilırmak","BarajAdi":"TEPEKIŞLA","ILKODU":60,"ILCEKODU":1308,"HAVZA_ID":14,"entityId":"145","entityType":"damStations","id":"145","name":"TEPEKIŞLA","damName":"TEPEKIŞLA","basinId":14,"occupancy":null,"status":"no_data","color":"#94a3b8","radius":8}},{"type":"Feature","id":"146","geometry":{"type":"Point","coordinates":[35.537780000000055,40.04222000000004]},"properties":{"OBJECTID":146,"BolgeNo":7,"Il":"YOZGAT","HavzaAdi":"Yeşilırmak","BarajAdi":"ÇEKEREK","ILKODU":66,"ILCEKODU":1245,"HAVZA_ID":14,"entityId":"146","entityType":"damStations","id":"146","name":"ÇEKEREK","damName":"ÇEKEREK","basinId":14,"occupancy":null,"status":"no_data","color":"#94a3b8","radius":8}},{"type":"Feature","id":"147","geometry":{"type":"Point","coordinates":[27.006390000000067,40.683610000000044]},"properties":{"OBJECTID":147,"BolgeNo":11,"Il":"ÇANAKKALE","HavzaAdi":"Marmara","BarajAdi":"ÇOKAL","ILKODU":17,"ILCEKODU":1340,"HAVZA_ID":2,"entityId":"147","entityType":"damStations","id":"147","name":"ÇOKAL","damName":"ÇOKAL","basinId":2,"occupancy":null,"status":"no_data","color":"#94a3b8","radius":8}},{"type":"Feature","id":"148","geometry":{"type":"Point","coordinates":[]},"properties":{"OBJECTID":148,"BolgeNo":11,"Il":"EDİRNE","HavzaAdi":"Meriç-Ergene","BarajAdi":"ALTINYAZI","ILKODU":22,"ILCEKODU":null,"HAVZA_ID":1,"entityId":"148","entityType":"damStations","id":"148","name":"ALTINYAZI","damName":"ALTINYAZI","basinId":1,"occupancy":null,"status":"no_data","color":"#94a3b8","radius":8}},{"type":"Feature","id":"149","geometry":{"type":"Point","coordinates":[]},"properties":{"OBJECTID":149,"BolgeNo":11,"Il":"EDİRNE","HavzaAdi":"Meriç-Ergene","BarajAdi":"HAMZADERE","ILKODU":22,"ILCEKODU":null,"HAVZA_ID":1,"entityId":"149","entityType":"damStations","id":"149","name":"HAMZADERE","damName":"HAMZADERE","basinId":1,"occupancy":null,"status":"no_data","color":"#94a3b8","radius":8}},{"type":"Feature","id":"150","geometry":{"type":"Point","coordinates":[26.773250000000075,40.79284000000007]},"properties":{"OBJECTID":150,"BolgeNo":11,"Il":"EDİRNE","HavzaAdi":"Meriç-Ergene","BarajAdi":"KADIKÖY","ILKODU":22,"ILCEKODU":1464,"HAVZA_ID":1,"entityId":"150","entityType":"damStations","id":"150","name":"KADIKÖY","damName":"KADIKÖY","basinId":1,"occupancy":null,"status":"no_data","color":"#94a3b8","radius":8}},{"type":"Feature","id":"151","geometry":{"type":"Point","coordinates":[26.92139000000003,41.79028000000005]},"properties":{"OBJECTID":151,"BolgeNo":11,"Il":"EDİRNE","HavzaAdi":"Meriç-Ergene","BarajAdi":"SÜLOĞLU","ILKODU":22,"ILCEKODU":1988,"HAVZA_ID":1,"entityId":"151","entityType":"damStations","id":"151","name":"SÜLOĞLU","damName":"SÜLOĞLU","basinId":1,"occupancy":null,"status":"no_data","color":"#94a3b8","radius":8}},{"type":"Feature","id":"152","geometry":{"type":"Point","coordinates":[]},"properties":{"OBJECTID":152,"BolgeNo":11,"Il":"EDİRNE","HavzaAdi":"Meriç-Ergene","BarajAdi":"SULTANKÖY","ILKODU":22,"ILCEKODU":null,"HAVZA_ID":1,"entityId":"152","entityType":"damStations","id":"152","name":"SULTANKÖY","damName":"SULTANKÖY","basinId":1,"occupancy":null,"status":"no_data","color":"#94a3b8","radius":8}},{"type":"Feature","id":"153","geometry":{"type":"Point","coordinates":[26.313500000000033,40.81600000000003]},"properties":{"OBJECTID":153,"BolgeNo":11,"Il":"EDİRNE","HavzaAdi":"Meriç-Ergene","BarajAdi":"Y. KARPUZLU","ILKODU":22,"ILCEKODU":1412,"HAVZA_ID":1,"entityId":"153","entityType":"damStations","id":"153","name":"Y. KARPUZLU","damName":"Y. KARPUZLU","basinId":1,"occupancy":null,"status":"no_data","color":"#94a3b8","radius":8}},{"type":"Feature","id":"154","geometry":{"type":"Point","coordinates":[27.436320000000023,41.883140000000026]},"properties":{"OBJECTID":154,"BolgeNo":11,"Il":"KIRKLARELİ","HavzaAdi":"Meriç-Ergene","BarajAdi":"ARMAĞAN","ILKODU":39,"ILCEKODU":1471,"HAVZA_ID":2,"entityId":"154","entityType":"damStations","id":"154","name":"ARMAĞAN","damName":"ARMAĞAN","basinId":2,"occupancy":null,"status":"no_data","color":"#94a3b8","radius":8}},{"type":"Feature","id":"155","geometry":{"type":"Point","coordinates":[29.152220000000057,41.270560000000046]},"properties":{"OBJECTID":155,"BolgeNo":11,"Il":"KIRKLARELİ","HavzaAdi":"Meriç-Ergene","BarajAdi":"ÇAYIRDERE","ILKODU":34,"ILCEKODU":null,"HAVZA_ID":2,"entityId":"155","entityType":"damStations","id":"155","name":"ÇAYIRDERE","damName":"ÇAYIRDERE","basinId":2,"occupancy":null,"status":"no_data","color":"#94a3b8","radius":8}},{"type":"Feature","id":"156","geometry":{"type":"Point","coordinates":[27.135440000000074,41.78835000000004]},"properties":{"OBJECTID":156,"BolgeNo":11,"Il":"KIRKLARELİ","HavzaAdi":"Meriç-Ergene","BarajAdi":"KAYALIKÖY","ILKODU":39,"ILCEKODU":1471,"HAVZA_ID":1,"entityId":"156","entityType":"damStations","id":"156","name":"KAYALIKÖY","damName":"KAYALIKÖY","basinId":1,"occupancy":null,"status":"no_data","color":"#94a3b8","radius":8}},{"type":"Feature","id":"157","geometry":{"type":"Point","coordinates":[27.27932000000004,41.73882000000003]},"properties":{"OBJECTID":157,"BolgeNo":11,"Il":"KIRKLARELİ","HavzaAdi":"Meriç-Ergene","BarajAdi":"KIRKLARELİ","ILKODU":39,"ILCEKODU":1471,"HAVZA_ID":1,"entityId":"157","entityType":"damStations","id":"157","name":"KIRKLARELİ","damName":"KIRKLARELİ","basinId":1,"occupancy":null,"status":"no_data","color":"#94a3b8","radius":8}},{"type":"Feature","id":"158","geometry":{"type":"Point","coordinates":[]},"properties":{"OBJECTID":158,"BolgeNo":11,"Il":"TEKİRDAĞ","HavzaAdi":"Marmara","BarajAdi":"NAİPKÖY BARAJI","ILKODU":59,"ILCEKODU":null,"HAVZA_ID":2,"entityId":"158","entityType":"damStations","id":"158","name":"NAİPKÖY BARAJI","damName":"NAİPKÖY BARAJI","basinId":2,"occupancy":null,"status":"no_data","color":"#94a3b8","radius":8}},{"type":"Feature","id":"159","geometry":{"type":"Point","coordinates":[27.890630000000044,41.02539000000007]},"properties":{"OBJECTID":159,"BolgeNo":11,"Il":"TEKİRDAĞ","HavzaAdi":"Marmara","BarajAdi":"TÜRKMENLİ","ILKODU":59,"ILCEKODU":1825,"HAVZA_ID":2,"entityId":"159","entityType":"damStations","id":"159","name":"TÜRKMENLİ","damName":"TÜRKMENLİ","basinId":2,"occupancy":null,"status":"no_data","color":"#94a3b8","radius":8}},{"type":"Feature","id":"160","geometry":{"type":"Point","coordinates":[27.010560000000055,40.95555000000007]},"properties":{"OBJECTID":160,"BolgeNo":11,"Il":"TEKİRDAĞ","HavzaAdi":"Meriç-Ergene","BarajAdi":"KARAİDEMİR","ILKODU":59,"ILCEKODU":1511,"HAVZA_ID":1,"entityId":"160","entityType":"damStations","id":"160","name":"KARAİDEMİR","damName":"KARAİDEMİR","basinId":1,"occupancy":null,"status":"no_data","color":"#94a3b8","radius":8}},{"type":"Feature","id":"161","geometry":{"type":"Point","coordinates":[34.16888000000006,38.81567000000007]},"properties":{"OBJECTID":161,"BolgeNo":12,"Il":"AKSARAY","HavzaAdi":"Kızılırmak","BarajAdi":"KÜLTEPE","ILKODU":40,"ILCEKODU":1472,"HAVZA_ID":15,"entityId":"161","entityType":"damStations","id":"161","name":"KÜLTEPE","damName":"KÜLTEPE","basinId":15,"occupancy":null,"status":"no_data","color":"#94a3b8","radius":8}},{"type":"Feature","id":"162","geometry":{"type":"Point","coordinates":[35.39378000000005,38.18463000000003]},"properties":{"OBJECTID":162,"BolgeNo":12,"Il":"KAYSERİ","HavzaAdi":"Kızılırmak","BarajAdi":"AĞCAŞAR","ILKODU":38,"ILCEKODU":1715,"HAVZA_ID":15,"entityId":"162","entityType":"damStations","id":"162","name":"AĞCAŞAR","damName":"AĞCAŞAR","basinId":15,"occupancy":null,"status":"no_data","color":"#94a3b8","radius":8}},{"type":"Feature","id":"163","geometry":{"type":"Point","coordinates":[35.02842000000004,38.31823000000003]},"properties":{"OBJECTID":163,"BolgeNo":12,"Il":"KAYSERİ","HavzaAdi":"Kızılırmak","BarajAdi":"AKKÖY","ILKODU":38,"ILCEKODU":1727,"HAVZA_ID":15,"entityId":"163","entityType":"damStations","id":"163","name":"AKKÖY","damName":"AKKÖY","basinId":15,"occupancy":null,"status":"no_data","color":"#94a3b8","radius":8}},{"type":"Feature","id":"164","geometry":{"type":"Point","coordinates":[35.56657000000007,38.99144000000007]},"properties":{"OBJECTID":164,"BolgeNo":12,"Il":"KAYSERİ","HavzaAdi":"Kızılırmak","BarajAdi":"AKSAKLI-KARACALİ","ILKODU":38,"ILCEKODU":1863,"HAVZA_ID":15,"entityId":"164","entityType":"damStations","id":"164","name":"AKSAKLI-KARACALİ","damName":"AKSAKLI-KARACALİ","basinId":15,"occupancy":null,"status":"no_data","color":"#94a3b8","radius":8}},{"type":"Feature","id":"165","geometry":{"type":"Point","coordinates":[35.633380000000045,39.12273000000005]},"properties":{"OBJECTID":165,"BolgeNo":12,"Il":"KAYSERİ","HavzaAdi":"Kızılırmak","BarajAdi":"KAYAPINAR","ILKODU":38,"ILCEKODU":1330,"HAVZA_ID":15,"entityId":"165","entityType":"damStations","id":"165","name":"KAYAPINAR","damName":"KAYAPINAR","basinId":15,"occupancy":null,"status":"no_data","color":"#94a3b8","radius":8}},{"type":"Feature","id":"166","geometry":{"type":"Point","coordinates":[35.147710000000075,38.17034000000007]},"properties":{"OBJECTID":166,"BolgeNo":12,"Il":"KAYSERİ","HavzaAdi":"Kızılırmak","BarajAdi":"KOVALI","ILKODU":38,"ILCEKODU":1727,"HAVZA_ID":15,"entityId":"166","entityType":"damStations","id":"166","name":"KOVALI","damName":"KOVALI","basinId":15,"occupancy":null,"status":"no_data","color":"#94a3b8","radius":8}},{"type":"Feature","id":"167","geometry":{"type":"Point","coordinates":[35.73324000000008,38.889410000000055]},"properties":{"OBJECTID":167,"BolgeNo":12,"Il":"KAYSERİ","HavzaAdi":"Kızılırmak","BarajAdi":"SARIMSAKLI","ILKODU":38,"ILCEKODU":1864,"HAVZA_ID":15,"entityId":"167","entityType":"damStations","id":"167","name":"SARIMSAKLI","damName":"SARIMSAKLI","basinId":15,"occupancy":null,"status":"no_data","color":"#94a3b8","radius":8}},{"type":"Feature","id":"168","geometry":{"type":"Point","coordinates":[36.08744000000007,39.01609000000008]},"properties":{"OBJECTID":168,"BolgeNo":12,"Il":"KAYSERİ","HavzaAdi":"Kızılırmak","BarajAdi":"SARIOĞLAN","ILKODU":38,"ILCEKODU":1752,"HAVZA_ID":15,"entityId":"168","entityType":"damStations","id":"168","name":"SARIOĞLAN","damName":"SARIOĞLAN","basinId":15,"occupancy":null,"status":"no_data","color":"#94a3b8","radius":8}},{"type":"Feature","id":"169","geometry":{"type":"Point","coordinates":[35.270980000000066,38.90469000000007]},"properties":{"OBJECTID":169,"BolgeNo":12,"Il":"KAYSERİ","HavzaAdi":"Kızılırmak","BarajAdi":"YAMULA","ILKODU":38,"ILCEKODU":1863,"HAVZA_ID":15,"entityId":"169","entityType":"damStations","id":"169","name":"YAMULA","damName":"YAMULA","basinId":15,"occupancy":null,"status":"no_data","color":"#94a3b8","radius":8}},{"type":"Feature","id":"170","geometry":{"type":"Point","coordinates":[36.29083000000003,38.676390000000026]},"properties":{"OBJECTID":170,"BolgeNo":12,"Il":"KAYSERİ","HavzaAdi":"Seyhan","BarajAdi":"BAHÇELİK","ILKODU":38,"ILCEKODU":1576,"HAVZA_ID":18,"entityId":"170","entityType":"damStations","id":"170","name":"BAHÇELİK","damName":"BAHÇELİK","basinId":18,"occupancy":null,"status":"no_data","color":"#94a3b8","radius":8}},{"type":"Feature","id":"171","geometry":{"type":"Point","coordinates":[35.62442000000004,38.25815000000006]},"properties":{"OBJECTID":171,"BolgeNo":12,"Il":"KAYSERİ","HavzaAdi":"Seyhan","BarajAdi":"GÜMÜŞÖREN","ILKODU":38,"ILCEKODU":1275,"HAVZA_ID":18,"entityId":"171","entityType":"damStations","id":"171","name":"GÜMÜŞÖREN","damName":"GÜMÜŞÖREN","basinId":18,"occupancy":null,"status":"no_data","color":"#94a3b8","radius":8}},{"type":"Feature","id":"172","geometry":{"type":"Point","coordinates":[34.11892000000006,39.32436000000007]},"properties":{"OBJECTID":172,"BolgeNo":12,"Il":"KIRŞEHİR","HavzaAdi":"Kızılırmak","BarajAdi":"ÇOĞUN","ILKODU":40,"ILCEKODU":1472,"HAVZA_ID":15,"entityId":"172","entityType":"damStations","id":"172","name":"ÇOĞUN","damName":"ÇOĞUN","basinId":15,"occupancy":null,"status":"no_data","color":"#94a3b8","radius":8}},{"type":"Feature","id":"173","geometry":{"type":"Point","coordinates":[33.910960000000046,39.558980000000076]},"properties":{"OBJECTID":173,"BolgeNo":12,"Il":"KIRŞEHİR","HavzaAdi":"Kızılırmak","BarajAdi":"KARAOVA","ILKODU":40,"ILCEKODU":1754,"HAVZA_ID":15,"entityId":"173","entityType":"damStations","id":"173","name":"KARAOVA","damName":"KARAOVA","basinId":15,"occupancy":null,"status":"no_data","color":"#94a3b8","radius":8}},{"type":"Feature","id":"174","geometry":{"type":"Point","coordinates":[33.90876000000003,39.14128000000005]},"properties":{"OBJECTID":174,"BolgeNo":12,"Il":"KIRŞEHİR","HavzaAdi":"Kızılırmak","BarajAdi":"SIDDIKLI","ILKODU":40,"ILCEKODU":1472,"HAVZA_ID":15,"entityId":"174","entityType":"damStations","id":"174","name":"SIDDIKLI","damName":"SIDDIKLI","basinId":15,"occupancy":null,"status":"no_data","color":"#94a3b8","radius":8}},{"type":"Feature","id":"175","geometry":{"type":"Point","coordinates":[34.72126000000003,38.81330000000003]},"properties":{"OBJECTID":175,"BolgeNo":12,"Il":"NEVŞEHİR","HavzaAdi":"Kızılırmak","BarajAdi":"AYHANLAR","ILKODU":50,"ILCEKODU":1367,"HAVZA_ID":15,"entityId":"175","entityType":"damStations","id":"175","name":"AYHANLAR","damName":"AYHANLAR","basinId":15,"occupancy":null,"status":"no_data","color":"#94a3b8","radius":8}},{"type":"Feature","id":"176","geometry":{"type":"Point","coordinates":[34.96735000000007,38.766000000000076]},"properties":{"OBJECTID":176,"BolgeNo":12,"Il":"NEVŞEHİR","HavzaAdi":"Kızılırmak","BarajAdi":"BAYRAMHACILI HES","ILKODU":50,"ILCEKODU":1155,"HAVZA_ID":15,"entityId":"176","entityType":"damStations","id":"176","name":"BAYRAMHACILI HES","damName":"BAYRAMHACILI HES","basinId":15,"occupancy":null,"status":"no_data","color":"#94a3b8","radius":8}},{"type":"Feature","id":"177","geometry":{"type":"Point","coordinates":[34.922870000000046,38.55433000000005]},"properties":{"OBJECTID":177,"BolgeNo":12,"Il":"NEVŞEHİR","HavzaAdi":"Kızılırmak","BarajAdi":"DAMSA","ILKODU":50,"ILCEKODU":1707,"HAVZA_ID":15,"entityId":"177","entityType":"damStations","id":"177","name":"DAMSA","damName":"DAMSA","basinId":15,"occupancy":null,"status":"no_data","color":"#94a3b8","radius":8}},{"type":"Feature","id":"178","geometry":{"type":"Point","coordinates":[34.73879000000005,39.20288000000005]},"properties":{"OBJECTID":178,"BolgeNo":12,"Il":"NEVŞEHİR","HavzaAdi":"Kızılırmak","BarajAdi":"DOYDUK","ILKODU":50,"ILCEKODU":1485,"HAVZA_ID":15,"entityId":"178","entityType":"damStations","id":"178","name":"DOYDUK","damName":"DOYDUK","basinId":15,"occupancy":null,"status":"no_data","color":"#94a3b8","radius":8}},{"type":"Feature","id":"179","geometry":{"type":"Point","coordinates":[34.339800000000025,38.68241000000006]},"properties":{"OBJECTID":179,"BolgeNo":12,"Il":"NEVŞEHİR","HavzaAdi":"Kızılırmak","BarajAdi":"YALINTAŞ","ILKODU":50,"ILCEKODU":1367,"HAVZA_ID":15,"entityId":"179","entityType":"damStations","id":"179","name":"YALINTAŞ","damName":"YALINTAŞ","basinId":15,"occupancy":null,"status":"no_data","color":"#94a3b8","radius":8}},{"type":"Feature","id":"180","geometry":{"type":"Point","coordinates":[35.05720000000008,39.107800000000054]},"properties":{"OBJECTID":180,"BolgeNo":12,"Il":"YOZGAT","HavzaAdi":"Kızılırmak","BarajAdi":"FEHİMLİ","ILKODU":66,"ILCEKODU":1998,"HAVZA_ID":15,"entityId":"180","entityType":"damStations","id":"180","name":"FEHİMLİ","damName":"FEHİMLİ","basinId":15,"occupancy":null,"status":"no_data","color":"#94a3b8","radius":8}},{"type":"Feature","id":"181","geometry":{"type":"Point","coordinates":[35.04334000000006,39.60942000000006]},"properties":{"OBJECTID":181,"BolgeNo":12,"Il":"YOZGAT","HavzaAdi":"Kızılırmak","BarajAdi":"GELİNGÜLLÜ","ILKODU":66,"ILCEKODU":1733,"HAVZA_ID":15,"entityId":"181","entityType":"damStations","id":"181","name":"GELİNGÜLLÜ","damName":"GELİNGÜLLÜ","basinId":15,"occupancy":null,"status":"no_data","color":"#94a3b8","radius":8}},{"type":"Feature","id":"182","geometry":{"type":"Point","coordinates":[34.905940000000044,39.366850000000056]},"properties":{"OBJECTID":182,"BolgeNo":12,"Il":"YOZGAT","HavzaAdi":"Kızılırmak","BarajAdi":"KUZAYCA","ILKODU":66,"ILCEKODU":1998,"HAVZA_ID":15,"entityId":"182","entityType":"damStations","id":"182","name":"KUZAYCA","damName":"KUZAYCA","basinId":15,"occupancy":null,"status":"no_data","color":"#94a3b8","radius":8}},{"type":"Feature","id":"183","geometry":{"type":"Point","coordinates":[28.66384000000005,39.897800000000075]},"properties":{"OBJECTID":183,"BolgeNo":12,"Il":"YOZGAT","HavzaAdi":"Kızılırmak","BarajAdi":"MUSABEYLİ ","ILKODU":16,"ILCEKODU":1535,"HAVZA_ID":3,"entityId":"183","entityType":"damStations","id":"183","name":"MUSABEYLİ ","damName":"MUSABEYLİ ","basinId":3,"occupancy":null,"status":"no_data","color":"#94a3b8","radius":8}},{"type":"Feature","id":"184","geometry":{"type":"Point","coordinates":[35.41796000000005,39.255570000000034]},"properties":{"OBJECTID":184,"BolgeNo":12,"Il":"YOZGAT","HavzaAdi":"Kızılırmak","BarajAdi":"UZUNLU","ILKODU":66,"ILCEKODU":1198,"HAVZA_ID":15,"entityId":"184","entityType":"damStations","id":"184","name":"UZUNLU","damName":"UZUNLU","basinId":15,"occupancy":null,"status":"no_data","color":"#94a3b8","radius":8}},{"type":"Feature","id":"185","geometry":{"type":"Point","coordinates":[35.718480000000056,39.50464000000005]},"properties":{"OBJECTID":185,"BolgeNo":12,"Il":"YOZGAT","HavzaAdi":"Kızılırmak","BarajAdi":"YAHYASARAY","ILKODU":66,"ILCEKODU":1242,"HAVZA_ID":15,"entityId":"185","entityType":"damStations","id":"185","name":"YAHYASARAY","damName":"YAHYASARAY","basinId":15,"occupancy":null,"status":"no_data","color":"#94a3b8","radius":8}},{"type":"Feature","id":"186","geometry":{"type":"Point","coordinates":[]},"properties":{"OBJECTID":186,"BolgeNo":13,"Il":"ANTALYA","HavzaAdi":"Antalya","BarajAdi":"DİM","ILKODU":7,"ILCEKODU":null,"HAVZA_ID":9,"entityId":"186","entityType":"damStations","id":"186","name":"DİM","damName":"DİM","basinId":9,"occupancy":null,"status":"no_data","color":"#94a3b8","radius":8}},{"type":"Feature","id":"187","geometry":{"type":"Point","coordinates":[30.79630000000003,37.26420000000007]},"properties":{"OBJECTID":187,"BolgeNo":13,"Il":"ANTALYA","HavzaAdi":"Antalya","BarajAdi":"KARACAÖREN II","ILKODU":15,"ILCEKODU":1211,"HAVZA_ID":9,"entityId":"187","entityType":"damStations","id":"187","name":"KARACAÖREN II","damName":"KARACAÖREN II","basinId":9,"occupancy":null,"status":"no_data","color":"#94a3b8","radius":8}},{"type":"Feature","id":"188","geometry":{"type":"Point","coordinates":[]},"properties":{"OBJECTID":188,"BolgeNo":13,"Il":"ANTALYA","HavzaAdi":"Antalya","BarajAdi":"KORKUTELİ","ILKODU":7,"ILCEKODU":null,"HAVZA_ID":9,"entityId":"188","entityType":"damStations","id":"188","name":"KORKUTELİ","damName":"KORKUTELİ","basinId":9,"occupancy":null,"status":"no_data","color":"#94a3b8","radius":8}},{"type":"Feature","id":"189","geometry":{"type":"Point","coordinates":[31.515930000000026,36.83689000000004]},"properties":{"OBJECTID":189,"BolgeNo":13,"Il":"ANTALYA","HavzaAdi":"Antalya","BarajAdi":"MANAVGAT","ILKODU":7,"ILCEKODU":1512,"HAVZA_ID":9,"entityId":"189","entityType":"damStations","id":"189","name":"MANAVGAT","damName":"MANAVGAT","basinId":9,"occupancy":null,"status":"no_data","color":"#94a3b8","radius":8}},{"type":"Feature","id":"190","geometry":{"type":"Point","coordinates":[]},"properties":{"OBJECTID":190,"BolgeNo":13,"Il":"ANTALYA","HavzaAdi":"Antalya","BarajAdi":"NARAS","ILKODU":7,"ILCEKODU":null,"HAVZA_ID":9,"entityId":"190","entityType":"damStations","id":"190","name":"NARAS","damName":"NARAS","basinId":9,"occupancy":null,"status":"no_data","color":"#94a3b8","radius":8}},{"type":"Feature","id":"191","geometry":{"type":"Point","coordinates":[31.532300000000077,36.908600000000035]},"properties":{"OBJECTID":191,"BolgeNo":13,"Il":"ANTALYA","HavzaAdi":"Antalya","BarajAdi":"OYMAPINAR","ILKODU":7,"ILCEKODU":1512,"HAVZA_ID":9,"entityId":"191","entityType":"damStations","id":"191","name":"OYMAPINAR","damName":"OYMAPINAR","basinId":9,"occupancy":null,"status":"no_data","color":"#94a3b8","radius":8}},{"type":"Feature","id":"192","geometry":{"type":"Point","coordinates":[]},"properties":{"OBJECTID":192,"BolgeNo":13,"Il":"ANTALYA","HavzaAdi":"Batı Akdeniz","BarajAdi":"ALAKIR","ILKODU":7,"ILCEKODU":null,"HAVZA_ID":13,"entityId":"192","entityType":"damStations","id":"192","name":"ALAKIR","damName":"ALAKIR","basinId":13,"occupancy":null,"status":"no_data","color":"#94a3b8","radius":8}},{"type":"Feature","id":"193","geometry":{"type":"Point","coordinates":[]},"properties":{"OBJECTID":193,"BolgeNo":13,"Il":"ANTALYA","HavzaAdi":"Batı Akdeniz","BarajAdi":"ÇAYBOĞAZI","ILKODU":7,"ILCEKODU":null,"HAVZA_ID":13,"entityId":"193","entityType":"damStations","id":"193","name":"ÇAYBOĞAZI","damName":"ÇAYBOĞAZI","basinId":13,"occupancy":null,"status":"no_data","color":"#94a3b8","radius":8}},{"type":"Feature","id":"194","geometry":{"type":"Point","coordinates":[]},"properties":{"OBJECTID":194,"BolgeNo":13,"Il":"ANTALYA","HavzaAdi":"Doğu Akdeniz","BarajAdi":"GÖKÇELER","ILKODU":7,"ILCEKODU":null,"HAVZA_ID":17,"entityId":"194","entityType":"damStations","id":"194","name":"GÖKÇELER","damName":"GÖKÇELER","basinId":17,"occupancy":null,"status":"no_data","color":"#94a3b8","radius":8}},{"type":"Feature","id":"195","geometry":{"type":"Point","coordinates":[]},"properties":{"OBJECTID":195,"BolgeNo":13,"Il":"ANTALYA","HavzaAdi":"Doğu Akdeniz","BarajAdi":"YALNIZARDIÇ","ILKODU":7,"ILCEKODU":null,"HAVZA_ID":17,"entityId":"195","entityType":"damStations","id":"195","name":"YALNIZARDIÇ","damName":"YALNIZARDIÇ","basinId":17,"occupancy":null,"status":"no_data","color":"#94a3b8","radius":8}},{"type":"Feature","id":"196","geometry":{"type":"Point","coordinates":[28.92050000000006,41.10120000000006]},"properties":{"OBJECTID":196,"BolgeNo":14,"Il":"İSTANBUL","HavzaAdi":"Marmara","BarajAdi":"ALİBEY","ILKODU":34,"ILCEKODU":2055,"HAVZA_ID":2,"entityId":"196","entityType":"damStations","id":"196","name":"ALİBEY","damName":"ALİBEY","basinId":2,"occupancy":null,"status":"no_data","color":"#94a3b8","radius":8}},{"type":"Feature","id":"197","geometry":{"type":"Point","coordinates":[28.570200000000057,41.025100000000066]},"properties":{"OBJECTID":197,"BolgeNo":14,"Il":"İSTANBUL","HavzaAdi":"Marmara","BarajAdi":"BÜYÜKÇEKMECE","ILKODU":34,"ILCEKODU":1782,"HAVZA_ID":2,"entityId":"197","entityType":"damStations","id":"197","name":"BÜYÜKÇEKMECE","damName":"BÜYÜKÇEKMECE","basinId":2,"occupancy":null,"status":"no_data","color":"#94a3b8","radius":8}},{"type":"Feature","id":"198","geometry":{"type":"Point","coordinates":[28.200100000000077,41.52230000000003]},"properties":{"OBJECTID":198,"BolgeNo":14,"Il":"İSTANBUL","HavzaAdi":"Marmara","BarajAdi":"BÜYÜKDERE","ILKODU":34,"ILCEKODU":1237,"HAVZA_ID":2,"entityId":"198","entityType":"damStations","id":"198","name":"BÜYÜKDERE","damName":"BÜYÜKDERE","basinId":2,"occupancy":null,"status":"no_data","color":"#94a3b8","radius":8}},{"type":"Feature","id":"199","geometry":{"type":"Point","coordinates":[29.568200000000047,41.11540000000008]},"properties":{"OBJECTID":199,"BolgeNo":14,"Il":"İSTANBUL","HavzaAdi":"Marmara","BarajAdi":"DARLIK","ILKODU":34,"ILCEKODU":1659,"HAVZA_ID":2,"entityId":"199","entityType":"damStations","id":"199","name":"DARLIK","damName":"DARLIK","basinId":2,"occupancy":null,"status":"no_data","color":"#94a3b8","radius":8}},{"type":"Feature","id":"200","geometry":{"type":"Point","coordinates":[28.291900000000055,41.469610000000046]},"properties":{"OBJECTID":200,"BolgeNo":14,"Il":"İSTANBUL","HavzaAdi":"Marmara","BarajAdi":"DÜZDERE","ILKODU":34,"ILCEKODU":1237,"HAVZA_ID":2,"entityId":"200","entityType":"damStations","id":"200","name":"DÜZDERE","damName":"DÜZDERE","basinId":2,"occupancy":null,"status":"no_data","color":"#94a3b8","radius":8}},{"type":"Feature","id":"201","geometry":{"type":"Point","coordinates":[29.116900000000044,41.07652000000007]},"properties":{"OBJECTID":201,"BolgeNo":14,"Il":"İSTANBUL","HavzaAdi":"Marmara","BarajAdi":"ELMALI II","ILKODU":34,"ILCEKODU":1185,"HAVZA_ID":2,"entityId":"201","entityType":"damStations","id":"201","name":"ELMALI II","damName":"ELMALI II","basinId":2,"occupancy":null,"status":"no_data","color":"#94a3b8","radius":8}},{"type":"Feature","id":"202","geometry":{"type":"Point","coordinates":[28.138480000000072,41.58125000000007]},"properties":{"OBJECTID":202,"BolgeNo":14,"Il":"İSTANBUL","HavzaAdi":"Marmara","BarajAdi":"ELMALIDERE","ILKODU":34,"ILCEKODU":1237,"HAVZA_ID":2,"entityId":"202","entityType":"damStations","id":"202","name":"ELMALIDERE","damName":"ELMALIDERE","basinId":2,"occupancy":null,"status":"no_data","color":"#94a3b8","radius":8}},{"type":"Feature","id":"203","geometry":{"type":"Point","coordinates":[28.073510000000056,41.61621000000008]},"properties":{"OBJECTID":203,"BolgeNo":14,"Il":"İSTANBUL","HavzaAdi":"Marmara","BarajAdi":"KAZANDERE","ILKODU":39,"ILCEKODU":1714,"HAVZA_ID":2,"entityId":"203","entityType":"damStations","id":"203","name":"KAZANDERE","damName":"KAZANDERE","basinId":2,"occupancy":null,"status":"no_data","color":"#94a3b8","radius":8}},{"type":"Feature","id":"204","geometry":{"type":"Point","coordinates":[28.262700000000052,41.486410000000035]},"properties":{"OBJECTID":204,"BolgeNo":14,"Il":"İSTANBUL","HavzaAdi":"Marmara","BarajAdi":"KUZULUDERE","ILKODU":34,"ILCEKODU":1237,"HAVZA_ID":2,"entityId":"204","entityType":"damStations","id":"204","name":"KUZULUDERE","damName":"KUZULUDERE","basinId":2,"occupancy":null,"status":"no_data","color":"#94a3b8","radius":8}},{"type":"Feature","id":"205","geometry":{"type":"Point","coordinates":[29.358010000000036,41.06062000000003]},"properties":{"OBJECTID":205,"BolgeNo":14,"Il":"İSTANBUL","HavzaAdi":"Marmara","BarajAdi":"ÖMERLİ","ILKODU":34,"ILCEKODU":2052,"HAVZA_ID":2,"entityId":"205","entityType":"damStations","id":"205","name":"ÖMERLİ","damName":"ÖMERLİ","basinId":2,"occupancy":null,"status":"no_data","color":"#94a3b8","radius":8}},{"type":"Feature","id":"206","geometry":{"type":"Point","coordinates":[28.062520000000063,41.64009000000004]},"properties":{"OBJECTID":206,"BolgeNo":14,"Il":"İSTANBUL","HavzaAdi":"Marmara","BarajAdi":"PABUÇDERE","ILKODU":39,"ILCEKODU":1714,"HAVZA_ID":2,"entityId":"206","entityType":"damStations","id":"206","name":"PABUÇDERE","damName":"PABUÇDERE","basinId":2,"occupancy":null,"status":"no_data","color":"#94a3b8","radius":8}},{"type":"Feature","id":"207","geometry":{"type":"Point","coordinates":[28.718410000000063,41.10591000000005]},"properties":{"OBJECTID":207,"BolgeNo":14,"Il":"İSTANBUL","HavzaAdi":"Marmara","BarajAdi":"SAZLIDERE","ILKODU":34,"ILCEKODU":2050,"HAVZA_ID":2,"entityId":"207","entityType":"damStations","id":"207","name":"SAZLIDERE","damName":"SAZLIDERE","basinId":2,"occupancy":null,"status":"no_data","color":"#94a3b8","radius":8}},{"type":"Feature","id":"208","geometry":{"type":"Point","coordinates":[28.098700000000065,41.586700000000064]},"properties":{"OBJECTID":208,"BolgeNo":14,"Il":"İSTANBUL","HavzaAdi":"Marmara","BarajAdi":"SULTANBAHÇEDERE","ILKODU":39,"ILCEKODU":1714,"HAVZA_ID":2,"entityId":"208","entityType":"damStations","id":"208","name":"SULTANBAHÇEDERE","damName":"SULTANBAHÇEDERE","basinId":2,"occupancy":null,"status":"no_data","color":"#94a3b8","radius":8}},{"type":"Feature","id":"209","geometry":{"type":"Point","coordinates":[28.618000000000052,41.33641000000006]},"properties":{"OBJECTID":209,"BolgeNo":14,"Il":"İSTANBUL","HavzaAdi":"Marmara","BarajAdi":"TERKOS ( DURUSU )","ILKODU":34,"ILCEKODU":2048,"HAVZA_ID":2,"entityId":"209","entityType":"damStations","id":"209","name":"TERKOS ( DURUSU )","damName":"TERKOS ( DURUSU )","basinId":2,"occupancy":null,"status":"no_data","color":"#94a3b8","radius":8}},{"type":"Feature","id":"210","geometry":{"type":"Point","coordinates":[43.32940000000008,39.121980000000065]},"properties":{"OBJECTID":210,"BolgeNo":17,"Il":"VAN","HavzaAdi":"Van Gölü","BarajAdi":"KOÇKÖPRÜ","ILKODU":65,"ILCEKODU":1309,"HAVZA_ID":25,"entityId":"210","entityType":"damStations","id":"210","name":"KOÇKÖPRÜ","damName":"KOÇKÖPRÜ","basinId":25,"occupancy":null,"status":"no_data","color":"#94a3b8","radius":8}},{"type":"Feature","id":"211","geometry":{"type":"Point","coordinates":[43.636630000000025,39.16211000000004]},"properties":{"OBJECTID":211,"BolgeNo":17,"Il":"VAN","HavzaAdi":"Van Gölü","BarajAdi":"MORGEDİK","ILKODU":65,"ILCEKODU":1309,"HAVZA_ID":25,"entityId":"211","entityType":"damStations","id":"211","name":"MORGEDİK","damName":"MORGEDİK","basinId":25,"occupancy":null,"status":"no_data","color":"#94a3b8","radius":8}},{"type":"Feature","id":"212","geometry":{"type":"Point","coordinates":[43.74338000000006,38.79301000000004]},"properties":{"OBJECTID":212,"BolgeNo":17,"Il":"VAN","HavzaAdi":"Van Gölü","BarajAdi":"SARIMEHMET","ILKODU":65,"ILCEKODU":1533,"HAVZA_ID":25,"entityId":"212","entityType":"damStations","id":"212","name":"SARIMEHMET","damName":"SARIMEHMET","basinId":25,"occupancy":null,"status":"no_data","color":"#94a3b8","radius":8}},{"type":"Feature","id":"213","geometry":{"type":"Point","coordinates":[43.65705000000003,38.35548000000006]},"properties":{"OBJECTID":213,"BolgeNo":17,"Il":"VAN","HavzaAdi":"Van Gölü","BarajAdi":"ZERNEK","ILKODU":65,"ILCEKODU":1372,"HAVZA_ID":25,"entityId":"213","entityType":"damStations","id":"213","name":"ZERNEK","damName":"ZERNEK","basinId":25,"occupancy":null,"status":"no_data","color":"#94a3b8","radius":8}},{"type":"Feature","id":"214","geometry":{"type":"Point","coordinates":[30.215460000000064,38.81795000000005]},"properties":{"OBJECTID":214,"BolgeNo":18,"Il":"AFYON","HavzaAdi":"Akarçay","BarajAdi":"AKDEĞİRMEN","ILKODU":3,"ILCEKODU":1626,"HAVZA_ID":11,"entityId":"214","entityType":"damStations","id":"214","name":"AKDEĞİRMEN","damName":"AKDEĞİRMEN","basinId":11,"occupancy":null,"status":"no_data","color":"#94a3b8","radius":8}},{"type":"Feature","id":"215","geometry":{"type":"Point","coordinates":[]},"properties":{"OBJECTID":215,"BolgeNo":18,"Il":"AFYON","HavzaAdi":"Akarçay","BarajAdi":"ÇAY","ILKODU":3,"ILCEKODU":null,"HAVZA_ID":11,"entityId":"215","entityType":"damStations","id":"215","name":"ÇAY","damName":"ÇAY","basinId":11,"occupancy":null,"status":"no_data","color":"#94a3b8","radius":8}},{"type":"Feature","id":"216","geometry":{"type":"Point","coordinates":[30.718200000000024,38.51251000000008]},"properties":{"OBJECTID":216,"BolgeNo":18,"Il":"AFYON","HavzaAdi":"Akarçay","BarajAdi":"SELEVİR","ILKODU":3,"ILCEKODU":1664,"HAVZA_ID":11,"entityId":"216","entityType":"damStations","id":"216","name":"SELEVİR","damName":"SELEVİR","basinId":11,"occupancy":null,"status":"no_data","color":"#94a3b8","radius":8}},{"type":"Feature","id":"217","geometry":{"type":"Point","coordinates":[30.788140000000055,38.786460000000034]},"properties":{"OBJECTID":217,"BolgeNo":18,"Il":"AFYON","HavzaAdi":"Akarçay","BarajAdi":"SEYİTLER","ILKODU":3,"ILCEKODU":1108,"HAVZA_ID":11,"entityId":"217","entityType":"damStations","id":"217","name":"SEYİTLER","damName":"SEYİTLER","basinId":11,"occupancy":null,"status":"no_data","color":"#94a3b8","radius":8}},{"type":"Feature","id":"218","geometry":{"type":"Point","coordinates":[30.222720000000038,38.61329000000006]},"properties":{"OBJECTID":218,"BolgeNo":18,"Il":"AFYON","HavzaAdi":"Büyük Menderes","BarajAdi":"ÖRENLER","ILKODU":3,"ILCEKODU":1594,"HAVZA_ID":7,"entityId":"218","entityType":"damStations","id":"218","name":"ÖRENLER","damName":"ÖRENLER","basinId":7,"occupancy":null,"status":"no_data","color":"#94a3b8","radius":8}},{"type":"Feature","id":"219","geometry":{"type":"Point","coordinates":[30.374140000000068,38.64768000000004]},"properties":{"OBJECTID":219,"BolgeNo":18,"Il":"AFYON","HavzaAdi":"Büyük Menderes","BarajAdi":"SERBAN","ILKODU":3,"ILCEKODU":1626,"HAVZA_ID":7,"entityId":"219","entityType":"damStations","id":"219","name":"SERBAN","damName":"SERBAN","basinId":7,"occupancy":null,"status":"no_data","color":"#94a3b8","radius":8}},{"type":"Feature","id":"220","geometry":{"type":"Point","coordinates":[30.82893000000007,37.36964000000006]},"properties":{"OBJECTID":220,"BolgeNo":18,"Il":"BURDUR","HavzaAdi":"Antalya","BarajAdi":"KARACAÖREN I","ILKODU":15,"ILCEKODU":1211,"HAVZA_ID":9,"entityId":"220","entityType":"damStations","id":"220","name":"KARACAÖREN I","damName":"KARACAÖREN I","basinId":9,"occupancy":null,"status":"no_data","color":"#94a3b8","radius":8}},{"type":"Feature","id":"221","geometry":{"type":"Point","coordinates":[30.569270000000074,37.49126000000007]},"properties":{"OBJECTID":221,"BolgeNo":18,"Il":"BURDUR","HavzaAdi":"Antalya","BarajAdi":"ONAÇ II","ILKODU":15,"ILCEKODU":1211,"HAVZA_ID":9,"entityId":"221","entityType":"damStations","id":"221","name":"ONAÇ II","damName":"ONAÇ II","basinId":9,"occupancy":null,"status":"no_data","color":"#94a3b8","radius":8}},{"type":"Feature","id":"222","geometry":{"type":"Point","coordinates":[29.601540000000057,37.283810000000074]},"properties":{"OBJECTID":222,"BolgeNo":18,"Il":"BURDUR","HavzaAdi":"Batı Akdeniz","BarajAdi":"BELKAYA","ILKODU":15,"ILCEKODU":1672,"HAVZA_ID":8,"entityId":"222","entityType":"damStations","id":"222","name":"BELKAYA","damName":"BELKAYA","basinId":8,"occupancy":null,"status":"no_data","color":"#94a3b8","radius":8}},{"type":"Feature","id":"223","geometry":{"type":"Point","coordinates":[29.729260000000068,37.07227000000006]},"properties":{"OBJECTID":223,"BolgeNo":18,"Il":"BURDUR","HavzaAdi":"Batı Akdeniz","BarajAdi":"ÇAVDIR","ILKODU":15,"ILCEKODU":1899,"HAVZA_ID":8,"entityId":"223","entityType":"damStations","id":"223","name":"ÇAVDIR","damName":"ÇAVDIR","basinId":8,"occupancy":null,"status":"no_data","color":"#94a3b8","radius":8}},{"type":"Feature","id":"224","geometry":{"type":"Point","coordinates":[29.453490000000045,37.02959000000004]},"properties":{"OBJECTID":224,"BolgeNo":18,"Il":"BURDUR","HavzaAdi":"Batı Akdeniz","BarajAdi":"YAPRAKLI","ILKODU":15,"ILCEKODU":1357,"HAVZA_ID":8,"entityId":"224","entityType":"damStations","id":"224","name":"YAPRAKLI","damName":"YAPRAKLI","basinId":8,"occupancy":null,"status":"no_data","color":"#94a3b8","radius":8}},{"type":"Feature","id":"225","geometry":{"type":"Point","coordinates":[29.910190000000057,37.433700000000044]},"properties":{"OBJECTID":225,"BolgeNo":18,"Il":"BURDUR","HavzaAdi":"Burdur Göller","BarajAdi":"BADEMLİ","ILKODU":15,"ILCEKODU":1813,"HAVZA_ID":10,"entityId":"225","entityType":"damStations","id":"225","name":"BADEMLİ","damName":"BADEMLİ","basinId":10,"occupancy":null,"status":"no_data","color":"#94a3b8","radius":8}},{"type":"Feature","id":"226","geometry":{"type":"Point","coordinates":[30.083380000000034,37.55967000000004]},"properties":{"OBJECTID":226,"BolgeNo":18,"Il":"BURDUR","HavzaAdi":"Burdur Göller","BarajAdi":"KARAÇAL ALİ KILCI","ILKODU":15,"ILCEKODU":1215,"HAVZA_ID":10,"entityId":"226","entityType":"damStations","id":"226","name":"KARAÇAL ALİ KILCI","damName":"KARAÇAL ALİ KILCI","basinId":10,"occupancy":null,"status":"no_data","color":"#94a3b8","radius":8}},{"type":"Feature","id":"227","geometry":{"type":"Point","coordinates":[29.83645000000007,37.395440000000065]},"properties":{"OBJECTID":227,"BolgeNo":18,"Il":"BURDUR","HavzaAdi":"Burdur Göller","BarajAdi":"KARAMANLI","ILKODU":15,"ILCEKODU":1813,"HAVZA_ID":10,"entityId":"227","entityType":"damStations","id":"227","name":"KARAMANLI","damName":"KARAMANLI","basinId":10,"occupancy":null,"status":"no_data","color":"#94a3b8","radius":8}},{"type":"Feature","id":"228","geometry":{"type":"Point","coordinates":[30.601110000000062,37.74482000000006]},"properties":{"OBJECTID":228,"BolgeNo":18,"Il":"ISPARTA","HavzaAdi":"Antalya","BarajAdi":"DARIDERESİ","ILKODU":32,"ILCEKODU":1401,"HAVZA_ID":9,"entityId":"228","entityType":"damStations","id":"228","name":"DARIDERESİ","damName":"DARIDERESİ","basinId":9,"occupancy":null,"status":"no_data","color":"#94a3b8","radius":8}},{"type":"Feature","id":"229","geometry":{"type":"Point","coordinates":[]},"properties":{"OBJECTID":229,"BolgeNo":18,"Il":"ISPARTA","HavzaAdi":"Antalya","BarajAdi":"SORGUN","ILKODU":32,"ILCEKODU":null,"HAVZA_ID":9,"entityId":"229","entityType":"damStations","id":"229","name":"SORGUN","damName":"SORGUN","basinId":9,"occupancy":null,"status":"no_data","color":"#94a3b8","radius":8}},{"type":"Feature","id":"230","geometry":{"type":"Point","coordinates":[30.414600000000064,38.05867000000006]},"properties":{"OBJECTID":230,"BolgeNo":18,"Il":"ISPARTA","HavzaAdi":"Antalya","BarajAdi":"ULUBORLU","ILKODU":32,"ILCEKODU":1699,"HAVZA_ID":9,"entityId":"230","entityType":"damStations","id":"230","name":"ULUBORLU","damName":"ULUBORLU","basinId":9,"occupancy":null,"status":"no_data","color":"#94a3b8","radius":8}},{"type":"Feature","id":"231","geometry":{"type":"Point","coordinates":[31.140190000000075,38.369470000000035]},"properties":{"OBJECTID":231,"BolgeNo":18,"Il":"ISPARTA","HavzaAdi":"Antalya","BarajAdi":"YALVAÇ","ILKODU":32,"ILCEKODU":1717,"HAVZA_ID":9,"entityId":"231","entityType":"damStations","id":"231","name":"YALVAÇ","damName":"YALVAÇ","basinId":9,"occupancy":null,"status":"no_data","color":"#94a3b8","radius":8}},{"type":"Feature","id":"232","geometry":{"type":"Point","coordinates":[37.061390000000074,39.83361000000008]},"properties":{"OBJECTID":232,"BolgeNo":19,"Il":"SİVAS","HavzaAdi":"Kızılırmak","BarajAdi":"4 EYLÜL ","ILKODU":58,"ILCEKODU":1628,"HAVZA_ID":15,"entityId":"232","entityType":"damStations","id":"232","name":"4 EYLÜL ","damName":"4 EYLÜL ","basinId":15,"occupancy":null,"status":"no_data","color":"#94a3b8","radius":8}},{"type":"Feature","id":"233","geometry":{"type":"Point","coordinates":[36.378480000000025,39.29711000000003]},"properties":{"OBJECTID":233,"BolgeNo":19,"Il":"SİVAS","HavzaAdi":"Kızılırmak","BarajAdi":"ÇERMİKLER","ILKODU":58,"ILCEKODU":1650,"HAVZA_ID":15,"entityId":"233","entityType":"damStations","id":"233","name":"ÇERMİKLER","damName":"ÇERMİKLER","basinId":15,"occupancy":null,"status":"no_data","color":"#94a3b8","radius":8}},{"type":"Feature","id":"234","geometry":{"type":"Point","coordinates":[36.66504000000003,39.330820000000074]},"properties":{"OBJECTID":234,"BolgeNo":19,"Il":"SİVAS","HavzaAdi":"Kızılırmak","BarajAdi":"GAZİBEY","ILKODU":58,"ILCEKODU":1875,"HAVZA_ID":15,"entityId":"234","entityType":"damStations","id":"234","name":"GAZİBEY","damName":"GAZİBEY","basinId":15,"occupancy":null,"status":"no_data","color":"#94a3b8","radius":8}},{"type":"Feature","id":"235","geometry":{"type":"Point","coordinates":[36.90417000000008,40.15250000000003]},"properties":{"OBJECTID":235,"BolgeNo":19,"Il":"SİVAS","HavzaAdi":"Kızılırmak","BarajAdi":"GÜNEYKAYA","ILKODU":58,"ILCEKODU":1731,"HAVZA_ID":15,"entityId":"235","entityType":"damStations","id":"235","name":"GÜNEYKAYA","damName":"GÜNEYKAYA","basinId":15,"occupancy":null,"status":"no_data","color":"#94a3b8","radius":8}},{"type":"Feature","id":"236","geometry":{"type":"Point","coordinates":[38.16778000000005,39.88000000000005]},"properties":{"OBJECTID":236,"BolgeNo":19,"Il":"SİVAS","HavzaAdi":"Kızılırmak","BarajAdi":"İMRANLI","ILKODU":58,"ILCEKODU":1407,"HAVZA_ID":15,"entityId":"236","entityType":"damStations","id":"236","name":"İMRANLI","damName":"İMRANLI","basinId":15,"occupancy":null,"status":"no_data","color":"#94a3b8","radius":8}},{"type":"Feature","id":"237","geometry":{"type":"Point","coordinates":[36.49694000000005,39.27417000000003]},"properties":{"OBJECTID":237,"BolgeNo":19,"Il":"SİVAS","HavzaAdi":"Kızılırmak","BarajAdi":"KANAK","ILKODU":58,"ILCEKODU":1650,"HAVZA_ID":15,"entityId":"237","entityType":"damStations","id":"237","name":"KANAK","damName":"KANAK","basinId":15,"occupancy":null,"status":"no_data","color":"#94a3b8","radius":8}},{"type":"Feature","id":"238","geometry":{"type":"Point","coordinates":[36.953500000000076,39.449400000000026]},"properties":{"OBJECTID":238,"BolgeNo":19,"Il":"SİVAS","HavzaAdi":"Kızılırmak","BarajAdi":"KARACALAR","ILKODU":58,"ILCEKODU":1991,"HAVZA_ID":15,"entityId":"238","entityType":"damStations","id":"238","name":"KARACALAR","damName":"KARACALAR","basinId":15,"occupancy":null,"status":"no_data","color":"#94a3b8","radius":8}},{"type":"Feature","id":"239","geometry":{"type":"Point","coordinates":[36.49472000000003,39.377500000000055]},"properties":{"OBJECTID":239,"BolgeNo":19,"Il":"SİVAS","HavzaAdi":"Kızılırmak","BarajAdi":"MAKSUTLU","ILKODU":58,"ILCEKODU":1650,"HAVZA_ID":15,"entityId":"239","entityType":"damStations","id":"239","name":"MAKSUTLU","damName":"MAKSUTLU","basinId":15,"occupancy":null,"status":"no_data","color":"#94a3b8","radius":8}},{"type":"Feature","id":"240","geometry":{"type":"Point","coordinates":[36.66167000000007,39.76167000000004]},"properties":{"OBJECTID":240,"BolgeNo":19,"Il":"SİVAS","HavzaAdi":"Kızılırmak","BarajAdi":"NEVRUZ","ILKODU":58,"ILCEKODU":1731,"HAVZA_ID":15,"entityId":"240","entityType":"damStations","id":"240","name":"NEVRUZ","damName":"NEVRUZ","basinId":15,"occupancy":null,"status":"no_data","color":"#94a3b8","radius":8}},{"type":"Feature","id":"241","geometry":{"type":"Point","coordinates":[37.40222000000006,40.01667000000003]},"properties":{"OBJECTID":241,"BolgeNo":19,"Il":"SİVAS","HavzaAdi":"Kızılırmak","BarajAdi":"PUSAT ÖZEN","ILKODU":58,"ILCEKODU":1376,"HAVZA_ID":15,"entityId":"241","entityType":"damStations","id":"241","name":"PUSAT ÖZEN","damName":"PUSAT ÖZEN","basinId":15,"occupancy":null,"status":"no_data","color":"#94a3b8","radius":8}},{"type":"Feature","id":"242","geometry":{"type":"Point","coordinates":[36.41500000000008,39.297780000000046]},"properties":{"OBJECTID":242,"BolgeNo":19,"Il":"SİVAS","HavzaAdi":"Kızılırmak","BarajAdi":"YAPIALTIN","ILKODU":58,"ILCEKODU":1650,"HAVZA_ID":15,"entityId":"242","entityType":"damStations","id":"242","name":"YAPIALTIN","damName":"YAPIALTIN","basinId":15,"occupancy":null,"status":"no_data","color":"#94a3b8","radius":8}},{"type":"Feature","id":"243","geometry":{"type":"Point","coordinates":[38.07583000000005,40.22917000000007]},"properties":{"OBJECTID":243,"BolgeNo":19,"Il":"SİVAS","HavzaAdi":"Yeşilırmak","BarajAdi":"ÇAMLIGÖZE","ILKODU":58,"ILCEKODU":1646,"HAVZA_ID":14,"entityId":"243","entityType":"damStations","id":"243","name":"ÇAMLIGÖZE","damName":"ÇAMLIGÖZE","basinId":14,"occupancy":null,"status":"no_data","color":"#94a3b8","radius":8}},{"type":"Feature","id":"244","geometry":{"type":"Point","coordinates":[38.62222000000003,40.04472000000004]},"properties":{"OBJECTID":244,"BolgeNo":19,"Il":"SİVAS","HavzaAdi":"Yeşilırmak","BarajAdi":"GÖLOVA","ILKODU":58,"ILCEKODU":1927,"HAVZA_ID":14,"entityId":"244","entityType":"damStations","id":"244","name":"GÖLOVA","damName":"GÖLOVA","basinId":14,"occupancy":null,"status":"no_data","color":"#94a3b8","radius":8}},{"type":"Feature","id":"245","geometry":{"type":"Point","coordinates":[38.18700000000007,40.24210000000005]},"properties":{"OBJECTID":245,"BolgeNo":19,"Il":"SİVAS","HavzaAdi":"Yeşilırmak","BarajAdi":"KILIÇKAYA","ILKODU":28,"ILCEKODU":1654,"HAVZA_ID":14,"entityId":"245","entityType":"damStations","id":"245","name":"KILIÇKAYA","damName":"KILIÇKAYA","basinId":14,"occupancy":null,"status":"no_data","color":"#94a3b8","radius":8}},{"type":"Feature","id":"246","geometry":{"type":"Point","coordinates":[36.73953000000006,38.107800000000054]},"properties":{"OBJECTID":246,"BolgeNo":20,"Il":"KAHRAMANMARAŞ","HavzaAdi":"Ceyhan","BarajAdi":"ADATEPE","ILKODU":46,"ILCEKODU":1353,"HAVZA_ID":20,"entityId":"246","entityType":"damStations","id":"246","name":"ADATEPE","damName":"ADATEPE","basinId":20,"occupancy":null,"status":"no_data","color":"#94a3b8","radius":8}},{"type":"Feature","id":"247","geometry":{"type":"Point","coordinates":[37.13730000000004,37.57671000000005]},"properties":{"OBJECTID":247,"BolgeNo":20,"Il":"KAHRAMANMARAŞ","HavzaAdi":"Ceyhan","BarajAdi":"AYVALI","ILKODU":46,"ILCEKODU":2084,"HAVZA_ID":20,"entityId":"247","entityType":"damStations","id":"247","name":"AYVALI","damName":"AYVALI","basinId":20,"occupancy":null,"status":"no_data","color":"#94a3b8","radius":8}},{"type":"Feature","id":"248","geometry":{"type":"Point","coordinates":[37.00000000000006,38.00000000000006]},"properties":{"OBJECTID":248,"BolgeNo":20,"Il":"KAHRAMANMARAŞ","HavzaAdi":"Ceyhan","BarajAdi":"KANDİL HES","ILKODU":46,"ILCEKODU":1919,"HAVZA_ID":20,"entityId":"248","entityType":"damStations","id":"248","name":"KANDİL HES","damName":"KANDİL HES","basinId":20,"occupancy":null,"status":"no_data","color":"#94a3b8","radius":8}},{"type":"Feature","id":"249","geometry":{"type":"Point","coordinates":[]},"properties":{"OBJECTID":249,"BolgeNo":20,"Il":"KAHRAMANMARAŞ","HavzaAdi":"Ceyhan","BarajAdi":"KARTALKAYA","ILKODU":46,"ILCEKODU":null,"HAVZA_ID":10,"entityId":"249","entityType":"damStations","id":"249","name":"KARTALKAYA","damName":"KARTALKAYA","basinId":10,"occupancy":null,"status":"no_data","color":"#94a3b8","radius":8}},{"type":"Feature","id":"250","geometry":{"type":"Point","coordinates":[36.803390000000036,37.62661000000003]},"properties":{"OBJECTID":250,"BolgeNo":20,"Il":"KAHRAMANMARAŞ","HavzaAdi":"Ceyhan","BarajAdi":"KILAVUZLU","ILKODU":46,"ILCEKODU":2085,"HAVZA_ID":20,"entityId":"250","entityType":"damStations","id":"250","name":"KILAVUZLU","damName":"KILAVUZLU","basinId":20,"occupancy":null,"status":"no_data","color":"#94a3b8","radius":8}},{"type":"Feature","id":"251","geometry":{"type":"Point","coordinates":[36.850400000000036,37.67650000000003]},"properties":{"OBJECTID":251,"BolgeNo":20,"Il":"KAHRAMANMARAŞ","HavzaAdi":"Ceyhan","BarajAdi":"MENZELET","ILKODU":46,"ILCEKODU":2085,"HAVZA_ID":20,"entityId":"251","entityType":"damStations","id":"251","name":"MENZELET","damName":"MENZELET","basinId":20,"occupancy":null,"status":"no_data","color":"#94a3b8","radius":8}},{"type":"Feature","id":"252","geometry":{"type":"Point","coordinates":[36.97000000000003,37.933890000000076]},"properties":{"OBJECTID":252,"BolgeNo":20,"Il":"KAHRAMANMARAŞ","HavzaAdi":"Ceyhan","BarajAdi":"SARIGÜZEL HES","ILKODU":46,"ILCEKODU":2085,"HAVZA_ID":20,"entityId":"252","entityType":"damStations","id":"252","name":"SARIGÜZEL HES","damName":"SARIGÜZEL HES","basinId":20,"occupancy":null,"status":"no_data","color":"#94a3b8","radius":8}},{"type":"Feature","id":"253","geometry":{"type":"Point","coordinates":[36.59680000000003,37.50100000000003]},"properties":{"OBJECTID":253,"BolgeNo":20,"Il":"KAHRAMANMARAŞ","HavzaAdi":"Ceyhan","BarajAdi":"SIR","ILKODU":46,"ILCEKODU":2085,"HAVZA_ID":20,"entityId":"253","entityType":"damStations","id":"253","name":"SIR","damName":"SIR","basinId":20,"occupancy":null,"status":"no_data","color":"#94a3b8","radius":8}},{"type":"Feature","id":"254","geometry":{"type":"Point","coordinates":[]},"properties":{"OBJECTID":254,"BolgeNo":20,"Il":"KAHRAMANMARAŞ","HavzaAdi":"Ceyhan","BarajAdi":"SUÇATI","ILKODU":46,"ILCEKODU":null,"HAVZA_ID":10,"entityId":"254","entityType":"damStations","id":"254","name":"SUÇATI","damName":"SUÇATI","basinId":10,"occupancy":null,"status":"no_data","color":"#94a3b8","radius":8}},{"type":"Feature","id":"255","geometry":{"type":"Point","coordinates":[28.129940000000033,37.49475000000007]},"properties":{"OBJECTID":255,"BolgeNo":21,"Il":"AYDIN","HavzaAdi":"Büyük Menderes","BarajAdi":"ÇİNE ADNAN MENDERES","ILKODU":9,"ILCEKODU":1256,"HAVZA_ID":7,"entityId":"255","entityType":"damStations","id":"255","name":"ÇİNE ADNAN MENDERES","damName":"ÇİNE ADNAN MENDERES","basinId":7,"occupancy":null,"status":"no_data","color":"#94a3b8","radius":8}},{"type":"Feature","id":"256","geometry":{"type":"Point","coordinates":[28.07444000000004,37.53305000000006]},"properties":{"OBJECTID":256,"BolgeNo":21,"Il":"AYDIN","HavzaAdi":"Büyük Menderes","BarajAdi":"GÖKBEL","ILKODU":9,"ILCEKODU":1256,"HAVZA_ID":7,"entityId":"256","entityType":"damStations","id":"256","name":"GÖKBEL","damName":"GÖKBEL","basinId":7,"occupancy":null,"status":"no_data","color":"#94a3b8","radius":8}},{"type":"Feature","id":"257","geometry":{"type":"Point","coordinates":[27.74004000000008,37.89006000000006]},"properties":{"OBJECTID":257,"BolgeNo":21,"Il":"AYDIN","HavzaAdi":"Büyük Menderes","BarajAdi":"İKİZDERE","ILKODU":9,"ILCEKODU":1807,"HAVZA_ID":7,"entityId":"257","entityType":"damStations","id":"257","name":"İKİZDERE","damName":"İKİZDERE","basinId":7,"occupancy":null,"status":"no_data","color":"#94a3b8","radius":8}},{"type":"Feature","id":"258","geometry":{"type":"Point","coordinates":[28.59653000000003,37.78164000000004]},"properties":{"OBJECTID":258,"BolgeNo":21,"Il":"AYDIN","HavzaAdi":"Büyük Menderes","BarajAdi":"KARACASU-DANDALAZ","ILKODU":9,"ILCEKODU":1435,"HAVZA_ID":7,"entityId":"258","entityType":"damStations","id":"258","name":"KARACASU-DANDALAZ","damName":"KARACASU-DANDALAZ","basinId":7,"occupancy":null,"status":"no_data","color":"#94a3b8","radius":8}},{"type":"Feature","id":"259","geometry":{"type":"Point","coordinates":[28.52490000000006,37.57204000000007]},"properties":{"OBJECTID":259,"BolgeNo":21,"Il":"AYDIN","HavzaAdi":"Büyük Menderes","BarajAdi":"KEMER","ILKODU":9,"ILCEKODU":1206,"HAVZA_ID":7,"entityId":"259","entityType":"damStations","id":"259","name":"KEMER","damName":"KEMER","basinId":7,"occupancy":null,"status":"no_data","color":"#94a3b8","radius":8}},{"type":"Feature","id":"260","geometry":{"type":"Point","coordinates":[28.00750000000005,37.690000000000055]},"properties":{"OBJECTID":260,"BolgeNo":21,"Il":"AYDIN","HavzaAdi":"Büyük Menderes","BarajAdi":"TOPÇAM","ILKODU":9,"ILCEKODU":1256,"HAVZA_ID":7,"entityId":"260","entityType":"damStations","id":"260","name":"TOPÇAM","damName":"TOPÇAM","basinId":7,"occupancy":null,"status":"no_data","color":"#94a3b8","radius":8}},{"type":"Feature","id":"261","geometry":{"type":"Point","coordinates":[27.80478000000005,37.575780000000066]},"properties":{"OBJECTID":261,"BolgeNo":21,"Il":"AYDIN","HavzaAdi":"Büyük Menderes","BarajAdi":"YAYLAKAVAK","ILKODU":9,"ILCEKODU":1957,"HAVZA_ID":7,"entityId":"261","entityType":"damStations","id":"261","name":"YAYLAKAVAK","damName":"YAYLAKAVAK","basinId":7,"occupancy":null,"status":"no_data","color":"#94a3b8","radius":8}},{"type":"Feature","id":"262","geometry":{"type":"Point","coordinates":[29.000000000000057,37.00000000000006]},"properties":{"OBJECTID":262,"BolgeNo":21,"Il":"DENİZLİ","HavzaAdi":"Batı Akdeniz","BarajAdi":"AKALAN","ILKODU":48,"ILCEKODU":1488,"HAVZA_ID":8,"entityId":"262","entityType":"damStations","id":"262","name":"AKALAN","damName":"AKALAN","basinId":8,"occupancy":null,"status":"no_data","color":"#94a3b8","radius":8}},{"type":"Feature","id":"263","geometry":{"type":"Point","coordinates":[29.205550000000073,38.15861000000007]},"properties":{"OBJECTID":263,"BolgeNo":21,"Il":"DENİZLİ","HavzaAdi":"Büyük Menderes","BarajAdi":"ADIGÜZEL","ILKODU":20,"ILCEKODU":1371,"HAVZA_ID":7,"entityId":"263","entityType":"damStations","id":"263","name":"ADIGÜZEL","damName":"ADIGÜZEL","basinId":7,"occupancy":null,"status":"no_data","color":"#94a3b8","radius":8}},{"type":"Feature","id":"264","geometry":{"type":"Point","coordinates":[29.15691000000004,38.13667000000004]},"properties":{"OBJECTID":264,"BolgeNo":21,"Il":"DENİZLİ","HavzaAdi":"Büyük Menderes","BarajAdi":"ADIGÜZEL-2 HES","ILKODU":20,"ILCEKODU":1371,"HAVZA_ID":7,"entityId":"264","entityType":"damStations","id":"264","name":"ADIGÜZEL-2 HES","damName":"ADIGÜZEL-2 HES","basinId":7,"occupancy":null,"status":"no_data","color":"#94a3b8","radius":8}},{"type":"Feature","id":"265","geometry":{"type":"Point","coordinates":[29.32666000000006,38.229400000000055]},"properties":{"OBJECTID":265,"BolgeNo":21,"Il":"DENİZLİ","HavzaAdi":"Büyük Menderes","BarajAdi":"AYDINLAR AKBAŞ ","ILKODU":20,"ILCEKODU":1774,"HAVZA_ID":7,"entityId":"265","entityType":"damStations","id":"265","name":"AYDINLAR AKBAŞ ","damName":"AYDINLAR AKBAŞ ","basinId":7,"occupancy":null,"status":"no_data","color":"#94a3b8","radius":8}},{"type":"Feature","id":"266","geometry":{"type":"Point","coordinates":[29.03511000000003,38.115230000000054]},"properties":{"OBJECTID":266,"BolgeNo":21,"Il":"DENİZLİ","HavzaAdi":"Büyük Menderes","BarajAdi":"CİNDERE","ILKODU":20,"ILCEKODU":1371,"HAVZA_ID":7,"entityId":"266","entityType":"damStations","id":"266","name":"CİNDERE","damName":"CİNDERE","basinId":7,"occupancy":null,"status":"no_data","color":"#94a3b8","radius":8}},{"type":"Feature","id":"267","geometry":{"type":"Point","coordinates":[29.128460000000075,37.78616000000005]},"properties":{"OBJECTID":267,"BolgeNo":21,"Il":"DENİZLİ","HavzaAdi":"Büyük Menderes","BarajAdi":"GÖKPINAR VALİ RECEP YAZICIOĞLU ","ILKODU":20,"ILCEKODU":1871,"HAVZA_ID":7,"entityId":"267","entityType":"damStations","id":"267","name":"GÖKPINAR VALİ RECEP YAZICIOĞLU ","damName":"GÖKPINAR VALİ RECEP YAZICIOĞLU ","basinId":7,"occupancy":null,"status":"no_data","color":"#94a3b8","radius":8}},{"type":"Feature","id":"268","geometry":{"type":"Point","coordinates":[28.899180000000058,37.60847000000007]},"properties":{"OBJECTID":268,"BolgeNo":21,"Il":"DENİZLİ","HavzaAdi":"Büyük Menderes","BarajAdi":"TAVAS YENİDERE","ILKODU":20,"ILCEKODU":1670,"HAVZA_ID":7,"entityId":"268","entityType":"damStations","id":"268","name":"TAVAS YENİDERE","damName":"TAVAS YENİDERE","basinId":7,"occupancy":null,"status":"no_data","color":"#94a3b8","radius":8}},{"type":"Feature","id":"269","geometry":{"type":"Point","coordinates":[27.81991000000005,37.329990000000066]},"properties":{"OBJECTID":269,"BolgeNo":21,"Il":"MUĞLA","HavzaAdi":"Batı Akdeniz","BarajAdi":"AKGEDİK","ILKODU":48,"ILCEKODU":1528,"HAVZA_ID":8,"entityId":"269","entityType":"damStations","id":"269","name":"AKGEDİK","damName":"AKGEDİK","basinId":8,"occupancy":null,"status":"no_data","color":"#94a3b8","radius":8}},{"type":"Feature","id":"270","geometry":{"type":"Point","coordinates":[28.901800000000037,36.898000000000025]},"properties":{"OBJECTID":270,"BolgeNo":21,"Il":"MUĞLA","HavzaAdi":"Batı Akdeniz","BarajAdi":"AKKÖPRÜ","ILKODU":48,"ILCEKODU":1488,"HAVZA_ID":8,"entityId":"270","entityType":"damStations","id":"270","name":"AKKÖPRÜ","damName":"AKKÖPRÜ","basinId":8,"occupancy":null,"status":"no_data","color":"#94a3b8","radius":8}},{"type":"Feature","id":"271","geometry":{"type":"Point","coordinates":[27.645830000000046,37.441940000000045]},"properties":{"OBJECTID":271,"BolgeNo":21,"Il":"MUĞLA","HavzaAdi":"Batı Akdeniz","BarajAdi":"DERİNCE ","ILKODU":48,"ILCEKODU":1528,"HAVZA_ID":8,"entityId":"271","entityType":"damStations","id":"271","name":"DERİNCE ","damName":"DERİNCE ","basinId":8,"occupancy":null,"status":"no_data","color":"#94a3b8","radius":8}},{"type":"Feature","id":"272","geometry":{"type":"Point","coordinates":[29.500890000000027,36.834550000000036]},"properties":{"OBJECTID":272,"BolgeNo":21,"Il":"MUĞLA","HavzaAdi":"Batı Akdeniz","BarajAdi":"EŞEN 1","ILKODU":48,"ILCEKODU":2090,"HAVZA_ID":8,"entityId":"272","entityType":"damStations","id":"272","name":"EŞEN 1","damName":"EŞEN 1","basinId":8,"occupancy":null,"status":"no_data","color":"#94a3b8","radius":8}},{"type":"Feature","id":"273","geometry":{"type":"Point","coordinates":[27.888750000000073,37.38202000000007]},"properties":{"OBJECTID":273,"BolgeNo":21,"Il":"MUĞLA","HavzaAdi":"Batı Akdeniz","BarajAdi":"GEYİK","ILKODU":48,"ILCEKODU":1528,"HAVZA_ID":8,"entityId":"273","entityType":"damStations","id":"273","name":"GEYİK","damName":"GEYİK","basinId":8,"occupancy":null,"status":"no_data","color":"#94a3b8","radius":8}},{"type":"Feature","id":"274","geometry":{"type":"Point","coordinates":[27.65990000000005,37.11760000000004]},"properties":{"OBJECTID":274,"BolgeNo":21,"Il":"MUĞLA","HavzaAdi":"Batı Akdeniz","BarajAdi":"MUMCULAR","ILKODU":48,"ILCEKODU":1197,"HAVZA_ID":8,"entityId":"274","entityType":"damStations","id":"274","name":"MUMCULAR","damName":"MUMCULAR","basinId":8,"occupancy":null,"status":"no_data","color":"#94a3b8","radius":8}},{"type":"Feature","id":"275","geometry":{"type":"Point","coordinates":[28.259840000000054,37.287780000000055]},"properties":{"OBJECTID":275,"BolgeNo":21,"Il":"MUĞLA","HavzaAdi":"Büyük Menderes","BarajAdi":"BAYIR","ILKODU":48,"ILCEKODU":2089,"HAVZA_ID":7,"entityId":"275","entityType":"damStations","id":"275","name":"BAYIR","damName":"BAYIR","basinId":7,"occupancy":null,"status":"no_data","color":"#94a3b8","radius":8}},{"type":"Feature","id":"276","geometry":{"type":"Point","coordinates":[39.09545000000003,40.69314000000003]},"properties":{"OBJECTID":276,"BolgeNo":22,"Il":"GÜMÜŞHANE","HavzaAdi":"Doğu Karadeniz","BarajAdi":"AKKÖY 1","ILKODU":29,"ILCEKODU":1971,"HAVZA_ID":22,"entityId":"276","entityType":"damStations","id":"276","name":"AKKÖY 1","damName":"AKKÖY 1","basinId":22,"occupancy":null,"status":"no_data","color":"#94a3b8","radius":8}},{"type":"Feature","id":"277","geometry":{"type":"Point","coordinates":[38.00000000000006,40.00000000000006]},"properties":{"OBJECTID":277,"BolgeNo":22,"Il":"GÜMÜŞHANE","HavzaAdi":"Doğu Karadeniz","BarajAdi":"ALADEREÇAM","ILKODU":58,"ILCEKODU":1646,"HAVZA_ID":14,"entityId":"277","entityType":"damStations","id":"277","name":"ALADEREÇAM","damName":"ALADEREÇAM","basinId":14,"occupancy":null,"status":"no_data","color":"#94a3b8","radius":8}},{"type":"Feature","id":"278","geometry":{"type":"Point","coordinates":[38.880810000000054,40.64716000000004]},"properties":{"OBJECTID":278,"BolgeNo":22,"Il":"GÜMÜŞHANE","HavzaAdi":"Doğu Karadeniz","BarajAdi":"GÖKÇEBEL","ILKODU":29,"ILCEKODU":1971,"HAVZA_ID":22,"entityId":"278","entityType":"damStations","id":"278","name":"GÖKÇEBEL","damName":"GÖKÇEBEL","basinId":22,"occupancy":null,"status":"no_data","color":"#94a3b8","radius":8}},{"type":"Feature","id":"279","geometry":{"type":"Point","coordinates":[]},"properties":{"OBJECTID":279,"BolgeNo":22,"Il":"GÜMÜŞHANE","HavzaAdi":"Doğu Karadeniz","BarajAdi":"KÜRTÜN","ILKODU":29,"ILCEKODU":null,"HAVZA_ID":22,"entityId":"279","entityType":"damStations","id":"279","name":"KÜRTÜN","damName":"KÜRTÜN","basinId":22,"occupancy":null,"status":"no_data","color":"#94a3b8","radius":8}},{"type":"Feature","id":"280","geometry":{"type":"Point","coordinates":[39.23144000000008,40.635380000000055]},"properties":{"OBJECTID":280,"BolgeNo":22,"Il":"GÜMÜŞHANE","HavzaAdi":"Doğu Karadeniz","BarajAdi":"TORUL","ILKODU":29,"ILCEKODU":1684,"HAVZA_ID":22,"entityId":"280","entityType":"damStations","id":"280","name":"TORUL","damName":"TORUL","basinId":22,"occupancy":null,"status":"no_data","color":"#94a3b8","radius":8}},{"type":"Feature","id":"281","geometry":{"type":"Point","coordinates":[38.92635000000007,40.70048000000003]},"properties":{"OBJECTID":281,"BolgeNo":22,"Il":"GÜMÜŞHANE","HavzaAdi":"Doğu Karadeniz","BarajAdi":"YAŞMAKLI","ILKODU":29,"ILCEKODU":1971,"HAVZA_ID":22,"entityId":"281","entityType":"damStations","id":"281","name":"YAŞMAKLI","damName":"YAŞMAKLI","basinId":22,"occupancy":null,"status":"no_data","color":"#94a3b8","radius":8}},{"type":"Feature","id":"282","geometry":{"type":"Point","coordinates":[39.11751000000004,40.24188000000004]},"properties":{"OBJECTID":282,"BolgeNo":22,"Il":"GÜMÜŞHANE","HavzaAdi":"Yeşilırmak","BarajAdi":"KORULUK","ILKODU":29,"ILCEKODU":1660,"HAVZA_ID":14,"entityId":"282","entityType":"damStations","id":"282","name":"KORULUK","damName":"KORULUK","basinId":14,"occupancy":null,"status":"no_data","color":"#94a3b8","radius":8}},{"type":"Feature","id":"283","geometry":{"type":"Point","coordinates":[39.80611000000005,40.24333000000007]},"properties":{"OBJECTID":283,"BolgeNo":22,"Il":"GÜMÜŞHANE","HavzaAdi":"Yeşilırmak","BarajAdi":"KÖSE","ILKODU":29,"ILCEKODU":1822,"HAVZA_ID":23,"entityId":"283","entityType":"damStations","id":"283","name":"KÖSE","damName":"KÖSE","basinId":23,"occupancy":null,"status":"no_data","color":"#94a3b8","radius":8}},{"type":"Feature","id":"284","geometry":{"type":"Point","coordinates":[]},"properties":{"OBJECTID":284,"BolgeNo":22,"Il":"GÜMÜŞHANE","HavzaAdi":"Yeşilırmak","BarajAdi":"SADAK BARAJI","ILKODU":29,"ILCEKODU":null,"HAVZA_ID":14,"entityId":"284","entityType":"damStations","id":"284","name":"SADAK BARAJI","damName":"SADAK BARAJI","basinId":14,"occupancy":null,"status":"no_data","color":"#94a3b8","radius":8}},{"type":"Feature","id":"285","geometry":{"type":"Point","coordinates":[39.699400000000026,40.856100000000026]},"properties":{"OBJECTID":285,"BolgeNo":22,"Il":"TRABZON","HavzaAdi":"Doğu Karadeniz","BarajAdi":"ATASU","ILKODU":61,"ILCEKODU":1507,"HAVZA_ID":22,"entityId":"285","entityType":"damStations","id":"285","name":"ATASU","damName":"ATASU","basinId":22,"occupancy":null,"status":"no_data","color":"#94a3b8","radius":8}},{"type":"Feature","id":"286","geometry":{"type":"Point","coordinates":[32.47200000000004,41.53400000000005]},"properties":{"OBJECTID":286,"BolgeNo":23,"Il":"BARTIN","HavzaAdi":"Batı Karadeniz","BarajAdi":"KİRAZLIKÖPRÜ","ILKODU":74,"ILCEKODU":1172,"HAVZA_ID":13,"entityId":"286","entityType":"damStations","id":"286","name":"KİRAZLIKÖPRÜ","damName":"KİRAZLIKÖPRÜ","basinId":13,"occupancy":null,"status":"no_data","color":"#94a3b8","radius":8}},{"type":"Feature","id":"287","geometry":{"type":"Point","coordinates":[33.790770000000066,41.677050000000065]},"properties":{"OBJECTID":287,"BolgeNo":23,"Il":"KASTAMONU","HavzaAdi":"Batı Karadeniz","BarajAdi":"BEYLER","ILKODU":37,"ILCEKODU":1277,"HAVZA_ID":13,"entityId":"287","entityType":"damStations","id":"287","name":"BEYLER","damName":"BEYLER","basinId":13,"occupancy":null,"status":"no_data","color":"#94a3b8","radius":8}},{"type":"Feature","id":"288","geometry":{"type":"Point","coordinates":[33.92755000000005,41.635200000000054]},"properties":{"OBJECTID":288,"BolgeNo":23,"Il":"KASTAMONU","HavzaAdi":"Batı Karadeniz","BarajAdi":"KULAKSIZLAR","ILKODU":37,"ILCEKODU":1277,"HAVZA_ID":13,"entityId":"288","entityType":"damStations","id":"288","name":"KULAKSIZLAR","damName":"KULAKSIZLAR","basinId":13,"occupancy":null,"status":"no_data","color":"#94a3b8","radius":8}},{"type":"Feature","id":"289","geometry":{"type":"Point","coordinates":[33.63570000000004,41.447430000000054]},"properties":{"OBJECTID":289,"BolgeNo":23,"Il":"KASTAMONU","HavzaAdi":"Kızılırmak","BarajAdi":"GERMEÇTEPE","ILKODU":37,"ILCEKODU":1450,"HAVZA_ID":15,"entityId":"289","entityType":"damStations","id":"289","name":"GERMEÇTEPE","damName":"GERMEÇTEPE","basinId":15,"occupancy":null,"status":"no_data","color":"#94a3b8","radius":8}},{"type":"Feature","id":"290","geometry":{"type":"Point","coordinates":[33.74466000000007,41.31910000000005]},"properties":{"OBJECTID":290,"BolgeNo":23,"Il":"KASTAMONU","HavzaAdi":"Kızılırmak","BarajAdi":"KARAÇOMAK","ILKODU":37,"ILCEKODU":1450,"HAVZA_ID":15,"entityId":"290","entityType":"damStations","id":"290","name":"KARAÇOMAK","damName":"KARAÇOMAK","basinId":15,"occupancy":null,"status":"no_data","color":"#94a3b8","radius":8}},{"type":"Feature","id":"291","geometry":{"type":"Point","coordinates":[34.08069000000006,41.575600000000065]},"properties":{"OBJECTID":291,"BolgeNo":23,"Il":"KASTAMONU","HavzaAdi":"Kızılırmak","BarajAdi":"KARADERE","ILKODU":37,"ILCEKODU":1666,"HAVZA_ID":15,"entityId":"291","entityType":"damStations","id":"291","name":"KARADERE","damName":"KARADERE","basinId":15,"occupancy":null,"status":"no_data","color":"#94a3b8","radius":8}},{"type":"Feature","id":"292","geometry":{"type":"Point","coordinates":[31.61615000000006,41.24075000000005]},"properties":{"OBJECTID":292,"BolgeNo":23,"Il":"ZONGULDAK","HavzaAdi":"Batı Karadeniz","BarajAdi":"KIZILCAPINAR","ILKODU":67,"ILCEKODU":1313,"HAVZA_ID":13,"entityId":"292","entityType":"damStations","id":"292","name":"KIZILCAPINAR","damName":"KIZILCAPINAR","basinId":13,"occupancy":null,"status":"no_data","color":"#94a3b8","radius":8}},{"type":"Feature","id":"293","geometry":{"type":"Point","coordinates":[31.801950000000033,41.420600000000036]},"properties":{"OBJECTID":293,"BolgeNo":23,"Il":"ZONGULDAK","HavzaAdi":"Batı Karadeniz","BarajAdi":"KOZLU(ULUTAN)","ILKODU":67,"ILCEKODU":2101,"HAVZA_ID":13,"entityId":"293","entityType":"damStations","id":"293","name":"KOZLU(ULUTAN)","damName":"KOZLU(ULUTAN)","basinId":13,"occupancy":null,"status":"no_data","color":"#94a3b8","radius":8}},{"type":"Feature","id":"294","geometry":{"type":"Point","coordinates":[27.170700000000068,39.57341000000008]},"properties":{"OBJECTID":294,"BolgeNo":25,"Il":"BALIKESİR","HavzaAdi":"Kuzey Ege","BarajAdi":"HAVRAN","ILKODU":10,"ILCEKODU":1384,"HAVZA_ID":4,"entityId":"294","entityType":"damStations","id":"294","name":"HAVRAN","damName":"HAVRAN","basinId":4,"occupancy":null,"status":"no_data","color":"#94a3b8","radius":8}},{"type":"Feature","id":"295","geometry":{"type":"Point","coordinates":[26.842490000000055,39.23700000000008]},"properties":{"OBJECTID":295,"BolgeNo":25,"Il":"BALIKESİR","HavzaAdi":"Kuzey Ege","BarajAdi":"MADRA","ILKODU":10,"ILCEKODU":1161,"HAVZA_ID":4,"entityId":"295","entityType":"damStations","id":"295","name":"MADRA","damName":"MADRA","basinId":4,"occupancy":null,"status":"no_data","color":"#94a3b8","radius":8}},{"type":"Feature","id":"296","geometry":{"type":"Point","coordinates":[27.609090000000037,39.40795000000003]},"properties":{"OBJECTID":296,"BolgeNo":25,"Il":"BALIKESİR","HavzaAdi":"Kuzey Ege","BarajAdi":"SARIBEYLER","ILKODU":10,"ILCEKODU":1608,"HAVZA_ID":4,"entityId":"296","entityType":"damStations","id":"296","name":"SARIBEYLER","damName":"SARIBEYLER","basinId":4,"occupancy":null,"status":"no_data","color":"#94a3b8","radius":8}},{"type":"Feature","id":"297","geometry":{"type":"Point","coordinates":[27.445100000000025,39.97010000000006]},"properties":{"OBJECTID":297,"BolgeNo":25,"Il":"BALIKESİR","HavzaAdi":"Marmara","BarajAdi":"YENİCE-GÖNEN","ILKODU":17,"ILCEKODU":1722,"HAVZA_ID":2,"entityId":"297","entityType":"damStations","id":"297","name":"YENİCE-GÖNEN","damName":"YENİCE-GÖNEN","basinId":2,"occupancy":null,"status":"no_data","color":"#94a3b8","radius":8}},{"type":"Feature","id":"298","geometry":{"type":"Point","coordinates":[27.40528000000006,39.552220000000034]},"properties":{"OBJECTID":298,"BolgeNo":25,"Il":"BALIKESİR","HavzaAdi":"Susurluk","BarajAdi":"ARDIÇTEPE","ILKODU":10,"ILCEKODU":1418,"HAVZA_ID":3,"entityId":"298","entityType":"damStations","id":"298","name":"ARDIÇTEPE","damName":"ARDIÇTEPE","basinId":3,"occupancy":null,"status":"no_data","color":"#94a3b8","radius":8}},{"type":"Feature","id":"299","geometry":{"type":"Point","coordinates":[28.21611000000007,39.27195000000006]},"properties":{"OBJECTID":299,"BolgeNo":25,"Il":"BALIKESİR","HavzaAdi":"Susurluk","BarajAdi":"ÇAYGÖREN","ILKODU":10,"ILCEKODU":1619,"HAVZA_ID":3,"entityId":"299","entityType":"damStations","id":"299","name":"ÇAYGÖREN","damName":"ÇAYGÖREN","basinId":3,"occupancy":null,"status":"no_data","color":"#94a3b8","radius":8}},{"type":"Feature","id":"300","geometry":{"type":"Point","coordinates":[27.93921000000006,39.49178000000006]},"properties":{"OBJECTID":300,"BolgeNo":25,"Il":"BALIKESİR","HavzaAdi":"Susurluk","BarajAdi":"İKİZCETEPELER","ILKODU":10,"ILCEKODU":2077,"HAVZA_ID":3,"entityId":"300","entityType":"damStations","id":"300","name":"İKİZCETEPELER","damName":"İKİZCETEPELER","basinId":3,"occupancy":null,"status":"no_data","color":"#94a3b8","radius":8}},{"type":"Feature","id":"301","geometry":{"type":"Point","coordinates":[27.000000000000057,39.00000000000006]},"properties":{"OBJECTID":301,"BolgeNo":25,"Il":"BALIKESİR","HavzaAdi":"Susurluk","BarajAdi":"MANYAS","ILKODU":35,"ILCEKODU":1181,"HAVZA_ID":4,"entityId":"301","entityType":"damStations","id":"301","name":"MANYAS","damName":"MANYAS","basinId":4,"occupancy":null,"status":"no_data","color":"#94a3b8","radius":8}},{"type":"Feature","id":"302","geometry":{"type":"Point","coordinates":[26.45220000000006,39.60310000000004]},"properties":{"OBJECTID":302,"BolgeNo":25,"Il":"ÇANAKKALE","HavzaAdi":"Kuzey Ege","BarajAdi":"AYVACIK","ILKODU":17,"ILCEKODU":1160,"HAVZA_ID":4,"entityId":"302","entityType":"damStations","id":"302","name":"AYVACIK","damName":"AYVACIK","basinId":4,"occupancy":null,"status":"no_data","color":"#94a3b8","radius":8}},{"type":"Feature","id":"303","geometry":{"type":"Point","coordinates":[26.66721000000007,39.823030000000074]},"properties":{"OBJECTID":303,"BolgeNo":25,"Il":"ÇANAKKALE","HavzaAdi":"Kuzey Ege","BarajAdi":"BAYRAMİÇ","ILKODU":17,"ILCEKODU":1180,"HAVZA_ID":4,"entityId":"303","entityType":"damStations","id":"303","name":"BAYRAMİÇ","damName":"BAYRAMİÇ","basinId":4,"occupancy":null,"status":"no_data","color":"#94a3b8","radius":8}},{"type":"Feature","id":"304","geometry":{"type":"Point","coordinates":[25.86695000000003,40.179230000000075]},"properties":{"OBJECTID":304,"BolgeNo":25,"Il":"ÇANAKKALE","HavzaAdi":"Kuzey Ege","BarajAdi":"GÖKÇEADA (ZEYTİNLİKÖY)","ILKODU":17,"ILCEKODU":1408,"HAVZA_ID":4,"entityId":"304","entityType":"damStations","id":"304","name":"GÖKÇEADA (ZEYTİNLİKÖY)","damName":"GÖKÇEADA (ZEYTİNLİKÖY)","basinId":4,"occupancy":null,"status":"no_data","color":"#94a3b8","radius":8}},{"type":"Feature","id":"305","geometry":{"type":"Point","coordinates":[26.522800000000075,40.124190000000056]},"properties":{"OBJECTID":305,"BolgeNo":25,"Il":"ÇANAKKALE","HavzaAdi":"Marmara","BarajAdi":"ATİKHİSAR","ILKODU":17,"ILCEKODU":1230,"HAVZA_ID":2,"entityId":"305","entityType":"damStations","id":"305","name":"ATİKHİSAR","damName":"ATİKHİSAR","basinId":2,"occupancy":null,"status":"no_data","color":"#94a3b8","radius":8}},{"type":"Feature","id":"306","geometry":{"type":"Point","coordinates":[27.02240000000006,40.18330000000003]},"properties":{"OBJECTID":306,"BolgeNo":25,"Il":"ÇANAKKALE","HavzaAdi":"Marmara","BarajAdi":"BAKACAK","ILKODU":17,"ILCEKODU":1190,"HAVZA_ID":2,"entityId":"306","entityType":"damStations","id":"306","name":"BAKACAK","damName":"BAKACAK","basinId":2,"occupancy":null,"status":"no_data","color":"#94a3b8","radius":8}},{"type":"Feature","id":"307","geometry":{"type":"Point","coordinates":[26.809720000000027,40.33722000000006]},"properties":{"OBJECTID":307,"BolgeNo":25,"Il":"ÇANAKKALE","HavzaAdi":"Marmara","BarajAdi":"BAYRAMDERE","ILKODU":17,"ILCEKODU":1503,"HAVZA_ID":2,"entityId":"307","entityType":"damStations","id":"307","name":"BAYRAMDERE","damName":"BAYRAMDERE","basinId":2,"occupancy":null,"status":"no_data","color":"#94a3b8","radius":8}},{"type":"Feature","id":"308","geometry":{"type":"Point","coordinates":[27.353800000000035,40.196300000000065]},"properties":{"OBJECTID":308,"BolgeNo":25,"Il":"ÇANAKKALE","HavzaAdi":"Marmara","BarajAdi":"TAŞOLUK","ILKODU":17,"ILCEKODU":1190,"HAVZA_ID":2,"entityId":"308","entityType":"damStations","id":"308","name":"TAŞOLUK","damName":"TAŞOLUK","basinId":2,"occupancy":null,"status":"no_data","color":"#94a3b8","radius":8}},{"type":"Feature","id":"309","geometry":{"type":"Point","coordinates":[26.487630000000024,40.38428000000005]},"properties":{"OBJECTID":309,"BolgeNo":25,"Il":"ÇANAKKALE","HavzaAdi":"Marmara","BarajAdi":"TAYFUR","ILKODU":17,"ILCEKODU":1340,"HAVZA_ID":2,"entityId":"309","entityType":"damStations","id":"309","name":"TAYFUR","damName":"TAYFUR","basinId":2,"occupancy":null,"status":"no_data","color":"#94a3b8","radius":8}},{"type":"Feature","id":"310","geometry":{"type":"Point","coordinates":[26.670800000000042,40.24300000000005]},"properties":{"OBJECTID":310,"BolgeNo":25,"Il":"ÇANAKKALE","HavzaAdi":"Marmara","BarajAdi":"UMURBEY","ILKODU":17,"ILCEKODU":1503,"HAVZA_ID":2,"entityId":"310","entityType":"damStations","id":"310","name":"UMURBEY","damName":"UMURBEY","basinId":2,"occupancy":null,"status":"no_data","color":"#94a3b8","radius":8}}]}
