{"type":"FeatureCollection","features":[{"type":"Feature","id":"8360","geometry":{"type":"Point","coordinates":[29.968611000000067,40.691944000000035]},"properties":{"OBJECTID":8360,"AGINO":"D02A006","SUADI":null,"ISTADI":null,"ILKODU":41,"ILCEKODU":2058,"KOT":null,"TEKERRUR_YILI":null,"Q2":null,"Q5":null,"Q25":null,"Q100":null,"Q500":null,"MaxFlow":null,"MaxDate":null,"Q10":null,"Q50":null,"Q200":null,"Q1000":null,"HAVZA_ID":2,"entityId":"8360","entityType":"flowStations","id":"8360","name":"D02A006","stationId":"D02A006","basinId":2,"flow":null,"status":"no_data","color":"#94a3b8","width":2.8}},{"type":"Feature","id":"8362","geometry":{"type":"Point","coordinates":[29.679722000000027,40.46638900000005]},"properties":{"OBJECTID":8362,"AGINO":"D02A031","SUADI":null,"ISTADI":null,"ILKODU":16,"ILCEKODU":1420,"KOT":null,"TEKERRUR_YILI":null,"Q2":null,"Q5":null,"Q25":null,"Q100":null,"Q500":null,"MaxFlow":null,"MaxDate":null,"Q10":null,"Q50":null,"Q200":null,"Q1000":null,"HAVZA_ID":2,"entityId":"8362","entityType":"flowStations","id":"8362","name":"D02A031","stationId":"D02A031","basinId":2,"flow":null,"status":"no_data","color":"#94a3b8","width":2.8}},{"type":"Feature","id":"8363","geometry":{"type":"Point","coordinates":[29.50722200000007,40.678611000000046]},"properties":{"OBJECTID":8363,"AGINO":"D02A041","SUADI":null,"ISTADI":null,"ILKODU":1,"ILCEKODU":2019,"KOT":null,"TEKERRUR_YILI":null,"Q2":null,"Q5":null,"Q25":null,"Q100":null,"Q500":null,"MaxFlow":null,"MaxDate":null,"Q10":null,"Q50":null,"Q200":null,"Q1000":null,"HAVZA_ID":2,"entityId":"8363","entityType":"flowStations","id":"8363","name":"D02A041","stationId":"D02A041","basinId":2,"flow":null,"status":"no_data","color":"#94a3b8","width":2.8}},{"type":"Feature","id":"8365","geometry":{"type":"Point","coordinates":[29.22611100000006,40.57777800000008]},"properties":{"OBJECTID":8365,"AGINO":"D02A077","SUADI":null,"ISTADI":null,"ILKODU":77,"ILCEKODU":1716,"KOT":null,"TEKERRUR_YILI":null,"Q2":null,"Q5":null,"Q25":null,"Q100":null,"Q500":null,"MaxFlow":null,"MaxDate":null,"Q10":null,"Q50":null,"Q200":null,"Q1000":null,"HAVZA_ID":2,"entityId":"8365","entityType":"flowStations","id":"8365","name":"D02A077","stationId":"D02A077","basinId":2,"flow":null,"status":"no_data","color":"#94a3b8","width":2.8}},{"type":"Feature","id":"8366","geometry":{"type":"Point","coordinates":[29.08777800000007,40.47944400000006]},"properties":{"OBJECTID":8366,"AGINO":"D02A088","SUADI":null,"ISTADI":null,"ILKODU":16,"ILCEKODU":1343,"KOT":null,"TEKERRUR_YILI":null,"Q2":null,"Q5":null,"Q25":null,"Q100":null,"Q500":null,"MaxFlow":null,"MaxDate":null,"Q10":null,"Q50":null,"Q200":null,"Q1000":null,"HAVZA_ID":2,"entityId":"8366","entityType":"flowStations","id":"8366","name":"D02A088","stationId":"D02A088","basinId":2,"flow":null,"status":"no_data","color":"#94a3b8","width":2.8}},{"type":"Feature","id":"8368","geometry":{"type":"Point","coordinates":[28.96666700000003,40.46666700000003]},"properties":{"OBJECTID":8368,"AGINO":"D02A092","SUADI":null,"ISTADI":null,"ILKODU":77,"ILCEKODU":2020,"KOT":null,"TEKERRUR_YILI":null,"Q2":null,"Q5":null,"Q25":null,"Q100":null,"Q500":null,"MaxFlow":null,"MaxDate":null,"Q10":null,"Q50":null,"Q200":null,"Q1000":null,"HAVZA_ID":2,"entityId":"8368","entityType":"flowStations","id":"8368","name":"D02A092","stationId":"D02A092","basinId":2,"flow":null,"status":"no_data","color":"#94a3b8","width":2.8}},{"type":"Feature","id":"8369","geometry":{"type":"Point","coordinates":[29.18166700000006,40.37500000000006]},"properties":{"OBJECTID":8369,"AGINO":"D02A123","SUADI":null,"ISTADI":null,"ILKODU":16,"ILCEKODU":1343,"KOT":null,"TEKERRUR_YILI":null,"Q2":null,"Q5":null,"Q25":null,"Q100":null,"Q500":null,"MaxFlow":null,"MaxDate":null,"Q10":null,"Q50":null,"Q200":null,"Q1000":null,"HAVZA_ID":2,"entityId":"8369","entityType":"flowStations","id":"8369","name":"D02A123","stationId":"D02A123","basinId":2,"flow":null,"status":"no_data","color":"#94a3b8","width":2.8}},{"type":"Feature","id":"8370","geometry":{"type":"Point","coordinates":[29.179167000000064,40.59111100000007]},"properties":{"OBJECTID":8370,"AGINO":"D02A125","SUADI":null,"ISTADI":null,"ILKODU":77,"ILCEKODU":2026,"KOT":null,"TEKERRUR_YILI":null,"Q2":null,"Q5":null,"Q25":null,"Q100":null,"Q500":null,"MaxFlow":null,"MaxDate":null,"Q10":null,"Q50":null,"Q200":null,"Q1000":null,"HAVZA_ID":2,"entityId":"8370","entityType":"flowStations","id":"8370","name":"D02A125","stationId":"D02A125","basinId":2,"flow":null,"status":"no_data","color":"#94a3b8","width":2.8}},{"type":"Feature","id":"8372","geometry":{"type":"Point","coordinates":[29.486667000000068,40.615278000000046]},"properties":{"OBJECTID":8372,"AGINO":"D02A133","SUADI":null,"ISTADI":null,"ILKODU":77,"ILCEKODU":2019,"KOT":null,"TEKERRUR_YILI":null,"Q2":null,"Q5":null,"Q25":null,"Q100":null,"Q500":null,"MaxFlow":null,"MaxDate":null,"Q10":null,"Q50":null,"Q200":null,"Q1000":null,"HAVZA_ID":2,"entityId":"8372","entityType":"flowStations","id":"8372","name":"D02A133","stationId":"D02A133","basinId":2,"flow":null,"status":"no_data","color":"#94a3b8","width":2.8}},{"type":"Feature","id":"8373","geometry":{"type":"Point","coordinates":[29.474722000000042,40.650000000000034]},"properties":{"OBJECTID":8373,"AGINO":"D02A134","SUADI":null,"ISTADI":null,"ILKODU":77,"ILCEKODU":2019,"KOT":null,"TEKERRUR_YILI":null,"Q2":null,"Q5":null,"Q25":null,"Q100":null,"Q500":null,"MaxFlow":null,"MaxDate":null,"Q10":null,"Q50":null,"Q200":null,"Q1000":null,"HAVZA_ID":2,"entityId":"8373","entityType":"flowStations","id":"8373","name":"D02A134","stationId":"D02A134","basinId":2,"flow":null,"status":"no_data","color":"#94a3b8","width":2.8}},{"type":"Feature","id":"8374","geometry":{"type":"Point","coordinates":[29.58055600000006,40.60055600000004]},"properties":{"OBJECTID":8374,"AGINO":"D02A135","SUADI":null,"ISTADI":null,"ILKODU":41,"ILCEKODU":1440,"KOT":null,"TEKERRUR_YILI":null,"Q2":null,"Q5":null,"Q25":null,"Q100":null,"Q500":null,"MaxFlow":null,"MaxDate":null,"Q10":null,"Q50":null,"Q200":null,"Q1000":null,"HAVZA_ID":2,"entityId":"8374","entityType":"flowStations","id":"8374","name":"D02A135","stationId":"D02A135","basinId":2,"flow":null,"status":"no_data","color":"#94a3b8","width":2.8}},{"type":"Feature","id":"8376","geometry":{"type":"Point","coordinates":[29.426667000000066,40.59972200000004]},"properties":{"OBJECTID":8376,"AGINO":"D02A162","SUADI":null,"ISTADI":null,"ILKODU":77,"ILCEKODU":2022,"KOT":null,"TEKERRUR_YILI":null,"Q2":null,"Q5":null,"Q25":null,"Q100":null,"Q500":null,"MaxFlow":null,"MaxDate":null,"Q10":null,"Q50":null,"Q200":null,"Q1000":null,"HAVZA_ID":2,"entityId":"8376","entityType":"flowStations","id":"8376","name":"D02A162","stationId":"D02A162","basinId":2,"flow":null,"status":"no_data","color":"#94a3b8","width":2.8}},{"type":"Feature","id":"8377","geometry":{"type":"Point","coordinates":[28.916944000000058,40.58166700000004]},"properties":{"OBJECTID":8377,"AGINO":"D02A163","SUADI":null,"ISTADI":null,"ILKODU":77,"ILCEKODU":2021,"KOT":null,"TEKERRUR_YILI":null,"Q2":null,"Q5":null,"Q25":null,"Q100":null,"Q500":null,"MaxFlow":null,"MaxDate":null,"Q10":null,"Q50":null,"Q200":null,"Q1000":null,"HAVZA_ID":2,"entityId":"8377","entityType":"flowStations","id":"8377","name":"D02A163","stationId":"D02A163","basinId":2,"flow":null,"status":"no_data","color":"#94a3b8","width":2.8}},{"type":"Feature","id":"8378","geometry":{"type":"Point","coordinates":[29.761667000000045,40.56250000000006]},"properties":{"OBJECTID":8378,"AGINO":"D02A164","SUADI":null,"ISTADI":null,"ILKODU":16,"ILCEKODU":1420,"KOT":null,"TEKERRUR_YILI":null,"Q2":null,"Q5":null,"Q25":null,"Q100":null,"Q500":null,"MaxFlow":null,"MaxDate":null,"Q10":null,"Q50":null,"Q200":null,"Q1000":null,"HAVZA_ID":2,"entityId":"8378","entityType":"flowStations","id":"8378","name":"D02A164","stationId":"D02A164","basinId":2,"flow":null,"status":"no_data","color":"#94a3b8","width":2.8}},{"type":"Feature","id":"8379","geometry":{"type":"Point","coordinates":[29.013056000000063,40.625556000000074]},"properties":{"OBJECTID":8379,"AGINO":"D02A168","SUADI":null,"ISTADI":null,"ILKODU":77,"ILCEKODU":2021,"KOT":null,"TEKERRUR_YILI":null,"Q2":null,"Q5":null,"Q25":null,"Q100":null,"Q500":null,"MaxFlow":null,"MaxDate":null,"Q10":null,"Q50":null,"Q200":null,"Q1000":null,"HAVZA_ID":2,"entityId":"8379","entityType":"flowStations","id":"8379","name":"D02A168","stationId":"D02A168","basinId":2,"flow":null,"status":"no_data","color":"#94a3b8","width":2.8}},{"type":"Feature","id":"8380","geometry":{"type":"Point","coordinates":[28.565000000000055,39.91416700000008]},"properties":{"OBJECTID":8380,"AGINO":"D03A004","SUADI":null,"ISTADI":null,"ILKODU":16,"ILCEKODU":1535,"KOT":null,"TEKERRUR_YILI":null,"Q2":null,"Q5":null,"Q25":null,"Q100":null,"Q500":null,"MaxFlow":null,"MaxDate":null,"Q10":null,"Q50":null,"Q200":null,"Q1000":null,"HAVZA_ID":3,"entityId":"8380","entityType":"flowStations","id":"8380","name":"D03A004","stationId":"D03A004","basinId":3,"flow":null,"status":"no_data","color":"#94a3b8","width":2.8}},{"type":"Feature","id":"8381","geometry":{"type":"Point","coordinates":[29.318333000000052,40.222500000000025]},"properties":{"OBJECTID":8381,"AGINO":"D03A027","SUADI":null,"ISTADI":null,"ILKODU":16,"ILCEKODU":1960,"KOT":null,"TEKERRUR_YILI":null,"Q2":null,"Q5":null,"Q25":null,"Q100":null,"Q500":null,"MaxFlow":null,"MaxDate":null,"Q10":null,"Q50":null,"Q200":null,"Q1000":null,"HAVZA_ID":3,"entityId":"8381","entityType":"flowStations","id":"8381","name":"D03A027","stationId":"D03A027","basinId":3,"flow":null,"status":"no_data","color":"#94a3b8","width":2.8}},{"type":"Feature","id":"8382","geometry":{"type":"Point","coordinates":[29.31194400000004,40.20833300000004]},"properties":{"OBJECTID":8382,"AGINO":"D03A028","SUADI":null,"ISTADI":null,"ILKODU":16,"ILCEKODU":1960,"KOT":null,"TEKERRUR_YILI":null,"Q2":null,"Q5":null,"Q25":null,"Q100":null,"Q500":null,"MaxFlow":null,"MaxDate":null,"Q10":null,"Q50":null,"Q200":null,"Q1000":null,"HAVZA_ID":3,"entityId":"8382","entityType":"flowStations","id":"8382","name":"D03A028","stationId":"D03A028","basinId":3,"flow":null,"status":"no_data","color":"#94a3b8","width":2.8}},{"type":"Feature","id":"8384","geometry":{"type":"Point","coordinates":[29.148611000000074,40.12277800000004]},"properties":{"OBJECTID":8384,"AGINO":"D03A038","SUADI":null,"ISTADI":null,"ILKODU":16,"ILCEKODU":1832,"KOT":null,"TEKERRUR_YILI":null,"Q2":null,"Q5":null,"Q25":null,"Q100":null,"Q500":null,"MaxFlow":null,"MaxDate":null,"Q10":null,"Q50":null,"Q200":null,"Q1000":null,"HAVZA_ID":3,"entityId":"8384","entityType":"flowStations","id":"8384","name":"D03A038","stationId":"D03A038","basinId":3,"flow":null,"status":"no_data","color":"#94a3b8","width":2.8}},{"type":"Feature","id":"8385","geometry":{"type":"Point","coordinates":[29.001389000000074,40.08527800000007]},"properties":{"OBJECTID":8385,"AGINO":"D03A044","SUADI":null,"ISTADI":null,"ILKODU":16,"ILCEKODU":1832,"KOT":null,"TEKERRUR_YILI":null,"Q2":null,"Q5":null,"Q25":null,"Q100":null,"Q500":null,"MaxFlow":null,"MaxDate":null,"Q10":null,"Q50":null,"Q200":null,"Q1000":null,"HAVZA_ID":3,"entityId":"8385","entityType":"flowStations","id":"8385","name":"D03A044","stationId":"D03A044","basinId":3,"flow":null,"status":"no_data","color":"#94a3b8","width":2.8}},{"type":"Feature","id":"8386","geometry":{"type":"Point","coordinates":[29.000000000000057,39.81666700000005]},"properties":{"OBJECTID":8386,"AGINO":"D03A049","SUADI":null,"ISTADI":null,"ILKODU":16,"ILCEKODU":1553,"KOT":null,"TEKERRUR_YILI":null,"Q2":null,"Q5":null,"Q25":null,"Q100":null,"Q500":null,"MaxFlow":null,"MaxDate":null,"Q10":null,"Q50":null,"Q200":null,"Q1000":null,"HAVZA_ID":3,"entityId":"8386","entityType":"flowStations","id":"8386","name":"D03A049","stationId":"D03A049","basinId":3,"flow":null,"status":"no_data","color":"#94a3b8","width":2.8}},{"type":"Feature","id":"8387","geometry":{"type":"Point","coordinates":[29.033333000000027,40.05000000000007]},"properties":{"OBJECTID":8387,"AGINO":"D03A054","SUADI":null,"ISTADI":null,"ILKODU":16,"ILCEKODU":1832,"KOT":null,"TEKERRUR_YILI":null,"Q2":null,"Q5":null,"Q25":null,"Q100":null,"Q500":null,"MaxFlow":null,"MaxDate":null,"Q10":null,"Q50":null,"Q200":null,"Q1000":null,"HAVZA_ID":3,"entityId":"8387","entityType":"flowStations","id":"8387","name":"D03A054","stationId":"D03A054","basinId":3,"flow":null,"status":"no_data","color":"#94a3b8","width":2.8}},{"type":"Feature","id":"8388","geometry":{"type":"Point","coordinates":[28.941111000000035,40.09916700000008]},"properties":{"OBJECTID":8388,"AGINO":"D03A056","SUADI":null,"ISTADI":null,"ILKODU":16,"ILCEKODU":1829,"KOT":null,"TEKERRUR_YILI":null,"Q2":null,"Q5":null,"Q25":null,"Q100":null,"Q500":null,"MaxFlow":null,"MaxDate":null,"Q10":null,"Q50":null,"Q200":null,"Q1000":null,"HAVZA_ID":3,"entityId":"8388","entityType":"flowStations","id":"8388","name":"D03A056","stationId":"D03A056","basinId":3,"flow":null,"status":"no_data","color":"#94a3b8","width":2.8}},{"type":"Feature","id":"8389","geometry":{"type":"Point","coordinates":[28.283333000000027,40.28333300000003]},"properties":{"OBJECTID":8389,"AGINO":"D03A064","SUADI":null,"ISTADI":null,"ILKODU":16,"ILCEKODU":1434,"KOT":null,"TEKERRUR_YILI":null,"Q2":null,"Q5":null,"Q25":null,"Q100":null,"Q500":null,"MaxFlow":null,"MaxDate":null,"Q10":null,"Q50":null,"Q200":null,"Q1000":null,"HAVZA_ID":3,"entityId":"8389","entityType":"flowStations","id":"8389","name":"D03A064","stationId":"D03A064","basinId":3,"flow":null,"status":"no_data","color":"#94a3b8","width":2.8}},{"type":"Feature","id":"8391","geometry":{"type":"Point","coordinates":[28.968056000000047,40.12111100000004]},"properties":{"OBJECTID":8391,"AGINO":"D03A075","SUADI":null,"ISTADI":null,"ILKODU":16,"ILCEKODU":1832,"KOT":null,"TEKERRUR_YILI":null,"Q2":null,"Q5":null,"Q25":null,"Q100":null,"Q500":null,"MaxFlow":null,"MaxDate":null,"Q10":null,"Q50":null,"Q200":null,"Q1000":null,"HAVZA_ID":3,"entityId":"8391","entityType":"flowStations","id":"8391","name":"D03A075","stationId":"D03A075","basinId":3,"flow":null,"status":"no_data","color":"#94a3b8","width":2.8}},{"type":"Feature","id":"8392","geometry":{"type":"Point","coordinates":[28.187500000000057,40.30472200000003]},"properties":{"OBJECTID":8392,"AGINO":"D03A082","SUADI":null,"ISTADI":null,"ILKODU":16,"ILCEKODU":1434,"KOT":null,"TEKERRUR_YILI":null,"Q2":null,"Q5":null,"Q25":null,"Q100":null,"Q500":null,"MaxFlow":null,"MaxDate":null,"Q10":null,"Q50":null,"Q200":null,"Q1000":null,"HAVZA_ID":3,"entityId":"8392","entityType":"flowStations","id":"8392","name":"D03A082","stationId":"D03A082","basinId":3,"flow":null,"status":"no_data","color":"#94a3b8","width":2.8}},{"type":"Feature","id":"8394","geometry":{"type":"Point","coordinates":[29.100000000000023,39.94694400000003]},"properties":{"OBJECTID":8394,"AGINO":"D03A089","SUADI":null,"ISTADI":null,"ILKODU":16,"ILCEKODU":1553,"KOT":null,"TEKERRUR_YILI":null,"Q2":null,"Q5":null,"Q25":null,"Q100":null,"Q500":null,"MaxFlow":null,"MaxDate":null,"Q10":null,"Q50":null,"Q200":null,"Q1000":null,"HAVZA_ID":3,"entityId":"8394","entityType":"flowStations","id":"8394","name":"D03A089","stationId":"D03A089","basinId":3,"flow":null,"status":"no_data","color":"#94a3b8","width":2.8}},{"type":"Feature","id":"8395","geometry":{"type":"Point","coordinates":[29.282772747000024,39.817819040000074]},"properties":{"OBJECTID":8395,"AGINO":"D03A102","SUADI":null,"ISTADI":null,"ILKODU":16,"ILCEKODU":1457,"KOT":null,"TEKERRUR_YILI":null,"Q2":null,"Q5":null,"Q25":null,"Q100":null,"Q500":null,"MaxFlow":null,"MaxDate":null,"Q10":null,"Q50":null,"Q200":null,"Q1000":null,"HAVZA_ID":3,"entityId":"8395","entityType":"flowStations","id":"8395","name":"D03A102","stationId":"D03A102","basinId":3,"flow":null,"status":"no_data","color":"#94a3b8","width":2.8}},{"type":"Feature","id":"8397","geometry":{"type":"Point","coordinates":[28.157222000000047,40.16111100000006]},"properties":{"OBJECTID":8397,"AGINO":"D03A115","SUADI":null,"ISTADI":null,"ILKODU":16,"ILCEKODU":1434,"KOT":null,"TEKERRUR_YILI":null,"Q2":null,"Q5":null,"Q25":null,"Q100":null,"Q500":null,"MaxFlow":null,"MaxDate":null,"Q10":null,"Q50":null,"Q200":null,"Q1000":null,"HAVZA_ID":3,"entityId":"8397","entityType":"flowStations","id":"8397","name":"D03A115","stationId":"D03A115","basinId":3,"flow":null,"status":"no_data","color":"#94a3b8","width":2.8}},{"type":"Feature","id":"8398","geometry":{"type":"Point","coordinates":[28.731389000000036,39.699167000000045]},"properties":{"OBJECTID":8398,"AGINO":"D03A125","SUADI":null,"ISTADI":null,"ILKODU":10,"ILCEKODU":1291,"KOT":null,"TEKERRUR_YILI":null,"Q2":null,"Q5":null,"Q25":null,"Q100":null,"Q500":null,"MaxFlow":null,"MaxDate":null,"Q10":null,"Q50":null,"Q200":null,"Q1000":null,"HAVZA_ID":3,"entityId":"8398","entityType":"flowStations","id":"8398","name":"D03A125","stationId":"D03A125","basinId":3,"flow":null,"status":"no_data","color":"#94a3b8","width":2.8}},{"type":"Feature","id":"8400","geometry":{"type":"Point","coordinates":[29.29833300000007,40.25527800000003]},"properties":{"OBJECTID":8400,"AGINO":"D03A133","SUADI":null,"ISTADI":null,"ILKODU":16,"ILCEKODU":1960,"KOT":null,"TEKERRUR_YILI":null,"Q2":null,"Q5":null,"Q25":null,"Q100":null,"Q500":null,"MaxFlow":null,"MaxDate":null,"Q10":null,"Q50":null,"Q200":null,"Q1000":null,"HAVZA_ID":3,"entityId":"8400","entityType":"flowStations","id":"8400","name":"D03A133","stationId":"D03A133","basinId":3,"flow":null,"status":"no_data","color":"#94a3b8","width":2.8}},{"type":"Feature","id":"8401","geometry":{"type":"Point","coordinates":[29.201944000000026,39.994444000000044]},"properties":{"OBJECTID":8401,"AGINO":"D03A139","SUADI":null,"ISTADI":null,"ILKODU":16,"ILCEKODU":1832,"KOT":null,"TEKERRUR_YILI":null,"Q2":null,"Q5":null,"Q25":null,"Q100":null,"Q500":null,"MaxFlow":null,"MaxDate":null,"Q10":null,"Q50":null,"Q200":null,"Q1000":null,"HAVZA_ID":3,"entityId":"8401","entityType":"flowStations","id":"8401","name":"D03A139","stationId":"D03A139","basinId":3,"flow":null,"status":"no_data","color":"#94a3b8","width":2.8}},{"type":"Feature","id":"8404","geometry":{"type":"Point","coordinates":[28.439722000000074,39.92583300000007]},"properties":{"OBJECTID":8404,"AGINO":"D03A144","SUADI":null,"ISTADI":null,"ILKODU":16,"ILCEKODU":1535,"KOT":null,"TEKERRUR_YILI":null,"Q2":null,"Q5":null,"Q25":null,"Q100":null,"Q500":null,"MaxFlow":null,"MaxDate":null,"Q10":null,"Q50":null,"Q200":null,"Q1000":null,"HAVZA_ID":3,"entityId":"8404","entityType":"flowStations","id":"8404","name":"D03A144","stationId":"D03A144","basinId":3,"flow":null,"status":"no_data","color":"#94a3b8","width":2.8}},{"type":"Feature","id":"8405","geometry":{"type":"Point","coordinates":[29.446389000000067,40.06888900000007]},"properties":{"OBJECTID":8405,"AGINO":"D12A135","SUADI":null,"ISTADI":null,"ILKODU":16,"ILCEKODU":1411,"KOT":null,"TEKERRUR_YILI":null,"Q2":null,"Q5":null,"Q25":null,"Q100":null,"Q500":null,"MaxFlow":null,"MaxDate":null,"Q10":null,"Q50":null,"Q200":null,"Q1000":null,"HAVZA_ID":12,"entityId":"8405","entityType":"flowStations","id":"8405","name":"D12A135","stationId":"D12A135","basinId":12,"flow":null,"status":"no_data","color":"#94a3b8","width":2.8}},{"type":"Feature","id":"8406","geometry":{"type":"Point","coordinates":[29.543056000000036,40.18861100000004]},"properties":{"OBJECTID":8406,"AGINO":"D12A153","SUADI":null,"ISTADI":null,"ILKODU":16,"ILCEKODU":1725,"KOT":null,"TEKERRUR_YILI":null,"Q2":null,"Q5":null,"Q25":null,"Q100":null,"Q500":null,"MaxFlow":null,"MaxDate":null,"Q10":null,"Q50":null,"Q200":null,"Q1000":null,"HAVZA_ID":12,"entityId":"8406","entityType":"flowStations","id":"8406","name":"D12A153","stationId":"D12A153","basinId":12,"flow":null,"status":"no_data","color":"#94a3b8","width":2.8}},{"type":"Feature","id":"8407","geometry":{"type":"Point","coordinates":[29.566667000000052,40.53611100000006]},"properties":{"OBJECTID":8407,"AGINO":"D12A155","SUADI":null,"ISTADI":null,"ILKODU":16,"ILCEKODU":1420,"KOT":null,"TEKERRUR_YILI":null,"Q2":null,"Q5":null,"Q25":null,"Q100":null,"Q500":null,"MaxFlow":null,"MaxDate":null,"Q10":null,"Q50":null,"Q200":null,"Q1000":null,"HAVZA_ID":2,"entityId":"8407","entityType":"flowStations","id":"8407","name":"D12A155","stationId":"D12A155","basinId":2,"flow":null,"status":"no_data","color":"#94a3b8","width":2.8}},{"type":"Feature","id":"8408","geometry":{"type":"Point","coordinates":[29.50555600000007,40.03861100000006]},"properties":{"OBJECTID":8408,"AGINO":"D12A156","SUADI":null,"ISTADI":null,"ILKODU":16,"ILCEKODU":1411,"KOT":null,"TEKERRUR_YILI":null,"Q2":null,"Q5":null,"Q25":null,"Q100":null,"Q500":null,"MaxFlow":null,"MaxDate":null,"Q10":null,"Q50":null,"Q200":null,"Q1000":null,"HAVZA_ID":12,"entityId":"8408","entityType":"flowStations","id":"8408","name":"D12A156","stationId":"D12A156","basinId":12,"flow":null,"status":"no_data","color":"#94a3b8","width":2.8}},{"type":"Feature","id":"8409","geometry":{"type":"Point","coordinates":[29.687500000000057,40.229167000000075]},"properties":{"OBJECTID":8409,"AGINO":"D12A164","SUADI":null,"ISTADI":null,"ILKODU":16,"ILCEKODU":1725,"KOT":null,"TEKERRUR_YILI":null,"Q2":null,"Q5":null,"Q25":null,"Q100":null,"Q500":null,"MaxFlow":null,"MaxDate":null,"Q10":null,"Q50":null,"Q200":null,"Q1000":null,"HAVZA_ID":12,"entityId":"8409","entityType":"flowStations","id":"8409","name":"D12A164","stationId":"D12A164","basinId":12,"flow":null,"status":"no_data","color":"#94a3b8","width":2.8}},{"type":"Feature","id":"8410","geometry":{"type":"Point","coordinates":[29.408611000000064,40.118056000000024]},"properties":{"OBJECTID":8410,"AGINO":"D12A175","SUADI":null,"ISTADI":null,"ILKODU":16,"ILCEKODU":1411,"KOT":null,"TEKERRUR_YILI":null,"Q2":null,"Q5":null,"Q25":null,"Q100":null,"Q500":null,"MaxFlow":null,"MaxDate":null,"Q10":null,"Q50":null,"Q200":null,"Q1000":null,"HAVZA_ID":12,"entityId":"8410","entityType":"flowStations","id":"8410","name":"D12A175","stationId":"D12A175","basinId":12,"flow":null,"status":"no_data","color":"#94a3b8","width":2.8}},{"type":"Feature","id":"8411","geometry":{"type":"Point","coordinates":[29.469167000000027,40.04916700000007]},"properties":{"OBJECTID":8411,"AGINO":"D12A177","SUADI":null,"ISTADI":null,"ILKODU":16,"ILCEKODU":1411,"KOT":null,"TEKERRUR_YILI":null,"Q2":null,"Q5":null,"Q25":null,"Q100":null,"Q500":null,"MaxFlow":null,"MaxDate":null,"Q10":null,"Q50":null,"Q200":null,"Q1000":null,"HAVZA_ID":12,"entityId":"8411","entityType":"flowStations","id":"8411","name":"D12A177","stationId":"D12A177","basinId":12,"flow":null,"status":"no_data","color":"#94a3b8","width":2.8}},{"type":"Feature","id":"8412","geometry":{"type":"Point","coordinates":[30.197500000000048,40.86722200000003]},"properties":{"OBJECTID":8412,"AGINO":"D12A208","SUADI":null,"ISTADI":null,"ILKODU":41,"ILCEKODU":2062,"KOT":null,"TEKERRUR_YILI":null,"Q2":null,"Q5":null,"Q25":null,"Q100":null,"Q500":null,"MaxFlow":null,"MaxDate":null,"Q10":null,"Q50":null,"Q200":null,"Q1000":null,"HAVZA_ID":12,"entityId":"8412","entityType":"flowStations","id":"8412","name":"D12A208","stationId":"D12A208","basinId":12,"flow":null,"status":"no_data","color":"#94a3b8","width":2.8}},{"type":"Feature","id":"8415","geometry":{"type":"Point","coordinates":[29.523889000000054,39.98694400000005]},"properties":{"OBJECTID":8415,"AGINO":"D12A248","SUADI":null,"ISTADI":null,"ILKODU":16,"ILCEKODU":1411,"KOT":null,"TEKERRUR_YILI":null,"Q2":null,"Q5":null,"Q25":null,"Q100":null,"Q500":null,"MaxFlow":null,"MaxDate":null,"Q10":null,"Q50":null,"Q200":null,"Q1000":null,"HAVZA_ID":12,"entityId":"8415","entityType":"flowStations","id":"8415","name":"D12A248","stationId":"D12A248","basinId":12,"flow":null,"status":"no_data","color":"#94a3b8","width":2.8}},{"type":"Feature","id":"8416","geometry":{"type":"Point","coordinates":[29.672222000000033,39.94277800000003]},"properties":{"OBJECTID":8416,"AGINO":"D12A249","SUADI":null,"ISTADI":null,"ILKODU":16,"ILCEKODU":1411,"KOT":null,"TEKERRUR_YILI":null,"Q2":null,"Q5":null,"Q25":null,"Q100":null,"Q500":null,"MaxFlow":null,"MaxDate":null,"Q10":null,"Q50":null,"Q200":null,"Q1000":null,"HAVZA_ID":12,"entityId":"8416","entityType":"flowStations","id":"8416","name":"D12A249","stationId":"D12A249","basinId":12,"flow":null,"status":"no_data","color":"#94a3b8","width":2.8}},{"type":"Feature","id":"8418","geometry":{"type":"Point","coordinates":[29.81027800000004,40.28222200000005]},"properties":{"OBJECTID":8418,"AGINO":"D12A264","SUADI":null,"ISTADI":null,"ILKODU":16,"ILCEKODU":1725,"KOT":null,"TEKERRUR_YILI":null,"Q2":null,"Q5":null,"Q25":null,"Q100":null,"Q500":null,"MaxFlow":null,"MaxDate":null,"Q10":null,"Q50":null,"Q200":null,"Q1000":null,"HAVZA_ID":12,"entityId":"8418","entityType":"flowStations","id":"8418","name":"D12A264","stationId":"D12A264","basinId":12,"flow":null,"status":"no_data","color":"#94a3b8","width":2.8}},{"type":"Feature","id":"8420","geometry":{"type":"Point","coordinates":[28.516111000000024,39.961389000000054]},"properties":{"OBJECTID":8420,"AGINO":"E03A002","SUADI":null,"ISTADI":null,"ILKODU":16,"ILCEKODU":1535,"KOT":null,"TEKERRUR_YILI":null,"Q2":null,"Q5":null,"Q25":null,"Q100":null,"Q500":null,"MaxFlow":null,"MaxDate":null,"Q10":null,"Q50":null,"Q200":null,"Q1000":null,"HAVZA_ID":3,"entityId":"8420","entityType":"flowStations","id":"8420","name":"E03A002","stationId":"E03A002","basinId":3,"flow":null,"status":"no_data","color":"#94a3b8","width":2.8}},{"type":"Feature","id":"8421","geometry":{"type":"Point","coordinates":[28.17611100000005,39.98611100000005]},"properties":{"OBJECTID":8421,"AGINO":"E03A016","SUADI":null,"ISTADI":null,"ILKODU":10,"ILCEKODU":1644,"KOT":null,"TEKERRUR_YILI":null,"Q2":null,"Q5":null,"Q25":null,"Q100":null,"Q500":null,"MaxFlow":null,"MaxDate":null,"Q10":null,"Q50":null,"Q200":null,"Q1000":null,"HAVZA_ID":3,"entityId":"8421","entityType":"flowStations","id":"8421","name":"E03A016","stationId":"E03A016","basinId":3,"flow":null,"status":"no_data","color":"#94a3b8","width":2.8}},{"type":"Feature","id":"8422","geometry":{"type":"Point","coordinates":[28.40583300000003,40.26416700000004]},"properties":{"OBJECTID":8422,"AGINO":"E03A017","SUADI":null,"ISTADI":null,"ILKODU":16,"ILCEKODU":1434,"KOT":null,"TEKERRUR_YILI":null,"Q2":null,"Q5":null,"Q25":null,"Q100":null,"Q500":null,"MaxFlow":null,"MaxDate":null,"Q10":null,"Q50":null,"Q200":null,"Q1000":null,"HAVZA_ID":3,"entityId":"8422","entityType":"flowStations","id":"8422","name":"E03A017","stationId":"E03A017","basinId":3,"flow":null,"status":"no_data","color":"#94a3b8","width":2.8}},{"type":"Feature","id":"8423","geometry":{"type":"Point","coordinates":[29.02555600000005,39.92972200000003]},"properties":{"OBJECTID":8423,"AGINO":"E03A031","SUADI":null,"ISTADI":null,"ILKODU":16,"ILCEKODU":1553,"KOT":null,"TEKERRUR_YILI":null,"Q2":null,"Q5":null,"Q25":null,"Q100":null,"Q500":null,"MaxFlow":null,"MaxDate":null,"Q10":null,"Q50":null,"Q200":null,"Q1000":null,"HAVZA_ID":3,"entityId":"8423","entityType":"flowStations","id":"8423","name":"E03A031","stationId":"E03A031","basinId":3,"flow":null,"status":"no_data","color":"#94a3b8","width":2.8}},{"type":"Feature","id":"8424","geometry":{"type":"Point","coordinates":[29.65222200000005,40.011667000000045]},"properties":{"OBJECTID":8424,"AGINO":"E12A050","SUADI":null,"ISTADI":null,"ILKODU":16,"ILCEKODU":1411,"KOT":null,"TEKERRUR_YILI":null,"Q2":null,"Q5":null,"Q25":null,"Q100":null,"Q500":null,"MaxFlow":null,"MaxDate":null,"Q10":null,"Q50":null,"Q200":null,"Q1000":null,"HAVZA_ID":12,"entityId":"8424","entityType":"flowStations","id":"8424","name":"E12A050","stationId":"E12A050","basinId":12,"flow":null,"status":"no_data","color":"#94a3b8","width":2.8}},{"type":"Feature","id":"8425","geometry":{"type":"Point","coordinates":[29.604722000000038,40.00500000000005]},"properties":{"OBJECTID":8425,"AGINO":"E12A064","SUADI":null,"ISTADI":null,"ILKODU":16,"ILCEKODU":1411,"KOT":null,"TEKERRUR_YILI":null,"Q2":null,"Q5":null,"Q25":null,"Q100":null,"Q500":null,"MaxFlow":null,"MaxDate":null,"Q10":null,"Q50":null,"Q200":null,"Q1000":null,"HAVZA_ID":12,"entityId":"8425","entityType":"flowStations","id":"8425","name":"E12A064","stationId":"E12A064","basinId":12,"flow":null,"status":"no_data","color":"#94a3b8","width":2.8}},{"type":"Feature","id":"8427","geometry":{"type":"Point","coordinates":[29.418889000000036,40.36166700000007]},"properties":{"OBJECTID":8427,"AGINO":"E02A016","SUADI":null,"ISTADI":null,"ILKODU":16,"ILCEKODU":1554,"KOT":null,"TEKERRUR_YILI":null,"Q2":null,"Q5":null,"Q25":null,"Q100":null,"Q500":null,"MaxFlow":null,"MaxDate":null,"Q10":null,"Q50":null,"Q200":null,"Q1000":null,"HAVZA_ID":2,"entityId":"8427","entityType":"flowStations","id":"8427","name":"E02A016","stationId":"E02A016","basinId":2,"flow":null,"status":"no_data","color":"#94a3b8","width":2.8}},{"type":"Feature","id":"8469","geometry":{"type":"Point","coordinates":[29.050000000000068,40.166667000000075]},"properties":{"OBJECTID":8469,"AGINO":"D03A091","SUADI":null,"ISTADI":null,"ILKODU":16,"ILCEKODU":1832,"KOT":null,"TEKERRUR_YILI":null,"Q2":null,"Q5":null,"Q25":null,"Q100":null,"Q500":null,"MaxFlow":null,"MaxDate":null,"Q10":null,"Q50":null,"Q200":null,"Q1000":null,"HAVZA_ID":3,"entityId":"8469","entityType":"flowStations","id":"8469","name":"D03A091","stationId":"D03A091","basinId":3,"flow":null,"status":"no_data","color":"#94a3b8","width":2.8}},{"type":"Feature","id":"8504","geometry":{"type":"Point","coordinates":[27.47527800000006,39.13305600000007]},"properties":{"OBJECTID":8504,"AGINO":"D04A051","SUADI":null,"ISTADI":null,"ILKODU":35,"ILCEKODU":1467,"KOT":null,"TEKERRUR_YILI":null,"Q2":null,"Q5":null,"Q25":null,"Q100":null,"Q500":null,"MaxFlow":null,"MaxDate":null,"Q10":null,"Q50":null,"Q200":null,"Q1000":null,"HAVZA_ID":4,"entityId":"8504","entityType":"flowStations","id":"8504","name":"D04A051","stationId":"D04A051","basinId":4,"flow":null,"status":"no_data","color":"#94a3b8","width":2.8}},{"type":"Feature","id":"8505","geometry":{"type":"Point","coordinates":[27.45666700000004,39.21750000000003]},"properties":{"OBJECTID":8505,"AGINO":"D04A053","SUADI":null,"ISTADI":null,"ILKODU":35,"ILCEKODU":1181,"KOT":null,"TEKERRUR_YILI":null,"Q2":null,"Q5":null,"Q25":null,"Q100":null,"Q500":null,"MaxFlow":null,"MaxDate":null,"Q10":null,"Q50":null,"Q200":null,"Q1000":null,"HAVZA_ID":4,"entityId":"8505","entityType":"flowStations","id":"8505","name":"D04A053","stationId":"D04A053","basinId":4,"flow":null,"status":"no_data","color":"#94a3b8","width":2.8}},{"type":"Feature","id":"8508","geometry":{"type":"Point","coordinates":[27.449167000000045,39.06944400000003]},"properties":{"OBJECTID":8508,"AGINO":"D04A058","SUADI":null,"ISTADI":null,"ILKODU":35,"ILCEKODU":1467,"KOT":null,"TEKERRUR_YILI":null,"Q2":null,"Q5":null,"Q25":null,"Q100":null,"Q500":null,"MaxFlow":null,"MaxDate":null,"Q10":null,"Q50":null,"Q200":null,"Q1000":null,"HAVZA_ID":4,"entityId":"8508","entityType":"flowStations","id":"8508","name":"D04A058","stationId":"D04A058","basinId":4,"flow":null,"status":"no_data","color":"#94a3b8","width":2.8}},{"type":"Feature","id":"8510","geometry":{"type":"Point","coordinates":[27.148611000000074,39.16361100000006]},"properties":{"OBJECTID":8510,"AGINO":"D04A063","SUADI":null,"ISTADI":null,"ILKODU":35,"ILCEKODU":1181,"KOT":null,"TEKERRUR_YILI":null,"Q2":null,"Q5":null,"Q25":null,"Q100":null,"Q500":null,"MaxFlow":null,"MaxDate":null,"Q10":null,"Q50":null,"Q200":null,"Q1000":null,"HAVZA_ID":4,"entityId":"8510","entityType":"flowStations","id":"8510","name":"D04A063","stationId":"D04A063","basinId":4,"flow":null,"status":"no_data","color":"#94a3b8","width":2.8}},{"type":"Feature","id":"8511","geometry":{"type":"Point","coordinates":[27.30861100000004,38.855556000000036]},"properties":{"OBJECTID":8511,"AGINO":"D04A064","SUADI":null,"ISTADI":null,"ILKODU":45,"ILCEKODU":2087,"KOT":null,"TEKERRUR_YILI":null,"Q2":null,"Q5":null,"Q25":null,"Q100":null,"Q500":null,"MaxFlow":null,"MaxDate":null,"Q10":null,"Q50":null,"Q200":null,"Q1000":null,"HAVZA_ID":4,"entityId":"8511","entityType":"flowStations","id":"8511","name":"D04A064","stationId":"D04A064","basinId":4,"flow":null,"status":"no_data","color":"#94a3b8","width":2.8}},{"type":"Feature","id":"8512","geometry":{"type":"Point","coordinates":[27.827778000000023,38.95277800000008]},"properties":{"OBJECTID":8512,"AGINO":"D05A015","SUADI":null,"ISTADI":null,"ILKODU":45,"ILCEKODU":1118,"KOT":null,"TEKERRUR_YILI":null,"Q2":null,"Q5":null,"Q25":null,"Q100":null,"Q500":null,"MaxFlow":null,"MaxDate":null,"Q10":null,"Q50":null,"Q200":null,"Q1000":null,"HAVZA_ID":5,"entityId":"8512","entityType":"flowStations","id":"8512","name":"D05A015","stationId":"D05A015","basinId":5,"flow":null,"status":"no_data","color":"#94a3b8","width":2.8}},{"type":"Feature","id":"8513","geometry":{"type":"Point","coordinates":[28.05027800000005,38.46416700000003]},"properties":{"OBJECTID":8513,"AGINO":"D05A021","SUADI":null,"ISTADI":null,"ILKODU":45,"ILCEKODU":1590,"KOT":null,"TEKERRUR_YILI":null,"Q2":null,"Q5":null,"Q25":null,"Q100":null,"Q500":null,"MaxFlow":null,"MaxDate":null,"Q10":null,"Q50":null,"Q200":null,"Q1000":null,"HAVZA_ID":5,"entityId":"8513","entityType":"flowStations","id":"8513","name":"D05A021","stationId":"D05A021","basinId":5,"flow":null,"status":"no_data","color":"#94a3b8","width":2.8}},{"type":"Feature","id":"8514","geometry":{"type":"Point","coordinates":[27.333611000000076,38.681944000000044]},"properties":{"OBJECTID":8514,"AGINO":"D05A025","SUADI":null,"ISTADI":null,"ILKODU":45,"ILCEKODU":2087,"KOT":null,"TEKERRUR_YILI":null,"Q2":null,"Q5":null,"Q25":null,"Q100":null,"Q500":null,"MaxFlow":null,"MaxDate":null,"Q10":null,"Q50":null,"Q200":null,"Q1000":null,"HAVZA_ID":5,"entityId":"8514","entityType":"flowStations","id":"8514","name":"D05A025","stationId":"D05A025","basinId":5,"flow":null,"status":"no_data","color":"#94a3b8","width":2.8}},{"type":"Feature","id":"8515","geometry":{"type":"Point","coordinates":[27.399444000000074,38.76944400000008]},"properties":{"OBJECTID":8515,"AGINO":"D05A026","SUADI":null,"ISTADI":null,"ILKODU":45,"ILCEKODU":2087,"KOT":null,"TEKERRUR_YILI":null,"Q2":null,"Q5":null,"Q25":null,"Q100":null,"Q500":null,"MaxFlow":null,"MaxDate":null,"Q10":null,"Q50":null,"Q200":null,"Q1000":null,"HAVZA_ID":5,"entityId":"8515","entityType":"flowStations","id":"8515","name":"D05A026","stationId":"D05A026","basinId":5,"flow":null,"status":"no_data","color":"#94a3b8","width":2.8}},{"type":"Feature","id":"8516","geometry":{"type":"Point","coordinates":[28.196667000000048,38.771389000000056]},"properties":{"OBJECTID":8516,"AGINO":"D05A028","SUADI":null,"ISTADI":null,"ILKODU":45,"ILCEKODU":1362,"KOT":null,"TEKERRUR_YILI":null,"Q2":null,"Q5":null,"Q25":null,"Q100":null,"Q500":null,"MaxFlow":null,"MaxDate":null,"Q10":null,"Q50":null,"Q200":null,"Q1000":null,"HAVZA_ID":5,"entityId":"8516","entityType":"flowStations","id":"8516","name":"D05A028","stationId":"D05A028","basinId":5,"flow":null,"status":"no_data","color":"#94a3b8","width":2.8}},{"type":"Feature","id":"8517","geometry":{"type":"Point","coordinates":[28.189167000000054,38.51027800000003]},"properties":{"OBJECTID":8517,"AGINO":"D05A031","SUADI":null,"ISTADI":null,"ILKODU":45,"ILCEKODU":1590,"KOT":null,"TEKERRUR_YILI":null,"Q2":null,"Q5":null,"Q25":null,"Q100":null,"Q500":null,"MaxFlow":null,"MaxDate":null,"Q10":null,"Q50":null,"Q200":null,"Q1000":null,"HAVZA_ID":5,"entityId":"8517","entityType":"flowStations","id":"8517","name":"D05A031","stationId":"D05A031","basinId":5,"flow":null,"status":"no_data","color":"#94a3b8","width":2.8}},{"type":"Feature","id":"8519","geometry":{"type":"Point","coordinates":[27.942500000000052,38.493333000000064]},"properties":{"OBJECTID":8519,"AGINO":"D05A039","SUADI":null,"ISTADI":null,"ILKODU":45,"ILCEKODU":1751,"KOT":null,"TEKERRUR_YILI":null,"Q2":null,"Q5":null,"Q25":null,"Q100":null,"Q500":null,"MaxFlow":null,"MaxDate":null,"Q10":null,"Q50":null,"Q200":null,"Q1000":null,"HAVZA_ID":5,"entityId":"8519","entityType":"flowStations","id":"8519","name":"D05A039","stationId":"D05A039","basinId":5,"flow":null,"status":"no_data","color":"#94a3b8","width":2.8}},{"type":"Feature","id":"8520","geometry":{"type":"Point","coordinates":[28.005000000000052,39.12416700000006]},"properties":{"OBJECTID":8520,"AGINO":"D05A043","SUADI":null,"ISTADI":null,"ILKODU":45,"ILCEKODU":1118,"KOT":null,"TEKERRUR_YILI":null,"Q2":null,"Q5":null,"Q25":null,"Q100":null,"Q500":null,"MaxFlow":null,"MaxDate":null,"Q10":null,"Q50":null,"Q200":null,"Q1000":null,"HAVZA_ID":5,"entityId":"8520","entityType":"flowStations","id":"8520","name":"D05A043","stationId":"D05A043","basinId":5,"flow":null,"status":"no_data","color":"#94a3b8","width":2.8}},{"type":"Feature","id":"8521","geometry":{"type":"Point","coordinates":[27.96416700000003,39.06083300000006]},"properties":{"OBJECTID":8521,"AGINO":"D05A044","SUADI":null,"ISTADI":null,"ILKODU":45,"ILCEKODU":1118,"KOT":null,"TEKERRUR_YILI":null,"Q2":null,"Q5":null,"Q25":null,"Q100":null,"Q500":null,"MaxFlow":null,"MaxDate":null,"Q10":null,"Q50":null,"Q200":null,"Q1000":null,"HAVZA_ID":5,"entityId":"8521","entityType":"flowStations","id":"8521","name":"D05A044","stationId":"D05A044","basinId":5,"flow":null,"status":"no_data","color":"#94a3b8","width":2.8}},{"type":"Feature","id":"8522","geometry":{"type":"Point","coordinates":[28.244444000000044,38.42888900000003]},"properties":{"OBJECTID":8522,"AGINO":"D05A048","SUADI":null,"ISTADI":null,"ILKODU":45,"ILCEKODU":1590,"KOT":null,"TEKERRUR_YILI":null,"Q2":null,"Q5":null,"Q25":null,"Q100":null,"Q500":null,"MaxFlow":null,"MaxDate":null,"Q10":null,"Q50":null,"Q200":null,"Q1000":null,"HAVZA_ID":5,"entityId":"8522","entityType":"flowStations","id":"8522","name":"D05A048","stationId":"D05A048","basinId":5,"flow":null,"status":"no_data","color":"#94a3b8","width":2.8}},{"type":"Feature","id":"8523","geometry":{"type":"Point","coordinates":[27.987500000000068,38.76611100000008]},"properties":{"OBJECTID":8523,"AGINO":"D05A049","SUADI":null,"ISTADI":null,"ILKODU":45,"ILCEKODU":1793,"KOT":null,"TEKERRUR_YILI":null,"Q2":null,"Q5":null,"Q25":null,"Q100":null,"Q500":null,"MaxFlow":null,"MaxDate":null,"Q10":null,"Q50":null,"Q200":null,"Q1000":null,"HAVZA_ID":5,"entityId":"8523","entityType":"flowStations","id":"8523","name":"D05A049","stationId":"D05A049","basinId":5,"flow":null,"status":"no_data","color":"#94a3b8","width":2.8}},{"type":"Feature","id":"8525","geometry":{"type":"Point","coordinates":[27.847778000000062,38.45722200000006]},"properties":{"OBJECTID":8525,"AGINO":"D05A055","SUADI":null,"ISTADI":null,"ILKODU":45,"ILCEKODU":1689,"KOT":null,"TEKERRUR_YILI":null,"Q2":null,"Q5":null,"Q25":null,"Q100":null,"Q500":null,"MaxFlow":null,"MaxDate":null,"Q10":null,"Q50":null,"Q200":null,"Q1000":null,"HAVZA_ID":5,"entityId":"8525","entityType":"flowStations","id":"8525","name":"D05A055","stationId":"D05A055","basinId":5,"flow":null,"status":"no_data","color":"#94a3b8","width":2.8}},{"type":"Feature","id":"8526","geometry":{"type":"Point","coordinates":[28.603889000000038,38.668889000000036]},"properties":{"OBJECTID":8526,"AGINO":"D05A060","SUADI":null,"ISTADI":null,"ILKODU":45,"ILCEKODU":1489,"KOT":null,"TEKERRUR_YILI":null,"Q2":null,"Q5":null,"Q25":null,"Q100":null,"Q500":null,"MaxFlow":null,"MaxDate":null,"Q10":null,"Q50":null,"Q200":null,"Q1000":null,"HAVZA_ID":5,"entityId":"8526","entityType":"flowStations","id":"8526","name":"D05A060","stationId":"D05A060","basinId":5,"flow":null,"status":"no_data","color":"#94a3b8","width":2.8}},{"type":"Feature","id":"8528","geometry":{"type":"Point","coordinates":[29.295556000000033,38.78138900000005]},"properties":{"OBJECTID":8528,"AGINO":"D05A064","SUADI":null,"ISTADI":null,"ILKODU":64,"ILCEKODU":1704,"KOT":null,"TEKERRUR_YILI":null,"Q2":null,"Q5":null,"Q25":null,"Q100":null,"Q500":null,"MaxFlow":null,"MaxDate":null,"Q10":null,"Q50":null,"Q200":null,"Q1000":null,"HAVZA_ID":5,"entityId":"8528","entityType":"flowStations","id":"8528","name":"D05A064","stationId":"D05A064","basinId":5,"flow":null,"status":"no_data","color":"#94a3b8","width":2.8}},{"type":"Feature","id":"8530","geometry":{"type":"Point","coordinates":[27.87361100000004,39.01944400000008]},"properties":{"OBJECTID":8530,"AGINO":"D05A069","SUADI":null,"ISTADI":null,"ILKODU":45,"ILCEKODU":1118,"KOT":null,"TEKERRUR_YILI":null,"Q2":null,"Q5":null,"Q25":null,"Q100":null,"Q500":null,"MaxFlow":null,"MaxDate":null,"Q10":null,"Q50":null,"Q200":null,"Q1000":null,"HAVZA_ID":5,"entityId":"8530","entityType":"flowStations","id":"8530","name":"D05A069","stationId":"D05A069","basinId":5,"flow":null,"status":"no_data","color":"#94a3b8","width":2.8}},{"type":"Feature","id":"8531","geometry":{"type":"Point","coordinates":[27.81916700000005,38.46555600000005]},"properties":{"OBJECTID":8531,"AGINO":"D05A070","SUADI":null,"ISTADI":null,"ILKODU":45,"ILCEKODU":1689,"KOT":null,"TEKERRUR_YILI":null,"Q2":null,"Q5":null,"Q25":null,"Q100":null,"Q500":null,"MaxFlow":null,"MaxDate":null,"Q10":null,"Q50":null,"Q200":null,"Q1000":null,"HAVZA_ID":5,"entityId":"8531","entityType":"flowStations","id":"8531","name":"D05A070","stationId":"D05A070","basinId":5,"flow":null,"status":"no_data","color":"#94a3b8","width":2.8}},{"type":"Feature","id":"8532","geometry":{"type":"Point","coordinates":[29.02666700000003,38.58055600000006]},"properties":{"OBJECTID":8532,"AGINO":"D05A072","SUADI":null,"ISTADI":null,"ILKODU":64,"ILCEKODU":1323,"KOT":null,"TEKERRUR_YILI":null,"Q2":null,"Q5":null,"Q25":null,"Q100":null,"Q500":null,"MaxFlow":null,"MaxDate":null,"Q10":null,"Q50":null,"Q200":null,"Q1000":null,"HAVZA_ID":5,"entityId":"8532","entityType":"flowStations","id":"8532","name":"D05A072","stationId":"D05A072","basinId":5,"flow":null,"status":"no_data","color":"#94a3b8","width":2.8}},{"type":"Feature","id":"8533","geometry":{"type":"Point","coordinates":[27.670000000000073,38.410833000000025]},"properties":{"OBJECTID":8533,"AGINO":"D05A078","SUADI":null,"ISTADI":null,"ILKODU":35,"ILCEKODU":1461,"KOT":null,"TEKERRUR_YILI":null,"Q2":null,"Q5":null,"Q25":null,"Q100":null,"Q500":null,"MaxFlow":null,"MaxDate":null,"Q10":null,"Q50":null,"Q200":null,"Q1000":null,"HAVZA_ID":5,"entityId":"8533","entityType":"flowStations","id":"8533","name":"D05A078","stationId":"D05A078","basinId":5,"flow":null,"status":"no_data","color":"#94a3b8","width":2.8}},{"type":"Feature","id":"8534","geometry":{"type":"Point","coordinates":[29.014722000000063,38.711389000000054]},"properties":{"OBJECTID":8534,"AGINO":"D05A079","SUADI":null,"ISTADI":null,"ILKODU":64,"ILCEKODU":1704,"KOT":null,"TEKERRUR_YILI":null,"Q2":null,"Q5":null,"Q25":null,"Q100":null,"Q500":null,"MaxFlow":null,"MaxDate":null,"Q10":null,"Q50":null,"Q200":null,"Q1000":null,"HAVZA_ID":5,"entityId":"8534","entityType":"flowStations","id":"8534","name":"D05A079","stationId":"D05A079","basinId":5,"flow":null,"status":"no_data","color":"#94a3b8","width":2.8}},{"type":"Feature","id":"8535","geometry":{"type":"Point","coordinates":[28.049167000000068,38.74861100000004]},"properties":{"OBJECTID":8535,"AGINO":"D05A080","SUADI":null,"ISTADI":null,"ILKODU":45,"ILCEKODU":1793,"KOT":null,"TEKERRUR_YILI":null,"Q2":null,"Q5":null,"Q25":null,"Q100":null,"Q500":null,"MaxFlow":null,"MaxDate":null,"Q10":null,"Q50":null,"Q200":null,"Q1000":null,"HAVZA_ID":5,"entityId":"8535","entityType":"flowStations","id":"8535","name":"D05A080","stationId":"D05A080","basinId":5,"flow":null,"status":"no_data","color":"#94a3b8","width":2.8}},{"type":"Feature","id":"8537","geometry":{"type":"Point","coordinates":[27.709167000000036,38.42888900000003]},"properties":{"OBJECTID":8537,"AGINO":"D05A082","SUADI":null,"ISTADI":null,"ILKODU":45,"ILCEKODU":1689,"KOT":null,"TEKERRUR_YILI":null,"Q2":null,"Q5":null,"Q25":null,"Q100":null,"Q500":null,"MaxFlow":null,"MaxDate":null,"Q10":null,"Q50":null,"Q200":null,"Q1000":null,"HAVZA_ID":5,"entityId":"8537","entityType":"flowStations","id":"8537","name":"D05A082","stationId":"D05A082","basinId":5,"flow":null,"status":"no_data","color":"#94a3b8","width":2.8}},{"type":"Feature","id":"8538","geometry":{"type":"Point","coordinates":[27.733611000000053,38.417778000000055]},"properties":{"OBJECTID":8538,"AGINO":"D05A083","SUADI":null,"ISTADI":null,"ILKODU":45,"ILCEKODU":1689,"KOT":null,"TEKERRUR_YILI":null,"Q2":null,"Q5":null,"Q25":null,"Q100":null,"Q500":null,"MaxFlow":null,"MaxDate":null,"Q10":null,"Q50":null,"Q200":null,"Q1000":null,"HAVZA_ID":5,"entityId":"8538","entityType":"flowStations","id":"8538","name":"D05A083","stationId":"D05A083","basinId":5,"flow":null,"status":"no_data","color":"#94a3b8","width":2.8}},{"type":"Feature","id":"8541","geometry":{"type":"Point","coordinates":[27.553611000000046,38.24138900000003]},"properties":{"OBJECTID":8541,"AGINO":"D06A025","SUADI":null,"ISTADI":null,"ILKODU":35,"ILCEKODU":1178,"KOT":null,"TEKERRUR_YILI":null,"Q2":null,"Q5":null,"Q25":null,"Q100":null,"Q500":null,"MaxFlow":null,"MaxDate":null,"Q10":null,"Q50":null,"Q200":null,"Q1000":null,"HAVZA_ID":6,"entityId":"8541","entityType":"flowStations","id":"8541","name":"D06A025","stationId":"D06A025","basinId":6,"flow":null,"status":"no_data","color":"#94a3b8","width":2.8}},{"type":"Feature","id":"8542","geometry":{"type":"Point","coordinates":[26.374722000000077,38.57166700000005]},"properties":{"OBJECTID":8542,"AGINO":"D06A028","SUADI":null,"ISTADI":null,"ILKODU":35,"ILCEKODU":1432,"KOT":null,"TEKERRUR_YILI":null,"Q2":null,"Q5":null,"Q25":null,"Q100":null,"Q500":null,"MaxFlow":null,"MaxDate":null,"Q10":null,"Q50":null,"Q200":null,"Q1000":null,"HAVZA_ID":6,"entityId":"8542","entityType":"flowStations","id":"8542","name":"D06A028","stationId":"D06A028","basinId":6,"flow":null,"status":"no_data","color":"#94a3b8","width":2.8}},{"type":"Feature","id":"8543","geometry":{"type":"Point","coordinates":[28.193611000000033,38.23416700000007]},"properties":{"OBJECTID":8543,"AGINO":"D06A033","SUADI":null,"ISTADI":null,"ILKODU":35,"ILCEKODU":1477,"KOT":null,"TEKERRUR_YILI":null,"Q2":null,"Q5":null,"Q25":null,"Q100":null,"Q500":null,"MaxFlow":null,"MaxDate":null,"Q10":null,"Q50":null,"Q200":null,"Q1000":null,"HAVZA_ID":6,"entityId":"8543","entityType":"flowStations","id":"8543","name":"D06A033","stationId":"D06A033","basinId":6,"flow":null,"status":"no_data","color":"#94a3b8","width":2.8}},{"type":"Feature","id":"8545","geometry":{"type":"Point","coordinates":[26.866389000000026,38.31861100000003]},"properties":{"OBJECTID":8545,"AGINO":"D06A038","SUADI":null,"ISTADI":null,"ILKODU":35,"ILCEKODU":2018,"KOT":null,"TEKERRUR_YILI":null,"Q2":null,"Q5":null,"Q25":null,"Q100":null,"Q500":null,"MaxFlow":null,"MaxDate":null,"Q10":null,"Q50":null,"Q200":null,"Q1000":null,"HAVZA_ID":6,"entityId":"8545","entityType":"flowStations","id":"8545","name":"D06A038","stationId":"D06A038","basinId":6,"flow":null,"status":"no_data","color":"#94a3b8","width":2.8}},{"type":"Feature","id":"8546","geometry":{"type":"Point","coordinates":[27.90166700000003,38.05472200000003]},"properties":{"OBJECTID":8546,"AGINO":"D06A042","SUADI":null,"ISTADI":null,"ILKODU":35,"ILCEKODU":1677,"KOT":null,"TEKERRUR_YILI":null,"Q2":null,"Q5":null,"Q25":null,"Q100":null,"Q500":null,"MaxFlow":null,"MaxDate":null,"Q10":null,"Q50":null,"Q200":null,"Q1000":null,"HAVZA_ID":6,"entityId":"8546","entityType":"flowStations","id":"8546","name":"D06A042","stationId":"D06A042","basinId":6,"flow":null,"status":"no_data","color":"#94a3b8","width":2.8}},{"type":"Feature","id":"8547","geometry":{"type":"Point","coordinates":[27.00777800000003,38.39416700000004]},"properties":{"OBJECTID":8547,"AGINO":"D06A043","SUADI":null,"ISTADI":null,"ILKODU":35,"ILCEKODU":2013,"KOT":null,"TEKERRUR_YILI":null,"Q2":null,"Q5":null,"Q25":null,"Q100":null,"Q500":null,"MaxFlow":null,"MaxDate":null,"Q10":null,"Q50":null,"Q200":null,"Q1000":null,"HAVZA_ID":6,"entityId":"8547","entityType":"flowStations","id":"8547","name":"D06A043","stationId":"D06A043","basinId":6,"flow":null,"status":"no_data","color":"#94a3b8","width":2.8}},{"type":"Feature","id":"8548","geometry":{"type":"Point","coordinates":[27.416389000000038,37.959722000000056]},"properties":{"OBJECTID":8548,"AGINO":"D06A045","SUADI":null,"ISTADI":null,"ILKODU":35,"ILCEKODU":1612,"KOT":null,"TEKERRUR_YILI":null,"Q2":null,"Q5":null,"Q25":null,"Q100":null,"Q500":null,"MaxFlow":null,"MaxDate":null,"Q10":null,"Q50":null,"Q200":null,"Q1000":null,"HAVZA_ID":6,"entityId":"8548","entityType":"flowStations","id":"8548","name":"D06A045","stationId":"D06A045","basinId":6,"flow":null,"status":"no_data","color":"#94a3b8","width":2.8}},{"type":"Feature","id":"8551","geometry":{"type":"Point","coordinates":[27.468889000000047,38.02000000000004]},"properties":{"OBJECTID":8551,"AGINO":"D06A048","SUADI":null,"ISTADI":null,"ILKODU":35,"ILCEKODU":1677,"KOT":null,"TEKERRUR_YILI":null,"Q2":null,"Q5":null,"Q25":null,"Q100":null,"Q500":null,"MaxFlow":null,"MaxDate":null,"Q10":null,"Q50":null,"Q200":null,"Q1000":null,"HAVZA_ID":6,"entityId":"8551","entityType":"flowStations","id":"8551","name":"D06A048","stationId":"D06A048","basinId":6,"flow":null,"status":"no_data","color":"#94a3b8","width":2.8}},{"type":"Feature","id":"8552","geometry":{"type":"Point","coordinates":[29.733611000000053,38.785833000000025]},"properties":{"OBJECTID":8552,"AGINO":"D07A122","SUADI":null,"ISTADI":null,"ILKODU":64,"ILCEKODU":1170,"KOT":null,"TEKERRUR_YILI":null,"Q2":null,"Q5":null,"Q25":null,"Q100":null,"Q500":null,"MaxFlow":null,"MaxDate":null,"Q10":null,"Q50":null,"Q200":null,"Q1000":null,"HAVZA_ID":7,"entityId":"8552","entityType":"flowStations","id":"8552","name":"D07A122","stationId":"D07A122","basinId":7,"flow":null,"status":"no_data","color":"#94a3b8","width":2.8}},{"type":"Feature","id":"8555","geometry":{"type":"Point","coordinates":[27.04833300000007,38.99611100000004]},"properties":{"OBJECTID":8555,"AGINO":"E04A011","SUADI":null,"ISTADI":null,"ILKODU":35,"ILCEKODU":1181,"KOT":null,"TEKERRUR_YILI":null,"Q2":null,"Q5":null,"Q25":null,"Q100":null,"Q500":null,"MaxFlow":null,"MaxDate":null,"Q10":null,"Q50":null,"Q200":null,"Q1000":null,"HAVZA_ID":4,"entityId":"8555","entityType":"flowStations","id":"8555","name":"E04A011","stationId":"E04A011","basinId":4,"flow":null,"status":"no_data","color":"#94a3b8","width":2.8}},{"type":"Feature","id":"8556","geometry":{"type":"Point","coordinates":[27.667222000000038,38.76972200000006]},"properties":{"OBJECTID":8556,"AGINO":"E05A010","SUADI":null,"ISTADI":null,"ILKODU":45,"ILCEKODU":1606,"KOT":null,"TEKERRUR_YILI":null,"Q2":null,"Q5":null,"Q25":null,"Q100":null,"Q500":null,"MaxFlow":null,"MaxDate":null,"Q10":null,"Q50":null,"Q200":null,"Q1000":null,"HAVZA_ID":5,"entityId":"8556","entityType":"flowStations","id":"8556","name":"E05A010","stationId":"E05A010","basinId":5,"flow":null,"status":"no_data","color":"#94a3b8","width":2.8}},{"type":"Feature","id":"8557","geometry":{"type":"Point","coordinates":[28.700000000000045,38.69944400000003]},"properties":{"OBJECTID":8557,"AGINO":"E05A014","SUADI":null,"ISTADI":null,"ILKODU":45,"ILCEKODU":1613,"KOT":null,"TEKERRUR_YILI":null,"Q2":null,"Q5":null,"Q25":null,"Q100":null,"Q500":null,"MaxFlow":null,"MaxDate":null,"Q10":null,"Q50":null,"Q200":null,"Q1000":null,"HAVZA_ID":5,"entityId":"8557","entityType":"flowStations","id":"8557","name":"E05A014","stationId":"E05A014","basinId":5,"flow":null,"status":"no_data","color":"#94a3b8","width":2.8}},{"type":"Feature","id":"8558","geometry":{"type":"Point","coordinates":[28.482778000000053,38.75305600000007]},"properties":{"OBJECTID":8558,"AGINO":"E05A022","SUADI":null,"ISTADI":null,"ILKODU":45,"ILCEKODU":1965,"KOT":null,"TEKERRUR_YILI":null,"Q2":null,"Q5":null,"Q25":null,"Q100":null,"Q500":null,"MaxFlow":null,"MaxDate":null,"Q10":null,"Q50":null,"Q200":null,"Q1000":null,"HAVZA_ID":5,"entityId":"8558","entityType":"flowStations","id":"8558","name":"E05A022","stationId":"E05A022","basinId":5,"flow":null,"status":"no_data","color":"#94a3b8","width":2.8}},{"type":"Feature","id":"8559","geometry":{"type":"Point","coordinates":[27.61305600000003,38.41222200000004]},"properties":{"OBJECTID":8559,"AGINO":"E05A025","SUADI":null,"ISTADI":null,"ILKODU":35,"ILCEKODU":1461,"KOT":null,"TEKERRUR_YILI":null,"Q2":null,"Q5":null,"Q25":null,"Q100":null,"Q500":null,"MaxFlow":null,"MaxDate":null,"Q10":null,"Q50":null,"Q200":null,"Q1000":null,"HAVZA_ID":5,"entityId":"8559","entityType":"flowStations","id":"8559","name":"E05A025","stationId":"E05A025","basinId":5,"flow":null,"status":"no_data","color":"#94a3b8","width":2.8}},{"type":"Feature","id":"8560","geometry":{"type":"Point","coordinates":[28.58222200000006,38.73416700000007]},"properties":{"OBJECTID":8560,"AGINO":"E05A029","SUADI":null,"ISTADI":null,"ILKODU":45,"ILCEKODU":1965,"KOT":null,"TEKERRUR_YILI":null,"Q2":null,"Q5":null,"Q25":null,"Q100":null,"Q500":null,"MaxFlow":null,"MaxDate":null,"Q10":null,"Q50":null,"Q200":null,"Q1000":null,"HAVZA_ID":5,"entityId":"8560","entityType":"flowStations","id":"8560","name":"E05A029","stationId":"E05A029","basinId":5,"flow":null,"status":"no_data","color":"#94a3b8","width":2.8}},{"type":"Feature","id":"8561","geometry":{"type":"Point","coordinates":[29.306389000000024,38.373056000000076]},"properties":{"OBJECTID":8561,"AGINO":"E07A042","SUADI":null,"ISTADI":null,"ILKODU":64,"ILCEKODU":1697,"KOT":null,"TEKERRUR_YILI":null,"Q2":null,"Q5":null,"Q25":null,"Q100":null,"Q500":null,"MaxFlow":null,"MaxDate":null,"Q10":null,"Q50":null,"Q200":null,"Q1000":null,"HAVZA_ID":7,"entityId":"8561","entityType":"flowStations","id":"8561","name":"E07A042","stationId":"E07A042","basinId":7,"flow":null,"status":"no_data","color":"#94a3b8","width":2.8}},{"type":"Feature","id":"8699","geometry":{"type":"Point","coordinates":[29.61361100000005,39.440000000000055]},"properties":{"OBJECTID":8699,"AGINO":"D03A020","SUADI":null,"ISTADI":null,"ILKODU":43,"ILCEKODU":1671,"KOT":null,"TEKERRUR_YILI":null,"Q2":null,"Q5":null,"Q25":null,"Q100":null,"Q500":null,"MaxFlow":null,"MaxDate":null,"Q10":null,"Q50":null,"Q200":null,"Q1000":null,"HAVZA_ID":3,"entityId":"8699","entityType":"flowStations","id":"8699","name":"D03A020","stationId":"D03A020","basinId":3,"flow":null,"status":"no_data","color":"#94a3b8","width":2.8}},{"type":"Feature","id":"8701","geometry":{"type":"Point","coordinates":[29.12111100000004,39.26388900000006]},"properties":{"OBJECTID":8701,"AGINO":"D03A095","SUADI":null,"ISTADI":null,"ILKODU":43,"ILCEKODU":1304,"KOT":null,"TEKERRUR_YILI":null,"Q2":null,"Q5":null,"Q25":null,"Q100":null,"Q500":null,"MaxFlow":null,"MaxDate":null,"Q10":null,"Q50":null,"Q200":null,"Q1000":null,"HAVZA_ID":3,"entityId":"8701","entityType":"flowStations","id":"8701","name":"D03A095","stationId":"D03A095","basinId":3,"flow":null,"status":"no_data","color":"#94a3b8","width":2.8}},{"type":"Feature","id":"8702","geometry":{"type":"Point","coordinates":[29.150000000000034,39.51666700000004]},"properties":{"OBJECTID":8702,"AGINO":"D03A104","SUADI":null,"ISTADI":null,"ILKODU":43,"ILCEKODU":1671,"KOT":null,"TEKERRUR_YILI":null,"Q2":null,"Q5":null,"Q25":null,"Q100":null,"Q500":null,"MaxFlow":null,"MaxDate":null,"Q10":null,"Q50":null,"Q200":null,"Q1000":null,"HAVZA_ID":3,"entityId":"8702","entityType":"flowStations","id":"8702","name":"D03A104","stationId":"D03A104","basinId":3,"flow":null,"status":"no_data","color":"#94a3b8","width":2.8}},{"type":"Feature","id":"8703","geometry":{"type":"Point","coordinates":[29.18333300000006,39.23333300000007]},"properties":{"OBJECTID":8703,"AGINO":"D03A117","SUADI":null,"ISTADI":null,"ILKODU":43,"ILCEKODU":1802,"KOT":null,"TEKERRUR_YILI":null,"Q2":null,"Q5":null,"Q25":null,"Q100":null,"Q500":null,"MaxFlow":null,"MaxDate":null,"Q10":null,"Q50":null,"Q200":null,"Q1000":null,"HAVZA_ID":3,"entityId":"8703","entityType":"flowStations","id":"8703","name":"D03A117","stationId":"D03A117","basinId":3,"flow":null,"status":"no_data","color":"#94a3b8","width":2.8}},{"type":"Feature","id":"8706","geometry":{"type":"Point","coordinates":[29.469444000000067,38.92972200000003]},"properties":{"OBJECTID":8706,"AGINO":"D05A046","SUADI":null,"ISTADI":null,"ILKODU":43,"ILCEKODU":1339,"KOT":null,"TEKERRUR_YILI":null,"Q2":null,"Q5":null,"Q25":null,"Q100":null,"Q500":null,"MaxFlow":null,"MaxDate":null,"Q10":null,"Q50":null,"Q200":null,"Q1000":null,"HAVZA_ID":5,"entityId":"8706","entityType":"flowStations","id":"8706","name":"D05A046","stationId":"D05A046","basinId":5,"flow":null,"status":"no_data","color":"#94a3b8","width":2.8}},{"type":"Feature","id":"8707","geometry":{"type":"Point","coordinates":[30.033333000000027,39.34388900000005]},"properties":{"OBJECTID":8707,"AGINO":"D12A033","SUADI":null,"ISTADI":null,"ILKODU":43,"ILCEKODU":1500,"KOT":null,"TEKERRUR_YILI":null,"Q2":null,"Q5":null,"Q25":null,"Q100":null,"Q500":null,"MaxFlow":null,"MaxDate":null,"Q10":null,"Q50":null,"Q200":null,"Q1000":null,"HAVZA_ID":12,"entityId":"8707","entityType":"flowStations","id":"8707","name":"D12A033","stationId":"D12A033","basinId":12,"flow":null,"status":"no_data","color":"#94a3b8","width":2.8}},{"type":"Feature","id":"8709","geometry":{"type":"Point","coordinates":[30.42472200000003,39.731944000000055]},"properties":{"OBJECTID":8709,"AGINO":"D12A054","SUADI":null,"ISTADI":null,"ILKODU":26,"ILCEKODU":2047,"KOT":null,"TEKERRUR_YILI":null,"Q2":null,"Q5":null,"Q25":null,"Q100":null,"Q500":null,"MaxFlow":null,"MaxDate":null,"Q10":null,"Q50":null,"Q200":null,"Q1000":null,"HAVZA_ID":12,"entityId":"8709","entityType":"flowStations","id":"8709","name":"D12A054","stationId":"D12A054","basinId":12,"flow":null,"status":"no_data","color":"#94a3b8","width":2.8}},{"type":"Feature","id":"8711","geometry":{"type":"Point","coordinates":[30.400000000000034,39.63333300000005]},"properties":{"OBJECTID":8711,"AGINO":"D12A063","SUADI":null,"ISTADI":null,"ILKODU":26,"ILCEKODU":2046,"KOT":null,"TEKERRUR_YILI":null,"Q2":null,"Q5":null,"Q25":null,"Q100":null,"Q500":null,"MaxFlow":null,"MaxDate":null,"Q10":null,"Q50":null,"Q200":null,"Q1000":null,"HAVZA_ID":12,"entityId":"8711","entityType":"flowStations","id":"8711","name":"D12A063","stationId":"D12A063","basinId":12,"flow":null,"status":"no_data","color":"#94a3b8","width":2.8}},{"type":"Feature","id":"8712","geometry":{"type":"Point","coordinates":[30.150000000000034,40.33333300000004]},"properties":{"OBJECTID":8712,"AGINO":"D12A091","SUADI":null,"ISTADI":null,"ILKODU":11,"ILCEKODU":1559,"KOT":null,"TEKERRUR_YILI":null,"Q2":null,"Q5":null,"Q25":null,"Q100":null,"Q500":null,"MaxFlow":null,"MaxDate":null,"Q10":null,"Q50":null,"Q200":null,"Q1000":null,"HAVZA_ID":12,"entityId":"8712","entityType":"flowStations","id":"8712","name":"D12A091","stationId":"D12A091","basinId":12,"flow":null,"status":"no_data","color":"#94a3b8","width":2.8}},{"type":"Feature","id":"8713","geometry":{"type":"Point","coordinates":[30.166667000000075,38.866667000000064]},"properties":{"OBJECTID":8713,"AGINO":"D12A093","SUADI":null,"ISTADI":null,"ILKODU":3,"ILCEKODU":1626,"KOT":null,"TEKERRUR_YILI":null,"Q2":null,"Q5":null,"Q25":null,"Q100":null,"Q500":null,"MaxFlow":null,"MaxDate":null,"Q10":null,"Q50":null,"Q200":null,"Q1000":null,"HAVZA_ID":12,"entityId":"8713","entityType":"flowStations","id":"8713","name":"D12A093","stationId":"D12A093","basinId":12,"flow":null,"status":"no_data","color":"#94a3b8","width":2.8}},{"type":"Feature","id":"8714","geometry":{"type":"Point","coordinates":[30.26666700000004,39.58333300000004]},"properties":{"OBJECTID":8714,"AGINO":"D12A101","SUADI":null,"ISTADI":null,"ILKODU":26,"ILCEKODU":2046,"KOT":null,"TEKERRUR_YILI":null,"Q2":null,"Q5":null,"Q25":null,"Q100":null,"Q500":null,"MaxFlow":null,"MaxDate":null,"Q10":null,"Q50":null,"Q200":null,"Q1000":null,"HAVZA_ID":12,"entityId":"8714","entityType":"flowStations","id":"8714","name":"D12A101","stationId":"D12A101","basinId":12,"flow":null,"status":"no_data","color":"#94a3b8","width":2.8}},{"type":"Feature","id":"8715","geometry":{"type":"Point","coordinates":[30.533333000000027,40.38333300000005]},"properties":{"OBJECTID":8715,"AGINO":"D12A146","SUADI":null,"ISTADI":null,"ILKODU":54,"ILCEKODU":1847,"KOT":null,"TEKERRUR_YILI":null,"Q2":null,"Q5":null,"Q25":null,"Q100":null,"Q500":null,"MaxFlow":null,"MaxDate":null,"Q10":null,"Q50":null,"Q200":null,"Q1000":null,"HAVZA_ID":12,"entityId":"8715","entityType":"flowStations","id":"8715","name":"D12A146","stationId":"D12A146","basinId":12,"flow":null,"status":"no_data","color":"#94a3b8","width":2.8}},{"type":"Feature","id":"8716","geometry":{"type":"Point","coordinates":[30.13333300000005,38.96666700000003]},"properties":{"OBJECTID":8716,"AGINO":"D12A152","SUADI":null,"ISTADI":null,"ILKODU":43,"ILCEKODU":1132,"KOT":null,"TEKERRUR_YILI":null,"Q2":null,"Q5":null,"Q25":null,"Q100":null,"Q500":null,"MaxFlow":null,"MaxDate":null,"Q10":null,"Q50":null,"Q200":null,"Q1000":null,"HAVZA_ID":12,"entityId":"8716","entityType":"flowStations","id":"8716","name":"D12A152","stationId":"D12A152","basinId":12,"flow":null,"status":"no_data","color":"#94a3b8","width":2.8}},{"type":"Feature","id":"8718","geometry":{"type":"Point","coordinates":[29.983333000000073,40.450000000000045]},"properties":{"OBJECTID":8718,"AGINO":"D12A167","SUADI":null,"ISTADI":null,"ILKODU":11,"ILCEKODU":1559,"KOT":null,"TEKERRUR_YILI":null,"Q2":null,"Q5":null,"Q25":null,"Q100":null,"Q500":null,"MaxFlow":null,"MaxDate":null,"Q10":null,"Q50":null,"Q200":null,"Q1000":null,"HAVZA_ID":12,"entityId":"8718","entityType":"flowStations","id":"8718","name":"D12A167","stationId":"D12A167","basinId":12,"flow":null,"status":"no_data","color":"#94a3b8","width":2.8}},{"type":"Feature","id":"8719","geometry":{"type":"Point","coordinates":[30.033333000000027,39.81666700000005]},"properties":{"OBJECTID":8719,"AGINO":"D12A170","SUADI":null,"ISTADI":null,"ILKODU":11,"ILCEKODU":1210,"KOT":null,"TEKERRUR_YILI":null,"Q2":null,"Q5":null,"Q25":null,"Q100":null,"Q500":null,"MaxFlow":null,"MaxDate":null,"Q10":null,"Q50":null,"Q200":null,"Q1000":null,"HAVZA_ID":12,"entityId":"8719","entityType":"flowStations","id":"8719","name":"D12A170","stationId":"D12A170","basinId":12,"flow":null,"status":"no_data","color":"#94a3b8","width":2.8}},{"type":"Feature","id":"8720","geometry":{"type":"Point","coordinates":[30.150000000000034,39.81666700000005]},"properties":{"OBJECTID":8720,"AGINO":"D12A172","SUADI":null,"ISTADI":null,"ILKODU":26,"ILCEKODU":1808,"KOT":null,"TEKERRUR_YILI":null,"Q2":null,"Q5":null,"Q25":null,"Q100":null,"Q500":null,"MaxFlow":null,"MaxDate":null,"Q10":null,"Q50":null,"Q200":null,"Q1000":null,"HAVZA_ID":12,"entityId":"8720","entityType":"flowStations","id":"8720","name":"D12A172","stationId":"D12A172","basinId":12,"flow":null,"status":"no_data","color":"#94a3b8","width":2.8}},{"type":"Feature","id":"8721","geometry":{"type":"Point","coordinates":[30.02638900000005,39.462500000000034]},"properties":{"OBJECTID":8721,"AGINO":"D12A181","SUADI":null,"ISTADI":null,"ILKODU":43,"ILCEKODU":1500,"KOT":null,"TEKERRUR_YILI":null,"Q2":null,"Q5":null,"Q25":null,"Q100":null,"Q500":null,"MaxFlow":null,"MaxDate":null,"Q10":null,"Q50":null,"Q200":null,"Q1000":null,"HAVZA_ID":12,"entityId":"8721","entityType":"flowStations","id":"8721","name":"D12A181","stationId":"D12A181","basinId":12,"flow":null,"status":"no_data","color":"#94a3b8","width":2.8}},{"type":"Feature","id":"8722","geometry":{"type":"Point","coordinates":[31.500000000000057,39.53333300000003]},"properties":{"OBJECTID":8722,"AGINO":"D12A182","SUADI":null,"ISTADI":null,"ILKODU":26,"ILCEKODU":1632,"KOT":null,"TEKERRUR_YILI":null,"Q2":null,"Q5":null,"Q25":null,"Q100":null,"Q500":null,"MaxFlow":null,"MaxDate":null,"Q10":null,"Q50":null,"Q200":null,"Q1000":null,"HAVZA_ID":12,"entityId":"8722","entityType":"flowStations","id":"8722","name":"D12A182","stationId":"D12A182","basinId":12,"flow":null,"status":"no_data","color":"#94a3b8","width":2.8}},{"type":"Feature","id":"8725","geometry":{"type":"Point","coordinates":[30.483333000000073,39.33333300000004]},"properties":{"OBJECTID":8725,"AGINO":"D12A185","SUADI":null,"ISTADI":null,"ILKODU":26,"ILCEKODU":1618,"KOT":null,"TEKERRUR_YILI":null,"Q2":null,"Q5":null,"Q25":null,"Q100":null,"Q500":null,"MaxFlow":null,"MaxDate":null,"Q10":null,"Q50":null,"Q200":null,"Q1000":null,"HAVZA_ID":12,"entityId":"8725","entityType":"flowStations","id":"8725","name":"D12A185","stationId":"D12A185","basinId":12,"flow":null,"status":"no_data","color":"#94a3b8","width":2.8}},{"type":"Feature","id":"8726","geometry":{"type":"Point","coordinates":[30.33333300000004,40.71666700000003]},"properties":{"OBJECTID":8726,"AGINO":"D12A186","SUADI":null,"ISTADI":null,"ILKODU":54,"ILCEKODU":2069,"KOT":null,"TEKERRUR_YILI":null,"Q2":null,"Q5":null,"Q25":null,"Q100":null,"Q500":null,"MaxFlow":null,"MaxDate":null,"Q10":null,"Q50":null,"Q200":null,"Q1000":null,"HAVZA_ID":12,"entityId":"8726","entityType":"flowStations","id":"8726","name":"D12A186","stationId":"D12A186","basinId":12,"flow":null,"status":"no_data","color":"#94a3b8","width":2.8}},{"type":"Feature","id":"8727","geometry":{"type":"Point","coordinates":[30.566667000000052,39.31666700000005]},"properties":{"OBJECTID":8727,"AGINO":"D12A192","SUADI":null,"ISTADI":null,"ILKODU":26,"ILCEKODU":1618,"KOT":null,"TEKERRUR_YILI":null,"Q2":null,"Q5":null,"Q25":null,"Q100":null,"Q500":null,"MaxFlow":null,"MaxDate":null,"Q10":null,"Q50":null,"Q200":null,"Q1000":null,"HAVZA_ID":12,"entityId":"8727","entityType":"flowStations","id":"8727","name":"D12A192","stationId":"D12A192","basinId":12,"flow":null,"status":"no_data","color":"#94a3b8","width":2.8}},{"type":"Feature","id":"8729","geometry":{"type":"Point","coordinates":[31.160833000000025,39.68861100000004]},"properties":{"OBJECTID":8729,"AGINO":"D12A215","SUADI":null,"ISTADI":null,"ILKODU":26,"ILCEKODU":1777,"KOT":null,"TEKERRUR_YILI":null,"Q2":null,"Q5":null,"Q25":null,"Q100":null,"Q500":null,"MaxFlow":null,"MaxDate":null,"Q10":null,"Q50":null,"Q200":null,"Q1000":null,"HAVZA_ID":12,"entityId":"8729","entityType":"flowStations","id":"8729","name":"D12A215","stationId":"D12A215","basinId":12,"flow":null,"status":"no_data","color":"#94a3b8","width":2.8}},{"type":"Feature","id":"8732","geometry":{"type":"Point","coordinates":[30.25722200000007,40.68444400000004]},"properties":{"OBJECTID":8732,"AGINO":"D12A254","SUADI":null,"ISTADI":null,"ILKODU":54,"ILCEKODU":1595,"KOT":null,"TEKERRUR_YILI":null,"Q2":null,"Q5":null,"Q25":null,"Q100":null,"Q500":null,"MaxFlow":null,"MaxDate":null,"Q10":null,"Q50":null,"Q200":null,"Q1000":null,"HAVZA_ID":12,"entityId":"8732","entityType":"flowStations","id":"8732","name":"D12A254","stationId":"D12A254","basinId":12,"flow":null,"status":"no_data","color":"#94a3b8","width":2.8}},{"type":"Feature","id":"8733","geometry":{"type":"Point","coordinates":[30.218611000000067,40.66555600000004]},"properties":{"OBJECTID":8733,"AGINO":"D12A255","SUADI":null,"ISTADI":null,"ILKODU":54,"ILCEKODU":1595,"KOT":null,"TEKERRUR_YILI":null,"Q2":null,"Q5":null,"Q25":null,"Q100":null,"Q500":null,"MaxFlow":null,"MaxDate":null,"Q10":null,"Q50":null,"Q200":null,"Q1000":null,"HAVZA_ID":12,"entityId":"8733","entityType":"flowStations","id":"8733","name":"D12A255","stationId":"D12A255","basinId":12,"flow":null,"status":"no_data","color":"#94a3b8","width":2.8}},{"type":"Feature","id":"8734","geometry":{"type":"Point","coordinates":[30.14166700000004,40.71694400000007]},"properties":{"OBJECTID":8734,"AGINO":"D12A256","SUADI":null,"ISTADI":null,"ILKODU":41,"ILCEKODU":2063,"KOT":null,"TEKERRUR_YILI":null,"Q2":null,"Q5":null,"Q25":null,"Q100":null,"Q500":null,"MaxFlow":null,"MaxDate":null,"Q10":null,"Q50":null,"Q200":null,"Q1000":null,"HAVZA_ID":12,"entityId":"8734","entityType":"flowStations","id":"8734","name":"D12A256","stationId":"D12A256","basinId":12,"flow":null,"status":"no_data","color":"#94a3b8","width":2.8}},{"type":"Feature","id":"8735","geometry":{"type":"Point","coordinates":[30.20416700000004,40.69166700000005]},"properties":{"OBJECTID":8735,"AGINO":"D12A257","SUADI":null,"ISTADI":null,"ILKODU":54,"ILCEKODU":1595,"KOT":null,"TEKERRUR_YILI":null,"Q2":null,"Q5":null,"Q25":null,"Q100":null,"Q500":null,"MaxFlow":null,"MaxDate":null,"Q10":null,"Q50":null,"Q200":null,"Q1000":null,"HAVZA_ID":12,"entityId":"8735","entityType":"flowStations","id":"8735","name":"D12A257","stationId":"D12A257","basinId":12,"flow":null,"status":"no_data","color":"#94a3b8","width":2.8}},{"type":"Feature","id":"8736","geometry":{"type":"Point","coordinates":[30.16166700000008,40.682222000000024]},"properties":{"OBJECTID":8736,"AGINO":"D12A258","SUADI":null,"ISTADI":null,"ILKODU":54,"ILCEKODU":1595,"KOT":null,"TEKERRUR_YILI":null,"Q2":null,"Q5":null,"Q25":null,"Q100":null,"Q500":null,"MaxFlow":null,"MaxDate":null,"Q10":null,"Q50":null,"Q200":null,"Q1000":null,"HAVZA_ID":12,"entityId":"8736","entityType":"flowStations","id":"8736","name":"D12A258","stationId":"D12A258","basinId":12,"flow":null,"status":"no_data","color":"#94a3b8","width":2.8}},{"type":"Feature","id":"8737","geometry":{"type":"Point","coordinates":[30.27555600000005,40.691111000000035]},"properties":{"OBJECTID":8737,"AGINO":"D12A261","SUADI":null,"ISTADI":null,"ILKODU":54,"ILCEKODU":1595,"KOT":null,"TEKERRUR_YILI":null,"Q2":null,"Q5":null,"Q25":null,"Q100":null,"Q500":null,"MaxFlow":null,"MaxDate":null,"Q10":null,"Q50":null,"Q200":null,"Q1000":null,"HAVZA_ID":12,"entityId":"8737","entityType":"flowStations","id":"8737","name":"D12A261","stationId":"D12A261","basinId":12,"flow":null,"status":"no_data","color":"#94a3b8","width":2.8}},{"type":"Feature","id":"8738","geometry":{"type":"Point","coordinates":[30.303611000000046,40.69722200000007]},"properties":{"OBJECTID":8738,"AGINO":"D12A262","SUADI":null,"ISTADI":null,"ILKODU":54,"ILCEKODU":1595,"KOT":null,"TEKERRUR_YILI":null,"Q2":null,"Q5":null,"Q25":null,"Q100":null,"Q500":null,"MaxFlow":null,"MaxDate":null,"Q10":null,"Q50":null,"Q200":null,"Q1000":null,"HAVZA_ID":12,"entityId":"8738","entityType":"flowStations","id":"8738","name":"D12A262","stationId":"D12A262","basinId":12,"flow":null,"status":"no_data","color":"#94a3b8","width":2.8}},{"type":"Feature","id":"8739","geometry":{"type":"Point","coordinates":[30.230000000000075,40.73166700000007]},"properties":{"OBJECTID":8739,"AGINO":"D12A263","SUADI":null,"ISTADI":null,"ILKODU":41,"ILCEKODU":2063,"KOT":null,"TEKERRUR_YILI":null,"Q2":null,"Q5":null,"Q25":null,"Q100":null,"Q500":null,"MaxFlow":null,"MaxDate":null,"Q10":null,"Q50":null,"Q200":null,"Q1000":null,"HAVZA_ID":12,"entityId":"8739","entityType":"flowStations","id":"8739","name":"D12A263","stationId":"D12A263","basinId":12,"flow":null,"status":"no_data","color":"#94a3b8","width":2.8}},{"type":"Feature","id":"8740","geometry":{"type":"Point","coordinates":[30.783333000000027,41.06666700000005]},"properties":{"OBJECTID":8740,"AGINO":"D13A055","SUADI":null,"ISTADI":null,"ILKODU":54,"ILCEKODU":1442,"KOT":null,"TEKERRUR_YILI":null,"Q2":null,"Q5":null,"Q25":null,"Q100":null,"Q500":null,"MaxFlow":null,"MaxDate":null,"Q10":null,"Q50":null,"Q200":null,"Q1000":null,"HAVZA_ID":12,"entityId":"8740","entityType":"flowStations","id":"8740","name":"D13A055","stationId":"D13A055","basinId":12,"flow":null,"status":"no_data","color":"#94a3b8","width":2.8}},{"type":"Feature","id":"8741","geometry":{"type":"Point","coordinates":[29.86444400000005,39.127778000000035]},"properties":{"OBJECTID":8741,"AGINO":"E03A011","SUADI":null,"ISTADI":null,"ILKODU":43,"ILCEKODU":1764,"KOT":null,"TEKERRUR_YILI":null,"Q2":null,"Q5":null,"Q25":null,"Q100":null,"Q500":null,"MaxFlow":null,"MaxDate":null,"Q10":null,"Q50":null,"Q200":null,"Q1000":null,"HAVZA_ID":12,"entityId":"8741","entityType":"flowStations","id":"8741","name":"E03A011","stationId":"E03A011","basinId":12,"flow":null,"status":"no_data","color":"#94a3b8","width":2.8}},{"type":"Feature","id":"8742","geometry":{"type":"Point","coordinates":[29.25833300000005,39.462222000000054]},"properties":{"OBJECTID":8742,"AGINO":"E03A028","SUADI":null,"ISTADI":null,"ILKODU":43,"ILCEKODU":1304,"KOT":null,"TEKERRUR_YILI":null,"Q2":null,"Q5":null,"Q25":null,"Q100":null,"Q500":null,"MaxFlow":null,"MaxDate":null,"Q10":null,"Q50":null,"Q200":null,"Q1000":null,"HAVZA_ID":3,"entityId":"8742","entityType":"flowStations","id":"8742","name":"E03A028","stationId":"E03A028","basinId":3,"flow":null,"status":"no_data","color":"#94a3b8","width":2.8}},{"type":"Feature","id":"8743","geometry":{"type":"Point","coordinates":[29.512500000000045,38.95722200000006]},"properties":{"OBJECTID":8743,"AGINO":"E05A024","SUADI":null,"ISTADI":null,"ILKODU":43,"ILCEKODU":1339,"KOT":null,"TEKERRUR_YILI":null,"Q2":null,"Q5":null,"Q25":null,"Q100":null,"Q500":null,"MaxFlow":null,"MaxDate":null,"Q10":null,"Q50":null,"Q200":null,"Q1000":null,"HAVZA_ID":5,"entityId":"8743","entityType":"flowStations","id":"8743","name":"E05A024","stationId":"E05A024","basinId":5,"flow":null,"status":"no_data","color":"#94a3b8","width":2.8}},{"type":"Feature","id":"8744","geometry":{"type":"Point","coordinates":[30.60055600000004,40.77527800000007]},"properties":{"OBJECTID":8744,"AGINO":"E12A019","SUADI":null,"ISTADI":null,"ILKODU":54,"ILCEKODU":1391,"KOT":null,"TEKERRUR_YILI":null,"Q2":null,"Q5":null,"Q25":null,"Q100":null,"Q500":null,"MaxFlow":null,"MaxDate":null,"Q10":null,"Q50":null,"Q200":null,"Q1000":null,"HAVZA_ID":12,"entityId":"8744","entityType":"flowStations","id":"8744","name":"E12A019","stationId":"E12A019","basinId":12,"flow":null,"status":"no_data","color":"#94a3b8","width":2.8}},{"type":"Feature","id":"8746","geometry":{"type":"Point","coordinates":[31.336389000000054,39.32166700000005]},"properties":{"OBJECTID":8746,"AGINO":"E12A024","SUADI":null,"ISTADI":null,"ILKODU":26,"ILCEKODU":1632,"KOT":null,"TEKERRUR_YILI":null,"Q2":null,"Q5":null,"Q25":null,"Q100":null,"Q500":null,"MaxFlow":null,"MaxDate":null,"Q10":null,"Q50":null,"Q200":null,"Q1000":null,"HAVZA_ID":12,"entityId":"8746","entityType":"flowStations","id":"8746","name":"E12A024","stationId":"E12A024","basinId":12,"flow":null,"status":"no_data","color":"#94a3b8","width":2.8}},{"type":"Feature","id":"8747","geometry":{"type":"Point","coordinates":[30.86027800000005,40.575278000000026]},"properties":{"OBJECTID":8747,"AGINO":"E12A037","SUADI":null,"ISTADI":null,"ILKODU":54,"ILCEKODU":1123,"KOT":null,"TEKERRUR_YILI":null,"Q2":null,"Q5":null,"Q25":null,"Q100":null,"Q500":null,"MaxFlow":null,"MaxDate":null,"Q10":null,"Q50":null,"Q200":null,"Q1000":null,"HAVZA_ID":12,"entityId":"8747","entityType":"flowStations","id":"8747","name":"E12A037","stationId":"E12A037","basinId":12,"flow":null,"status":"no_data","color":"#94a3b8","width":2.8}},{"type":"Feature","id":"8750","geometry":{"type":"Point","coordinates":[30.072778000000028,40.23888900000003]},"properties":{"OBJECTID":8750,"AGINO":"E12A058","SUADI":null,"ISTADI":null,"ILKODU":11,"ILCEKODU":1192,"KOT":null,"TEKERRUR_YILI":null,"Q2":null,"Q5":null,"Q25":null,"Q100":null,"Q500":null,"MaxFlow":null,"MaxDate":null,"Q10":null,"Q50":null,"Q200":null,"Q1000":null,"HAVZA_ID":12,"entityId":"8750","entityType":"flowStations","id":"8750","name":"E12A058","stationId":"E12A058","basinId":12,"flow":null,"status":"no_data","color":"#94a3b8","width":2.8}},{"type":"Feature","id":"8751","geometry":{"type":"Point","coordinates":[30.02777800000007,40.284167000000025]},"properties":{"OBJECTID":8751,"AGINO":"E12A061","SUADI":null,"ISTADI":null,"ILKODU":11,"ILCEKODU":1192,"KOT":null,"TEKERRUR_YILI":null,"Q2":null,"Q5":null,"Q25":null,"Q100":null,"Q500":null,"MaxFlow":null,"MaxDate":null,"Q10":null,"Q50":null,"Q200":null,"Q1000":null,"HAVZA_ID":12,"entityId":"8751","entityType":"flowStations","id":"8751","name":"E12A061","stationId":"E12A061","basinId":12,"flow":null,"status":"no_data","color":"#94a3b8","width":2.8}},{"type":"Feature","id":"8755","geometry":{"type":"Point","coordinates":[30.920556000000033,40.71555600000005]},"properties":{"OBJECTID":8755,"AGINO":"E13A039","SUADI":null,"ISTADI":null,"ILKODU":54,"ILCEKODU":1391,"KOT":null,"TEKERRUR_YILI":null,"Q2":null,"Q5":null,"Q25":null,"Q100":null,"Q500":null,"MaxFlow":null,"MaxDate":null,"Q10":null,"Q50":null,"Q200":null,"Q1000":null,"HAVZA_ID":13,"entityId":"8755","entityType":"flowStations","id":"8755","name":"E13A039","stationId":"E13A039","basinId":13,"flow":null,"status":"no_data","color":"#94a3b8","width":2.8}},{"type":"Feature","id":"8892","geometry":{"type":"Point","coordinates":[32.325833000000046,37.25944400000003]},"properties":{"OBJECTID":8892,"AGINO":"D16A003","SUADI":null,"ISTADI":null,"ILKODU":42,"ILCEKODU":1753,"KOT":null,"TEKERRUR_YILI":null,"Q2":null,"Q5":null,"Q25":null,"Q100":null,"Q500":null,"MaxFlow":null,"MaxDate":null,"Q10":null,"Q50":null,"Q200":null,"Q1000":null,"HAVZA_ID":16,"entityId":"8892","entityType":"flowStations","id":"8892","name":"D16A003","stationId":"D16A003","basinId":16,"flow":null,"status":"no_data","color":"#94a3b8","width":2.8}},{"type":"Feature","id":"8893","geometry":{"type":"Point","coordinates":[31.49583300000006,37.53972200000004]},"properties":{"OBJECTID":8893,"AGINO":"D16A014","SUADI":null,"ISTADI":null,"ILKODU":42,"ILCEKODU":1188,"KOT":null,"TEKERRUR_YILI":null,"Q2":null,"Q5":null,"Q25":null,"Q100":null,"Q500":null,"MaxFlow":null,"MaxDate":null,"Q10":null,"Q50":null,"Q200":null,"Q1000":null,"HAVZA_ID":16,"entityId":"8893","entityType":"flowStations","id":"8893","name":"D16A014","stationId":"D16A014","basinId":16,"flow":null,"status":"no_data","color":"#94a3b8","width":2.8}},{"type":"Feature","id":"8894","geometry":{"type":"Point","coordinates":[31.59138900000005,37.615833000000066]},"properties":{"OBJECTID":8894,"AGINO":"D16A015","SUADI":null,"ISTADI":null,"ILKODU":42,"ILCEKODU":1188,"KOT":null,"TEKERRUR_YILI":null,"Q2":null,"Q5":null,"Q25":null,"Q100":null,"Q500":null,"MaxFlow":null,"MaxDate":null,"Q10":null,"Q50":null,"Q200":null,"Q1000":null,"HAVZA_ID":16,"entityId":"8894","entityType":"flowStations","id":"8894","name":"D16A015","stationId":"D16A015","basinId":16,"flow":null,"status":"no_data","color":"#94a3b8","width":2.8}},{"type":"Feature","id":"8895","geometry":{"type":"Point","coordinates":[33.46944400000007,37.15138900000005]},"properties":{"OBJECTID":8895,"AGINO":"D16A028","SUADI":null,"ISTADI":null,"ILKODU":70,"ILCEKODU":1439,"KOT":null,"TEKERRUR_YILI":null,"Q2":null,"Q5":null,"Q25":null,"Q100":null,"Q500":null,"MaxFlow":null,"MaxDate":null,"Q10":null,"Q50":null,"Q200":null,"Q1000":null,"HAVZA_ID":16,"entityId":"8895","entityType":"flowStations","id":"8895","name":"D16A028","stationId":"D16A028","basinId":16,"flow":null,"status":"no_data","color":"#94a3b8","width":2.8}},{"type":"Feature","id":"8899","geometry":{"type":"Point","coordinates":[31.89138900000006,37.37805600000007]},"properties":{"OBJECTID":8899,"AGINO":"D16A078","SUADI":null,"ISTADI":null,"ILKODU":42,"ILCEKODU":1617,"KOT":null,"TEKERRUR_YILI":null,"Q2":null,"Q5":null,"Q25":null,"Q100":null,"Q500":null,"MaxFlow":null,"MaxDate":null,"Q10":null,"Q50":null,"Q200":null,"Q1000":null,"HAVZA_ID":16,"entityId":"8899","entityType":"flowStations","id":"8899","name":"D16A078","stationId":"D16A078","basinId":16,"flow":null,"status":"no_data","color":"#94a3b8","width":2.8}},{"type":"Feature","id":"8900","geometry":{"type":"Point","coordinates":[34.27972200000005,38.388611000000026]},"properties":{"OBJECTID":8900,"AGINO":"D16A080","SUADI":null,"ISTADI":null,"ILKODU":68,"ILCEKODU":1932,"KOT":null,"TEKERRUR_YILI":null,"Q2":null,"Q5":null,"Q25":null,"Q100":null,"Q500":null,"MaxFlow":null,"MaxDate":null,"Q10":null,"Q50":null,"Q200":null,"Q1000":null,"HAVZA_ID":16,"entityId":"8900","entityType":"flowStations","id":"8900","name":"D16A080","stationId":"D16A080","basinId":16,"flow":null,"status":"no_data","color":"#94a3b8","width":2.8}},{"type":"Feature","id":"8902","geometry":{"type":"Point","coordinates":[33.75694400000003,37.305833000000064]},"properties":{"OBJECTID":8902,"AGINO":"D16A087","SUADI":null,"ISTADI":null,"ILKODU":70,"ILCEKODU":1768,"KOT":null,"TEKERRUR_YILI":null,"Q2":null,"Q5":null,"Q25":null,"Q100":null,"Q500":null,"MaxFlow":null,"MaxDate":null,"Q10":null,"Q50":null,"Q200":null,"Q1000":null,"HAVZA_ID":16,"entityId":"8902","entityType":"flowStations","id":"8902","name":"D16A087","stationId":"D16A087","basinId":16,"flow":null,"status":"no_data","color":"#94a3b8","width":2.8}},{"type":"Feature","id":"8907","geometry":{"type":"Point","coordinates":[32.604167000000075,37.38583300000005]},"properties":{"OBJECTID":8907,"AGINO":"D16A095","SUADI":null,"ISTADI":null,"ILKODU":42,"ILCEKODU":1262,"KOT":null,"TEKERRUR_YILI":null,"Q2":null,"Q5":null,"Q25":null,"Q100":null,"Q500":null,"MaxFlow":null,"MaxDate":null,"Q10":null,"Q50":null,"Q200":null,"Q1000":null,"HAVZA_ID":16,"entityId":"8907","entityType":"flowStations","id":"8907","name":"D16A095","stationId":"D16A095","basinId":16,"flow":null,"status":"no_data","color":"#94a3b8","width":2.8}},{"type":"Feature","id":"8908","geometry":{"type":"Point","coordinates":[34.26916700000004,38.29750000000007]},"properties":{"OBJECTID":8908,"AGINO":"D16A098","SUADI":null,"ISTADI":null,"ILKODU":68,"ILCEKODU":1861,"KOT":null,"TEKERRUR_YILI":null,"Q2":null,"Q5":null,"Q25":null,"Q100":null,"Q500":null,"MaxFlow":null,"MaxDate":null,"Q10":null,"Q50":null,"Q200":null,"Q1000":null,"HAVZA_ID":16,"entityId":"8908","entityType":"flowStations","id":"8908","name":"D16A098","stationId":"D16A098","basinId":16,"flow":null,"status":"no_data","color":"#94a3b8","width":2.8}},{"type":"Feature","id":"8909","geometry":{"type":"Point","coordinates":[32.26916700000004,37.92444400000005]},"properties":{"OBJECTID":8909,"AGINO":"D16A100","SUADI":null,"ISTADI":null,"ILKODU":42,"ILCEKODU":1839,"KOT":null,"TEKERRUR_YILI":null,"Q2":null,"Q5":null,"Q25":null,"Q100":null,"Q500":null,"MaxFlow":null,"MaxDate":null,"Q10":null,"Q50":null,"Q200":null,"Q1000":null,"HAVZA_ID":16,"entityId":"8909","entityType":"flowStations","id":"8909","name":"D16A100","stationId":"D16A100","basinId":16,"flow":null,"status":"no_data","color":"#94a3b8","width":2.8}},{"type":"Feature","id":"8910","geometry":{"type":"Point","coordinates":[31.848056000000042,37.59027800000007]},"properties":{"OBJECTID":8910,"AGINO":"D16A101","SUADI":null,"ISTADI":null,"ILKODU":42,"ILCEKODU":1188,"KOT":null,"TEKERRUR_YILI":null,"Q2":null,"Q5":null,"Q25":null,"Q100":null,"Q500":null,"MaxFlow":null,"MaxDate":null,"Q10":null,"Q50":null,"Q200":null,"Q1000":null,"HAVZA_ID":16,"entityId":"8910","entityType":"flowStations","id":"8910","name":"D16A101","stationId":"D16A101","basinId":16,"flow":null,"status":"no_data","color":"#94a3b8","width":2.8}},{"type":"Feature","id":"8911","geometry":{"type":"Point","coordinates":[31.73694400000005,37.711944000000074]},"properties":{"OBJECTID":8911,"AGINO":"D16A104","SUADI":null,"ISTADI":null,"ILKODU":42,"ILCEKODU":1188,"KOT":null,"TEKERRUR_YILI":null,"Q2":null,"Q5":null,"Q25":null,"Q100":null,"Q500":null,"MaxFlow":null,"MaxDate":null,"Q10":null,"Q50":null,"Q200":null,"Q1000":null,"HAVZA_ID":16,"entityId":"8911","entityType":"flowStations","id":"8911","name":"D16A104","stationId":"D16A104","basinId":16,"flow":null,"status":"no_data","color":"#94a3b8","width":2.8}},{"type":"Feature","id":"8913","geometry":{"type":"Point","coordinates":[31.492222000000027,37.54194400000006]},"properties":{"OBJECTID":8913,"AGINO":"D16A111","SUADI":null,"ISTADI":null,"ILKODU":42,"ILCEKODU":1188,"KOT":null,"TEKERRUR_YILI":null,"Q2":null,"Q5":null,"Q25":null,"Q100":null,"Q500":null,"MaxFlow":null,"MaxDate":null,"Q10":null,"Q50":null,"Q200":null,"Q1000":null,"HAVZA_ID":16,"entityId":"8913","entityType":"flowStations","id":"8913","name":"D16A111","stationId":"D16A111","basinId":16,"flow":null,"status":"no_data","color":"#94a3b8","width":2.8}},{"type":"Feature","id":"8914","geometry":{"type":"Point","coordinates":[32.149444000000074,37.16555600000004]},"properties":{"OBJECTID":8914,"AGINO":"D16A115","SUADI":null,"ISTADI":null,"ILKODU":42,"ILCEKODU":1207,"KOT":null,"TEKERRUR_YILI":null,"Q2":null,"Q5":null,"Q25":null,"Q100":null,"Q500":null,"MaxFlow":null,"MaxDate":null,"Q10":null,"Q50":null,"Q200":null,"Q1000":null,"HAVZA_ID":16,"entityId":"8914","entityType":"flowStations","id":"8914","name":"D16A115","stationId":"D16A115","basinId":16,"flow":null,"status":"no_data","color":"#94a3b8","width":2.8}},{"type":"Feature","id":"8917","geometry":{"type":"Point","coordinates":[33.20055600000006,38.556389000000024]},"properties":{"OBJECTID":8917,"AGINO":"D16A126","SUADI":null,"ISTADI":null,"ILKODU":42,"ILCEKODU":1222,"KOT":null,"TEKERRUR_YILI":null,"Q2":null,"Q5":null,"Q25":null,"Q100":null,"Q500":null,"MaxFlow":null,"MaxDate":null,"Q10":null,"Q50":null,"Q200":null,"Q1000":null,"HAVZA_ID":16,"entityId":"8917","entityType":"flowStations","id":"8917","name":"D16A126","stationId":"D16A126","basinId":16,"flow":null,"status":"no_data","color":"#94a3b8","width":2.8}},{"type":"Feature","id":"8918","geometry":{"type":"Point","coordinates":[31.51916700000004,37.38361100000003]},"properties":{"OBJECTID":8918,"AGINO":"D16A134","SUADI":null,"ISTADI":null,"ILKODU":42,"ILCEKODU":1789,"KOT":null,"TEKERRUR_YILI":null,"Q2":null,"Q5":null,"Q25":null,"Q100":null,"Q500":null,"MaxFlow":null,"MaxDate":null,"Q10":null,"Q50":null,"Q200":null,"Q1000":null,"HAVZA_ID":16,"entityId":"8918","entityType":"flowStations","id":"8918","name":"D16A134","stationId":"D16A134","basinId":16,"flow":null,"status":"no_data","color":"#94a3b8","width":2.8}},{"type":"Feature","id":"8922","geometry":{"type":"Point","coordinates":[32.28638900000004,37.88305600000007]},"properties":{"OBJECTID":8922,"AGINO":"D16A139","SUADI":null,"ISTADI":null,"ILKODU":42,"ILCEKODU":1839,"KOT":null,"TEKERRUR_YILI":null,"Q2":null,"Q5":null,"Q25":null,"Q100":null,"Q500":null,"MaxFlow":null,"MaxDate":null,"Q10":null,"Q50":null,"Q200":null,"Q1000":null,"HAVZA_ID":16,"entityId":"8922","entityType":"flowStations","id":"8922","name":"D16A139","stationId":"D16A139","basinId":16,"flow":null,"status":"no_data","color":"#94a3b8","width":2.8}},{"type":"Feature","id":"8923","geometry":{"type":"Point","coordinates":[34.17527800000005,37.41611100000006]},"properties":{"OBJECTID":8923,"AGINO":"D16A140","SUADI":null,"ISTADI":null,"ILKODU":42,"ILCEKODU":1937,"KOT":null,"TEKERRUR_YILI":null,"Q2":null,"Q5":null,"Q25":null,"Q100":null,"Q500":null,"MaxFlow":null,"MaxDate":null,"Q10":null,"Q50":null,"Q200":null,"Q1000":null,"HAVZA_ID":16,"entityId":"8923","entityType":"flowStations","id":"8923","name":"D16A140","stationId":"D16A140","basinId":16,"flow":null,"status":"no_data","color":"#94a3b8","width":2.8}},{"type":"Feature","id":"8924","geometry":{"type":"Point","coordinates":[34.19361100000003,37.430000000000064]},"properties":{"OBJECTID":8924,"AGINO":"D16A141","SUADI":null,"ISTADI":null,"ILKODU":42,"ILCEKODU":1937,"KOT":null,"TEKERRUR_YILI":null,"Q2":null,"Q5":null,"Q25":null,"Q100":null,"Q500":null,"MaxFlow":null,"MaxDate":null,"Q10":null,"Q50":null,"Q200":null,"Q1000":null,"HAVZA_ID":16,"entityId":"8924","entityType":"flowStations","id":"8924","name":"D16A141","stationId":"D16A141","basinId":16,"flow":null,"status":"no_data","color":"#94a3b8","width":2.8}},{"type":"Feature","id":"8931","geometry":{"type":"Point","coordinates":[31.493056000000024,37.917500000000075]},"properties":{"OBJECTID":8931,"AGINO":"D16A154","SUADI":null,"ISTADI":null,"ILKODU":42,"ILCEKODU":1804,"KOT":null,"TEKERRUR_YILI":null,"Q2":null,"Q5":null,"Q25":null,"Q100":null,"Q500":null,"MaxFlow":null,"MaxDate":null,"Q10":null,"Q50":null,"Q200":null,"Q1000":null,"HAVZA_ID":16,"entityId":"8931","entityType":"flowStations","id":"8931","name":"D16A154","stationId":"D16A154","basinId":16,"flow":null,"status":"no_data","color":"#94a3b8","width":2.8}},{"type":"Feature","id":"8932","geometry":{"type":"Point","coordinates":[31.541667000000075,37.918889000000036]},"properties":{"OBJECTID":8932,"AGINO":"D16A155","SUADI":null,"ISTADI":null,"ILKODU":42,"ILCEKODU":1804,"KOT":null,"TEKERRUR_YILI":null,"Q2":null,"Q5":null,"Q25":null,"Q100":null,"Q500":null,"MaxFlow":null,"MaxDate":null,"Q10":null,"Q50":null,"Q200":null,"Q1000":null,"HAVZA_ID":16,"entityId":"8932","entityType":"flowStations","id":"8932","name":"D16A155","stationId":"D16A155","basinId":16,"flow":null,"status":"no_data","color":"#94a3b8","width":2.8}},{"type":"Feature","id":"8933","geometry":{"type":"Point","coordinates":[31.438333000000057,37.72638900000004]},"properties":{"OBJECTID":8933,"AGINO":"D16A158","SUADI":null,"ISTADI":null,"ILKODU":42,"ILCEKODU":1188,"KOT":null,"TEKERRUR_YILI":null,"Q2":null,"Q5":null,"Q25":null,"Q100":null,"Q500":null,"MaxFlow":null,"MaxDate":null,"Q10":null,"Q50":null,"Q200":null,"Q1000":null,"HAVZA_ID":16,"entityId":"8933","entityType":"flowStations","id":"8933","name":"D16A158","stationId":"D16A158","basinId":16,"flow":null,"status":"no_data","color":"#94a3b8","width":2.8}},{"type":"Feature","id":"8935","geometry":{"type":"Point","coordinates":[32.28027800000007,37.26305600000006]},"properties":{"OBJECTID":8935,"AGINO":"D16A166","SUADI":null,"ISTADI":null,"ILKODU":42,"ILCEKODU":1207,"KOT":null,"TEKERRUR_YILI":null,"Q2":null,"Q5":null,"Q25":null,"Q100":null,"Q500":null,"MaxFlow":null,"MaxDate":null,"Q10":null,"Q50":null,"Q200":null,"Q1000":null,"HAVZA_ID":16,"entityId":"8935","entityType":"flowStations","id":"8935","name":"D16A166","stationId":"D16A166","basinId":16,"flow":null,"status":"no_data","color":"#94a3b8","width":2.8}},{"type":"Feature","id":"8937","geometry":{"type":"Point","coordinates":[31.336389000000054,37.994722000000024]},"properties":{"OBJECTID":8937,"AGINO":"D16A341","SUADI":null,"ISTADI":null,"ILKODU":32,"ILCEKODU":1651,"KOT":null,"TEKERRUR_YILI":null,"Q2":null,"Q5":null,"Q25":null,"Q100":null,"Q500":null,"MaxFlow":null,"MaxDate":null,"Q10":null,"Q50":null,"Q200":null,"Q1000":null,"HAVZA_ID":16,"entityId":"8937","entityType":"flowStations","id":"8937","name":"D16A341","stationId":"D16A341","basinId":16,"flow":null,"status":"no_data","color":"#94a3b8","width":2.8}},{"type":"Feature","id":"8938","geometry":{"type":"Point","coordinates":[31.499167000000057,37.46611100000007]},"properties":{"OBJECTID":8938,"AGINO":"D16A342","SUADI":null,"ISTADI":null,"ILKODU":42,"ILCEKODU":1188,"KOT":null,"TEKERRUR_YILI":null,"Q2":null,"Q5":null,"Q25":null,"Q100":null,"Q500":null,"MaxFlow":null,"MaxDate":null,"Q10":null,"Q50":null,"Q200":null,"Q1000":null,"HAVZA_ID":16,"entityId":"8938","entityType":"flowStations","id":"8938","name":"D16A342","stationId":"D16A342","basinId":16,"flow":null,"status":"no_data","color":"#94a3b8","width":2.8}},{"type":"Feature","id":"8940","geometry":{"type":"Point","coordinates":[32.59222200000005,37.05222200000003]},"properties":{"OBJECTID":8940,"AGINO":"D17A033","SUADI":null,"ISTADI":null,"ILKODU":42,"ILCEKODU":1375,"KOT":null,"TEKERRUR_YILI":null,"Q2":null,"Q5":null,"Q25":null,"Q100":null,"Q500":null,"MaxFlow":null,"MaxDate":null,"Q10":null,"Q50":null,"Q200":null,"Q1000":null,"HAVZA_ID":17,"entityId":"8940","entityType":"flowStations","id":"8940","name":"D17A033","stationId":"D17A033","basinId":17,"flow":null,"status":"no_data","color":"#94a3b8","width":2.8}},{"type":"Feature","id":"8941","geometry":{"type":"Point","coordinates":[32.53250000000003,36.950278000000026]},"properties":{"OBJECTID":8941,"AGINO":"D17A034","SUADI":null,"ISTADI":null,"ILKODU":42,"ILCEKODU":1848,"KOT":null,"TEKERRUR_YILI":null,"Q2":null,"Q5":null,"Q25":null,"Q100":null,"Q500":null,"MaxFlow":null,"MaxDate":null,"Q10":null,"Q50":null,"Q200":null,"Q1000":null,"HAVZA_ID":17,"entityId":"8941","entityType":"flowStations","id":"8941","name":"D17A034","stationId":"D17A034","basinId":17,"flow":null,"status":"no_data","color":"#94a3b8","width":2.8}},{"type":"Feature","id":"8942","geometry":{"type":"Point","coordinates":[32.53027800000007,36.96111100000007]},"properties":{"OBJECTID":8942,"AGINO":"D17A035","SUADI":null,"ISTADI":null,"ILKODU":42,"ILCEKODU":1848,"KOT":null,"TEKERRUR_YILI":null,"Q2":null,"Q5":null,"Q25":null,"Q100":null,"Q500":null,"MaxFlow":null,"MaxDate":null,"Q10":null,"Q50":null,"Q200":null,"Q1000":null,"HAVZA_ID":17,"entityId":"8942","entityType":"flowStations","id":"8942","name":"D17A035","stationId":"D17A035","basinId":17,"flow":null,"status":"no_data","color":"#94a3b8","width":2.8}},{"type":"Feature","id":"8943","geometry":{"type":"Point","coordinates":[35.01555600000006,37.772500000000036]},"properties":{"OBJECTID":8943,"AGINO":"D18A027","SUADI":null,"ISTADI":null,"ILKODU":51,"ILCEKODU":1225,"KOT":null,"TEKERRUR_YILI":null,"Q2":null,"Q5":null,"Q25":null,"Q100":null,"Q500":null,"MaxFlow":null,"MaxDate":null,"Q10":null,"Q50":null,"Q200":null,"Q1000":null,"HAVZA_ID":18,"entityId":"8943","entityType":"flowStations","id":"8943","name":"D18A027","stationId":"D18A027","basinId":18,"flow":null,"status":"no_data","color":"#94a3b8","width":2.8}},{"type":"Feature","id":"8944","geometry":{"type":"Point","coordinates":[35.04972200000003,37.836667000000034]},"properties":{"OBJECTID":8944,"AGINO":"D18A028","SUADI":null,"ISTADI":null,"ILKODU":51,"ILCEKODU":1225,"KOT":null,"TEKERRUR_YILI":null,"Q2":null,"Q5":null,"Q25":null,"Q100":null,"Q500":null,"MaxFlow":null,"MaxDate":null,"Q10":null,"Q50":null,"Q200":null,"Q1000":null,"HAVZA_ID":18,"entityId":"8944","entityType":"flowStations","id":"8944","name":"D18A028","stationId":"D18A028","basinId":18,"flow":null,"status":"no_data","color":"#94a3b8","width":2.8}},{"type":"Feature","id":"8945","geometry":{"type":"Point","coordinates":[31.74527800000004,37.68333300000006]},"properties":{"OBJECTID":8945,"AGINO":"E16A004","SUADI":null,"ISTADI":null,"ILKODU":42,"ILCEKODU":1188,"KOT":null,"TEKERRUR_YILI":null,"Q2":null,"Q5":null,"Q25":null,"Q100":null,"Q500":null,"MaxFlow":null,"MaxDate":null,"Q10":null,"Q50":null,"Q200":null,"Q1000":null,"HAVZA_ID":16,"entityId":"8945","entityType":"flowStations","id":"8945","name":"E16A004","stationId":"E16A004","basinId":16,"flow":null,"status":"no_data","color":"#94a3b8","width":2.8}},{"type":"Feature","id":"8946","geometry":{"type":"Point","coordinates":[32.119722000000024,37.32000000000005]},"properties":{"OBJECTID":8946,"AGINO":"E16A021","SUADI":null,"ISTADI":null,"ILKODU":42,"ILCEKODU":1994,"KOT":null,"TEKERRUR_YILI":null,"Q2":null,"Q5":null,"Q25":null,"Q100":null,"Q500":null,"MaxFlow":null,"MaxDate":null,"Q10":null,"Q50":null,"Q200":null,"Q1000":null,"HAVZA_ID":16,"entityId":"8946","entityType":"flowStations","id":"8946","name":"E16A021","stationId":"E16A021","basinId":16,"flow":null,"status":"no_data","color":"#94a3b8","width":2.8}},{"type":"Feature","id":"8947","geometry":{"type":"Point","coordinates":[32.669444000000055,38.69861100000003]},"properties":{"OBJECTID":8947,"AGINO":"E16A023","SUADI":null,"ISTADI":null,"ILKODU":42,"ILCEKODU":1222,"KOT":null,"TEKERRUR_YILI":null,"Q2":null,"Q5":null,"Q25":null,"Q100":null,"Q500":null,"MaxFlow":null,"MaxDate":null,"Q10":null,"Q50":null,"Q200":null,"Q1000":null,"HAVZA_ID":16,"entityId":"8947","entityType":"flowStations","id":"8947","name":"E16A023","stationId":"E16A023","basinId":16,"flow":null,"status":"no_data","color":"#94a3b8","width":2.8}},{"type":"Feature","id":"8948","geometry":{"type":"Point","coordinates":[32.65666700000003,36.615556000000026]},"properties":{"OBJECTID":8948,"AGINO":"E17A025","SUADI":null,"ISTADI":null,"ILKODU":70,"ILCEKODU":1983,"KOT":null,"TEKERRUR_YILI":null,"Q2":null,"Q5":null,"Q25":null,"Q100":null,"Q500":null,"MaxFlow":null,"MaxDate":null,"Q10":null,"Q50":null,"Q200":null,"Q1000":null,"HAVZA_ID":17,"entityId":"8948","entityType":"flowStations","id":"8948","name":"E17A025","stationId":"E17A025","basinId":17,"flow":null,"status":"no_data","color":"#94a3b8","width":2.8}},{"type":"Feature","id":"8950","geometry":{"type":"Point","coordinates":[32.76750000000004,36.69777800000003]},"properties":{"OBJECTID":8950,"AGINO":"E17A040","SUADI":null,"ISTADI":null,"ILKODU":70,"ILCEKODU":1316,"KOT":null,"TEKERRUR_YILI":null,"Q2":null,"Q5":null,"Q25":null,"Q100":null,"Q500":null,"MaxFlow":null,"MaxDate":null,"Q10":null,"Q50":null,"Q200":null,"Q1000":null,"HAVZA_ID":17,"entityId":"8950","entityType":"flowStations","id":"8950","name":"E17A040","stationId":"E17A040","basinId":17,"flow":null,"status":"no_data","color":"#94a3b8","width":2.8}},{"type":"Feature","id":"8951","geometry":{"type":"Point","coordinates":[32.450833000000046,36.690833000000055]},"properties":{"OBJECTID":8951,"AGINO":"E17A041","SUADI":null,"ISTADI":null,"ILKODU":70,"ILCEKODU":1983,"KOT":null,"TEKERRUR_YILI":null,"Q2":null,"Q5":null,"Q25":null,"Q100":null,"Q500":null,"MaxFlow":null,"MaxDate":null,"Q10":null,"Q50":null,"Q200":null,"Q1000":null,"HAVZA_ID":17,"entityId":"8951","entityType":"flowStations","id":"8951","name":"E17A041","stationId":"E17A041","basinId":17,"flow":null,"status":"no_data","color":"#94a3b8","width":2.8}},{"type":"Feature","id":"8952","geometry":{"type":"Point","coordinates":[32.681111000000044,36.56861100000003]},"properties":{"OBJECTID":8952,"AGINO":"E17A042","SUADI":null,"ISTADI":null,"ILKODU":70,"ILCEKODU":1983,"KOT":null,"TEKERRUR_YILI":null,"Q2":null,"Q5":null,"Q25":null,"Q100":null,"Q500":null,"MaxFlow":null,"MaxDate":null,"Q10":null,"Q50":null,"Q200":null,"Q1000":null,"HAVZA_ID":17,"entityId":"8952","entityType":"flowStations","id":"8952","name":"E17A042","stationId":"E17A042","basinId":17,"flow":null,"status":"no_data","color":"#94a3b8","width":2.8}},{"type":"Feature","id":"9283","geometry":{"type":"Point","coordinates":[32.85000000000008,39.83333300000004]},"properties":{"OBJECTID":9283,"AGINO":"D12A118","SUADI":null,"ISTADI":null,"ILKODU":6,"ILCEKODU":1231,"KOT":null,"TEKERRUR_YILI":null,"Q2":null,"Q5":null,"Q25":null,"Q100":null,"Q500":null,"MaxFlow":null,"MaxDate":null,"Q10":null,"Q50":null,"Q200":null,"Q1000":null,"HAVZA_ID":12,"entityId":"9283","entityType":"flowStations","id":"9283","name":"D12A118","stationId":"D12A118","basinId":12,"flow":null,"status":"no_data","color":"#94a3b8","width":2.8}},{"type":"Feature","id":"9284","geometry":{"type":"Point","coordinates":[32.70055600000006,40.333889000000056]},"properties":{"OBJECTID":9284,"AGINO":"D12A126","SUADI":null,"ISTADI":null,"ILKODU":6,"ILCEKODU":1473,"KOT":null,"TEKERRUR_YILI":null,"Q2":null,"Q5":null,"Q25":null,"Q100":null,"Q500":null,"MaxFlow":null,"MaxDate":null,"Q10":null,"Q50":null,"Q200":null,"Q1000":null,"HAVZA_ID":12,"entityId":"9284","entityType":"flowStations","id":"9284","name":"D12A126","stationId":"D12A126","basinId":12,"flow":null,"status":"no_data","color":"#94a3b8","width":2.8}},{"type":"Feature","id":"9286","geometry":{"type":"Point","coordinates":[31.34222200000005,40.23972200000003]},"properties":{"OBJECTID":9286,"AGINO":"D12A188","SUADI":null,"ISTADI":null,"ILKODU":6,"ILCEKODU":1539,"KOT":null,"TEKERRUR_YILI":null,"Q2":null,"Q5":null,"Q25":null,"Q100":null,"Q500":null,"MaxFlow":null,"MaxDate":null,"Q10":null,"Q50":null,"Q200":null,"Q1000":null,"HAVZA_ID":12,"entityId":"9286","entityType":"flowStations","id":"9286","name":"D12A188","stationId":"D12A188","basinId":12,"flow":null,"status":"no_data","color":"#94a3b8","width":2.8}},{"type":"Feature","id":"9287","geometry":{"type":"Point","coordinates":[32.09861100000006,40.294444000000055]},"properties":{"OBJECTID":9287,"AGINO":"D12A189","SUADI":null,"ISTADI":null,"ILKODU":6,"ILCEKODU":1187,"KOT":null,"TEKERRUR_YILI":null,"Q2":null,"Q5":null,"Q25":null,"Q100":null,"Q500":null,"MaxFlow":null,"MaxDate":null,"Q10":null,"Q50":null,"Q200":null,"Q1000":null,"HAVZA_ID":12,"entityId":"9287","entityType":"flowStations","id":"9287","name":"D12A189","stationId":"D12A189","basinId":12,"flow":null,"status":"no_data","color":"#94a3b8","width":2.8}},{"type":"Feature","id":"9288","geometry":{"type":"Point","coordinates":[32.79722200000003,39.80000000000007]},"properties":{"OBJECTID":9288,"AGINO":"D12A211","SUADI":null,"ISTADI":null,"ILKODU":6,"ILCEKODU":1744,"KOT":null,"TEKERRUR_YILI":null,"Q2":null,"Q5":null,"Q25":null,"Q100":null,"Q500":null,"MaxFlow":null,"MaxDate":null,"Q10":null,"Q50":null,"Q200":null,"Q1000":null,"HAVZA_ID":12,"entityId":"9288","entityType":"flowStations","id":"9288","name":"D12A211","stationId":"D12A211","basinId":12,"flow":null,"status":"no_data","color":"#94a3b8","width":2.8}},{"type":"Feature","id":"9290","geometry":{"type":"Point","coordinates":[32.44138900000007,40.18277800000004]},"properties":{"OBJECTID":9290,"AGINO":"D12A240","SUADI":null,"ISTADI":null,"ILKODU":6,"ILCEKODU":1157,"KOT":null,"TEKERRUR_YILI":null,"Q2":null,"Q5":null,"Q25":null,"Q100":null,"Q500":null,"MaxFlow":null,"MaxDate":null,"Q10":null,"Q50":null,"Q200":null,"Q1000":null,"HAVZA_ID":12,"entityId":"9290","entityType":"flowStations","id":"9290","name":"D12A240","stationId":"D12A240","basinId":12,"flow":null,"status":"no_data","color":"#94a3b8","width":2.8}},{"type":"Feature","id":"9291","geometry":{"type":"Point","coordinates":[32.68166700000006,40.35055600000004]},"properties":{"OBJECTID":9291,"AGINO":"D12A242","SUADI":null,"ISTADI":null,"ILKODU":6,"ILCEKODU":1473,"KOT":null,"TEKERRUR_YILI":null,"Q2":null,"Q5":null,"Q25":null,"Q100":null,"Q500":null,"MaxFlow":null,"MaxDate":null,"Q10":null,"Q50":null,"Q200":null,"Q1000":null,"HAVZA_ID":12,"entityId":"9291","entityType":"flowStations","id":"9291","name":"D12A242","stationId":"D12A242","basinId":12,"flow":null,"status":"no_data","color":"#94a3b8","width":2.8}},{"type":"Feature","id":"9292","geometry":{"type":"Point","coordinates":[32.41277800000006,40.148056000000054]},"properties":{"OBJECTID":9292,"AGINO":"D12A243","SUADI":null,"ISTADI":null,"ILKODU":6,"ILCEKODU":1157,"KOT":null,"TEKERRUR_YILI":null,"Q2":null,"Q5":null,"Q25":null,"Q100":null,"Q500":null,"MaxFlow":null,"MaxDate":null,"Q10":null,"Q50":null,"Q200":null,"Q1000":null,"HAVZA_ID":12,"entityId":"9292","entityType":"flowStations","id":"9292","name":"D12A243","stationId":"D12A243","basinId":12,"flow":null,"status":"no_data","color":"#94a3b8","width":2.8}},{"type":"Feature","id":"9293","geometry":{"type":"Point","coordinates":[32.261667000000045,40.23722200000003]},"properties":{"OBJECTID":9293,"AGINO":"D12A244","SUADI":null,"ISTADI":null,"ILKODU":6,"ILCEKODU":1365,"KOT":null,"TEKERRUR_YILI":null,"Q2":null,"Q5":null,"Q25":null,"Q100":null,"Q500":null,"MaxFlow":null,"MaxDate":null,"Q10":null,"Q50":null,"Q200":null,"Q1000":null,"HAVZA_ID":12,"entityId":"9293","entityType":"flowStations","id":"9293","name":"D12A244","stationId":"D12A244","basinId":12,"flow":null,"status":"no_data","color":"#94a3b8","width":2.8}},{"type":"Feature","id":"9294","geometry":{"type":"Point","coordinates":[32.27638900000005,40.11916700000006]},"properties":{"OBJECTID":9294,"AGINO":"D12A250","SUADI":null,"ISTADI":null,"ILKODU":6,"ILCEKODU":1157,"KOT":null,"TEKERRUR_YILI":null,"Q2":null,"Q5":null,"Q25":null,"Q100":null,"Q500":null,"MaxFlow":null,"MaxDate":null,"Q10":null,"Q50":null,"Q200":null,"Q1000":null,"HAVZA_ID":12,"entityId":"9294","entityType":"flowStations","id":"9294","name":"D12A250","stationId":"D12A250","basinId":12,"flow":null,"status":"no_data","color":"#94a3b8","width":2.8}},{"type":"Feature","id":"9295","geometry":{"type":"Point","coordinates":[31.52638900000005,40.67972200000003]},"properties":{"OBJECTID":9295,"AGINO":"D13A008","SUADI":null,"ISTADI":null,"ILKODU":14,"ILCEKODU":1199,"KOT":null,"TEKERRUR_YILI":null,"Q2":null,"Q5":null,"Q25":null,"Q100":null,"Q500":null,"MaxFlow":null,"MaxDate":null,"Q10":null,"Q50":null,"Q200":null,"Q1000":null,"HAVZA_ID":13,"entityId":"9295","entityType":"flowStations","id":"9295","name":"D13A008","stationId":"D13A008","basinId":13,"flow":null,"status":"no_data","color":"#94a3b8","width":2.8}},{"type":"Feature","id":"9296","geometry":{"type":"Point","coordinates":[31.05027800000005,40.90333300000003]},"properties":{"OBJECTID":9296,"AGINO":"D13A010","SUADI":null,"ISTADI":null,"ILKODU":81,"ILCEKODU":1905,"KOT":null,"TEKERRUR_YILI":null,"Q2":null,"Q5":null,"Q25":null,"Q100":null,"Q500":null,"MaxFlow":null,"MaxDate":null,"Q10":null,"Q50":null,"Q200":null,"Q1000":null,"HAVZA_ID":13,"entityId":"9296","entityType":"flowStations","id":"9296","name":"D13A010","stationId":"D13A010","basinId":13,"flow":null,"status":"no_data","color":"#94a3b8","width":2.8}},{"type":"Feature","id":"9298","geometry":{"type":"Point","coordinates":[31.38333300000005,40.950000000000045]},"properties":{"OBJECTID":9298,"AGINO":"D13A033","SUADI":null,"ISTADI":null,"ILKODU":81,"ILCEKODU":1730,"KOT":null,"TEKERRUR_YILI":null,"Q2":null,"Q5":null,"Q25":null,"Q100":null,"Q500":null,"MaxFlow":null,"MaxDate":null,"Q10":null,"Q50":null,"Q200":null,"Q1000":null,"HAVZA_ID":13,"entityId":"9298","entityType":"flowStations","id":"9298","name":"D13A033","stationId":"D13A033","basinId":13,"flow":null,"status":"no_data","color":"#94a3b8","width":2.8}},{"type":"Feature","id":"9300","geometry":{"type":"Point","coordinates":[32.990833000000066,40.76194400000003]},"properties":{"OBJECTID":9300,"AGINO":"D13A036","SUADI":null,"ISTADI":null,"ILKODU":18,"ILCEKODU":1248,"KOT":null,"TEKERRUR_YILI":null,"Q2":null,"Q5":null,"Q25":null,"Q100":null,"Q500":null,"MaxFlow":null,"MaxDate":null,"Q10":null,"Q50":null,"Q200":null,"Q1000":null,"HAVZA_ID":13,"entityId":"9300","entityType":"flowStations","id":"9300","name":"D13A036","stationId":"D13A036","basinId":13,"flow":null,"status":"no_data","color":"#94a3b8","width":2.8}},{"type":"Feature","id":"9301","geometry":{"type":"Point","coordinates":[31.385556000000065,40.91722200000004]},"properties":{"OBJECTID":9301,"AGINO":"D13A038","SUADI":null,"ISTADI":null,"ILKODU":81,"ILCEKODU":1730,"KOT":null,"TEKERRUR_YILI":null,"Q2":null,"Q5":null,"Q25":null,"Q100":null,"Q500":null,"MaxFlow":null,"MaxDate":null,"Q10":null,"Q50":null,"Q200":null,"Q1000":null,"HAVZA_ID":13,"entityId":"9301","entityType":"flowStations","id":"9301","name":"D13A038","stationId":"D13A038","basinId":13,"flow":null,"status":"no_data","color":"#94a3b8","width":2.8}},{"type":"Feature","id":"9302","geometry":{"type":"Point","coordinates":[31.983333000000073,40.68333300000006]},"properties":{"OBJECTID":9302,"AGINO":"D13A045","SUADI":null,"ISTADI":null,"ILKODU":14,"ILCEKODU":1916,"KOT":null,"TEKERRUR_YILI":null,"Q2":null,"Q5":null,"Q25":null,"Q100":null,"Q500":null,"MaxFlow":null,"MaxDate":null,"Q10":null,"Q50":null,"Q200":null,"Q1000":null,"HAVZA_ID":13,"entityId":"9302","entityType":"flowStations","id":"9302","name":"D13A045","stationId":"D13A045","basinId":13,"flow":null,"status":"no_data","color":"#94a3b8","width":2.8}},{"type":"Feature","id":"9303","geometry":{"type":"Point","coordinates":[32.990833000000066,40.76194400000003]},"properties":{"OBJECTID":9303,"AGINO":"D13A046","SUADI":null,"ISTADI":null,"ILKODU":18,"ILCEKODU":1248,"KOT":null,"TEKERRUR_YILI":null,"Q2":null,"Q5":null,"Q25":null,"Q100":null,"Q500":null,"MaxFlow":null,"MaxDate":null,"Q10":null,"Q50":null,"Q200":null,"Q1000":null,"HAVZA_ID":13,"entityId":"9303","entityType":"flowStations","id":"9303","name":"D13A046","stationId":"D13A046","basinId":13,"flow":null,"status":"no_data","color":"#94a3b8","width":2.8}},{"type":"Feature","id":"9304","geometry":{"type":"Point","coordinates":[33.22583300000008,40.95666700000004]},"properties":{"OBJECTID":9304,"AGINO":"D13A064","SUADI":null,"ISTADI":null,"ILKODU":18,"ILCEKODU":1885,"KOT":null,"TEKERRUR_YILI":null,"Q2":null,"Q5":null,"Q25":null,"Q100":null,"Q500":null,"MaxFlow":null,"MaxDate":null,"Q10":null,"Q50":null,"Q200":null,"Q1000":null,"HAVZA_ID":13,"entityId":"9304","entityType":"flowStations","id":"9304","name":"D13A064","stationId":"D13A064","basinId":13,"flow":null,"status":"no_data","color":"#94a3b8","width":2.8}},{"type":"Feature","id":"9305","geometry":{"type":"Point","coordinates":[31.866667000000064,40.86333300000007]},"properties":{"OBJECTID":9305,"AGINO":"D13A065","SUADI":null,"ISTADI":null,"ILKODU":14,"ILCEKODU":1522,"KOT":null,"TEKERRUR_YILI":null,"Q2":null,"Q5":null,"Q25":null,"Q100":null,"Q500":null,"MaxFlow":null,"MaxDate":null,"Q10":null,"Q50":null,"Q200":null,"Q1000":null,"HAVZA_ID":13,"entityId":"9305","entityType":"flowStations","id":"9305","name":"D13A065","stationId":"D13A065","basinId":13,"flow":null,"status":"no_data","color":"#94a3b8","width":2.8}},{"type":"Feature","id":"9306","geometry":{"type":"Point","coordinates":[31.160556000000042,40.837500000000034]},"properties":{"OBJECTID":9306,"AGINO":"D13A066","SUADI":null,"ISTADI":null,"ILKODU":81,"ILCEKODU":1292,"KOT":null,"TEKERRUR_YILI":null,"Q2":null,"Q5":null,"Q25":null,"Q100":null,"Q500":null,"MaxFlow":null,"MaxDate":null,"Q10":null,"Q50":null,"Q200":null,"Q1000":null,"HAVZA_ID":13,"entityId":"9306","entityType":"flowStations","id":"9306","name":"D13A066","stationId":"D13A066","basinId":13,"flow":null,"status":"no_data","color":"#94a3b8","width":2.8}},{"type":"Feature","id":"9307","geometry":{"type":"Point","coordinates":[31.439722000000074,40.67527800000005]},"properties":{"OBJECTID":9307,"AGINO":"D13A068","SUADI":null,"ISTADI":null,"ILKODU":14,"ILCEKODU":1199,"KOT":null,"TEKERRUR_YILI":null,"Q2":null,"Q5":null,"Q25":null,"Q100":null,"Q500":null,"MaxFlow":null,"MaxDate":null,"Q10":null,"Q50":null,"Q200":null,"Q1000":null,"HAVZA_ID":13,"entityId":"9307","entityType":"flowStations","id":"9307","name":"D13A068","stationId":"D13A068","basinId":13,"flow":null,"status":"no_data","color":"#94a3b8","width":2.8}},{"type":"Feature","id":"9308","geometry":{"type":"Point","coordinates":[31.634722000000068,40.78972200000004]},"properties":{"OBJECTID":9308,"AGINO":"D13A070","SUADI":null,"ISTADI":null,"ILKODU":14,"ILCEKODU":1199,"KOT":null,"TEKERRUR_YILI":null,"Q2":null,"Q5":null,"Q25":null,"Q100":null,"Q500":null,"MaxFlow":null,"MaxDate":null,"Q10":null,"Q50":null,"Q200":null,"Q1000":null,"HAVZA_ID":13,"entityId":"9308","entityType":"flowStations","id":"9308","name":"D13A070","stationId":"D13A070","basinId":13,"flow":null,"status":"no_data","color":"#94a3b8","width":2.8}},{"type":"Feature","id":"9309","geometry":{"type":"Point","coordinates":[31.24611100000004,40.72583300000008]},"properties":{"OBJECTID":9309,"AGINO":"D13A072","SUADI":null,"ISTADI":null,"ILKODU":81,"ILCEKODU":1292,"KOT":null,"TEKERRUR_YILI":null,"Q2":null,"Q5":null,"Q25":null,"Q100":null,"Q500":null,"MaxFlow":null,"MaxDate":null,"Q10":null,"Q50":null,"Q200":null,"Q1000":null,"HAVZA_ID":13,"entityId":"9309","entityType":"flowStations","id":"9309","name":"D13A072","stationId":"D13A072","basinId":13,"flow":null,"status":"no_data","color":"#94a3b8","width":2.8}},{"type":"Feature","id":"9312","geometry":{"type":"Point","coordinates":[34.618333000000064,40.37222200000008]},"properties":{"OBJECTID":9312,"AGINO":"D14A104","SUADI":null,"ISTADI":null,"ILKODU":19,"ILCEKODU":1259,"KOT":null,"TEKERRUR_YILI":null,"Q2":null,"Q5":null,"Q25":null,"Q100":null,"Q500":null,"MaxFlow":null,"MaxDate":null,"Q10":null,"Q50":null,"Q200":null,"Q1000":null,"HAVZA_ID":14,"entityId":"9312","entityType":"flowStations","id":"9312","name":"D14A104","stationId":"D14A104","basinId":14,"flow":null,"status":"no_data","color":"#94a3b8","width":2.8}},{"type":"Feature","id":"9314","geometry":{"type":"Point","coordinates":[34.961667000000034,40.243611000000044]},"properties":{"OBJECTID":9314,"AGINO":"D14A135","SUADI":null,"ISTADI":null,"ILKODU":19,"ILCEKODU":1124,"KOT":null,"TEKERRUR_YILI":null,"Q2":null,"Q5":null,"Q25":null,"Q100":null,"Q500":null,"MaxFlow":null,"MaxDate":null,"Q10":null,"Q50":null,"Q200":null,"Q1000":null,"HAVZA_ID":14,"entityId":"9314","entityType":"flowStations","id":"9314","name":"D14A135","stationId":"D14A135","basinId":14,"flow":null,"status":"no_data","color":"#94a3b8","width":2.8}},{"type":"Feature","id":"9315","geometry":{"type":"Point","coordinates":[34.805000000000064,40.34111100000007]},"properties":{"OBJECTID":9315,"AGINO":"D14A180","SUADI":null,"ISTADI":null,"ILKODU":19,"ILCEKODU":1259,"KOT":null,"TEKERRUR_YILI":null,"Q2":null,"Q5":null,"Q25":null,"Q100":null,"Q500":null,"MaxFlow":null,"MaxDate":null,"Q10":null,"Q50":null,"Q200":null,"Q1000":null,"HAVZA_ID":14,"entityId":"9315","entityType":"flowStations","id":"9315","name":"D14A180","stationId":"D14A180","basinId":14,"flow":null,"status":"no_data","color":"#94a3b8","width":2.8}},{"type":"Feature","id":"9316","geometry":{"type":"Point","coordinates":[33.26583300000004,40.127778000000035]},"properties":{"OBJECTID":9316,"AGINO":"D15A039","SUADI":null,"ISTADI":null,"ILKODU":6,"ILCEKODU":1872,"KOT":null,"TEKERRUR_YILI":null,"Q2":null,"Q5":null,"Q25":null,"Q100":null,"Q500":null,"MaxFlow":null,"MaxDate":null,"Q10":null,"Q50":null,"Q200":null,"Q1000":null,"HAVZA_ID":15,"entityId":"9316","entityType":"flowStations","id":"9316","name":"D15A039","stationId":"D15A039","basinId":15,"flow":null,"status":"no_data","color":"#94a3b8","width":2.8}},{"type":"Feature","id":"9317","geometry":{"type":"Point","coordinates":[33.32000000000005,40.81277800000004]},"properties":{"OBJECTID":9317,"AGINO":"D15A093","SUADI":null,"ISTADI":null,"ILKODU":18,"ILCEKODU":1494,"KOT":null,"TEKERRUR_YILI":null,"Q2":null,"Q5":null,"Q25":null,"Q100":null,"Q500":null,"MaxFlow":null,"MaxDate":null,"Q10":null,"Q50":null,"Q200":null,"Q1000":null,"HAVZA_ID":15,"entityId":"9317","entityType":"flowStations","id":"9317","name":"D15A093","stationId":"D15A093","basinId":15,"flow":null,"status":"no_data","color":"#94a3b8","width":2.8}},{"type":"Feature","id":"9318","geometry":{"type":"Point","coordinates":[33.03916700000008,40.617500000000064]},"properties":{"OBJECTID":9318,"AGINO":"D15A098","SUADI":null,"ISTADI":null,"ILKODU":18,"ILCEKODU":1555,"KOT":null,"TEKERRUR_YILI":null,"Q2":null,"Q5":null,"Q25":null,"Q100":null,"Q500":null,"MaxFlow":null,"MaxDate":null,"Q10":null,"Q50":null,"Q200":null,"Q1000":null,"HAVZA_ID":15,"entityId":"9318","entityType":"flowStations","id":"9318","name":"D15A098","stationId":"D15A098","basinId":15,"flow":null,"status":"no_data","color":"#94a3b8","width":2.8}},{"type":"Feature","id":"9319","geometry":{"type":"Point","coordinates":[33.02527800000007,40.614167000000066]},"properties":{"OBJECTID":9319,"AGINO":"D15A107","SUADI":null,"ISTADI":null,"ILKODU":18,"ILCEKODU":1555,"KOT":null,"TEKERRUR_YILI":null,"Q2":null,"Q5":null,"Q25":null,"Q100":null,"Q500":null,"MaxFlow":null,"MaxDate":null,"Q10":null,"Q50":null,"Q200":null,"Q1000":null,"HAVZA_ID":15,"entityId":"9319","entityType":"flowStations","id":"9319","name":"D15A107","stationId":"D15A107","basinId":15,"flow":null,"status":"no_data","color":"#94a3b8","width":2.8}},{"type":"Feature","id":"9321","geometry":{"type":"Point","coordinates":[33.51916700000004,40.36083300000007]},"properties":{"OBJECTID":9321,"AGINO":"D15A133","SUADI":null,"ISTADI":null,"ILKODU":18,"ILCEKODU":1232,"KOT":null,"TEKERRUR_YILI":null,"Q2":null,"Q5":null,"Q25":null,"Q100":null,"Q500":null,"MaxFlow":null,"MaxDate":null,"Q10":null,"Q50":null,"Q200":null,"Q1000":null,"HAVZA_ID":15,"entityId":"9321","entityType":"flowStations","id":"9321","name":"D15A133","stationId":"D15A133","basinId":15,"flow":null,"status":"no_data","color":"#94a3b8","width":2.8}},{"type":"Feature","id":"9322","geometry":{"type":"Point","coordinates":[33.17388900000003,39.32333300000005]},"properties":{"OBJECTID":9322,"AGINO":"D15A159","SUADI":null,"ISTADI":null,"ILKODU":6,"ILCEKODU":1167,"KOT":null,"TEKERRUR_YILI":null,"Q2":null,"Q5":null,"Q25":null,"Q100":null,"Q500":null,"MaxFlow":null,"MaxDate":null,"Q10":null,"Q50":null,"Q200":null,"Q1000":null,"HAVZA_ID":15,"entityId":"9322","entityType":"flowStations","id":"9322","name":"D15A159","stationId":"D15A159","basinId":15,"flow":null,"status":"no_data","color":"#94a3b8","width":2.8}},{"type":"Feature","id":"9323","geometry":{"type":"Point","coordinates":[34.05222200000003,40.42333300000007]},"properties":{"OBJECTID":9323,"AGINO":"D15A164","SUADI":null,"ISTADI":null,"ILKODU":18,"ILCEKODU":1817,"KOT":null,"TEKERRUR_YILI":null,"Q2":null,"Q5":null,"Q25":null,"Q100":null,"Q500":null,"MaxFlow":null,"MaxDate":null,"Q10":null,"Q50":null,"Q200":null,"Q1000":null,"HAVZA_ID":15,"entityId":"9323","entityType":"flowStations","id":"9323","name":"D15A164","stationId":"D15A164","basinId":15,"flow":null,"status":"no_data","color":"#94a3b8","width":2.8}},{"type":"Feature","id":"9326","geometry":{"type":"Point","coordinates":[33.76666700000004,39.918333000000075]},"properties":{"OBJECTID":9326,"AGINO":"D15A282","SUADI":null,"ISTADI":null,"ILKODU":71,"ILCEKODU":1882,"KOT":null,"TEKERRUR_YILI":null,"Q2":null,"Q5":null,"Q25":null,"Q100":null,"Q500":null,"MaxFlow":null,"MaxDate":null,"Q10":null,"Q50":null,"Q200":null,"Q1000":null,"HAVZA_ID":15,"entityId":"9326","entityType":"flowStations","id":"9326","name":"D15A282","stationId":"D15A282","basinId":15,"flow":null,"status":"no_data","color":"#94a3b8","width":2.8}},{"type":"Feature","id":"9328","geometry":{"type":"Point","coordinates":[34.511667000000045,40.19666700000005]},"properties":{"OBJECTID":9328,"AGINO":"D15A288","SUADI":null,"ISTADI":null,"ILKODU":19,"ILCEKODU":1642,"KOT":null,"TEKERRUR_YILI":null,"Q2":null,"Q5":null,"Q25":null,"Q100":null,"Q500":null,"MaxFlow":null,"MaxDate":null,"Q10":null,"Q50":null,"Q200":null,"Q1000":null,"HAVZA_ID":15,"entityId":"9328","entityType":"flowStations","id":"9328","name":"D15A288","stationId":"D15A288","basinId":15,"flow":null,"status":"no_data","color":"#94a3b8","width":2.8}},{"type":"Feature","id":"9332","geometry":{"type":"Point","coordinates":[33.198056000000065,40.26111100000003]},"properties":{"OBJECTID":9332,"AGINO":"D15A344","SUADI":null,"ISTADI":null,"ILKODU":6,"ILCEKODU":1260,"KOT":null,"TEKERRUR_YILI":null,"Q2":null,"Q5":null,"Q25":null,"Q100":null,"Q500":null,"MaxFlow":null,"MaxDate":null,"Q10":null,"Q50":null,"Q200":null,"Q1000":null,"HAVZA_ID":15,"entityId":"9332","entityType":"flowStations","id":"9332","name":"D15A344","stationId":"D15A344","basinId":15,"flow":null,"status":"no_data","color":"#94a3b8","width":2.8}},{"type":"Feature","id":"9333","geometry":{"type":"Point","coordinates":[33.23694400000005,40.37027800000004]},"properties":{"OBJECTID":9333,"AGINO":"D15A345","SUADI":null,"ISTADI":null,"ILKODU":18,"ILCEKODU":1649,"KOT":null,"TEKERRUR_YILI":null,"Q2":null,"Q5":null,"Q25":null,"Q100":null,"Q500":null,"MaxFlow":null,"MaxDate":null,"Q10":null,"Q50":null,"Q200":null,"Q1000":null,"HAVZA_ID":15,"entityId":"9333","entityType":"flowStations","id":"9333","name":"D15A345","stationId":"D15A345","basinId":15,"flow":null,"status":"no_data","color":"#94a3b8","width":2.8}},{"type":"Feature","id":"9334","geometry":{"type":"Point","coordinates":[34.149722000000054,40.426667000000066]},"properties":{"OBJECTID":9334,"AGINO":"D15A350","SUADI":null,"ISTADI":null,"ILKODU":19,"ILCEKODU":1642,"KOT":null,"TEKERRUR_YILI":null,"Q2":null,"Q5":null,"Q25":null,"Q100":null,"Q500":null,"MaxFlow":null,"MaxDate":null,"Q10":null,"Q50":null,"Q200":null,"Q1000":null,"HAVZA_ID":15,"entityId":"9334","entityType":"flowStations","id":"9334","name":"D15A350","stationId":"D15A350","basinId":15,"flow":null,"status":"no_data","color":"#94a3b8","width":2.8}},{"type":"Feature","id":"9335","geometry":{"type":"Point","coordinates":[31.657778000000064,40.18777800000004]},"properties":{"OBJECTID":9335,"AGINO":"E12A033","SUADI":null,"ISTADI":null,"ILKODU":6,"ILCEKODU":1539,"KOT":null,"TEKERRUR_YILI":null,"Q2":null,"Q5":null,"Q25":null,"Q100":null,"Q500":null,"MaxFlow":null,"MaxDate":null,"Q10":null,"Q50":null,"Q200":null,"Q1000":null,"HAVZA_ID":12,"entityId":"9335","entityType":"flowStations","id":"9335","name":"E12A033","stationId":"E12A033","basinId":12,"flow":null,"status":"no_data","color":"#94a3b8","width":2.8}},{"type":"Feature","id":"9336","geometry":{"type":"Point","coordinates":[32.66222200000004,40.60361100000006]},"properties":{"OBJECTID":9336,"AGINO":"E12A053","SUADI":null,"ISTADI":null,"ILKODU":6,"ILCEKODU":1473,"KOT":null,"TEKERRUR_YILI":null,"Q2":null,"Q5":null,"Q25":null,"Q100":null,"Q500":null,"MaxFlow":null,"MaxDate":null,"Q10":null,"Q50":null,"Q200":null,"Q1000":null,"HAVZA_ID":12,"entityId":"9336","entityType":"flowStations","id":"9336","name":"E12A053","stationId":"E12A053","basinId":12,"flow":null,"status":"no_data","color":"#94a3b8","width":2.8}},{"type":"Feature","id":"9337","geometry":{"type":"Point","coordinates":[30.991389000000026,40.06805600000007]},"properties":{"OBJECTID":9337,"AGINO":"E12A063","SUADI":null,"ISTADI":null,"ILKODU":6,"ILCEKODU":1539,"KOT":null,"TEKERRUR_YILI":null,"Q2":null,"Q5":null,"Q25":null,"Q100":null,"Q500":null,"MaxFlow":null,"MaxDate":null,"Q10":null,"Q50":null,"Q200":null,"Q1000":null,"HAVZA_ID":12,"entityId":"9337","entityType":"flowStations","id":"9337","name":"E12A063","stationId":"E12A063","basinId":12,"flow":null,"status":"no_data","color":"#94a3b8","width":2.8}},{"type":"Feature","id":"9338","geometry":{"type":"Point","coordinates":[30.98583300000007,40.856111000000055]},"properties":{"OBJECTID":9338,"AGINO":"E13A002","SUADI":null,"ISTADI":null,"ILKODU":81,"ILCEKODU":2017,"KOT":null,"TEKERRUR_YILI":null,"Q2":null,"Q5":null,"Q25":null,"Q100":null,"Q500":null,"MaxFlow":null,"MaxDate":null,"Q10":null,"Q50":null,"Q200":null,"Q1000":null,"HAVZA_ID":13,"entityId":"9338","entityType":"flowStations","id":"9338","name":"E13A002","stationId":"E13A002","basinId":13,"flow":null,"status":"no_data","color":"#94a3b8","width":2.8}},{"type":"Feature","id":"9339","geometry":{"type":"Point","coordinates":[31.96722200000005,40.896389000000056]},"properties":{"OBJECTID":9339,"AGINO":"E13A019","SUADI":null,"ISTADI":null,"ILKODU":14,"ILCEKODU":1522,"KOT":null,"TEKERRUR_YILI":null,"Q2":null,"Q5":null,"Q25":null,"Q100":null,"Q500":null,"MaxFlow":null,"MaxDate":null,"Q10":null,"Q50":null,"Q200":null,"Q1000":null,"HAVZA_ID":13,"entityId":"9339","entityType":"flowStations","id":"9339","name":"E13A019","stationId":"E13A019","basinId":13,"flow":null,"status":"no_data","color":"#94a3b8","width":2.8}},{"type":"Feature","id":"9341","geometry":{"type":"Point","coordinates":[32.25472200000007,40.941111000000035]},"properties":{"OBJECTID":9341,"AGINO":"E13A043","SUADI":null,"ISTADI":null,"ILKODU":14,"ILCEKODU":1522,"KOT":null,"TEKERRUR_YILI":null,"Q2":null,"Q5":null,"Q25":null,"Q100":null,"Q500":null,"MaxFlow":null,"MaxDate":null,"Q10":null,"Q50":null,"Q200":null,"Q1000":null,"HAVZA_ID":13,"entityId":"9341","entityType":"flowStations","id":"9341","name":"E13A043","stationId":"E13A043","basinId":13,"flow":null,"status":"no_data","color":"#94a3b8","width":2.8}},{"type":"Feature","id":"9343","geometry":{"type":"Point","coordinates":[34.50500000000005,41.07166700000005]},"properties":{"OBJECTID":9343,"AGINO":"E15A048","SUADI":null,"ISTADI":null,"ILKODU":19,"ILCEKODU":1558,"KOT":null,"TEKERRUR_YILI":null,"Q2":null,"Q5":null,"Q25":null,"Q100":null,"Q500":null,"MaxFlow":null,"MaxDate":null,"Q10":null,"Q50":null,"Q200":null,"Q1000":null,"HAVZA_ID":15,"entityId":"9343","entityType":"flowStations","id":"9343","name":"E15A048","stationId":"E15A048","basinId":15,"flow":null,"status":"no_data","color":"#94a3b8","width":2.8}},{"type":"Feature","id":"9345","geometry":{"type":"Point","coordinates":[33.70694400000008,38.867500000000064]},"properties":{"OBJECTID":9345,"AGINO":"E16A029","SUADI":null,"ISTADI":null,"ILKODU":6,"ILCEKODU":1658,"KOT":null,"TEKERRUR_YILI":null,"Q2":null,"Q5":null,"Q25":null,"Q100":null,"Q500":null,"MaxFlow":null,"MaxDate":null,"Q10":null,"Q50":null,"Q200":null,"Q1000":null,"HAVZA_ID":16,"entityId":"9345","entityType":"flowStations","id":"9345","name":"E16A029","stationId":"E16A029","basinId":16,"flow":null,"status":"no_data","color":"#94a3b8","width":2.8}},{"type":"Feature","id":"9348","geometry":{"type":"Point","coordinates":[34.690833000000055,36.96305600000005]},"properties":{"OBJECTID":9348,"AGINO":"D17A006","SUADI":null,"ISTADI":null,"ILKODU":33,"ILCEKODU":2064,"KOT":null,"TEKERRUR_YILI":null,"Q2":null,"Q5":null,"Q25":null,"Q100":null,"Q500":null,"MaxFlow":null,"MaxDate":null,"Q10":null,"Q50":null,"Q200":null,"Q1000":null,"HAVZA_ID":17,"entityId":"9348","entityType":"flowStations","id":"9348","name":"D17A006","stationId":"D17A006","basinId":17,"flow":null,"status":"no_data","color":"#94a3b8","width":2.8}},{"type":"Feature","id":"9349","geometry":{"type":"Point","coordinates":[34.76833300000004,37.03055600000005]},"properties":{"OBJECTID":9349,"AGINO":"D17A007","SUADI":null,"ISTADI":null,"ILKODU":33,"ILCEKODU":1665,"KOT":null,"TEKERRUR_YILI":null,"Q2":null,"Q5":null,"Q25":null,"Q100":null,"Q500":null,"MaxFlow":null,"MaxDate":null,"Q10":null,"Q50":null,"Q200":null,"Q1000":null,"HAVZA_ID":17,"entityId":"9349","entityType":"flowStations","id":"9349","name":"D17A007","stationId":"D17A007","basinId":17,"flow":null,"status":"no_data","color":"#94a3b8","width":2.8}},{"type":"Feature","id":"9350","geometry":{"type":"Point","coordinates":[34.553056000000026,36.86166700000007]},"properties":{"OBJECTID":9350,"AGINO":"D17A011","SUADI":null,"ISTADI":null,"ILKODU":33,"ILCEKODU":2066,"KOT":null,"TEKERRUR_YILI":null,"Q2":null,"Q5":null,"Q25":null,"Q100":null,"Q500":null,"MaxFlow":null,"MaxDate":null,"Q10":null,"Q50":null,"Q200":null,"Q1000":null,"HAVZA_ID":17,"entityId":"9350","entityType":"flowStations","id":"9350","name":"D17A011","stationId":"D17A011","basinId":17,"flow":null,"status":"no_data","color":"#94a3b8","width":2.8}},{"type":"Feature","id":"9351","geometry":{"type":"Point","coordinates":[33.91611100000006,36.76194400000003]},"properties":{"OBJECTID":9351,"AGINO":"D17A012","SUADI":null,"ISTADI":null,"ILKODU":33,"ILCEKODU":1621,"KOT":null,"TEKERRUR_YILI":null,"Q2":null,"Q5":null,"Q25":null,"Q100":null,"Q500":null,"MaxFlow":null,"MaxDate":null,"Q10":null,"Q50":null,"Q200":null,"Q1000":null,"HAVZA_ID":17,"entityId":"9351","entityType":"flowStations","id":"9351","name":"D17A012","stationId":"D17A012","basinId":17,"flow":null,"status":"no_data","color":"#94a3b8","width":2.8}},{"type":"Feature","id":"9352","geometry":{"type":"Point","coordinates":[33.18750000000006,36.78166700000003]},"properties":{"OBJECTID":9352,"AGINO":"D17A016","SUADI":null,"ISTADI":null,"ILKODU":33,"ILCEKODU":1536,"KOT":null,"TEKERRUR_YILI":null,"Q2":null,"Q5":null,"Q25":null,"Q100":null,"Q500":null,"MaxFlow":null,"MaxDate":null,"Q10":null,"Q50":null,"Q200":null,"Q1000":null,"HAVZA_ID":17,"entityId":"9352","entityType":"flowStations","id":"9352","name":"D17A016","stationId":"D17A016","basinId":17,"flow":null,"status":"no_data","color":"#94a3b8","width":2.8}},{"type":"Feature","id":"9353","geometry":{"type":"Point","coordinates":[33.53666700000008,36.23666700000007]},"properties":{"OBJECTID":9353,"AGINO":"D17A024","SUADI":null,"ISTADI":null,"ILKODU":33,"ILCEKODU":1366,"KOT":null,"TEKERRUR_YILI":null,"Q2":null,"Q5":null,"Q25":null,"Q100":null,"Q500":null,"MaxFlow":null,"MaxDate":null,"Q10":null,"Q50":null,"Q200":null,"Q1000":null,"HAVZA_ID":17,"entityId":"9353","entityType":"flowStations","id":"9353","name":"D17A024","stationId":"D17A024","basinId":17,"flow":null,"status":"no_data","color":"#94a3b8","width":2.8}},{"type":"Feature","id":"9354","geometry":{"type":"Point","coordinates":[34.25416700000005,36.65638900000005]},"properties":{"OBJECTID":9354,"AGINO":"D17A040","SUADI":null,"ISTADI":null,"ILKODU":33,"ILCEKODU":1311,"KOT":null,"TEKERRUR_YILI":null,"Q2":null,"Q5":null,"Q25":null,"Q100":null,"Q500":null,"MaxFlow":null,"MaxDate":null,"Q10":null,"Q50":null,"Q200":null,"Q1000":null,"HAVZA_ID":17,"entityId":"9354","entityType":"flowStations","id":"9354","name":"D17A040","stationId":"D17A040","basinId":17,"flow":null,"status":"no_data","color":"#94a3b8","width":2.8}},{"type":"Feature","id":"9357","geometry":{"type":"Point","coordinates":[33.29527800000005,36.138333000000046]},"properties":{"OBJECTID":9357,"AGINO":"D17A044","SUADI":null,"ISTADI":null,"ILKODU":33,"ILCEKODU":1766,"KOT":null,"TEKERRUR_YILI":null,"Q2":null,"Q5":null,"Q25":null,"Q100":null,"Q500":null,"MaxFlow":null,"MaxDate":null,"Q10":null,"Q50":null,"Q200":null,"Q1000":null,"HAVZA_ID":17,"entityId":"9357","entityType":"flowStations","id":"9357","name":"D17A044","stationId":"D17A044","basinId":17,"flow":null,"status":"no_data","color":"#94a3b8","width":2.8}},{"type":"Feature","id":"9358","geometry":{"type":"Point","coordinates":[34.440278000000035,36.89111100000008]},"properties":{"OBJECTID":9358,"AGINO":"D17A045","SUADI":null,"ISTADI":null,"ILKODU":33,"ILCEKODU":2067,"KOT":null,"TEKERRUR_YILI":null,"Q2":null,"Q5":null,"Q25":null,"Q100":null,"Q500":null,"MaxFlow":null,"MaxDate":null,"Q10":null,"Q50":null,"Q200":null,"Q1000":null,"HAVZA_ID":17,"entityId":"9358","entityType":"flowStations","id":"9358","name":"D17A045","stationId":"D17A045","basinId":17,"flow":null,"status":"no_data","color":"#94a3b8","width":2.8}},{"type":"Feature","id":"9361","geometry":{"type":"Point","coordinates":[34.22611100000006,36.575833000000046]},"properties":{"OBJECTID":9361,"AGINO":"D17A049","SUADI":null,"ISTADI":null,"ILKODU":33,"ILCEKODU":1311,"KOT":null,"TEKERRUR_YILI":null,"Q2":null,"Q5":null,"Q25":null,"Q100":null,"Q500":null,"MaxFlow":null,"MaxDate":null,"Q10":null,"Q50":null,"Q200":null,"Q1000":null,"HAVZA_ID":17,"entityId":"9361","entityType":"flowStations","id":"9361","name":"D17A049","stationId":"D17A049","basinId":17,"flow":null,"status":"no_data","color":"#94a3b8","width":2.8}},{"type":"Feature","id":"9363","geometry":{"type":"Point","coordinates":[33.440278000000035,36.709167000000036]},"properties":{"OBJECTID":9363,"AGINO":"D17A051","SUADI":null,"ISTADI":null,"ILKODU":33,"ILCEKODU":1536,"KOT":null,"TEKERRUR_YILI":null,"Q2":null,"Q5":null,"Q25":null,"Q100":null,"Q500":null,"MaxFlow":null,"MaxDate":null,"Q10":null,"Q50":null,"Q200":null,"Q1000":null,"HAVZA_ID":17,"entityId":"9363","entityType":"flowStations","id":"9363","name":"D17A051","stationId":"D17A051","basinId":17,"flow":null,"status":"no_data","color":"#94a3b8","width":2.8}},{"type":"Feature","id":"9364","geometry":{"type":"Point","coordinates":[33.645556000000056,36.441944000000035]},"properties":{"OBJECTID":9364,"AGINO":"D17A053","SUADI":null,"ISTADI":null,"ILKODU":33,"ILCEKODU":1621,"KOT":null,"TEKERRUR_YILI":null,"Q2":null,"Q5":null,"Q25":null,"Q100":null,"Q500":null,"MaxFlow":null,"MaxDate":null,"Q10":null,"Q50":null,"Q200":null,"Q1000":null,"HAVZA_ID":17,"entityId":"9364","entityType":"flowStations","id":"9364","name":"D17A053","stationId":"D17A053","basinId":17,"flow":null,"status":"no_data","color":"#94a3b8","width":2.8}},{"type":"Feature","id":"9366","geometry":{"type":"Point","coordinates":[34.32361100000003,36.741944000000046]},"properties":{"OBJECTID":9366,"AGINO":"D17A055","SUADI":null,"ISTADI":null,"ILKODU":33,"ILCEKODU":1311,"KOT":null,"TEKERRUR_YILI":null,"Q2":null,"Q5":null,"Q25":null,"Q100":null,"Q500":null,"MaxFlow":null,"MaxDate":null,"Q10":null,"Q50":null,"Q200":null,"Q1000":null,"HAVZA_ID":17,"entityId":"9366","entityType":"flowStations","id":"9366","name":"D17A055","stationId":"D17A055","basinId":17,"flow":null,"status":"no_data","color":"#94a3b8","width":2.8}},{"type":"Feature","id":"9367","geometry":{"type":"Point","coordinates":[34.86194400000005,37.47083300000003]},"properties":{"OBJECTID":9367,"AGINO":"D18A006","SUADI":null,"ISTADI":null,"ILKODU":1,"ILCEKODU":1580,"KOT":null,"TEKERRUR_YILI":null,"Q2":null,"Q5":null,"Q25":null,"Q100":null,"Q500":null,"MaxFlow":null,"MaxDate":null,"Q10":null,"Q50":null,"Q200":null,"Q1000":null,"HAVZA_ID":18,"entityId":"9367","entityType":"flowStations","id":"9367","name":"D18A006","stationId":"D18A006","basinId":18,"flow":null,"status":"no_data","color":"#94a3b8","width":2.8}},{"type":"Feature","id":"9368","geometry":{"type":"Point","coordinates":[34.95583300000004,37.556389000000024]},"properties":{"OBJECTID":9368,"AGINO":"D18A012","SUADI":null,"ISTADI":null,"ILKODU":1,"ILCEKODU":1580,"KOT":null,"TEKERRUR_YILI":null,"Q2":null,"Q5":null,"Q25":null,"Q100":null,"Q500":null,"MaxFlow":null,"MaxDate":null,"Q10":null,"Q50":null,"Q200":null,"Q1000":null,"HAVZA_ID":18,"entityId":"9368","entityType":"flowStations","id":"9368","name":"D18A012","stationId":"D18A012","basinId":18,"flow":null,"status":"no_data","color":"#94a3b8","width":2.8}},{"type":"Feature","id":"9369","geometry":{"type":"Point","coordinates":[35.58055600000006,37.78916700000008]},"properties":{"OBJECTID":9369,"AGINO":"D18A018","SUADI":null,"ISTADI":null,"ILKODU":1,"ILCEKODU":1486,"KOT":null,"TEKERRUR_YILI":null,"Q2":null,"Q5":null,"Q25":null,"Q100":null,"Q500":null,"MaxFlow":null,"MaxDate":null,"Q10":null,"Q50":null,"Q200":null,"Q1000":null,"HAVZA_ID":18,"entityId":"9369","entityType":"flowStations","id":"9369","name":"D18A018","stationId":"D18A018","basinId":18,"flow":null,"status":"no_data","color":"#94a3b8","width":2.8}},{"type":"Feature","id":"9370","geometry":{"type":"Point","coordinates":[35.90222200000005,37.82250000000005]},"properties":{"OBJECTID":9370,"AGINO":"D18A019","SUADI":null,"ISTADI":null,"ILKODU":1,"ILCEKODU":1329,"KOT":null,"TEKERRUR_YILI":null,"Q2":null,"Q5":null,"Q25":null,"Q100":null,"Q500":null,"MaxFlow":null,"MaxDate":null,"Q10":null,"Q50":null,"Q200":null,"Q1000":null,"HAVZA_ID":18,"entityId":"9370","entityType":"flowStations","id":"9370","name":"D18A019","stationId":"D18A019","basinId":18,"flow":null,"status":"no_data","color":"#94a3b8","width":2.8}},{"type":"Feature","id":"9371","geometry":{"type":"Point","coordinates":[35.20611100000008,37.56777800000003]},"properties":{"OBJECTID":9371,"AGINO":"D18A022","SUADI":null,"ISTADI":null,"ILKODU":1,"ILCEKODU":1757,"KOT":null,"TEKERRUR_YILI":null,"Q2":null,"Q5":null,"Q25":null,"Q100":null,"Q500":null,"MaxFlow":null,"MaxDate":null,"Q10":null,"Q50":null,"Q200":null,"Q1000":null,"HAVZA_ID":18,"entityId":"9371","entityType":"flowStations","id":"9371","name":"D18A022","stationId":"D18A022","basinId":18,"flow":null,"status":"no_data","color":"#94a3b8","width":2.8}},{"type":"Feature","id":"9374","geometry":{"type":"Point","coordinates":[36.323889000000065,38.33166700000004]},"properties":{"OBJECTID":9374,"AGINO":"D18A032","SUADI":null,"ISTADI":null,"ILKODU":1,"ILCEKODU":1687,"KOT":null,"TEKERRUR_YILI":null,"Q2":null,"Q5":null,"Q25":null,"Q100":null,"Q500":null,"MaxFlow":null,"MaxDate":null,"Q10":null,"Q50":null,"Q200":null,"Q1000":null,"HAVZA_ID":18,"entityId":"9374","entityType":"flowStations","id":"9374","name":"D18A032","stationId":"D18A032","basinId":18,"flow":null,"status":"no_data","color":"#94a3b8","width":2.8}},{"type":"Feature","id":"9375","geometry":{"type":"Point","coordinates":[35.063889000000074,36.78555600000004]},"properties":{"OBJECTID":9375,"AGINO":"D18A045","SUADI":null,"ISTADI":null,"ILKODU":33,"ILCEKODU":1665,"KOT":null,"TEKERRUR_YILI":null,"Q2":null,"Q5":null,"Q25":null,"Q100":null,"Q500":null,"MaxFlow":null,"MaxDate":null,"Q10":null,"Q50":null,"Q200":null,"Q1000":null,"HAVZA_ID":18,"entityId":"9375","entityType":"flowStations","id":"9375","name":"D18A045","stationId":"D18A045","basinId":18,"flow":null,"status":"no_data","color":"#94a3b8","width":2.8}},{"type":"Feature","id":"9376","geometry":{"type":"Point","coordinates":[35.15416700000003,37.55222200000003]},"properties":{"OBJECTID":9376,"AGINO":"D18A051","SUADI":null,"ISTADI":null,"ILKODU":1,"ILCEKODU":1757,"KOT":null,"TEKERRUR_YILI":null,"Q2":null,"Q5":null,"Q25":null,"Q100":null,"Q500":null,"MaxFlow":null,"MaxDate":null,"Q10":null,"Q50":null,"Q200":null,"Q1000":null,"HAVZA_ID":18,"entityId":"9376","entityType":"flowStations","id":"9376","name":"D18A051","stationId":"D18A051","basinId":18,"flow":null,"status":"no_data","color":"#94a3b8","width":2.8}},{"type":"Feature","id":"9377","geometry":{"type":"Point","coordinates":[35.22083300000003,37.32000000000005]},"properties":{"OBJECTID":9377,"AGINO":"D18A054","SUADI":null,"ISTADI":null,"ILKODU":1,"ILCEKODU":1437,"KOT":null,"TEKERRUR_YILI":null,"Q2":null,"Q5":null,"Q25":null,"Q100":null,"Q500":null,"MaxFlow":null,"MaxDate":null,"Q10":null,"Q50":null,"Q200":null,"Q1000":null,"HAVZA_ID":18,"entityId":"9377","entityType":"flowStations","id":"9377","name":"D18A054","stationId":"D18A054","basinId":18,"flow":null,"status":"no_data","color":"#94a3b8","width":2.8}},{"type":"Feature","id":"9378","geometry":{"type":"Point","coordinates":[36.00388900000007,36.07750000000004]},"properties":{"OBJECTID":9378,"AGINO":"D19A009","SUADI":null,"ISTADI":null,"ILKODU":31,"ILCEKODU":1591,"KOT":null,"TEKERRUR_YILI":null,"Q2":null,"Q5":null,"Q25":null,"Q100":null,"Q500":null,"MaxFlow":null,"MaxDate":null,"Q10":null,"Q50":null,"Q200":null,"Q1000":null,"HAVZA_ID":19,"entityId":"9378","entityType":"flowStations","id":"9378","name":"D19A009","stationId":"D19A009","basinId":19,"flow":null,"status":"no_data","color":"#94a3b8","width":2.8}},{"type":"Feature","id":"9381","geometry":{"type":"Point","coordinates":[36.01888900000006,36.43777800000004]},"properties":{"OBJECTID":9381,"AGINO":"D19A016","SUADI":null,"ISTADI":null,"ILKODU":31,"ILCEKODU":2081,"KOT":null,"TEKERRUR_YILI":null,"Q2":null,"Q5":null,"Q25":null,"Q100":null,"Q500":null,"MaxFlow":null,"MaxDate":null,"Q10":null,"Q50":null,"Q200":null,"Q1000":null,"HAVZA_ID":19,"entityId":"9381","entityType":"flowStations","id":"9381","name":"D19A016","stationId":"D19A016","basinId":19,"flow":null,"status":"no_data","color":"#94a3b8","width":2.8}},{"type":"Feature","id":"9386","geometry":{"type":"Point","coordinates":[35.940278000000035,36.37500000000006]},"properties":{"OBJECTID":9386,"AGINO":"D19A023","SUADI":null,"ISTADI":null,"ILKODU":31,"ILCEKODU":2081,"KOT":null,"TEKERRUR_YILI":null,"Q2":null,"Q5":null,"Q25":null,"Q100":null,"Q500":null,"MaxFlow":null,"MaxDate":null,"Q10":null,"Q50":null,"Q200":null,"Q1000":null,"HAVZA_ID":19,"entityId":"9386","entityType":"flowStations","id":"9386","name":"D19A023","stationId":"D19A023","basinId":19,"flow":null,"status":"no_data","color":"#94a3b8","width":2.8}},{"type":"Feature","id":"9387","geometry":{"type":"Point","coordinates":[36.208056000000056,36.27277800000007]},"properties":{"OBJECTID":9387,"AGINO":"D19A026","SUADI":null,"ISTADI":null,"ILKODU":31,"ILCEKODU":2080,"KOT":null,"TEKERRUR_YILI":null,"Q2":null,"Q5":null,"Q25":null,"Q100":null,"Q500":null,"MaxFlow":null,"MaxDate":null,"Q10":null,"Q50":null,"Q200":null,"Q1000":null,"HAVZA_ID":19,"entityId":"9387","entityType":"flowStations","id":"9387","name":"D19A026","stationId":"D19A026","basinId":19,"flow":null,"status":"no_data","color":"#94a3b8","width":2.8}},{"type":"Feature","id":"9391","geometry":{"type":"Point","coordinates":[36.388333000000046,36.221389000000045]},"properties":{"OBJECTID":9391,"AGINO":"D19A030","SUADI":null,"ISTADI":null,"ILKODU":31,"ILCEKODU":1585,"KOT":null,"TEKERRUR_YILI":null,"Q2":null,"Q5":null,"Q25":null,"Q100":null,"Q500":null,"MaxFlow":null,"MaxDate":null,"Q10":null,"Q50":null,"Q200":null,"Q1000":null,"HAVZA_ID":19,"entityId":"9391","entityType":"flowStations","id":"9391","name":"D19A030","stationId":"D19A030","basinId":19,"flow":null,"status":"no_data","color":"#94a3b8","width":2.8}},{"type":"Feature","id":"9392","geometry":{"type":"Point","coordinates":[36.57361100000003,36.66055600000004]},"properties":{"OBJECTID":9392,"AGINO":"D19A031","SUADI":null,"ISTADI":null,"ILKODU":31,"ILCEKODU":1468,"KOT":null,"TEKERRUR_YILI":null,"Q2":null,"Q5":null,"Q25":null,"Q100":null,"Q500":null,"MaxFlow":null,"MaxDate":null,"Q10":null,"Q50":null,"Q200":null,"Q1000":null,"HAVZA_ID":19,"entityId":"9392","entityType":"flowStations","id":"9392","name":"D19A031","stationId":"D19A031","basinId":19,"flow":null,"status":"no_data","color":"#94a3b8","width":2.8}},{"type":"Feature","id":"9393","geometry":{"type":"Point","coordinates":[36.336667000000034,37.09944400000006]},"properties":{"OBJECTID":9393,"AGINO":"D20A005","SUADI":null,"ISTADI":null,"ILKODU":80,"ILCEKODU":1560,"KOT":null,"TEKERRUR_YILI":null,"Q2":null,"Q5":null,"Q25":null,"Q100":null,"Q500":null,"MaxFlow":null,"MaxDate":null,"Q10":null,"Q50":null,"Q200":null,"Q1000":null,"HAVZA_ID":20,"entityId":"9393","entityType":"flowStations","id":"9393","name":"D20A005","stationId":"D20A005","basinId":20,"flow":null,"status":"no_data","color":"#94a3b8","width":2.8}},{"type":"Feature","id":"9394","geometry":{"type":"Point","coordinates":[36.28027800000007,37.04833300000007]},"properties":{"OBJECTID":9394,"AGINO":"D20A008","SUADI":null,"ISTADI":null,"ILKODU":80,"ILCEKODU":1560,"KOT":null,"TEKERRUR_YILI":null,"Q2":null,"Q5":null,"Q25":null,"Q100":null,"Q500":null,"MaxFlow":null,"MaxDate":null,"Q10":null,"Q50":null,"Q200":null,"Q1000":null,"HAVZA_ID":20,"entityId":"9394","entityType":"flowStations","id":"9394","name":"D20A008","stationId":"D20A008","basinId":20,"flow":null,"status":"no_data","color":"#94a3b8","width":2.8}},{"type":"Feature","id":"9395","geometry":{"type":"Point","coordinates":[36.493056000000024,37.179167000000064]},"properties":{"OBJECTID":9395,"AGINO":"D20A010","SUADI":null,"ISTADI":null,"ILKODU":80,"ILCEKODU":1165,"KOT":null,"TEKERRUR_YILI":null,"Q2":null,"Q5":null,"Q25":null,"Q100":null,"Q500":null,"MaxFlow":null,"MaxDate":null,"Q10":null,"Q50":null,"Q200":null,"Q1000":null,"HAVZA_ID":20,"entityId":"9395","entityType":"flowStations","id":"9395","name":"D20A010","stationId":"D20A010","basinId":20,"flow":null,"status":"no_data","color":"#94a3b8","width":2.8}},{"type":"Feature","id":"9396","geometry":{"type":"Point","coordinates":[36.08333300000004,37.19500000000005]},"properties":{"OBJECTID":9396,"AGINO":"D20A024","SUADI":null,"ISTADI":null,"ILKODU":80,"ILCEKODU":1560,"KOT":null,"TEKERRUR_YILI":null,"Q2":null,"Q5":null,"Q25":null,"Q100":null,"Q500":null,"MaxFlow":null,"MaxDate":null,"Q10":null,"Q50":null,"Q200":null,"Q1000":null,"HAVZA_ID":20,"entityId":"9396","entityType":"flowStations","id":"9396","name":"D20A024","stationId":"D20A024","basinId":20,"flow":null,"status":"no_data","color":"#94a3b8","width":2.8}},{"type":"Feature","id":"9397","geometry":{"type":"Point","coordinates":[36.003611000000035,37.55861100000004]},"properties":{"OBJECTID":9397,"AGINO":"D20A043","SUADI":null,"ISTADI":null,"ILKODU":80,"ILCEKODU":2028,"KOT":null,"TEKERRUR_YILI":null,"Q2":null,"Q5":null,"Q25":null,"Q100":null,"Q500":null,"MaxFlow":null,"MaxDate":null,"Q10":null,"Q50":null,"Q200":null,"Q1000":null,"HAVZA_ID":20,"entityId":"9397","entityType":"flowStations","id":"9397","name":"D20A043","stationId":"D20A043","basinId":20,"flow":null,"status":"no_data","color":"#94a3b8","width":2.8}},{"type":"Feature","id":"9398","geometry":{"type":"Point","coordinates":[35.83611100000007,37.555000000000064]},"properties":{"OBJECTID":9398,"AGINO":"D20A044","SUADI":null,"ISTADI":null,"ILKODU":1,"ILCEKODU":1486,"KOT":null,"TEKERRUR_YILI":null,"Q2":null,"Q5":null,"Q25":null,"Q100":null,"Q500":null,"MaxFlow":null,"MaxDate":null,"Q10":null,"Q50":null,"Q200":null,"Q1000":null,"HAVZA_ID":20,"entityId":"9398","entityType":"flowStations","id":"9398","name":"D20A044","stationId":"D20A044","basinId":20,"flow":null,"status":"no_data","color":"#94a3b8","width":2.8}},{"type":"Feature","id":"9400","geometry":{"type":"Point","coordinates":[36.25205046000008,37.47350755200006]},"properties":{"OBJECTID":9400,"AGINO":"D20A046","SUADI":null,"ISTADI":null,"ILKODU":80,"ILCEKODU":1423,"KOT":null,"TEKERRUR_YILI":null,"Q2":null,"Q5":null,"Q25":null,"Q100":null,"Q500":null,"MaxFlow":null,"MaxDate":null,"Q10":null,"Q50":null,"Q200":null,"Q1000":null,"HAVZA_ID":20,"entityId":"9400","entityType":"flowStations","id":"9400","name":"D20A046","stationId":"D20A046","basinId":20,"flow":null,"status":"no_data","color":"#94a3b8","width":2.8}},{"type":"Feature","id":"9401","geometry":{"type":"Point","coordinates":[33.81555600000007,36.40361100000007]},"properties":{"OBJECTID":9401,"AGINO":"E17A014","SUADI":null,"ISTADI":null,"ILKODU":33,"ILCEKODU":1621,"KOT":null,"TEKERRUR_YILI":null,"Q2":null,"Q5":null,"Q25":null,"Q100":null,"Q500":null,"MaxFlow":null,"MaxDate":null,"Q10":null,"Q50":null,"Q200":null,"Q1000":null,"HAVZA_ID":17,"entityId":"9401","entityType":"flowStations","id":"9401","name":"E17A014","stationId":"E17A014","basinId":17,"flow":null,"status":"no_data","color":"#94a3b8","width":2.8}},{"type":"Feature","id":"9402","geometry":{"type":"Point","coordinates":[34.00555600000007,36.660000000000025]},"properties":{"OBJECTID":9402,"AGINO":"E17A017","SUADI":null,"ISTADI":null,"ILKODU":33,"ILCEKODU":1621,"KOT":null,"TEKERRUR_YILI":null,"Q2":null,"Q5":null,"Q25":null,"Q100":null,"Q500":null,"MaxFlow":null,"MaxDate":null,"Q10":null,"Q50":null,"Q200":null,"Q1000":null,"HAVZA_ID":17,"entityId":"9402","entityType":"flowStations","id":"9402","name":"E17A017","stationId":"E17A017","basinId":17,"flow":null,"status":"no_data","color":"#94a3b8","width":2.8}},{"type":"Feature","id":"9403","geometry":{"type":"Point","coordinates":[33.369444000000044,36.63583300000005]},"properties":{"OBJECTID":9403,"AGINO":"E17A020","SUADI":null,"ISTADI":null,"ILKODU":33,"ILCEKODU":1536,"KOT":null,"TEKERRUR_YILI":null,"Q2":null,"Q5":null,"Q25":null,"Q100":null,"Q500":null,"MaxFlow":null,"MaxDate":null,"Q10":null,"Q50":null,"Q200":null,"Q1000":null,"HAVZA_ID":17,"entityId":"9403","entityType":"flowStations","id":"9403","name":"E17A020","stationId":"E17A020","basinId":17,"flow":null,"status":"no_data","color":"#94a3b8","width":2.8}},{"type":"Feature","id":"9404","geometry":{"type":"Point","coordinates":[32.895556000000056,36.17583300000007]},"properties":{"OBJECTID":9404,"AGINO":"E17A021","SUADI":null,"ISTADI":null,"ILKODU":33,"ILCEKODU":1135,"KOT":null,"TEKERRUR_YILI":null,"Q2":null,"Q5":null,"Q25":null,"Q100":null,"Q500":null,"MaxFlow":null,"MaxDate":null,"Q10":null,"Q50":null,"Q200":null,"Q1000":null,"HAVZA_ID":17,"entityId":"9404","entityType":"flowStations","id":"9404","name":"E17A021","stationId":"E17A021","basinId":17,"flow":null,"status":"no_data","color":"#94a3b8","width":2.8}},{"type":"Feature","id":"9406","geometry":{"type":"Point","coordinates":[34.333611000000076,36.865000000000066]},"properties":{"OBJECTID":9406,"AGINO":"E17A039","SUADI":null,"ISTADI":null,"ILKODU":33,"ILCEKODU":1311,"KOT":null,"TEKERRUR_YILI":null,"Q2":null,"Q5":null,"Q25":null,"Q100":null,"Q500":null,"MaxFlow":null,"MaxDate":null,"Q10":null,"Q50":null,"Q200":null,"Q1000":null,"HAVZA_ID":17,"entityId":"9406","entityType":"flowStations","id":"9406","name":"E17A039","stationId":"E17A039","basinId":17,"flow":null,"status":"no_data","color":"#94a3b8","width":2.8}},{"type":"Feature","id":"9407","geometry":{"type":"Point","coordinates":[35.15472200000005,37.29555600000003]},"properties":{"OBJECTID":9407,"AGINO":"E18A020","SUADI":null,"ISTADI":null,"ILKODU":1,"ILCEKODU":1437,"KOT":null,"TEKERRUR_YILI":null,"Q2":null,"Q5":null,"Q25":null,"Q100":null,"Q500":null,"MaxFlow":null,"MaxDate":null,"Q10":null,"Q50":null,"Q200":null,"Q1000":null,"HAVZA_ID":18,"entityId":"9407","entityType":"flowStations","id":"9407","name":"E18A020","stationId":"E18A020","basinId":18,"flow":null,"status":"no_data","color":"#94a3b8","width":2.8}},{"type":"Feature","id":"9408","geometry":{"type":"Point","coordinates":[36.285000000000025,38.14111100000008]},"properties":{"OBJECTID":9408,"AGINO":"E18A024","SUADI":null,"ISTADI":null,"ILKODU":1,"ILCEKODU":1687,"KOT":null,"TEKERRUR_YILI":null,"Q2":null,"Q5":null,"Q25":null,"Q100":null,"Q500":null,"MaxFlow":null,"MaxDate":null,"Q10":null,"Q50":null,"Q200":null,"Q1000":null,"HAVZA_ID":18,"entityId":"9408","entityType":"flowStations","id":"9408","name":"E18A024","stationId":"E18A024","basinId":18,"flow":null,"status":"no_data","color":"#94a3b8","width":2.8}},{"type":"Feature","id":"9411","geometry":{"type":"Point","coordinates":[35.107222000000036,37.10388900000004]},"properties":{"OBJECTID":9411,"AGINO":"E18A028","SUADI":null,"ISTADI":null,"ILKODU":1,"ILCEKODU":2033,"KOT":null,"TEKERRUR_YILI":null,"Q2":null,"Q5":null,"Q25":null,"Q100":null,"Q500":null,"MaxFlow":null,"MaxDate":null,"Q10":null,"Q50":null,"Q200":null,"Q1000":null,"HAVZA_ID":18,"entityId":"9411","entityType":"flowStations","id":"9411","name":"E18A028","stationId":"E18A028","basinId":18,"flow":null,"status":"no_data","color":"#94a3b8","width":2.8}},{"type":"Feature","id":"9412","geometry":{"type":"Point","coordinates":[35.07083300000005,37.48166700000007]},"properties":{"OBJECTID":9412,"AGINO":"E18A030","SUADI":null,"ISTADI":null,"ILKODU":1,"ILCEKODU":1580,"KOT":null,"TEKERRUR_YILI":null,"Q2":null,"Q5":null,"Q25":null,"Q100":null,"Q500":null,"MaxFlow":null,"MaxDate":null,"Q10":null,"Q50":null,"Q200":null,"Q1000":null,"HAVZA_ID":18,"entityId":"9412","entityType":"flowStations","id":"9412","name":"E18A030","stationId":"E18A030","basinId":18,"flow":null,"status":"no_data","color":"#94a3b8","width":2.8}},{"type":"Feature","id":"9416","geometry":{"type":"Point","coordinates":[36.41111100000006,36.503333000000055]},"properties":{"OBJECTID":9416,"AGINO":"E19A005","SUADI":null,"ISTADI":null,"ILKODU":31,"ILCEKODU":1468,"KOT":null,"TEKERRUR_YILI":null,"Q2":null,"Q5":null,"Q25":null,"Q100":null,"Q500":null,"MaxFlow":null,"MaxDate":null,"Q10":null,"Q50":null,"Q200":null,"Q1000":null,"HAVZA_ID":19,"entityId":"9416","entityType":"flowStations","id":"9416","name":"E19A005","stationId":"E19A005","basinId":19,"flow":null,"status":"no_data","color":"#94a3b8","width":2.8}},{"type":"Feature","id":"9418","geometry":{"type":"Point","coordinates":[36.35333300000008,36.251389000000074]},"properties":{"OBJECTID":9418,"AGINO":"E19A007","SUADI":null,"ISTADI":null,"ILKODU":31,"ILCEKODU":2080,"KOT":null,"TEKERRUR_YILI":null,"Q2":null,"Q5":null,"Q25":null,"Q100":null,"Q500":null,"MaxFlow":null,"MaxDate":null,"Q10":null,"Q50":null,"Q200":null,"Q1000":null,"HAVZA_ID":19,"entityId":"9418","entityType":"flowStations","id":"9418","name":"E19A007","stationId":"E19A007","basinId":19,"flow":null,"status":"no_data","color":"#94a3b8","width":2.8}},{"type":"Feature","id":"9419","geometry":{"type":"Point","coordinates":[36.15694400000007,36.19777800000003]},"properties":{"OBJECTID":9419,"AGINO":"E19A008","SUADI":null,"ISTADI":null,"ILKODU":31,"ILCEKODU":2080,"KOT":null,"TEKERRUR_YILI":null,"Q2":null,"Q5":null,"Q25":null,"Q100":null,"Q500":null,"MaxFlow":null,"MaxDate":null,"Q10":null,"Q50":null,"Q200":null,"Q1000":null,"HAVZA_ID":19,"entityId":"9419","entityType":"flowStations","id":"9419","name":"E19A008","stationId":"E19A008","basinId":19,"flow":null,"status":"no_data","color":"#94a3b8","width":2.8}},{"type":"Feature","id":"9420","geometry":{"type":"Point","coordinates":[35.63416700000005,36.957778000000076]},"properties":{"OBJECTID":9420,"AGINO":"E20A004","SUADI":null,"ISTADI":null,"ILKODU":1,"ILCEKODU":1748,"KOT":null,"TEKERRUR_YILI":null,"Q2":null,"Q5":null,"Q25":null,"Q100":null,"Q500":null,"MaxFlow":null,"MaxDate":null,"Q10":null,"Q50":null,"Q200":null,"Q1000":null,"HAVZA_ID":20,"entityId":"9420","entityType":"flowStations","id":"9420","name":"E20A004","stationId":"E20A004","basinId":20,"flow":null,"status":"no_data","color":"#94a3b8","width":2.8}},{"type":"Feature","id":"9421","geometry":{"type":"Point","coordinates":[35.917500000000075,37.34138900000005]},"properties":{"OBJECTID":9421,"AGINO":"E20A007","SUADI":null,"ISTADI":null,"ILKODU":80,"ILCEKODU":1423,"KOT":null,"TEKERRUR_YILI":null,"Q2":null,"Q5":null,"Q25":null,"Q100":null,"Q500":null,"MaxFlow":null,"MaxDate":null,"Q10":null,"Q50":null,"Q200":null,"Q1000":null,"HAVZA_ID":20,"entityId":"9421","entityType":"flowStations","id":"9421","name":"E20A007","stationId":"E20A007","basinId":20,"flow":null,"status":"no_data","color":"#94a3b8","width":2.8}},{"type":"Feature","id":"9422","geometry":{"type":"Point","coordinates":[36.084722000000056,37.36194400000005]},"properties":{"OBJECTID":9422,"AGINO":"E20A008","SUADI":null,"ISTADI":null,"ILKODU":80,"ILCEKODU":1423,"KOT":null,"TEKERRUR_YILI":null,"Q2":null,"Q5":null,"Q25":null,"Q100":null,"Q500":null,"MaxFlow":null,"MaxDate":null,"Q10":null,"Q50":null,"Q200":null,"Q1000":null,"HAVZA_ID":20,"entityId":"9422","entityType":"flowStations","id":"9422","name":"E20A008","stationId":"E20A008","basinId":20,"flow":null,"status":"no_data","color":"#94a3b8","width":2.8}},{"type":"Feature","id":"9538","geometry":{"type":"Point","coordinates":[35.04833300000007,41.84916700000008]},"properties":{"OBJECTID":9538,"AGINO":"D13A050","SUADI":null,"ISTADI":null,"ILKODU":57,"ILCEKODU":1627,"KOT":null,"TEKERRUR_YILI":null,"Q2":null,"Q5":null,"Q25":null,"Q100":null,"Q500":null,"MaxFlow":null,"MaxDate":null,"Q10":null,"Q50":null,"Q200":null,"Q1000":null,"HAVZA_ID":13,"entityId":"9538","entityType":"flowStations","id":"9538","name":"D13A050","stationId":"D13A050","basinId":13,"flow":null,"status":"no_data","color":"#94a3b8","width":2.8}},{"type":"Feature","id":"9539","geometry":{"type":"Point","coordinates":[35.209167000000036,41.72083300000003]},"properties":{"OBJECTID":9539,"AGINO":"D13A075","SUADI":null,"ISTADI":null,"ILKODU":57,"ILCEKODU":1349,"KOT":null,"TEKERRUR_YILI":null,"Q2":null,"Q5":null,"Q25":null,"Q100":null,"Q500":null,"MaxFlow":null,"MaxDate":null,"Q10":null,"Q50":null,"Q200":null,"Q1000":null,"HAVZA_ID":13,"entityId":"9539","entityType":"flowStations","id":"9539","name":"D13A075","stationId":"D13A075","basinId":13,"flow":null,"status":"no_data","color":"#94a3b8","width":2.8}},{"type":"Feature","id":"9540","geometry":{"type":"Point","coordinates":[36.020556000000056,40.92027800000005]},"properties":{"OBJECTID":9540,"AGINO":"D14A011","SUADI":null,"ISTADI":null,"ILKODU":55,"ILCEKODU":1501,"KOT":null,"TEKERRUR_YILI":null,"Q2":null,"Q5":null,"Q25":null,"Q100":null,"Q500":null,"MaxFlow":null,"MaxDate":null,"Q10":null,"Q50":null,"Q200":null,"Q1000":null,"HAVZA_ID":14,"entityId":"9540","entityType":"flowStations","id":"9540","name":"D14A011","stationId":"D14A011","basinId":14,"flow":null,"status":"no_data","color":"#94a3b8","width":2.8}},{"type":"Feature","id":"9541","geometry":{"type":"Point","coordinates":[36.19527800000003,41.28611100000006]},"properties":{"OBJECTID":9541,"AGINO":"D14A014","SUADI":null,"ISTADI":null,"ILKODU":55,"ILCEKODU":2072,"KOT":null,"TEKERRUR_YILI":null,"Q2":null,"Q5":null,"Q25":null,"Q100":null,"Q500":null,"MaxFlow":null,"MaxDate":null,"Q10":null,"Q50":null,"Q200":null,"Q1000":null,"HAVZA_ID":14,"entityId":"9541","entityType":"flowStations","id":"9541","name":"D14A014","stationId":"D14A014","basinId":14,"flow":null,"status":"no_data","color":"#94a3b8","width":2.8}},{"type":"Feature","id":"9542","geometry":{"type":"Point","coordinates":[35.88583300000005,40.56861100000003]},"properties":{"OBJECTID":9542,"AGINO":"D14A024","SUADI":null,"ISTADI":null,"ILKODU":5,"ILCEKODU":1134,"KOT":null,"TEKERRUR_YILI":null,"Q2":null,"Q5":null,"Q25":null,"Q100":null,"Q500":null,"MaxFlow":null,"MaxDate":null,"Q10":null,"Q50":null,"Q200":null,"Q1000":null,"HAVZA_ID":14,"entityId":"9542","entityType":"flowStations","id":"9542","name":"D14A024","stationId":"D14A024","basinId":14,"flow":null,"status":"no_data","color":"#94a3b8","width":2.8}},{"type":"Feature","id":"9544","geometry":{"type":"Point","coordinates":[36.54000000000008,40.251389000000074]},"properties":{"OBJECTID":9544,"AGINO":"D14A064","SUADI":null,"ISTADI":null,"ILKODU":60,"ILCEKODU":1679,"KOT":null,"TEKERRUR_YILI":null,"Q2":null,"Q5":null,"Q25":null,"Q100":null,"Q500":null,"MaxFlow":null,"MaxDate":null,"Q10":null,"Q50":null,"Q200":null,"Q1000":null,"HAVZA_ID":14,"entityId":"9544","entityType":"flowStations","id":"9544","name":"D14A064","stationId":"D14A064","basinId":14,"flow":null,"status":"no_data","color":"#94a3b8","width":2.8}},{"type":"Feature","id":"9545","geometry":{"type":"Point","coordinates":[35.96694400000007,41.075833000000046]},"properties":{"OBJECTID":9545,"AGINO":"D14A081","SUADI":null,"ISTADI":null,"ILKODU":55,"ILCEKODU":1452,"KOT":null,"TEKERRUR_YILI":null,"Q2":null,"Q5":null,"Q25":null,"Q100":null,"Q500":null,"MaxFlow":null,"MaxDate":null,"Q10":null,"Q50":null,"Q200":null,"Q1000":null,"HAVZA_ID":14,"entityId":"9545","entityType":"flowStations","id":"9545","name":"D14A081","stationId":"D14A081","basinId":14,"flow":null,"status":"no_data","color":"#94a3b8","width":2.8}},{"type":"Feature","id":"9547","geometry":{"type":"Point","coordinates":[36.732222000000036,40.489167000000066]},"properties":{"OBJECTID":9547,"AGINO":"D14A117","SUADI":null,"ISTADI":null,"ILKODU":60,"ILCEKODU":1679,"KOT":null,"TEKERRUR_YILI":null,"Q2":null,"Q5":null,"Q25":null,"Q100":null,"Q500":null,"MaxFlow":null,"MaxDate":null,"Q10":null,"Q50":null,"Q200":null,"Q1000":null,"HAVZA_ID":14,"entityId":"9547","entityType":"flowStations","id":"9547","name":"D14A117","stationId":"D14A117","basinId":14,"flow":null,"status":"no_data","color":"#94a3b8","width":2.8}},{"type":"Feature","id":"9548","geometry":{"type":"Point","coordinates":[35.80508973000008,40.76964290300003]},"properties":{"OBJECTID":9548,"AGINO":"D14A133","SUADI":null,"ISTADI":null,"ILKODU":5,"ILCEKODU":1134,"KOT":null,"TEKERRUR_YILI":null,"Q2":null,"Q5":null,"Q25":null,"Q100":null,"Q500":null,"MaxFlow":null,"MaxDate":null,"Q10":null,"Q50":null,"Q200":null,"Q1000":null,"HAVZA_ID":14,"entityId":"9548","entityType":"flowStations","id":"9548","name":"D14A133","stationId":"D14A133","basinId":14,"flow":null,"status":"no_data","color":"#94a3b8","width":2.8}},{"type":"Feature","id":"9549","geometry":{"type":"Point","coordinates":[36.149444000000074,40.541667000000075]},"properties":{"OBJECTID":9549,"AGINO":"D14A141","SUADI":null,"ISTADI":null,"ILKODU":5,"ILCEKODU":1134,"KOT":null,"TEKERRUR_YILI":null,"Q2":null,"Q5":null,"Q25":null,"Q100":null,"Q500":null,"MaxFlow":null,"MaxDate":null,"Q10":null,"Q50":null,"Q200":null,"Q1000":null,"HAVZA_ID":14,"entityId":"9549","entityType":"flowStations","id":"9549","name":"D14A141","stationId":"D14A141","basinId":14,"flow":null,"status":"no_data","color":"#94a3b8","width":2.8}},{"type":"Feature","id":"9550","geometry":{"type":"Point","coordinates":[37.03972200000004,40.366667000000064]},"properties":{"OBJECTID":9550,"AGINO":"D14A144","SUADI":null,"ISTADI":null,"ILKODU":60,"ILCEKODU":1129,"KOT":null,"TEKERRUR_YILI":null,"Q2":null,"Q5":null,"Q25":null,"Q100":null,"Q500":null,"MaxFlow":null,"MaxDate":null,"Q10":null,"Q50":null,"Q200":null,"Q1000":null,"HAVZA_ID":14,"entityId":"9550","entityType":"flowStations","id":"9550","name":"D14A144","stationId":"D14A144","basinId":14,"flow":null,"status":"no_data","color":"#94a3b8","width":2.8}},{"type":"Feature","id":"9551","geometry":{"type":"Point","coordinates":[36.668611000000055,40.535833000000025]},"properties":{"OBJECTID":9551,"AGINO":"D14A146","SUADI":null,"ISTADI":null,"ILKODU":60,"ILCEKODU":1679,"KOT":null,"TEKERRUR_YILI":null,"Q2":null,"Q5":null,"Q25":null,"Q100":null,"Q500":null,"MaxFlow":null,"MaxDate":null,"Q10":null,"Q50":null,"Q200":null,"Q1000":null,"HAVZA_ID":14,"entityId":"9551","entityType":"flowStations","id":"9551","name":"D14A146","stationId":"D14A146","basinId":14,"flow":null,"status":"no_data","color":"#94a3b8","width":2.8}},{"type":"Feature","id":"9555","geometry":{"type":"Point","coordinates":[36.55111100000005,40.29861100000005]},"properties":{"OBJECTID":9555,"AGINO":"D14A169","SUADI":null,"ISTADI":null,"ILKODU":60,"ILCEKODU":1679,"KOT":null,"TEKERRUR_YILI":null,"Q2":null,"Q5":null,"Q25":null,"Q100":null,"Q500":null,"MaxFlow":null,"MaxDate":null,"Q10":null,"Q50":null,"Q200":null,"Q1000":null,"HAVZA_ID":14,"entityId":"9555","entityType":"flowStations","id":"9555","name":"D14A169","stationId":"D14A169","basinId":14,"flow":null,"status":"no_data","color":"#94a3b8","width":2.8}},{"type":"Feature","id":"9556","geometry":{"type":"Point","coordinates":[36.67333300000007,40.677778000000046]},"properties":{"OBJECTID":9556,"AGINO":"D14A172","SUADI":null,"ISTADI":null,"ILKODU":60,"ILCEKODU":1308,"KOT":null,"TEKERRUR_YILI":null,"Q2":null,"Q5":null,"Q25":null,"Q100":null,"Q500":null,"MaxFlow":null,"MaxDate":null,"Q10":null,"Q50":null,"Q200":null,"Q1000":null,"HAVZA_ID":14,"entityId":"9556","entityType":"flowStations","id":"9556","name":"D14A172","stationId":"D14A172","basinId":14,"flow":null,"status":"no_data","color":"#94a3b8","width":2.8}},{"type":"Feature","id":"9557","geometry":{"type":"Point","coordinates":[36.627222000000074,40.34861100000006]},"properties":{"OBJECTID":9557,"AGINO":"D14A173","SUADI":null,"ISTADI":null,"ILKODU":60,"ILCEKODU":1679,"KOT":null,"TEKERRUR_YILI":null,"Q2":null,"Q5":null,"Q25":null,"Q100":null,"Q500":null,"MaxFlow":null,"MaxDate":null,"Q10":null,"Q50":null,"Q200":null,"Q1000":null,"HAVZA_ID":14,"entityId":"9557","entityType":"flowStations","id":"9557","name":"D14A173","stationId":"D14A173","basinId":14,"flow":null,"status":"no_data","color":"#94a3b8","width":2.8}},{"type":"Feature","id":"9559","geometry":{"type":"Point","coordinates":[35.829444000000024,40.65305600000005]},"properties":{"OBJECTID":9559,"AGINO":"D14A175","SUADI":null,"ISTADI":null,"ILKODU":5,"ILCEKODU":1134,"KOT":null,"TEKERRUR_YILI":null,"Q2":null,"Q5":null,"Q25":null,"Q100":null,"Q500":null,"MaxFlow":null,"MaxDate":null,"Q10":null,"Q50":null,"Q200":null,"Q1000":null,"HAVZA_ID":14,"entityId":"9559","entityType":"flowStations","id":"9559","name":"D14A175","stationId":"D14A175","basinId":14,"flow":null,"status":"no_data","color":"#94a3b8","width":2.8}},{"type":"Feature","id":"9560","geometry":{"type":"Point","coordinates":[36.19861100000003,40.30083300000007]},"properties":{"OBJECTID":9560,"AGINO":"D14A176","SUADI":null,"ISTADI":null,"ILKODU":60,"ILCEKODU":1690,"KOT":null,"TEKERRUR_YILI":null,"Q2":null,"Q5":null,"Q25":null,"Q100":null,"Q500":null,"MaxFlow":null,"MaxDate":null,"Q10":null,"Q50":null,"Q200":null,"Q1000":null,"HAVZA_ID":14,"entityId":"9560","entityType":"flowStations","id":"9560","name":"D14A176","stationId":"D14A176","basinId":14,"flow":null,"status":"no_data","color":"#94a3b8","width":2.8}},{"type":"Feature","id":"9561","geometry":{"type":"Point","coordinates":[35.66694400000006,40.53916700000008]},"properties":{"OBJECTID":9561,"AGINO":"D14A177","SUADI":null,"ISTADI":null,"ILKODU":5,"ILCEKODU":1134,"KOT":null,"TEKERRUR_YILI":null,"Q2":null,"Q5":null,"Q25":null,"Q100":null,"Q500":null,"MaxFlow":null,"MaxDate":null,"Q10":null,"Q50":null,"Q200":null,"Q1000":null,"HAVZA_ID":14,"entityId":"9561","entityType":"flowStations","id":"9561","name":"D14A177","stationId":"D14A177","basinId":14,"flow":null,"status":"no_data","color":"#94a3b8","width":2.8}},{"type":"Feature","id":"9562","geometry":{"type":"Point","coordinates":[36.72694400000006,41.20472200000006]},"properties":{"OBJECTID":9562,"AGINO":"D14A179","SUADI":null,"ISTADI":null,"ILKODU":55,"ILCEKODU":1234,"KOT":null,"TEKERRUR_YILI":null,"Q2":null,"Q5":null,"Q25":null,"Q100":null,"Q500":null,"MaxFlow":null,"MaxDate":null,"Q10":null,"Q50":null,"Q200":null,"Q1000":null,"HAVZA_ID":14,"entityId":"9562","entityType":"flowStations","id":"9562","name":"D14A179","stationId":"D14A179","basinId":14,"flow":null,"status":"no_data","color":"#94a3b8","width":2.8}},{"type":"Feature","id":"9563","geometry":{"type":"Point","coordinates":[35.68833300000006,40.34444400000007]},"properties":{"OBJECTID":9563,"AGINO":"D14A183","SUADI":null,"ISTADI":null,"ILKODU":60,"ILCEKODU":1740,"KOT":null,"TEKERRUR_YILI":null,"Q2":null,"Q5":null,"Q25":null,"Q100":null,"Q500":null,"MaxFlow":null,"MaxDate":null,"Q10":null,"Q50":null,"Q200":null,"Q1000":null,"HAVZA_ID":14,"entityId":"9563","entityType":"flowStations","id":"9563","name":"D14A183","stationId":"D14A183","basinId":14,"flow":null,"status":"no_data","color":"#94a3b8","width":2.8}},{"type":"Feature","id":"9564","geometry":{"type":"Point","coordinates":[36.272500000000036,40.68416700000006]},"properties":{"OBJECTID":9564,"AGINO":"D14A184","SUADI":null,"ISTADI":null,"ILKODU":5,"ILCEKODU":1668,"KOT":null,"TEKERRUR_YILI":null,"Q2":null,"Q5":null,"Q25":null,"Q100":null,"Q500":null,"MaxFlow":null,"MaxDate":null,"Q10":null,"Q50":null,"Q200":null,"Q1000":null,"HAVZA_ID":14,"entityId":"9564","entityType":"flowStations","id":"9564","name":"D14A184","stationId":"D14A184","basinId":14,"flow":null,"status":"no_data","color":"#94a3b8","width":2.8}},{"type":"Feature","id":"9568","geometry":{"type":"Point","coordinates":[36.004444000000035,40.80472200000003]},"properties":{"OBJECTID":9568,"AGINO":"D14A187","SUADI":null,"ISTADI":null,"ILKODU":5,"ILCEKODU":1134,"KOT":null,"TEKERRUR_YILI":null,"Q2":null,"Q5":null,"Q25":null,"Q100":null,"Q500":null,"MaxFlow":null,"MaxDate":null,"Q10":null,"Q50":null,"Q200":null,"Q1000":null,"HAVZA_ID":14,"entityId":"9568","entityType":"flowStations","id":"9568","name":"D14A187","stationId":"D14A187","basinId":14,"flow":null,"status":"no_data","color":"#94a3b8","width":2.8}},{"type":"Feature","id":"9569","geometry":{"type":"Point","coordinates":[36.17222200000003,40.826111000000026]},"properties":{"OBJECTID":9569,"AGINO":"D14A188","SUADI":null,"ISTADI":null,"ILKODU":5,"ILCEKODU":1668,"KOT":null,"TEKERRUR_YILI":null,"Q2":null,"Q5":null,"Q25":null,"Q100":null,"Q500":null,"MaxFlow":null,"MaxDate":null,"Q10":null,"Q50":null,"Q200":null,"Q1000":null,"HAVZA_ID":14,"entityId":"9569","entityType":"flowStations","id":"9569","name":"D14A188","stationId":"D14A188","basinId":14,"flow":null,"status":"no_data","color":"#94a3b8","width":2.8}},{"type":"Feature","id":"9570","geometry":{"type":"Point","coordinates":[36.16583300000008,40.84416700000003]},"properties":{"OBJECTID":9570,"AGINO":"D14A190","SUADI":null,"ISTADI":null,"ILKODU":5,"ILCEKODU":1668,"KOT":null,"TEKERRUR_YILI":null,"Q2":null,"Q5":null,"Q25":null,"Q100":null,"Q500":null,"MaxFlow":null,"MaxDate":null,"Q10":null,"Q50":null,"Q200":null,"Q1000":null,"HAVZA_ID":14,"entityId":"9570","entityType":"flowStations","id":"9570","name":"D14A190","stationId":"D14A190","basinId":14,"flow":null,"status":"no_data","color":"#94a3b8","width":2.8}},{"type":"Feature","id":"9571","geometry":{"type":"Point","coordinates":[36.80805600000008,40.627222000000074]},"properties":{"OBJECTID":9571,"AGINO":"D14A192","SUADI":null,"ISTADI":null,"ILKODU":60,"ILCEKODU":1545,"KOT":null,"TEKERRUR_YILI":null,"Q2":null,"Q5":null,"Q25":null,"Q100":null,"Q500":null,"MaxFlow":null,"MaxDate":null,"Q10":null,"Q50":null,"Q200":null,"Q1000":null,"HAVZA_ID":14,"entityId":"9571","entityType":"flowStations","id":"9571","name":"D14A192","stationId":"D14A192","basinId":14,"flow":null,"status":"no_data","color":"#94a3b8","width":2.8}},{"type":"Feature","id":"9572","geometry":{"type":"Point","coordinates":[35.647222000000056,40.91555600000004]},"properties":{"OBJECTID":9572,"AGINO":"D14A198","SUADI":null,"ISTADI":null,"ILKODU":55,"ILCEKODU":1386,"KOT":null,"TEKERRUR_YILI":null,"Q2":null,"Q5":null,"Q25":null,"Q100":null,"Q500":null,"MaxFlow":null,"MaxDate":null,"Q10":null,"Q50":null,"Q200":null,"Q1000":null,"HAVZA_ID":14,"entityId":"9572","entityType":"flowStations","id":"9572","name":"D14A198","stationId":"D14A198","basinId":14,"flow":null,"status":"no_data","color":"#94a3b8","width":2.8}},{"type":"Feature","id":"9573","geometry":{"type":"Point","coordinates":[35.42638900000003,40.34222200000005]},"properties":{"OBJECTID":9573,"AGINO":"D14A199","SUADI":null,"ISTADI":null,"ILKODU":5,"ILCEKODU":1363,"KOT":null,"TEKERRUR_YILI":null,"Q2":null,"Q5":null,"Q25":null,"Q100":null,"Q500":null,"MaxFlow":null,"MaxDate":null,"Q10":null,"Q50":null,"Q200":null,"Q1000":null,"HAVZA_ID":14,"entityId":"9573","entityType":"flowStations","id":"9573","name":"D14A199","stationId":"D14A199","basinId":14,"flow":null,"status":"no_data","color":"#94a3b8","width":2.8}},{"type":"Feature","id":"9574","geometry":{"type":"Point","coordinates":[36.06750000000005,41.48638900000003]},"properties":{"OBJECTID":9574,"AGINO":"D15A026","SUADI":null,"ISTADI":null,"ILKODU":55,"ILCEKODU":1830,"KOT":null,"TEKERRUR_YILI":null,"Q2":null,"Q5":null,"Q25":null,"Q100":null,"Q500":null,"MaxFlow":null,"MaxDate":null,"Q10":null,"Q50":null,"Q200":null,"Q1000":null,"HAVZA_ID":15,"entityId":"9574","entityType":"flowStations","id":"9574","name":"D15A026","stationId":"D15A026","basinId":15,"flow":null,"status":"no_data","color":"#94a3b8","width":2.8}},{"type":"Feature","id":"9575","geometry":{"type":"Point","coordinates":[35.50666700000005,41.03194400000007]},"properties":{"OBJECTID":9575,"AGINO":"D15A285","SUADI":null,"ISTADI":null,"ILKODU":55,"ILCEKODU":1386,"KOT":null,"TEKERRUR_YILI":null,"Q2":null,"Q5":null,"Q25":null,"Q100":null,"Q500":null,"MaxFlow":null,"MaxDate":null,"Q10":null,"Q50":null,"Q200":null,"Q1000":null,"HAVZA_ID":15,"entityId":"9575","entityType":"flowStations","id":"9575","name":"D15A285","stationId":"D15A285","basinId":15,"flow":null,"status":"no_data","color":"#94a3b8","width":2.8}},{"type":"Feature","id":"9576","geometry":{"type":"Point","coordinates":[35.650833000000034,41.53250000000003]},"properties":{"OBJECTID":9576,"AGINO":"D15A315","SUADI":null,"ISTADI":null,"ILKODU":55,"ILCEKODU":1125,"KOT":null,"TEKERRUR_YILI":null,"Q2":null,"Q5":null,"Q25":null,"Q100":null,"Q500":null,"MaxFlow":null,"MaxDate":null,"Q10":null,"Q50":null,"Q200":null,"Q1000":null,"HAVZA_ID":15,"entityId":"9576","entityType":"flowStations","id":"9576","name":"D15A315","stationId":"D15A315","basinId":15,"flow":null,"status":"no_data","color":"#94a3b8","width":2.8}},{"type":"Feature","id":"9577","geometry":{"type":"Point","coordinates":[35.21916700000003,41.084722000000056]},"properties":{"OBJECTID":9577,"AGINO":"D15A317","SUADI":null,"ISTADI":null,"ILKODU":55,"ILCEKODU":1712,"KOT":null,"TEKERRUR_YILI":null,"Q2":null,"Q5":null,"Q25":null,"Q100":null,"Q500":null,"MaxFlow":null,"MaxDate":null,"Q10":null,"Q50":null,"Q200":null,"Q1000":null,"HAVZA_ID":15,"entityId":"9577","entityType":"flowStations","id":"9577","name":"D15A317","stationId":"D15A317","basinId":15,"flow":null,"status":"no_data","color":"#94a3b8","width":2.8}},{"type":"Feature","id":"9578","geometry":{"type":"Point","coordinates":[35.835000000000036,41.473333000000025]},"properties":{"OBJECTID":9578,"AGINO":"D15A318","SUADI":null,"ISTADI":null,"ILKODU":55,"ILCEKODU":1164,"KOT":null,"TEKERRUR_YILI":null,"Q2":null,"Q5":null,"Q25":null,"Q100":null,"Q500":null,"MaxFlow":null,"MaxDate":null,"Q10":null,"Q50":null,"Q200":null,"Q1000":null,"HAVZA_ID":15,"entityId":"9578","entityType":"flowStations","id":"9578","name":"D15A318","stationId":"D15A318","basinId":15,"flow":null,"status":"no_data","color":"#94a3b8","width":2.8}},{"type":"Feature","id":"9579","geometry":{"type":"Point","coordinates":[35.05055600000003,41.41250000000008]},"properties":{"OBJECTID":9579,"AGINO":"D15A330","SUADI":null,"ISTADI":null,"ILKODU":57,"ILCEKODU":1290,"KOT":null,"TEKERRUR_YILI":null,"Q2":null,"Q5":null,"Q25":null,"Q100":null,"Q500":null,"MaxFlow":null,"MaxDate":null,"Q10":null,"Q50":null,"Q200":null,"Q1000":null,"HAVZA_ID":15,"entityId":"9579","entityType":"flowStations","id":"9579","name":"D15A330","stationId":"D15A330","basinId":15,"flow":null,"status":"no_data","color":"#94a3b8","width":2.8}},{"type":"Feature","id":"9580","geometry":{"type":"Point","coordinates":[35.25027800000004,41.16333300000008]},"properties":{"OBJECTID":9580,"AGINO":"D15A331","SUADI":null,"ISTADI":null,"ILKODU":55,"ILCEKODU":1712,"KOT":null,"TEKERRUR_YILI":null,"Q2":null,"Q5":null,"Q25":null,"Q100":null,"Q500":null,"MaxFlow":null,"MaxDate":null,"Q10":null,"Q50":null,"Q200":null,"Q1000":null,"HAVZA_ID":15,"entityId":"9580","entityType":"flowStations","id":"9580","name":"D15A331","stationId":"D15A331","basinId":15,"flow":null,"status":"no_data","color":"#94a3b8","width":2.8}},{"type":"Feature","id":"9581","geometry":{"type":"Point","coordinates":[35.83055600000006,41.47555600000004]},"properties":{"OBJECTID":9581,"AGINO":"D15A335","SUADI":null,"ISTADI":null,"ILKODU":55,"ILCEKODU":1164,"KOT":null,"TEKERRUR_YILI":null,"Q2":null,"Q5":null,"Q25":null,"Q100":null,"Q500":null,"MaxFlow":null,"MaxDate":null,"Q10":null,"Q50":null,"Q200":null,"Q1000":null,"HAVZA_ID":15,"entityId":"9581","entityType":"flowStations","id":"9581","name":"D15A335","stationId":"D15A335","basinId":15,"flow":null,"status":"no_data","color":"#94a3b8","width":2.8}},{"type":"Feature","id":"9582","geometry":{"type":"Point","coordinates":[37.961667000000034,40.83166700000004]},"properties":{"OBJECTID":9582,"AGINO":"D22A093","SUADI":null,"ISTADI":null,"ILKODU":52,"ILCEKODU":2103,"KOT":null,"TEKERRUR_YILI":null,"Q2":null,"Q5":null,"Q25":null,"Q100":null,"Q500":null,"MaxFlow":null,"MaxDate":null,"Q10":null,"Q50":null,"Q200":null,"Q1000":null,"HAVZA_ID":22,"entityId":"9582","entityType":"flowStations","id":"9582","name":"D22A093","stationId":"D22A093","basinId":22,"flow":null,"status":"no_data","color":"#94a3b8","width":2.8}},{"type":"Feature","id":"9583","geometry":{"type":"Point","coordinates":[36.82194400000003,41.07333300000005]},"properties":{"OBJECTID":9583,"AGINO":"D22A105","SUADI":null,"ISTADI":null,"ILKODU":55,"ILCEKODU":1838,"KOT":null,"TEKERRUR_YILI":null,"Q2":null,"Q5":null,"Q25":null,"Q100":null,"Q500":null,"MaxFlow":null,"MaxDate":null,"Q10":null,"Q50":null,"Q200":null,"Q1000":null,"HAVZA_ID":14,"entityId":"9583","entityType":"flowStations","id":"9583","name":"D22A105","stationId":"D22A105","basinId":14,"flow":null,"status":"no_data","color":"#94a3b8","width":2.8}},{"type":"Feature","id":"9584","geometry":{"type":"Point","coordinates":[36.864167000000066,41.09944400000006]},"properties":{"OBJECTID":9584,"AGINO":"D22A142","SUADI":null,"ISTADI":null,"ILKODU":55,"ILCEKODU":1676,"KOT":null,"TEKERRUR_YILI":null,"Q2":null,"Q5":null,"Q25":null,"Q100":null,"Q500":null,"MaxFlow":null,"MaxDate":null,"Q10":null,"Q50":null,"Q200":null,"Q1000":null,"HAVZA_ID":14,"entityId":"9584","entityType":"flowStations","id":"9584","name":"D22A142","stationId":"D22A142","basinId":14,"flow":null,"status":"no_data","color":"#94a3b8","width":2.8}},{"type":"Feature","id":"9585","geometry":{"type":"Point","coordinates":[36.84027800000007,41.12194400000004]},"properties":{"OBJECTID":9585,"AGINO":"D22A143","SUADI":null,"ISTADI":null,"ILKODU":55,"ILCEKODU":1838,"KOT":null,"TEKERRUR_YILI":null,"Q2":null,"Q5":null,"Q25":null,"Q100":null,"Q500":null,"MaxFlow":null,"MaxDate":null,"Q10":null,"Q50":null,"Q200":null,"Q1000":null,"HAVZA_ID":14,"entityId":"9585","entityType":"flowStations","id":"9585","name":"D22A143","stationId":"D22A143","basinId":14,"flow":null,"status":"no_data","color":"#94a3b8","width":2.8}},{"type":"Feature","id":"9586","geometry":{"type":"Point","coordinates":[37.77611100000007,40.62250000000006]},"properties":{"OBJECTID":9586,"AGINO":"D22A144","SUADI":null,"ISTADI":null,"ILKODU":52,"ILCEKODU":1525,"KOT":null,"TEKERRUR_YILI":null,"Q2":null,"Q5":null,"Q25":null,"Q100":null,"Q500":null,"MaxFlow":null,"MaxDate":null,"Q10":null,"Q50":null,"Q200":null,"Q1000":null,"HAVZA_ID":22,"entityId":"9586","entityType":"flowStations","id":"9586","name":"D22A144","stationId":"D22A144","basinId":22,"flow":null,"status":"no_data","color":"#94a3b8","width":2.8}},{"type":"Feature","id":"9587","geometry":{"type":"Point","coordinates":[37.450000000000045,40.752222000000074]},"properties":{"OBJECTID":9587,"AGINO":"D22A145","SUADI":null,"ISTADI":null,"ILKODU":52,"ILCEKODU":1951,"KOT":null,"TEKERRUR_YILI":null,"Q2":null,"Q5":null,"Q25":null,"Q100":null,"Q500":null,"MaxFlow":null,"MaxDate":null,"Q10":null,"Q50":null,"Q200":null,"Q1000":null,"HAVZA_ID":22,"entityId":"9587","entityType":"flowStations","id":"9587","name":"D22A145","stationId":"D22A145","basinId":22,"flow":null,"status":"no_data","color":"#94a3b8","width":2.8}},{"type":"Feature","id":"9588","geometry":{"type":"Point","coordinates":[35.03250000000003,41.99916700000006]},"properties":{"OBJECTID":9588,"AGINO":"E13A032","SUADI":null,"ISTADI":null,"ILKODU":57,"ILCEKODU":1627,"KOT":null,"TEKERRUR_YILI":null,"Q2":null,"Q5":null,"Q25":null,"Q100":null,"Q500":null,"MaxFlow":null,"MaxDate":null,"Q10":null,"Q50":null,"Q200":null,"Q1000":null,"HAVZA_ID":13,"entityId":"9588","entityType":"flowStations","id":"9588","name":"E13A032","stationId":"E13A032","basinId":13,"flow":null,"status":"no_data","color":"#94a3b8","width":2.8}},{"type":"Feature","id":"9589","geometry":{"type":"Point","coordinates":[36.512500000000045,40.771667000000036]},"properties":{"OBJECTID":9589,"AGINO":"E14A002","SUADI":null,"ISTADI":null,"ILKODU":60,"ILCEKODU":1308,"KOT":null,"TEKERRUR_YILI":null,"Q2":null,"Q5":null,"Q25":null,"Q100":null,"Q500":null,"MaxFlow":null,"MaxDate":null,"Q10":null,"Q50":null,"Q200":null,"Q1000":null,"HAVZA_ID":14,"entityId":"9589","entityType":"flowStations","id":"9589","name":"E14A002","stationId":"E14A002","basinId":14,"flow":null,"status":"no_data","color":"#94a3b8","width":2.8}},{"type":"Feature","id":"9590","geometry":{"type":"Point","coordinates":[35.417500000000075,40.45166700000004]},"properties":{"OBJECTID":9590,"AGINO":"E14A012","SUADI":null,"ISTADI":null,"ILKODU":5,"ILCEKODU":1363,"KOT":null,"TEKERRUR_YILI":null,"Q2":null,"Q5":null,"Q25":null,"Q100":null,"Q500":null,"MaxFlow":null,"MaxDate":null,"Q10":null,"Q50":null,"Q200":null,"Q1000":null,"HAVZA_ID":14,"entityId":"9590","entityType":"flowStations","id":"9590","name":"E14A012","stationId":"E14A012","basinId":14,"flow":null,"status":"no_data","color":"#94a3b8","width":2.8}},{"type":"Feature","id":"9591","geometry":{"type":"Point","coordinates":[36.115556000000026,40.43305600000008]},"properties":{"OBJECTID":9591,"AGINO":"E14A014","SUADI":null,"ISTADI":null,"ILKODU":60,"ILCEKODU":1690,"KOT":null,"TEKERRUR_YILI":null,"Q2":null,"Q5":null,"Q25":null,"Q100":null,"Q500":null,"MaxFlow":null,"MaxDate":null,"Q10":null,"Q50":null,"Q200":null,"Q1000":null,"HAVZA_ID":14,"entityId":"9591","entityType":"flowStations","id":"9591","name":"E14A014","stationId":"E14A014","basinId":14,"flow":null,"status":"no_data","color":"#94a3b8","width":2.8}},{"type":"Feature","id":"9592","geometry":{"type":"Point","coordinates":[37.128611000000035,40.31166700000006]},"properties":{"OBJECTID":9592,"AGINO":"E14A018","SUADI":null,"ISTADI":null,"ILKODU":60,"ILCEKODU":1129,"KOT":null,"TEKERRUR_YILI":null,"Q2":null,"Q5":null,"Q25":null,"Q100":null,"Q500":null,"MaxFlow":null,"MaxDate":null,"Q10":null,"Q50":null,"Q200":null,"Q1000":null,"HAVZA_ID":14,"entityId":"9592","entityType":"flowStations","id":"9592","name":"E14A018","stationId":"E14A018","basinId":14,"flow":null,"status":"no_data","color":"#94a3b8","width":2.8}},{"type":"Feature","id":"9593","geometry":{"type":"Point","coordinates":[36.146389000000056,40.00805600000007]},"properties":{"OBJECTID":9593,"AGINO":"E14A024","SUADI":null,"ISTADI":null,"ILKODU":60,"ILCEKODU":1858,"KOT":null,"TEKERRUR_YILI":null,"Q2":null,"Q5":null,"Q25":null,"Q100":null,"Q500":null,"MaxFlow":null,"MaxDate":null,"Q10":null,"Q50":null,"Q200":null,"Q1000":null,"HAVZA_ID":14,"entityId":"9593","entityType":"flowStations","id":"9593","name":"E14A024","stationId":"E14A024","basinId":14,"flow":null,"status":"no_data","color":"#94a3b8","width":2.8}},{"type":"Feature","id":"9594","geometry":{"type":"Point","coordinates":[35.887500000000045,40.98694400000005]},"properties":{"OBJECTID":9594,"AGINO":"E14A032","SUADI":null,"ISTADI":null,"ILKODU":55,"ILCEKODU":1501,"KOT":null,"TEKERRUR_YILI":null,"Q2":null,"Q5":null,"Q25":null,"Q100":null,"Q500":null,"MaxFlow":null,"MaxDate":null,"Q10":null,"Q50":null,"Q200":null,"Q1000":null,"HAVZA_ID":14,"entityId":"9594","entityType":"flowStations","id":"9594","name":"E14A032","stationId":"E14A032","basinId":14,"flow":null,"status":"no_data","color":"#94a3b8","width":2.8}},{"type":"Feature","id":"9595","geometry":{"type":"Point","coordinates":[35.836389000000054,40.67333300000007]},"properties":{"OBJECTID":9595,"AGINO":"E14A034","SUADI":null,"ISTADI":null,"ILKODU":5,"ILCEKODU":1134,"KOT":null,"TEKERRUR_YILI":null,"Q2":null,"Q5":null,"Q25":null,"Q100":null,"Q500":null,"MaxFlow":null,"MaxDate":null,"Q10":null,"Q50":null,"Q200":null,"Q1000":null,"HAVZA_ID":14,"entityId":"9595","entityType":"flowStations","id":"9595","name":"E14A034","stationId":"E14A034","basinId":14,"flow":null,"status":"no_data","color":"#94a3b8","width":2.8}},{"type":"Feature","id":"9596","geometry":{"type":"Point","coordinates":[36.160000000000025,40.480000000000075]},"properties":{"OBJECTID":9596,"AGINO":"E14A040","SUADI":null,"ISTADI":null,"ILKODU":5,"ILCEKODU":1134,"KOT":null,"TEKERRUR_YILI":null,"Q2":null,"Q5":null,"Q25":null,"Q100":null,"Q500":null,"MaxFlow":null,"MaxDate":null,"Q10":null,"Q50":null,"Q200":null,"Q1000":null,"HAVZA_ID":14,"entityId":"9596","entityType":"flowStations","id":"9596","name":"E14A040","stationId":"E14A040","basinId":14,"flow":null,"status":"no_data","color":"#94a3b8","width":2.8}},{"type":"Feature","id":"9597","geometry":{"type":"Point","coordinates":[35.83527800000007,41.33083300000004]},"properties":{"OBJECTID":9597,"AGINO":"E15A049","SUADI":null,"ISTADI":null,"ILKODU":55,"ILCEKODU":1164,"KOT":null,"TEKERRUR_YILI":null,"Q2":null,"Q5":null,"Q25":null,"Q100":null,"Q500":null,"MaxFlow":null,"MaxDate":null,"Q10":null,"Q50":null,"Q200":null,"Q1000":null,"HAVZA_ID":15,"entityId":"9597","entityType":"flowStations","id":"9597","name":"E15A049","stationId":"E15A049","basinId":15,"flow":null,"status":"no_data","color":"#94a3b8","width":2.8}},{"type":"Feature","id":"9598","geometry":{"type":"Point","coordinates":[36.82638900000006,41.083056000000056]},"properties":{"OBJECTID":9598,"AGINO":"E22A045","SUADI":null,"ISTADI":null,"ILKODU":55,"ILCEKODU":1838,"KOT":null,"TEKERRUR_YILI":null,"Q2":null,"Q5":null,"Q25":null,"Q100":null,"Q500":null,"MaxFlow":null,"MaxDate":null,"Q10":null,"Q50":null,"Q200":null,"Q1000":null,"HAVZA_ID":14,"entityId":"9598","entityType":"flowStations","id":"9598","name":"E22A045","stationId":"E22A045","basinId":14,"flow":null,"status":"no_data","color":"#94a3b8","width":2.8}},{"type":"Feature","id":"9599","geometry":{"type":"Point","coordinates":[37.896667000000036,40.886389000000065]},"properties":{"OBJECTID":9599,"AGINO":"E22A047","SUADI":null,"ISTADI":null,"ILKODU":52,"ILCEKODU":2103,"KOT":null,"TEKERRUR_YILI":null,"Q2":null,"Q5":null,"Q25":null,"Q100":null,"Q500":null,"MaxFlow":null,"MaxDate":null,"Q10":null,"Q50":null,"Q200":null,"Q1000":null,"HAVZA_ID":22,"entityId":"9599","entityType":"flowStations","id":"9599","name":"E22A047","stationId":"E22A047","basinId":22,"flow":null,"status":"no_data","color":"#94a3b8","width":2.8}},{"type":"Feature","id":"9600","geometry":{"type":"Point","coordinates":[37.147222000000056,41.11055600000003]},"properties":{"OBJECTID":9600,"AGINO":"E22A054","SUADI":null,"ISTADI":null,"ILKODU":55,"ILCEKODU":1676,"KOT":null,"TEKERRUR_YILI":null,"Q2":null,"Q5":null,"Q25":null,"Q100":null,"Q500":null,"MaxFlow":null,"MaxDate":null,"Q10":null,"Q50":null,"Q200":null,"Q1000":null,"HAVZA_ID":22,"entityId":"9600","entityType":"flowStations","id":"9600","name":"E22A054","stationId":"E22A054","basinId":22,"flow":null,"status":"no_data","color":"#94a3b8","width":2.8}},{"type":"Feature","id":"9601","geometry":{"type":"Point","coordinates":[36.28000000000003,41.24138900000003]},"properties":{"OBJECTID":9601,"AGINO":"E22A062","SUADI":null,"ISTADI":null,"ILKODU":55,"ILCEKODU":2074,"KOT":null,"TEKERRUR_YILI":null,"Q2":null,"Q5":null,"Q25":null,"Q100":null,"Q500":null,"MaxFlow":null,"MaxDate":null,"Q10":null,"Q50":null,"Q200":null,"Q1000":null,"HAVZA_ID":14,"entityId":"9601","entityType":"flowStations","id":"9601","name":"E22A062","stationId":"E22A062","basinId":14,"flow":null,"status":"no_data","color":"#94a3b8","width":2.8}},{"type":"Feature","id":"9602","geometry":{"type":"Point","coordinates":[38.00194400000004,40.95527800000008]},"properties":{"OBJECTID":9602,"AGINO":"E22A063","SUADI":null,"ISTADI":null,"ILKODU":52,"ILCEKODU":1795,"KOT":null,"TEKERRUR_YILI":null,"Q2":null,"Q5":null,"Q25":null,"Q100":null,"Q500":null,"MaxFlow":null,"MaxDate":null,"Q10":null,"Q50":null,"Q200":null,"Q1000":null,"HAVZA_ID":22,"entityId":"9602","entityType":"flowStations","id":"9602","name":"E22A063","stationId":"E22A063","basinId":22,"flow":null,"status":"no_data","color":"#94a3b8","width":2.8}},{"type":"Feature","id":"9603","geometry":{"type":"Point","coordinates":[37.43611100000004,40.98833300000007]},"properties":{"OBJECTID":9603,"AGINO":"E22A065","SUADI":null,"ISTADI":null,"ILKODU":52,"ILCEKODU":1328,"KOT":null,"TEKERRUR_YILI":null,"Q2":null,"Q5":null,"Q25":null,"Q100":null,"Q500":null,"MaxFlow":null,"MaxDate":null,"Q10":null,"Q50":null,"Q200":null,"Q1000":null,"HAVZA_ID":22,"entityId":"9603","entityType":"flowStations","id":"9603","name":"E22A065","stationId":"E22A065","basinId":22,"flow":null,"status":"no_data","color":"#94a3b8","width":2.8}},{"type":"Feature","id":"9604","geometry":{"type":"Point","coordinates":[37.305000000000064,41.06027800000004]},"properties":{"OBJECTID":9604,"AGINO":"E22A066","SUADI":null,"ISTADI":null,"ILKODU":52,"ILCEKODU":1706,"KOT":null,"TEKERRUR_YILI":null,"Q2":null,"Q5":null,"Q25":null,"Q100":null,"Q500":null,"MaxFlow":null,"MaxDate":null,"Q10":null,"Q50":null,"Q200":null,"Q1000":null,"HAVZA_ID":22,"entityId":"9604","entityType":"flowStations","id":"9604","name":"E22A066","stationId":"E22A066","basinId":22,"flow":null,"status":"no_data","color":"#94a3b8","width":2.8}},{"type":"Feature","id":"9605","geometry":{"type":"Point","coordinates":[37.20138900000006,41.115833000000066]},"properties":{"OBJECTID":9605,"AGINO":"E22A071","SUADI":null,"ISTADI":null,"ILKODU":52,"ILCEKODU":1706,"KOT":null,"TEKERRUR_YILI":null,"Q2":null,"Q5":null,"Q25":null,"Q100":null,"Q500":null,"MaxFlow":null,"MaxDate":null,"Q10":null,"Q50":null,"Q200":null,"Q1000":null,"HAVZA_ID":22,"entityId":"9605","entityType":"flowStations","id":"9605","name":"E22A071","stationId":"E22A071","basinId":22,"flow":null,"status":"no_data","color":"#94a3b8","width":2.8}},{"type":"Feature","id":"9698","geometry":{"type":"Point","coordinates":[36.11194400000005,40.14416700000004]},"properties":{"OBJECTID":9698,"AGINO":"D14A160","SUADI":null,"ISTADI":null,"ILKODU":60,"ILCEKODU":1151,"KOT":null,"TEKERRUR_YILI":null,"Q2":null,"Q5":null,"Q25":null,"Q100":null,"Q500":null,"MaxFlow":null,"MaxDate":null,"Q10":null,"Q50":null,"Q200":null,"Q1000":null,"HAVZA_ID":14,"entityId":"9698","entityType":"flowStations","id":"9698","name":"D14A160","stationId":"D14A160","basinId":14,"flow":null,"status":"no_data","color":"#94a3b8","width":2.8}},{"type":"Feature","id":"9709","geometry":{"type":"Point","coordinates":[34.88333300000005,41.366667000000064]},"properties":{"OBJECTID":9709,"AGINO":"D15A202","SUADI":null,"ISTADI":null,"ILKODU":57,"ILCEKODU":1981,"KOT":null,"TEKERRUR_YILI":null,"Q2":null,"Q5":null,"Q25":null,"Q100":null,"Q500":null,"MaxFlow":null,"MaxDate":null,"Q10":null,"Q50":null,"Q200":null,"Q1000":null,"HAVZA_ID":15,"entityId":"9709","entityType":"flowStations","id":"9709","name":"D15A202","stationId":"D15A202","basinId":15,"flow":null,"status":"no_data","color":"#94a3b8","width":2.8}},{"type":"Feature","id":"9715","geometry":{"type":"Point","coordinates":[34.753333000000055,41.46500000000003]},"properties":{"OBJECTID":9715,"AGINO":"D15A243","SUADI":null,"ISTADI":null,"ILKODU":57,"ILCEKODU":1204,"KOT":null,"TEKERRUR_YILI":null,"Q2":null,"Q5":null,"Q25":null,"Q100":null,"Q500":null,"MaxFlow":null,"MaxDate":null,"Q10":null,"Q50":null,"Q200":null,"Q1000":null,"HAVZA_ID":15,"entityId":"9715","entityType":"flowStations","id":"9715","name":"D15A243","stationId":"D15A243","basinId":15,"flow":null,"status":"no_data","color":"#94a3b8","width":2.8}},{"type":"Feature","id":"9722","geometry":{"type":"Point","coordinates":[36.97277800000006,41.209167000000036]},"properties":{"OBJECTID":9722,"AGINO":"D22A002","SUADI":null,"ISTADI":null,"ILKODU":55,"ILCEKODU":1676,"KOT":null,"TEKERRUR_YILI":null,"Q2":null,"Q5":null,"Q25":null,"Q100":null,"Q500":null,"MaxFlow":null,"MaxDate":null,"Q10":null,"Q50":null,"Q200":null,"Q1000":null,"HAVZA_ID":14,"entityId":"9722","entityType":"flowStations","id":"9722","name":"D22A002","stationId":"D22A002","basinId":14,"flow":null,"status":"no_data","color":"#94a3b8","width":2.8}},{"type":"Feature","id":"9786","geometry":{"type":"Point","coordinates":[41.385556000000065,40.10805600000003]},"properties":{"OBJECTID":9786,"AGINO":"D21A001","SUADI":null,"ISTADI":null,"ILKODU":25,"ILCEKODU":2045,"KOT":null,"TEKERRUR_YILI":null,"Q2":null,"Q5":null,"Q25":null,"Q100":null,"Q500":null,"MaxFlow":null,"MaxDate":null,"Q10":null,"Q50":null,"Q200":null,"Q1000":null,"HAVZA_ID":21,"entityId":"9786","entityType":"flowStations","id":"9786","name":"D21A001","stationId":"D21A001","basinId":21,"flow":null,"status":"no_data","color":"#94a3b8","width":2.8}},{"type":"Feature","id":"9787","geometry":{"type":"Point","coordinates":[43.66500000000008,39.53944400000006]},"properties":{"OBJECTID":9787,"AGINO":"D21A004","SUADI":null,"ISTADI":null,"ILKODU":4,"ILCEKODU":1283,"KOT":null,"TEKERRUR_YILI":null,"Q2":null,"Q5":null,"Q25":null,"Q100":null,"Q500":null,"MaxFlow":null,"MaxDate":null,"Q10":null,"Q50":null,"Q200":null,"Q1000":null,"HAVZA_ID":21,"entityId":"9787","entityType":"flowStations","id":"9787","name":"D21A004","stationId":"D21A004","basinId":21,"flow":null,"status":"no_data","color":"#94a3b8","width":2.8}},{"type":"Feature","id":"9788","geometry":{"type":"Point","coordinates":[39.71805600000005,39.587500000000034]},"properties":{"OBJECTID":9788,"AGINO":"D21A040","SUADI":null,"ISTADI":null,"ILKODU":24,"ILCEKODU":1318,"KOT":null,"TEKERRUR_YILI":null,"Q2":null,"Q5":null,"Q25":null,"Q100":null,"Q500":null,"MaxFlow":null,"MaxDate":null,"Q10":null,"Q50":null,"Q200":null,"Q1000":null,"HAVZA_ID":21,"entityId":"9788","entityType":"flowStations","id":"9788","name":"D21A040","stationId":"D21A040","basinId":21,"flow":null,"status":"no_data","color":"#94a3b8","width":2.8}},{"type":"Feature","id":"9789","geometry":{"type":"Point","coordinates":[40.99305600000008,40.11277800000005]},"properties":{"OBJECTID":9789,"AGINO":"D21A052","SUADI":null,"ISTADI":null,"ILKODU":25,"ILCEKODU":1945,"KOT":null,"TEKERRUR_YILI":null,"Q2":null,"Q5":null,"Q25":null,"Q100":null,"Q500":null,"MaxFlow":null,"MaxDate":null,"Q10":null,"Q50":null,"Q200":null,"Q1000":null,"HAVZA_ID":21,"entityId":"9789","entityType":"flowStations","id":"9789","name":"D21A052","stationId":"D21A052","basinId":21,"flow":null,"status":"no_data","color":"#94a3b8","width":2.8}},{"type":"Feature","id":"9792","geometry":{"type":"Point","coordinates":[41.12361100000004,39.87500000000006]},"properties":{"OBJECTID":9792,"AGINO":"D21A132","SUADI":null,"ISTADI":null,"ILKODU":25,"ILCEKODU":1945,"KOT":null,"TEKERRUR_YILI":null,"Q2":null,"Q5":null,"Q25":null,"Q100":null,"Q500":null,"MaxFlow":null,"MaxDate":null,"Q10":null,"Q50":null,"Q200":null,"Q1000":null,"HAVZA_ID":21,"entityId":"9792","entityType":"flowStations","id":"9792","name":"D21A132","stationId":"D21A132","basinId":21,"flow":null,"status":"no_data","color":"#94a3b8","width":2.8}},{"type":"Feature","id":"9796","geometry":{"type":"Point","coordinates":[41.43361100000004,40.15611100000007]},"properties":{"OBJECTID":9796,"AGINO":"D21A168","SUADI":null,"ISTADI":null,"ILKODU":25,"ILCEKODU":2045,"KOT":null,"TEKERRUR_YILI":null,"Q2":null,"Q5":null,"Q25":null,"Q100":null,"Q500":null,"MaxFlow":null,"MaxDate":null,"Q10":null,"Q50":null,"Q200":null,"Q1000":null,"HAVZA_ID":21,"entityId":"9796","entityType":"flowStations","id":"9796","name":"D21A168","stationId":"D21A168","basinId":21,"flow":null,"status":"no_data","color":"#94a3b8","width":2.8}},{"type":"Feature","id":"9797","geometry":{"type":"Point","coordinates":[41.793611000000055,39.25666700000005]},"properties":{"OBJECTID":9797,"AGINO":"D21A169","SUADI":null,"ISTADI":null,"ILKODU":25,"ILCEKODU":1392,"KOT":null,"TEKERRUR_YILI":null,"Q2":null,"Q5":null,"Q25":null,"Q100":null,"Q500":null,"MaxFlow":null,"MaxDate":null,"Q10":null,"Q50":null,"Q200":null,"Q1000":null,"HAVZA_ID":21,"entityId":"9797","entityType":"flowStations","id":"9797","name":"D21A169","stationId":"D21A169","basinId":21,"flow":null,"status":"no_data","color":"#94a3b8","width":2.8}},{"type":"Feature","id":"9800","geometry":{"type":"Point","coordinates":[41.10222200000004,39.959167000000036]},"properties":{"OBJECTID":9800,"AGINO":"D21A200","SUADI":null,"ISTADI":null,"ILKODU":25,"ILCEKODU":1945,"KOT":null,"TEKERRUR_YILI":null,"Q2":null,"Q5":null,"Q25":null,"Q100":null,"Q500":null,"MaxFlow":null,"MaxDate":null,"Q10":null,"Q50":null,"Q200":null,"Q1000":null,"HAVZA_ID":21,"entityId":"9800","entityType":"flowStations","id":"9800","name":"D21A200","stationId":"D21A200","basinId":21,"flow":null,"status":"no_data","color":"#94a3b8","width":2.8}},{"type":"Feature","id":"9801","geometry":{"type":"Point","coordinates":[42.41472200000004,39.81916700000005]},"properties":{"OBJECTID":9801,"AGINO":"D21A201","SUADI":null,"ISTADI":null,"ILKODU":4,"ILCEKODU":1301,"KOT":null,"TEKERRUR_YILI":null,"Q2":null,"Q5":null,"Q25":null,"Q100":null,"Q500":null,"MaxFlow":null,"MaxDate":null,"Q10":null,"Q50":null,"Q200":null,"Q1000":null,"HAVZA_ID":21,"entityId":"9801","entityType":"flowStations","id":"9801","name":"D21A201","stationId":"D21A201","basinId":21,"flow":null,"status":"no_data","color":"#94a3b8","width":2.8}},{"type":"Feature","id":"9802","geometry":{"type":"Point","coordinates":[43.42611100000005,39.69361100000003]},"properties":{"OBJECTID":9802,"AGINO":"D21A202","SUADI":null,"ISTADI":null,"ILKODU":4,"ILCEKODU":1667,"KOT":null,"TEKERRUR_YILI":null,"Q2":null,"Q5":null,"Q25":null,"Q100":null,"Q500":null,"MaxFlow":null,"MaxDate":null,"Q10":null,"Q50":null,"Q200":null,"Q1000":null,"HAVZA_ID":21,"entityId":"9802","entityType":"flowStations","id":"9802","name":"D21A202","stationId":"D21A202","basinId":21,"flow":null,"status":"no_data","color":"#94a3b8","width":2.8}},{"type":"Feature","id":"9803","geometry":{"type":"Point","coordinates":[42.10000000000008,39.33222200000006]},"properties":{"OBJECTID":9803,"AGINO":"D21A203","SUADI":null,"ISTADI":null,"ILKODU":25,"ILCEKODU":1812,"KOT":null,"TEKERRUR_YILI":null,"Q2":null,"Q5":null,"Q25":null,"Q100":null,"Q500":null,"MaxFlow":null,"MaxDate":null,"Q10":null,"Q50":null,"Q200":null,"Q1000":null,"HAVZA_ID":21,"entityId":"9803","entityType":"flowStations","id":"9803","name":"D21A203","stationId":"D21A203","basinId":21,"flow":null,"status":"no_data","color":"#94a3b8","width":2.8}},{"type":"Feature","id":"9804","geometry":{"type":"Point","coordinates":[43.282778000000064,39.73944400000005]},"properties":{"OBJECTID":9804,"AGINO":"D21A204","SUADI":null,"ISTADI":null,"ILKODU":4,"ILCEKODU":1111,"KOT":null,"TEKERRUR_YILI":null,"Q2":null,"Q5":null,"Q25":null,"Q100":null,"Q500":null,"MaxFlow":null,"MaxDate":null,"Q10":null,"Q50":null,"Q200":null,"Q1000":null,"HAVZA_ID":21,"entityId":"9804","entityType":"flowStations","id":"9804","name":"D21A204","stationId":"D21A204","basinId":21,"flow":null,"status":"no_data","color":"#94a3b8","width":2.8}},{"type":"Feature","id":"9806","geometry":{"type":"Point","coordinates":[40.11472200000003,39.98333300000007]},"properties":{"OBJECTID":9806,"AGINO":"D21A214","SUADI":null,"ISTADI":null,"ILKODU":24,"ILCEKODU":1977,"KOT":null,"TEKERRUR_YILI":null,"Q2":null,"Q5":null,"Q25":null,"Q100":null,"Q500":null,"MaxFlow":null,"MaxDate":null,"Q10":null,"Q50":null,"Q200":null,"Q1000":null,"HAVZA_ID":21,"entityId":"9806","entityType":"flowStations","id":"9806","name":"D21A214","stationId":"D21A214","basinId":21,"flow":null,"status":"no_data","color":"#94a3b8","width":2.8}},{"type":"Feature","id":"9807","geometry":{"type":"Point","coordinates":[42.54833300000007,39.79555600000003]},"properties":{"OBJECTID":9807,"AGINO":"D21A215","SUADI":null,"ISTADI":null,"ILKODU":4,"ILCEKODU":1301,"KOT":null,"TEKERRUR_YILI":null,"Q2":null,"Q5":null,"Q25":null,"Q100":null,"Q500":null,"MaxFlow":null,"MaxDate":null,"Q10":null,"Q50":null,"Q200":null,"Q1000":null,"HAVZA_ID":21,"entityId":"9807","entityType":"flowStations","id":"9807","name":"D21A215","stationId":"D21A215","basinId":21,"flow":null,"status":"no_data","color":"#94a3b8","width":2.8}},{"type":"Feature","id":"9809","geometry":{"type":"Point","coordinates":[43.29083300000008,39.59083300000003]},"properties":{"OBJECTID":9809,"AGINO":"D21A217","SUADI":null,"ISTADI":null,"ILKODU":4,"ILCEKODU":1667,"KOT":null,"TEKERRUR_YILI":null,"Q2":null,"Q5":null,"Q25":null,"Q100":null,"Q500":null,"MaxFlow":null,"MaxDate":null,"Q10":null,"Q50":null,"Q200":null,"Q1000":null,"HAVZA_ID":21,"entityId":"9809","entityType":"flowStations","id":"9809","name":"D21A217","stationId":"D21A217","basinId":21,"flow":null,"status":"no_data","color":"#94a3b8","width":2.8}},{"type":"Feature","id":"9810","geometry":{"type":"Point","coordinates":[43.10666700000007,39.52916700000003]},"properties":{"OBJECTID":9810,"AGINO":"D21A219","SUADI":null,"ISTADI":null,"ILKODU":4,"ILCEKODU":1379,"KOT":null,"TEKERRUR_YILI":null,"Q2":null,"Q5":null,"Q25":null,"Q100":null,"Q500":null,"MaxFlow":null,"MaxDate":null,"Q10":null,"Q50":null,"Q200":null,"Q1000":null,"HAVZA_ID":21,"entityId":"9810","entityType":"flowStations","id":"9810","name":"D21A219","stationId":"D21A219","basinId":21,"flow":null,"status":"no_data","color":"#94a3b8","width":2.8}},{"type":"Feature","id":"9811","geometry":{"type":"Point","coordinates":[42.14861100000007,39.50972200000007]},"properties":{"OBJECTID":9811,"AGINO":"D21A220","SUADI":null,"ISTADI":null,"ILKODU":25,"ILCEKODU":1444,"KOT":null,"TEKERRUR_YILI":null,"Q2":null,"Q5":null,"Q25":null,"Q100":null,"Q500":null,"MaxFlow":null,"MaxDate":null,"Q10":null,"Q50":null,"Q200":null,"Q1000":null,"HAVZA_ID":21,"entityId":"9811","entityType":"flowStations","id":"9811","name":"D21A220","stationId":"D21A220","basinId":21,"flow":null,"status":"no_data","color":"#94a3b8","width":2.8}},{"type":"Feature","id":"9813","geometry":{"type":"Point","coordinates":[40.20277800000008,39.98611100000005]},"properties":{"OBJECTID":9813,"AGINO":"D21A230","SUADI":null,"ISTADI":null,"ILKODU":24,"ILCEKODU":1243,"KOT":null,"TEKERRUR_YILI":null,"Q2":null,"Q5":null,"Q25":null,"Q100":null,"Q500":null,"MaxFlow":null,"MaxDate":null,"Q10":null,"Q50":null,"Q200":null,"Q1000":null,"HAVZA_ID":21,"entityId":"9813","entityType":"flowStations","id":"9813","name":"D21A230","stationId":"D21A230","basinId":21,"flow":null,"status":"no_data","color":"#94a3b8","width":2.8}},{"type":"Feature","id":"9814","geometry":{"type":"Point","coordinates":[39.39277800000008,39.82333300000005]},"properties":{"OBJECTID":9814,"AGINO":"D21A232","SUADI":null,"ISTADI":null,"ILKODU":24,"ILCEKODU":1318,"KOT":null,"TEKERRUR_YILI":null,"Q2":null,"Q5":null,"Q25":null,"Q100":null,"Q500":null,"MaxFlow":null,"MaxDate":null,"Q10":null,"Q50":null,"Q200":null,"Q1000":null,"HAVZA_ID":21,"entityId":"9814","entityType":"flowStations","id":"9814","name":"D21A232","stationId":"D21A232","basinId":21,"flow":null,"status":"no_data","color":"#94a3b8","width":2.8}},{"type":"Feature","id":"9815","geometry":{"type":"Point","coordinates":[39.32333300000005,39.75777800000003]},"properties":{"OBJECTID":9815,"AGINO":"D21A233","SUADI":null,"ISTADI":null,"ILKODU":24,"ILCEKODU":1318,"KOT":null,"TEKERRUR_YILI":null,"Q2":null,"Q5":null,"Q25":null,"Q100":null,"Q500":null,"MaxFlow":null,"MaxDate":null,"Q10":null,"Q50":null,"Q200":null,"Q1000":null,"HAVZA_ID":21,"entityId":"9815","entityType":"flowStations","id":"9815","name":"D21A233","stationId":"D21A233","basinId":21,"flow":null,"status":"no_data","color":"#94a3b8","width":2.8}},{"type":"Feature","id":"9816","geometry":{"type":"Point","coordinates":[40.11722200000003,39.97611100000006]},"properties":{"OBJECTID":9816,"AGINO":"D21A236","SUADI":null,"ISTADI":null,"ILKODU":24,"ILCEKODU":1977,"KOT":null,"TEKERRUR_YILI":null,"Q2":null,"Q5":null,"Q25":null,"Q100":null,"Q500":null,"MaxFlow":null,"MaxDate":null,"Q10":null,"Q50":null,"Q200":null,"Q1000":null,"HAVZA_ID":21,"entityId":"9816","entityType":"flowStations","id":"9816","name":"D21A236","stationId":"D21A236","basinId":21,"flow":null,"status":"no_data","color":"#94a3b8","width":2.8}},{"type":"Feature","id":"9817","geometry":{"type":"Point","coordinates":[40.01000000000005,39.84222200000005]},"properties":{"OBJECTID":9817,"AGINO":"D21A237","SUADI":null,"ISTADI":null,"ILKODU":24,"ILCEKODU":1243,"KOT":null,"TEKERRUR_YILI":null,"Q2":null,"Q5":null,"Q25":null,"Q100":null,"Q500":null,"MaxFlow":null,"MaxDate":null,"Q10":null,"Q50":null,"Q200":null,"Q1000":null,"HAVZA_ID":21,"entityId":"9817","entityType":"flowStations","id":"9817","name":"D21A237","stationId":"D21A237","basinId":21,"flow":null,"status":"no_data","color":"#94a3b8","width":2.8}},{"type":"Feature","id":"9818","geometry":{"type":"Point","coordinates":[38.76833300000004,39.91027800000006]},"properties":{"OBJECTID":9818,"AGINO":"D14A131","SUADI":null,"ISTADI":null,"ILKODU":24,"ILCEKODU":1583,"KOT":null,"TEKERRUR_YILI":null,"Q2":null,"Q5":null,"Q25":null,"Q100":null,"Q500":null,"MaxFlow":null,"MaxDate":null,"Q10":null,"Q50":null,"Q200":null,"Q1000":null,"HAVZA_ID":14,"entityId":"9818","entityType":"flowStations","id":"9818","name":"D14A131","stationId":"D14A131","basinId":14,"flow":null,"status":"no_data","color":"#94a3b8","width":2.8}},{"type":"Feature","id":"9820","geometry":{"type":"Point","coordinates":[39.76555600000006,39.857222000000036]},"properties":{"OBJECTID":9820,"AGINO":"D21A252","SUADI":null,"ISTADI":null,"ILKODU":24,"ILCEKODU":1243,"KOT":null,"TEKERRUR_YILI":null,"Q2":null,"Q5":null,"Q25":null,"Q100":null,"Q500":null,"MaxFlow":null,"MaxDate":null,"Q10":null,"Q50":null,"Q200":null,"Q1000":null,"HAVZA_ID":21,"entityId":"9820","entityType":"flowStations","id":"9820","name":"D21A252","stationId":"D21A252","basinId":21,"flow":null,"status":"no_data","color":"#94a3b8","width":2.8}},{"type":"Feature","id":"9825","geometry":{"type":"Point","coordinates":[41.01611100000008,40.243056000000024]},"properties":{"OBJECTID":9825,"AGINO":"D21A294","SUADI":null,"ISTADI":null,"ILKODU":25,"ILCEKODU":1945,"KOT":null,"TEKERRUR_YILI":null,"Q2":null,"Q5":null,"Q25":null,"Q100":null,"Q500":null,"MaxFlow":null,"MaxDate":null,"Q10":null,"Q50":null,"Q200":null,"Q1000":null,"HAVZA_ID":21,"entityId":"9825","entityType":"flowStations","id":"9825","name":"D21A294","stationId":"D21A294","basinId":21,"flow":null,"status":"no_data","color":"#94a3b8","width":2.8}},{"type":"Feature","id":"9826","geometry":{"type":"Point","coordinates":[40.51111100000003,39.80083300000007]},"properties":{"OBJECTID":9826,"AGINO":"D21A295","SUADI":null,"ISTADI":null,"ILKODU":24,"ILCEKODU":1675,"KOT":null,"TEKERRUR_YILI":null,"Q2":null,"Q5":null,"Q25":null,"Q100":null,"Q500":null,"MaxFlow":null,"MaxDate":null,"Q10":null,"Q50":null,"Q200":null,"Q1000":null,"HAVZA_ID":21,"entityId":"9826","entityType":"flowStations","id":"9826","name":"D21A295","stationId":"D21A295","basinId":21,"flow":null,"status":"no_data","color":"#94a3b8","width":2.8}},{"type":"Feature","id":"9827","geometry":{"type":"Point","coordinates":[41.17888900000003,40.106944000000055]},"properties":{"OBJECTID":9827,"AGINO":"D21A297","SUADI":null,"ISTADI":null,"ILKODU":25,"ILCEKODU":2045,"KOT":null,"TEKERRUR_YILI":null,"Q2":null,"Q5":null,"Q25":null,"Q100":null,"Q500":null,"MaxFlow":null,"MaxDate":null,"Q10":null,"Q50":null,"Q200":null,"Q1000":null,"HAVZA_ID":21,"entityId":"9827","entityType":"flowStations","id":"9827","name":"D21A297","stationId":"D21A297","basinId":21,"flow":null,"status":"no_data","color":"#94a3b8","width":2.8}},{"type":"Feature","id":"9828","geometry":{"type":"Point","coordinates":[41.188889000000074,40.086667000000034]},"properties":{"OBJECTID":9828,"AGINO":"D21A298","SUADI":null,"ISTADI":null,"ILKODU":25,"ILCEKODU":2045,"KOT":null,"TEKERRUR_YILI":null,"Q2":null,"Q5":null,"Q25":null,"Q100":null,"Q500":null,"MaxFlow":null,"MaxDate":null,"Q10":null,"Q50":null,"Q200":null,"Q1000":null,"HAVZA_ID":21,"entityId":"9828","entityType":"flowStations","id":"9828","name":"D21A298","stationId":"D21A298","basinId":21,"flow":null,"status":"no_data","color":"#94a3b8","width":2.8}},{"type":"Feature","id":"9831","geometry":{"type":"Point","coordinates":[41.06027800000004,40.18250000000006]},"properties":{"OBJECTID":9831,"AGINO":"D21A317","SUADI":null,"ISTADI":null,"ILKODU":25,"ILCEKODU":1945,"KOT":null,"TEKERRUR_YILI":null,"Q2":null,"Q5":null,"Q25":null,"Q100":null,"Q500":null,"MaxFlow":null,"MaxDate":null,"Q10":null,"Q50":null,"Q200":null,"Q1000":null,"HAVZA_ID":21,"entityId":"9831","entityType":"flowStations","id":"9831","name":"D21A317","stationId":"D21A317","basinId":21,"flow":null,"status":"no_data","color":"#94a3b8","width":2.8}},{"type":"Feature","id":"9832","geometry":{"type":"Point","coordinates":[43.095278000000064,39.221944000000065]},"properties":{"OBJECTID":9832,"AGINO":"D21A345","SUADI":null,"ISTADI":null,"ILKODU":4,"ILCEKODU":1568,"KOT":null,"TEKERRUR_YILI":null,"Q2":null,"Q5":null,"Q25":null,"Q100":null,"Q500":null,"MaxFlow":null,"MaxDate":null,"Q10":null,"Q50":null,"Q200":null,"Q1000":null,"HAVZA_ID":21,"entityId":"9832","entityType":"flowStations","id":"9832","name":"D21A345","stationId":"D21A345","basinId":21,"flow":null,"status":"no_data","color":"#94a3b8","width":2.8}},{"type":"Feature","id":"9835","geometry":{"type":"Point","coordinates":[41.24777800000004,40.47777800000006]},"properties":{"OBJECTID":9835,"AGINO":"D23A026","SUADI":null,"ISTADI":null,"ILKODU":25,"ILCEKODU":1683,"KOT":null,"TEKERRUR_YILI":null,"Q2":null,"Q5":null,"Q25":null,"Q100":null,"Q500":null,"MaxFlow":null,"MaxDate":null,"Q10":null,"Q50":null,"Q200":null,"Q1000":null,"HAVZA_ID":23,"entityId":"9835","entityType":"flowStations","id":"9835","name":"D23A026","stationId":"D23A026","basinId":23,"flow":null,"status":"no_data","color":"#94a3b8","width":2.8}},{"type":"Feature","id":"9836","geometry":{"type":"Point","coordinates":[41.38055600000007,40.292500000000075]},"properties":{"OBJECTID":9836,"AGINO":"D23A032","SUADI":null,"ISTADI":null,"ILKODU":25,"ILCEKODU":1683,"KOT":null,"TEKERRUR_YILI":null,"Q2":null,"Q5":null,"Q25":null,"Q100":null,"Q500":null,"MaxFlow":null,"MaxDate":null,"Q10":null,"Q50":null,"Q200":null,"Q1000":null,"HAVZA_ID":23,"entityId":"9836","entityType":"flowStations","id":"9836","name":"D23A032","stationId":"D23A032","basinId":23,"flow":null,"status":"no_data","color":"#94a3b8","width":2.8}},{"type":"Feature","id":"9837","geometry":{"type":"Point","coordinates":[41.86000000000007,40.27083300000004]},"properties":{"OBJECTID":9837,"AGINO":"D23A037","SUADI":null,"ISTADI":null,"ILKODU":25,"ILCEKODU":1540,"KOT":null,"TEKERRUR_YILI":null,"Q2":null,"Q5":null,"Q25":null,"Q100":null,"Q500":null,"MaxFlow":null,"MaxDate":null,"Q10":null,"Q50":null,"Q200":null,"Q1000":null,"HAVZA_ID":23,"entityId":"9837","entityType":"flowStations","id":"9837","name":"D23A037","stationId":"D23A037","basinId":23,"flow":null,"status":"no_data","color":"#94a3b8","width":2.8}},{"type":"Feature","id":"9839","geometry":{"type":"Point","coordinates":[41.51583300000004,40.501389000000074]},"properties":{"OBJECTID":9839,"AGINO":"D23A040","SUADI":null,"ISTADI":null,"ILKODU":25,"ILCEKODU":1851,"KOT":null,"TEKERRUR_YILI":null,"Q2":null,"Q5":null,"Q25":null,"Q100":null,"Q500":null,"MaxFlow":null,"MaxDate":null,"Q10":null,"Q50":null,"Q200":null,"Q1000":null,"HAVZA_ID":23,"entityId":"9839","entityType":"flowStations","id":"9839","name":"D23A040","stationId":"D23A040","basinId":23,"flow":null,"status":"no_data","color":"#94a3b8","width":2.8}},{"type":"Feature","id":"9840","geometry":{"type":"Point","coordinates":[41.472222000000045,40.34333300000003]},"properties":{"OBJECTID":9840,"AGINO":"D23A041","SUADI":null,"ISTADI":null,"ILKODU":25,"ILCEKODU":1683,"KOT":null,"TEKERRUR_YILI":null,"Q2":null,"Q5":null,"Q25":null,"Q100":null,"Q500":null,"MaxFlow":null,"MaxDate":null,"Q10":null,"Q50":null,"Q200":null,"Q1000":null,"HAVZA_ID":23,"entityId":"9840","entityType":"flowStations","id":"9840","name":"D23A041","stationId":"D23A041","basinId":23,"flow":null,"status":"no_data","color":"#94a3b8","width":2.8}},{"type":"Feature","id":"9842","geometry":{"type":"Point","coordinates":[42.35111100000006,40.428611000000046]},"properties":{"OBJECTID":9842,"AGINO":"D23A046","SUADI":null,"ISTADI":null,"ILKODU":25,"ILCEKODU":1657,"KOT":null,"TEKERRUR_YILI":null,"Q2":null,"Q5":null,"Q25":null,"Q100":null,"Q500":null,"MaxFlow":null,"MaxDate":null,"Q10":null,"Q50":null,"Q200":null,"Q1000":null,"HAVZA_ID":23,"entityId":"9842","entityType":"flowStations","id":"9842","name":"D23A046","stationId":"D23A046","basinId":23,"flow":null,"status":"no_data","color":"#94a3b8","width":2.8}},{"type":"Feature","id":"9843","geometry":{"type":"Point","coordinates":[40.78777800000006,40.27555600000005]},"properties":{"OBJECTID":9843,"AGINO":"D23A048","SUADI":null,"ISTADI":null,"ILKODU":25,"ILCEKODU":1416,"KOT":null,"TEKERRUR_YILI":null,"Q2":null,"Q5":null,"Q25":null,"Q100":null,"Q500":null,"MaxFlow":null,"MaxDate":null,"Q10":null,"Q50":null,"Q200":null,"Q1000":null,"HAVZA_ID":23,"entityId":"9843","entityType":"flowStations","id":"9843","name":"D23A048","stationId":"D23A048","basinId":23,"flow":null,"status":"no_data","color":"#94a3b8","width":2.8}},{"type":"Feature","id":"9844","geometry":{"type":"Point","coordinates":[41.618611000000044,39.89777800000007]},"properties":{"OBJECTID":9844,"AGINO":"D24A040","SUADI":null,"ISTADI":null,"ILKODU":25,"ILCEKODU":1567,"KOT":null,"TEKERRUR_YILI":null,"Q2":null,"Q5":null,"Q25":null,"Q100":null,"Q500":null,"MaxFlow":null,"MaxDate":null,"Q10":null,"Q50":null,"Q200":null,"Q1000":null,"HAVZA_ID":24,"entityId":"9844","entityType":"flowStations","id":"9844","name":"D24A040","stationId":"D24A040","basinId":24,"flow":null,"status":"no_data","color":"#94a3b8","width":2.8}},{"type":"Feature","id":"9845","geometry":{"type":"Point","coordinates":[41.82916700000004,39.95444400000008]},"properties":{"OBJECTID":9845,"AGINO":"D24A042","SUADI":null,"ISTADI":null,"ILKODU":25,"ILCEKODU":1967,"KOT":null,"TEKERRUR_YILI":null,"Q2":null,"Q5":null,"Q25":null,"Q100":null,"Q500":null,"MaxFlow":null,"MaxDate":null,"Q10":null,"Q50":null,"Q200":null,"Q1000":null,"HAVZA_ID":24,"entityId":"9845","entityType":"flowStations","id":"9845","name":"D24A042","stationId":"D24A042","basinId":24,"flow":null,"status":"no_data","color":"#94a3b8","width":2.8}},{"type":"Feature","id":"9847","geometry":{"type":"Point","coordinates":[44.18166700000006,39.56805600000007]},"properties":{"OBJECTID":9847,"AGINO":"D24A052","SUADI":null,"ISTADI":null,"ILKODU":4,"ILCEKODU":1287,"KOT":null,"TEKERRUR_YILI":null,"Q2":null,"Q5":null,"Q25":null,"Q100":null,"Q500":null,"MaxFlow":null,"MaxDate":null,"Q10":null,"Q50":null,"Q200":null,"Q1000":null,"HAVZA_ID":24,"entityId":"9847","entityType":"flowStations","id":"9847","name":"D24A052","stationId":"D24A052","basinId":24,"flow":null,"status":"no_data","color":"#94a3b8","width":2.8}},{"type":"Feature","id":"9852","geometry":{"type":"Point","coordinates":[42.24861100000004,40.126667000000054]},"properties":{"OBJECTID":9852,"AGINO":"D24A083","SUADI":null,"ISTADI":null,"ILKODU":25,"ILCEKODU":1396,"KOT":null,"TEKERRUR_YILI":null,"Q2":null,"Q5":null,"Q25":null,"Q100":null,"Q500":null,"MaxFlow":null,"MaxDate":null,"Q10":null,"Q50":null,"Q200":null,"Q1000":null,"HAVZA_ID":24,"entityId":"9852","entityType":"flowStations","id":"9852","name":"D24A083","stationId":"D24A083","basinId":24,"flow":null,"status":"no_data","color":"#94a3b8","width":2.8}},{"type":"Feature","id":"9853","geometry":{"type":"Point","coordinates":[41.83861100000007,39.83777800000007]},"properties":{"OBJECTID":9853,"AGINO":"D24A096","SUADI":null,"ISTADI":null,"ILKODU":25,"ILCEKODU":1967,"KOT":null,"TEKERRUR_YILI":null,"Q2":null,"Q5":null,"Q25":null,"Q100":null,"Q500":null,"MaxFlow":null,"MaxDate":null,"Q10":null,"Q50":null,"Q200":null,"Q1000":null,"HAVZA_ID":24,"entityId":"9853","entityType":"flowStations","id":"9853","name":"D24A096","stationId":"D24A096","basinId":24,"flow":null,"status":"no_data","color":"#94a3b8","width":2.8}},{"type":"Feature","id":"9855","geometry":{"type":"Point","coordinates":[38.707778000000076,39.95472200000006]},"properties":{"OBJECTID":9855,"AGINO":"E14A030","SUADI":null,"ISTADI":null,"ILKODU":24,"ILCEKODU":1583,"KOT":null,"TEKERRUR_YILI":null,"Q2":null,"Q5":null,"Q25":null,"Q100":null,"Q500":null,"MaxFlow":null,"MaxDate":null,"Q10":null,"Q50":null,"Q200":null,"Q1000":null,"HAVZA_ID":14,"entityId":"9855","entityType":"flowStations","id":"9855","name":"E14A030","stationId":"E14A030","basinId":14,"flow":null,"status":"no_data","color":"#94a3b8","width":2.8}},{"type":"Feature","id":"9856","geometry":{"type":"Point","coordinates":[39.39305600000006,39.68250000000006]},"properties":{"OBJECTID":9856,"AGINO":"E21A019","SUADI":null,"ISTADI":null,"ILKODU":24,"ILCEKODU":1318,"KOT":null,"TEKERRUR_YILI":null,"Q2":null,"Q5":null,"Q25":null,"Q100":null,"Q500":null,"MaxFlow":null,"MaxDate":null,"Q10":null,"Q50":null,"Q200":null,"Q1000":null,"HAVZA_ID":21,"entityId":"9856","entityType":"flowStations","id":"9856","name":"E21A019","stationId":"E21A019","basinId":21,"flow":null,"status":"no_data","color":"#94a3b8","width":2.8}},{"type":"Feature","id":"9857","geometry":{"type":"Point","coordinates":[42.78027800000007,39.53861100000006]},"properties":{"OBJECTID":9857,"AGINO":"E21A022","SUADI":null,"ISTADI":null,"ILKODU":4,"ILCEKODU":1691,"KOT":null,"TEKERRUR_YILI":null,"Q2":null,"Q5":null,"Q25":null,"Q100":null,"Q500":null,"MaxFlow":null,"MaxDate":null,"Q10":null,"Q50":null,"Q200":null,"Q1000":null,"HAVZA_ID":21,"entityId":"9857","entityType":"flowStations","id":"9857","name":"E21A022","stationId":"E21A022","basinId":21,"flow":null,"status":"no_data","color":"#94a3b8","width":2.8}},{"type":"Feature","id":"9858","geometry":{"type":"Point","coordinates":[40.17000000000007,39.57861100000008]},"properties":{"OBJECTID":9858,"AGINO":"E21A051","SUADI":null,"ISTADI":null,"ILKODU":24,"ILCEKODU":1853,"KOT":null,"TEKERRUR_YILI":null,"Q2":null,"Q5":null,"Q25":null,"Q100":null,"Q500":null,"MaxFlow":null,"MaxDate":null,"Q10":null,"Q50":null,"Q200":null,"Q1000":null,"HAVZA_ID":21,"entityId":"9858","entityType":"flowStations","id":"9858","name":"E21A051","stationId":"E21A051","basinId":21,"flow":null,"status":"no_data","color":"#94a3b8","width":2.8}},{"type":"Feature","id":"9859","geometry":{"type":"Point","coordinates":[39.87055600000008,39.59000000000003]},"properties":{"OBJECTID":9859,"AGINO":"E21A076","SUADI":null,"ISTADI":null,"ILKODU":62,"ILCEKODU":1581,"KOT":null,"TEKERRUR_YILI":null,"Q2":null,"Q5":null,"Q25":null,"Q100":null,"Q500":null,"MaxFlow":null,"MaxDate":null,"Q10":null,"Q50":null,"Q200":null,"Q1000":null,"HAVZA_ID":21,"entityId":"9859","entityType":"flowStations","id":"9859","name":"E21A076","stationId":"E21A076","basinId":21,"flow":null,"status":"no_data","color":"#94a3b8","width":2.8}},{"type":"Feature","id":"9860","geometry":{"type":"Point","coordinates":[40.56138900000008,39.989167000000066]},"properties":{"OBJECTID":9860,"AGINO":"E21A079","SUADI":null,"ISTADI":null,"ILKODU":25,"ILCEKODU":1153,"KOT":null,"TEKERRUR_YILI":null,"Q2":null,"Q5":null,"Q25":null,"Q100":null,"Q500":null,"MaxFlow":null,"MaxDate":null,"Q10":null,"Q50":null,"Q200":null,"Q1000":null,"HAVZA_ID":21,"entityId":"9860","entityType":"flowStations","id":"9860","name":"E21A079","stationId":"E21A079","basinId":21,"flow":null,"status":"no_data","color":"#94a3b8","width":2.8}},{"type":"Feature","id":"9861","geometry":{"type":"Point","coordinates":[41.409444000000065,40.137500000000045]},"properties":{"OBJECTID":9861,"AGINO":"E21A080","SUADI":null,"ISTADI":null,"ILKODU":25,"ILCEKODU":2045,"KOT":null,"TEKERRUR_YILI":null,"Q2":null,"Q5":null,"Q25":null,"Q100":null,"Q500":null,"MaxFlow":null,"MaxDate":null,"Q10":null,"Q50":null,"Q200":null,"Q1000":null,"HAVZA_ID":21,"entityId":"9861","entityType":"flowStations","id":"9861","name":"E21A080","stationId":"E21A080","basinId":21,"flow":null,"status":"no_data","color":"#94a3b8","width":2.8}},{"type":"Feature","id":"9863","geometry":{"type":"Point","coordinates":[40.96444400000007,40.459167000000036]},"properties":{"OBJECTID":9863,"AGINO":"E23A016","SUADI":null,"ISTADI":null,"ILKODU":25,"ILCEKODU":1416,"KOT":null,"TEKERRUR_YILI":null,"Q2":null,"Q5":null,"Q25":null,"Q100":null,"Q500":null,"MaxFlow":null,"MaxDate":null,"Q10":null,"Q50":null,"Q200":null,"Q1000":null,"HAVZA_ID":23,"entityId":"9863","entityType":"flowStations","id":"9863","name":"E23A016","stationId":"E23A016","basinId":23,"flow":null,"status":"no_data","color":"#94a3b8","width":2.8}},{"type":"Feature","id":"9865","geometry":{"type":"Point","coordinates":[42.17388900000003,40.764444000000026]},"properties":{"OBJECTID":9865,"AGINO":"E23A029","SUADI":null,"ISTADI":null,"ILKODU":25,"ILCEKODU":1551,"KOT":null,"TEKERRUR_YILI":null,"Q2":null,"Q5":null,"Q25":null,"Q100":null,"Q500":null,"MaxFlow":null,"MaxDate":null,"Q10":null,"Q50":null,"Q200":null,"Q1000":null,"HAVZA_ID":23,"entityId":"9865","entityType":"flowStations","id":"9865","name":"E23A029","stationId":"E23A029","basinId":23,"flow":null,"status":"no_data","color":"#94a3b8","width":2.8}},{"type":"Feature","id":"9866","geometry":{"type":"Point","coordinates":[41.17500000000007,40.635556000000065]},"properties":{"OBJECTID":9866,"AGINO":"E23A030","SUADI":null,"ISTADI":null,"ILKODU":25,"ILCEKODU":1416,"KOT":null,"TEKERRUR_YILI":null,"Q2":null,"Q5":null,"Q25":null,"Q100":null,"Q500":null,"MaxFlow":null,"MaxDate":null,"Q10":null,"Q50":null,"Q200":null,"Q1000":null,"HAVZA_ID":23,"entityId":"9866","entityType":"flowStations","id":"9866","name":"E23A030","stationId":"E23A030","basinId":23,"flow":null,"status":"no_data","color":"#94a3b8","width":2.8}},{"type":"Feature","id":"9867","geometry":{"type":"Point","coordinates":[43.98361100000005,39.543056000000036]},"properties":{"OBJECTID":9867,"AGINO":"E24A008","SUADI":null,"ISTADI":null,"ILKODU":4,"ILCEKODU":1287,"KOT":null,"TEKERRUR_YILI":null,"Q2":null,"Q5":null,"Q25":null,"Q100":null,"Q500":null,"MaxFlow":null,"MaxDate":null,"Q10":null,"Q50":null,"Q200":null,"Q1000":null,"HAVZA_ID":24,"entityId":"9867","entityType":"flowStations","id":"9867","name":"E24A008","stationId":"E24A008","basinId":24,"flow":null,"status":"no_data","color":"#94a3b8","width":2.8}},{"type":"Feature","id":"9868","geometry":{"type":"Point","coordinates":[42.34000000000003,40.095556000000045]},"properties":{"OBJECTID":9868,"AGINO":"E24A028","SUADI":null,"ISTADI":null,"ILKODU":25,"ILCEKODU":1396,"KOT":null,"TEKERRUR_YILI":null,"Q2":null,"Q5":null,"Q25":null,"Q100":null,"Q500":null,"MaxFlow":null,"MaxDate":null,"Q10":null,"Q50":null,"Q200":null,"Q1000":null,"HAVZA_ID":24,"entityId":"9868","entityType":"flowStations","id":"9868","name":"E24A028","stationId":"E24A028","basinId":24,"flow":null,"status":"no_data","color":"#94a3b8","width":2.8}},{"type":"Feature","id":"9987","geometry":{"type":"Point","coordinates":[38.06083300000006,38.33777800000007]},"properties":{"OBJECTID":9987,"AGINO":"D21A096","SUADI":null,"ISTADI":null,"ILKODU":44,"ILCEKODU":1114,"KOT":null,"TEKERRUR_YILI":null,"Q2":null,"Q5":null,"Q25":null,"Q100":null,"Q500":null,"MaxFlow":null,"MaxDate":null,"Q10":null,"Q50":null,"Q200":null,"Q1000":null,"HAVZA_ID":21,"entityId":"9987","entityType":"flowStations","id":"9987","name":"D21A096","stationId":"D21A096","basinId":21,"flow":null,"status":"no_data","color":"#94a3b8","width":2.8}},{"type":"Feature","id":"9988","geometry":{"type":"Point","coordinates":[38.582778000000076,38.365833000000066]},"properties":{"OBJECTID":9988,"AGINO":"D21A121","SUADI":null,"ISTADI":null,"ILKODU":44,"ILCEKODU":1772,"KOT":null,"TEKERRUR_YILI":null,"Q2":null,"Q5":null,"Q25":null,"Q100":null,"Q500":null,"MaxFlow":null,"MaxDate":null,"Q10":null,"Q50":null,"Q200":null,"Q1000":null,"HAVZA_ID":21,"entityId":"9988","entityType":"flowStations","id":"9988","name":"D21A121","stationId":"D21A121","basinId":21,"flow":null,"status":"no_data","color":"#94a3b8","width":2.8}},{"type":"Feature","id":"9989","geometry":{"type":"Point","coordinates":[37.82333300000005,38.50527800000003]},"properties":{"OBJECTID":9989,"AGINO":"D21A134","SUADI":null,"ISTADI":null,"ILKODU":44,"ILCEKODU":1265,"KOT":null,"TEKERRUR_YILI":null,"Q2":null,"Q5":null,"Q25":null,"Q100":null,"Q500":null,"MaxFlow":null,"MaxDate":null,"Q10":null,"Q50":null,"Q200":null,"Q1000":null,"HAVZA_ID":21,"entityId":"9989","entityType":"flowStations","id":"9989","name":"D21A134","stationId":"D21A134","basinId":21,"flow":null,"status":"no_data","color":"#94a3b8","width":2.8}},{"type":"Feature","id":"9990","geometry":{"type":"Point","coordinates":[39.05750000000006,38.65694400000007]},"properties":{"OBJECTID":9990,"AGINO":"D21A140","SUADI":null,"ISTADI":null,"ILKODU":23,"ILCEKODU":1298,"KOT":null,"TEKERRUR_YILI":null,"Q2":null,"Q5":null,"Q25":null,"Q100":null,"Q500":null,"MaxFlow":null,"MaxDate":null,"Q10":null,"Q50":null,"Q200":null,"Q1000":null,"HAVZA_ID":21,"entityId":"9990","entityType":"flowStations","id":"9990","name":"D21A140","stationId":"D21A140","basinId":21,"flow":null,"status":"no_data","color":"#94a3b8","width":2.8}},{"type":"Feature","id":"9991","geometry":{"type":"Point","coordinates":[37.97750000000008,38.742500000000064]},"properties":{"OBJECTID":9991,"AGINO":"D21A159","SUADI":null,"ISTADI":null,"ILKODU":44,"ILCEKODU":1390,"KOT":null,"TEKERRUR_YILI":null,"Q2":null,"Q5":null,"Q25":null,"Q100":null,"Q500":null,"MaxFlow":null,"MaxDate":null,"Q10":null,"Q50":null,"Q200":null,"Q1000":null,"HAVZA_ID":21,"entityId":"9991","entityType":"flowStations","id":"9991","name":"D21A159","stationId":"D21A159","basinId":21,"flow":null,"status":"no_data","color":"#94a3b8","width":2.8}},{"type":"Feature","id":"9993","geometry":{"type":"Point","coordinates":[38.25583300000005,39.00666700000005]},"properties":{"OBJECTID":9993,"AGINO":"D21A161","SUADI":null,"ISTADI":null,"ILKODU":44,"ILCEKODU":1148,"KOT":null,"TEKERRUR_YILI":null,"Q2":null,"Q5":null,"Q25":null,"Q100":null,"Q500":null,"MaxFlow":null,"MaxDate":null,"Q10":null,"Q50":null,"Q200":null,"Q1000":null,"HAVZA_ID":21,"entityId":"9993","entityType":"flowStations","id":"9993","name":"D21A161","stationId":"D21A161","basinId":21,"flow":null,"status":"no_data","color":"#94a3b8","width":2.8}},{"type":"Feature","id":"9994","geometry":{"type":"Point","coordinates":[37.66638900000004,38.70666700000004]},"properties":{"OBJECTID":9994,"AGINO":"D21A162","SUADI":null,"ISTADI":null,"ILKODU":44,"ILCEKODU":1265,"KOT":null,"TEKERRUR_YILI":null,"Q2":null,"Q5":null,"Q25":null,"Q100":null,"Q500":null,"MaxFlow":null,"MaxDate":null,"Q10":null,"Q50":null,"Q200":null,"Q1000":null,"HAVZA_ID":21,"entityId":"9994","entityType":"flowStations","id":"9994","name":"D21A162","stationId":"D21A162","basinId":21,"flow":null,"status":"no_data","color":"#94a3b8","width":2.8}},{"type":"Feature","id":"9995","geometry":{"type":"Point","coordinates":[39.958611000000076,38.678611000000046]},"properties":{"OBJECTID":9995,"AGINO":"D21A179","SUADI":null,"ISTADI":null,"ILKODU":23,"ILCEKODU":1566,"KOT":null,"TEKERRUR_YILI":null,"Q2":null,"Q5":null,"Q25":null,"Q100":null,"Q500":null,"MaxFlow":null,"MaxDate":null,"Q10":null,"Q50":null,"Q200":null,"Q1000":null,"HAVZA_ID":21,"entityId":"9995","entityType":"flowStations","id":"9995","name":"D21A179","stationId":"D21A179","basinId":21,"flow":null,"status":"no_data","color":"#94a3b8","width":2.8}},{"type":"Feature","id":"9996","geometry":{"type":"Point","coordinates":[39.494444000000044,38.458889000000056]},"properties":{"OBJECTID":9996,"AGINO":"D21A180","SUADI":null,"ISTADI":null,"ILKODU":23,"ILCEKODU":1506,"KOT":null,"TEKERRUR_YILI":null,"Q2":null,"Q5":null,"Q25":null,"Q100":null,"Q500":null,"MaxFlow":null,"MaxDate":null,"Q10":null,"Q50":null,"Q200":null,"Q1000":null,"HAVZA_ID":21,"entityId":"9996","entityType":"flowStations","id":"9996","name":"D21A180","stationId":"D21A180","basinId":21,"flow":null,"status":"no_data","color":"#94a3b8","width":2.8}},{"type":"Feature","id":"9997","geometry":{"type":"Point","coordinates":[38.40694400000007,39.08527800000007]},"properties":{"OBJECTID":9997,"AGINO":"D21A193","SUADI":null,"ISTADI":null,"ILKODU":44,"ILCEKODU":1143,"KOT":null,"TEKERRUR_YILI":null,"Q2":null,"Q5":null,"Q25":null,"Q100":null,"Q500":null,"MaxFlow":null,"MaxDate":null,"Q10":null,"Q50":null,"Q200":null,"Q1000":null,"HAVZA_ID":21,"entityId":"9997","entityType":"flowStations","id":"9997","name":"D21A193","stationId":"D21A193","basinId":21,"flow":null,"status":"no_data","color":"#94a3b8","width":2.8}},{"type":"Feature","id":"9998","geometry":{"type":"Point","coordinates":[40.88527800000003,39.39166700000004]},"properties":{"OBJECTID":9998,"AGINO":"D21A194","SUADI":null,"ISTADI":null,"ILKODU":12,"ILCEKODU":1446,"KOT":null,"TEKERRUR_YILI":null,"Q2":null,"Q5":null,"Q25":null,"Q100":null,"Q500":null,"MaxFlow":null,"MaxDate":null,"Q10":null,"Q50":null,"Q200":null,"Q1000":null,"HAVZA_ID":21,"entityId":"9998","entityType":"flowStations","id":"9998","name":"D21A194","stationId":"D21A194","basinId":21,"flow":null,"status":"no_data","color":"#94a3b8","width":2.8}},{"type":"Feature","id":"9999","geometry":{"type":"Point","coordinates":[38.90472200000005,39.06666700000005]},"properties":{"OBJECTID":9999,"AGINO":"D21A228","SUADI":null,"ISTADI":null,"ILKODU":62,"ILCEKODU":1247,"KOT":null,"TEKERRUR_YILI":null,"Q2":null,"Q5":null,"Q25":null,"Q100":null,"Q500":null,"MaxFlow":null,"MaxDate":null,"Q10":null,"Q50":null,"Q200":null,"Q1000":null,"HAVZA_ID":21,"entityId":"9999","entityType":"flowStations","id":"9999","name":"D21A228","stationId":"D21A228","basinId":21,"flow":null,"status":"no_data","color":"#94a3b8","width":2.8}},{"type":"Feature","id":"10000","geometry":{"type":"Point","coordinates":[39.16444400000006,38.512778000000026]},"properties":{"OBJECTID":10000,"AGINO":"D21A240","SUADI":null,"ISTADI":null,"ILKODU":23,"ILCEKODU":1298,"KOT":null,"TEKERRUR_YILI":null,"Q2":null,"Q5":null,"Q25":null,"Q100":null,"Q500":null,"MaxFlow":null,"MaxDate":null,"Q10":null,"Q50":null,"Q200":null,"Q1000":null,"HAVZA_ID":21,"entityId":"10000","entityType":"flowStations","id":"10000","name":"D21A240","stationId":"D21A240","basinId":21,"flow":null,"status":"no_data","color":"#94a3b8","width":2.8}},{"type":"Feature","id":"10002","geometry":{"type":"Point","coordinates":[38.37333300000006,38.76666700000004]},"properties":{"OBJECTID":10002,"AGINO":"D21A263","SUADI":null,"ISTADI":null,"ILKODU":44,"ILCEKODU":1148,"KOT":null,"TEKERRUR_YILI":null,"Q2":null,"Q5":null,"Q25":null,"Q100":null,"Q500":null,"MaxFlow":null,"MaxDate":null,"Q10":null,"Q50":null,"Q200":null,"Q1000":null,"HAVZA_ID":21,"entityId":"10002","entityType":"flowStations","id":"10002","name":"D21A263","stationId":"D21A263","basinId":21,"flow":null,"status":"no_data","color":"#94a3b8","width":2.8}},{"type":"Feature","id":"10003","geometry":{"type":"Point","coordinates":[39.07277800000003,39.02916700000003]},"properties":{"OBJECTID":10003,"AGINO":"D21A264","SUADI":null,"ISTADI":null,"ILKODU":62,"ILCEKODU":1247,"KOT":null,"TEKERRUR_YILI":null,"Q2":null,"Q5":null,"Q25":null,"Q100":null,"Q500":null,"MaxFlow":null,"MaxDate":null,"Q10":null,"Q50":null,"Q200":null,"Q1000":null,"HAVZA_ID":21,"entityId":"10003","entityType":"flowStations","id":"10003","name":"D21A264","stationId":"D21A264","basinId":21,"flow":null,"status":"no_data","color":"#94a3b8","width":2.8}},{"type":"Feature","id":"10004","geometry":{"type":"Point","coordinates":[38.00722200000007,37.98944400000005]},"properties":{"OBJECTID":10004,"AGINO":"D21A272","SUADI":null,"ISTADI":null,"ILKODU":44,"ILCEKODU":1286,"KOT":null,"TEKERRUR_YILI":null,"Q2":null,"Q5":null,"Q25":null,"Q100":null,"Q500":null,"MaxFlow":null,"MaxDate":null,"Q10":null,"Q50":null,"Q200":null,"Q1000":null,"HAVZA_ID":21,"entityId":"10004","entityType":"flowStations","id":"10004","name":"D21A272","stationId":"D21A272","basinId":21,"flow":null,"status":"no_data","color":"#94a3b8","width":2.8}},{"type":"Feature","id":"10005","geometry":{"type":"Point","coordinates":[38.813056000000074,38.231944000000055]},"properties":{"OBJECTID":10005,"AGINO":"D21A275","SUADI":null,"ISTADI":null,"ILKODU":44,"ILCEKODU":1582,"KOT":null,"TEKERRUR_YILI":null,"Q2":null,"Q5":null,"Q25":null,"Q100":null,"Q500":null,"MaxFlow":null,"MaxDate":null,"Q10":null,"Q50":null,"Q200":null,"Q1000":null,"HAVZA_ID":21,"entityId":"10005","entityType":"flowStations","id":"10005","name":"D21A275","stationId":"D21A275","basinId":21,"flow":null,"status":"no_data","color":"#94a3b8","width":2.8}},{"type":"Feature","id":"10006","geometry":{"type":"Point","coordinates":[39.846944000000065,38.83611100000007]},"properties":{"OBJECTID":10006,"AGINO":"D21A287","SUADI":null,"ISTADI":null,"ILKODU":23,"ILCEKODU":1820,"KOT":null,"TEKERRUR_YILI":null,"Q2":null,"Q5":null,"Q25":null,"Q100":null,"Q500":null,"MaxFlow":null,"MaxDate":null,"Q10":null,"Q50":null,"Q200":null,"Q1000":null,"HAVZA_ID":21,"entityId":"10006","entityType":"flowStations","id":"10006","name":"D21A287","stationId":"D21A287","basinId":21,"flow":null,"status":"no_data","color":"#94a3b8","width":2.8}},{"type":"Feature","id":"10007","geometry":{"type":"Point","coordinates":[37.87194400000004,38.81888900000007]},"properties":{"OBJECTID":10007,"AGINO":"D21A288","SUADI":null,"ISTADI":null,"ILKODU":44,"ILCEKODU":1390,"KOT":null,"TEKERRUR_YILI":null,"Q2":null,"Q5":null,"Q25":null,"Q100":null,"Q500":null,"MaxFlow":null,"MaxDate":null,"Q10":null,"Q50":null,"Q200":null,"Q1000":null,"HAVZA_ID":21,"entityId":"10007","entityType":"flowStations","id":"10007","name":"D21A288","stationId":"D21A288","basinId":21,"flow":null,"status":"no_data","color":"#94a3b8","width":2.8}},{"type":"Feature","id":"10008","geometry":{"type":"Point","coordinates":[39.75805600000007,38.71638900000005]},"properties":{"OBJECTID":10008,"AGINO":"D21A290","SUADI":null,"ISTADI":null,"ILKODU":23,"ILCEKODU":1820,"KOT":null,"TEKERRUR_YILI":null,"Q2":null,"Q5":null,"Q25":null,"Q100":null,"Q500":null,"MaxFlow":null,"MaxDate":null,"Q10":null,"Q50":null,"Q200":null,"Q1000":null,"HAVZA_ID":21,"entityId":"10008","entityType":"flowStations","id":"10008","name":"D21A290","stationId":"D21A290","basinId":21,"flow":null,"status":"no_data","color":"#94a3b8","width":2.8}},{"type":"Feature","id":"10009","geometry":{"type":"Point","coordinates":[40.471667000000025,39.041667000000075]},"properties":{"OBJECTID":10009,"AGINO":"D21A300","SUADI":null,"ISTADI":null,"ILKODU":12,"ILCEKODU":1193,"KOT":null,"TEKERRUR_YILI":null,"Q2":null,"Q5":null,"Q25":null,"Q100":null,"Q500":null,"MaxFlow":null,"MaxDate":null,"Q10":null,"Q50":null,"Q200":null,"Q1000":null,"HAVZA_ID":21,"entityId":"10009","entityType":"flowStations","id":"10009","name":"D21A300","stationId":"D21A300","basinId":21,"flow":null,"status":"no_data","color":"#94a3b8","width":2.8}},{"type":"Feature","id":"10010","geometry":{"type":"Point","coordinates":[40.063889000000074,38.919722000000036]},"properties":{"OBJECTID":10010,"AGINO":"D21A303","SUADI":null,"ISTADI":null,"ILKODU":23,"ILCEKODU":1438,"KOT":null,"TEKERRUR_YILI":null,"Q2":null,"Q5":null,"Q25":null,"Q100":null,"Q500":null,"MaxFlow":null,"MaxDate":null,"Q10":null,"Q50":null,"Q200":null,"Q1000":null,"HAVZA_ID":21,"entityId":"10010","entityType":"flowStations","id":"10010","name":"D21A303","stationId":"D21A303","basinId":21,"flow":null,"status":"no_data","color":"#94a3b8","width":2.8}},{"type":"Feature","id":"10011","geometry":{"type":"Point","coordinates":[38.472500000000025,38.774167000000034]},"properties":{"OBJECTID":10011,"AGINO":"D21A304","SUADI":null,"ISTADI":null,"ILKODU":44,"ILCEKODU":1148,"KOT":null,"TEKERRUR_YILI":null,"Q2":null,"Q5":null,"Q25":null,"Q100":null,"Q500":null,"MaxFlow":null,"MaxDate":null,"Q10":null,"Q50":null,"Q200":null,"Q1000":null,"HAVZA_ID":21,"entityId":"10011","entityType":"flowStations","id":"10011","name":"D21A304","stationId":"D21A304","basinId":21,"flow":null,"status":"no_data","color":"#94a3b8","width":2.8}},{"type":"Feature","id":"10012","geometry":{"type":"Point","coordinates":[39.09305600000005,38.50694400000003]},"properties":{"OBJECTID":10012,"AGINO":"D21A307","SUADI":null,"ISTADI":null,"ILKODU":23,"ILCEKODU":1298,"KOT":null,"TEKERRUR_YILI":null,"Q2":null,"Q5":null,"Q25":null,"Q100":null,"Q500":null,"MaxFlow":null,"MaxDate":null,"Q10":null,"Q50":null,"Q200":null,"Q1000":null,"HAVZA_ID":21,"entityId":"10012","entityType":"flowStations","id":"10012","name":"D21A307","stationId":"D21A307","basinId":21,"flow":null,"status":"no_data","color":"#94a3b8","width":2.8}},{"type":"Feature","id":"10013","geometry":{"type":"Point","coordinates":[40.03861100000006,38.61361100000005]},"properties":{"OBJECTID":10013,"AGINO":"D21A329","SUADI":null,"ISTADI":null,"ILKODU":23,"ILCEKODU":1566,"KOT":null,"TEKERRUR_YILI":null,"Q2":null,"Q5":null,"Q25":null,"Q100":null,"Q500":null,"MaxFlow":null,"MaxDate":null,"Q10":null,"Q50":null,"Q200":null,"Q1000":null,"HAVZA_ID":21,"entityId":"10013","entityType":"flowStations","id":"10013","name":"D21A329","stationId":"D21A329","basinId":21,"flow":null,"status":"no_data","color":"#94a3b8","width":2.8}},{"type":"Feature","id":"10014","geometry":{"type":"Point","coordinates":[39.79944400000005,38.535000000000025]},"properties":{"OBJECTID":10014,"AGINO":"D21A330","SUADI":null,"ISTADI":null,"ILKODU":23,"ILCEKODU":1566,"KOT":null,"TEKERRUR_YILI":null,"Q2":null,"Q5":null,"Q25":null,"Q100":null,"Q500":null,"MaxFlow":null,"MaxDate":null,"Q10":null,"Q50":null,"Q200":null,"Q1000":null,"HAVZA_ID":21,"entityId":"10014","entityType":"flowStations","id":"10014","name":"D21A330","stationId":"D21A330","basinId":21,"flow":null,"status":"no_data","color":"#94a3b8","width":2.8}},{"type":"Feature","id":"10015","geometry":{"type":"Point","coordinates":[38.51305600000006,38.28638900000004]},"properties":{"OBJECTID":10015,"AGINO":"D21A333","SUADI":null,"ISTADI":null,"ILKODU":44,"ILCEKODU":1772,"KOT":null,"TEKERRUR_YILI":null,"Q2":null,"Q5":null,"Q25":null,"Q100":null,"Q500":null,"MaxFlow":null,"MaxDate":null,"Q10":null,"Q50":null,"Q200":null,"Q1000":null,"HAVZA_ID":21,"entityId":"10015","entityType":"flowStations","id":"10015","name":"D21A333","stationId":"D21A333","basinId":21,"flow":null,"status":"no_data","color":"#94a3b8","width":2.8}},{"type":"Feature","id":"10016","geometry":{"type":"Point","coordinates":[37.989167000000066,38.190000000000055]},"properties":{"OBJECTID":10016,"AGINO":"D21A351","SUADI":null,"ISTADI":null,"ILKODU":44,"ILCEKODU":1286,"KOT":null,"TEKERRUR_YILI":null,"Q2":null,"Q5":null,"Q25":null,"Q100":null,"Q500":null,"MaxFlow":null,"MaxDate":null,"Q10":null,"Q50":null,"Q200":null,"Q1000":null,"HAVZA_ID":21,"entityId":"10016","entityType":"flowStations","id":"10016","name":"D21A351","stationId":"D21A351","basinId":21,"flow":null,"status":"no_data","color":"#94a3b8","width":2.8}},{"type":"Feature","id":"10017","geometry":{"type":"Point","coordinates":[39.074722000000065,38.76833300000004]},"properties":{"OBJECTID":10017,"AGINO":"D21A356","SUADI":null,"ISTADI":null,"ILKODU":23,"ILCEKODU":1298,"KOT":null,"TEKERRUR_YILI":null,"Q2":null,"Q5":null,"Q25":null,"Q100":null,"Q500":null,"MaxFlow":null,"MaxDate":null,"Q10":null,"Q50":null,"Q200":null,"Q1000":null,"HAVZA_ID":21,"entityId":"10017","entityType":"flowStations","id":"10017","name":"D21A356","stationId":"D21A356","basinId":21,"flow":null,"status":"no_data","color":"#94a3b8","width":2.8}},{"type":"Feature","id":"10018","geometry":{"type":"Point","coordinates":[38.72805600000004,38.802778000000046]},"properties":{"OBJECTID":10018,"AGINO":"E21A003","SUADI":null,"ISTADI":null,"ILKODU":23,"ILCEKODU":1455,"KOT":null,"TEKERRUR_YILI":null,"Q2":null,"Q5":null,"Q25":null,"Q100":null,"Q500":null,"MaxFlow":null,"MaxDate":null,"Q10":null,"Q50":null,"Q200":null,"Q1000":null,"HAVZA_ID":21,"entityId":"10018","entityType":"flowStations","id":"10018","name":"E21A003","stationId":"E21A003","basinId":21,"flow":null,"status":"no_data","color":"#94a3b8","width":2.8}},{"type":"Feature","id":"10019","geometry":{"type":"Point","coordinates":[37.44305600000007,38.67305600000003]},"properties":{"OBJECTID":10019,"AGINO":"E21A024","SUADI":null,"ISTADI":null,"ILKODU":44,"ILCEKODU":1265,"KOT":null,"TEKERRUR_YILI":null,"Q2":null,"Q5":null,"Q25":null,"Q100":null,"Q500":null,"MaxFlow":null,"MaxDate":null,"Q10":null,"Q50":null,"Q200":null,"Q1000":null,"HAVZA_ID":21,"entityId":"10019","entityType":"flowStations","id":"10019","name":"E21A024","stationId":"E21A024","basinId":21,"flow":null,"status":"no_data","color":"#94a3b8","width":2.8}},{"type":"Feature","id":"10021","geometry":{"type":"Point","coordinates":[40.55472200000003,38.80861100000004]},"properties":{"OBJECTID":10021,"AGINO":"E21A064","SUADI":null,"ISTADI":null,"ILKODU":12,"ILCEKODU":1193,"KOT":null,"TEKERRUR_YILI":null,"Q2":null,"Q5":null,"Q25":null,"Q100":null,"Q500":null,"MaxFlow":null,"MaxDate":null,"Q10":null,"Q50":null,"Q200":null,"Q1000":null,"HAVZA_ID":21,"entityId":"10021","entityType":"flowStations","id":"10021","name":"E21A064","stationId":"E21A064","basinId":21,"flow":null,"status":"no_data","color":"#94a3b8","width":2.8}},{"type":"Feature","id":"10022","geometry":{"type":"Point","coordinates":[37.649722000000054,38.741944000000046]},"properties":{"OBJECTID":10022,"AGINO":"E21A097","SUADI":null,"ISTADI":null,"ILKODU":44,"ILCEKODU":1969,"KOT":null,"TEKERRUR_YILI":null,"Q2":null,"Q5":null,"Q25":null,"Q100":null,"Q500":null,"MaxFlow":null,"MaxDate":null,"Q10":null,"Q50":null,"Q200":null,"Q1000":null,"HAVZA_ID":21,"entityId":"10022","entityType":"flowStations","id":"10022","name":"E21A097","stationId":"E21A097","basinId":21,"flow":null,"status":"no_data","color":"#94a3b8","width":2.8}},{"type":"Feature","id":"10023","geometry":{"type":"Point","coordinates":[38.551667000000066,39.11916700000006]},"properties":{"OBJECTID":10023,"AGINO":"E21A098","SUADI":null,"ISTADI":null,"ILKODU":24,"ILCEKODU":1460,"KOT":null,"TEKERRUR_YILI":null,"Q2":null,"Q5":null,"Q25":null,"Q100":null,"Q500":null,"MaxFlow":null,"MaxDate":null,"Q10":null,"Q50":null,"Q200":null,"Q1000":null,"HAVZA_ID":21,"entityId":"10023","entityType":"flowStations","id":"10023","name":"E21A098","stationId":"E21A098","basinId":21,"flow":null,"status":"no_data","color":"#94a3b8","width":2.8}},{"type":"Feature","id":"10116","geometry":{"type":"Point","coordinates":[39.53972200000004,39.11027800000005]},"properties":{"OBJECTID":10116,"AGINO":"E21A049","SUADI":null,"ISTADI":null,"ILKODU":62,"ILCEKODU":1688,"KOT":null,"TEKERRUR_YILI":null,"Q2":null,"Q5":null,"Q25":null,"Q100":null,"Q500":null,"MaxFlow":null,"MaxDate":null,"Q10":null,"Q50":null,"Q200":null,"Q1000":null,"HAVZA_ID":21,"entityId":"10116","entityType":"flowStations","id":"10116","name":"E21A049","stationId":"E21A049","basinId":21,"flow":null,"status":"no_data","color":"#94a3b8","width":2.8}},{"type":"Feature","id":"10118","geometry":{"type":"Point","coordinates":[39.79638900000003,38.85916700000007]},"properties":{"OBJECTID":10118,"AGINO":"E21A066","SUADI":null,"ISTADI":null,"ILKODU":62,"ILCEKODU":1518,"KOT":null,"TEKERRUR_YILI":null,"Q2":null,"Q5":null,"Q25":null,"Q100":null,"Q500":null,"MaxFlow":null,"MaxDate":null,"Q10":null,"Q50":null,"Q200":null,"Q1000":null,"HAVZA_ID":21,"entityId":"10118","entityType":"flowStations","id":"10118","name":"E21A066","stationId":"E21A066","basinId":21,"flow":null,"status":"no_data","color":"#94a3b8","width":2.8}},{"type":"Feature","id":"10164","geometry":{"type":"Point","coordinates":[42.708611000000076,37.457778000000076]},"properties":{"OBJECTID":10164,"AGINO":"D26A048","SUADI":null,"ISTADI":null,"ILKODU":73,"ILCEKODU":1698,"KOT":null,"TEKERRUR_YILI":null,"Q2":null,"Q5":null,"Q25":null,"Q100":null,"Q500":null,"MaxFlow":null,"MaxDate":null,"Q10":null,"Q50":null,"Q200":null,"Q1000":null,"HAVZA_ID":21,"entityId":"10164","entityType":"flowStations","id":"10164","name":"D26A048","stationId":"D26A048","basinId":21,"flow":null,"status":"no_data","color":"#94a3b8","width":2.8}},{"type":"Feature","id":"10168","geometry":{"type":"Point","coordinates":[41.76833300000004,38.364167000000066]},"properties":{"OBJECTID":10168,"AGINO":"D26A058","SUADI":null,"ISTADI":null,"ILKODU":13,"ILCEKODU":1537,"KOT":null,"TEKERRUR_YILI":null,"Q2":null,"Q5":null,"Q25":null,"Q100":null,"Q500":null,"MaxFlow":null,"MaxDate":null,"Q10":null,"Q50":null,"Q200":null,"Q1000":null,"HAVZA_ID":21,"entityId":"10168","entityType":"flowStations","id":"10168","name":"D26A058","stationId":"D26A058","basinId":21,"flow":null,"status":"no_data","color":"#94a3b8","width":2.8}},{"type":"Feature","id":"10192","geometry":{"type":"Point","coordinates":[39.46694400000007,38.16333300000008]},"properties":{"OBJECTID":10192,"AGINO":"D21A157","SUADI":null,"ISTADI":null,"ILKODU":21,"ILCEKODU":1249,"KOT":null,"TEKERRUR_YILI":null,"Q2":null,"Q5":null,"Q25":null,"Q100":null,"Q500":null,"MaxFlow":null,"MaxDate":null,"Q10":null,"Q50":null,"Q200":null,"Q1000":null,"HAVZA_ID":21,"entityId":"10192","entityType":"flowStations","id":"10192","name":"D21A157","stationId":"D21A157","basinId":21,"flow":null,"status":"no_data","color":"#94a3b8","width":2.8}},{"type":"Feature","id":"10193","geometry":{"type":"Point","coordinates":[39.38111100000003,38.19222200000007]},"properties":{"OBJECTID":10193,"AGINO":"D21A306","SUADI":null,"ISTADI":null,"ILKODU":21,"ILCEKODU":1263,"KOT":null,"TEKERRUR_YILI":null,"Q2":null,"Q5":null,"Q25":null,"Q100":null,"Q500":null,"MaxFlow":null,"MaxDate":null,"Q10":null,"Q50":null,"Q200":null,"Q1000":null,"HAVZA_ID":21,"entityId":"10193","entityType":"flowStations","id":"10193","name":"D21A306","stationId":"D21A306","basinId":21,"flow":null,"status":"no_data","color":"#94a3b8","width":2.8}},{"type":"Feature","id":"10194","geometry":{"type":"Point","coordinates":[41.231111000000055,37.115556000000026]},"properties":{"OBJECTID":10194,"AGINO":"D21A336","SUADI":null,"ISTADI":null,"ILKODU":47,"ILCEKODU":1547,"KOT":null,"TEKERRUR_YILI":null,"Q2":null,"Q5":null,"Q25":null,"Q100":null,"Q500":null,"MaxFlow":null,"MaxDate":null,"Q10":null,"Q50":null,"Q200":null,"Q1000":null,"HAVZA_ID":21,"entityId":"10194","entityType":"flowStations","id":"10194","name":"D21A336","stationId":"D21A336","basinId":21,"flow":null,"status":"no_data","color":"#94a3b8","width":2.8}},{"type":"Feature","id":"10195","geometry":{"type":"Point","coordinates":[40.23333300000007,37.666667000000075]},"properties":{"OBJECTID":10195,"AGINO":"D26A008","SUADI":null,"ISTADI":null,"ILKODU":21,"ILCEKODU":1253,"KOT":null,"TEKERRUR_YILI":null,"Q2":null,"Q5":null,"Q25":null,"Q100":null,"Q500":null,"MaxFlow":null,"MaxDate":null,"Q10":null,"Q50":null,"Q200":null,"Q1000":null,"HAVZA_ID":21,"entityId":"10195","entityType":"flowStations","id":"10195","name":"D26A008","stationId":"D26A008","basinId":21,"flow":null,"status":"no_data","color":"#94a3b8","width":2.8}},{"type":"Feature","id":"10196","geometry":{"type":"Point","coordinates":[40.88333300000005,37.85000000000008]},"properties":{"OBJECTID":10196,"AGINO":"D26A012","SUADI":null,"ISTADI":null,"ILKODU":21,"ILCEKODU":1195,"KOT":null,"TEKERRUR_YILI":null,"Q2":null,"Q5":null,"Q25":null,"Q100":null,"Q500":null,"MaxFlow":null,"MaxDate":null,"Q10":null,"Q50":null,"Q200":null,"Q1000":null,"HAVZA_ID":21,"entityId":"10196","entityType":"flowStations","id":"10196","name":"D26A012","stationId":"D26A012","basinId":21,"flow":null,"status":"no_data","color":"#94a3b8","width":2.8}},{"type":"Feature","id":"10197","geometry":{"type":"Point","coordinates":[40.221667000000025,37.845556000000045]},"properties":{"OBJECTID":10197,"AGINO":"D26A016","SUADI":null,"ISTADI":null,"ILKODU":21,"ILCEKODU":2042,"KOT":null,"TEKERRUR_YILI":null,"Q2":null,"Q5":null,"Q25":null,"Q100":null,"Q500":null,"MaxFlow":null,"MaxDate":null,"Q10":null,"Q50":null,"Q200":null,"Q1000":null,"HAVZA_ID":21,"entityId":"10197","entityType":"flowStations","id":"10197","name":"D26A016","stationId":"D26A016","basinId":21,"flow":null,"status":"no_data","color":"#94a3b8","width":2.8}},{"type":"Feature","id":"10200","geometry":{"type":"Point","coordinates":[40.56666700000005,38.26666700000004]},"properties":{"OBJECTID":10200,"AGINO":"D26A040","SUADI":null,"ISTADI":null,"ILKODU":21,"ILCEKODU":1962,"KOT":null,"TEKERRUR_YILI":null,"Q2":null,"Q5":null,"Q25":null,"Q100":null,"Q500":null,"MaxFlow":null,"MaxDate":null,"Q10":null,"Q50":null,"Q200":null,"Q1000":null,"HAVZA_ID":21,"entityId":"10200","entityType":"flowStations","id":"10200","name":"D26A040","stationId":"D26A040","basinId":21,"flow":null,"status":"no_data","color":"#94a3b8","width":2.8}},{"type":"Feature","id":"10202","geometry":{"type":"Point","coordinates":[42.178056000000026,37.396944000000076]},"properties":{"OBJECTID":10202,"AGINO":"D26A054","SUADI":null,"ISTADI":null,"ILKODU":73,"ILCEKODU":1661,"KOT":null,"TEKERRUR_YILI":null,"Q2":null,"Q5":null,"Q25":null,"Q100":null,"Q500":null,"MaxFlow":null,"MaxDate":null,"Q10":null,"Q50":null,"Q200":null,"Q1000":null,"HAVZA_ID":21,"entityId":"10202","entityType":"flowStations","id":"10202","name":"D26A054","stationId":"D26A054","basinId":21,"flow":null,"status":"no_data","color":"#94a3b8","width":2.8}},{"type":"Feature","id":"10203","geometry":{"type":"Point","coordinates":[40.916667000000075,38.01666700000004]},"properties":{"OBJECTID":10203,"AGINO":"D26A060","SUADI":null,"ISTADI":null,"ILKODU":21,"ILCEKODU":1624,"KOT":null,"TEKERRUR_YILI":null,"Q2":null,"Q5":null,"Q25":null,"Q100":null,"Q500":null,"MaxFlow":null,"MaxDate":null,"Q10":null,"Q50":null,"Q200":null,"Q1000":null,"HAVZA_ID":21,"entityId":"10203","entityType":"flowStations","id":"10203","name":"D26A060","stationId":"D26A060","basinId":21,"flow":null,"status":"no_data","color":"#94a3b8","width":2.8}},{"type":"Feature","id":"10204","geometry":{"type":"Point","coordinates":[39.70444400000008,38.243333000000064]},"properties":{"OBJECTID":10204,"AGINO":"D26A062","SUADI":null,"ISTADI":null,"ILKODU":21,"ILCEKODU":1315,"KOT":null,"TEKERRUR_YILI":null,"Q2":null,"Q5":null,"Q25":null,"Q100":null,"Q500":null,"MaxFlow":null,"MaxDate":null,"Q10":null,"Q50":null,"Q200":null,"Q1000":null,"HAVZA_ID":21,"entityId":"10204","entityType":"flowStations","id":"10204","name":"D26A062","stationId":"D26A062","basinId":21,"flow":null,"status":"no_data","color":"#94a3b8","width":2.8}},{"type":"Feature","id":"10205","geometry":{"type":"Point","coordinates":[40.053333000000066,37.86166700000007]},"properties":{"OBJECTID":10205,"AGINO":"D26A063","SUADI":null,"ISTADI":null,"ILKODU":21,"ILCEKODU":2040,"KOT":null,"TEKERRUR_YILI":null,"Q2":null,"Q5":null,"Q25":null,"Q100":null,"Q500":null,"MaxFlow":null,"MaxDate":null,"Q10":null,"Q50":null,"Q200":null,"Q1000":null,"HAVZA_ID":21,"entityId":"10205","entityType":"flowStations","id":"10205","name":"D26A063","stationId":"D26A063","basinId":21,"flow":null,"status":"no_data","color":"#94a3b8","width":2.8}},{"type":"Feature","id":"10206","geometry":{"type":"Point","coordinates":[40.55861100000004,38.37972200000007]},"properties":{"OBJECTID":10206,"AGINO":"D26A064","SUADI":null,"ISTADI":null,"ILKODU":21,"ILCEKODU":1504,"KOT":null,"TEKERRUR_YILI":null,"Q2":null,"Q5":null,"Q25":null,"Q100":null,"Q500":null,"MaxFlow":null,"MaxDate":null,"Q10":null,"Q50":null,"Q200":null,"Q1000":null,"HAVZA_ID":21,"entityId":"10206","entityType":"flowStations","id":"10206","name":"D26A064","stationId":"D26A064","basinId":21,"flow":null,"status":"no_data","color":"#94a3b8","width":2.8}},{"type":"Feature","id":"10207","geometry":{"type":"Point","coordinates":[42.17388900000003,37.35194400000006]},"properties":{"OBJECTID":10207,"AGINO":"D26A067","SUADI":null,"ISTADI":null,"ILKODU":73,"ILCEKODU":1223,"KOT":null,"TEKERRUR_YILI":null,"Q2":null,"Q5":null,"Q25":null,"Q100":null,"Q500":null,"MaxFlow":null,"MaxDate":null,"Q10":null,"Q50":null,"Q200":null,"Q1000":null,"HAVZA_ID":21,"entityId":"10207","entityType":"flowStations","id":"10207","name":"D26A067","stationId":"D26A067","basinId":21,"flow":null,"status":"no_data","color":"#94a3b8","width":2.8}},{"type":"Feature","id":"10208","geometry":{"type":"Point","coordinates":[42.31861100000003,37.26888900000006]},"properties":{"OBJECTID":10208,"AGINO":"D26A068","SUADI":null,"ISTADI":null,"ILKODU":73,"ILCEKODU":1223,"KOT":null,"TEKERRUR_YILI":null,"Q2":null,"Q5":null,"Q25":null,"Q100":null,"Q500":null,"MaxFlow":null,"MaxDate":null,"Q10":null,"Q50":null,"Q200":null,"Q1000":null,"HAVZA_ID":21,"entityId":"10208","entityType":"flowStations","id":"10208","name":"D26A068","stationId":"D26A068","basinId":21,"flow":null,"status":"no_data","color":"#94a3b8","width":2.8}},{"type":"Feature","id":"10209","geometry":{"type":"Point","coordinates":[40.30194400000005,37.82194400000003]},"properties":{"OBJECTID":10209,"AGINO":"D26A069","SUADI":null,"ISTADI":null,"ILKODU":21,"ILCEKODU":2042,"KOT":null,"TEKERRUR_YILI":null,"Q2":null,"Q5":null,"Q25":null,"Q100":null,"Q500":null,"MaxFlow":null,"MaxDate":null,"Q10":null,"Q50":null,"Q200":null,"Q1000":null,"HAVZA_ID":21,"entityId":"10209","entityType":"flowStations","id":"10209","name":"D26A069","stationId":"D26A069","basinId":21,"flow":null,"status":"no_data","color":"#94a3b8","width":2.8}},{"type":"Feature","id":"10210","geometry":{"type":"Point","coordinates":[40.45277800000008,37.58888900000005]},"properties":{"OBJECTID":10210,"AGINO":"D26A070","SUADI":null,"ISTADI":null,"ILKODU":47,"ILCEKODU":1519,"KOT":null,"TEKERRUR_YILI":null,"Q2":null,"Q5":null,"Q25":null,"Q100":null,"Q500":null,"MaxFlow":null,"MaxDate":null,"Q10":null,"Q50":null,"Q200":null,"Q1000":null,"HAVZA_ID":21,"entityId":"10210","entityType":"flowStations","id":"10210","name":"D26A070","stationId":"D26A070","basinId":21,"flow":null,"status":"no_data","color":"#94a3b8","width":2.8}},{"type":"Feature","id":"10211","geometry":{"type":"Point","coordinates":[41.78250000000003,38.16138900000004]},"properties":{"OBJECTID":10211,"AGINO":"E26A010","SUADI":null,"ISTADI":null,"ILKODU":56,"ILCEKODU":1179,"KOT":null,"TEKERRUR_YILI":null,"Q2":null,"Q5":null,"Q25":null,"Q100":null,"Q500":null,"MaxFlow":null,"MaxDate":null,"Q10":null,"Q50":null,"Q200":null,"Q1000":null,"HAVZA_ID":21,"entityId":"10211","entityType":"flowStations","id":"10211","name":"E26A010","stationId":"E26A010","basinId":21,"flow":null,"status":"no_data","color":"#94a3b8","width":2.8}},{"type":"Feature","id":"10212","geometry":{"type":"Point","coordinates":[41.20444400000008,38.15444400000007]},"properties":{"OBJECTID":10212,"AGINO":"E26A012","SUADI":null,"ISTADI":null,"ILKODU":72,"ILCEKODU":1487,"KOT":null,"TEKERRUR_YILI":null,"Q2":null,"Q5":null,"Q25":null,"Q100":null,"Q500":null,"MaxFlow":null,"MaxDate":null,"Q10":null,"Q50":null,"Q200":null,"Q1000":null,"HAVZA_ID":21,"entityId":"10212","entityType":"flowStations","id":"10212","name":"E26A012","stationId":"E26A012","basinId":21,"flow":null,"status":"no_data","color":"#94a3b8","width":2.8}},{"type":"Feature","id":"10213","geometry":{"type":"Point","coordinates":[41.857222000000036,37.961389000000054]},"properties":{"OBJECTID":10213,"AGINO":"E26A024","SUADI":null,"ISTADI":null,"ILKODU":56,"ILCEKODU":1620,"KOT":null,"TEKERRUR_YILI":null,"Q2":null,"Q5":null,"Q25":null,"Q100":null,"Q500":null,"MaxFlow":null,"MaxDate":null,"Q10":null,"Q50":null,"Q200":null,"Q1000":null,"HAVZA_ID":21,"entityId":"10213","entityType":"flowStations","id":"10213","name":"E26A024","stationId":"E26A024","basinId":21,"flow":null,"status":"no_data","color":"#94a3b8","width":2.8}},{"type":"Feature","id":"10216","geometry":{"type":"Point","coordinates":[39.700278000000026,38.34222200000005]},"properties":{"OBJECTID":10216,"AGINO":"E26A035","SUADI":null,"ISTADI":null,"ILKODU":23,"ILCEKODU":1506,"KOT":null,"TEKERRUR_YILI":null,"Q2":null,"Q5":null,"Q25":null,"Q100":null,"Q500":null,"MaxFlow":null,"MaxDate":null,"Q10":null,"Q50":null,"Q200":null,"Q1000":null,"HAVZA_ID":21,"entityId":"10216","entityType":"flowStations","id":"10216","name":"E26A035","stationId":"E26A035","basinId":21,"flow":null,"status":"no_data","color":"#94a3b8","width":2.8}},{"type":"Feature","id":"10217","geometry":{"type":"Point","coordinates":[40.271111000000076,37.83888900000005]},"properties":{"OBJECTID":10217,"AGINO":"E26A038","SUADI":null,"ISTADI":null,"ILKODU":21,"ILCEKODU":2042,"KOT":null,"TEKERRUR_YILI":null,"Q2":null,"Q5":null,"Q25":null,"Q100":null,"Q500":null,"MaxFlow":null,"MaxDate":null,"Q10":null,"Q50":null,"Q200":null,"Q1000":null,"HAVZA_ID":21,"entityId":"10217","entityType":"flowStations","id":"10217","name":"E26A038","stationId":"E26A038","basinId":21,"flow":null,"status":"no_data","color":"#94a3b8","width":2.8}},{"type":"Feature","id":"10218","geometry":{"type":"Point","coordinates":[26.37000000000006,41.710556000000054]},"properties":{"OBJECTID":10218,"AGINO":"D01A001","SUADI":null,"ISTADI":null,"ILKODU":22,"ILCEKODU":1295,"KOT":null,"TEKERRUR_YILI":null,"Q2":null,"Q5":null,"Q25":null,"Q100":null,"Q500":null,"MaxFlow":null,"MaxDate":null,"Q10":null,"Q50":null,"Q200":null,"Q1000":null,"HAVZA_ID":1,"entityId":"10218","entityType":"flowStations","id":"10218","name":"D01A001","stationId":"D01A001","basinId":1,"flow":null,"status":"no_data","color":"#94a3b8","width":2.8}},{"type":"Feature","id":"10219","geometry":{"type":"Point","coordinates":[26.572222000000068,41.647222000000056]},"properties":{"OBJECTID":10219,"AGINO":"D01A003","SUADI":null,"ISTADI":null,"ILKODU":22,"ILCEKODU":1295,"KOT":null,"TEKERRUR_YILI":null,"Q2":null,"Q5":null,"Q25":null,"Q100":null,"Q500":null,"MaxFlow":null,"MaxDate":null,"Q10":null,"Q50":null,"Q200":null,"Q1000":null,"HAVZA_ID":1,"entityId":"10219","entityType":"flowStations","id":"10219","name":"D01A003","stationId":"D01A003","basinId":1,"flow":null,"status":"no_data","color":"#94a3b8","width":2.8}},{"type":"Feature","id":"10220","geometry":{"type":"Point","coordinates":[26.63250000000005,41.36388900000003]},"properties":{"OBJECTID":10220,"AGINO":"D01A004","SUADI":null,"ISTADI":null,"ILKODU":22,"ILCEKODU":1705,"KOT":null,"TEKERRUR_YILI":null,"Q2":null,"Q5":null,"Q25":null,"Q100":null,"Q500":null,"MaxFlow":null,"MaxDate":null,"Q10":null,"Q50":null,"Q200":null,"Q1000":null,"HAVZA_ID":1,"entityId":"10220","entityType":"flowStations","id":"10220","name":"D01A004","stationId":"D01A004","basinId":1,"flow":null,"status":"no_data","color":"#94a3b8","width":2.8}},{"type":"Feature","id":"10221","geometry":{"type":"Point","coordinates":[27.351667000000077,41.35083300000008]},"properties":{"OBJECTID":10221,"AGINO":"D01A008","SUADI":null,"ISTADI":null,"ILKODU":39,"ILCEKODU":1505,"KOT":null,"TEKERRUR_YILI":null,"Q2":null,"Q5":null,"Q25":null,"Q100":null,"Q500":null,"MaxFlow":null,"MaxDate":null,"Q10":null,"Q50":null,"Q200":null,"Q1000":null,"HAVZA_ID":1,"entityId":"10221","entityType":"flowStations","id":"10221","name":"D01A008","stationId":"D01A008","basinId":1,"flow":null,"status":"no_data","color":"#94a3b8","width":2.8}},{"type":"Feature","id":"10222","geometry":{"type":"Point","coordinates":[27.476667000000077,41.20222200000006]},"properties":{"OBJECTID":10222,"AGINO":"D01A020","SUADI":null,"ISTADI":null,"ILKODU":59,"ILCEKODU":1538,"KOT":null,"TEKERRUR_YILI":null,"Q2":null,"Q5":null,"Q25":null,"Q100":null,"Q500":null,"MaxFlow":null,"MaxDate":null,"Q10":null,"Q50":null,"Q200":null,"Q1000":null,"HAVZA_ID":1,"entityId":"10222","entityType":"flowStations","id":"10222","name":"D01A020","stationId":"D01A020","basinId":1,"flow":null,"status":"no_data","color":"#94a3b8","width":2.8}},{"type":"Feature","id":"10223","geometry":{"type":"Point","coordinates":[26.95750000000004,41.36916700000006]},"properties":{"OBJECTID":10223,"AGINO":"D01A023","SUADI":null,"ISTADI":null,"ILKODU":39,"ILCEKODU":1572,"KOT":null,"TEKERRUR_YILI":null,"Q2":null,"Q5":null,"Q25":null,"Q100":null,"Q500":null,"MaxFlow":null,"MaxDate":null,"Q10":null,"Q50":null,"Q200":null,"Q1000":null,"HAVZA_ID":1,"entityId":"10223","entityType":"flowStations","id":"10223","name":"D01A023","stationId":"D01A023","basinId":1,"flow":null,"status":"no_data","color":"#94a3b8","width":2.8}},{"type":"Feature","id":"10224","geometry":{"type":"Point","coordinates":[26.319444000000033,40.940000000000055]},"properties":{"OBJECTID":10224,"AGINO":"D01A026","SUADI":null,"ISTADI":null,"ILKODU":22,"ILCEKODU":1412,"KOT":null,"TEKERRUR_YILI":null,"Q2":null,"Q5":null,"Q25":null,"Q100":null,"Q500":null,"MaxFlow":null,"MaxDate":null,"Q10":null,"Q50":null,"Q200":null,"Q1000":null,"HAVZA_ID":1,"entityId":"10224","entityType":"flowStations","id":"10224","name":"D01A026","stationId":"D01A026","basinId":1,"flow":null,"status":"no_data","color":"#94a3b8","width":2.8}},{"type":"Feature","id":"10225","geometry":{"type":"Point","coordinates":[27.65388900000005,41.63472200000007]},"properties":{"OBJECTID":10225,"AGINO":"D01A031","SUADI":null,"ISTADI":null,"ILKODU":39,"ILCEKODU":1714,"KOT":null,"TEKERRUR_YILI":null,"Q2":null,"Q5":null,"Q25":null,"Q100":null,"Q500":null,"MaxFlow":null,"MaxDate":null,"Q10":null,"Q50":null,"Q200":null,"Q1000":null,"HAVZA_ID":1,"entityId":"10225","entityType":"flowStations","id":"10225","name":"D01A031","stationId":"D01A031","basinId":1,"flow":null,"status":"no_data","color":"#94a3b8","width":2.8}},{"type":"Feature","id":"10227","geometry":{"type":"Point","coordinates":[27.596944000000065,41.628611000000035]},"properties":{"OBJECTID":10227,"AGINO":"D01A039","SUADI":null,"ISTADI":null,"ILKODU":39,"ILCEKODU":1577,"KOT":null,"TEKERRUR_YILI":null,"Q2":null,"Q5":null,"Q25":null,"Q100":null,"Q500":null,"MaxFlow":null,"MaxDate":null,"Q10":null,"Q50":null,"Q200":null,"Q1000":null,"HAVZA_ID":1,"entityId":"10227","entityType":"flowStations","id":"10227","name":"D01A039","stationId":"D01A039","basinId":1,"flow":null,"status":"no_data","color":"#94a3b8","width":2.8}},{"type":"Feature","id":"10228","geometry":{"type":"Point","coordinates":[27.96666700000003,41.400000000000034]},"properties":{"OBJECTID":10228,"AGINO":"D01A052","SUADI":null,"ISTADI":null,"ILKODU":59,"ILCEKODU":1596,"KOT":null,"TEKERRUR_YILI":null,"Q2":null,"Q5":null,"Q25":null,"Q100":null,"Q500":null,"MaxFlow":null,"MaxDate":null,"Q10":null,"Q50":null,"Q200":null,"Q1000":null,"HAVZA_ID":1,"entityId":"10228","entityType":"flowStations","id":"10228","name":"D01A052","stationId":"D01A052","basinId":1,"flow":null,"status":"no_data","color":"#94a3b8","width":2.8}},{"type":"Feature","id":"10229","geometry":{"type":"Point","coordinates":[26.23888900000003,40.86388900000003]},"properties":{"OBJECTID":10229,"AGINO":"D01A057","SUADI":null,"ISTADI":null,"ILKODU":22,"ILCEKODU":1412,"KOT":null,"TEKERRUR_YILI":null,"Q2":null,"Q5":null,"Q25":null,"Q100":null,"Q500":null,"MaxFlow":null,"MaxDate":null,"Q10":null,"Q50":null,"Q200":null,"Q1000":null,"HAVZA_ID":1,"entityId":"10229","entityType":"flowStations","id":"10229","name":"D01A057","stationId":"D01A057","basinId":1,"flow":null,"status":"no_data","color":"#94a3b8","width":2.8}},{"type":"Feature","id":"10231","geometry":{"type":"Point","coordinates":[26.63055600000007,41.85250000000008]},"properties":{"OBJECTID":10231,"AGINO":"D01A076","SUADI":null,"ISTADI":null,"ILKODU":22,"ILCEKODU":1502,"KOT":null,"TEKERRUR_YILI":null,"Q2":null,"Q5":null,"Q25":null,"Q100":null,"Q500":null,"MaxFlow":null,"MaxDate":null,"Q10":null,"Q50":null,"Q200":null,"Q1000":null,"HAVZA_ID":1,"entityId":"10231","entityType":"flowStations","id":"10231","name":"D01A076","stationId":"D01A076","basinId":1,"flow":null,"status":"no_data","color":"#94a3b8","width":2.8}},{"type":"Feature","id":"10233","geometry":{"type":"Point","coordinates":[26.54833300000007,41.762222000000065]},"properties":{"OBJECTID":10233,"AGINO":"D01A078","SUADI":null,"ISTADI":null,"ILKODU":22,"ILCEKODU":1295,"KOT":null,"TEKERRUR_YILI":null,"Q2":null,"Q5":null,"Q25":null,"Q100":null,"Q500":null,"MaxFlow":null,"MaxDate":null,"Q10":null,"Q50":null,"Q200":null,"Q1000":null,"HAVZA_ID":1,"entityId":"10233","entityType":"flowStations","id":"10233","name":"D01A078","stationId":"D01A078","basinId":1,"flow":null,"status":"no_data","color":"#94a3b8","width":2.8}},{"type":"Feature","id":"10243","geometry":{"type":"Point","coordinates":[27.88333300000005,41.68333300000006]},"properties":{"OBJECTID":10243,"AGINO":"D02A057","SUADI":null,"ISTADI":null,"ILKODU":39,"ILCEKODU":1714,"KOT":null,"TEKERRUR_YILI":null,"Q2":null,"Q5":null,"Q25":null,"Q100":null,"Q500":null,"MaxFlow":null,"MaxDate":null,"Q10":null,"Q50":null,"Q200":null,"Q1000":null,"HAVZA_ID":2,"entityId":"10243","entityType":"flowStations","id":"10243","name":"D02A057","stationId":"D02A057","basinId":2,"flow":null,"status":"no_data","color":"#94a3b8","width":2.8}},{"type":"Feature","id":"10244","geometry":{"type":"Point","coordinates":[27.55805600000008,41.899444000000074]},"properties":{"OBJECTID":10244,"AGINO":"D02A119","SUADI":null,"ISTADI":null,"ILKODU":39,"ILCEKODU":1270,"KOT":null,"TEKERRUR_YILI":null,"Q2":null,"Q5":null,"Q25":null,"Q100":null,"Q500":null,"MaxFlow":null,"MaxDate":null,"Q10":null,"Q50":null,"Q200":null,"Q1000":null,"HAVZA_ID":2,"entityId":"10244","entityType":"flowStations","id":"10244","name":"D02A119","stationId":"D02A119","basinId":2,"flow":null,"status":"no_data","color":"#94a3b8","width":2.8}},{"type":"Feature","id":"10248","geometry":{"type":"Point","coordinates":[27.850000000000023,41.63333300000005]},"properties":{"OBJECTID":10248,"AGINO":"D02A143","SUADI":null,"ISTADI":null,"ILKODU":39,"ILCEKODU":1714,"KOT":null,"TEKERRUR_YILI":null,"Q2":null,"Q5":null,"Q25":null,"Q100":null,"Q500":null,"MaxFlow":null,"MaxDate":null,"Q10":null,"Q50":null,"Q200":null,"Q1000":null,"HAVZA_ID":2,"entityId":"10248","entityType":"flowStations","id":"10248","name":"D02A143","stationId":"D02A143","basinId":2,"flow":null,"status":"no_data","color":"#94a3b8","width":2.8}},{"type":"Feature","id":"10249","geometry":{"type":"Point","coordinates":[27.98416700000007,41.616111000000046]},"properties":{"OBJECTID":10249,"AGINO":"D02A150","SUADI":null,"ISTADI":null,"ILKODU":39,"ILCEKODU":1714,"KOT":null,"TEKERRUR_YILI":null,"Q2":null,"Q5":null,"Q25":null,"Q100":null,"Q500":null,"MaxFlow":null,"MaxDate":null,"Q10":null,"Q50":null,"Q200":null,"Q1000":null,"HAVZA_ID":2,"entityId":"10249","entityType":"flowStations","id":"10249","name":"D02A150","stationId":"D02A150","basinId":2,"flow":null,"status":"no_data","color":"#94a3b8","width":2.8}},{"type":"Feature","id":"10254","geometry":{"type":"Point","coordinates":[27.18694400000004,42.01194400000003]},"properties":{"OBJECTID":10254,"AGINO":"D02A156","SUADI":null,"ISTADI":null,"ILKODU":39,"ILCEKODU":1480,"KOT":null,"TEKERRUR_YILI":null,"Q2":null,"Q5":null,"Q25":null,"Q100":null,"Q500":null,"MaxFlow":null,"MaxDate":null,"Q10":null,"Q50":null,"Q200":null,"Q1000":null,"HAVZA_ID":2,"entityId":"10254","entityType":"flowStations","id":"10254","name":"D02A156","stationId":"D02A156","basinId":2,"flow":null,"status":"no_data","color":"#94a3b8","width":2.8}},{"type":"Feature","id":"10255","geometry":{"type":"Point","coordinates":[27.662500000000023,41.835556000000054]},"properties":{"OBJECTID":10255,"AGINO":"E02A055","SUADI":null,"ISTADI":null,"ILKODU":39,"ILCEKODU":1270,"KOT":null,"TEKERRUR_YILI":null,"Q2":null,"Q5":null,"Q25":null,"Q100":null,"Q500":null,"MaxFlow":null,"MaxDate":null,"Q10":null,"Q50":null,"Q200":null,"Q1000":null,"HAVZA_ID":2,"entityId":"10255","entityType":"flowStations","id":"10255","name":"E02A055","stationId":"E02A055","basinId":2,"flow":null,"status":"no_data","color":"#94a3b8","width":2.8}},{"type":"Feature","id":"10256","geometry":{"type":"Point","coordinates":[27.66472200000004,41.835000000000036]},"properties":{"OBJECTID":10256,"AGINO":"E02A056","SUADI":null,"ISTADI":null,"ILKODU":39,"ILCEKODU":1270,"KOT":null,"TEKERRUR_YILI":null,"Q2":null,"Q5":null,"Q25":null,"Q100":null,"Q500":null,"MaxFlow":null,"MaxDate":null,"Q10":null,"Q50":null,"Q200":null,"Q1000":null,"HAVZA_ID":2,"entityId":"10256","entityType":"flowStations","id":"10256","name":"E02A056","stationId":"E02A056","basinId":2,"flow":null,"status":"no_data","color":"#94a3b8","width":2.8}},{"type":"Feature","id":"10257","geometry":{"type":"Point","coordinates":[27.95416700000004,41.82083300000005]},"properties":{"OBJECTID":10257,"AGINO":"E02A057","SUADI":null,"ISTADI":null,"ILKODU":39,"ILCEKODU":1270,"KOT":null,"TEKERRUR_YILI":null,"Q2":null,"Q5":null,"Q25":null,"Q100":null,"Q500":null,"MaxFlow":null,"MaxDate":null,"Q10":null,"Q50":null,"Q200":null,"Q1000":null,"HAVZA_ID":2,"entityId":"10257","entityType":"flowStations","id":"10257","name":"E02A057","stationId":"E02A057","basinId":2,"flow":null,"status":"no_data","color":"#94a3b8","width":2.8}},{"type":"Feature","id":"10258","geometry":{"type":"Point","coordinates":[27.100000000000023,41.427778000000046]},"properties":{"OBJECTID":10258,"AGINO":"E01A001","SUADI":null,"ISTADI":null,"ILKODU":39,"ILCEKODU":1163,"KOT":null,"TEKERRUR_YILI":null,"Q2":null,"Q5":null,"Q25":null,"Q100":null,"Q500":null,"MaxFlow":null,"MaxDate":null,"Q10":null,"Q50":null,"Q200":null,"Q1000":null,"HAVZA_ID":1,"entityId":"10258","entityType":"flowStations","id":"10258","name":"E01A001","stationId":"E01A001","basinId":1,"flow":null,"status":"no_data","color":"#94a3b8","width":2.8}},{"type":"Feature","id":"10260","geometry":{"type":"Point","coordinates":[27.118056000000024,41.210000000000036]},"properties":{"OBJECTID":10260,"AGINO":"E01A006","SUADI":null,"ISTADI":null,"ILKODU":59,"ILCEKODU":1388,"KOT":null,"TEKERRUR_YILI":null,"Q2":null,"Q5":null,"Q25":null,"Q100":null,"Q500":null,"MaxFlow":null,"MaxDate":null,"Q10":null,"Q50":null,"Q200":null,"Q1000":null,"HAVZA_ID":1,"entityId":"10260","entityType":"flowStations","id":"10260","name":"E01A006","stationId":"E01A006","basinId":1,"flow":null,"status":"no_data","color":"#94a3b8","width":2.8}},{"type":"Feature","id":"10261","geometry":{"type":"Point","coordinates":[27.608056000000033,41.30555600000008]},"properties":{"OBJECTID":10261,"AGINO":"E01A011","SUADI":null,"ISTADI":null,"ILKODU":59,"ILCEKODU":2094,"KOT":null,"TEKERRUR_YILI":null,"Q2":null,"Q5":null,"Q25":null,"Q100":null,"Q500":null,"MaxFlow":null,"MaxDate":null,"Q10":null,"Q50":null,"Q200":null,"Q1000":null,"HAVZA_ID":1,"entityId":"10261","entityType":"flowStations","id":"10261","name":"E01A011","stationId":"E01A011","basinId":1,"flow":null,"status":"no_data","color":"#94a3b8","width":2.8}},{"type":"Feature","id":"10262","geometry":{"type":"Point","coordinates":[26.480000000000075,41.12972200000007]},"properties":{"OBJECTID":10262,"AGINO":"E01A012","SUADI":null,"ISTADI":null,"ILKODU":22,"ILCEKODU":1523,"KOT":null,"TEKERRUR_YILI":null,"Q2":null,"Q5":null,"Q25":null,"Q100":null,"Q500":null,"MaxFlow":null,"MaxDate":null,"Q10":null,"Q50":null,"Q200":null,"Q1000":null,"HAVZA_ID":1,"entityId":"10262","entityType":"flowStations","id":"10262","name":"E01A012","stationId":"E01A012","basinId":1,"flow":null,"status":"no_data","color":"#94a3b8","width":2.8}},{"type":"Feature","id":"10263","geometry":{"type":"Point","coordinates":[26.584444000000076,41.84305600000005]},"properties":{"OBJECTID":10263,"AGINO":"E01A013","SUADI":null,"ISTADI":null,"ILKODU":22,"ILCEKODU":1295,"KOT":null,"TEKERRUR_YILI":null,"Q2":null,"Q5":null,"Q25":null,"Q100":null,"Q500":null,"MaxFlow":null,"MaxDate":null,"Q10":null,"Q50":null,"Q200":null,"Q1000":null,"HAVZA_ID":1,"entityId":"10263","entityType":"flowStations","id":"10263","name":"E01A013","stationId":"E01A013","basinId":1,"flow":null,"status":"no_data","color":"#94a3b8","width":2.8}},{"type":"Feature","id":"10264","geometry":{"type":"Point","coordinates":[27.787500000000023,41.31000000000006]},"properties":{"OBJECTID":10264,"AGINO":"E01A018","SUADI":null,"ISTADI":null,"ILKODU":59,"ILCEKODU":2094,"KOT":null,"TEKERRUR_YILI":null,"Q2":null,"Q5":null,"Q25":null,"Q100":null,"Q500":null,"MaxFlow":null,"MaxDate":null,"Q10":null,"Q50":null,"Q200":null,"Q1000":null,"HAVZA_ID":1,"entityId":"10264","entityType":"flowStations","id":"10264","name":"E01A018","stationId":"E01A018","basinId":1,"flow":null,"status":"no_data","color":"#94a3b8","width":2.8}},{"type":"Feature","id":"10340","geometry":{"type":"Point","coordinates":[36.03833300000008,39.79916700000007]},"properties":{"OBJECTID":10340,"AGINO":"D14A080","SUADI":null,"ISTADI":null,"ILKODU":66,"ILCEKODU":1117,"KOT":null,"TEKERRUR_YILI":null,"Q2":null,"Q5":null,"Q25":null,"Q100":null,"Q500":null,"MaxFlow":null,"MaxDate":null,"Q10":null,"Q50":null,"Q200":null,"Q1000":null,"HAVZA_ID":14,"entityId":"10340","entityType":"flowStations","id":"10340","name":"D14A080","stationId":"D14A080","basinId":14,"flow":null,"status":"no_data","color":"#94a3b8","width":2.8}},{"type":"Feature","id":"10341","geometry":{"type":"Point","coordinates":[35.145278000000076,39.20166700000004]},"properties":{"OBJECTID":10341,"AGINO":"D15A010","SUADI":null,"ISTADI":null,"ILKODU":66,"ILCEKODU":1198,"KOT":null,"TEKERRUR_YILI":null,"Q2":null,"Q5":null,"Q25":null,"Q100":null,"Q500":null,"MaxFlow":null,"MaxDate":null,"Q10":null,"Q50":null,"Q200":null,"Q1000":null,"HAVZA_ID":15,"entityId":"10341","entityType":"flowStations","id":"10341","name":"D15A010","stationId":"D15A010","basinId":15,"flow":null,"status":"no_data","color":"#94a3b8","width":2.8}},{"type":"Feature","id":"10342","geometry":{"type":"Point","coordinates":[35.29861100000005,39.55138900000003]},"properties":{"OBJECTID":10342,"AGINO":"D15A054","SUADI":null,"ISTADI":null,"ILKODU":66,"ILCEKODU":1635,"KOT":null,"TEKERRUR_YILI":null,"Q2":null,"Q5":null,"Q25":null,"Q100":null,"Q500":null,"MaxFlow":null,"MaxDate":null,"Q10":null,"Q50":null,"Q200":null,"Q1000":null,"HAVZA_ID":15,"entityId":"10342","entityType":"flowStations","id":"10342","name":"D15A054","stationId":"D15A054","basinId":15,"flow":null,"status":"no_data","color":"#94a3b8","width":2.8}},{"type":"Feature","id":"10343","geometry":{"type":"Point","coordinates":[35.29722200000003,39.54055600000004]},"properties":{"OBJECTID":10343,"AGINO":"D15A055","SUADI":null,"ISTADI":null,"ILKODU":66,"ILCEKODU":1602,"KOT":null,"TEKERRUR_YILI":null,"Q2":null,"Q5":null,"Q25":null,"Q100":null,"Q500":null,"MaxFlow":null,"MaxDate":null,"Q10":null,"Q50":null,"Q200":null,"Q1000":null,"HAVZA_ID":15,"entityId":"10343","entityType":"flowStations","id":"10343","name":"D15A055","stationId":"D15A055","basinId":15,"flow":null,"status":"no_data","color":"#94a3b8","width":2.8}},{"type":"Feature","id":"10344","geometry":{"type":"Point","coordinates":[35.21611100000007,39.79777800000005]},"properties":{"OBJECTID":10344,"AGINO":"D15A056","SUADI":null,"ISTADI":null,"ILKODU":66,"ILCEKODU":1635,"KOT":null,"TEKERRUR_YILI":null,"Q2":null,"Q5":null,"Q25":null,"Q100":null,"Q500":null,"MaxFlow":null,"MaxDate":null,"Q10":null,"Q50":null,"Q200":null,"Q1000":null,"HAVZA_ID":15,"entityId":"10344","entityType":"flowStations","id":"10344","name":"D15A056","stationId":"D15A056","basinId":15,"flow":null,"status":"no_data","color":"#94a3b8","width":2.8}},{"type":"Feature","id":"10346","geometry":{"type":"Point","coordinates":[35.58027800000008,39.51777800000008]},"properties":{"OBJECTID":10346,"AGINO":"D15A074","SUADI":null,"ISTADI":null,"ILKODU":66,"ILCEKODU":1602,"KOT":null,"TEKERRUR_YILI":null,"Q2":null,"Q5":null,"Q25":null,"Q100":null,"Q500":null,"MaxFlow":null,"MaxDate":null,"Q10":null,"Q50":null,"Q200":null,"Q1000":null,"HAVZA_ID":15,"entityId":"10346","entityType":"flowStations","id":"10346","name":"D15A074","stationId":"D15A074","basinId":15,"flow":null,"status":"no_data","color":"#94a3b8","width":2.8}},{"type":"Feature","id":"10347","geometry":{"type":"Point","coordinates":[35.301667000000066,39.70388900000006]},"properties":{"OBJECTID":10347,"AGINO":"D15A131","SUADI":null,"ISTADI":null,"ILKODU":66,"ILCEKODU":1635,"KOT":null,"TEKERRUR_YILI":null,"Q2":null,"Q5":null,"Q25":null,"Q100":null,"Q500":null,"MaxFlow":null,"MaxDate":null,"Q10":null,"Q50":null,"Q200":null,"Q1000":null,"HAVZA_ID":15,"entityId":"10347","entityType":"flowStations","id":"10347","name":"D15A131","stationId":"D15A131","basinId":15,"flow":null,"status":"no_data","color":"#94a3b8","width":2.8}},{"type":"Feature","id":"10348","geometry":{"type":"Point","coordinates":[34.98361100000005,39.67055600000003]},"properties":{"OBJECTID":10348,"AGINO":"D15A136","SUADI":null,"ISTADI":null,"ILKODU":66,"ILCEKODU":1733,"KOT":null,"TEKERRUR_YILI":null,"Q2":null,"Q5":null,"Q25":null,"Q100":null,"Q500":null,"MaxFlow":null,"MaxDate":null,"Q10":null,"Q50":null,"Q200":null,"Q1000":null,"HAVZA_ID":15,"entityId":"10348","entityType":"flowStations","id":"10348","name":"D15A136","stationId":"D15A136","basinId":15,"flow":null,"status":"no_data","color":"#94a3b8","width":2.8}},{"type":"Feature","id":"10350","geometry":{"type":"Point","coordinates":[35.77833300000003,38.87111100000004]},"properties":{"OBJECTID":10350,"AGINO":"D15A167","SUADI":null,"ISTADI":null,"ILKODU":38,"ILCEKODU":1864,"KOT":null,"TEKERRUR_YILI":null,"Q2":null,"Q5":null,"Q25":null,"Q100":null,"Q500":null,"MaxFlow":null,"MaxDate":null,"Q10":null,"Q50":null,"Q200":null,"Q1000":null,"HAVZA_ID":15,"entityId":"10350","entityType":"flowStations","id":"10350","name":"D15A167","stationId":"D15A167","basinId":15,"flow":null,"status":"no_data","color":"#94a3b8","width":2.8}},{"type":"Feature","id":"10351","geometry":{"type":"Point","coordinates":[35.54555600000003,39.54416700000007]},"properties":{"OBJECTID":10351,"AGINO":"D15A168","SUADI":null,"ISTADI":null,"ILKODU":66,"ILCEKODU":1602,"KOT":null,"TEKERRUR_YILI":null,"Q2":null,"Q5":null,"Q25":null,"Q100":null,"Q500":null,"MaxFlow":null,"MaxDate":null,"Q10":null,"Q50":null,"Q200":null,"Q1000":null,"HAVZA_ID":15,"entityId":"10351","entityType":"flowStations","id":"10351","name":"D15A168","stationId":"D15A168","basinId":15,"flow":null,"status":"no_data","color":"#94a3b8","width":2.8}},{"type":"Feature","id":"10352","geometry":{"type":"Point","coordinates":[35.46750000000003,39.22972200000004]},"properties":{"OBJECTID":10352,"AGINO":"D15A206","SUADI":null,"ISTADI":null,"ILKODU":66,"ILCEKODU":1198,"KOT":null,"TEKERRUR_YILI":null,"Q2":null,"Q5":null,"Q25":null,"Q100":null,"Q500":null,"MaxFlow":null,"MaxDate":null,"Q10":null,"Q50":null,"Q200":null,"Q1000":null,"HAVZA_ID":15,"entityId":"10352","entityType":"flowStations","id":"10352","name":"D15A206","stationId":"D15A206","basinId":15,"flow":null,"status":"no_data","color":"#94a3b8","width":2.8}},{"type":"Feature","id":"10354","geometry":{"type":"Point","coordinates":[35.77555600000005,39.50833300000005]},"properties":{"OBJECTID":10354,"AGINO":"D15A249","SUADI":null,"ISTADI":null,"ILKODU":66,"ILCEKODU":1242,"KOT":null,"TEKERRUR_YILI":null,"Q2":null,"Q5":null,"Q25":null,"Q100":null,"Q500":null,"MaxFlow":null,"MaxDate":null,"Q10":null,"Q50":null,"Q200":null,"Q1000":null,"HAVZA_ID":15,"entityId":"10354","entityType":"flowStations","id":"10354","name":"D15A249","stationId":"D15A249","basinId":15,"flow":null,"status":"no_data","color":"#94a3b8","width":2.8}},{"type":"Feature","id":"10356","geometry":{"type":"Point","coordinates":[35.730556000000036,39.573889000000065]},"properties":{"OBJECTID":10356,"AGINO":"D15A298","SUADI":null,"ISTADI":null,"ILKODU":66,"ILCEKODU":1117,"KOT":null,"TEKERRUR_YILI":null,"Q2":null,"Q5":null,"Q25":null,"Q100":null,"Q500":null,"MaxFlow":null,"MaxDate":null,"Q10":null,"Q50":null,"Q200":null,"Q1000":null,"HAVZA_ID":15,"entityId":"10356","entityType":"flowStations","id":"10356","name":"D15A298","stationId":"D15A298","basinId":15,"flow":null,"status":"no_data","color":"#94a3b8","width":2.8}},{"type":"Feature","id":"10357","geometry":{"type":"Point","coordinates":[36.07888900000006,38.83111100000008]},"properties":{"OBJECTID":10357,"AGINO":"D18A008","SUADI":null,"ISTADI":null,"ILKODU":38,"ILCEKODU":1218,"KOT":null,"TEKERRUR_YILI":null,"Q2":null,"Q5":null,"Q25":null,"Q100":null,"Q500":null,"MaxFlow":null,"MaxDate":null,"Q10":null,"Q50":null,"Q200":null,"Q1000":null,"HAVZA_ID":18,"entityId":"10357","entityType":"flowStations","id":"10357","name":"D18A008","stationId":"D18A008","basinId":18,"flow":null,"status":"no_data","color":"#94a3b8","width":2.8}},{"type":"Feature","id":"10358","geometry":{"type":"Point","coordinates":[36.480000000000075,38.45277800000008]},"properties":{"OBJECTID":10358,"AGINO":"D18A017","SUADI":null,"ISTADI":null,"ILKODU":38,"ILCEKODU":1605,"KOT":null,"TEKERRUR_YILI":null,"Q2":null,"Q5":null,"Q25":null,"Q100":null,"Q500":null,"MaxFlow":null,"MaxDate":null,"Q10":null,"Q50":null,"Q200":null,"Q1000":null,"HAVZA_ID":18,"entityId":"10358","entityType":"flowStations","id":"10358","name":"D18A017","stationId":"D18A017","basinId":18,"flow":null,"status":"no_data","color":"#94a3b8","width":2.8}},{"type":"Feature","id":"10359","geometry":{"type":"Point","coordinates":[35.39444400000008,37.76972200000006]},"properties":{"OBJECTID":10359,"AGINO":"D18A021","SUADI":null,"ISTADI":null,"ILKODU":38,"ILCEKODU":1715,"KOT":null,"TEKERRUR_YILI":null,"Q2":null,"Q5":null,"Q25":null,"Q100":null,"Q500":null,"MaxFlow":null,"MaxDate":null,"Q10":null,"Q50":null,"Q200":null,"Q1000":null,"HAVZA_ID":18,"entityId":"10359","entityType":"flowStations","id":"10359","name":"D18A021","stationId":"D18A021","basinId":18,"flow":null,"status":"no_data","color":"#94a3b8","width":2.8}},{"type":"Feature","id":"10361","geometry":{"type":"Point","coordinates":[36.45694400000008,38.774167000000034]},"properties":{"OBJECTID":10361,"AGINO":"D18A055","SUADI":null,"ISTADI":null,"ILKODU":38,"ILCEKODU":1576,"KOT":null,"TEKERRUR_YILI":null,"Q2":null,"Q5":null,"Q25":null,"Q100":null,"Q500":null,"MaxFlow":null,"MaxDate":null,"Q10":null,"Q50":null,"Q200":null,"Q1000":null,"HAVZA_ID":18,"entityId":"10361","entityType":"flowStations","id":"10361","name":"D18A055","stationId":"D18A055","basinId":18,"flow":null,"status":"no_data","color":"#94a3b8","width":2.8}},{"type":"Feature","id":"10363","geometry":{"type":"Point","coordinates":[34.74500000000006,39.50305600000007]},"properties":{"OBJECTID":10363,"AGINO":"E15A017","SUADI":null,"ISTADI":null,"ILKODU":66,"ILCEKODU":1655,"KOT":null,"TEKERRUR_YILI":null,"Q2":null,"Q5":null,"Q25":null,"Q100":null,"Q500":null,"MaxFlow":null,"MaxDate":null,"Q10":null,"Q50":null,"Q200":null,"Q1000":null,"HAVZA_ID":15,"entityId":"10363","entityType":"flowStations","id":"10363","name":"E15A017","stationId":"E15A017","basinId":15,"flow":null,"status":"no_data","color":"#94a3b8","width":2.8}},{"type":"Feature","id":"10365","geometry":{"type":"Point","coordinates":[35.626389000000074,38.24583300000006]},"properties":{"OBJECTID":10365,"AGINO":"E18A022","SUADI":null,"ISTADI":null,"ILKODU":38,"ILCEKODU":1275,"KOT":null,"TEKERRUR_YILI":null,"Q2":null,"Q5":null,"Q25":null,"Q100":null,"Q500":null,"MaxFlow":null,"MaxDate":null,"Q10":null,"Q50":null,"Q200":null,"Q1000":null,"HAVZA_ID":18,"entityId":"10365","entityType":"flowStations","id":"10365","name":"E18A022","stationId":"E18A022","basinId":18,"flow":null,"status":"no_data","color":"#94a3b8","width":2.8}},{"type":"Feature","id":"10366","geometry":{"type":"Point","coordinates":[35.48611100000005,37.855000000000075]},"properties":{"OBJECTID":10366,"AGINO":"E18A027","SUADI":null,"ISTADI":null,"ILKODU":38,"ILCEKODU":1715,"KOT":null,"TEKERRUR_YILI":null,"Q2":null,"Q5":null,"Q25":null,"Q100":null,"Q500":null,"MaxFlow":null,"MaxDate":null,"Q10":null,"Q50":null,"Q200":null,"Q1000":null,"HAVZA_ID":18,"entityId":"10366","entityType":"flowStations","id":"10366","name":"E18A027","stationId":"E18A027","basinId":18,"flow":null,"status":"no_data","color":"#94a3b8","width":2.8}},{"type":"Feature","id":"10367","geometry":{"type":"Point","coordinates":[36.45833300000004,38.68444400000004]},"properties":{"OBJECTID":10367,"AGINO":"E18A032","SUADI":null,"ISTADI":null,"ILKODU":38,"ILCEKODU":1576,"KOT":null,"TEKERRUR_YILI":null,"Q2":null,"Q5":null,"Q25":null,"Q100":null,"Q500":null,"MaxFlow":null,"MaxDate":null,"Q10":null,"Q50":null,"Q200":null,"Q1000":null,"HAVZA_ID":18,"entityId":"10367","entityType":"flowStations","id":"10367","name":"E18A032","stationId":"E18A032","basinId":18,"flow":null,"status":"no_data","color":"#94a3b8","width":2.8}},{"type":"Feature","id":"10368","geometry":{"type":"Point","coordinates":[36.41361100000006,38.73722200000003]},"properties":{"OBJECTID":10368,"AGINO":"E18A034","SUADI":null,"ISTADI":null,"ILKODU":38,"ILCEKODU":1576,"KOT":null,"TEKERRUR_YILI":null,"Q2":null,"Q5":null,"Q25":null,"Q100":null,"Q500":null,"MaxFlow":null,"MaxDate":null,"Q10":null,"Q50":null,"Q200":null,"Q1000":null,"HAVZA_ID":18,"entityId":"10368","entityType":"flowStations","id":"10368","name":"E18A034","stationId":"E18A034","basinId":18,"flow":null,"status":"no_data","color":"#94a3b8","width":2.8}},{"type":"Feature","id":"10369","geometry":{"type":"Point","coordinates":[35.84138900000005,38.158611000000064]},"properties":{"OBJECTID":10369,"AGINO":"E18A039","SUADI":null,"ISTADI":null,"ILKODU":38,"ILCEKODU":1275,"KOT":null,"TEKERRUR_YILI":null,"Q2":null,"Q5":null,"Q25":null,"Q100":null,"Q500":null,"MaxFlow":null,"MaxDate":null,"Q10":null,"Q50":null,"Q200":null,"Q1000":null,"HAVZA_ID":18,"entityId":"10369","entityType":"flowStations","id":"10369","name":"E18A039","stationId":"E18A039","basinId":18,"flow":null,"status":"no_data","color":"#94a3b8","width":2.8}},{"type":"Feature","id":"10499","geometry":{"type":"Point","coordinates":[29.800000000000068,36.73333300000007]},"properties":{"OBJECTID":10499,"AGINO":"D08A061","SUADI":null,"ISTADI":null,"ILKODU":7,"ILCEKODU":1303,"KOT":null,"TEKERRUR_YILI":null,"Q2":null,"Q5":null,"Q25":null,"Q100":null,"Q500":null,"MaxFlow":null,"MaxDate":null,"Q10":null,"Q50":null,"Q200":null,"Q1000":null,"HAVZA_ID":8,"entityId":"10499","entityType":"flowStations","id":"10499","name":"D08A061","stationId":"D08A061","basinId":8,"flow":null,"status":"no_data","color":"#94a3b8","width":2.8}},{"type":"Feature","id":"10500","geometry":{"type":"Point","coordinates":[30.502778000000035,36.596389000000045]},"properties":{"OBJECTID":10500,"AGINO":"D08A071","SUADI":null,"ISTADI":null,"ILKODU":7,"ILCEKODU":1959,"KOT":null,"TEKERRUR_YILI":null,"Q2":null,"Q5":null,"Q25":null,"Q100":null,"Q500":null,"MaxFlow":null,"MaxDate":null,"Q10":null,"Q50":null,"Q200":null,"Q1000":null,"HAVZA_ID":8,"entityId":"10500","entityType":"flowStations","id":"10500","name":"D08A071","stationId":"D08A071","basinId":8,"flow":null,"status":"no_data","color":"#94a3b8","width":2.8}},{"type":"Feature","id":"10501","geometry":{"type":"Point","coordinates":[29.512222000000065,36.555000000000064]},"properties":{"OBJECTID":10501,"AGINO":"D08A078","SUADI":null,"ISTADI":null,"ILKODU":48,"ILCEKODU":2090,"KOT":null,"TEKERRUR_YILI":null,"Q2":null,"Q5":null,"Q25":null,"Q100":null,"Q500":null,"MaxFlow":null,"MaxDate":null,"Q10":null,"Q50":null,"Q200":null,"Q1000":null,"HAVZA_ID":8,"entityId":"10501","entityType":"flowStations","id":"10501","name":"D08A078","stationId":"D08A078","basinId":8,"flow":null,"status":"no_data","color":"#94a3b8","width":2.8}},{"type":"Feature","id":"10502","geometry":{"type":"Point","coordinates":[29.492778000000044,36.400000000000034]},"properties":{"OBJECTID":10502,"AGINO":"D08A083","SUADI":null,"ISTADI":null,"ILKODU":7,"ILCEKODU":1451,"KOT":null,"TEKERRUR_YILI":null,"Q2":null,"Q5":null,"Q25":null,"Q100":null,"Q500":null,"MaxFlow":null,"MaxDate":null,"Q10":null,"Q50":null,"Q200":null,"Q1000":null,"HAVZA_ID":8,"entityId":"10502","entityType":"flowStations","id":"10502","name":"D08A083","stationId":"D08A083","basinId":8,"flow":null,"status":"no_data","color":"#94a3b8","width":2.8}},{"type":"Feature","id":"10503","geometry":{"type":"Point","coordinates":[29.80750000000006,36.80000000000007]},"properties":{"OBJECTID":10503,"AGINO":"D08A095","SUADI":null,"ISTADI":null,"ILKODU":7,"ILCEKODU":1303,"KOT":null,"TEKERRUR_YILI":null,"Q2":null,"Q5":null,"Q25":null,"Q100":null,"Q500":null,"MaxFlow":null,"MaxDate":null,"Q10":null,"Q50":null,"Q200":null,"Q1000":null,"HAVZA_ID":8,"entityId":"10503","entityType":"flowStations","id":"10503","name":"D08A095","stationId":"D08A095","basinId":8,"flow":null,"status":"no_data","color":"#94a3b8","width":2.8}},{"type":"Feature","id":"10504","geometry":{"type":"Point","coordinates":[32.12166700000006,36.54944400000005]},"properties":{"OBJECTID":10504,"AGINO":"D09A006","SUADI":null,"ISTADI":null,"ILKODU":7,"ILCEKODU":1126,"KOT":null,"TEKERRUR_YILI":null,"Q2":null,"Q5":null,"Q25":null,"Q100":null,"Q500":null,"MaxFlow":null,"MaxDate":null,"Q10":null,"Q50":null,"Q200":null,"Q1000":null,"HAVZA_ID":9,"entityId":"10504","entityType":"flowStations","id":"10504","name":"D09A006","stationId":"D09A006","basinId":9,"flow":null,"status":"no_data","color":"#94a3b8","width":2.8}},{"type":"Feature","id":"10505","geometry":{"type":"Point","coordinates":[30.050000000000068,37.13333300000005]},"properties":{"OBJECTID":10505,"AGINO":"D09A011","SUADI":null,"ISTADI":null,"ILKODU":7,"ILCEKODU":1483,"KOT":null,"TEKERRUR_YILI":null,"Q2":null,"Q5":null,"Q25":null,"Q100":null,"Q500":null,"MaxFlow":null,"MaxDate":null,"Q10":null,"Q50":null,"Q200":null,"Q1000":null,"HAVZA_ID":9,"entityId":"10505","entityType":"flowStations","id":"10505","name":"D09A011","stationId":"D09A011","basinId":9,"flow":null,"status":"no_data","color":"#94a3b8","width":2.8}},{"type":"Feature","id":"10506","geometry":{"type":"Point","coordinates":[32.12166700000006,36.54944400000005]},"properties":{"OBJECTID":10506,"AGINO":"D09A013","SUADI":null,"ISTADI":null,"ILKODU":7,"ILCEKODU":1126,"KOT":null,"TEKERRUR_YILI":null,"Q2":null,"Q5":null,"Q25":null,"Q100":null,"Q500":null,"MaxFlow":null,"MaxDate":null,"Q10":null,"Q50":null,"Q200":null,"Q1000":null,"HAVZA_ID":9,"entityId":"10506","entityType":"flowStations","id":"10506","name":"D09A013","stationId":"D09A013","basinId":9,"flow":null,"status":"no_data","color":"#94a3b8","width":2.8}},{"type":"Feature","id":"10507","geometry":{"type":"Point","coordinates":[30.573611000000028,36.93472200000008]},"properties":{"OBJECTID":10507,"AGINO":"D09A031","SUADI":null,"ISTADI":null,"ILKODU":7,"ILCEKODU":2038,"KOT":null,"TEKERRUR_YILI":null,"Q2":null,"Q5":null,"Q25":null,"Q100":null,"Q500":null,"MaxFlow":null,"MaxDate":null,"Q10":null,"Q50":null,"Q200":null,"Q1000":null,"HAVZA_ID":9,"entityId":"10507","entityType":"flowStations","id":"10507","name":"D09A031","stationId":"D09A031","basinId":9,"flow":null,"status":"no_data","color":"#94a3b8","width":2.8}},{"type":"Feature","id":"10508","geometry":{"type":"Point","coordinates":[30.942222000000072,37.13166700000005]},"properties":{"OBJECTID":10508,"AGINO":"D09A034","SUADI":null,"ISTADI":null,"ILKODU":7,"ILCEKODU":1616,"KOT":null,"TEKERRUR_YILI":null,"Q2":null,"Q5":null,"Q25":null,"Q100":null,"Q500":null,"MaxFlow":null,"MaxDate":null,"Q10":null,"Q50":null,"Q200":null,"Q1000":null,"HAVZA_ID":9,"entityId":"10508","entityType":"flowStations","id":"10508","name":"D09A034","stationId":"D09A034","basinId":9,"flow":null,"status":"no_data","color":"#94a3b8","width":2.8}},{"type":"Feature","id":"10509","geometry":{"type":"Point","coordinates":[30.755278000000033,36.93750000000006]},"properties":{"OBJECTID":10509,"AGINO":"D09A056","SUADI":null,"ISTADI":null,"ILKODU":7,"ILCEKODU":2037,"KOT":null,"TEKERRUR_YILI":null,"Q2":null,"Q5":null,"Q25":null,"Q100":null,"Q500":null,"MaxFlow":null,"MaxDate":null,"Q10":null,"Q50":null,"Q200":null,"Q1000":null,"HAVZA_ID":9,"entityId":"10509","entityType":"flowStations","id":"10509","name":"D09A056","stationId":"D09A056","basinId":9,"flow":null,"status":"no_data","color":"#94a3b8","width":2.8}},{"type":"Feature","id":"10510","geometry":{"type":"Point","coordinates":[31.62277800000004,36.743889000000024]},"properties":{"OBJECTID":10510,"AGINO":"D09A067","SUADI":null,"ISTADI":null,"ILKODU":7,"ILCEKODU":1512,"KOT":null,"TEKERRUR_YILI":null,"Q2":null,"Q5":null,"Q25":null,"Q100":null,"Q500":null,"MaxFlow":null,"MaxDate":null,"Q10":null,"Q50":null,"Q200":null,"Q1000":null,"HAVZA_ID":9,"entityId":"10510","entityType":"flowStations","id":"10510","name":"D09A067","stationId":"D09A067","basinId":9,"flow":null,"status":"no_data","color":"#94a3b8","width":2.8}},{"type":"Feature","id":"10511","geometry":{"type":"Point","coordinates":[31.800000000000068,36.61388900000003]},"properties":{"OBJECTID":10511,"AGINO":"D09A068","SUADI":null,"ISTADI":null,"ILKODU":7,"ILCEKODU":1126,"KOT":null,"TEKERRUR_YILI":null,"Q2":null,"Q5":null,"Q25":null,"Q100":null,"Q500":null,"MaxFlow":null,"MaxDate":null,"Q10":null,"Q50":null,"Q200":null,"Q1000":null,"HAVZA_ID":9,"entityId":"10511","entityType":"flowStations","id":"10511","name":"D09A068","stationId":"D09A068","basinId":9,"flow":null,"status":"no_data","color":"#94a3b8","width":2.8}},{"type":"Feature","id":"10512","geometry":{"type":"Point","coordinates":[32.07777800000002,36.585000000000036]},"properties":{"OBJECTID":10512,"AGINO":"D09A084","SUADI":null,"ISTADI":null,"ILKODU":7,"ILCEKODU":1126,"KOT":null,"TEKERRUR_YILI":null,"Q2":null,"Q5":null,"Q25":null,"Q100":null,"Q500":null,"MaxFlow":null,"MaxDate":null,"Q10":null,"Q50":null,"Q200":null,"Q1000":null,"HAVZA_ID":9,"entityId":"10512","entityType":"flowStations","id":"10512","name":"D09A084","stationId":"D09A084","basinId":9,"flow":null,"status":"no_data","color":"#94a3b8","width":2.8}},{"type":"Feature","id":"10513","geometry":{"type":"Point","coordinates":[30.58055600000006,37.07194400000003]},"properties":{"OBJECTID":10513,"AGINO":"D09A091","SUADI":null,"ISTADI":null,"ILKODU":7,"ILCEKODU":2036,"KOT":null,"TEKERRUR_YILI":null,"Q2":null,"Q5":null,"Q25":null,"Q100":null,"Q500":null,"MaxFlow":null,"MaxDate":null,"Q10":null,"Q50":null,"Q200":null,"Q1000":null,"HAVZA_ID":9,"entityId":"10513","entityType":"flowStations","id":"10513","name":"D09A091","stationId":"D09A091","basinId":9,"flow":null,"status":"no_data","color":"#94a3b8","width":2.8}},{"type":"Feature","id":"10514","geometry":{"type":"Point","coordinates":[30.46722200000005,36.825000000000045]},"properties":{"OBJECTID":10514,"AGINO":"D09A095","SUADI":null,"ISTADI":null,"ILKODU":7,"ILCEKODU":2038,"KOT":null,"TEKERRUR_YILI":null,"Q2":null,"Q5":null,"Q25":null,"Q100":null,"Q500":null,"MaxFlow":null,"MaxDate":null,"Q10":null,"Q50":null,"Q200":null,"Q1000":null,"HAVZA_ID":9,"entityId":"10514","entityType":"flowStations","id":"10514","name":"D09A095","stationId":"D09A095","basinId":9,"flow":null,"status":"no_data","color":"#94a3b8","width":2.8}},{"type":"Feature","id":"10515","geometry":{"type":"Point","coordinates":[30.805000000000064,37.27083300000004]},"properties":{"OBJECTID":10515,"AGINO":"D09A098","SUADI":null,"ISTADI":null,"ILKODU":15,"ILCEKODU":1211,"KOT":null,"TEKERRUR_YILI":null,"Q2":null,"Q5":null,"Q25":null,"Q100":null,"Q500":null,"MaxFlow":null,"MaxDate":null,"Q10":null,"Q50":null,"Q200":null,"Q1000":null,"HAVZA_ID":9,"entityId":"10515","entityType":"flowStations","id":"10515","name":"D09A098","stationId":"D09A098","basinId":9,"flow":null,"status":"no_data","color":"#94a3b8","width":2.8}},{"type":"Feature","id":"10516","geometry":{"type":"Point","coordinates":[31.199722000000065,36.980000000000075]},"properties":{"OBJECTID":10516,"AGINO":"D09A101","SUADI":null,"ISTADI":null,"ILKODU":7,"ILCEKODU":1616,"KOT":null,"TEKERRUR_YILI":null,"Q2":null,"Q5":null,"Q25":null,"Q100":null,"Q500":null,"MaxFlow":null,"MaxDate":null,"Q10":null,"Q50":null,"Q200":null,"Q1000":null,"HAVZA_ID":9,"entityId":"10516","entityType":"flowStations","id":"10516","name":"D09A101","stationId":"D09A101","basinId":9,"flow":null,"status":"no_data","color":"#94a3b8","width":2.8}},{"type":"Feature","id":"10517","geometry":{"type":"Point","coordinates":[30.73416700000007,37.20277800000008]},"properties":{"OBJECTID":10517,"AGINO":"D09A104","SUADI":null,"ISTADI":null,"ILKODU":7,"ILCEKODU":2036,"KOT":null,"TEKERRUR_YILI":null,"Q2":null,"Q5":null,"Q25":null,"Q100":null,"Q500":null,"MaxFlow":null,"MaxDate":null,"Q10":null,"Q50":null,"Q200":null,"Q1000":null,"HAVZA_ID":9,"entityId":"10517","entityType":"flowStations","id":"10517","name":"D09A104","stationId":"D09A104","basinId":9,"flow":null,"status":"no_data","color":"#94a3b8","width":2.8}},{"type":"Feature","id":"10518","geometry":{"type":"Point","coordinates":[30.511944000000028,36.88972200000006]},"properties":{"OBJECTID":10518,"AGINO":"D09A111","SUADI":null,"ISTADI":null,"ILKODU":7,"ILCEKODU":2038,"KOT":null,"TEKERRUR_YILI":null,"Q2":null,"Q5":null,"Q25":null,"Q100":null,"Q500":null,"MaxFlow":null,"MaxDate":null,"Q10":null,"Q50":null,"Q200":null,"Q1000":null,"HAVZA_ID":9,"entityId":"10518","entityType":"flowStations","id":"10518","name":"D09A111","stationId":"D09A111","basinId":9,"flow":null,"status":"no_data","color":"#94a3b8","width":2.8}},{"type":"Feature","id":"10519","geometry":{"type":"Point","coordinates":[31.284722000000045,36.991667000000064]},"properties":{"OBJECTID":10519,"AGINO":"D09A122","SUADI":null,"ISTADI":null,"ILKODU":7,"ILCEKODU":1512,"KOT":null,"TEKERRUR_YILI":null,"Q2":null,"Q5":null,"Q25":null,"Q100":null,"Q500":null,"MaxFlow":null,"MaxDate":null,"Q10":null,"Q50":null,"Q200":null,"Q1000":null,"HAVZA_ID":9,"entityId":"10519","entityType":"flowStations","id":"10519","name":"D09A122","stationId":"D09A122","basinId":9,"flow":null,"status":"no_data","color":"#94a3b8","width":2.8}},{"type":"Feature","id":"10520","geometry":{"type":"Point","coordinates":[30.127778000000035,37.09888900000004]},"properties":{"OBJECTID":10520,"AGINO":"D09A131","SUADI":null,"ISTADI":null,"ILKODU":7,"ILCEKODU":1483,"KOT":null,"TEKERRUR_YILI":null,"Q2":null,"Q5":null,"Q25":null,"Q100":null,"Q500":null,"MaxFlow":null,"MaxDate":null,"Q10":null,"Q50":null,"Q200":null,"Q1000":null,"HAVZA_ID":9,"entityId":"10520","entityType":"flowStations","id":"10520","name":"D09A131","stationId":"D09A131","basinId":9,"flow":null,"status":"no_data","color":"#94a3b8","width":2.8}},{"type":"Feature","id":"10521","geometry":{"type":"Point","coordinates":[31.64472200000006,36.77750000000003]},"properties":{"OBJECTID":10521,"AGINO":"D09A135","SUADI":null,"ISTADI":null,"ILKODU":7,"ILCEKODU":1512,"KOT":null,"TEKERRUR_YILI":null,"Q2":null,"Q5":null,"Q25":null,"Q100":null,"Q500":null,"MaxFlow":null,"MaxDate":null,"Q10":null,"Q50":null,"Q200":null,"Q1000":null,"HAVZA_ID":9,"entityId":"10521","entityType":"flowStations","id":"10521","name":"D09A135","stationId":"D09A135","basinId":9,"flow":null,"status":"no_data","color":"#94a3b8","width":2.8}},{"type":"Feature","id":"10522","geometry":{"type":"Point","coordinates":[32.354167000000075,36.326111000000026]},"properties":{"OBJECTID":10522,"AGINO":"D17A027","SUADI":null,"ISTADI":null,"ILKODU":7,"ILCEKODU":1337,"KOT":null,"TEKERRUR_YILI":null,"Q2":null,"Q5":null,"Q25":null,"Q100":null,"Q500":null,"MaxFlow":null,"MaxDate":null,"Q10":null,"Q50":null,"Q200":null,"Q1000":null,"HAVZA_ID":17,"entityId":"10522","entityType":"flowStations","id":"10522","name":"D17A027","stationId":"D17A027","basinId":17,"flow":null,"status":"no_data","color":"#94a3b8","width":2.8}},{"type":"Feature","id":"10523","geometry":{"type":"Point","coordinates":[32.21611100000007,36.44500000000005]},"properties":{"OBJECTID":10523,"AGINO":"D17A038","SUADI":null,"ISTADI":null,"ILKODU":7,"ILCEKODU":1126,"KOT":null,"TEKERRUR_YILI":null,"Q2":null,"Q5":null,"Q25":null,"Q100":null,"Q500":null,"MaxFlow":null,"MaxDate":null,"Q10":null,"Q50":null,"Q200":null,"Q1000":null,"HAVZA_ID":9,"entityId":"10523","entityType":"flowStations","id":"10523","name":"D17A038","stationId":"D17A038","basinId":9,"flow":null,"status":"no_data","color":"#94a3b8","width":2.8}},{"type":"Feature","id":"10524","geometry":{"type":"Point","coordinates":[32.375556000000074,36.28888900000004]},"properties":{"OBJECTID":10524,"AGINO":"D17A039","SUADI":null,"ISTADI":null,"ILKODU":7,"ILCEKODU":1337,"KOT":null,"TEKERRUR_YILI":null,"Q2":null,"Q5":null,"Q25":null,"Q100":null,"Q500":null,"MaxFlow":null,"MaxDate":null,"Q10":null,"Q50":null,"Q200":null,"Q1000":null,"HAVZA_ID":17,"entityId":"10524","entityType":"flowStations","id":"10524","name":"D17A039","stationId":"D17A039","basinId":17,"flow":null,"status":"no_data","color":"#94a3b8","width":2.8}},{"type":"Feature","id":"10525","geometry":{"type":"Point","coordinates":[30.074444000000028,36.490833000000066]},"properties":{"OBJECTID":10525,"AGINO":"E08A008","SUADI":null,"ISTADI":null,"ILKODU":7,"ILCEKODU":1333,"KOT":null,"TEKERRUR_YILI":null,"Q2":null,"Q5":null,"Q25":null,"Q100":null,"Q500":null,"MaxFlow":null,"MaxDate":null,"Q10":null,"Q50":null,"Q200":null,"Q1000":null,"HAVZA_ID":8,"entityId":"10525","entityType":"flowStations","id":"10525","name":"E08A008","stationId":"E08A008","basinId":8,"flow":null,"status":"no_data","color":"#94a3b8","width":2.8}},{"type":"Feature","id":"10526","geometry":{"type":"Point","coordinates":[31.188611000000037,37.14166700000004]},"properties":{"OBJECTID":10526,"AGINO":"E09A002","SUADI":null,"ISTADI":null,"ILKODU":7,"ILCEKODU":1512,"KOT":null,"TEKERRUR_YILI":null,"Q2":null,"Q5":null,"Q25":null,"Q100":null,"Q500":null,"MaxFlow":null,"MaxDate":null,"Q10":null,"Q50":null,"Q200":null,"Q1000":null,"HAVZA_ID":9,"entityId":"10526","entityType":"flowStations","id":"10526","name":"E09A002","stationId":"E09A002","basinId":9,"flow":null,"status":"no_data","color":"#94a3b8","width":2.8}},{"type":"Feature","id":"10527","geometry":{"type":"Point","coordinates":[31.608611000000053,36.97944400000006]},"properties":{"OBJECTID":10527,"AGINO":"E09A012","SUADI":null,"ISTADI":null,"ILKODU":7,"ILCEKODU":1121,"KOT":null,"TEKERRUR_YILI":null,"Q2":null,"Q5":null,"Q25":null,"Q100":null,"Q500":null,"MaxFlow":null,"MaxDate":null,"Q10":null,"Q50":null,"Q200":null,"Q1000":null,"HAVZA_ID":9,"entityId":"10527","entityType":"flowStations","id":"10527","name":"E09A012","stationId":"E09A012","basinId":9,"flow":null,"status":"no_data","color":"#94a3b8","width":2.8}},{"type":"Feature","id":"10528","geometry":{"type":"Point","coordinates":[31.726667000000077,36.69694400000003]},"properties":{"OBJECTID":10528,"AGINO":"E09A017","SUADI":null,"ISTADI":null,"ILKODU":7,"ILCEKODU":1126,"KOT":null,"TEKERRUR_YILI":null,"Q2":null,"Q5":null,"Q25":null,"Q100":null,"Q500":null,"MaxFlow":null,"MaxDate":null,"Q10":null,"Q50":null,"Q200":null,"Q1000":null,"HAVZA_ID":9,"entityId":"10528","entityType":"flowStations","id":"10528","name":"E09A017","stationId":"E09A017","basinId":9,"flow":null,"status":"no_data","color":"#94a3b8","width":2.8}},{"type":"Feature","id":"10529","geometry":{"type":"Point","coordinates":[31.451667000000043,36.81666700000005]},"properties":{"OBJECTID":10529,"AGINO":"E09A018","SUADI":null,"ISTADI":null,"ILKODU":7,"ILCEKODU":1512,"KOT":null,"TEKERRUR_YILI":null,"Q2":null,"Q5":null,"Q25":null,"Q100":null,"Q500":null,"MaxFlow":null,"MaxDate":null,"Q10":null,"Q50":null,"Q200":null,"Q1000":null,"HAVZA_ID":9,"entityId":"10529","entityType":"flowStations","id":"10529","name":"E09A018","stationId":"E09A018","basinId":9,"flow":null,"status":"no_data","color":"#94a3b8","width":2.8}},{"type":"Feature","id":"10530","geometry":{"type":"Point","coordinates":[32.107222000000036,36.78138900000005]},"properties":{"OBJECTID":10530,"AGINO":"E09A022","SUADI":null,"ISTADI":null,"ILKODU":7,"ILCEKODU":1370,"KOT":null,"TEKERRUR_YILI":null,"Q2":null,"Q5":null,"Q25":null,"Q100":null,"Q500":null,"MaxFlow":null,"MaxDate":null,"Q10":null,"Q50":null,"Q200":null,"Q1000":null,"HAVZA_ID":9,"entityId":"10530","entityType":"flowStations","id":"10530","name":"E09A022","stationId":"E09A022","basinId":9,"flow":null,"status":"no_data","color":"#94a3b8","width":2.8}},{"type":"Feature","id":"10531","geometry":{"type":"Point","coordinates":[32.01666700000004,36.75916700000005]},"properties":{"OBJECTID":10531,"AGINO":"E09A024","SUADI":null,"ISTADI":null,"ILKODU":7,"ILCEKODU":1370,"KOT":null,"TEKERRUR_YILI":null,"Q2":null,"Q5":null,"Q25":null,"Q100":null,"Q500":null,"MaxFlow":null,"MaxDate":null,"Q10":null,"Q50":null,"Q200":null,"Q1000":null,"HAVZA_ID":9,"entityId":"10531","entityType":"flowStations","id":"10531","name":"E09A024","stationId":"E09A024","basinId":9,"flow":null,"status":"no_data","color":"#94a3b8","width":2.8}},{"type":"Feature","id":"10532","geometry":{"type":"Point","coordinates":[30.438889000000074,36.44750000000005]},"properties":{"OBJECTID":10532,"AGINO":"E09A029","SUADI":null,"ISTADI":null,"ILKODU":7,"ILCEKODU":1959,"KOT":null,"TEKERRUR_YILI":null,"Q2":null,"Q5":null,"Q25":null,"Q100":null,"Q500":null,"MaxFlow":null,"MaxDate":null,"Q10":null,"Q50":null,"Q200":null,"Q1000":null,"HAVZA_ID":8,"entityId":"10532","entityType":"flowStations","id":"10532","name":"E09A029","stationId":"E09A029","basinId":8,"flow":null,"status":"no_data","color":"#94a3b8","width":2.8}},{"type":"Feature","id":"10533","geometry":{"type":"Point","coordinates":[31.190278000000035,37.149444000000074]},"properties":{"OBJECTID":10533,"AGINO":"E09A030","SUADI":null,"ISTADI":null,"ILKODU":7,"ILCEKODU":1512,"KOT":null,"TEKERRUR_YILI":null,"Q2":null,"Q5":null,"Q25":null,"Q100":null,"Q500":null,"MaxFlow":null,"MaxDate":null,"Q10":null,"Q50":null,"Q200":null,"Q1000":null,"HAVZA_ID":9,"entityId":"10533","entityType":"flowStations","id":"10533","name":"E09A030","stationId":"E09A030","basinId":9,"flow":null,"status":"no_data","color":"#94a3b8","width":2.8}},{"type":"Feature","id":"10534","geometry":{"type":"Point","coordinates":[31.293333000000075,37.03694400000006]},"properties":{"OBJECTID":10534,"AGINO":"E09A032","SUADI":null,"ISTADI":null,"ILKODU":7,"ILCEKODU":1512,"KOT":null,"TEKERRUR_YILI":null,"Q2":null,"Q5":null,"Q25":null,"Q100":null,"Q500":null,"MaxFlow":null,"MaxDate":null,"Q10":null,"Q50":null,"Q200":null,"Q1000":null,"HAVZA_ID":9,"entityId":"10534","entityType":"flowStations","id":"10534","name":"E09A032","stationId":"E09A032","basinId":9,"flow":null,"status":"no_data","color":"#94a3b8","width":2.8}},{"type":"Feature","id":"10535","geometry":{"type":"Point","coordinates":[31.168333000000075,37.29111100000006]},"properties":{"OBJECTID":10535,"AGINO":"E09A033","SUADI":null,"ISTADI":null,"ILKODU":7,"ILCEKODU":1512,"KOT":null,"TEKERRUR_YILI":null,"Q2":null,"Q5":null,"Q25":null,"Q100":null,"Q500":null,"MaxFlow":null,"MaxDate":null,"Q10":null,"Q50":null,"Q200":null,"Q1000":null,"HAVZA_ID":9,"entityId":"10535","entityType":"flowStations","id":"10535","name":"E09A033","stationId":"E09A033","basinId":9,"flow":null,"status":"no_data","color":"#94a3b8","width":2.8}},{"type":"Feature","id":"10613","geometry":{"type":"Point","coordinates":[30.129167000000052,37.04416700000007]},"properties":{"OBJECTID":10613,"AGINO":"D09A099","SUADI":null,"ISTADI":null,"ILKODU":7,"ILCEKODU":1483,"KOT":null,"TEKERRUR_YILI":null,"Q2":null,"Q5":null,"Q25":null,"Q100":null,"Q500":null,"MaxFlow":null,"MaxDate":null,"Q10":null,"Q50":null,"Q200":null,"Q1000":null,"HAVZA_ID":9,"entityId":"10613","entityType":"flowStations","id":"10613","name":"D09A099","stationId":"D09A099","basinId":9,"flow":null,"status":"no_data","color":"#94a3b8","width":2.8}},{"type":"Feature","id":"10614","geometry":{"type":"Point","coordinates":[30.125000000000057,37.03916700000008]},"properties":{"OBJECTID":10614,"AGINO":"D09A102","SUADI":null,"ISTADI":null,"ILKODU":7,"ILCEKODU":1483,"KOT":null,"TEKERRUR_YILI":null,"Q2":null,"Q5":null,"Q25":null,"Q100":null,"Q500":null,"MaxFlow":null,"MaxDate":null,"Q10":null,"Q50":null,"Q200":null,"Q1000":null,"HAVZA_ID":9,"entityId":"10614","entityType":"flowStations","id":"10614","name":"D09A102","stationId":"D09A102","basinId":9,"flow":null,"status":"no_data","color":"#94a3b8","width":2.8}},{"type":"Feature","id":"10659","geometry":{"type":"Point","coordinates":[29.77611100000007,41.07777800000008]},"properties":{"OBJECTID":10659,"AGINO":"D02A004","SUADI":null,"ISTADI":null,"ILKODU":34,"ILCEKODU":1659,"KOT":null,"TEKERRUR_YILI":null,"Q2":null,"Q5":null,"Q25":null,"Q100":null,"Q500":null,"MaxFlow":null,"MaxDate":null,"Q10":null,"Q50":null,"Q200":null,"Q1000":null,"HAVZA_ID":2,"entityId":"10659","entityType":"flowStations","id":"10659","name":"D02A004","stationId":"D02A004","basinId":2,"flow":null,"status":"no_data","color":"#94a3b8","width":2.8}},{"type":"Feature","id":"10660","geometry":{"type":"Point","coordinates":[28.312778000000037,41.38000000000005]},"properties":{"OBJECTID":10660,"AGINO":"D02A028","SUADI":null,"ISTADI":null,"ILKODU":34,"ILCEKODU":1237,"KOT":null,"TEKERRUR_YILI":null,"Q2":null,"Q5":null,"Q25":null,"Q100":null,"Q500":null,"MaxFlow":null,"MaxDate":null,"Q10":null,"Q50":null,"Q200":null,"Q1000":null,"HAVZA_ID":2,"entityId":"10660","entityType":"flowStations","id":"10660","name":"D02A028","stationId":"D02A028","basinId":2,"flow":null,"status":"no_data","color":"#94a3b8","width":2.8}},{"type":"Feature","id":"10661","geometry":{"type":"Point","coordinates":[28.853333000000077,41.16388900000004]},"properties":{"OBJECTID":10661,"AGINO":"D02A047","SUADI":null,"ISTADI":null,"ILKODU":34,"ILCEKODU":1325,"KOT":null,"TEKERRUR_YILI":null,"Q2":null,"Q5":null,"Q25":null,"Q100":null,"Q500":null,"MaxFlow":null,"MaxDate":null,"Q10":null,"Q50":null,"Q200":null,"Q1000":null,"HAVZA_ID":2,"entityId":"10661","entityType":"flowStations","id":"10661","name":"D02A047","stationId":"D02A047","basinId":2,"flow":null,"status":"no_data","color":"#94a3b8","width":2.8}},{"type":"Feature","id":"10662","geometry":{"type":"Point","coordinates":[29.470278000000064,41.05194400000005]},"properties":{"OBJECTID":10662,"AGINO":"D02A055","SUADI":null,"ISTADI":null,"ILKODU":34,"ILCEKODU":1659,"KOT":null,"TEKERRUR_YILI":null,"Q2":null,"Q5":null,"Q25":null,"Q100":null,"Q500":null,"MaxFlow":null,"MaxDate":null,"Q10":null,"Q50":null,"Q200":null,"Q1000":null,"HAVZA_ID":2,"entityId":"10662","entityType":"flowStations","id":"10662","name":"D02A055","stationId":"D02A055","basinId":2,"flow":null,"status":"no_data","color":"#94a3b8","width":2.8}},{"type":"Feature","id":"10663","geometry":{"type":"Point","coordinates":[29.45472200000006,40.96777800000007]},"properties":{"OBJECTID":10663,"AGINO":"D02A067","SUADI":null,"ISTADI":null,"ILKODU":34,"ILCEKODU":2015,"KOT":null,"TEKERRUR_YILI":null,"Q2":null,"Q5":null,"Q25":null,"Q100":null,"Q500":null,"MaxFlow":null,"MaxDate":null,"Q10":null,"Q50":null,"Q200":null,"Q1000":null,"HAVZA_ID":2,"entityId":"10663","entityType":"flowStations","id":"10663","name":"D02A067","stationId":"D02A067","basinId":2,"flow":null,"status":"no_data","color":"#94a3b8","width":2.8}},{"type":"Feature","id":"10664","geometry":{"type":"Point","coordinates":[30.17527800000005,41.09111100000007]},"properties":{"OBJECTID":10664,"AGINO":"D02A098","SUADI":null,"ISTADI":null,"ILKODU":41,"ILCEKODU":1430,"KOT":null,"TEKERRUR_YILI":null,"Q2":null,"Q5":null,"Q25":null,"Q100":null,"Q500":null,"MaxFlow":null,"MaxDate":null,"Q10":null,"Q50":null,"Q200":null,"Q1000":null,"HAVZA_ID":2,"entityId":"10664","entityType":"flowStations","id":"10664","name":"D02A098","stationId":"D02A098","basinId":2,"flow":null,"status":"no_data","color":"#94a3b8","width":2.8}},{"type":"Feature","id":"10665","geometry":{"type":"Point","coordinates":[30.02083300000004,41.11722200000003]},"properties":{"OBJECTID":10665,"AGINO":"D02A100","SUADI":null,"ISTADI":null,"ILKODU":41,"ILCEKODU":1430,"KOT":null,"TEKERRUR_YILI":null,"Q2":null,"Q5":null,"Q25":null,"Q100":null,"Q500":null,"MaxFlow":null,"MaxDate":null,"Q10":null,"Q50":null,"Q200":null,"Q1000":null,"HAVZA_ID":2,"entityId":"10665","entityType":"flowStations","id":"10665","name":"D02A100","stationId":"D02A100","basinId":2,"flow":null,"status":"no_data","color":"#94a3b8","width":2.8}},{"type":"Feature","id":"10666","geometry":{"type":"Point","coordinates":[29.900000000000034,41.09305600000005]},"properties":{"OBJECTID":10666,"AGINO":"D02A101","SUADI":null,"ISTADI":null,"ILKODU":34,"ILCEKODU":1659,"KOT":null,"TEKERRUR_YILI":null,"Q2":null,"Q5":null,"Q25":null,"Q100":null,"Q500":null,"MaxFlow":null,"MaxDate":null,"Q10":null,"Q50":null,"Q200":null,"Q1000":null,"HAVZA_ID":2,"entityId":"10666","entityType":"flowStations","id":"10666","name":"D02A101","stationId":"D02A101","basinId":2,"flow":null,"status":"no_data","color":"#94a3b8","width":2.8}},{"type":"Feature","id":"10667","geometry":{"type":"Point","coordinates":[29.690000000000055,41.14305600000006]},"properties":{"OBJECTID":10667,"AGINO":"D02A102","SUADI":null,"ISTADI":null,"ILKODU":34,"ILCEKODU":1659,"KOT":null,"TEKERRUR_YILI":null,"Q2":null,"Q5":null,"Q25":null,"Q100":null,"Q500":null,"MaxFlow":null,"MaxDate":null,"Q10":null,"Q50":null,"Q200":null,"Q1000":null,"HAVZA_ID":2,"entityId":"10667","entityType":"flowStations","id":"10667","name":"D02A102","stationId":"D02A102","basinId":2,"flow":null,"status":"no_data","color":"#94a3b8","width":2.8}},{"type":"Feature","id":"10668","geometry":{"type":"Point","coordinates":[30.24722200000008,41.145278000000076]},"properties":{"OBJECTID":10668,"AGINO":"D02A104","SUADI":null,"ISTADI":null,"ILKODU":41,"ILCEKODU":1430,"KOT":null,"TEKERRUR_YILI":null,"Q2":null,"Q5":null,"Q25":null,"Q100":null,"Q500":null,"MaxFlow":null,"MaxDate":null,"Q10":null,"Q50":null,"Q200":null,"Q1000":null,"HAVZA_ID":2,"entityId":"10668","entityType":"flowStations","id":"10668","name":"D02A104","stationId":"D02A104","basinId":2,"flow":null,"status":"no_data","color":"#94a3b8","width":2.8}},{"type":"Feature","id":"10669","geometry":{"type":"Point","coordinates":[28.524167000000034,41.18583300000006]},"properties":{"OBJECTID":10669,"AGINO":"D02A116","SUADI":null,"ISTADI":null,"ILKODU":34,"ILCEKODU":1237,"KOT":null,"TEKERRUR_YILI":null,"Q2":null,"Q5":null,"Q25":null,"Q100":null,"Q500":null,"MaxFlow":null,"MaxDate":null,"Q10":null,"Q50":null,"Q200":null,"Q1000":null,"HAVZA_ID":2,"entityId":"10669","entityType":"flowStations","id":"10669","name":"D02A116","stationId":"D02A116","basinId":2,"flow":null,"status":"no_data","color":"#94a3b8","width":2.8}},{"type":"Feature","id":"10670","geometry":{"type":"Point","coordinates":[28.499722000000077,41.10333300000008]},"properties":{"OBJECTID":10670,"AGINO":"D02A117","SUADI":null,"ISTADI":null,"ILKODU":34,"ILCEKODU":1237,"KOT":null,"TEKERRUR_YILI":null,"Q2":null,"Q5":null,"Q25":null,"Q100":null,"Q500":null,"MaxFlow":null,"MaxDate":null,"Q10":null,"Q50":null,"Q200":null,"Q1000":null,"HAVZA_ID":2,"entityId":"10670","entityType":"flowStations","id":"10670","name":"D02A117","stationId":"D02A117","basinId":2,"flow":null,"status":"no_data","color":"#94a3b8","width":2.8}},{"type":"Feature","id":"10671","geometry":{"type":"Point","coordinates":[29.51555600000006,41.12222200000008]},"properties":{"OBJECTID":10671,"AGINO":"D02A140","SUADI":null,"ISTADI":null,"ILKODU":34,"ILCEKODU":1659,"KOT":null,"TEKERRUR_YILI":null,"Q2":null,"Q5":null,"Q25":null,"Q100":null,"Q500":null,"MaxFlow":null,"MaxDate":null,"Q10":null,"Q50":null,"Q200":null,"Q1000":null,"HAVZA_ID":2,"entityId":"10671","entityType":"flowStations","id":"10671","name":"D02A140","stationId":"D02A140","basinId":2,"flow":null,"status":"no_data","color":"#94a3b8","width":2.8}},{"type":"Feature","id":"10672","geometry":{"type":"Point","coordinates":[29.85222200000004,41.07194400000003]},"properties":{"OBJECTID":10672,"AGINO":"D02A149","SUADI":null,"ISTADI":null,"ILKODU":34,"ILCEKODU":1659,"KOT":null,"TEKERRUR_YILI":null,"Q2":null,"Q5":null,"Q25":null,"Q100":null,"Q500":null,"MaxFlow":null,"MaxDate":null,"Q10":null,"Q50":null,"Q200":null,"Q1000":null,"HAVZA_ID":2,"entityId":"10672","entityType":"flowStations","id":"10672","name":"D02A149","stationId":"D02A149","basinId":2,"flow":null,"status":"no_data","color":"#94a3b8","width":2.8}},{"type":"Feature","id":"10673","geometry":{"type":"Point","coordinates":[29.618889000000024,41.115833000000066]},"properties":{"OBJECTID":10673,"AGINO":"D02A157","SUADI":null,"ISTADI":null,"ILKODU":34,"ILCEKODU":1659,"KOT":null,"TEKERRUR_YILI":null,"Q2":null,"Q5":null,"Q25":null,"Q100":null,"Q500":null,"MaxFlow":null,"MaxDate":null,"Q10":null,"Q50":null,"Q200":null,"Q1000":null,"HAVZA_ID":2,"entityId":"10673","entityType":"flowStations","id":"10673","name":"D02A157","stationId":"D02A157","basinId":2,"flow":null,"status":"no_data","color":"#94a3b8","width":2.8}},{"type":"Feature","id":"10674","geometry":{"type":"Point","coordinates":[28.189722000000074,41.14222200000006]},"properties":{"OBJECTID":10674,"AGINO":"D02A158","SUADI":null,"ISTADI":null,"ILKODU":34,"ILCEKODU":1622,"KOT":null,"TEKERRUR_YILI":null,"Q2":null,"Q5":null,"Q25":null,"Q100":null,"Q500":null,"MaxFlow":null,"MaxDate":null,"Q10":null,"Q50":null,"Q200":null,"Q1000":null,"HAVZA_ID":2,"entityId":"10674","entityType":"flowStations","id":"10674","name":"D02A158","stationId":"D02A158","basinId":2,"flow":null,"status":"no_data","color":"#94a3b8","width":2.8}},{"type":"Feature","id":"10675","geometry":{"type":"Point","coordinates":[29.669167000000073,41.15194400000007]},"properties":{"OBJECTID":10675,"AGINO":"D02A159","SUADI":null,"ISTADI":null,"ILKODU":34,"ILCEKODU":1659,"KOT":null,"TEKERRUR_YILI":null,"Q2":null,"Q5":null,"Q25":null,"Q100":null,"Q500":null,"MaxFlow":null,"MaxDate":null,"Q10":null,"Q50":null,"Q200":null,"Q1000":null,"HAVZA_ID":2,"entityId":"10675","entityType":"flowStations","id":"10675","name":"D02A159","stationId":"D02A159","basinId":2,"flow":null,"status":"no_data","color":"#94a3b8","width":2.8}},{"type":"Feature","id":"10677","geometry":{"type":"Point","coordinates":[29.816944000000035,41.14000000000004]},"properties":{"OBJECTID":10677,"AGINO":"D02A165","SUADI":null,"ISTADI":null,"ILKODU":34,"ILCEKODU":1659,"KOT":null,"TEKERRUR_YILI":null,"Q2":null,"Q5":null,"Q25":null,"Q100":null,"Q500":null,"MaxFlow":null,"MaxDate":null,"Q10":null,"Q50":null,"Q200":null,"Q1000":null,"HAVZA_ID":2,"entityId":"10677","entityType":"flowStations","id":"10677","name":"D02A165","stationId":"D02A165","basinId":2,"flow":null,"status":"no_data","color":"#94a3b8","width":2.8}},{"type":"Feature","id":"10678","geometry":{"type":"Point","coordinates":[28.458889000000056,41.16361100000006]},"properties":{"OBJECTID":10678,"AGINO":"D02A166","SUADI":null,"ISTADI":null,"ILKODU":34,"ILCEKODU":1237,"KOT":null,"TEKERRUR_YILI":null,"Q2":null,"Q5":null,"Q25":null,"Q100":null,"Q500":null,"MaxFlow":null,"MaxDate":null,"Q10":null,"Q50":null,"Q200":null,"Q1000":null,"HAVZA_ID":2,"entityId":"10678","entityType":"flowStations","id":"10678","name":"D02A166","stationId":"D02A166","basinId":2,"flow":null,"status":"no_data","color":"#94a3b8","width":2.8}},{"type":"Feature","id":"10679","geometry":{"type":"Point","coordinates":[29.161944000000062,41.211667000000034]},"properties":{"OBJECTID":10679,"AGINO":"D02A167","SUADI":null,"ISTADI":null,"ILKODU":34,"ILCEKODU":1185,"KOT":null,"TEKERRUR_YILI":null,"Q2":null,"Q5":null,"Q25":null,"Q100":null,"Q500":null,"MaxFlow":null,"MaxDate":null,"Q10":null,"Q50":null,"Q200":null,"Q1000":null,"HAVZA_ID":2,"entityId":"10679","entityType":"flowStations","id":"10679","name":"D02A167","stationId":"D02A167","basinId":2,"flow":null,"status":"no_data","color":"#94a3b8","width":2.8}},{"type":"Feature","id":"10680","geometry":{"type":"Point","coordinates":[29.771389000000056,41.137778000000026]},"properties":{"OBJECTID":10680,"AGINO":"D02A169","SUADI":null,"ISTADI":null,"ILKODU":34,"ILCEKODU":1659,"KOT":null,"TEKERRUR_YILI":null,"Q2":null,"Q5":null,"Q25":null,"Q100":null,"Q500":null,"MaxFlow":null,"MaxDate":null,"Q10":null,"Q50":null,"Q200":null,"Q1000":null,"HAVZA_ID":2,"entityId":"10680","entityType":"flowStations","id":"10680","name":"D02A169","stationId":"D02A169","basinId":2,"flow":null,"status":"no_data","color":"#94a3b8","width":2.8}},{"type":"Feature","id":"10681","geometry":{"type":"Point","coordinates":[28.13250000000005,41.10916700000007]},"properties":{"OBJECTID":10681,"AGINO":"D02A170","SUADI":null,"ISTADI":null,"ILKODU":34,"ILCEKODU":1622,"KOT":null,"TEKERRUR_YILI":null,"Q2":null,"Q5":null,"Q25":null,"Q100":null,"Q500":null,"MaxFlow":null,"MaxDate":null,"Q10":null,"Q50":null,"Q200":null,"Q1000":null,"HAVZA_ID":2,"entityId":"10681","entityType":"flowStations","id":"10681","name":"D02A170","stationId":"D02A170","basinId":2,"flow":null,"status":"no_data","color":"#94a3b8","width":2.8}},{"type":"Feature","id":"10682","geometry":{"type":"Point","coordinates":[29.72500000000008,41.14277800000008]},"properties":{"OBJECTID":10682,"AGINO":"D02A171","SUADI":null,"ISTADI":null,"ILKODU":34,"ILCEKODU":1659,"KOT":null,"TEKERRUR_YILI":null,"Q2":null,"Q5":null,"Q25":null,"Q100":null,"Q500":null,"MaxFlow":null,"MaxDate":null,"Q10":null,"Q50":null,"Q200":null,"Q1000":null,"HAVZA_ID":2,"entityId":"10682","entityType":"flowStations","id":"10682","name":"D02A171","stationId":"D02A171","basinId":2,"flow":null,"status":"no_data","color":"#94a3b8","width":2.8}},{"type":"Feature","id":"10683","geometry":{"type":"Point","coordinates":[30.634722000000068,41.05916700000006]},"properties":{"OBJECTID":10683,"AGINO":"D12A197","SUADI":null,"ISTADI":null,"ILKODU":54,"ILCEKODU":1442,"KOT":null,"TEKERRUR_YILI":null,"Q2":null,"Q5":null,"Q25":null,"Q100":null,"Q500":null,"MaxFlow":null,"MaxDate":null,"Q10":null,"Q50":null,"Q200":null,"Q1000":null,"HAVZA_ID":12,"entityId":"10683","entityType":"flowStations","id":"10683","name":"D12A197","stationId":"D12A197","basinId":12,"flow":null,"status":"no_data","color":"#94a3b8","width":2.8}},{"type":"Feature","id":"10684","geometry":{"type":"Point","coordinates":[30.441389000000072,41.05083300000007]},"properties":{"OBJECTID":10684,"AGINO":"D12A218","SUADI":null,"ISTADI":null,"ILKODU":54,"ILCEKODU":1453,"KOT":null,"TEKERRUR_YILI":null,"Q2":null,"Q5":null,"Q25":null,"Q100":null,"Q500":null,"MaxFlow":null,"MaxDate":null,"Q10":null,"Q50":null,"Q200":null,"Q1000":null,"HAVZA_ID":12,"entityId":"10684","entityType":"flowStations","id":"10684","name":"D12A218","stationId":"D12A218","basinId":12,"flow":null,"status":"no_data","color":"#94a3b8","width":2.8}},{"type":"Feature","id":"10685","geometry":{"type":"Point","coordinates":[30.262500000000045,41.00472200000007]},"properties":{"OBJECTID":10685,"AGINO":"D12A219","SUADI":null,"ISTADI":null,"ILKODU":54,"ILCEKODU":1453,"KOT":null,"TEKERRUR_YILI":null,"Q2":null,"Q5":null,"Q25":null,"Q100":null,"Q500":null,"MaxFlow":null,"MaxDate":null,"Q10":null,"Q50":null,"Q200":null,"Q1000":null,"HAVZA_ID":12,"entityId":"10685","entityType":"flowStations","id":"10685","name":"D12A219","stationId":"D12A219","basinId":12,"flow":null,"status":"no_data","color":"#94a3b8","width":2.8}},{"type":"Feature","id":"10686","geometry":{"type":"Point","coordinates":[30.313056000000074,40.89388900000006]},"properties":{"OBJECTID":10686,"AGINO":"D12A224","SUADI":null,"ISTADI":null,"ILKODU":54,"ILCEKODU":2068,"KOT":null,"TEKERRUR_YILI":null,"Q2":null,"Q5":null,"Q25":null,"Q100":null,"Q500":null,"MaxFlow":null,"MaxDate":null,"Q10":null,"Q50":null,"Q200":null,"Q1000":null,"HAVZA_ID":12,"entityId":"10686","entityType":"flowStations","id":"10686","name":"D12A224","stationId":"D12A224","basinId":12,"flow":null,"status":"no_data","color":"#94a3b8","width":2.8}},{"type":"Feature","id":"10688","geometry":{"type":"Point","coordinates":[30.60194400000006,41.024722000000054]},"properties":{"OBJECTID":10688,"AGINO":"E12A057","SUADI":null,"ISTADI":null,"ILKODU":54,"ILCEKODU":1442,"KOT":null,"TEKERRUR_YILI":null,"Q2":null,"Q5":null,"Q25":null,"Q100":null,"Q500":null,"MaxFlow":null,"MaxDate":null,"Q10":null,"Q50":null,"Q200":null,"Q1000":null,"HAVZA_ID":12,"entityId":"10688","entityType":"flowStations","id":"10688","name":"E12A057","stationId":"E12A057","basinId":12,"flow":null,"status":"no_data","color":"#94a3b8","width":2.8}},{"type":"Feature","id":"10712","geometry":{"type":"Point","coordinates":[28.976667000000077,41.083611000000076]},"properties":{"OBJECTID":10712,"AGINO":"D02A136","SUADI":null,"ISTADI":null,"ILKODU":34,"ILCEKODU":1810,"KOT":null,"TEKERRUR_YILI":null,"Q2":null,"Q5":null,"Q25":null,"Q100":null,"Q500":null,"MaxFlow":null,"MaxDate":null,"Q10":null,"Q50":null,"Q200":null,"Q1000":null,"HAVZA_ID":2,"entityId":"10712","entityType":"flowStations","id":"10712","name":"D02A136","stationId":"D02A136","basinId":2,"flow":null,"status":"no_data","color":"#94a3b8","width":2.8}},{"type":"Feature","id":"10715","geometry":{"type":"Point","coordinates":[28.996944000000042,41.11194400000005]},"properties":{"OBJECTID":10715,"AGINO":"D02A146","SUADI":null,"ISTADI":null,"ILKODU":34,"ILCEKODU":1604,"KOT":null,"TEKERRUR_YILI":null,"Q2":null,"Q5":null,"Q25":null,"Q100":null,"Q500":null,"MaxFlow":null,"MaxDate":null,"Q10":null,"Q50":null,"Q200":null,"Q1000":null,"HAVZA_ID":2,"entityId":"10715","entityType":"flowStations","id":"10715","name":"D02A146","stationId":"D02A146","basinId":2,"flow":null,"status":"no_data","color":"#94a3b8","width":2.8}},{"type":"Feature","id":"10724","geometry":{"type":"Point","coordinates":[39.011389000000065,36.73416700000007]},"properties":{"OBJECTID":10724,"AGINO":"D21A146","SUADI":null,"ISTADI":null,"ILKODU":63,"ILCEKODU":1115,"KOT":null,"TEKERRUR_YILI":null,"Q2":null,"Q5":null,"Q25":null,"Q100":null,"Q500":null,"MaxFlow":null,"MaxDate":null,"Q10":null,"Q50":null,"Q200":null,"Q1000":null,"HAVZA_ID":21,"entityId":"10724","entityType":"flowStations","id":"10724","name":"D21A146","stationId":"D21A146","basinId":21,"flow":null,"status":"no_data","color":"#94a3b8","width":2.8}},{"type":"Feature","id":"10725","geometry":{"type":"Point","coordinates":[39.34361100000007,37.605278000000055]},"properties":{"OBJECTID":10725,"AGINO":"D21A250","SUADI":null,"ISTADI":null,"ILKODU":63,"ILCEKODU":1630,"KOT":null,"TEKERRUR_YILI":null,"Q2":null,"Q5":null,"Q25":null,"Q100":null,"Q500":null,"MaxFlow":null,"MaxDate":null,"Q10":null,"Q50":null,"Q200":null,"Q1000":null,"HAVZA_ID":21,"entityId":"10725","entityType":"flowStations","id":"10725","name":"D21A250","stationId":"D21A250","basinId":21,"flow":null,"status":"no_data","color":"#94a3b8","width":2.8}},{"type":"Feature","id":"10731","geometry":{"type":"Point","coordinates":[39.99972200000008,36.845556000000045]},"properties":{"OBJECTID":10731,"AGINO":"D21A325","SUADI":null,"ISTADI":null,"ILKODU":63,"ILCEKODU":1220,"KOT":null,"TEKERRUR_YILI":null,"Q2":null,"Q5":null,"Q25":null,"Q100":null,"Q500":null,"MaxFlow":null,"MaxDate":null,"Q10":null,"Q50":null,"Q200":null,"Q1000":null,"HAVZA_ID":21,"entityId":"10731","entityType":"flowStations","id":"10731","name":"D21A325","stationId":"D21A325","basinId":21,"flow":null,"status":"no_data","color":"#94a3b8","width":2.8}},{"type":"Feature","id":"10754","geometry":{"type":"Point","coordinates":[42.283056000000045,39.33111100000008]},"properties":{"OBJECTID":10754,"AGINO":"D21A148","SUADI":null,"ISTADI":null,"ILKODU":49,"ILCEKODU":1510,"KOT":null,"TEKERRUR_YILI":null,"Q2":null,"Q5":null,"Q25":null,"Q100":null,"Q500":null,"MaxFlow":null,"MaxDate":null,"Q10":null,"Q50":null,"Q200":null,"Q1000":null,"HAVZA_ID":21,"entityId":"10754","entityType":"flowStations","id":"10754","name":"D21A148","stationId":"D21A148","basinId":21,"flow":null,"status":"no_data","color":"#94a3b8","width":2.8}},{"type":"Feature","id":"10756","geometry":{"type":"Point","coordinates":[42.02972200000005,39.11305600000003]},"properties":{"OBJECTID":10756,"AGINO":"D21A335","SUADI":null,"ISTADI":null,"ILKODU":49,"ILCEKODU":1213,"KOT":null,"TEKERRUR_YILI":null,"Q2":null,"Q5":null,"Q25":null,"Q100":null,"Q500":null,"MaxFlow":null,"MaxDate":null,"Q10":null,"Q50":null,"Q200":null,"Q1000":null,"HAVZA_ID":21,"entityId":"10756","entityType":"flowStations","id":"10756","name":"D21A335","stationId":"D21A335","basinId":21,"flow":null,"status":"no_data","color":"#94a3b8","width":2.8}},{"type":"Feature","id":"10759","geometry":{"type":"Point","coordinates":[43.12111100000004,38.306944000000044]},"properties":{"OBJECTID":10759,"AGINO":"D25A021","SUADI":null,"ISTADI":null,"ILKODU":65,"ILCEKODU":1350,"KOT":null,"TEKERRUR_YILI":null,"Q2":null,"Q5":null,"Q25":null,"Q100":null,"Q500":null,"MaxFlow":null,"MaxDate":null,"Q10":null,"Q50":null,"Q200":null,"Q1000":null,"HAVZA_ID":25,"entityId":"10759","entityType":"flowStations","id":"10759","name":"D25A021","stationId":"D25A021","basinId":25,"flow":null,"status":"no_data","color":"#94a3b8","width":2.8}},{"type":"Feature","id":"10762","geometry":{"type":"Point","coordinates":[44.32111100000003,38.49750000000006]},"properties":{"OBJECTID":10762,"AGINO":"D25A037","SUADI":null,"ISTADI":null,"ILKODU":65,"ILCEKODU":1980,"KOT":null,"TEKERRUR_YILI":null,"Q2":null,"Q5":null,"Q25":null,"Q100":null,"Q500":null,"MaxFlow":null,"MaxDate":null,"Q10":null,"Q50":null,"Q200":null,"Q1000":null,"HAVZA_ID":25,"entityId":"10762","entityType":"flowStations","id":"10762","name":"D25A037","stationId":"D25A037","basinId":25,"flow":null,"status":"no_data","color":"#94a3b8","width":2.8}},{"type":"Feature","id":"10763","geometry":{"type":"Point","coordinates":[42.99777800000004,38.30194400000005]},"properties":{"OBJECTID":10763,"AGINO":"D25A038","SUADI":null,"ISTADI":null,"ILKODU":65,"ILCEKODU":1350,"KOT":null,"TEKERRUR_YILI":null,"Q2":null,"Q5":null,"Q25":null,"Q100":null,"Q500":null,"MaxFlow":null,"MaxDate":null,"Q10":null,"Q50":null,"Q200":null,"Q1000":null,"HAVZA_ID":25,"entityId":"10763","entityType":"flowStations","id":"10763","name":"D25A038","stationId":"D25A038","basinId":25,"flow":null,"status":"no_data","color":"#94a3b8","width":2.8}},{"type":"Feature","id":"10764","geometry":{"type":"Point","coordinates":[43.242500000000064,38.60333300000008]},"properties":{"OBJECTID":10764,"AGINO":"D25A039","SUADI":null,"ISTADI":null,"ILKODU":65,"ILCEKODU":2099,"KOT":null,"TEKERRUR_YILI":null,"Q2":null,"Q5":null,"Q25":null,"Q100":null,"Q500":null,"MaxFlow":null,"MaxDate":null,"Q10":null,"Q50":null,"Q200":null,"Q1000":null,"HAVZA_ID":25,"entityId":"10764","entityType":"flowStations","id":"10764","name":"D25A039","stationId":"D25A039","basinId":25,"flow":null,"status":"no_data","color":"#94a3b8","width":2.8}},{"type":"Feature","id":"10765","geometry":{"type":"Point","coordinates":[42.345278000000064,38.44638900000007]},"properties":{"OBJECTID":10765,"AGINO":"D25A040","SUADI":null,"ISTADI":null,"ILKODU":13,"ILCEKODU":1669,"KOT":null,"TEKERRUR_YILI":null,"Q2":null,"Q5":null,"Q25":null,"Q100":null,"Q500":null,"MaxFlow":null,"MaxDate":null,"Q10":null,"Q50":null,"Q200":null,"Q1000":null,"HAVZA_ID":21,"entityId":"10765","entityType":"flowStations","id":"10765","name":"D25A040","stationId":"D25A040","basinId":21,"flow":null,"status":"no_data","color":"#94a3b8","width":2.8}},{"type":"Feature","id":"10767","geometry":{"type":"Point","coordinates":[42.91333300000008,38.26944400000008]},"properties":{"OBJECTID":10767,"AGINO":"D25A043","SUADI":null,"ISTADI":null,"ILKODU":65,"ILCEKODU":1350,"KOT":null,"TEKERRUR_YILI":null,"Q2":null,"Q5":null,"Q25":null,"Q100":null,"Q500":null,"MaxFlow":null,"MaxDate":null,"Q10":null,"Q50":null,"Q200":null,"Q1000":null,"HAVZA_ID":25,"entityId":"10767","entityType":"flowStations","id":"10767","name":"D25A043","stationId":"D25A043","basinId":25,"flow":null,"status":"no_data","color":"#94a3b8","width":2.8}},{"type":"Feature","id":"10769","geometry":{"type":"Point","coordinates":[42.75027800000004,38.79500000000007]},"properties":{"OBJECTID":10769,"AGINO":"D25A045","SUADI":null,"ISTADI":null,"ILKODU":13,"ILCEKODU":1106,"KOT":null,"TEKERRUR_YILI":null,"Q2":null,"Q5":null,"Q25":null,"Q100":null,"Q500":null,"MaxFlow":null,"MaxDate":null,"Q10":null,"Q50":null,"Q200":null,"Q1000":null,"HAVZA_ID":25,"entityId":"10769","entityType":"flowStations","id":"10769","name":"D25A045","stationId":"D25A045","basinId":25,"flow":null,"status":"no_data","color":"#94a3b8","width":2.8}},{"type":"Feature","id":"10775","geometry":{"type":"Point","coordinates":[43.76000000000005,38.34000000000003]},"properties":{"OBJECTID":10775,"AGINO":"D25A051","SUADI":null,"ISTADI":null,"ILKODU":65,"ILCEKODU":1372,"KOT":null,"TEKERRUR_YILI":null,"Q2":null,"Q5":null,"Q25":null,"Q100":null,"Q500":null,"MaxFlow":null,"MaxDate":null,"Q10":null,"Q50":null,"Q200":null,"Q1000":null,"HAVZA_ID":25,"entityId":"10775","entityType":"flowStations","id":"10775","name":"D25A051","stationId":"D25A051","basinId":25,"flow":null,"status":"no_data","color":"#94a3b8","width":2.8}},{"type":"Feature","id":"10776","geometry":{"type":"Point","coordinates":[43.38000000000005,38.303056000000026]},"properties":{"OBJECTID":10776,"AGINO":"D25A053","SUADI":null,"ISTADI":null,"ILKODU":65,"ILCEKODU":1372,"KOT":null,"TEKERRUR_YILI":null,"Q2":null,"Q5":null,"Q25":null,"Q100":null,"Q500":null,"MaxFlow":null,"MaxDate":null,"Q10":null,"Q50":null,"Q200":null,"Q1000":null,"HAVZA_ID":25,"entityId":"10776","entityType":"flowStations","id":"10776","name":"D25A053","stationId":"D25A053","basinId":25,"flow":null,"status":"no_data","color":"#94a3b8","width":2.8}},{"type":"Feature","id":"10777","geometry":{"type":"Point","coordinates":[44.26861100000008,38.210000000000036]},"properties":{"OBJECTID":10777,"AGINO":"D26A031","SUADI":null,"ISTADI":null,"ILKODU":65,"ILCEKODU":1175,"KOT":null,"TEKERRUR_YILI":null,"Q2":null,"Q5":null,"Q25":null,"Q100":null,"Q500":null,"MaxFlow":null,"MaxDate":null,"Q10":null,"Q50":null,"Q200":null,"Q1000":null,"HAVZA_ID":21,"entityId":"10777","entityType":"flowStations","id":"10777","name":"D26A031","stationId":"D26A031","basinId":21,"flow":null,"status":"no_data","color":"#94a3b8","width":2.8}},{"type":"Feature","id":"10778","geometry":{"type":"Point","coordinates":[43.05944400000004,38.00666700000005]},"properties":{"OBJECTID":10778,"AGINO":"D26A033","SUADI":null,"ISTADI":null,"ILKODU":65,"ILCEKODU":1236,"KOT":null,"TEKERRUR_YILI":null,"Q2":null,"Q5":null,"Q25":null,"Q100":null,"Q500":null,"MaxFlow":null,"MaxDate":null,"Q10":null,"Q50":null,"Q200":null,"Q1000":null,"HAVZA_ID":21,"entityId":"10778","entityType":"flowStations","id":"10778","name":"D26A033","stationId":"D26A033","basinId":21,"flow":null,"status":"no_data","color":"#94a3b8","width":2.8}},{"type":"Feature","id":"10780","geometry":{"type":"Point","coordinates":[43.56666700000005,37.48333300000007]},"properties":{"OBJECTID":10780,"AGINO":"D26A036","SUADI":null,"ISTADI":null,"ILKODU":30,"ILCEKODU":1377,"KOT":null,"TEKERRUR_YILI":null,"Q2":null,"Q5":null,"Q25":null,"Q100":null,"Q500":null,"MaxFlow":null,"MaxDate":null,"Q10":null,"Q50":null,"Q200":null,"Q1000":null,"HAVZA_ID":21,"entityId":"10780","entityType":"flowStations","id":"10780","name":"D26A036","stationId":"D26A036","basinId":21,"flow":null,"status":"no_data","color":"#94a3b8","width":2.8}},{"type":"Feature","id":"10781","geometry":{"type":"Point","coordinates":[43.575278000000026,37.262500000000045]},"properties":{"OBJECTID":10781,"AGINO":"D26A037","SUADI":null,"ISTADI":null,"ILKODU":30,"ILCEKODU":1261,"KOT":null,"TEKERRUR_YILI":null,"Q2":null,"Q5":null,"Q25":null,"Q100":null,"Q500":null,"MaxFlow":null,"MaxDate":null,"Q10":null,"Q50":null,"Q200":null,"Q1000":null,"HAVZA_ID":21,"entityId":"10781","entityType":"flowStations","id":"10781","name":"D26A037","stationId":"D26A037","basinId":21,"flow":null,"status":"no_data","color":"#94a3b8","width":2.8}},{"type":"Feature","id":"10782","geometry":{"type":"Point","coordinates":[42.42527800000005,38.137778000000026]},"properties":{"OBJECTID":10782,"AGINO":"D26A044","SUADI":null,"ISTADI":null,"ILKODU":13,"ILCEKODU":1394,"KOT":null,"TEKERRUR_YILI":null,"Q2":null,"Q5":null,"Q25":null,"Q100":null,"Q500":null,"MaxFlow":null,"MaxDate":null,"Q10":null,"Q50":null,"Q200":null,"Q1000":null,"HAVZA_ID":21,"entityId":"10782","entityType":"flowStations","id":"10782","name":"D26A044","stationId":"D26A044","basinId":21,"flow":null,"status":"no_data","color":"#94a3b8","width":2.8}},{"type":"Feature","id":"10783","geometry":{"type":"Point","coordinates":[42.793333000000075,38.08861100000007]},"properties":{"OBJECTID":10783,"AGINO":"D26A051","SUADI":null,"ISTADI":null,"ILKODU":65,"ILCEKODU":1770,"KOT":null,"TEKERRUR_YILI":null,"Q2":null,"Q5":null,"Q25":null,"Q100":null,"Q500":null,"MaxFlow":null,"MaxDate":null,"Q10":null,"Q50":null,"Q200":null,"Q1000":null,"HAVZA_ID":21,"entityId":"10783","entityType":"flowStations","id":"10783","name":"D26A051","stationId":"D26A051","basinId":21,"flow":null,"status":"no_data","color":"#94a3b8","width":2.8}},{"type":"Feature","id":"10784","geometry":{"type":"Point","coordinates":[42.97972200000004,37.91638900000004]},"properties":{"OBJECTID":10784,"AGINO":"D26A055","SUADI":null,"ISTADI":null,"ILKODU":65,"ILCEKODU":1236,"KOT":null,"TEKERRUR_YILI":null,"Q2":null,"Q5":null,"Q25":null,"Q100":null,"Q500":null,"MaxFlow":null,"MaxDate":null,"Q10":null,"Q50":null,"Q200":null,"Q1000":null,"HAVZA_ID":21,"entityId":"10784","entityType":"flowStations","id":"10784","name":"D26A055","stationId":"D26A055","basinId":21,"flow":null,"status":"no_data","color":"#94a3b8","width":2.8}},{"type":"Feature","id":"10786","geometry":{"type":"Point","coordinates":[41.76944400000008,38.45500000000004]},"properties":{"OBJECTID":10786,"AGINO":"D26A057","SUADI":null,"ISTADI":null,"ILKODU":13,"ILCEKODU":1537,"KOT":null,"TEKERRUR_YILI":null,"Q2":null,"Q5":null,"Q25":null,"Q100":null,"Q500":null,"MaxFlow":null,"MaxDate":null,"Q10":null,"Q50":null,"Q200":null,"Q1000":null,"HAVZA_ID":21,"entityId":"10786","entityType":"flowStations","id":"10786","name":"D26A057","stationId":"D26A057","basinId":21,"flow":null,"status":"no_data","color":"#94a3b8","width":2.8}},{"type":"Feature","id":"10787","geometry":{"type":"Point","coordinates":[44.604167000000075,37.71416700000003]},"properties":{"OBJECTID":10787,"AGINO":"D26A065","SUADI":null,"ISTADI":null,"ILKODU":30,"ILCEKODU":1737,"KOT":null,"TEKERRUR_YILI":null,"Q2":null,"Q5":null,"Q25":null,"Q100":null,"Q500":null,"MaxFlow":null,"MaxDate":null,"Q10":null,"Q50":null,"Q200":null,"Q1000":null,"HAVZA_ID":21,"entityId":"10787","entityType":"flowStations","id":"10787","name":"D26A065","stationId":"D26A065","basinId":21,"flow":null,"status":"no_data","color":"#94a3b8","width":2.8}},{"type":"Feature","id":"10794","geometry":{"type":"Point","coordinates":[42.168333000000075,39.21944400000007]},"properties":{"OBJECTID":10794,"AGINO":"E21A077","SUADI":null,"ISTADI":null,"ILKODU":49,"ILCEKODU":1213,"KOT":null,"TEKERRUR_YILI":null,"Q2":null,"Q5":null,"Q25":null,"Q100":null,"Q500":null,"MaxFlow":null,"MaxDate":null,"Q10":null,"Q50":null,"Q200":null,"Q1000":null,"HAVZA_ID":21,"entityId":"10794","entityType":"flowStations","id":"10794","name":"E21A077","stationId":"E21A077","basinId":21,"flow":null,"status":"no_data","color":"#94a3b8","width":2.8}},{"type":"Feature","id":"10795","geometry":{"type":"Point","coordinates":[41.62055600000008,38.75611100000003]},"properties":{"OBJECTID":10795,"AGINO":"E21A096","SUADI":null,"ISTADI":null,"ILKODU":49,"ILCEKODU":1534,"KOT":null,"TEKERRUR_YILI":null,"Q2":null,"Q5":null,"Q25":null,"Q100":null,"Q500":null,"MaxFlow":null,"MaxDate":null,"Q10":null,"Q50":null,"Q200":null,"Q1000":null,"HAVZA_ID":21,"entityId":"10795","entityType":"flowStations","id":"10795","name":"E21A096","stationId":"E21A096","basinId":21,"flow":null,"status":"no_data","color":"#94a3b8","width":2.8}},{"type":"Feature","id":"10796","geometry":{"type":"Point","coordinates":[42.53916700000008,38.773056000000054]},"properties":{"OBJECTID":10796,"AGINO":"E25A025","SUADI":null,"ISTADI":null,"ILKODU":13,"ILCEKODU":1112,"KOT":null,"TEKERRUR_YILI":null,"Q2":null,"Q5":null,"Q25":null,"Q100":null,"Q500":null,"MaxFlow":null,"MaxDate":null,"Q10":null,"Q50":null,"Q200":null,"Q1000":null,"HAVZA_ID":25,"entityId":"10796","entityType":"flowStations","id":"10796","name":"E25A025","stationId":"E25A025","basinId":25,"flow":null,"status":"no_data","color":"#94a3b8","width":2.8}},{"type":"Feature","id":"10797","geometry":{"type":"Point","coordinates":[43.20555600000006,38.34333300000003]},"properties":{"OBJECTID":10797,"AGINO":"E25A027","SUADI":null,"ISTADI":null,"ILKODU":65,"ILCEKODU":1918,"KOT":null,"TEKERRUR_YILI":null,"Q2":null,"Q5":null,"Q25":null,"Q100":null,"Q500":null,"MaxFlow":null,"MaxDate":null,"Q10":null,"Q50":null,"Q200":null,"Q1000":null,"HAVZA_ID":25,"entityId":"10797","entityType":"flowStations","id":"10797","name":"E25A027","stationId":"E25A027","basinId":25,"flow":null,"status":"no_data","color":"#94a3b8","width":2.8}},{"type":"Feature","id":"10799","geometry":{"type":"Point","coordinates":[44.07055600000007,37.682222000000024]},"properties":{"OBJECTID":10799,"AGINO":"E26A022","SUADI":null,"ISTADI":null,"ILKODU":30,"ILCEKODU":1737,"KOT":null,"TEKERRUR_YILI":null,"Q2":null,"Q5":null,"Q25":null,"Q100":null,"Q500":null,"MaxFlow":null,"MaxDate":null,"Q10":null,"Q50":null,"Q200":null,"Q1000":null,"HAVZA_ID":21,"entityId":"10799","entityType":"flowStations","id":"10799","name":"E26A022","stationId":"E26A022","basinId":21,"flow":null,"status":"no_data","color":"#94a3b8","width":2.8}},{"type":"Feature","id":"10801","geometry":{"type":"Point","coordinates":[44.59805600000004,37.28055600000005]},"properties":{"OBJECTID":10801,"AGINO":"E26A039","SUADI":null,"ISTADI":null,"ILKODU":30,"ILCEKODU":1656,"KOT":null,"TEKERRUR_YILI":null,"Q2":null,"Q5":null,"Q25":null,"Q100":null,"Q500":null,"MaxFlow":null,"MaxDate":null,"Q10":null,"Q50":null,"Q200":null,"Q1000":null,"HAVZA_ID":21,"entityId":"10801","entityType":"flowStations","id":"10801","name":"E26A039","stationId":"E26A039","basinId":21,"flow":null,"status":"no_data","color":"#94a3b8","width":2.8}},{"type":"Feature","id":"10822","geometry":{"type":"Point","coordinates":[43.31666700000005,39.00833300000005]},"properties":{"OBJECTID":10822,"AGINO":"D25A016","SUADI":null,"ISTADI":null,"ILKODU":65,"ILCEKODU":1309,"KOT":null,"TEKERRUR_YILI":null,"Q2":null,"Q5":null,"Q25":null,"Q100":null,"Q500":null,"MaxFlow":null,"MaxDate":null,"Q10":null,"Q50":null,"Q200":null,"Q1000":null,"HAVZA_ID":25,"entityId":"10822","entityType":"flowStations","id":"10822","name":"D25A016","stationId":"D25A016","basinId":25,"flow":null,"status":"no_data","color":"#94a3b8","width":2.8}},{"type":"Feature","id":"10827","geometry":{"type":"Point","coordinates":[43.80000000000007,38.33333300000004]},"properties":{"OBJECTID":10827,"AGINO":"D25A027","SUADI":null,"ISTADI":null,"ILKODU":65,"ILCEKODU":1372,"KOT":null,"TEKERRUR_YILI":null,"Q2":null,"Q5":null,"Q25":null,"Q100":null,"Q500":null,"MaxFlow":null,"MaxDate":null,"Q10":null,"Q50":null,"Q200":null,"Q1000":null,"HAVZA_ID":25,"entityId":"10827","entityType":"flowStations","id":"10827","name":"D25A027","stationId":"D25A027","basinId":25,"flow":null,"status":"no_data","color":"#94a3b8","width":2.8}},{"type":"Feature","id":"10828","geometry":{"type":"Point","coordinates":[43.64166700000004,39.16111100000006]},"properties":{"OBJECTID":10828,"AGINO":"D25A028","SUADI":null,"ISTADI":null,"ILKODU":65,"ILCEKODU":1309,"KOT":null,"TEKERRUR_YILI":null,"Q2":null,"Q5":null,"Q25":null,"Q100":null,"Q500":null,"MaxFlow":null,"MaxDate":null,"Q10":null,"Q50":null,"Q200":null,"Q1000":null,"HAVZA_ID":25,"entityId":"10828","entityType":"flowStations","id":"10828","name":"D25A028","stationId":"D25A028","basinId":25,"flow":null,"status":"no_data","color":"#94a3b8","width":2.8}},{"type":"Feature","id":"10829","geometry":{"type":"Point","coordinates":[42.02972200000005,39.11305600000003]},"properties":{"OBJECTID":10829,"AGINO":"D21A149","SUADI":null,"ISTADI":null,"ILKODU":49,"ILCEKODU":1213,"KOT":null,"TEKERRUR_YILI":null,"Q2":null,"Q5":null,"Q25":null,"Q100":null,"Q500":null,"MaxFlow":null,"MaxDate":null,"Q10":null,"Q50":null,"Q200":null,"Q1000":null,"HAVZA_ID":21,"entityId":"10829","entityType":"flowStations","id":"10829","name":"D21A149","stationId":"D21A149","basinId":21,"flow":null,"status":"no_data","color":"#94a3b8","width":2.8}},{"type":"Feature","id":"10838","geometry":{"type":"Point","coordinates":[43.54416700000007,39.10861100000005]},"properties":{"OBJECTID":10838,"AGINO":"D25A030","SUADI":null,"ISTADI":null,"ILKODU":65,"ILCEKODU":1309,"KOT":null,"TEKERRUR_YILI":null,"Q2":null,"Q5":null,"Q25":null,"Q100":null,"Q500":null,"MaxFlow":null,"MaxDate":null,"Q10":null,"Q50":null,"Q200":null,"Q1000":null,"HAVZA_ID":25,"entityId":"10838","entityType":"flowStations","id":"10838","name":"D25A030","stationId":"D25A030","basinId":25,"flow":null,"status":"no_data","color":"#94a3b8","width":2.8}},{"type":"Feature","id":"10846","geometry":{"type":"Point","coordinates":[42.32000000000005,38.44166700000005]},"properties":{"OBJECTID":10846,"AGINO":"D26A028","SUADI":null,"ISTADI":null,"ILKODU":13,"ILCEKODU":1669,"KOT":null,"TEKERRUR_YILI":null,"Q2":null,"Q5":null,"Q25":null,"Q100":null,"Q500":null,"MaxFlow":null,"MaxDate":null,"Q10":null,"Q50":null,"Q200":null,"Q1000":null,"HAVZA_ID":21,"entityId":"10846","entityType":"flowStations","id":"10846","name":"D26A028","stationId":"D26A028","basinId":21,"flow":null,"status":"no_data","color":"#94a3b8","width":2.8}},{"type":"Feature","id":"10874","geometry":{"type":"Point","coordinates":[30.191944000000035,38.09000000000003]},"properties":{"OBJECTID":10874,"AGINO":"D07A120","SUADI":null,"ISTADI":null,"ILKODU":3,"ILCEKODU":1281,"KOT":null,"TEKERRUR_YILI":null,"Q2":null,"Q5":null,"Q25":null,"Q100":null,"Q500":null,"MaxFlow":null,"MaxDate":null,"Q10":null,"Q50":null,"Q200":null,"Q1000":null,"HAVZA_ID":7,"entityId":"10874","entityType":"flowStations","id":"10874","name":"D07A120","stationId":"D07A120","basinId":7,"flow":null,"status":"no_data","color":"#94a3b8","width":2.8}},{"type":"Feature","id":"10878","geometry":{"type":"Point","coordinates":[29.588333000000034,37.150833000000034]},"properties":{"OBJECTID":10878,"AGINO":"D08A081","SUADI":null,"ISTADI":null,"ILKODU":15,"ILCEKODU":1357,"KOT":null,"TEKERRUR_YILI":null,"Q2":null,"Q5":null,"Q25":null,"Q100":null,"Q500":null,"MaxFlow":null,"MaxDate":null,"Q10":null,"Q50":null,"Q200":null,"Q1000":null,"HAVZA_ID":8,"entityId":"10878","entityType":"flowStations","id":"10878","name":"D08A081","stationId":"D08A081","basinId":8,"flow":null,"status":"no_data","color":"#94a3b8","width":2.8}},{"type":"Feature","id":"10879","geometry":{"type":"Point","coordinates":[29.530278000000067,37.244722000000024]},"properties":{"OBJECTID":10879,"AGINO":"D08A103","SUADI":null,"ISTADI":null,"ILKODU":15,"ILCEKODU":1357,"KOT":null,"TEKERRUR_YILI":null,"Q2":null,"Q5":null,"Q25":null,"Q100":null,"Q500":null,"MaxFlow":null,"MaxDate":null,"Q10":null,"Q50":null,"Q200":null,"Q1000":null,"HAVZA_ID":8,"entityId":"10879","entityType":"flowStations","id":"10879","name":"D08A103","stationId":"D08A103","basinId":8,"flow":null,"status":"no_data","color":"#94a3b8","width":2.8}},{"type":"Feature","id":"10880","geometry":{"type":"Point","coordinates":[31.09111100000007,37.81166700000006]},"properties":{"OBJECTID":10880,"AGINO":"D09A002","SUADI":null,"ISTADI":null,"ILKODU":32,"ILCEKODU":1755,"KOT":null,"TEKERRUR_YILI":null,"Q2":null,"Q5":null,"Q25":null,"Q100":null,"Q500":null,"MaxFlow":null,"MaxDate":null,"Q10":null,"Q50":null,"Q200":null,"Q1000":null,"HAVZA_ID":9,"entityId":"10880","entityType":"flowStations","id":"10880","name":"D09A002","stationId":"D09A002","basinId":9,"flow":null,"status":"no_data","color":"#94a3b8","width":2.8}},{"type":"Feature","id":"10881","geometry":{"type":"Point","coordinates":[30.868889000000024,37.64861100000007]},"properties":{"OBJECTID":10881,"AGINO":"D09A016","SUADI":null,"ISTADI":null,"ILKODU":32,"ILCEKODU":1297,"KOT":null,"TEKERRUR_YILI":null,"Q2":null,"Q5":null,"Q25":null,"Q100":null,"Q500":null,"MaxFlow":null,"MaxDate":null,"Q10":null,"Q50":null,"Q200":null,"Q1000":null,"HAVZA_ID":9,"entityId":"10881","entityType":"flowStations","id":"10881","name":"D09A016","stationId":"D09A016","basinId":9,"flow":null,"status":"no_data","color":"#94a3b8","width":2.8}},{"type":"Feature","id":"10882","geometry":{"type":"Point","coordinates":[30.513333000000046,37.51500000000004]},"properties":{"OBJECTID":10882,"AGINO":"D09A039","SUADI":null,"ISTADI":null,"ILKODU":15,"ILCEKODU":1211,"KOT":null,"TEKERRUR_YILI":null,"Q2":null,"Q5":null,"Q25":null,"Q100":null,"Q500":null,"MaxFlow":null,"MaxDate":null,"Q10":null,"Q50":null,"Q200":null,"Q1000":null,"HAVZA_ID":9,"entityId":"10882","entityType":"flowStations","id":"10882","name":"D09A039","stationId":"D09A039","basinId":9,"flow":null,"status":"no_data","color":"#94a3b8","width":2.8}},{"type":"Feature","id":"10883","geometry":{"type":"Point","coordinates":[30.52861100000007,37.64250000000004]},"properties":{"OBJECTID":10883,"AGINO":"D09A042","SUADI":null,"ISTADI":null,"ILKODU":15,"ILCEKODU":1109,"KOT":null,"TEKERRUR_YILI":null,"Q2":null,"Q5":null,"Q25":null,"Q100":null,"Q500":null,"MaxFlow":null,"MaxDate":null,"Q10":null,"Q50":null,"Q200":null,"Q1000":null,"HAVZA_ID":9,"entityId":"10883","entityType":"flowStations","id":"10883","name":"D09A042","stationId":"D09A042","basinId":9,"flow":null,"status":"no_data","color":"#94a3b8","width":2.8}},{"type":"Feature","id":"10884","geometry":{"type":"Point","coordinates":[30.95472200000006,38.29944400000005]},"properties":{"OBJECTID":10884,"AGINO":"D09A057","SUADI":null,"ISTADI":null,"ILKODU":32,"ILCEKODU":1717,"KOT":null,"TEKERRUR_YILI":null,"Q2":null,"Q5":null,"Q25":null,"Q100":null,"Q500":null,"MaxFlow":null,"MaxDate":null,"Q10":null,"Q50":null,"Q200":null,"Q1000":null,"HAVZA_ID":9,"entityId":"10884","entityType":"flowStations","id":"10884","name":"D09A057","stationId":"D09A057","basinId":9,"flow":null,"status":"no_data","color":"#94a3b8","width":2.8}},{"type":"Feature","id":"10885","geometry":{"type":"Point","coordinates":[30.898056000000054,37.838333000000034]},"properties":{"OBJECTID":10885,"AGINO":"D09A060","SUADI":null,"ISTADI":null,"ILKODU":32,"ILCEKODU":1297,"KOT":null,"TEKERRUR_YILI":null,"Q2":null,"Q5":null,"Q25":null,"Q100":null,"Q500":null,"MaxFlow":null,"MaxDate":null,"Q10":null,"Q50":null,"Q200":null,"Q1000":null,"HAVZA_ID":9,"entityId":"10885","entityType":"flowStations","id":"10885","name":"D09A060","stationId":"D09A060","basinId":9,"flow":null,"status":"no_data","color":"#94a3b8","width":2.8}},{"type":"Feature","id":"10886","geometry":{"type":"Point","coordinates":[31.126944000000037,38.39416700000004]},"properties":{"OBJECTID":10886,"AGINO":"D09A065","SUADI":null,"ISTADI":null,"ILKODU":32,"ILCEKODU":1717,"KOT":null,"TEKERRUR_YILI":null,"Q2":null,"Q5":null,"Q25":null,"Q100":null,"Q500":null,"MaxFlow":null,"MaxDate":null,"Q10":null,"Q50":null,"Q200":null,"Q1000":null,"HAVZA_ID":9,"entityId":"10886","entityType":"flowStations","id":"10886","name":"D09A065","stationId":"D09A065","basinId":9,"flow":null,"status":"no_data","color":"#94a3b8","width":2.8}},{"type":"Feature","id":"10887","geometry":{"type":"Point","coordinates":[30.990556000000026,38.13000000000005]},"properties":{"OBJECTID":10887,"AGINO":"D09A075","SUADI":null,"ISTADI":null,"ILKODU":32,"ILCEKODU":1341,"KOT":null,"TEKERRUR_YILI":null,"Q2":null,"Q5":null,"Q25":null,"Q100":null,"Q500":null,"MaxFlow":null,"MaxDate":null,"Q10":null,"Q50":null,"Q200":null,"Q1000":null,"HAVZA_ID":9,"entityId":"10887","entityType":"flowStations","id":"10887","name":"D09A075","stationId":"D09A075","basinId":9,"flow":null,"status":"no_data","color":"#94a3b8","width":2.8}},{"type":"Feature","id":"10888","geometry":{"type":"Point","coordinates":[31.12361100000004,37.623056000000076]},"properties":{"OBJECTID":10888,"AGINO":"D09A086","SUADI":null,"ISTADI":null,"ILKODU":32,"ILCEKODU":1648,"KOT":null,"TEKERRUR_YILI":null,"Q2":null,"Q5":null,"Q25":null,"Q100":null,"Q500":null,"MaxFlow":null,"MaxDate":null,"Q10":null,"Q50":null,"Q200":null,"Q1000":null,"HAVZA_ID":9,"entityId":"10888","entityType":"flowStations","id":"10888","name":"D09A086","stationId":"D09A086","basinId":9,"flow":null,"status":"no_data","color":"#94a3b8","width":2.8}},{"type":"Feature","id":"10889","geometry":{"type":"Point","coordinates":[30.98416700000007,37.46861100000007]},"properties":{"OBJECTID":10889,"AGINO":"D09A088","SUADI":null,"ISTADI":null,"ILKODU":32,"ILCEKODU":1648,"KOT":null,"TEKERRUR_YILI":null,"Q2":null,"Q5":null,"Q25":null,"Q100":null,"Q500":null,"MaxFlow":null,"MaxDate":null,"Q10":null,"Q50":null,"Q200":null,"Q1000":null,"HAVZA_ID":9,"entityId":"10889","entityType":"flowStations","id":"10889","name":"D09A088","stationId":"D09A088","basinId":9,"flow":null,"status":"no_data","color":"#94a3b8","width":2.8}},{"type":"Feature","id":"10890","geometry":{"type":"Point","coordinates":[30.912222000000042,37.46277800000007]},"properties":{"OBJECTID":10890,"AGINO":"D09A089","SUADI":null,"ISTADI":null,"ILKODU":32,"ILCEKODU":1648,"KOT":null,"TEKERRUR_YILI":null,"Q2":null,"Q5":null,"Q25":null,"Q100":null,"Q500":null,"MaxFlow":null,"MaxDate":null,"Q10":null,"Q50":null,"Q200":null,"Q1000":null,"HAVZA_ID":9,"entityId":"10890","entityType":"flowStations","id":"10890","name":"D09A089","stationId":"D09A089","basinId":9,"flow":null,"status":"no_data","color":"#94a3b8","width":2.8}},{"type":"Feature","id":"10891","geometry":{"type":"Point","coordinates":[31.155556000000047,37.659167000000025]},"properties":{"OBJECTID":10891,"AGINO":"D09A100","SUADI":null,"ISTADI":null,"ILKODU":32,"ILCEKODU":1755,"KOT":null,"TEKERRUR_YILI":null,"Q2":null,"Q5":null,"Q25":null,"Q100":null,"Q500":null,"MaxFlow":null,"MaxDate":null,"Q10":null,"Q50":null,"Q200":null,"Q1000":null,"HAVZA_ID":9,"entityId":"10891","entityType":"flowStations","id":"10891","name":"D09A100","stationId":"D09A100","basinId":9,"flow":null,"status":"no_data","color":"#94a3b8","width":2.8}},{"type":"Feature","id":"10893","geometry":{"type":"Point","coordinates":[30.865556000000026,37.83861100000007]},"properties":{"OBJECTID":10893,"AGINO":"D09A137","SUADI":null,"ISTADI":null,"ILKODU":32,"ILCEKODU":1297,"KOT":null,"TEKERRUR_YILI":null,"Q2":null,"Q5":null,"Q25":null,"Q100":null,"Q500":null,"MaxFlow":null,"MaxDate":null,"Q10":null,"Q50":null,"Q200":null,"Q1000":null,"HAVZA_ID":9,"entityId":"10893","entityType":"flowStations","id":"10893","name":"D09A137","stationId":"D09A137","basinId":9,"flow":null,"status":"no_data","color":"#94a3b8","width":2.8}},{"type":"Feature","id":"10894","geometry":{"type":"Point","coordinates":[30.073333000000048,37.62888900000007]},"properties":{"OBJECTID":10894,"AGINO":"D10A013","SUADI":null,"ISTADI":null,"ILKODU":15,"ILCEKODU":1215,"KOT":null,"TEKERRUR_YILI":null,"Q2":null,"Q5":null,"Q25":null,"Q100":null,"Q500":null,"MaxFlow":null,"MaxDate":null,"Q10":null,"Q50":null,"Q200":null,"Q1000":null,"HAVZA_ID":10,"entityId":"10894","entityType":"flowStations","id":"10894","name":"D10A013","stationId":"D10A013","basinId":10,"flow":null,"status":"no_data","color":"#94a3b8","width":2.8}},{"type":"Feature","id":"10896","geometry":{"type":"Point","coordinates":[30.046944000000053,37.85138900000004]},"properties":{"OBJECTID":10896,"AGINO":"D10A032","SUADI":null,"ISTADI":null,"ILKODU":3,"ILCEKODU":1771,"KOT":null,"TEKERRUR_YILI":null,"Q2":null,"Q5":null,"Q25":null,"Q100":null,"Q500":null,"MaxFlow":null,"MaxDate":null,"Q10":null,"Q50":null,"Q200":null,"Q1000":null,"HAVZA_ID":10,"entityId":"10896","entityType":"flowStations","id":"10896","name":"D10A032","stationId":"D10A032","basinId":10,"flow":null,"status":"no_data","color":"#94a3b8","width":2.8}},{"type":"Feature","id":"10897","geometry":{"type":"Point","coordinates":[29.82027800000003,37.42972200000003]},"properties":{"OBJECTID":10897,"AGINO":"D10A040","SUADI":null,"ISTADI":null,"ILKODU":15,"ILCEKODU":1813,"KOT":null,"TEKERRUR_YILI":null,"Q2":null,"Q5":null,"Q25":null,"Q100":null,"Q500":null,"MaxFlow":null,"MaxDate":null,"Q10":null,"Q50":null,"Q200":null,"Q1000":null,"HAVZA_ID":10,"entityId":"10897","entityType":"flowStations","id":"10897","name":"D10A040","stationId":"D10A040","basinId":10,"flow":null,"status":"no_data","color":"#94a3b8","width":2.8}},{"type":"Feature","id":"10898","geometry":{"type":"Point","coordinates":[31.17694400000005,37.44222200000007]},"properties":{"OBJECTID":10898,"AGINO":"D11A002","SUADI":null,"ISTADI":null,"ILKODU":32,"ILCEKODU":1648,"KOT":null,"TEKERRUR_YILI":null,"Q2":null,"Q5":null,"Q25":null,"Q100":null,"Q500":null,"MaxFlow":null,"MaxDate":null,"Q10":null,"Q50":null,"Q200":null,"Q1000":null,"HAVZA_ID":9,"entityId":"10898","entityType":"flowStations","id":"10898","name":"D11A002","stationId":"D11A002","basinId":9,"flow":null,"status":"no_data","color":"#94a3b8","width":2.8}},{"type":"Feature","id":"10899","geometry":{"type":"Point","coordinates":[30.646389000000056,38.448889000000065]},"properties":{"OBJECTID":10899,"AGINO":"D11A013","SUADI":null,"ISTADI":null,"ILKODU":3,"ILCEKODU":1664,"KOT":null,"TEKERRUR_YILI":null,"Q2":null,"Q5":null,"Q25":null,"Q100":null,"Q500":null,"MaxFlow":null,"MaxDate":null,"Q10":null,"Q50":null,"Q200":null,"Q1000":null,"HAVZA_ID":11,"entityId":"10899","entityType":"flowStations","id":"10899","name":"D11A013","stationId":"D11A013","basinId":11,"flow":null,"status":"no_data","color":"#94a3b8","width":2.8}},{"type":"Feature","id":"10900","geometry":{"type":"Point","coordinates":[31.420278000000053,38.274167000000034]},"properties":{"OBJECTID":10900,"AGINO":"D11A015","SUADI":null,"ISTADI":null,"ILKODU":42,"ILCEKODU":1122,"KOT":null,"TEKERRUR_YILI":null,"Q2":null,"Q5":null,"Q25":null,"Q100":null,"Q500":null,"MaxFlow":null,"MaxDate":null,"Q10":null,"Q50":null,"Q200":null,"Q1000":null,"HAVZA_ID":11,"entityId":"10900","entityType":"flowStations","id":"10900","name":"D11A015","stationId":"D11A015","basinId":11,"flow":null,"status":"no_data","color":"#94a3b8","width":2.8}},{"type":"Feature","id":"10901","geometry":{"type":"Point","coordinates":[30.367500000000064,38.82444400000003]},"properties":{"OBJECTID":10901,"AGINO":"D11A017","SUADI":null,"ISTADI":null,"ILKODU":3,"ILCEKODU":1108,"KOT":null,"TEKERRUR_YILI":null,"Q2":null,"Q5":null,"Q25":null,"Q100":null,"Q500":null,"MaxFlow":null,"MaxDate":null,"Q10":null,"Q50":null,"Q200":null,"Q1000":null,"HAVZA_ID":11,"entityId":"10901","entityType":"flowStations","id":"10901","name":"D11A017","stationId":"D11A017","basinId":11,"flow":null,"status":"no_data","color":"#94a3b8","width":2.8}},{"type":"Feature","id":"10902","geometry":{"type":"Point","coordinates":[31.023056000000054,38.54722200000003]},"properties":{"OBJECTID":10902,"AGINO":"D11A021","SUADI":null,"ISTADI":null,"ILKODU":3,"ILCEKODU":1239,"KOT":null,"TEKERRUR_YILI":null,"Q2":null,"Q5":null,"Q25":null,"Q100":null,"Q500":null,"MaxFlow":null,"MaxDate":null,"Q10":null,"Q50":null,"Q200":null,"Q1000":null,"HAVZA_ID":11,"entityId":"10902","entityType":"flowStations","id":"10902","name":"D11A021","stationId":"D11A021","basinId":11,"flow":null,"status":"no_data","color":"#94a3b8","width":2.8}},{"type":"Feature","id":"10903","geometry":{"type":"Point","coordinates":[31.023056000000054,38.66472200000004]},"properties":{"OBJECTID":10903,"AGINO":"D11A023","SUADI":null,"ISTADI":null,"ILKODU":3,"ILCEKODU":1200,"KOT":null,"TEKERRUR_YILI":null,"Q2":null,"Q5":null,"Q25":null,"Q100":null,"Q500":null,"MaxFlow":null,"MaxDate":null,"Q10":null,"Q50":null,"Q200":null,"Q1000":null,"HAVZA_ID":11,"entityId":"10903","entityType":"flowStations","id":"10903","name":"D11A023","stationId":"D11A023","basinId":11,"flow":null,"status":"no_data","color":"#94a3b8","width":2.8}},{"type":"Feature","id":"10904","geometry":{"type":"Point","coordinates":[31.315556000000072,38.013611000000026]},"properties":{"OBJECTID":10904,"AGINO":"D16A013","SUADI":null,"ISTADI":null,"ILKODU":32,"ILCEKODU":1651,"KOT":null,"TEKERRUR_YILI":null,"Q2":null,"Q5":null,"Q25":null,"Q100":null,"Q500":null,"MaxFlow":null,"MaxDate":null,"Q10":null,"Q50":null,"Q200":null,"Q1000":null,"HAVZA_ID":16,"entityId":"10904","entityType":"flowStations","id":"10904","name":"D16A013","stationId":"D16A013","basinId":16,"flow":null,"status":"no_data","color":"#94a3b8","width":2.8}},{"type":"Feature","id":"10905","geometry":{"type":"Point","coordinates":[30.793889000000036,37.51000000000005]},"properties":{"OBJECTID":10905,"AGINO":"E09A031","SUADI":null,"ISTADI":null,"ILKODU":15,"ILCEKODU":1211,"KOT":null,"TEKERRUR_YILI":null,"Q2":null,"Q5":null,"Q25":null,"Q100":null,"Q500":null,"MaxFlow":null,"MaxDate":null,"Q10":null,"Q50":null,"Q200":null,"Q1000":null,"HAVZA_ID":9,"entityId":"10905","entityType":"flowStations","id":"10905","name":"E09A031","stationId":"E09A031","basinId":9,"flow":null,"status":"no_data","color":"#94a3b8","width":2.8}},{"type":"Feature","id":"10906","geometry":{"type":"Point","coordinates":[30.076111000000026,37.51555600000006]},"properties":{"OBJECTID":10906,"AGINO":"E10A013","SUADI":null,"ISTADI":null,"ILKODU":15,"ILCEKODU":1215,"KOT":null,"TEKERRUR_YILI":null,"Q2":null,"Q5":null,"Q25":null,"Q100":null,"Q500":null,"MaxFlow":null,"MaxDate":null,"Q10":null,"Q50":null,"Q200":null,"Q1000":null,"HAVZA_ID":10,"entityId":"10906","entityType":"flowStations","id":"10906","name":"E10A013","stationId":"E10A013","basinId":10,"flow":null,"status":"no_data","color":"#94a3b8","width":2.8}},{"type":"Feature","id":"10907","geometry":{"type":"Point","coordinates":[29.638611000000026,37.524167000000034]},"properties":{"OBJECTID":10907,"AGINO":"E10A014","SUADI":null,"ISTADI":null,"ILKODU":15,"ILCEKODU":1728,"KOT":null,"TEKERRUR_YILI":null,"Q2":null,"Q5":null,"Q25":null,"Q100":null,"Q500":null,"MaxFlow":null,"MaxDate":null,"Q10":null,"Q50":null,"Q200":null,"Q1000":null,"HAVZA_ID":10,"entityId":"10907","entityType":"flowStations","id":"10907","name":"E10A014","stationId":"E10A014","basinId":10,"flow":null,"status":"no_data","color":"#94a3b8","width":2.8}},{"type":"Feature","id":"10908","geometry":{"type":"Point","coordinates":[30.501944000000037,38.93583300000006]},"properties":{"OBJECTID":10908,"AGINO":"E11A002","SUADI":null,"ISTADI":null,"ILKODU":3,"ILCEKODU":1404,"KOT":null,"TEKERRUR_YILI":null,"Q2":null,"Q5":null,"Q25":null,"Q100":null,"Q500":null,"MaxFlow":null,"MaxDate":null,"Q10":null,"Q50":null,"Q200":null,"Q1000":null,"HAVZA_ID":11,"entityId":"10908","entityType":"flowStations","id":"10908","name":"E11A002","stationId":"E11A002","basinId":11,"flow":null,"status":"no_data","color":"#94a3b8","width":2.8}},{"type":"Feature","id":"10909","geometry":{"type":"Point","coordinates":[30.42277800000005,38.85833300000007]},"properties":{"OBJECTID":10909,"AGINO":"E11A008","SUADI":null,"ISTADI":null,"ILKODU":3,"ILCEKODU":1108,"KOT":null,"TEKERRUR_YILI":null,"Q2":null,"Q5":null,"Q25":null,"Q100":null,"Q500":null,"MaxFlow":null,"MaxDate":null,"Q10":null,"Q50":null,"Q200":null,"Q1000":null,"HAVZA_ID":11,"entityId":"10909","entityType":"flowStations","id":"10909","name":"E11A008","stationId":"E11A008","basinId":11,"flow":null,"status":"no_data","color":"#94a3b8","width":2.8}},{"type":"Feature","id":"11032","geometry":{"type":"Point","coordinates":[37.55111100000005,40.25388900000007]},"properties":{"OBJECTID":11032,"AGINO":"D14A162","SUADI":null,"ISTADI":null,"ILKODU":58,"ILCEKODU":1913,"KOT":null,"TEKERRUR_YILI":null,"Q2":null,"Q5":null,"Q25":null,"Q100":null,"Q500":null,"MaxFlow":null,"MaxDate":null,"Q10":null,"Q50":null,"Q200":null,"Q1000":null,"HAVZA_ID":14,"entityId":"11032","entityType":"flowStations","id":"11032","name":"D14A162","stationId":"D14A162","basinId":14,"flow":null,"status":"no_data","color":"#94a3b8","width":2.8}},{"type":"Feature","id":"11033","geometry":{"type":"Point","coordinates":[38.082778000000076,40.159444000000065]},"properties":{"OBJECTID":11033,"AGINO":"D14A181","SUADI":null,"ISTADI":null,"ILKODU":58,"ILCEKODU":1646,"KOT":null,"TEKERRUR_YILI":null,"Q2":null,"Q5":null,"Q25":null,"Q100":null,"Q500":null,"MaxFlow":null,"MaxDate":null,"Q10":null,"Q50":null,"Q200":null,"Q1000":null,"HAVZA_ID":14,"entityId":"11033","entityType":"flowStations","id":"11033","name":"D14A181","stationId":"D14A181","basinId":14,"flow":null,"status":"no_data","color":"#94a3b8","width":2.8}},{"type":"Feature","id":"11034","geometry":{"type":"Point","coordinates":[37.825833000000046,39.90638900000005]},"properties":{"OBJECTID":11034,"AGINO":"D15A117","SUADI":null,"ISTADI":null,"ILKODU":58,"ILCEKODU":1738,"KOT":null,"TEKERRUR_YILI":null,"Q2":null,"Q5":null,"Q25":null,"Q100":null,"Q500":null,"MaxFlow":null,"MaxDate":null,"Q10":null,"Q50":null,"Q200":null,"Q1000":null,"HAVZA_ID":15,"entityId":"11034","entityType":"flowStations","id":"11034","name":"D15A117","stationId":"D15A117","basinId":15,"flow":null,"status":"no_data","color":"#94a3b8","width":2.8}},{"type":"Feature","id":"11035","geometry":{"type":"Point","coordinates":[36.856389000000036,39.95638900000006]},"properties":{"OBJECTID":11035,"AGINO":"D15A185","SUADI":null,"ISTADI":null,"ILKODU":58,"ILCEKODU":1628,"KOT":null,"TEKERRUR_YILI":null,"Q2":null,"Q5":null,"Q25":null,"Q100":null,"Q500":null,"MaxFlow":null,"MaxDate":null,"Q10":null,"Q50":null,"Q200":null,"Q1000":null,"HAVZA_ID":15,"entityId":"11035","entityType":"flowStations","id":"11035","name":"D15A185","stationId":"D15A185","basinId":15,"flow":null,"status":"no_data","color":"#94a3b8","width":2.8}},{"type":"Feature","id":"11036","geometry":{"type":"Point","coordinates":[36.373056000000076,39.50944400000003]},"properties":{"OBJECTID":11036,"AGINO":"D15A236","SUADI":null,"ISTADI":null,"ILKODU":58,"ILCEKODU":1650,"KOT":null,"TEKERRUR_YILI":null,"Q2":null,"Q5":null,"Q25":null,"Q100":null,"Q500":null,"MaxFlow":null,"MaxDate":null,"Q10":null,"Q50":null,"Q200":null,"Q1000":null,"HAVZA_ID":15,"entityId":"11036","entityType":"flowStations","id":"11036","name":"D15A236","stationId":"D15A236","basinId":15,"flow":null,"status":"no_data","color":"#94a3b8","width":2.8}},{"type":"Feature","id":"11037","geometry":{"type":"Point","coordinates":[36.97083300000003,40.013333000000046]},"properties":{"OBJECTID":11037,"AGINO":"D15A261","SUADI":null,"ISTADI":null,"ILKODU":58,"ILCEKODU":1628,"KOT":null,"TEKERRUR_YILI":null,"Q2":null,"Q5":null,"Q25":null,"Q100":null,"Q500":null,"MaxFlow":null,"MaxDate":null,"Q10":null,"Q50":null,"Q200":null,"Q1000":null,"HAVZA_ID":15,"entityId":"11037","entityType":"flowStations","id":"11037","name":"D15A261","stationId":"D15A261","basinId":15,"flow":null,"status":"no_data","color":"#94a3b8","width":2.8}},{"type":"Feature","id":"11038","geometry":{"type":"Point","coordinates":[37.044722000000036,40.066111000000035]},"properties":{"OBJECTID":11038,"AGINO":"D15A262","SUADI":null,"ISTADI":null,"ILKODU":58,"ILCEKODU":1628,"KOT":null,"TEKERRUR_YILI":null,"Q2":null,"Q5":null,"Q25":null,"Q100":null,"Q500":null,"MaxFlow":null,"MaxDate":null,"Q10":null,"Q50":null,"Q200":null,"Q1000":null,"HAVZA_ID":15,"entityId":"11038","entityType":"flowStations","id":"11038","name":"D15A262","stationId":"D15A262","basinId":15,"flow":null,"status":"no_data","color":"#94a3b8","width":2.8}},{"type":"Feature","id":"11039","geometry":{"type":"Point","coordinates":[36.866111000000046,40.15833300000003]},"properties":{"OBJECTID":11039,"AGINO":"D15A268","SUADI":null,"ISTADI":null,"ILKODU":58,"ILCEKODU":1731,"KOT":null,"TEKERRUR_YILI":null,"Q2":null,"Q5":null,"Q25":null,"Q100":null,"Q500":null,"MaxFlow":null,"MaxDate":null,"Q10":null,"Q50":null,"Q200":null,"Q1000":null,"HAVZA_ID":15,"entityId":"11039","entityType":"flowStations","id":"11039","name":"D15A268","stationId":"D15A268","basinId":15,"flow":null,"status":"no_data","color":"#94a3b8","width":2.8}},{"type":"Feature","id":"11040","geometry":{"type":"Point","coordinates":[37.709444000000076,39.94555600000007]},"properties":{"OBJECTID":11040,"AGINO":"D15A272","SUADI":null,"ISTADI":null,"ILKODU":58,"ILCEKODU":1738,"KOT":null,"TEKERRUR_YILI":null,"Q2":null,"Q5":null,"Q25":null,"Q100":null,"Q500":null,"MaxFlow":null,"MaxDate":null,"Q10":null,"Q50":null,"Q200":null,"Q1000":null,"HAVZA_ID":15,"entityId":"11040","entityType":"flowStations","id":"11040","name":"D15A272","stationId":"D15A272","basinId":15,"flow":null,"status":"no_data","color":"#94a3b8","width":2.8}},{"type":"Feature","id":"11042","geometry":{"type":"Point","coordinates":[36.02777800000007,39.326944000000026]},"properties":{"OBJECTID":11042,"AGINO":"D15A275","SUADI":null,"ISTADI":null,"ILKODU":58,"ILCEKODU":1342,"KOT":null,"TEKERRUR_YILI":null,"Q2":null,"Q5":null,"Q25":null,"Q100":null,"Q500":null,"MaxFlow":null,"MaxDate":null,"Q10":null,"Q50":null,"Q200":null,"Q1000":null,"HAVZA_ID":15,"entityId":"11042","entityType":"flowStations","id":"11042","name":"D15A275","stationId":"D15A275","basinId":15,"flow":null,"status":"no_data","color":"#94a3b8","width":2.8}},{"type":"Feature","id":"11044","geometry":{"type":"Point","coordinates":[35.96777800000007,39.243611000000044]},"properties":{"OBJECTID":11044,"AGINO":"D15A289","SUADI":null,"ISTADI":null,"ILKODU":58,"ILCEKODU":1342,"KOT":null,"TEKERRUR_YILI":null,"Q2":null,"Q5":null,"Q25":null,"Q100":null,"Q500":null,"MaxFlow":null,"MaxDate":null,"Q10":null,"Q50":null,"Q200":null,"Q1000":null,"HAVZA_ID":15,"entityId":"11044","entityType":"flowStations","id":"11044","name":"D15A289","stationId":"D15A289","basinId":15,"flow":null,"status":"no_data","color":"#94a3b8","width":2.8}},{"type":"Feature","id":"11045","geometry":{"type":"Point","coordinates":[36.80777800000004,39.708056000000056]},"properties":{"OBJECTID":11045,"AGINO":"D15A290","SUADI":null,"ISTADI":null,"ILKODU":58,"ILCEKODU":1628,"KOT":null,"TEKERRUR_YILI":null,"Q2":null,"Q5":null,"Q25":null,"Q100":null,"Q500":null,"MaxFlow":null,"MaxDate":null,"Q10":null,"Q50":null,"Q200":null,"Q1000":null,"HAVZA_ID":15,"entityId":"11045","entityType":"flowStations","id":"11045","name":"D15A290","stationId":"D15A290","basinId":15,"flow":null,"status":"no_data","color":"#94a3b8","width":2.8}},{"type":"Feature","id":"11048","geometry":{"type":"Point","coordinates":[36.865278000000046,39.99555600000008]},"properties":{"OBJECTID":11048,"AGINO":"D15A306","SUADI":null,"ISTADI":null,"ILKODU":58,"ILCEKODU":1628,"KOT":null,"TEKERRUR_YILI":null,"Q2":null,"Q5":null,"Q25":null,"Q100":null,"Q500":null,"MaxFlow":null,"MaxDate":null,"Q10":null,"Q50":null,"Q200":null,"Q1000":null,"HAVZA_ID":15,"entityId":"11048","entityType":"flowStations","id":"11048","name":"D15A306","stationId":"D15A306","basinId":15,"flow":null,"status":"no_data","color":"#94a3b8","width":2.8}},{"type":"Feature","id":"11049","geometry":{"type":"Point","coordinates":[36.770556000000056,39.76555600000006]},"properties":{"OBJECTID":11049,"AGINO":"D15A307","SUADI":null,"ISTADI":null,"ILKODU":58,"ILCEKODU":1628,"KOT":null,"TEKERRUR_YILI":null,"Q2":null,"Q5":null,"Q25":null,"Q100":null,"Q500":null,"MaxFlow":null,"MaxDate":null,"Q10":null,"Q50":null,"Q200":null,"Q1000":null,"HAVZA_ID":15,"entityId":"11049","entityType":"flowStations","id":"11049","name":"D15A307","stationId":"D15A307","basinId":15,"flow":null,"status":"no_data","color":"#94a3b8","width":2.8}},{"type":"Feature","id":"11050","geometry":{"type":"Point","coordinates":[37.70055600000006,39.92416700000007]},"properties":{"OBJECTID":11050,"AGINO":"D15A319","SUADI":null,"ISTADI":null,"ILKODU":58,"ILCEKODU":1738,"KOT":null,"TEKERRUR_YILI":null,"Q2":null,"Q5":null,"Q25":null,"Q100":null,"Q500":null,"MaxFlow":null,"MaxDate":null,"Q10":null,"Q50":null,"Q200":null,"Q1000":null,"HAVZA_ID":15,"entityId":"11050","entityType":"flowStations","id":"11050","name":"D15A319","stationId":"D15A319","basinId":15,"flow":null,"status":"no_data","color":"#94a3b8","width":2.8}},{"type":"Feature","id":"11051","geometry":{"type":"Point","coordinates":[37.08972200000005,39.40750000000003]},"properties":{"OBJECTID":11051,"AGINO":"D15A322","SUADI":null,"ISTADI":null,"ILKODU":58,"ILCEKODU":1991,"KOT":null,"TEKERRUR_YILI":null,"Q2":null,"Q5":null,"Q25":null,"Q100":null,"Q500":null,"MaxFlow":null,"MaxDate":null,"Q10":null,"Q50":null,"Q200":null,"Q1000":null,"HAVZA_ID":15,"entityId":"11051","entityType":"flowStations","id":"11051","name":"D15A322","stationId":"D15A322","basinId":15,"flow":null,"status":"no_data","color":"#94a3b8","width":2.8}},{"type":"Feature","id":"11052","geometry":{"type":"Point","coordinates":[36.67500000000007,39.62083300000006]},"properties":{"OBJECTID":11052,"AGINO":"D15A323","SUADI":null,"ISTADI":null,"ILKODU":58,"ILCEKODU":1628,"KOT":null,"TEKERRUR_YILI":null,"Q2":null,"Q5":null,"Q25":null,"Q100":null,"Q500":null,"MaxFlow":null,"MaxDate":null,"Q10":null,"Q50":null,"Q200":null,"Q1000":null,"HAVZA_ID":15,"entityId":"11052","entityType":"flowStations","id":"11052","name":"D15A323","stationId":"D15A323","basinId":15,"flow":null,"status":"no_data","color":"#94a3b8","width":2.8}},{"type":"Feature","id":"11055","geometry":{"type":"Point","coordinates":[37.055000000000064,39.72611100000006]},"properties":{"OBJECTID":11055,"AGINO":"D15A333","SUADI":null,"ISTADI":null,"ILKODU":58,"ILCEKODU":1628,"KOT":null,"TEKERRUR_YILI":null,"Q2":null,"Q5":null,"Q25":null,"Q100":null,"Q500":null,"MaxFlow":null,"MaxDate":null,"Q10":null,"Q50":null,"Q200":null,"Q1000":null,"HAVZA_ID":15,"entityId":"11055","entityType":"flowStations","id":"11055","name":"D15A333","stationId":"D15A333","basinId":15,"flow":null,"status":"no_data","color":"#94a3b8","width":2.8}},{"type":"Feature","id":"11056","geometry":{"type":"Point","coordinates":[37.75416700000005,39.86333300000007]},"properties":{"OBJECTID":11056,"AGINO":"D15A334","SUADI":null,"ISTADI":null,"ILKODU":58,"ILCEKODU":1738,"KOT":null,"TEKERRUR_YILI":null,"Q2":null,"Q5":null,"Q25":null,"Q100":null,"Q500":null,"MaxFlow":null,"MaxDate":null,"Q10":null,"Q50":null,"Q200":null,"Q1000":null,"HAVZA_ID":15,"entityId":"11056","entityType":"flowStations","id":"11056","name":"D15A334","stationId":"D15A334","basinId":15,"flow":null,"status":"no_data","color":"#94a3b8","width":2.8}},{"type":"Feature","id":"11057","geometry":{"type":"Point","coordinates":[35.98611100000005,39.21805600000005]},"properties":{"OBJECTID":11057,"AGINO":"D15A340","SUADI":null,"ISTADI":null,"ILKODU":58,"ILCEKODU":1342,"KOT":null,"TEKERRUR_YILI":null,"Q2":null,"Q5":null,"Q25":null,"Q100":null,"Q500":null,"MaxFlow":null,"MaxDate":null,"Q10":null,"Q50":null,"Q200":null,"Q1000":null,"HAVZA_ID":15,"entityId":"11057","entityType":"flowStations","id":"11057","name":"D15A340","stationId":"D15A340","basinId":15,"flow":null,"status":"no_data","color":"#94a3b8","width":2.8}},{"type":"Feature","id":"11058","geometry":{"type":"Point","coordinates":[37.784722000000045,39.16277800000006]},"properties":{"OBJECTID":11058,"AGINO":"D21A243","SUADI":null,"ISTADI":null,"ILKODU":58,"ILCEKODU":1431,"KOT":null,"TEKERRUR_YILI":null,"Q2":null,"Q5":null,"Q25":null,"Q100":null,"Q500":null,"MaxFlow":null,"MaxDate":null,"Q10":null,"Q50":null,"Q200":null,"Q1000":null,"HAVZA_ID":21,"entityId":"11058","entityType":"flowStations","id":"11058","name":"D21A243","stationId":"D21A243","basinId":21,"flow":null,"status":"no_data","color":"#94a3b8","width":2.8}},{"type":"Feature","id":"11059","geometry":{"type":"Point","coordinates":[37.17277800000005,39.06000000000006]},"properties":{"OBJECTID":11059,"AGINO":"D21A254","SUADI":null,"ISTADI":null,"ILKODU":58,"ILCEKODU":1431,"KOT":null,"TEKERRUR_YILI":null,"Q2":null,"Q5":null,"Q25":null,"Q100":null,"Q500":null,"MaxFlow":null,"MaxDate":null,"Q10":null,"Q50":null,"Q200":null,"Q1000":null,"HAVZA_ID":21,"entityId":"11059","entityType":"flowStations","id":"11059","name":"D21A254","stationId":"D21A254","basinId":21,"flow":null,"status":"no_data","color":"#94a3b8","width":2.8}},{"type":"Feature","id":"11060","geometry":{"type":"Point","coordinates":[36.91361100000006,39.19166700000005]},"properties":{"OBJECTID":11060,"AGINO":"D21A271","SUADI":null,"ISTADI":null,"ILKODU":58,"ILCEKODU":1875,"KOT":null,"TEKERRUR_YILI":null,"Q2":null,"Q5":null,"Q25":null,"Q100":null,"Q500":null,"MaxFlow":null,"MaxDate":null,"Q10":null,"Q50":null,"Q200":null,"Q1000":null,"HAVZA_ID":21,"entityId":"11060","entityType":"flowStations","id":"11060","name":"D21A271","stationId":"D21A271","basinId":21,"flow":null,"status":"no_data","color":"#94a3b8","width":2.8}},{"type":"Feature","id":"11061","geometry":{"type":"Point","coordinates":[37.75638900000007,39.46527800000007]},"properties":{"OBJECTID":11061,"AGINO":"D21A277","SUADI":null,"ISTADI":null,"ILKODU":58,"ILCEKODU":1282,"KOT":null,"TEKERRUR_YILI":null,"Q2":null,"Q5":null,"Q25":null,"Q100":null,"Q500":null,"MaxFlow":null,"MaxDate":null,"Q10":null,"Q50":null,"Q200":null,"Q1000":null,"HAVZA_ID":21,"entityId":"11061","entityType":"flowStations","id":"11061","name":"D21A277","stationId":"D21A277","basinId":21,"flow":null,"status":"no_data","color":"#94a3b8","width":2.8}},{"type":"Feature","id":"11062","geometry":{"type":"Point","coordinates":[37.39111100000008,39.32166700000005]},"properties":{"OBJECTID":11062,"AGINO":"D21A279","SUADI":null,"ISTADI":null,"ILKODU":58,"ILCEKODU":1431,"KOT":null,"TEKERRUR_YILI":null,"Q2":null,"Q5":null,"Q25":null,"Q100":null,"Q500":null,"MaxFlow":null,"MaxDate":null,"Q10":null,"Q50":null,"Q200":null,"Q1000":null,"HAVZA_ID":21,"entityId":"11062","entityType":"flowStations","id":"11062","name":"D21A279","stationId":"D21A279","basinId":21,"flow":null,"status":"no_data","color":"#94a3b8","width":2.8}},{"type":"Feature","id":"11065","geometry":{"type":"Point","coordinates":[37.179167000000064,39.053611000000046]},"properties":{"OBJECTID":11065,"AGINO":"D21A338","SUADI":null,"ISTADI":null,"ILKODU":58,"ILCEKODU":1431,"KOT":null,"TEKERRUR_YILI":null,"Q2":null,"Q5":null,"Q25":null,"Q100":null,"Q500":null,"MaxFlow":null,"MaxDate":null,"Q10":null,"Q50":null,"Q200":null,"Q1000":null,"HAVZA_ID":21,"entityId":"11065","entityType":"flowStations","id":"11065","name":"D21A338","stationId":"D21A338","basinId":21,"flow":null,"status":"no_data","color":"#94a3b8","width":2.8}},{"type":"Feature","id":"11066","geometry":{"type":"Point","coordinates":[38.054167000000064,39.283889000000045]},"properties":{"OBJECTID":11066,"AGINO":"D21A339","SUADI":null,"ISTADI":null,"ILKODU":58,"ILCEKODU":1282,"KOT":null,"TEKERRUR_YILI":null,"Q2":null,"Q5":null,"Q25":null,"Q100":null,"Q500":null,"MaxFlow":null,"MaxDate":null,"Q10":null,"Q50":null,"Q200":null,"Q1000":null,"HAVZA_ID":21,"entityId":"11066","entityType":"flowStations","id":"11066","name":"D21A339","stationId":"D21A339","basinId":21,"flow":null,"status":"no_data","color":"#94a3b8","width":2.8}},{"type":"Feature","id":"11067","geometry":{"type":"Point","coordinates":[37.87027800000004,39.51555600000006]},"properties":{"OBJECTID":11067,"AGINO":"D21A340","SUADI":null,"ISTADI":null,"ILKODU":58,"ILCEKODU":1282,"KOT":null,"TEKERRUR_YILI":null,"Q2":null,"Q5":null,"Q25":null,"Q100":null,"Q500":null,"MaxFlow":null,"MaxDate":null,"Q10":null,"Q50":null,"Q200":null,"Q1000":null,"HAVZA_ID":21,"entityId":"11067","entityType":"flowStations","id":"11067","name":"D21A340","stationId":"D21A340","basinId":21,"flow":null,"status":"no_data","color":"#94a3b8","width":2.8}},{"type":"Feature","id":"11068","geometry":{"type":"Point","coordinates":[37.490556000000026,38.95277800000008]},"properties":{"OBJECTID":11068,"AGINO":"D21A350","SUADI":null,"ISTADI":null,"ILKODU":58,"ILCEKODU":1373,"KOT":null,"TEKERRUR_YILI":null,"Q2":null,"Q5":null,"Q25":null,"Q100":null,"Q500":null,"MaxFlow":null,"MaxDate":null,"Q10":null,"Q50":null,"Q200":null,"Q1000":null,"HAVZA_ID":21,"entityId":"11068","entityType":"flowStations","id":"11068","name":"D21A350","stationId":"D21A350","basinId":21,"flow":null,"status":"no_data","color":"#94a3b8","width":2.8}},{"type":"Feature","id":"11069","geometry":{"type":"Point","coordinates":[37.972500000000025,40.23805600000003]},"properties":{"OBJECTID":11069,"AGINO":"E14A027","SUADI":null,"ISTADI":null,"ILKODU":58,"ILCEKODU":1484,"KOT":null,"TEKERRUR_YILI":null,"Q2":null,"Q5":null,"Q25":null,"Q100":null,"Q500":null,"MaxFlow":null,"MaxDate":null,"Q10":null,"Q50":null,"Q200":null,"Q1000":null,"HAVZA_ID":14,"entityId":"11069","entityType":"flowStations","id":"11069","name":"E14A027","stationId":"E14A027","basinId":14,"flow":null,"status":"no_data","color":"#94a3b8","width":2.8}},{"type":"Feature","id":"11071","geometry":{"type":"Point","coordinates":[36.84277800000007,39.71722200000005]},"properties":{"OBJECTID":11071,"AGINO":"E15A035","SUADI":null,"ISTADI":null,"ILKODU":58,"ILCEKODU":1628,"KOT":null,"TEKERRUR_YILI":null,"Q2":null,"Q5":null,"Q25":null,"Q100":null,"Q500":null,"MaxFlow":null,"MaxDate":null,"Q10":null,"Q50":null,"Q200":null,"Q1000":null,"HAVZA_ID":15,"entityId":"11071","entityType":"flowStations","id":"11071","name":"E15A035","stationId":"E15A035","basinId":15,"flow":null,"status":"no_data","color":"#94a3b8","width":2.8}},{"type":"Feature","id":"11072","geometry":{"type":"Point","coordinates":[37.563056000000074,39.87805600000007]},"properties":{"OBJECTID":11072,"AGINO":"E15A039","SUADI":null,"ISTADI":null,"ILKODU":58,"ILCEKODU":1738,"KOT":null,"TEKERRUR_YILI":null,"Q2":null,"Q5":null,"Q25":null,"Q100":null,"Q500":null,"MaxFlow":null,"MaxDate":null,"Q10":null,"Q50":null,"Q200":null,"Q1000":null,"HAVZA_ID":15,"entityId":"11072","entityType":"flowStations","id":"11072","name":"E15A039","stationId":"E15A039","basinId":15,"flow":null,"status":"no_data","color":"#94a3b8","width":2.8}},{"type":"Feature","id":"11073","geometry":{"type":"Point","coordinates":[37.00638900000007,39.69444400000003]},"properties":{"OBJECTID":11073,"AGINO":"E15A054","SUADI":null,"ISTADI":null,"ILKODU":58,"ILCEKODU":1628,"KOT":null,"TEKERRUR_YILI":null,"Q2":null,"Q5":null,"Q25":null,"Q100":null,"Q500":null,"MaxFlow":null,"MaxDate":null,"Q10":null,"Q50":null,"Q200":null,"Q1000":null,"HAVZA_ID":15,"entityId":"11073","entityType":"flowStations","id":"11073","name":"E15A054","stationId":"E15A054","basinId":15,"flow":null,"status":"no_data","color":"#94a3b8","width":2.8}},{"type":"Feature","id":"11074","geometry":{"type":"Point","coordinates":[37.42333300000007,39.82000000000005]},"properties":{"OBJECTID":11074,"AGINO":"E15A055","SUADI":null,"ISTADI":null,"ILKODU":58,"ILCEKODU":1376,"KOT":null,"TEKERRUR_YILI":null,"Q2":null,"Q5":null,"Q25":null,"Q100":null,"Q500":null,"MaxFlow":null,"MaxDate":null,"Q10":null,"Q50":null,"Q200":null,"Q1000":null,"HAVZA_ID":15,"entityId":"11074","entityType":"flowStations","id":"11074","name":"E15A055","stationId":"E15A055","basinId":15,"flow":null,"status":"no_data","color":"#94a3b8","width":2.8}},{"type":"Feature","id":"11111","geometry":{"type":"Point","coordinates":[36.16250000000008,39.13333300000005]},"properties":{"OBJECTID":11111,"AGINO":"D15A021","SUADI":null,"ISTADI":null,"ILKODU":58,"ILCEKODU":1342,"KOT":null,"TEKERRUR_YILI":null,"Q2":null,"Q5":null,"Q25":null,"Q100":null,"Q500":null,"MaxFlow":null,"MaxDate":null,"Q10":null,"Q50":null,"Q200":null,"Q1000":null,"HAVZA_ID":15,"entityId":"11111","entityType":"flowStations","id":"11111","name":"D15A021","stationId":"D15A021","basinId":15,"flow":null,"status":"no_data","color":"#94a3b8","width":2.8}},{"type":"Feature","id":"11124","geometry":{"type":"Point","coordinates":[35.97638900000004,39.367500000000064]},"properties":{"OBJECTID":11124,"AGINO":"D15A187","SUADI":null,"ISTADI":null,"ILKODU":58,"ILCEKODU":1342,"KOT":null,"TEKERRUR_YILI":null,"Q2":null,"Q5":null,"Q25":null,"Q100":null,"Q500":null,"MaxFlow":null,"MaxDate":null,"Q10":null,"Q50":null,"Q200":null,"Q1000":null,"HAVZA_ID":15,"entityId":"11124","entityType":"flowStations","id":"11124","name":"D15A187","stationId":"D15A187","basinId":15,"flow":null,"status":"no_data","color":"#94a3b8","width":2.8}},{"type":"Feature","id":"11130","geometry":{"type":"Point","coordinates":[36.58333300000004,39.88333300000005]},"properties":{"OBJECTID":11130,"AGINO":"D15A237","SUADI":null,"ISTADI":null,"ILKODU":58,"ILCEKODU":1731,"KOT":null,"TEKERRUR_YILI":null,"Q2":null,"Q5":null,"Q25":null,"Q100":null,"Q500":null,"MaxFlow":null,"MaxDate":null,"Q10":null,"Q50":null,"Q200":null,"Q1000":null,"HAVZA_ID":15,"entityId":"11130","entityType":"flowStations","id":"11130","name":"D15A237","stationId":"D15A237","basinId":15,"flow":null,"status":"no_data","color":"#94a3b8","width":2.8}},{"type":"Feature","id":"11195","geometry":{"type":"Point","coordinates":[36.71944400000007,39.72694400000006]},"properties":{"OBJECTID":11195,"AGINO":"E15A050","SUADI":null,"ISTADI":null,"ILKODU":58,"ILCEKODU":1731,"KOT":null,"TEKERRUR_YILI":null,"Q2":null,"Q5":null,"Q25":null,"Q100":null,"Q500":null,"MaxFlow":null,"MaxDate":null,"Q10":null,"Q50":null,"Q200":null,"Q1000":null,"HAVZA_ID":15,"entityId":"11195","entityType":"flowStations","id":"11195","name":"E15A050","stationId":"E15A050","basinId":15,"flow":null,"status":"no_data","color":"#94a3b8","width":2.8}},{"type":"Feature","id":"11198","geometry":{"type":"Point","coordinates":[36.39027800000008,37.76000000000005]},"properties":{"OBJECTID":11198,"AGINO":"D20A069","SUADI":null,"ISTADI":null,"ILKODU":46,"ILCEKODU":1136,"KOT":null,"TEKERRUR_YILI":null,"Q2":null,"Q5":null,"Q25":null,"Q100":null,"Q500":null,"MaxFlow":null,"MaxDate":null,"Q10":null,"Q50":null,"Q200":null,"Q1000":null,"HAVZA_ID":20,"entityId":"11198","entityType":"flowStations","id":"11198","name":"D20A069","stationId":"D20A069","basinId":20,"flow":null,"status":"no_data","color":"#94a3b8","width":2.8}},{"type":"Feature","id":"11199","geometry":{"type":"Point","coordinates":[36.63305600000007,37.87500000000006]},"properties":{"OBJECTID":11199,"AGINO":"D20A074","SUADI":null,"ISTADI":null,"ILKODU":46,"ILCEKODU":2085,"KOT":null,"TEKERRUR_YILI":null,"Q2":null,"Q5":null,"Q25":null,"Q100":null,"Q500":null,"MaxFlow":null,"MaxDate":null,"Q10":null,"Q50":null,"Q200":null,"Q1000":null,"HAVZA_ID":20,"entityId":"11199","entityType":"flowStations","id":"11199","name":"D20A074","stationId":"D20A074","basinId":20,"flow":null,"status":"no_data","color":"#94a3b8","width":2.8}},{"type":"Feature","id":"11200","geometry":{"type":"Point","coordinates":[36.375556000000074,37.51777800000008]},"properties":{"OBJECTID":11200,"AGINO":"D20A077","SUADI":null,"ISTADI":null,"ILKODU":46,"ILCEKODU":1136,"KOT":null,"TEKERRUR_YILI":null,"Q2":null,"Q5":null,"Q25":null,"Q100":null,"Q500":null,"MaxFlow":null,"MaxDate":null,"Q10":null,"Q50":null,"Q200":null,"Q1000":null,"HAVZA_ID":20,"entityId":"11200","entityType":"flowStations","id":"11200","name":"D20A077","stationId":"D20A077","basinId":20,"flow":null,"status":"no_data","color":"#94a3b8","width":2.8}},{"type":"Feature","id":"11201","geometry":{"type":"Point","coordinates":[36.635556000000065,38.043333000000075]},"properties":{"OBJECTID":11201,"AGINO":"D20A078","SUADI":null,"ISTADI":null,"ILKODU":46,"ILCEKODU":1353,"KOT":null,"TEKERRUR_YILI":null,"Q2":null,"Q5":null,"Q25":null,"Q100":null,"Q500":null,"MaxFlow":null,"MaxDate":null,"Q10":null,"Q50":null,"Q200":null,"Q1000":null,"HAVZA_ID":20,"entityId":"11201","entityType":"flowStations","id":"11201","name":"D20A078","stationId":"D20A078","basinId":20,"flow":null,"status":"no_data","color":"#94a3b8","width":2.8}},{"type":"Feature","id":"11202","geometry":{"type":"Point","coordinates":[36.69222200000007,37.80194400000005]},"properties":{"OBJECTID":11202,"AGINO":"D20A080","SUADI":null,"ISTADI":null,"ILKODU":46,"ILCEKODU":2085,"KOT":null,"TEKERRUR_YILI":null,"Q2":null,"Q5":null,"Q25":null,"Q100":null,"Q500":null,"MaxFlow":null,"MaxDate":null,"Q10":null,"Q50":null,"Q200":null,"Q1000":null,"HAVZA_ID":20,"entityId":"11202","entityType":"flowStations","id":"11202","name":"D20A080","stationId":"D20A080","basinId":20,"flow":null,"status":"no_data","color":"#94a3b8","width":2.8}},{"type":"Feature","id":"11203","geometry":{"type":"Point","coordinates":[37.45694400000008,37.659722000000045]},"properties":{"OBJECTID":11203,"AGINO":"D20A081","SUADI":null,"ISTADI":null,"ILKODU":46,"ILCEKODU":1570,"KOT":null,"TEKERRUR_YILI":null,"Q2":null,"Q5":null,"Q25":null,"Q100":null,"Q500":null,"MaxFlow":null,"MaxDate":null,"Q10":null,"Q50":null,"Q200":null,"Q1000":null,"HAVZA_ID":20,"entityId":"11203","entityType":"flowStations","id":"11203","name":"D20A081","stationId":"D20A081","basinId":20,"flow":null,"status":"no_data","color":"#94a3b8","width":2.8}},{"type":"Feature","id":"11205","geometry":{"type":"Point","coordinates":[37.87444400000004,37.73805600000003]},"properties":{"OBJECTID":11205,"AGINO":"D21A183","SUADI":null,"ISTADI":null,"ILKODU":2,"ILCEKODU":1182,"KOT":null,"TEKERRUR_YILI":null,"Q2":null,"Q5":null,"Q25":null,"Q100":null,"Q500":null,"MaxFlow":null,"MaxDate":null,"Q10":null,"Q50":null,"Q200":null,"Q1000":null,"HAVZA_ID":21,"entityId":"11205","entityType":"flowStations","id":"11205","name":"D21A183","stationId":"D21A183","basinId":21,"flow":null,"status":"no_data","color":"#94a3b8","width":2.8}},{"type":"Feature","id":"11209","geometry":{"type":"Point","coordinates":[38.72472200000004,38.02861100000007]},"properties":{"OBJECTID":11209,"AGINO":"D21A210","SUADI":null,"ISTADI":null,"ILKODU":2,"ILCEKODU":1985,"KOT":null,"TEKERRUR_YILI":null,"Q2":null,"Q5":null,"Q25":null,"Q100":null,"Q500":null,"MaxFlow":null,"MaxDate":null,"Q10":null,"Q50":null,"Q200":null,"Q1000":null,"HAVZA_ID":21,"entityId":"11209","entityType":"flowStations","id":"11209","name":"D21A210","stationId":"D21A210","basinId":21,"flow":null,"status":"no_data","color":"#94a3b8","width":2.8}},{"type":"Feature","id":"11211","geometry":{"type":"Point","coordinates":[38.023056000000054,36.865278000000046]},"properties":{"OBJECTID":11211,"AGINO":"D21A227","SUADI":null,"ISTADI":null,"ILKODU":27,"ILCEKODU":1956,"KOT":null,"TEKERRUR_YILI":null,"Q2":null,"Q5":null,"Q25":null,"Q100":null,"Q500":null,"MaxFlow":null,"MaxDate":null,"Q10":null,"Q50":null,"Q200":null,"Q1000":null,"HAVZA_ID":21,"entityId":"11211","entityType":"flowStations","id":"11211","name":"D21A227","stationId":"D21A227","basinId":21,"flow":null,"status":"no_data","color":"#94a3b8","width":2.8}},{"type":"Feature","id":"11212","geometry":{"type":"Point","coordinates":[36.981944000000055,36.80750000000006]},"properties":{"OBJECTID":11212,"AGINO":"D19A006","SUADI":null,"ISTADI":null,"ILKODU":79,"ILCEKODU":1476,"KOT":null,"TEKERRUR_YILI":null,"Q2":null,"Q5":null,"Q25":null,"Q100":null,"Q500":null,"MaxFlow":null,"MaxDate":null,"Q10":null,"Q50":null,"Q200":null,"Q1000":null,"HAVZA_ID":19,"entityId":"11212","entityType":"flowStations","id":"11212","name":"D19A006","stationId":"D19A006","basinId":19,"flow":null,"status":"no_data","color":"#94a3b8","width":2.8}},{"type":"Feature","id":"11214","geometry":{"type":"Point","coordinates":[36.896944000000076,36.81555600000007]},"properties":{"OBJECTID":11214,"AGINO":"D19A019","SUADI":null,"ISTADI":null,"ILKODU":79,"ILCEKODU":1476,"KOT":null,"TEKERRUR_YILI":null,"Q2":null,"Q5":null,"Q25":null,"Q100":null,"Q500":null,"MaxFlow":null,"MaxDate":null,"Q10":null,"Q50":null,"Q200":null,"Q1000":null,"HAVZA_ID":19,"entityId":"11214","entityType":"flowStations","id":"11214","name":"D19A019","stationId":"D19A019","basinId":19,"flow":null,"status":"no_data","color":"#94a3b8","width":2.8}},{"type":"Feature","id":"11217","geometry":{"type":"Point","coordinates":[37.44777800000003,37.70722200000006]},"properties":{"OBJECTID":11217,"AGINO":"D20A002","SUADI":null,"ISTADI":null,"ILKODU":46,"ILCEKODU":1785,"KOT":null,"TEKERRUR_YILI":null,"Q2":null,"Q5":null,"Q25":null,"Q100":null,"Q500":null,"MaxFlow":null,"MaxDate":null,"Q10":null,"Q50":null,"Q200":null,"Q1000":null,"HAVZA_ID":20,"entityId":"11217","entityType":"flowStations","id":"11217","name":"D20A002","stationId":"D20A002","basinId":20,"flow":null,"status":"no_data","color":"#94a3b8","width":2.8}},{"type":"Feature","id":"11218","geometry":{"type":"Point","coordinates":[36.53111100000007,38.097222000000045]},"properties":{"OBJECTID":11218,"AGINO":"D20A016","SUADI":null,"ISTADI":null,"ILKODU":46,"ILCEKODU":1353,"KOT":null,"TEKERRUR_YILI":null,"Q2":null,"Q5":null,"Q25":null,"Q100":null,"Q500":null,"MaxFlow":null,"MaxDate":null,"Q10":null,"Q50":null,"Q200":null,"Q1000":null,"HAVZA_ID":20,"entityId":"11218","entityType":"flowStations","id":"11218","name":"D20A016","stationId":"D20A016","basinId":20,"flow":null,"status":"no_data","color":"#94a3b8","width":2.8}},{"type":"Feature","id":"11220","geometry":{"type":"Point","coordinates":[36.48805600000003,37.72805600000004]},"properties":{"OBJECTID":11220,"AGINO":"D20A036","SUADI":null,"ISTADI":null,"ILKODU":46,"ILCEKODU":1136,"KOT":null,"TEKERRUR_YILI":null,"Q2":null,"Q5":null,"Q25":null,"Q100":null,"Q500":null,"MaxFlow":null,"MaxDate":null,"Q10":null,"Q50":null,"Q200":null,"Q1000":null,"HAVZA_ID":20,"entityId":"11220","entityType":"flowStations","id":"11220","name":"D20A036","stationId":"D20A036","basinId":20,"flow":null,"status":"no_data","color":"#94a3b8","width":2.8}},{"type":"Feature","id":"11221","geometry":{"type":"Point","coordinates":[36.877778000000035,37.13444400000003]},"properties":{"OBJECTID":11221,"AGINO":"D20A040","SUADI":null,"ISTADI":null,"ILKODU":27,"ILCEKODU":1974,"KOT":null,"TEKERRUR_YILI":null,"Q2":null,"Q5":null,"Q25":null,"Q100":null,"Q500":null,"MaxFlow":null,"MaxDate":null,"Q10":null,"Q50":null,"Q200":null,"Q1000":null,"HAVZA_ID":20,"entityId":"11221","entityType":"flowStations","id":"11221","name":"D20A040","stationId":"D20A040","basinId":20,"flow":null,"status":"no_data","color":"#94a3b8","width":2.8}},{"type":"Feature","id":"11223","geometry":{"type":"Point","coordinates":[37.15583300000003,38.01833300000004]},"properties":{"OBJECTID":11223,"AGINO":"D20A051","SUADI":null,"ISTADI":null,"ILKODU":46,"ILCEKODU":1919,"KOT":null,"TEKERRUR_YILI":null,"Q2":null,"Q5":null,"Q25":null,"Q100":null,"Q500":null,"MaxFlow":null,"MaxDate":null,"Q10":null,"Q50":null,"Q200":null,"Q1000":null,"HAVZA_ID":20,"entityId":"11223","entityType":"flowStations","id":"11223","name":"D20A051","stationId":"D20A051","basinId":20,"flow":null,"status":"no_data","color":"#94a3b8","width":2.8}},{"type":"Feature","id":"11224","geometry":{"type":"Point","coordinates":[36.698889000000065,37.76027800000003]},"properties":{"OBJECTID":11224,"AGINO":"D20A053","SUADI":null,"ISTADI":null,"ILKODU":46,"ILCEKODU":2085,"KOT":null,"TEKERRUR_YILI":null,"Q2":null,"Q5":null,"Q25":null,"Q100":null,"Q500":null,"MaxFlow":null,"MaxDate":null,"Q10":null,"Q50":null,"Q200":null,"Q1000":null,"HAVZA_ID":20,"entityId":"11224","entityType":"flowStations","id":"11224","name":"D20A053","stationId":"D20A053","basinId":20,"flow":null,"status":"no_data","color":"#94a3b8","width":2.8}},{"type":"Feature","id":"11225","geometry":{"type":"Point","coordinates":[36.68250000000006,37.80111100000005]},"properties":{"OBJECTID":11225,"AGINO":"D20A054","SUADI":null,"ISTADI":null,"ILKODU":46,"ILCEKODU":2085,"KOT":null,"TEKERRUR_YILI":null,"Q2":null,"Q5":null,"Q25":null,"Q100":null,"Q500":null,"MaxFlow":null,"MaxDate":null,"Q10":null,"Q50":null,"Q200":null,"Q1000":null,"HAVZA_ID":20,"entityId":"11225","entityType":"flowStations","id":"11225","name":"D20A054","stationId":"D20A054","basinId":20,"flow":null,"status":"no_data","color":"#94a3b8","width":2.8}},{"type":"Feature","id":"11226","geometry":{"type":"Point","coordinates":[37.04083300000008,37.72888900000004]},"properties":{"OBJECTID":11226,"AGINO":"D20A056","SUADI":null,"ISTADI":null,"ILKODU":46,"ILCEKODU":2084,"KOT":null,"TEKERRUR_YILI":null,"Q2":null,"Q5":null,"Q25":null,"Q100":null,"Q500":null,"MaxFlow":null,"MaxDate":null,"Q10":null,"Q50":null,"Q200":null,"Q1000":null,"HAVZA_ID":20,"entityId":"11226","entityType":"flowStations","id":"11226","name":"D20A056","stationId":"D20A056","basinId":20,"flow":null,"status":"no_data","color":"#94a3b8","width":2.8}},{"type":"Feature","id":"11228","geometry":{"type":"Point","coordinates":[36.282778000000064,37.658056000000045]},"properties":{"OBJECTID":11228,"AGINO":"D20A058","SUADI":null,"ISTADI":null,"ILKODU":46,"ILCEKODU":1136,"KOT":null,"TEKERRUR_YILI":null,"Q2":null,"Q5":null,"Q25":null,"Q100":null,"Q500":null,"MaxFlow":null,"MaxDate":null,"Q10":null,"Q50":null,"Q200":null,"Q1000":null,"HAVZA_ID":20,"entityId":"11228","entityType":"flowStations","id":"11228","name":"D20A058","stationId":"D20A058","basinId":20,"flow":null,"status":"no_data","color":"#94a3b8","width":2.8}},{"type":"Feature","id":"11229","geometry":{"type":"Point","coordinates":[36.31222200000008,37.587222000000054]},"properties":{"OBJECTID":11229,"AGINO":"D20A059","SUADI":null,"ISTADI":null,"ILKODU":46,"ILCEKODU":1136,"KOT":null,"TEKERRUR_YILI":null,"Q2":null,"Q5":null,"Q25":null,"Q100":null,"Q500":null,"MaxFlow":null,"MaxDate":null,"Q10":null,"Q50":null,"Q200":null,"Q1000":null,"HAVZA_ID":20,"entityId":"11229","entityType":"flowStations","id":"11229","name":"D20A059","stationId":"D20A059","basinId":20,"flow":null,"status":"no_data","color":"#94a3b8","width":2.8}},{"type":"Feature","id":"11230","geometry":{"type":"Point","coordinates":[37.375556000000074,37.63138900000007]},"properties":{"OBJECTID":11230,"AGINO":"D20A060","SUADI":null,"ISTADI":null,"ILKODU":46,"ILCEKODU":1570,"KOT":null,"TEKERRUR_YILI":null,"Q2":null,"Q5":null,"Q25":null,"Q100":null,"Q500":null,"MaxFlow":null,"MaxDate":null,"Q10":null,"Q50":null,"Q200":null,"Q1000":null,"HAVZA_ID":20,"entityId":"11230","entityType":"flowStations","id":"11230","name":"D20A060","stationId":"D20A060","basinId":20,"flow":null,"status":"no_data","color":"#94a3b8","width":2.8}},{"type":"Feature","id":"11231","geometry":{"type":"Point","coordinates":[36.803333000000066,37.47750000000008]},"properties":{"OBJECTID":11231,"AGINO":"D20A063","SUADI":null,"ISTADI":null,"ILKODU":46,"ILCEKODU":1694,"KOT":null,"TEKERRUR_YILI":null,"Q2":null,"Q5":null,"Q25":null,"Q100":null,"Q500":null,"MaxFlow":null,"MaxDate":null,"Q10":null,"Q50":null,"Q200":null,"Q1000":null,"HAVZA_ID":20,"entityId":"11231","entityType":"flowStations","id":"11231","name":"D20A063","stationId":"D20A063","basinId":20,"flow":null,"status":"no_data","color":"#94a3b8","width":2.8}},{"type":"Feature","id":"11232","geometry":{"type":"Point","coordinates":[37.61166700000007,38.158889000000045]},"properties":{"OBJECTID":11232,"AGINO":"D20A066","SUADI":null,"ISTADI":null,"ILKODU":46,"ILCEKODU":1299,"KOT":null,"TEKERRUR_YILI":null,"Q2":null,"Q5":null,"Q25":null,"Q100":null,"Q500":null,"MaxFlow":null,"MaxDate":null,"Q10":null,"Q50":null,"Q200":null,"Q1000":null,"HAVZA_ID":20,"entityId":"11232","entityType":"flowStations","id":"11232","name":"D20A066","stationId":"D20A066","basinId":20,"flow":null,"status":"no_data","color":"#94a3b8","width":2.8}},{"type":"Feature","id":"11234","geometry":{"type":"Point","coordinates":[37.471389000000045,37.79583300000007]},"properties":{"OBJECTID":11234,"AGINO":"D21A262","SUADI":null,"ISTADI":null,"ILKODU":46,"ILCEKODU":1785,"KOT":null,"TEKERRUR_YILI":null,"Q2":null,"Q5":null,"Q25":null,"Q100":null,"Q500":null,"MaxFlow":null,"MaxDate":null,"Q10":null,"Q50":null,"Q200":null,"Q1000":null,"HAVZA_ID":21,"entityId":"11234","entityType":"flowStations","id":"11234","name":"D21A262","stationId":"D21A262","basinId":21,"flow":null,"status":"no_data","color":"#94a3b8","width":2.8}},{"type":"Feature","id":"11236","geometry":{"type":"Point","coordinates":[38.02722200000005,36.83222200000006]},"properties":{"OBJECTID":11236,"AGINO":"D21A276","SUADI":null,"ISTADI":null,"ILKODU":63,"ILCEKODU":1194,"KOT":null,"TEKERRUR_YILI":null,"Q2":null,"Q5":null,"Q25":null,"Q100":null,"Q500":null,"MaxFlow":null,"MaxDate":null,"Q10":null,"Q50":null,"Q200":null,"Q1000":null,"HAVZA_ID":21,"entityId":"11236","entityType":"flowStations","id":"11236","name":"D21A276","stationId":"D21A276","basinId":21,"flow":null,"status":"no_data","color":"#94a3b8","width":2.8}},{"type":"Feature","id":"11237","geometry":{"type":"Point","coordinates":[38.50388900000007,37.75111100000004]},"properties":{"OBJECTID":11237,"AGINO":"D21A311","SUADI":null,"ISTADI":null,"ILKODU":2,"ILCEKODU":1105,"KOT":null,"TEKERRUR_YILI":null,"Q2":null,"Q5":null,"Q25":null,"Q100":null,"Q500":null,"MaxFlow":null,"MaxDate":null,"Q10":null,"Q50":null,"Q200":null,"Q1000":null,"HAVZA_ID":21,"entityId":"11237","entityType":"flowStations","id":"11237","name":"D21A311","stationId":"D21A311","basinId":21,"flow":null,"status":"no_data","color":"#94a3b8","width":2.8}},{"type":"Feature","id":"11238","geometry":{"type":"Point","coordinates":[38.32777800000008,38.083056000000056]},"properties":{"OBJECTID":11238,"AGINO":"D21A323","SUADI":null,"ISTADI":null,"ILKODU":2,"ILCEKODU":1246,"KOT":null,"TEKERRUR_YILI":null,"Q2":null,"Q5":null,"Q25":null,"Q100":null,"Q500":null,"MaxFlow":null,"MaxDate":null,"Q10":null,"Q50":null,"Q200":null,"Q1000":null,"HAVZA_ID":21,"entityId":"11238","entityType":"flowStations","id":"11238","name":"D21A323","stationId":"D21A323","basinId":21,"flow":null,"status":"no_data","color":"#94a3b8","width":2.8}},{"type":"Feature","id":"11239","geometry":{"type":"Point","coordinates":[37.53194400000007,36.90277800000007]},"properties":{"OBJECTID":11239,"AGINO":"D21A352","SUADI":null,"ISTADI":null,"ILKODU":27,"ILCEKODU":1549,"KOT":null,"TEKERRUR_YILI":null,"Q2":null,"Q5":null,"Q25":null,"Q100":null,"Q500":null,"MaxFlow":null,"MaxDate":null,"Q10":null,"Q50":null,"Q200":null,"Q1000":null,"HAVZA_ID":21,"entityId":"11239","entityType":"flowStations","id":"11239","name":"D21A352","stationId":"D21A352","basinId":21,"flow":null,"status":"no_data","color":"#94a3b8","width":2.8}},{"type":"Feature","id":"11240","geometry":{"type":"Point","coordinates":[36.56972200000007,38.03194400000007]},"properties":{"OBJECTID":11240,"AGINO":"E20A006","SUADI":null,"ISTADI":null,"ILKODU":46,"ILCEKODU":1353,"KOT":null,"TEKERRUR_YILI":null,"Q2":null,"Q5":null,"Q25":null,"Q100":null,"Q500":null,"MaxFlow":null,"MaxDate":null,"Q10":null,"Q50":null,"Q200":null,"Q1000":null,"HAVZA_ID":20,"entityId":"11240","entityType":"flowStations","id":"11240","name":"E20A006","stationId":"E20A006","basinId":20,"flow":null,"status":"no_data","color":"#94a3b8","width":2.8}},{"type":"Feature","id":"11241","geometry":{"type":"Point","coordinates":[37.533611000000064,38.25555600000007]},"properties":{"OBJECTID":11241,"AGINO":"E20A022","SUADI":null,"ISTADI":null,"ILKODU":46,"ILCEKODU":1299,"KOT":null,"TEKERRUR_YILI":null,"Q2":null,"Q5":null,"Q25":null,"Q100":null,"Q500":null,"MaxFlow":null,"MaxDate":null,"Q10":null,"Q50":null,"Q200":null,"Q1000":null,"HAVZA_ID":20,"entityId":"11241","entityType":"flowStations","id":"11241","name":"E20A022","stationId":"E20A022","basinId":20,"flow":null,"status":"no_data","color":"#94a3b8","width":2.8}},{"type":"Feature","id":"11242","geometry":{"type":"Point","coordinates":[36.92000000000007,38.42194400000005]},"properties":{"OBJECTID":11242,"AGINO":"E20A025","SUADI":null,"ISTADI":null,"ILKODU":46,"ILCEKODU":1107,"KOT":null,"TEKERRUR_YILI":null,"Q2":null,"Q5":null,"Q25":null,"Q100":null,"Q500":null,"MaxFlow":null,"MaxDate":null,"Q10":null,"Q50":null,"Q200":null,"Q1000":null,"HAVZA_ID":20,"entityId":"11242","entityType":"flowStations","id":"11242","name":"E20A025","stationId":"E20A025","basinId":20,"flow":null,"status":"no_data","color":"#94a3b8","width":2.8}},{"type":"Feature","id":"11243","geometry":{"type":"Point","coordinates":[36.46694400000007,38.06861100000003]},"properties":{"OBJECTID":11243,"AGINO":"E20A029","SUADI":null,"ISTADI":null,"ILKODU":46,"ILCEKODU":1353,"KOT":null,"TEKERRUR_YILI":null,"Q2":null,"Q5":null,"Q25":null,"Q100":null,"Q500":null,"MaxFlow":null,"MaxDate":null,"Q10":null,"Q50":null,"Q200":null,"Q1000":null,"HAVZA_ID":20,"entityId":"11243","entityType":"flowStations","id":"11243","name":"E20A029","stationId":"E20A029","basinId":20,"flow":null,"status":"no_data","color":"#94a3b8","width":2.8}},{"type":"Feature","id":"11244","geometry":{"type":"Point","coordinates":[38.23694400000005,37.993889000000024]},"properties":{"OBJECTID":11244,"AGINO":"E21A035","SUADI":null,"ISTADI":null,"ILKODU":2,"ILCEKODU":1105,"KOT":null,"TEKERRUR_YILI":null,"Q2":null,"Q5":null,"Q25":null,"Q100":null,"Q500":null,"MaxFlow":null,"MaxDate":null,"Q10":null,"Q50":null,"Q200":null,"Q1000":null,"HAVZA_ID":21,"entityId":"11244","entityType":"flowStations","id":"11244","name":"E21A035","stationId":"E21A035","basinId":21,"flow":null,"status":"no_data","color":"#94a3b8","width":2.8}},{"type":"Feature","id":"11245","geometry":{"type":"Point","coordinates":[38.262222000000065,37.92638900000003]},"properties":{"OBJECTID":11245,"AGINO":"E21A083","SUADI":null,"ISTADI":null,"ILKODU":2,"ILCEKODU":1105,"KOT":null,"TEKERRUR_YILI":null,"Q2":null,"Q5":null,"Q25":null,"Q100":null,"Q500":null,"MaxFlow":null,"MaxDate":null,"Q10":null,"Q50":null,"Q200":null,"Q1000":null,"HAVZA_ID":21,"entityId":"11245","entityType":"flowStations","id":"11245","name":"E21A083","stationId":"E21A083","basinId":21,"flow":null,"status":"no_data","color":"#94a3b8","width":2.8}},{"type":"Feature","id":"11272","geometry":{"type":"Point","coordinates":[37.37472200000008,37.744722000000024]},"properties":{"OBJECTID":11272,"AGINO":"D20A079","SUADI":null,"ISTADI":null,"ILKODU":46,"ILCEKODU":1785,"KOT":null,"TEKERRUR_YILI":null,"Q2":null,"Q5":null,"Q25":null,"Q100":null,"Q500":null,"MaxFlow":null,"MaxDate":null,"Q10":null,"Q50":null,"Q200":null,"Q1000":null,"HAVZA_ID":20,"entityId":"11272","entityType":"flowStations","id":"11272","name":"D20A079","stationId":"D20A079","basinId":20,"flow":null,"status":"no_data","color":"#94a3b8","width":2.8}},{"type":"Feature","id":"11298","geometry":{"type":"Point","coordinates":[38.416667000000075,37.83333300000004]},"properties":{"OBJECTID":11298,"AGINO":"D21A188","SUADI":null,"ISTADI":null,"ILKODU":2,"ILCEKODU":1105,"KOT":null,"TEKERRUR_YILI":null,"Q2":null,"Q5":null,"Q25":null,"Q100":null,"Q500":null,"MaxFlow":null,"MaxDate":null,"Q10":null,"Q50":null,"Q200":null,"Q1000":null,"HAVZA_ID":21,"entityId":"11298","entityType":"flowStations","id":"11298","name":"D21A188","stationId":"D21A188","basinId":21,"flow":null,"status":"no_data","color":"#94a3b8","width":2.8}},{"type":"Feature","id":"11324","geometry":{"type":"Point","coordinates":[27.30083300000007,37.75000000000006]},"properties":{"OBJECTID":11324,"AGINO":"D06A019","SUADI":null,"ISTADI":null,"ILKODU":9,"ILCEKODU":1497,"KOT":null,"TEKERRUR_YILI":null,"Q2":null,"Q5":null,"Q25":null,"Q100":null,"Q500":null,"MaxFlow":null,"MaxDate":null,"Q10":null,"Q50":null,"Q200":null,"Q1000":null,"HAVZA_ID":6,"entityId":"11324","entityType":"flowStations","id":"11324","name":"D06A019","stationId":"D06A019","basinId":6,"flow":null,"status":"no_data","color":"#94a3b8","width":2.8}},{"type":"Feature","id":"11325","geometry":{"type":"Point","coordinates":[29.82111100000003,38.31638900000007]},"properties":{"OBJECTID":11325,"AGINO":"D07A003","SUADI":null,"ISTADI":null,"ILKODU":20,"ILCEKODU":1257,"KOT":null,"TEKERRUR_YILI":null,"Q2":null,"Q5":null,"Q25":null,"Q100":null,"Q500":null,"MaxFlow":null,"MaxDate":null,"Q10":null,"Q50":null,"Q200":null,"Q1000":null,"HAVZA_ID":7,"entityId":"11325","entityType":"flowStations","id":"11325","name":"D07A003","stationId":"D07A003","basinId":7,"flow":null,"status":"no_data","color":"#94a3b8","width":2.8}},{"type":"Feature","id":"11327","geometry":{"type":"Point","coordinates":[27.834444000000076,37.76388900000006]},"properties":{"OBJECTID":11327,"AGINO":"D07A009","SUADI":null,"ISTADI":null,"ILKODU":9,"ILCEKODU":2076,"KOT":null,"TEKERRUR_YILI":null,"Q2":null,"Q5":null,"Q25":null,"Q100":null,"Q500":null,"MaxFlow":null,"MaxDate":null,"Q10":null,"Q50":null,"Q200":null,"Q1000":null,"HAVZA_ID":7,"entityId":"11327","entityType":"flowStations","id":"11327","name":"D07A009","stationId":"D07A009","basinId":7,"flow":null,"status":"no_data","color":"#94a3b8","width":2.8}},{"type":"Feature","id":"11328","geometry":{"type":"Point","coordinates":[30.10000000000008,38.116667000000064]},"properties":{"OBJECTID":11328,"AGINO":"D07A010","SUADI":null,"ISTADI":null,"ILKODU":3,"ILCEKODU":1281,"KOT":null,"TEKERRUR_YILI":null,"Q2":null,"Q5":null,"Q25":null,"Q100":null,"Q500":null,"MaxFlow":null,"MaxDate":null,"Q10":null,"Q50":null,"Q200":null,"Q1000":null,"HAVZA_ID":7,"entityId":"11328","entityType":"flowStations","id":"11328","name":"D07A010","stationId":"D07A010","basinId":7,"flow":null,"status":"no_data","color":"#94a3b8","width":2.8}},{"type":"Feature","id":"11329","geometry":{"type":"Point","coordinates":[27.83333300000004,37.900000000000034]},"properties":{"OBJECTID":11329,"AGINO":"D07A014","SUADI":null,"ISTADI":null,"ILKODU":9,"ILCEKODU":2076,"KOT":null,"TEKERRUR_YILI":null,"Q2":null,"Q5":null,"Q25":null,"Q100":null,"Q500":null,"MaxFlow":null,"MaxDate":null,"Q10":null,"Q50":null,"Q200":null,"Q1000":null,"HAVZA_ID":7,"entityId":"11329","entityType":"flowStations","id":"11329","name":"D07A014","stationId":"D07A014","basinId":7,"flow":null,"status":"no_data","color":"#94a3b8","width":2.8}},{"type":"Feature","id":"11330","geometry":{"type":"Point","coordinates":[27.85222200000004,37.898889000000054]},"properties":{"OBJECTID":11330,"AGINO":"D07A015","SUADI":null,"ISTADI":null,"ILKODU":9,"ILCEKODU":2076,"KOT":null,"TEKERRUR_YILI":null,"Q2":null,"Q5":null,"Q25":null,"Q100":null,"Q500":null,"MaxFlow":null,"MaxDate":null,"Q10":null,"Q50":null,"Q200":null,"Q1000":null,"HAVZA_ID":7,"entityId":"11330","entityType":"flowStations","id":"11330","name":"D07A015","stationId":"D07A015","basinId":7,"flow":null,"status":"no_data","color":"#94a3b8","width":2.8}},{"type":"Feature","id":"11331","geometry":{"type":"Point","coordinates":[30.095278000000064,38.12027800000004]},"properties":{"OBJECTID":11331,"AGINO":"D07A026","SUADI":null,"ISTADI":null,"ILKODU":3,"ILCEKODU":1281,"KOT":null,"TEKERRUR_YILI":null,"Q2":null,"Q5":null,"Q25":null,"Q100":null,"Q500":null,"MaxFlow":null,"MaxDate":null,"Q10":null,"Q50":null,"Q200":null,"Q1000":null,"HAVZA_ID":7,"entityId":"11331","entityType":"flowStations","id":"11331","name":"D07A026","stationId":"D07A026","basinId":7,"flow":null,"status":"no_data","color":"#94a3b8","width":2.8}},{"type":"Feature","id":"11332","geometry":{"type":"Point","coordinates":[28.050000000000068,37.900000000000034]},"properties":{"OBJECTID":11332,"AGINO":"D07A030","SUADI":null,"ISTADI":null,"ILKODU":9,"ILCEKODU":1968,"KOT":null,"TEKERRUR_YILI":null,"Q2":null,"Q5":null,"Q25":null,"Q100":null,"Q500":null,"MaxFlow":null,"MaxDate":null,"Q10":null,"Q50":null,"Q200":null,"Q1000":null,"HAVZA_ID":7,"entityId":"11332","entityType":"flowStations","id":"11332","name":"D07A030","stationId":"D07A030","basinId":7,"flow":null,"status":"no_data","color":"#94a3b8","width":2.8}},{"type":"Feature","id":"11333","geometry":{"type":"Point","coordinates":[28.327500000000043,37.87583300000006]},"properties":{"OBJECTID":11333,"AGINO":"D07A032","SUADI":null,"ISTADI":null,"ILKODU":9,"ILCEKODU":1542,"KOT":null,"TEKERRUR_YILI":null,"Q2":null,"Q5":null,"Q25":null,"Q100":null,"Q500":null,"MaxFlow":null,"MaxDate":null,"Q10":null,"Q50":null,"Q200":null,"Q1000":null,"HAVZA_ID":7,"entityId":"11333","entityType":"flowStations","id":"11333","name":"D07A032","stationId":"D07A032","basinId":7,"flow":null,"status":"no_data","color":"#94a3b8","width":2.8}},{"type":"Feature","id":"11334","geometry":{"type":"Point","coordinates":[27.616667000000064,37.88333300000005]},"properties":{"OBJECTID":11334,"AGINO":"D07A039","SUADI":null,"ISTADI":null,"ILKODU":9,"ILCEKODU":1348,"KOT":null,"TEKERRUR_YILI":null,"Q2":null,"Q5":null,"Q25":null,"Q100":null,"Q500":null,"MaxFlow":null,"MaxDate":null,"Q10":null,"Q50":null,"Q200":null,"Q1000":null,"HAVZA_ID":7,"entityId":"11334","entityType":"flowStations","id":"11334","name":"D07A039","stationId":"D07A039","basinId":7,"flow":null,"status":"no_data","color":"#94a3b8","width":2.8}},{"type":"Feature","id":"11335","geometry":{"type":"Point","coordinates":[29.85000000000008,38.31666700000005]},"properties":{"OBJECTID":11335,"AGINO":"D07A053","SUADI":null,"ISTADI":null,"ILKODU":20,"ILCEKODU":1257,"KOT":null,"TEKERRUR_YILI":null,"Q2":null,"Q5":null,"Q25":null,"Q100":null,"Q500":null,"MaxFlow":null,"MaxDate":null,"Q10":null,"Q50":null,"Q200":null,"Q1000":null,"HAVZA_ID":7,"entityId":"11335","entityType":"flowStations","id":"11335","name":"D07A053","stationId":"D07A053","basinId":7,"flow":null,"status":"no_data","color":"#94a3b8","width":2.8}},{"type":"Feature","id":"11336","geometry":{"type":"Point","coordinates":[29.85000000000008,38.31666700000005]},"properties":{"OBJECTID":11336,"AGINO":"D07A054","SUADI":null,"ISTADI":null,"ILKODU":20,"ILCEKODU":1257,"KOT":null,"TEKERRUR_YILI":null,"Q2":null,"Q5":null,"Q25":null,"Q100":null,"Q500":null,"MaxFlow":null,"MaxDate":null,"Q10":null,"Q50":null,"Q200":null,"Q1000":null,"HAVZA_ID":7,"entityId":"11336","entityType":"flowStations","id":"11336","name":"D07A054","stationId":"D07A054","basinId":7,"flow":null,"status":"no_data","color":"#94a3b8","width":2.8}},{"type":"Feature","id":"11337","geometry":{"type":"Point","coordinates":[29.066667000000052,37.916667000000075]},"properties":{"OBJECTID":11337,"AGINO":"D07A059","SUADI":null,"ISTADI":null,"ILKODU":20,"ILCEKODU":1871,"KOT":null,"TEKERRUR_YILI":null,"Q2":null,"Q5":null,"Q25":null,"Q100":null,"Q500":null,"MaxFlow":null,"MaxDate":null,"Q10":null,"Q50":null,"Q200":null,"Q1000":null,"HAVZA_ID":7,"entityId":"11337","entityType":"flowStations","id":"11337","name":"D07A059","stationId":"D07A059","basinId":7,"flow":null,"status":"no_data","color":"#94a3b8","width":2.8}},{"type":"Feature","id":"11338","geometry":{"type":"Point","coordinates":[28.58000000000004,37.805000000000064]},"properties":{"OBJECTID":11338,"AGINO":"D07A061","SUADI":null,"ISTADI":null,"ILKODU":9,"ILCEKODU":1435,"KOT":null,"TEKERRUR_YILI":null,"Q2":null,"Q5":null,"Q25":null,"Q100":null,"Q500":null,"MaxFlow":null,"MaxDate":null,"Q10":null,"Q50":null,"Q200":null,"Q1000":null,"HAVZA_ID":7,"entityId":"11338","entityType":"flowStations","id":"11338","name":"D07A061","stationId":"D07A061","basinId":7,"flow":null,"status":"no_data","color":"#94a3b8","width":2.8}},{"type":"Feature","id":"11339","geometry":{"type":"Point","coordinates":[27.71666700000003,37.81666700000005]},"properties":{"OBJECTID":11339,"AGINO":"D07A062","SUADI":null,"ISTADI":null,"ILKODU":9,"ILCEKODU":1807,"KOT":null,"TEKERRUR_YILI":null,"Q2":null,"Q5":null,"Q25":null,"Q100":null,"Q500":null,"MaxFlow":null,"MaxDate":null,"Q10":null,"Q50":null,"Q200":null,"Q1000":null,"HAVZA_ID":7,"entityId":"11339","entityType":"flowStations","id":"11339","name":"D07A062","stationId":"D07A062","basinId":7,"flow":null,"status":"no_data","color":"#94a3b8","width":2.8}},{"type":"Feature","id":"11340","geometry":{"type":"Point","coordinates":[28.314444000000037,37.81277800000004]},"properties":{"OBJECTID":11340,"AGINO":"D07A070","SUADI":null,"ISTADI":null,"ILKODU":9,"ILCEKODU":1206,"KOT":null,"TEKERRUR_YILI":null,"Q2":null,"Q5":null,"Q25":null,"Q100":null,"Q500":null,"MaxFlow":null,"MaxDate":null,"Q10":null,"Q50":null,"Q200":null,"Q1000":null,"HAVZA_ID":7,"entityId":"11340","entityType":"flowStations","id":"11340","name":"D07A070","stationId":"D07A070","basinId":7,"flow":null,"status":"no_data","color":"#94a3b8","width":2.8}},{"type":"Feature","id":"11342","geometry":{"type":"Point","coordinates":[28.109722000000033,37.29055600000004]},"properties":{"OBJECTID":11342,"AGINO":"D07A079","SUADI":null,"ISTADI":null,"ILKODU":48,"ILCEKODU":1719,"KOT":null,"TEKERRUR_YILI":null,"Q2":null,"Q5":null,"Q25":null,"Q100":null,"Q500":null,"MaxFlow":null,"MaxDate":null,"Q10":null,"Q50":null,"Q200":null,"Q1000":null,"HAVZA_ID":7,"entityId":"11342","entityType":"flowStations","id":"11342","name":"D07A079","stationId":"D07A079","basinId":7,"flow":null,"status":"no_data","color":"#94a3b8","width":2.8}},{"type":"Feature","id":"11343","geometry":{"type":"Point","coordinates":[28.917222000000038,37.95250000000004]},"properties":{"OBJECTID":11343,"AGINO":"D07A081","SUADI":null,"ISTADI":null,"ILKODU":20,"ILCEKODU":1597,"KOT":null,"TEKERRUR_YILI":null,"Q2":null,"Q5":null,"Q25":null,"Q100":null,"Q500":null,"MaxFlow":null,"MaxDate":null,"Q10":null,"Q50":null,"Q200":null,"Q1000":null,"HAVZA_ID":7,"entityId":"11343","entityType":"flowStations","id":"11343","name":"D07A081","stationId":"D07A081","basinId":7,"flow":null,"status":"no_data","color":"#94a3b8","width":2.8}},{"type":"Feature","id":"11344","geometry":{"type":"Point","coordinates":[28.033333000000027,37.75000000000006]},"properties":{"OBJECTID":11344,"AGINO":"D07A082","SUADI":null,"ISTADI":null,"ILKODU":9,"ILCEKODU":1256,"KOT":null,"TEKERRUR_YILI":null,"Q2":null,"Q5":null,"Q25":null,"Q100":null,"Q500":null,"MaxFlow":null,"MaxDate":null,"Q10":null,"Q50":null,"Q200":null,"Q1000":null,"HAVZA_ID":7,"entityId":"11344","entityType":"flowStations","id":"11344","name":"D07A082","stationId":"D07A082","basinId":7,"flow":null,"status":"no_data","color":"#94a3b8","width":2.8}},{"type":"Feature","id":"11345","geometry":{"type":"Point","coordinates":[28.81194400000004,37.68583300000006]},"properties":{"OBJECTID":11345,"AGINO":"D07A093","SUADI":null,"ISTADI":null,"ILKODU":20,"ILCEKODU":1670,"KOT":null,"TEKERRUR_YILI":null,"Q2":null,"Q5":null,"Q25":null,"Q100":null,"Q500":null,"MaxFlow":null,"MaxDate":null,"Q10":null,"Q50":null,"Q200":null,"Q1000":null,"HAVZA_ID":7,"entityId":"11345","entityType":"flowStations","id":"11345","name":"D07A093","stationId":"D07A093","basinId":7,"flow":null,"status":"no_data","color":"#94a3b8","width":2.8}},{"type":"Feature","id":"11349","geometry":{"type":"Point","coordinates":[28.200000000000045,37.30000000000007]},"properties":{"OBJECTID":11349,"AGINO":"D07A099","SUADI":null,"ISTADI":null,"ILKODU":48,"ILCEKODU":1719,"KOT":null,"TEKERRUR_YILI":null,"Q2":null,"Q5":null,"Q25":null,"Q100":null,"Q500":null,"MaxFlow":null,"MaxDate":null,"Q10":null,"Q50":null,"Q200":null,"Q1000":null,"HAVZA_ID":7,"entityId":"11349","entityType":"flowStations","id":"11349","name":"D07A099","stationId":"D07A099","basinId":7,"flow":null,"status":"no_data","color":"#94a3b8","width":2.8}},{"type":"Feature","id":"11350","geometry":{"type":"Point","coordinates":[28.000000000000057,37.400000000000034]},"properties":{"OBJECTID":11350,"AGINO":"D07A100","SUADI":null,"ISTADI":null,"ILKODU":48,"ILCEKODU":1719,"KOT":null,"TEKERRUR_YILI":null,"Q2":null,"Q5":null,"Q25":null,"Q100":null,"Q500":null,"MaxFlow":null,"MaxDate":null,"Q10":null,"Q50":null,"Q200":null,"Q1000":null,"HAVZA_ID":7,"entityId":"11350","entityType":"flowStations","id":"11350","name":"D07A100","stationId":"D07A100","basinId":7,"flow":null,"status":"no_data","color":"#94a3b8","width":2.8}},{"type":"Feature","id":"11351","geometry":{"type":"Point","coordinates":[27.56916700000005,37.71500000000003]},"properties":{"OBJECTID":11351,"AGINO":"D07A103","SUADI":null,"ISTADI":null,"ILKODU":9,"ILCEKODU":1637,"KOT":null,"TEKERRUR_YILI":null,"Q2":null,"Q5":null,"Q25":null,"Q100":null,"Q500":null,"MaxFlow":null,"MaxDate":null,"Q10":null,"Q50":null,"Q200":null,"Q1000":null,"HAVZA_ID":7,"entityId":"11351","entityType":"flowStations","id":"11351","name":"D07A103","stationId":"D07A103","basinId":7,"flow":null,"status":"no_data","color":"#94a3b8","width":2.8}},{"type":"Feature","id":"11352","geometry":{"type":"Point","coordinates":[29.516111000000024,37.783056000000045]},"properties":{"OBJECTID":11352,"AGINO":"D07A106","SUADI":null,"ISTADI":null,"ILKODU":20,"ILCEKODU":1889,"KOT":null,"TEKERRUR_YILI":null,"Q2":null,"Q5":null,"Q25":null,"Q100":null,"Q500":null,"MaxFlow":null,"MaxDate":null,"Q10":null,"Q50":null,"Q200":null,"Q1000":null,"HAVZA_ID":7,"entityId":"11352","entityType":"flowStations","id":"11352","name":"D07A106","stationId":"D07A106","basinId":7,"flow":null,"status":"no_data","color":"#94a3b8","width":2.8}},{"type":"Feature","id":"11353","geometry":{"type":"Point","coordinates":[27.722500000000025,37.88194400000003]},"properties":{"OBJECTID":11353,"AGINO":"D07A107","SUADI":null,"ISTADI":null,"ILKODU":9,"ILCEKODU":1807,"KOT":null,"TEKERRUR_YILI":null,"Q2":null,"Q5":null,"Q25":null,"Q100":null,"Q500":null,"MaxFlow":null,"MaxDate":null,"Q10":null,"Q50":null,"Q200":null,"Q1000":null,"HAVZA_ID":7,"entityId":"11353","entityType":"flowStations","id":"11353","name":"D07A107","stationId":"D07A107","basinId":7,"flow":null,"status":"no_data","color":"#94a3b8","width":2.8}},{"type":"Feature","id":"11354","geometry":{"type":"Point","coordinates":[27.524722000000054,37.56138900000008]},"properties":{"OBJECTID":11354,"AGINO":"D07A108","SUADI":null,"ISTADI":null,"ILKODU":9,"ILCEKODU":1637,"KOT":null,"TEKERRUR_YILI":null,"Q2":null,"Q5":null,"Q25":null,"Q100":null,"Q500":null,"MaxFlow":null,"MaxDate":null,"Q10":null,"Q50":null,"Q200":null,"Q1000":null,"HAVZA_ID":7,"entityId":"11354","entityType":"flowStations","id":"11354","name":"D07A108","stationId":"D07A108","basinId":7,"flow":null,"status":"no_data","color":"#94a3b8","width":2.8}},{"type":"Feature","id":"11355","geometry":{"type":"Point","coordinates":[27.700000000000045,37.900000000000034]},"properties":{"OBJECTID":11355,"AGINO":"D07A109","SUADI":null,"ISTADI":null,"ILKODU":9,"ILCEKODU":1807,"KOT":null,"TEKERRUR_YILI":null,"Q2":null,"Q5":null,"Q25":null,"Q100":null,"Q500":null,"MaxFlow":null,"MaxDate":null,"Q10":null,"Q50":null,"Q200":null,"Q1000":null,"HAVZA_ID":7,"entityId":"11355","entityType":"flowStations","id":"11355","name":"D07A109","stationId":"D07A109","basinId":7,"flow":null,"status":"no_data","color":"#94a3b8","width":2.8}},{"type":"Feature","id":"11356","geometry":{"type":"Point","coordinates":[28.379167000000052,37.62194400000004]},"properties":{"OBJECTID":11356,"AGINO":"D07A114","SUADI":null,"ISTADI":null,"ILKODU":9,"ILCEKODU":1206,"KOT":null,"TEKERRUR_YILI":null,"Q2":null,"Q5":null,"Q25":null,"Q100":null,"Q500":null,"MaxFlow":null,"MaxDate":null,"Q10":null,"Q50":null,"Q200":null,"Q1000":null,"HAVZA_ID":7,"entityId":"11356","entityType":"flowStations","id":"11356","name":"D07A114","stationId":"D07A114","basinId":7,"flow":null,"status":"no_data","color":"#94a3b8","width":2.8}},{"type":"Feature","id":"11357","geometry":{"type":"Point","coordinates":[28.969722000000047,38.05194400000005]},"properties":{"OBJECTID":11357,"AGINO":"D07A115","SUADI":null,"ISTADI":null,"ILKODU":20,"ILCEKODU":1214,"KOT":null,"TEKERRUR_YILI":null,"Q2":null,"Q5":null,"Q25":null,"Q100":null,"Q500":null,"MaxFlow":null,"MaxDate":null,"Q10":null,"Q50":null,"Q200":null,"Q1000":null,"HAVZA_ID":7,"entityId":"11357","entityType":"flowStations","id":"11357","name":"D07A115","stationId":"D07A115","basinId":7,"flow":null,"status":"no_data","color":"#94a3b8","width":2.8}},{"type":"Feature","id":"11358","geometry":{"type":"Point","coordinates":[28.52694400000007,37.930833000000064]},"properties":{"OBJECTID":11358,"AGINO":"D07A121","SUADI":null,"ISTADI":null,"ILKODU":9,"ILCEKODU":1498,"KOT":null,"TEKERRUR_YILI":null,"Q2":null,"Q5":null,"Q25":null,"Q100":null,"Q500":null,"MaxFlow":null,"MaxDate":null,"Q10":null,"Q50":null,"Q200":null,"Q1000":null,"HAVZA_ID":7,"entityId":"11358","entityType":"flowStations","id":"11358","name":"D07A121","stationId":"D07A121","basinId":7,"flow":null,"status":"no_data","color":"#94a3b8","width":2.8}},{"type":"Feature","id":"11359","geometry":{"type":"Point","coordinates":[29.22694400000006,37.80222200000003]},"properties":{"OBJECTID":11359,"AGINO":"D07A125","SUADI":null,"ISTADI":null,"ILKODU":20,"ILCEKODU":1871,"KOT":null,"TEKERRUR_YILI":null,"Q2":null,"Q5":null,"Q25":null,"Q100":null,"Q500":null,"MaxFlow":null,"MaxDate":null,"Q10":null,"Q50":null,"Q200":null,"Q1000":null,"HAVZA_ID":7,"entityId":"11359","entityType":"flowStations","id":"11359","name":"D07A125","stationId":"D07A125","basinId":7,"flow":null,"status":"no_data","color":"#94a3b8","width":2.8}},{"type":"Feature","id":"11360","geometry":{"type":"Point","coordinates":[27.543333000000075,37.88055600000007]},"properties":{"OBJECTID":11360,"AGINO":"D07A130","SUADI":null,"ISTADI":null,"ILKODU":9,"ILCEKODU":1348,"KOT":null,"TEKERRUR_YILI":null,"Q2":null,"Q5":null,"Q25":null,"Q100":null,"Q500":null,"MaxFlow":null,"MaxDate":null,"Q10":null,"Q50":null,"Q200":null,"Q1000":null,"HAVZA_ID":7,"entityId":"11360","entityType":"flowStations","id":"11360","name":"D07A130","stationId":"D07A130","basinId":7,"flow":null,"status":"no_data","color":"#94a3b8","width":2.8}},{"type":"Feature","id":"11361","geometry":{"type":"Point","coordinates":[28.064722000000074,37.543333000000075]},"properties":{"OBJECTID":11361,"AGINO":"D07A131","SUADI":null,"ISTADI":null,"ILKODU":9,"ILCEKODU":1256,"KOT":null,"TEKERRUR_YILI":null,"Q2":null,"Q5":null,"Q25":null,"Q100":null,"Q500":null,"MaxFlow":null,"MaxDate":null,"Q10":null,"Q50":null,"Q200":null,"Q1000":null,"HAVZA_ID":7,"entityId":"11361","entityType":"flowStations","id":"11361","name":"D07A131","stationId":"D07A131","basinId":7,"flow":null,"status":"no_data","color":"#94a3b8","width":2.8}},{"type":"Feature","id":"11362","geometry":{"type":"Point","coordinates":[29.33333300000004,37.31666700000005]},"properties":{"OBJECTID":11362,"AGINO":"D08A009","SUADI":null,"ISTADI":null,"ILKODU":20,"ILCEKODU":1102,"KOT":null,"TEKERRUR_YILI":null,"Q2":null,"Q5":null,"Q25":null,"Q100":null,"Q500":null,"MaxFlow":null,"MaxDate":null,"Q10":null,"Q50":null,"Q200":null,"Q1000":null,"HAVZA_ID":8,"entityId":"11362","entityType":"flowStations","id":"11362","name":"D08A009","stationId":"D08A009","basinId":8,"flow":null,"status":"no_data","color":"#94a3b8","width":2.8}},{"type":"Feature","id":"11365","geometry":{"type":"Point","coordinates":[28.45583300000004,37.179444000000046]},"properties":{"OBJECTID":11365,"AGINO":"D08A084","SUADI":null,"ISTADI":null,"ILKODU":48,"ILCEKODU":2089,"KOT":null,"TEKERRUR_YILI":null,"Q2":null,"Q5":null,"Q25":null,"Q100":null,"Q500":null,"MaxFlow":null,"MaxDate":null,"Q10":null,"Q50":null,"Q200":null,"Q1000":null,"HAVZA_ID":8,"entityId":"11365","entityType":"flowStations","id":"11365","name":"D08A084","stationId":"D08A084","basinId":8,"flow":null,"status":"no_data","color":"#94a3b8","width":2.8}},{"type":"Feature","id":"11368","geometry":{"type":"Point","coordinates":[27.939444000000037,37.09000000000003]},"properties":{"OBJECTID":11368,"AGINO":"D08A094","SUADI":null,"ISTADI":null,"ILKODU":48,"ILCEKODU":1528,"KOT":null,"TEKERRUR_YILI":null,"Q2":null,"Q5":null,"Q25":null,"Q100":null,"Q500":null,"MaxFlow":null,"MaxDate":null,"Q10":null,"Q50":null,"Q200":null,"Q1000":null,"HAVZA_ID":8,"entityId":"11368","entityType":"flowStations","id":"11368","name":"D08A094","stationId":"D08A094","basinId":8,"flow":null,"status":"no_data","color":"#94a3b8","width":2.8}},{"type":"Feature","id":"11371","geometry":{"type":"Point","coordinates":[27.783333000000027,37.366667000000064]},"properties":{"OBJECTID":11371,"AGINO":"D08A098","SUADI":null,"ISTADI":null,"ILKODU":48,"ILCEKODU":1528,"KOT":null,"TEKERRUR_YILI":null,"Q2":null,"Q5":null,"Q25":null,"Q100":null,"Q500":null,"MaxFlow":null,"MaxDate":null,"Q10":null,"Q50":null,"Q200":null,"Q1000":null,"HAVZA_ID":8,"entityId":"11371","entityType":"flowStations","id":"11371","name":"D08A098","stationId":"D08A098","basinId":8,"flow":null,"status":"no_data","color":"#94a3b8","width":2.8}},{"type":"Feature","id":"11373","geometry":{"type":"Point","coordinates":[29.666667000000075,36.616667000000064]},"properties":{"OBJECTID":11373,"AGINO":"D08A100","SUADI":null,"ISTADI":null,"ILKODU":7,"ILCEKODU":1451,"KOT":null,"TEKERRUR_YILI":null,"Q2":null,"Q5":null,"Q25":null,"Q100":null,"Q500":null,"MaxFlow":null,"MaxDate":null,"Q10":null,"Q50":null,"Q200":null,"Q1000":null,"HAVZA_ID":8,"entityId":"11373","entityType":"flowStations","id":"11373","name":"D08A100","stationId":"D08A100","basinId":8,"flow":null,"status":"no_data","color":"#94a3b8","width":2.8}},{"type":"Feature","id":"11374","geometry":{"type":"Point","coordinates":[27.761111000000028,37.38888900000006]},"properties":{"OBJECTID":11374,"AGINO":"D08A101","SUADI":null,"ISTADI":null,"ILKODU":48,"ILCEKODU":1528,"KOT":null,"TEKERRUR_YILI":null,"Q2":null,"Q5":null,"Q25":null,"Q100":null,"Q500":null,"MaxFlow":null,"MaxDate":null,"Q10":null,"Q50":null,"Q200":null,"Q1000":null,"HAVZA_ID":8,"entityId":"11374","entityType":"flowStations","id":"11374","name":"D08A101","stationId":"D08A101","basinId":8,"flow":null,"status":"no_data","color":"#94a3b8","width":2.8}},{"type":"Feature","id":"11378","geometry":{"type":"Point","coordinates":[29.62361100000004,36.94722200000007]},"properties":{"OBJECTID":11378,"AGINO":"D08A107","SUADI":null,"ISTADI":null,"ILKODU":48,"ILCEKODU":2090,"KOT":null,"TEKERRUR_YILI":null,"Q2":null,"Q5":null,"Q25":null,"Q100":null,"Q500":null,"MaxFlow":null,"MaxDate":null,"Q10":null,"Q50":null,"Q200":null,"Q1000":null,"HAVZA_ID":8,"entityId":"11378","entityType":"flowStations","id":"11378","name":"D08A107","stationId":"D08A107","basinId":8,"flow":null,"status":"no_data","color":"#94a3b8","width":2.8}},{"type":"Feature","id":"11379","geometry":{"type":"Point","coordinates":[29.166667000000075,36.84944400000006]},"properties":{"OBJECTID":11379,"AGINO":"D08A109","SUADI":null,"ISTADI":null,"ILKODU":48,"ILCEKODU":1331,"KOT":null,"TEKERRUR_YILI":null,"Q2":null,"Q5":null,"Q25":null,"Q100":null,"Q500":null,"MaxFlow":null,"MaxDate":null,"Q10":null,"Q50":null,"Q200":null,"Q1000":null,"HAVZA_ID":8,"entityId":"11379","entityType":"flowStations","id":"11379","name":"D08A109","stationId":"D08A109","basinId":8,"flow":null,"status":"no_data","color":"#94a3b8","width":2.8}},{"type":"Feature","id":"11382","geometry":{"type":"Point","coordinates":[28.287500000000023,36.95305600000006]},"properties":{"OBJECTID":11382,"AGINO":"D08A115","SUADI":null,"ISTADI":null,"ILKODU":48,"ILCEKODU":1517,"KOT":null,"TEKERRUR_YILI":null,"Q2":null,"Q5":null,"Q25":null,"Q100":null,"Q500":null,"MaxFlow":null,"MaxDate":null,"Q10":null,"Q50":null,"Q200":null,"Q1000":null,"HAVZA_ID":8,"entityId":"11382","entityType":"flowStations","id":"11382","name":"D08A115","stationId":"D08A115","basinId":8,"flow":null,"status":"no_data","color":"#94a3b8","width":2.8}},{"type":"Feature","id":"11383","geometry":{"type":"Point","coordinates":[28.167500000000075,36.82805600000006]},"properties":{"OBJECTID":11383,"AGINO":"D08A118","SUADI":null,"ISTADI":null,"ILKODU":48,"ILCEKODU":1517,"KOT":null,"TEKERRUR_YILI":null,"Q2":null,"Q5":null,"Q25":null,"Q100":null,"Q500":null,"MaxFlow":null,"MaxDate":null,"Q10":null,"Q50":null,"Q200":null,"Q1000":null,"HAVZA_ID":8,"entityId":"11383","entityType":"flowStations","id":"11383","name":"D08A118","stationId":"D08A118","basinId":8,"flow":null,"status":"no_data","color":"#94a3b8","width":2.8}},{"type":"Feature","id":"11393","geometry":{"type":"Point","coordinates":[28.609444000000053,36.94138900000007]},"properties":{"OBJECTID":11393,"AGINO":"D08A150","SUADI":null,"ISTADI":null,"ILKODU":48,"ILCEKODU":1488,"KOT":null,"TEKERRUR_YILI":null,"Q2":null,"Q5":null,"Q25":null,"Q100":null,"Q500":null,"MaxFlow":null,"MaxDate":null,"Q10":null,"Q50":null,"Q200":null,"Q1000":null,"HAVZA_ID":8,"entityId":"11393","entityType":"flowStations","id":"11393","name":"D08A150","stationId":"D08A150","basinId":8,"flow":null,"status":"no_data","color":"#94a3b8","width":2.8}},{"type":"Feature","id":"11394","geometry":{"type":"Point","coordinates":[28.794167000000073,36.834167000000036]},"properties":{"OBJECTID":11394,"AGINO":"D08A151","SUADI":null,"ISTADI":null,"ILKODU":48,"ILCEKODU":1831,"KOT":null,"TEKERRUR_YILI":null,"Q2":null,"Q5":null,"Q25":null,"Q100":null,"Q500":null,"MaxFlow":null,"MaxDate":null,"Q10":null,"Q50":null,"Q200":null,"Q1000":null,"HAVZA_ID":8,"entityId":"11394","entityType":"flowStations","id":"11394","name":"D08A151","stationId":"D08A151","basinId":8,"flow":null,"status":"no_data","color":"#94a3b8","width":2.8}},{"type":"Feature","id":"11395","geometry":{"type":"Point","coordinates":[27.712222000000054,37.306389000000024]},"properties":{"OBJECTID":11395,"AGINO":"D08A152","SUADI":null,"ISTADI":null,"ILKODU":48,"ILCEKODU":1528,"KOT":null,"TEKERRUR_YILI":null,"Q2":null,"Q5":null,"Q25":null,"Q100":null,"Q500":null,"MaxFlow":null,"MaxDate":null,"Q10":null,"Q50":null,"Q200":null,"Q1000":null,"HAVZA_ID":8,"entityId":"11395","entityType":"flowStations","id":"11395","name":"D08A152","stationId":"D08A152","basinId":8,"flow":null,"status":"no_data","color":"#94a3b8","width":2.8}},{"type":"Feature","id":"11399","geometry":{"type":"Point","coordinates":[29.387222000000065,36.74750000000006]},"properties":{"OBJECTID":11399,"AGINO":"D08A156","SUADI":null,"ISTADI":null,"ILKODU":48,"ILCEKODU":2090,"KOT":null,"TEKERRUR_YILI":null,"Q2":null,"Q5":null,"Q25":null,"Q100":null,"Q500":null,"MaxFlow":null,"MaxDate":null,"Q10":null,"Q50":null,"Q200":null,"Q1000":null,"HAVZA_ID":8,"entityId":"11399","entityType":"flowStations","id":"11399","name":"D08A156","stationId":"D08A156","basinId":8,"flow":null,"status":"no_data","color":"#94a3b8","width":2.8}},{"type":"Feature","id":"11400","geometry":{"type":"Point","coordinates":[28.13055600000007,37.42111100000005]},"properties":{"OBJECTID":11400,"AGINO":"E07A001","SUADI":null,"ISTADI":null,"ILKODU":48,"ILCEKODU":1719,"KOT":null,"TEKERRUR_YILI":null,"Q2":null,"Q5":null,"Q25":null,"Q100":null,"Q500":null,"MaxFlow":null,"MaxDate":null,"Q10":null,"Q50":null,"Q200":null,"Q1000":null,"HAVZA_ID":7,"entityId":"11400","entityType":"flowStations","id":"11400","name":"E07A001","stationId":"E07A001","basinId":7,"flow":null,"status":"no_data","color":"#94a3b8","width":2.8}},{"type":"Feature","id":"11402","geometry":{"type":"Point","coordinates":[27.84027800000007,37.78333300000003]},"properties":{"OBJECTID":11402,"AGINO":"E07A006","SUADI":null,"ISTADI":null,"ILKODU":9,"ILCEKODU":2076,"KOT":null,"TEKERRUR_YILI":null,"Q2":null,"Q5":null,"Q25":null,"Q100":null,"Q500":null,"MaxFlow":null,"MaxDate":null,"Q10":null,"Q50":null,"Q200":null,"Q1000":null,"HAVZA_ID":7,"entityId":"11402","entityType":"flowStations","id":"11402","name":"E07A006","stationId":"E07A006","basinId":7,"flow":null,"status":"no_data","color":"#94a3b8","width":2.8}},{"type":"Feature","id":"11404","geometry":{"type":"Point","coordinates":[29.640000000000043,38.15694400000007]},"properties":{"OBJECTID":11404,"AGINO":"E07A013","SUADI":null,"ISTADI":null,"ILKODU":20,"ILCEKODU":1257,"KOT":null,"TEKERRUR_YILI":null,"Q2":null,"Q5":null,"Q25":null,"Q100":null,"Q500":null,"MaxFlow":null,"MaxDate":null,"Q10":null,"Q50":null,"Q200":null,"Q1000":null,"HAVZA_ID":7,"entityId":"11404","entityType":"flowStations","id":"11404","name":"E07A013","stationId":"E07A013","basinId":7,"flow":null,"status":"no_data","color":"#94a3b8","width":2.8}},{"type":"Feature","id":"11405","geometry":{"type":"Point","coordinates":[28.724444000000062,37.335556000000054]},"properties":{"OBJECTID":11405,"AGINO":"E07A032","SUADI":null,"ISTADI":null,"ILKODU":20,"ILCEKODU":1426,"KOT":null,"TEKERRUR_YILI":null,"Q2":null,"Q5":null,"Q25":null,"Q100":null,"Q500":null,"MaxFlow":null,"MaxDate":null,"Q10":null,"Q50":null,"Q200":null,"Q1000":null,"HAVZA_ID":7,"entityId":"11405","entityType":"flowStations","id":"11405","name":"E07A032","stationId":"E07A032","basinId":7,"flow":null,"status":"no_data","color":"#94a3b8","width":2.8}},{"type":"Feature","id":"11406","geometry":{"type":"Point","coordinates":[28.56083300000006,37.430556000000024]},"properties":{"OBJECTID":11406,"AGINO":"E07A033","SUADI":null,"ISTADI":null,"ILKODU":48,"ILCEKODU":2089,"KOT":null,"TEKERRUR_YILI":null,"Q2":null,"Q5":null,"Q25":null,"Q100":null,"Q500":null,"MaxFlow":null,"MaxDate":null,"Q10":null,"Q50":null,"Q200":null,"Q1000":null,"HAVZA_ID":7,"entityId":"11406","entityType":"flowStations","id":"11406","name":"E07A033","stationId":"E07A033","basinId":7,"flow":null,"status":"no_data","color":"#94a3b8","width":2.8}},{"type":"Feature","id":"11407","geometry":{"type":"Point","coordinates":[28.615556000000026,37.26194400000003]},"properties":{"OBJECTID":11407,"AGINO":"E07A037","SUADI":null,"ISTADI":null,"ILKODU":48,"ILCEKODU":2089,"KOT":null,"TEKERRUR_YILI":null,"Q2":null,"Q5":null,"Q25":null,"Q100":null,"Q500":null,"MaxFlow":null,"MaxDate":null,"Q10":null,"Q50":null,"Q200":null,"Q1000":null,"HAVZA_ID":7,"entityId":"11407","entityType":"flowStations","id":"11407","name":"E07A037","stationId":"E07A037","basinId":7,"flow":null,"status":"no_data","color":"#94a3b8","width":2.8}},{"type":"Feature","id":"11408","geometry":{"type":"Point","coordinates":[28.025000000000034,37.90750000000003]},"properties":{"OBJECTID":11408,"AGINO":"E07A038","SUADI":null,"ISTADI":null,"ILKODU":9,"ILCEKODU":1968,"KOT":null,"TEKERRUR_YILI":null,"Q2":null,"Q5":null,"Q25":null,"Q100":null,"Q500":null,"MaxFlow":null,"MaxDate":null,"Q10":null,"Q50":null,"Q200":null,"Q1000":null,"HAVZA_ID":7,"entityId":"11408","entityType":"flowStations","id":"11408","name":"E07A038","stationId":"E07A038","basinId":7,"flow":null,"status":"no_data","color":"#94a3b8","width":2.8}},{"type":"Feature","id":"11409","geometry":{"type":"Point","coordinates":[29.005278000000033,38.07888900000006]},"properties":{"OBJECTID":11409,"AGINO":"E07A043","SUADI":null,"ISTADI":null,"ILKODU":20,"ILCEKODU":1371,"KOT":null,"TEKERRUR_YILI":null,"Q2":null,"Q5":null,"Q25":null,"Q100":null,"Q500":null,"MaxFlow":null,"MaxDate":null,"Q10":null,"Q50":null,"Q200":null,"Q1000":null,"HAVZA_ID":7,"entityId":"11409","entityType":"flowStations","id":"11409","name":"E07A043","stationId":"E07A043","basinId":7,"flow":null,"status":"no_data","color":"#94a3b8","width":2.8}},{"type":"Feature","id":"11410","geometry":{"type":"Point","coordinates":[28.96277800000007,37.55888900000008]},"properties":{"OBJECTID":11410,"AGINO":"E07A044","SUADI":null,"ISTADI":null,"ILKODU":20,"ILCEKODU":1670,"KOT":null,"TEKERRUR_YILI":null,"Q2":null,"Q5":null,"Q25":null,"Q100":null,"Q500":null,"MaxFlow":null,"MaxDate":null,"Q10":null,"Q50":null,"Q200":null,"Q1000":null,"HAVZA_ID":7,"entityId":"11410","entityType":"flowStations","id":"11410","name":"E07A044","stationId":"E07A044","basinId":7,"flow":null,"status":"no_data","color":"#94a3b8","width":2.8}},{"type":"Feature","id":"11411","geometry":{"type":"Point","coordinates":[29.56194400000004,36.825278000000026]},"properties":{"OBJECTID":11411,"AGINO":"E08A009","SUADI":null,"ISTADI":null,"ILKODU":48,"ILCEKODU":2090,"KOT":null,"TEKERRUR_YILI":null,"Q2":null,"Q5":null,"Q25":null,"Q100":null,"Q500":null,"MaxFlow":null,"MaxDate":null,"Q10":null,"Q50":null,"Q200":null,"Q1000":null,"HAVZA_ID":8,"entityId":"11411","entityType":"flowStations","id":"11411","name":"E08A009","stationId":"E08A009","basinId":8,"flow":null,"status":"no_data","color":"#94a3b8","width":2.8}},{"type":"Feature","id":"11413","geometry":{"type":"Point","coordinates":[29.316667000000052,36.356389000000036]},"properties":{"OBJECTID":11413,"AGINO":"E08A015","SUADI":null,"ISTADI":null,"ILKODU":7,"ILCEKODU":1451,"KOT":null,"TEKERRUR_YILI":null,"Q2":null,"Q5":null,"Q25":null,"Q100":null,"Q500":null,"MaxFlow":null,"MaxDate":null,"Q10":null,"Q50":null,"Q200":null,"Q1000":null,"HAVZA_ID":8,"entityId":"11413","entityType":"flowStations","id":"11413","name":"E08A015","stationId":"E08A015","basinId":8,"flow":null,"status":"no_data","color":"#94a3b8","width":2.8}},{"type":"Feature","id":"11414","geometry":{"type":"Point","coordinates":[29.403333000000032,36.473333000000025]},"properties":{"OBJECTID":11414,"AGINO":"E08A018","SUADI":null,"ISTADI":null,"ILKODU":7,"ILCEKODU":1451,"KOT":null,"TEKERRUR_YILI":null,"Q2":null,"Q5":null,"Q25":null,"Q100":null,"Q500":null,"MaxFlow":null,"MaxDate":null,"Q10":null,"Q50":null,"Q200":null,"Q1000":null,"HAVZA_ID":8,"entityId":"11414","entityType":"flowStations","id":"11414","name":"E08A018","stationId":"E08A018","basinId":8,"flow":null,"status":"no_data","color":"#94a3b8","width":2.8}},{"type":"Feature","id":"11622","geometry":{"type":"Point","coordinates":[38.729167000000075,40.89194400000008]},"properties":{"OBJECTID":11622,"AGINO":"D22A117","SUADI":null,"ISTADI":null,"ILKODU":28,"ILCEKODU":1320,"KOT":null,"TEKERRUR_YILI":null,"Q2":null,"Q5":null,"Q25":null,"Q100":null,"Q500":null,"MaxFlow":null,"MaxDate":null,"Q10":null,"Q50":null,"Q200":null,"Q1000":null,"HAVZA_ID":22,"entityId":"11622","entityType":"flowStations","id":"11622","name":"D22A117","stationId":"D22A117","basinId":22,"flow":null,"status":"no_data","color":"#94a3b8","width":2.8}},{"type":"Feature","id":"11676","geometry":{"type":"Point","coordinates":[38.47277800000006,40.28888900000004]},"properties":{"OBJECTID":11676,"AGINO":"D14A166","SUADI":null,"ISTADI":null,"ILKODU":28,"ILCEKODU":1654,"KOT":null,"TEKERRUR_YILI":null,"Q2":null,"Q5":null,"Q25":null,"Q100":null,"Q500":null,"MaxFlow":null,"MaxDate":null,"Q10":null,"Q50":null,"Q200":null,"Q1000":null,"HAVZA_ID":14,"entityId":"11676","entityType":"flowStations","id":"11676","name":"D14A166","stationId":"D14A166","basinId":14,"flow":null,"status":"no_data","color":"#94a3b8","width":2.8}},{"type":"Feature","id":"11677","geometry":{"type":"Point","coordinates":[41.25083300000006,41.25000000000006]},"properties":{"OBJECTID":11677,"AGINO":"D22A006","SUADI":null,"ISTADI":null,"ILKODU":53,"ILCEKODU":1332,"KOT":null,"TEKERRUR_YILI":null,"Q2":null,"Q5":null,"Q25":null,"Q100":null,"Q500":null,"MaxFlow":null,"MaxDate":null,"Q10":null,"Q50":null,"Q200":null,"Q1000":null,"HAVZA_ID":22,"entityId":"11677","entityType":"flowStations","id":"11677","name":"D22A006","stationId":"D22A006","basinId":22,"flow":null,"status":"no_data","color":"#94a3b8","width":2.8}},{"type":"Feature","id":"11678","geometry":{"type":"Point","coordinates":[40.28972200000004,40.62444400000004]},"properties":{"OBJECTID":11678,"AGINO":"D22A007","SUADI":null,"ISTADI":null,"ILKODU":61,"ILCEKODU":1244,"KOT":null,"TEKERRUR_YILI":null,"Q2":null,"Q5":null,"Q25":null,"Q100":null,"Q500":null,"MaxFlow":null,"MaxDate":null,"Q10":null,"Q50":null,"Q200":null,"Q1000":null,"HAVZA_ID":22,"entityId":"11678","entityType":"flowStations","id":"11678","name":"D22A007","stationId":"D22A007","basinId":22,"flow":null,"status":"no_data","color":"#94a3b8","width":2.8}},{"type":"Feature","id":"11680","geometry":{"type":"Point","coordinates":[39.011389000000065,40.88611100000003]},"properties":{"OBJECTID":11680,"AGINO":"D22A058","SUADI":null,"ISTADI":null,"ILKODU":28,"ILCEKODU":1894,"KOT":null,"TEKERRUR_YILI":null,"Q2":null,"Q5":null,"Q25":null,"Q100":null,"Q500":null,"MaxFlow":null,"MaxDate":null,"Q10":null,"Q50":null,"Q200":null,"Q1000":null,"HAVZA_ID":22,"entityId":"11680","entityType":"flowStations","id":"11680","name":"D22A058","stationId":"D22A058","basinId":22,"flow":null,"status":"no_data","color":"#94a3b8","width":2.8}},{"type":"Feature","id":"11683","geometry":{"type":"Point","coordinates":[40.542778000000055,40.927778000000046]},"properties":{"OBJECTID":11683,"AGINO":"D22A082","SUADI":null,"ISTADI":null,"ILKODU":53,"ILCEKODU":1586,"KOT":null,"TEKERRUR_YILI":null,"Q2":null,"Q5":null,"Q25":null,"Q100":null,"Q500":null,"MaxFlow":null,"MaxDate":null,"Q10":null,"Q50":null,"Q200":null,"Q1000":null,"HAVZA_ID":22,"entityId":"11683","entityType":"flowStations","id":"11683","name":"D22A082","stationId":"D22A082","basinId":22,"flow":null,"status":"no_data","color":"#94a3b8","width":2.8}},{"type":"Feature","id":"11684","geometry":{"type":"Point","coordinates":[39.46638900000005,40.563056000000074]},"properties":{"OBJECTID":11684,"AGINO":"D22A084","SUADI":null,"ISTADI":null,"ILKODU":29,"ILCEKODU":1684,"KOT":null,"TEKERRUR_YILI":null,"Q2":null,"Q5":null,"Q25":null,"Q100":null,"Q500":null,"MaxFlow":null,"MaxDate":null,"Q10":null,"Q50":null,"Q200":null,"Q1000":null,"HAVZA_ID":22,"entityId":"11684","entityType":"flowStations","id":"11684","name":"D22A084","stationId":"D22A084","basinId":22,"flow":null,"status":"no_data","color":"#94a3b8","width":2.8}},{"type":"Feature","id":"11686","geometry":{"type":"Point","coordinates":[41.18333300000006,40.86388900000003]},"properties":{"OBJECTID":11686,"AGINO":"D22A086","SUADI":null,"ISTADI":null,"ILKODU":8,"ILCEKODU":1736,"KOT":null,"TEKERRUR_YILI":null,"Q2":null,"Q5":null,"Q25":null,"Q100":null,"Q500":null,"MaxFlow":null,"MaxDate":null,"Q10":null,"Q50":null,"Q200":null,"Q1000":null,"HAVZA_ID":23,"entityId":"11686","entityType":"flowStations","id":"11686","name":"D22A086","stationId":"D22A086","basinId":23,"flow":null,"status":"no_data","color":"#94a3b8","width":2.8}},{"type":"Feature","id":"11692","geometry":{"type":"Point","coordinates":[38.30833300000006,40.84333300000003]},"properties":{"OBJECTID":11692,"AGINO":"D22A106","SUADI":null,"ISTADI":null,"ILKODU":28,"ILCEKODU":1352,"KOT":null,"TEKERRUR_YILI":null,"Q2":null,"Q5":null,"Q25":null,"Q100":null,"Q500":null,"MaxFlow":null,"MaxDate":null,"Q10":null,"Q50":null,"Q200":null,"Q1000":null,"HAVZA_ID":22,"entityId":"11692","entityType":"flowStations","id":"11692","name":"D22A106","stationId":"D22A106","basinId":22,"flow":null,"status":"no_data","color":"#94a3b8","width":2.8}},{"type":"Feature","id":"11697","geometry":{"type":"Point","coordinates":[39.147500000000036,41.04555600000003]},"properties":{"OBJECTID":11697,"AGINO":"D22A114","SUADI":null,"ISTADI":null,"ILKODU":28,"ILCEKODU":1324,"KOT":null,"TEKERRUR_YILI":null,"Q2":null,"Q5":null,"Q25":null,"Q100":null,"Q500":null,"MaxFlow":null,"MaxDate":null,"Q10":null,"Q50":null,"Q200":null,"Q1000":null,"HAVZA_ID":22,"entityId":"11697","entityType":"flowStations","id":"11697","name":"D22A114","stationId":"D22A114","basinId":22,"flow":null,"status":"no_data","color":"#94a3b8","width":2.8}},{"type":"Feature","id":"11700","geometry":{"type":"Point","coordinates":[39.19500000000005,41.042778000000055]},"properties":{"OBJECTID":11700,"AGINO":"D22A120","SUADI":null,"ISTADI":null,"ILKODU":61,"ILCEKODU":1775,"KOT":null,"TEKERRUR_YILI":null,"Q2":null,"Q5":null,"Q25":null,"Q100":null,"Q500":null,"MaxFlow":null,"MaxDate":null,"Q10":null,"Q50":null,"Q200":null,"Q1000":null,"HAVZA_ID":22,"entityId":"11700","entityType":"flowStations","id":"11700","name":"D22A120","stationId":"D22A120","basinId":22,"flow":null,"status":"no_data","color":"#94a3b8","width":2.8}},{"type":"Feature","id":"11701","geometry":{"type":"Point","coordinates":[39.285000000000025,41.01638900000006]},"properties":{"OBJECTID":11701,"AGINO":"D22A121","SUADI":null,"ISTADI":null,"ILKODU":61,"ILCEKODU":1709,"KOT":null,"TEKERRUR_YILI":null,"Q2":null,"Q5":null,"Q25":null,"Q100":null,"Q500":null,"MaxFlow":null,"MaxDate":null,"Q10":null,"Q50":null,"Q200":null,"Q1000":null,"HAVZA_ID":22,"entityId":"11701","entityType":"flowStations","id":"11701","name":"D22A121","stationId":"D22A121","basinId":22,"flow":null,"status":"no_data","color":"#94a3b8","width":2.8}},{"type":"Feature","id":"11707","geometry":{"type":"Point","coordinates":[40.72694400000006,41.09583300000003]},"properties":{"OBJECTID":11707,"AGINO":"D22A131","SUADI":null,"ISTADI":null,"ILKODU":53,"ILCEKODU":null,"KOT":null,"TEKERRUR_YILI":null,"Q2":null,"Q5":null,"Q25":null,"Q100":null,"Q500":null,"MaxFlow":null,"MaxDate":null,"Q10":null,"Q50":null,"Q200":null,"Q1000":null,"HAVZA_ID":22,"entityId":"11707","entityType":"flowStations","id":"11707","name":"D22A131","stationId":"D22A131","basinId":22,"flow":null,"status":"no_data","color":"#94a3b8","width":2.8}},{"type":"Feature","id":"11711","geometry":{"type":"Point","coordinates":[39.09000000000003,41.025833000000034]},"properties":{"OBJECTID":11711,"AGINO":"D22A135","SUADI":null,"ISTADI":null,"ILKODU":28,"ILCEKODU":1361,"KOT":null,"TEKERRUR_YILI":null,"Q2":null,"Q5":null,"Q25":null,"Q100":null,"Q500":null,"MaxFlow":null,"MaxDate":null,"Q10":null,"Q50":null,"Q200":null,"Q1000":null,"HAVZA_ID":22,"entityId":"11711","entityType":"flowStations","id":"11711","name":"D22A135","stationId":"D22A135","basinId":22,"flow":null,"status":"no_data","color":"#94a3b8","width":2.8}},{"type":"Feature","id":"11712","geometry":{"type":"Point","coordinates":[38.96611100000007,41.022222000000056]},"properties":{"OBJECTID":11712,"AGINO":"D22A136","SUADI":null,"ISTADI":null,"ILKODU":28,"ILCEKODU":1361,"KOT":null,"TEKERRUR_YILI":null,"Q2":null,"Q5":null,"Q25":null,"Q100":null,"Q500":null,"MaxFlow":null,"MaxDate":null,"Q10":null,"Q50":null,"Q200":null,"Q1000":null,"HAVZA_ID":22,"entityId":"11712","entityType":"flowStations","id":"11712","name":"D22A136","stationId":"D22A136","basinId":22,"flow":null,"status":"no_data","color":"#94a3b8","width":2.8}},{"type":"Feature","id":"11715","geometry":{"type":"Point","coordinates":[41.14166700000004,41.26805600000006]},"properties":{"OBJECTID":11715,"AGINO":"D22A152","SUADI":null,"ISTADI":null,"ILKODU":53,"ILCEKODU":1332,"KOT":null,"TEKERRUR_YILI":null,"Q2":null,"Q5":null,"Q25":null,"Q100":null,"Q500":null,"MaxFlow":null,"MaxDate":null,"Q10":null,"Q50":null,"Q200":null,"Q1000":null,"HAVZA_ID":22,"entityId":"11715","entityType":"flowStations","id":"11715","name":"D22A152","stationId":"D22A152","basinId":22,"flow":null,"status":"no_data","color":"#94a3b8","width":2.8}},{"type":"Feature","id":"11716","geometry":{"type":"Point","coordinates":[39.60083300000008,40.95388900000006]},"properties":{"OBJECTID":11716,"AGINO":"D22A153","SUADI":null,"ISTADI":null,"ILKODU":61,"ILCEKODU":1113,"KOT":null,"TEKERRUR_YILI":null,"Q2":null,"Q5":null,"Q25":null,"Q100":null,"Q500":null,"MaxFlow":null,"MaxDate":null,"Q10":null,"Q50":null,"Q200":null,"Q1000":null,"HAVZA_ID":22,"entityId":"11716","entityType":"flowStations","id":"11716","name":"D22A153","stationId":"D22A153","basinId":22,"flow":null,"status":"no_data","color":"#94a3b8","width":2.8}},{"type":"Feature","id":"11717","geometry":{"type":"Point","coordinates":[39.502500000000055,40.951111000000026]},"properties":{"OBJECTID":11717,"AGINO":"D22A154","SUADI":null,"ISTADI":null,"ILKODU":61,"ILCEKODU":1113,"KOT":null,"TEKERRUR_YILI":null,"Q2":null,"Q5":null,"Q25":null,"Q100":null,"Q500":null,"MaxFlow":null,"MaxDate":null,"Q10":null,"Q50":null,"Q200":null,"Q1000":null,"HAVZA_ID":22,"entityId":"11717","entityType":"flowStations","id":"11717","name":"D22A154","stationId":"D22A154","basinId":22,"flow":null,"status":"no_data","color":"#94a3b8","width":2.8}},{"type":"Feature","id":"11718","geometry":{"type":"Point","coordinates":[39.71083300000004,40.190833000000055]},"properties":{"OBJECTID":11718,"AGINO":"D23A003","SUADI":null,"ISTADI":null,"ILKODU":29,"ILCEKODU":1822,"KOT":null,"TEKERRUR_YILI":null,"Q2":null,"Q5":null,"Q25":null,"Q100":null,"Q500":null,"MaxFlow":null,"MaxDate":null,"Q10":null,"Q50":null,"Q200":null,"Q1000":null,"HAVZA_ID":14,"entityId":"11718","entityType":"flowStations","id":"11718","name":"D23A003","stationId":"D23A003","basinId":14,"flow":null,"status":"no_data","color":"#94a3b8","width":2.8}},{"type":"Feature","id":"11720","geometry":{"type":"Point","coordinates":[39.323889000000065,40.40277800000007]},"properties":{"OBJECTID":11720,"AGINO":"D23A028","SUADI":null,"ISTADI":null,"ILKODU":29,"ILCEKODU":1369,"KOT":null,"TEKERRUR_YILI":null,"Q2":null,"Q5":null,"Q25":null,"Q100":null,"Q500":null,"MaxFlow":null,"MaxDate":null,"Q10":null,"Q50":null,"Q200":null,"Q1000":null,"HAVZA_ID":22,"entityId":"11720","entityType":"flowStations","id":"11720","name":"D23A028","stationId":"D23A028","basinId":22,"flow":null,"status":"no_data","color":"#94a3b8","width":2.8}},{"type":"Feature","id":"11722","geometry":{"type":"Point","coordinates":[39.31166700000006,40.115278000000046]},"properties":{"OBJECTID":11722,"AGINO":"E14A022","SUADI":null,"ISTADI":null,"ILKODU":29,"ILCEKODU":1458,"KOT":null,"TEKERRUR_YILI":null,"Q2":null,"Q5":null,"Q25":null,"Q100":null,"Q500":null,"MaxFlow":null,"MaxDate":null,"Q10":null,"Q50":null,"Q200":null,"Q1000":null,"HAVZA_ID":14,"entityId":"11722","entityType":"flowStations","id":"11722","name":"E14A022","stationId":"E14A022","basinId":14,"flow":null,"status":"no_data","color":"#94a3b8","width":2.8}},{"type":"Feature","id":"11726","geometry":{"type":"Point","coordinates":[40.59777800000006,40.72888900000004]},"properties":{"OBJECTID":11726,"AGINO":"E22A015","SUADI":null,"ISTADI":null,"ILKODU":53,"ILCEKODU":1405,"KOT":null,"TEKERRUR_YILI":null,"Q2":null,"Q5":null,"Q25":null,"Q100":null,"Q500":null,"MaxFlow":null,"MaxDate":null,"Q10":null,"Q50":null,"Q200":null,"Q1000":null,"HAVZA_ID":22,"entityId":"11726","entityType":"flowStations","id":"11726","name":"E22A015","stationId":"E22A015","basinId":22,"flow":null,"status":"no_data","color":"#94a3b8","width":2.8}},{"type":"Feature","id":"11729","geometry":{"type":"Point","coordinates":[40.57888900000006,40.66583300000008]},"properties":{"OBJECTID":11729,"AGINO":"E22A033","SUADI":null,"ISTADI":null,"ILKODU":53,"ILCEKODU":1405,"KOT":null,"TEKERRUR_YILI":null,"Q2":null,"Q5":null,"Q25":null,"Q100":null,"Q500":null,"MaxFlow":null,"MaxDate":null,"Q10":null,"Q50":null,"Q200":null,"Q1000":null,"HAVZA_ID":22,"entityId":"11729","entityType":"flowStations","id":"11729","name":"E22A033","stationId":"E22A033","basinId":22,"flow":null,"status":"no_data","color":"#94a3b8","width":2.8}},{"type":"Feature","id":"11730","geometry":{"type":"Point","coordinates":[38.17555600000003,40.92694400000005]},"properties":{"OBJECTID":11730,"AGINO":"E22A053","SUADI":null,"ISTADI":null,"ILKODU":28,"ILCEKODU":1212,"KOT":null,"TEKERRUR_YILI":null,"Q2":null,"Q5":null,"Q25":null,"Q100":null,"Q500":null,"MaxFlow":null,"MaxDate":null,"Q10":null,"Q50":null,"Q200":null,"Q1000":null,"HAVZA_ID":22,"entityId":"11730","entityType":"flowStations","id":"11730","name":"E22A053","stationId":"E22A053","basinId":22,"flow":null,"status":"no_data","color":"#94a3b8","width":2.8}},{"type":"Feature","id":"11731","geometry":{"type":"Point","coordinates":[39.29222200000004,40.54194400000006]},"properties":{"OBJECTID":11731,"AGINO":"E22A055","SUADI":null,"ISTADI":null,"ILKODU":29,"ILCEKODU":1684,"KOT":null,"TEKERRUR_YILI":null,"Q2":null,"Q5":null,"Q25":null,"Q100":null,"Q500":null,"MaxFlow":null,"MaxDate":null,"Q10":null,"Q50":null,"Q200":null,"Q1000":null,"HAVZA_ID":22,"entityId":"11731","entityType":"flowStations","id":"11731","name":"E22A055","stationId":"E22A055","basinId":22,"flow":null,"status":"no_data","color":"#94a3b8","width":2.8}},{"type":"Feature","id":"11734","geometry":{"type":"Point","coordinates":[40.07055600000007,40.85027800000006]},"properties":{"OBJECTID":11734,"AGINO":"E22A070","SUADI":null,"ISTADI":null,"ILKODU":61,"ILCEKODU":1647,"KOT":null,"TEKERRUR_YILI":null,"Q2":null,"Q5":null,"Q25":null,"Q100":null,"Q500":null,"MaxFlow":null,"MaxDate":null,"Q10":null,"Q50":null,"Q200":null,"Q1000":null,"HAVZA_ID":22,"entityId":"11734","entityType":"flowStations","id":"11734","name":"E22A070","stationId":"E22A070","basinId":22,"flow":null,"status":"no_data","color":"#94a3b8","width":2.8}},{"type":"Feature","id":"11789","geometry":{"type":"Point","coordinates":[32.41138900000004,41.56027800000004]},"properties":{"OBJECTID":11789,"AGINO":"D13A014","SUADI":null,"ISTADI":null,"ILKODU":74,"ILCEKODU":1172,"KOT":null,"TEKERRUR_YILI":null,"Q2":null,"Q5":null,"Q25":null,"Q100":null,"Q500":null,"MaxFlow":null,"MaxDate":null,"Q10":null,"Q50":null,"Q200":null,"Q1000":null,"HAVZA_ID":13,"entityId":"11789","entityType":"flowStations","id":"11789","name":"D13A014","stationId":"D13A014","basinId":13,"flow":null,"status":"no_data","color":"#94a3b8","width":2.8}},{"type":"Feature","id":"11790","geometry":{"type":"Point","coordinates":[33.50305600000007,41.60055600000004]},"properties":{"OBJECTID":11790,"AGINO":"D13A015","SUADI":null,"ISTADI":null,"ILKODU":37,"ILCEKODU":1264,"KOT":null,"TEKERRUR_YILI":null,"Q2":null,"Q5":null,"Q25":null,"Q100":null,"Q500":null,"MaxFlow":null,"MaxDate":null,"Q10":null,"Q50":null,"Q200":null,"Q1000":null,"HAVZA_ID":13,"entityId":"11790","entityType":"flowStations","id":"11790","name":"D13A015","stationId":"D13A015","basinId":13,"flow":null,"status":"no_data","color":"#94a3b8","width":2.8}},{"type":"Feature","id":"11791","geometry":{"type":"Point","coordinates":[33.95750000000004,41.626667000000054]},"properties":{"OBJECTID":11791,"AGINO":"D13A021","SUADI":null,"ISTADI":null,"ILKODU":37,"ILCEKODU":1277,"KOT":null,"TEKERRUR_YILI":null,"Q2":null,"Q5":null,"Q25":null,"Q100":null,"Q500":null,"MaxFlow":null,"MaxDate":null,"Q10":null,"Q50":null,"Q200":null,"Q1000":null,"HAVZA_ID":13,"entityId":"11791","entityType":"flowStations","id":"11791","name":"D13A021","stationId":"D13A021","basinId":13,"flow":null,"status":"no_data","color":"#94a3b8","width":2.8}},{"type":"Feature","id":"11792","geometry":{"type":"Point","coordinates":[32.76388900000006,41.21861100000007]},"properties":{"OBJECTID":11792,"AGINO":"D13A037","SUADI":null,"ISTADI":null,"ILKODU":78,"ILCEKODU":1587,"KOT":null,"TEKERRUR_YILI":null,"Q2":null,"Q5":null,"Q25":null,"Q100":null,"Q500":null,"MaxFlow":null,"MaxDate":null,"Q10":null,"Q50":null,"Q200":null,"Q1000":null,"HAVZA_ID":13,"entityId":"11792","entityType":"flowStations","id":"11792","name":"D13A037","stationId":"D13A037","basinId":13,"flow":null,"status":"no_data","color":"#94a3b8","width":2.8}},{"type":"Feature","id":"11793","geometry":{"type":"Point","coordinates":[32.37916700000005,41.463333000000034]},"properties":{"OBJECTID":11793,"AGINO":"D13A039","SUADI":null,"ISTADI":null,"ILKODU":74,"ILCEKODU":1172,"KOT":null,"TEKERRUR_YILI":null,"Q2":null,"Q5":null,"Q25":null,"Q100":null,"Q500":null,"MaxFlow":null,"MaxDate":null,"Q10":null,"Q50":null,"Q200":null,"Q1000":null,"HAVZA_ID":13,"entityId":"11793","entityType":"flowStations","id":"11793","name":"D13A039","stationId":"D13A039","basinId":13,"flow":null,"status":"no_data","color":"#94a3b8","width":2.8}},{"type":"Feature","id":"11794","geometry":{"type":"Point","coordinates":[31.772500000000036,41.42333300000007]},"properties":{"OBJECTID":11794,"AGINO":"D13A042","SUADI":null,"ISTADI":null,"ILKODU":67,"ILCEKODU":2101,"KOT":null,"TEKERRUR_YILI":null,"Q2":null,"Q5":null,"Q25":null,"Q100":null,"Q500":null,"MaxFlow":null,"MaxDate":null,"Q10":null,"Q50":null,"Q200":null,"Q1000":null,"HAVZA_ID":13,"entityId":"11794","entityType":"flowStations","id":"11794","name":"D13A042","stationId":"D13A042","basinId":13,"flow":null,"status":"no_data","color":"#94a3b8","width":2.8}},{"type":"Feature","id":"11795","geometry":{"type":"Point","coordinates":[31.85000000000008,41.34027800000007]},"properties":{"OBJECTID":11795,"AGINO":"D13A047","SUADI":null,"ISTADI":null,"ILKODU":67,"ILCEKODU":1741,"KOT":null,"TEKERRUR_YILI":null,"Q2":null,"Q5":null,"Q25":null,"Q100":null,"Q500":null,"MaxFlow":null,"MaxDate":null,"Q10":null,"Q50":null,"Q200":null,"Q1000":null,"HAVZA_ID":13,"entityId":"11795","entityType":"flowStations","id":"11795","name":"D13A047","stationId":"D13A047","basinId":13,"flow":null,"status":"no_data","color":"#94a3b8","width":2.8}},{"type":"Feature","id":"11796","geometry":{"type":"Point","coordinates":[32.53250000000003,41.659444000000065]},"properties":{"OBJECTID":11796,"AGINO":"D13A049","SUADI":null,"ISTADI":null,"ILKODU":74,"ILCEKODU":1172,"KOT":null,"TEKERRUR_YILI":null,"Q2":null,"Q5":null,"Q25":null,"Q100":null,"Q500":null,"MaxFlow":null,"MaxDate":null,"Q10":null,"Q50":null,"Q200":null,"Q1000":null,"HAVZA_ID":13,"entityId":"11796","entityType":"flowStations","id":"11796","name":"D13A049","stationId":"D13A049","basinId":13,"flow":null,"status":"no_data","color":"#94a3b8","width":2.8}},{"type":"Feature","id":"11797","geometry":{"type":"Point","coordinates":[32.94305600000007,41.87027800000004]},"properties":{"OBJECTID":11797,"AGINO":"D13A052","SUADI":null,"ISTADI":null,"ILKODU":37,"ILCEKODU":1221,"KOT":null,"TEKERRUR_YILI":null,"Q2":null,"Q5":null,"Q25":null,"Q100":null,"Q500":null,"MaxFlow":null,"MaxDate":null,"Q10":null,"Q50":null,"Q200":null,"Q1000":null,"HAVZA_ID":13,"entityId":"11797","entityType":"flowStations","id":"11797","name":"D13A052","stationId":"D13A052","basinId":13,"flow":null,"status":"no_data","color":"#94a3b8","width":2.8}},{"type":"Feature","id":"11799","geometry":{"type":"Point","coordinates":[33.32277800000003,41.240000000000066]},"properties":{"OBJECTID":11799,"AGINO":"D13A061","SUADI":null,"ISTADI":null,"ILKODU":37,"ILCEKODU":1140,"KOT":null,"TEKERRUR_YILI":null,"Q2":null,"Q5":null,"Q25":null,"Q100":null,"Q500":null,"MaxFlow":null,"MaxDate":null,"Q10":null,"Q50":null,"Q200":null,"Q1000":null,"HAVZA_ID":13,"entityId":"11799","entityType":"flowStations","id":"11799","name":"D13A061","stationId":"D13A061","basinId":13,"flow":null,"status":"no_data","color":"#94a3b8","width":2.8}},{"type":"Feature","id":"11800","geometry":{"type":"Point","coordinates":[32.73361100000005,41.21611100000007]},"properties":{"OBJECTID":11800,"AGINO":"D13A062","SUADI":null,"ISTADI":null,"ILKODU":78,"ILCEKODU":1587,"KOT":null,"TEKERRUR_YILI":null,"Q2":null,"Q5":null,"Q25":null,"Q100":null,"Q500":null,"MaxFlow":null,"MaxDate":null,"Q10":null,"Q50":null,"Q200":null,"Q1000":null,"HAVZA_ID":13,"entityId":"11800","entityType":"flowStations","id":"11800","name":"D13A062","stationId":"D13A062","basinId":13,"flow":null,"status":"no_data","color":"#94a3b8","width":2.8}},{"type":"Feature","id":"11801","geometry":{"type":"Point","coordinates":[32.64166700000004,41.16916700000007]},"properties":{"OBJECTID":11801,"AGINO":"D13A063","SUADI":null,"ISTADI":null,"ILKODU":78,"ILCEKODU":1433,"KOT":null,"TEKERRUR_YILI":null,"Q2":null,"Q5":null,"Q25":null,"Q100":null,"Q500":null,"MaxFlow":null,"MaxDate":null,"Q10":null,"Q50":null,"Q200":null,"Q1000":null,"HAVZA_ID":13,"entityId":"11801","entityType":"flowStations","id":"11801","name":"D13A063","stationId":"D13A063","basinId":13,"flow":null,"status":"no_data","color":"#94a3b8","width":2.8}},{"type":"Feature","id":"11802","geometry":{"type":"Point","coordinates":[33.17722200000003,41.78638900000004]},"properties":{"OBJECTID":11802,"AGINO":"D13A073","SUADI":null,"ISTADI":null,"ILKODU":37,"ILCEKODU":1845,"KOT":null,"TEKERRUR_YILI":null,"Q2":null,"Q5":null,"Q25":null,"Q100":null,"Q500":null,"MaxFlow":null,"MaxDate":null,"Q10":null,"Q50":null,"Q200":null,"Q1000":null,"HAVZA_ID":13,"entityId":"11802","entityType":"flowStations","id":"11802","name":"D13A073","stationId":"D13A073","basinId":13,"flow":null,"status":"no_data","color":"#94a3b8","width":2.8}},{"type":"Feature","id":"11803","geometry":{"type":"Point","coordinates":[31.399167000000034,41.160833000000025]},"properties":{"OBJECTID":11803,"AGINO":"D13A074","SUADI":null,"ISTADI":null,"ILKODU":67,"ILCEKODU":1758,"KOT":null,"TEKERRUR_YILI":null,"Q2":null,"Q5":null,"Q25":null,"Q100":null,"Q500":null,"MaxFlow":null,"MaxDate":null,"Q10":null,"Q50":null,"Q200":null,"Q1000":null,"HAVZA_ID":13,"entityId":"11803","entityType":"flowStations","id":"11803","name":"D13A074","stationId":"D13A074","basinId":13,"flow":null,"status":"no_data","color":"#94a3b8","width":2.8}},{"type":"Feature","id":"11804","geometry":{"type":"Point","coordinates":[31.92722200000003,41.179167000000064]},"properties":{"OBJECTID":11804,"AGINO":"D13A076","SUADI":null,"ISTADI":null,"ILKODU":67,"ILCEKODU":1276,"KOT":null,"TEKERRUR_YILI":null,"Q2":null,"Q5":null,"Q25":null,"Q100":null,"Q500":null,"MaxFlow":null,"MaxDate":null,"Q10":null,"Q50":null,"Q200":null,"Q1000":null,"HAVZA_ID":13,"entityId":"11804","entityType":"flowStations","id":"11804","name":"D13A076","stationId":"D13A076","basinId":13,"flow":null,"status":"no_data","color":"#94a3b8","width":2.8}},{"type":"Feature","id":"11805","geometry":{"type":"Point","coordinates":[31.90222200000005,41.167778000000055]},"properties":{"OBJECTID":11805,"AGINO":"D13A077","SUADI":null,"ISTADI":null,"ILKODU":67,"ILCEKODU":1276,"KOT":null,"TEKERRUR_YILI":null,"Q2":null,"Q5":null,"Q25":null,"Q100":null,"Q500":null,"MaxFlow":null,"MaxDate":null,"Q10":null,"Q50":null,"Q200":null,"Q1000":null,"HAVZA_ID":13,"entityId":"11805","entityType":"flowStations","id":"11805","name":"D13A077","stationId":"D13A077","basinId":13,"flow":null,"status":"no_data","color":"#94a3b8","width":2.8}},{"type":"Feature","id":"11806","geometry":{"type":"Point","coordinates":[32.60194400000006,40.991111000000046]},"properties":{"OBJECTID":11806,"AGINO":"D13A078","SUADI":null,"ISTADI":null,"ILKODU":78,"ILCEKODU":1321,"KOT":null,"TEKERRUR_YILI":null,"Q2":null,"Q5":null,"Q25":null,"Q100":null,"Q500":null,"MaxFlow":null,"MaxDate":null,"Q10":null,"Q50":null,"Q200":null,"Q1000":null,"HAVZA_ID":13,"entityId":"11806","entityType":"flowStations","id":"11806","name":"D13A078","stationId":"D13A078","basinId":13,"flow":null,"status":"no_data","color":"#94a3b8","width":2.8}},{"type":"Feature","id":"11807","geometry":{"type":"Point","coordinates":[33.365556000000026,42.01111100000003]},"properties":{"OBJECTID":11807,"AGINO":"D13A079","SUADI":null,"ISTADI":null,"ILKODU":37,"ILCEKODU":1221,"KOT":null,"TEKERRUR_YILI":null,"Q2":null,"Q5":null,"Q25":null,"Q100":null,"Q500":null,"MaxFlow":null,"MaxDate":null,"Q10":null,"Q50":null,"Q200":null,"Q1000":null,"HAVZA_ID":13,"entityId":"11807","entityType":"flowStations","id":"11807","name":"D13A079","stationId":"D13A079","basinId":13,"flow":null,"status":"no_data","color":"#94a3b8","width":2.8}},{"type":"Feature","id":"11809","geometry":{"type":"Point","coordinates":[32.32722200000006,41.573889000000065]},"properties":{"OBJECTID":11809,"AGINO":"D13A081","SUADI":null,"ISTADI":null,"ILKODU":74,"ILCEKODU":1172,"KOT":null,"TEKERRUR_YILI":null,"Q2":null,"Q5":null,"Q25":null,"Q100":null,"Q500":null,"MaxFlow":null,"MaxDate":null,"Q10":null,"Q50":null,"Q200":null,"Q1000":null,"HAVZA_ID":13,"entityId":"11809","entityType":"flowStations","id":"11809","name":"D13A081","stationId":"D13A081","basinId":13,"flow":null,"status":"no_data","color":"#94a3b8","width":2.8}},{"type":"Feature","id":"11810","geometry":{"type":"Point","coordinates":[33.75916700000005,41.97666700000008]},"properties":{"OBJECTID":11810,"AGINO":"D13A082","SUADI":null,"ISTADI":null,"ILKODU":37,"ILCEKODU":1410,"KOT":null,"TEKERRUR_YILI":null,"Q2":null,"Q5":null,"Q25":null,"Q100":null,"Q500":null,"MaxFlow":null,"MaxDate":null,"Q10":null,"Q50":null,"Q200":null,"Q1000":null,"HAVZA_ID":13,"entityId":"11810","entityType":"flowStations","id":"11810","name":"D13A082","stationId":"D13A082","basinId":13,"flow":null,"status":"no_data","color":"#94a3b8","width":2.8}},{"type":"Feature","id":"11811","geometry":{"type":"Point","coordinates":[33.74944400000004,41.95444400000008]},"properties":{"OBJECTID":11811,"AGINO":"D13A083","SUADI":null,"ISTADI":null,"ILKODU":37,"ILCEKODU":1410,"KOT":null,"TEKERRUR_YILI":null,"Q2":null,"Q5":null,"Q25":null,"Q100":null,"Q500":null,"MaxFlow":null,"MaxDate":null,"Q10":null,"Q50":null,"Q200":null,"Q1000":null,"HAVZA_ID":13,"entityId":"11811","entityType":"flowStations","id":"11811","name":"D13A083","stationId":"D13A083","basinId":13,"flow":null,"status":"no_data","color":"#94a3b8","width":2.8}},{"type":"Feature","id":"11812","geometry":{"type":"Point","coordinates":[33.75083300000006,41.95583300000004]},"properties":{"OBJECTID":11812,"AGINO":"D13A084","SUADI":null,"ISTADI":null,"ILKODU":37,"ILCEKODU":1410,"KOT":null,"TEKERRUR_YILI":null,"Q2":null,"Q5":null,"Q25":null,"Q100":null,"Q500":null,"MaxFlow":null,"MaxDate":null,"Q10":null,"Q50":null,"Q200":null,"Q1000":null,"HAVZA_ID":13,"entityId":"11812","entityType":"flowStations","id":"11812","name":"D13A084","stationId":"D13A084","basinId":13,"flow":null,"status":"no_data","color":"#94a3b8","width":2.8}},{"type":"Feature","id":"11813","geometry":{"type":"Point","coordinates":[33.770278000000076,41.94472200000007]},"properties":{"OBJECTID":11813,"AGINO":"D13A085","SUADI":null,"ISTADI":null,"ILKODU":37,"ILCEKODU":1410,"KOT":null,"TEKERRUR_YILI":null,"Q2":null,"Q5":null,"Q25":null,"Q100":null,"Q500":null,"MaxFlow":null,"MaxDate":null,"Q10":null,"Q50":null,"Q200":null,"Q1000":null,"HAVZA_ID":13,"entityId":"11813","entityType":"flowStations","id":"11813","name":"D13A085","stationId":"D13A085","basinId":13,"flow":null,"status":"no_data","color":"#94a3b8","width":2.8}},{"type":"Feature","id":"11815","geometry":{"type":"Point","coordinates":[32.74972200000008,41.45055600000006]},"properties":{"OBJECTID":11815,"AGINO":"D13A087","SUADI":null,"ISTADI":null,"ILKODU":78,"ILCEKODU":1587,"KOT":null,"TEKERRUR_YILI":null,"Q2":null,"Q5":null,"Q25":null,"Q100":null,"Q500":null,"MaxFlow":null,"MaxDate":null,"Q10":null,"Q50":null,"Q200":null,"Q1000":null,"HAVZA_ID":13,"entityId":"11815","entityType":"flowStations","id":"11815","name":"D13A087","stationId":"D13A087","basinId":13,"flow":null,"status":"no_data","color":"#94a3b8","width":2.8}},{"type":"Feature","id":"11816","geometry":{"type":"Point","coordinates":[32.596111000000064,41.520556000000056]},"properties":{"OBJECTID":11816,"AGINO":"D13A088","SUADI":null,"ISTADI":null,"ILKODU":74,"ILCEKODU":1701,"KOT":null,"TEKERRUR_YILI":null,"Q2":null,"Q5":null,"Q25":null,"Q100":null,"Q500":null,"MaxFlow":null,"MaxDate":null,"Q10":null,"Q50":null,"Q200":null,"Q1000":null,"HAVZA_ID":13,"entityId":"11816","entityType":"flowStations","id":"11816","name":"D13A088","stationId":"D13A088","basinId":13,"flow":null,"status":"no_data","color":"#94a3b8","width":2.8}},{"type":"Feature","id":"11817","geometry":{"type":"Point","coordinates":[33.81666700000005,41.26666700000004]},"properties":{"OBJECTID":11817,"AGINO":"D15A025","SUADI":null,"ISTADI":null,"ILKODU":37,"ILCEKODU":1450,"KOT":null,"TEKERRUR_YILI":null,"Q2":null,"Q5":null,"Q25":null,"Q100":null,"Q500":null,"MaxFlow":null,"MaxDate":null,"Q10":null,"Q50":null,"Q200":null,"Q1000":null,"HAVZA_ID":15,"entityId":"11817","entityType":"flowStations","id":"11817","name":"D15A025","stationId":"D15A025","basinId":15,"flow":null,"status":"no_data","color":"#94a3b8","width":2.8}},{"type":"Feature","id":"11818","geometry":{"type":"Point","coordinates":[34.25638900000007,41.043889000000036]},"properties":{"OBJECTID":11818,"AGINO":"D15A040","SUADI":null,"ISTADI":null,"ILKODU":37,"ILCEKODU":1685,"KOT":null,"TEKERRUR_YILI":null,"Q2":null,"Q5":null,"Q25":null,"Q100":null,"Q500":null,"MaxFlow":null,"MaxDate":null,"Q10":null,"Q50":null,"Q200":null,"Q1000":null,"HAVZA_ID":15,"entityId":"11818","entityType":"flowStations","id":"11818","name":"D15A040","stationId":"D15A040","basinId":15,"flow":null,"status":"no_data","color":"#94a3b8","width":2.8}},{"type":"Feature","id":"11819","geometry":{"type":"Point","coordinates":[33.52083300000004,41.45694400000008]},"properties":{"OBJECTID":11819,"AGINO":"D15A091","SUADI":null,"ISTADI":null,"ILKODU":37,"ILCEKODU":1264,"KOT":null,"TEKERRUR_YILI":null,"Q2":null,"Q5":null,"Q25":null,"Q100":null,"Q500":null,"MaxFlow":null,"MaxDate":null,"Q10":null,"Q50":null,"Q200":null,"Q1000":null,"HAVZA_ID":15,"entityId":"11819","entityType":"flowStations","id":"11819","name":"D15A091","stationId":"D15A091","basinId":15,"flow":null,"status":"no_data","color":"#94a3b8","width":2.8}},{"type":"Feature","id":"11820","geometry":{"type":"Point","coordinates":[34.27527800000007,41.493611000000044]},"properties":{"OBJECTID":11820,"AGINO":"D15A092","SUADI":null,"ISTADI":null,"ILKODU":37,"ILCEKODU":1666,"KOT":null,"TEKERRUR_YILI":null,"Q2":null,"Q5":null,"Q25":null,"Q100":null,"Q500":null,"MaxFlow":null,"MaxDate":null,"Q10":null,"Q50":null,"Q200":null,"Q1000":null,"HAVZA_ID":15,"entityId":"11820","entityType":"flowStations","id":"11820","name":"D15A092","stationId":"D15A092","basinId":15,"flow":null,"status":"no_data","color":"#94a3b8","width":2.8}},{"type":"Feature","id":"11821","geometry":{"type":"Point","coordinates":[34.024722000000054,41.42166700000007]},"properties":{"OBJECTID":11821,"AGINO":"D15A224","SUADI":null,"ISTADI":null,"ILKODU":37,"ILCEKODU":1666,"KOT":null,"TEKERRUR_YILI":null,"Q2":null,"Q5":null,"Q25":null,"Q100":null,"Q500":null,"MaxFlow":null,"MaxDate":null,"Q10":null,"Q50":null,"Q200":null,"Q1000":null,"HAVZA_ID":15,"entityId":"11821","entityType":"flowStations","id":"11821","name":"D15A224","stationId":"D15A224","basinId":15,"flow":null,"status":"no_data","color":"#94a3b8","width":2.8}},{"type":"Feature","id":"11822","geometry":{"type":"Point","coordinates":[33.84222200000005,41.45305600000006]},"properties":{"OBJECTID":11822,"AGINO":"D15A225","SUADI":null,"ISTADI":null,"ILKODU":37,"ILCEKODU":1450,"KOT":null,"TEKERRUR_YILI":null,"Q2":null,"Q5":null,"Q25":null,"Q100":null,"Q500":null,"MaxFlow":null,"MaxDate":null,"Q10":null,"Q50":null,"Q200":null,"Q1000":null,"HAVZA_ID":15,"entityId":"11822","entityType":"flowStations","id":"11822","name":"D15A225","stationId":"D15A225","basinId":15,"flow":null,"status":"no_data","color":"#94a3b8","width":2.8}},{"type":"Feature","id":"11823","geometry":{"type":"Point","coordinates":[33.596667000000025,41.47777800000006]},"properties":{"OBJECTID":11823,"AGINO":"D15A226","SUADI":null,"ISTADI":null,"ILKODU":37,"ILCEKODU":1450,"KOT":null,"TEKERRUR_YILI":null,"Q2":null,"Q5":null,"Q25":null,"Q100":null,"Q500":null,"MaxFlow":null,"MaxDate":null,"Q10":null,"Q50":null,"Q200":null,"Q1000":null,"HAVZA_ID":15,"entityId":"11823","entityType":"flowStations","id":"11823","name":"D15A226","stationId":"D15A226","basinId":15,"flow":null,"status":"no_data","color":"#94a3b8","width":2.8}},{"type":"Feature","id":"11824","geometry":{"type":"Point","coordinates":[33.95333300000004,41.39222200000006]},"properties":{"OBJECTID":11824,"AGINO":"D15A227","SUADI":null,"ISTADI":null,"ILKODU":37,"ILCEKODU":1666,"KOT":null,"TEKERRUR_YILI":null,"Q2":null,"Q5":null,"Q25":null,"Q100":null,"Q500":null,"MaxFlow":null,"MaxDate":null,"Q10":null,"Q50":null,"Q200":null,"Q1000":null,"HAVZA_ID":15,"entityId":"11824","entityType":"flowStations","id":"11824","name":"D15A227","stationId":"D15A227","basinId":15,"flow":null,"status":"no_data","color":"#94a3b8","width":2.8}},{"type":"Feature","id":"11825","geometry":{"type":"Point","coordinates":[33.77611100000007,41.50833300000005]},"properties":{"OBJECTID":11825,"AGINO":"D15A266","SUADI":null,"ISTADI":null,"ILKODU":37,"ILCEKODU":1450,"KOT":null,"TEKERRUR_YILI":null,"Q2":null,"Q5":null,"Q25":null,"Q100":null,"Q500":null,"MaxFlow":null,"MaxDate":null,"Q10":null,"Q50":null,"Q200":null,"Q1000":null,"HAVZA_ID":15,"entityId":"11825","entityType":"flowStations","id":"11825","name":"D15A266","stationId":"D15A266","basinId":15,"flow":null,"status":"no_data","color":"#94a3b8","width":2.8}},{"type":"Feature","id":"11826","geometry":{"type":"Point","coordinates":[34.024444000000074,41.337500000000034]},"properties":{"OBJECTID":11826,"AGINO":"D15A329","SUADI":null,"ISTADI":null,"ILKODU":37,"ILCEKODU":1450,"KOT":null,"TEKERRUR_YILI":null,"Q2":null,"Q5":null,"Q25":null,"Q100":null,"Q500":null,"MaxFlow":null,"MaxDate":null,"Q10":null,"Q50":null,"Q200":null,"Q1000":null,"HAVZA_ID":15,"entityId":"11826","entityType":"flowStations","id":"11826","name":"D15A329","stationId":"D15A329","basinId":15,"flow":null,"status":"no_data","color":"#94a3b8","width":2.8}},{"type":"Feature","id":"11827","geometry":{"type":"Point","coordinates":[33.740833000000066,41.11027800000005]},"properties":{"OBJECTID":11827,"AGINO":"D15A332","SUADI":null,"ISTADI":null,"ILKODU":37,"ILCEKODU":1450,"KOT":null,"TEKERRUR_YILI":null,"Q2":null,"Q5":null,"Q25":null,"Q100":null,"Q500":null,"MaxFlow":null,"MaxDate":null,"Q10":null,"Q50":null,"Q200":null,"Q1000":null,"HAVZA_ID":15,"entityId":"11827","entityType":"flowStations","id":"11827","name":"D15A332","stationId":"D15A332","basinId":15,"flow":null,"status":"no_data","color":"#94a3b8","width":2.8}},{"type":"Feature","id":"11828","geometry":{"type":"Point","coordinates":[33.783056000000045,41.41638900000004]},"properties":{"OBJECTID":11828,"AGINO":"D15A343","SUADI":null,"ISTADI":null,"ILKODU":37,"ILCEKODU":1450,"KOT":null,"TEKERRUR_YILI":null,"Q2":null,"Q5":null,"Q25":null,"Q100":null,"Q500":null,"MaxFlow":null,"MaxDate":null,"Q10":null,"Q50":null,"Q200":null,"Q1000":null,"HAVZA_ID":15,"entityId":"11828","entityType":"flowStations","id":"11828","name":"D15A343","stationId":"D15A343","basinId":15,"flow":null,"status":"no_data","color":"#94a3b8","width":2.8}},{"type":"Feature","id":"11829","geometry":{"type":"Point","coordinates":[33.88138900000007,41.334444000000076]},"properties":{"OBJECTID":11829,"AGINO":"D15A347","SUADI":null,"ISTADI":null,"ILKODU":37,"ILCEKODU":1450,"KOT":null,"TEKERRUR_YILI":null,"Q2":null,"Q5":null,"Q25":null,"Q100":null,"Q500":null,"MaxFlow":null,"MaxDate":null,"Q10":null,"Q50":null,"Q200":null,"Q1000":null,"HAVZA_ID":15,"entityId":"11829","entityType":"flowStations","id":"11829","name":"D15A347","stationId":"D15A347","basinId":15,"flow":null,"status":"no_data","color":"#94a3b8","width":2.8}},{"type":"Feature","id":"11830","geometry":{"type":"Point","coordinates":[33.30111100000005,41.64166700000004]},"properties":{"OBJECTID":11830,"AGINO":"E13A007","SUADI":null,"ISTADI":null,"ILKODU":37,"ILCEKODU":1162,"KOT":null,"TEKERRUR_YILI":null,"Q2":null,"Q5":null,"Q25":null,"Q100":null,"Q500":null,"MaxFlow":null,"MaxDate":null,"Q10":null,"Q50":null,"Q200":null,"Q1000":null,"HAVZA_ID":13,"entityId":"11830","entityType":"flowStations","id":"11830","name":"E13A007","stationId":"E13A007","basinId":13,"flow":null,"status":"no_data","color":"#94a3b8","width":2.8}},{"type":"Feature","id":"11831","geometry":{"type":"Point","coordinates":[32.355833000000075,41.64222200000006]},"properties":{"OBJECTID":11831,"AGINO":"E13A031","SUADI":null,"ISTADI":null,"ILKODU":74,"ILCEKODU":1172,"KOT":null,"TEKERRUR_YILI":null,"Q2":null,"Q5":null,"Q25":null,"Q100":null,"Q500":null,"MaxFlow":null,"MaxDate":null,"Q10":null,"Q50":null,"Q200":null,"Q1000":null,"HAVZA_ID":13,"entityId":"11831","entityType":"flowStations","id":"11831","name":"E13A031","stationId":"E13A031","basinId":13,"flow":null,"status":"no_data","color":"#94a3b8","width":2.8}},{"type":"Feature","id":"11832","geometry":{"type":"Point","coordinates":[32.09583300000003,41.427778000000046]},"properties":{"OBJECTID":11832,"AGINO":"E13A035","SUADI":null,"ISTADI":null,"ILKODU":67,"ILCEKODU":1240,"KOT":null,"TEKERRUR_YILI":null,"Q2":null,"Q5":null,"Q25":null,"Q100":null,"Q500":null,"MaxFlow":null,"MaxDate":null,"Q10":null,"Q50":null,"Q200":null,"Q1000":null,"HAVZA_ID":13,"entityId":"11832","entityType":"flowStations","id":"11832","name":"E13A035","stationId":"E13A035","basinId":13,"flow":null,"status":"no_data","color":"#94a3b8","width":2.8}},{"type":"Feature","id":"11833","geometry":{"type":"Point","coordinates":[32.323056000000065,41.20138900000006]},"properties":{"OBJECTID":11833,"AGINO":"E13A036","SUADI":null,"ISTADI":null,"ILKODU":78,"ILCEKODU":1856,"KOT":null,"TEKERRUR_YILI":null,"Q2":null,"Q5":null,"Q25":null,"Q100":null,"Q500":null,"MaxFlow":null,"MaxDate":null,"Q10":null,"Q50":null,"Q200":null,"Q1000":null,"HAVZA_ID":13,"entityId":"11833","entityType":"flowStations","id":"11833","name":"E13A036","stationId":"E13A036","basinId":13,"flow":null,"status":"no_data","color":"#94a3b8","width":2.8}},{"type":"Feature","id":"11834","geometry":{"type":"Point","coordinates":[31.95666700000004,41.22388900000004]},"properties":{"OBJECTID":11834,"AGINO":"E13A051","SUADI":null,"ISTADI":null,"ILKODU":67,"ILCEKODU":1276,"KOT":null,"TEKERRUR_YILI":null,"Q2":null,"Q5":null,"Q25":null,"Q100":null,"Q500":null,"MaxFlow":null,"MaxDate":null,"Q10":null,"Q50":null,"Q200":null,"Q1000":null,"HAVZA_ID":13,"entityId":"11834","entityType":"flowStations","id":"11834","name":"E13A051","stationId":"E13A051","basinId":13,"flow":null,"status":"no_data","color":"#94a3b8","width":2.8}},{"type":"Feature","id":"11837","geometry":{"type":"Point","coordinates":[31.305278000000044,41.11277800000005]},"properties":{"OBJECTID":11837,"AGINO":"E13A062","SUADI":null,"ISTADI":null,"ILKODU":67,"ILCEKODU":1758,"KOT":null,"TEKERRUR_YILI":null,"Q2":null,"Q5":null,"Q25":null,"Q100":null,"Q500":null,"MaxFlow":null,"MaxDate":null,"Q10":null,"Q50":null,"Q200":null,"Q1000":null,"HAVZA_ID":13,"entityId":"11837","entityType":"flowStations","id":"11837","name":"E13A062","stationId":"E13A062","basinId":13,"flow":null,"status":"no_data","color":"#94a3b8","width":2.8}},{"type":"Feature","id":"11838","geometry":{"type":"Point","coordinates":[33.774444000000074,40.90388900000005]},"properties":{"OBJECTID":11838,"AGINO":"E15A038","SUADI":null,"ISTADI":null,"ILKODU":18,"ILCEKODU":1399,"KOT":null,"TEKERRUR_YILI":null,"Q2":null,"Q5":null,"Q25":null,"Q100":null,"Q500":null,"MaxFlow":null,"MaxDate":null,"Q10":null,"Q50":null,"Q200":null,"Q1000":null,"HAVZA_ID":15,"entityId":"11838","entityType":"flowStations","id":"11838","name":"E15A038","stationId":"E15A038","basinId":15,"flow":null,"status":"no_data","color":"#94a3b8","width":2.8}},{"type":"Feature","id":"11839","geometry":{"type":"Point","coordinates":[34.264444000000026,41.566111000000035]},"properties":{"OBJECTID":11839,"AGINO":"E15A045","SUADI":null,"ISTADI":null,"ILKODU":37,"ILCEKODU":1666,"KOT":null,"TEKERRUR_YILI":null,"Q2":null,"Q5":null,"Q25":null,"Q100":null,"Q500":null,"MaxFlow":null,"MaxDate":null,"Q10":null,"Q50":null,"Q200":null,"Q1000":null,"HAVZA_ID":15,"entityId":"11839","entityType":"flowStations","id":"11839","name":"E15A045","stationId":"E15A045","basinId":15,"flow":null,"status":"no_data","color":"#94a3b8","width":2.8}},{"type":"Feature","id":"11848","geometry":{"type":"Point","coordinates":[43.847222000000045,40.042500000000075]},"properties":{"OBJECTID":11848,"AGINO":"D24A013","SUADI":null,"ISTADI":null,"ILKODU":76,"ILCEKODU":1398,"KOT":null,"TEKERRUR_YILI":null,"Q2":null,"Q5":null,"Q25":null,"Q100":null,"Q500":null,"MaxFlow":null,"MaxDate":null,"Q10":null,"Q50":null,"Q200":null,"Q1000":null,"HAVZA_ID":24,"entityId":"11848","entityType":"flowStations","id":"11848","name":"D24A013","stationId":"D24A013","basinId":24,"flow":null,"status":"no_data","color":"#94a3b8","width":2.8}},{"type":"Feature","id":"11874","geometry":{"type":"Point","coordinates":[42.856389000000036,41.135556000000065]},"properties":{"OBJECTID":11874,"AGINO":"E24A022","SUADI":null,"ISTADI":null,"ILKODU":75,"ILCEKODU":1144,"KOT":null,"TEKERRUR_YILI":null,"Q2":null,"Q5":null,"Q25":null,"Q100":null,"Q500":null,"MaxFlow":null,"MaxDate":null,"Q10":null,"Q50":null,"Q200":null,"Q1000":null,"HAVZA_ID":24,"entityId":"11874","entityType":"flowStations","id":"11874","name":"E24A022","stationId":"E24A022","basinId":24,"flow":null,"status":"no_data","color":"#94a3b8","width":2.8}},{"type":"Feature","id":"11875","geometry":{"type":"Point","coordinates":[43.627222000000074,40.743333000000064]},"properties":{"OBJECTID":11875,"AGINO":"D24A009","SUADI":null,"ISTADI":null,"ILKODU":36,"ILCEKODU":1756,"KOT":null,"TEKERRUR_YILI":null,"Q2":null,"Q5":null,"Q25":null,"Q100":null,"Q500":null,"MaxFlow":null,"MaxDate":null,"Q10":null,"Q50":null,"Q200":null,"Q1000":null,"HAVZA_ID":24,"entityId":"11875","entityType":"flowStations","id":"11875","name":"D24A009","stationId":"D24A009","basinId":24,"flow":null,"status":"no_data","color":"#94a3b8","width":2.8}},{"type":"Feature","id":"11876","geometry":{"type":"Point","coordinates":[43.553056000000026,40.73444400000005]},"properties":{"OBJECTID":11876,"AGINO":"D24A010","SUADI":null,"ISTADI":null,"ILKODU":36,"ILCEKODU":1756,"KOT":null,"TEKERRUR_YILI":null,"Q2":null,"Q5":null,"Q25":null,"Q100":null,"Q500":null,"MaxFlow":null,"MaxDate":null,"Q10":null,"Q50":null,"Q200":null,"Q1000":null,"HAVZA_ID":24,"entityId":"11876","entityType":"flowStations","id":"11876","name":"D24A010","stationId":"D24A010","basinId":24,"flow":null,"status":"no_data","color":"#94a3b8","width":2.8}},{"type":"Feature","id":"11877","geometry":{"type":"Point","coordinates":[42.848333000000025,41.19777800000003]},"properties":{"OBJECTID":11877,"AGINO":"D24A018","SUADI":null,"ISTADI":null,"ILKODU":75,"ILCEKODU":1380,"KOT":null,"TEKERRUR_YILI":null,"Q2":null,"Q5":null,"Q25":null,"Q100":null,"Q500":null,"MaxFlow":null,"MaxDate":null,"Q10":null,"Q50":null,"Q200":null,"Q1000":null,"HAVZA_ID":24,"entityId":"11877","entityType":"flowStations","id":"11877","name":"D24A018","stationId":"D24A018","basinId":24,"flow":null,"status":"no_data","color":"#94a3b8","width":2.8}},{"type":"Feature","id":"11878","geometry":{"type":"Point","coordinates":[43.78333300000003,40.06666700000005]},"properties":{"OBJECTID":11878,"AGINO":"D24A020","SUADI":null,"ISTADI":null,"ILKODU":76,"ILCEKODU":1692,"KOT":null,"TEKERRUR_YILI":null,"Q2":null,"Q5":null,"Q25":null,"Q100":null,"Q500":null,"MaxFlow":null,"MaxDate":null,"Q10":null,"Q50":null,"Q200":null,"Q1000":null,"HAVZA_ID":24,"entityId":"11878","entityType":"flowStations","id":"11878","name":"D24A020","stationId":"D24A020","basinId":24,"flow":null,"status":"no_data","color":"#94a3b8","width":2.8}},{"type":"Feature","id":"11879","geometry":{"type":"Point","coordinates":[42.71833300000003,40.396944000000076]},"properties":{"OBJECTID":11879,"AGINO":"D24A022","SUADI":null,"ISTADI":null,"ILKODU":36,"ILCEKODU":1601,"KOT":null,"TEKERRUR_YILI":null,"Q2":null,"Q5":null,"Q25":null,"Q100":null,"Q500":null,"MaxFlow":null,"MaxDate":null,"Q10":null,"Q50":null,"Q200":null,"Q1000":null,"HAVZA_ID":24,"entityId":"11879","entityType":"flowStations","id":"11879","name":"D24A022","stationId":"D24A022","basinId":24,"flow":null,"status":"no_data","color":"#94a3b8","width":2.8}},{"type":"Feature","id":"11880","geometry":{"type":"Point","coordinates":[43.63333300000005,40.616667000000064]},"properties":{"OBJECTID":11880,"AGINO":"D24A024","SUADI":null,"ISTADI":null,"ILKODU":36,"ILCEKODU":1447,"KOT":null,"TEKERRUR_YILI":null,"Q2":null,"Q5":null,"Q25":null,"Q100":null,"Q500":null,"MaxFlow":null,"MaxDate":null,"Q10":null,"Q50":null,"Q200":null,"Q1000":null,"HAVZA_ID":24,"entityId":"11880","entityType":"flowStations","id":"11880","name":"D24A024","stationId":"D24A024","basinId":24,"flow":null,"status":"no_data","color":"#94a3b8","width":2.8}},{"type":"Feature","id":"11881","geometry":{"type":"Point","coordinates":[43.63333300000005,40.53333300000003]},"properties":{"OBJECTID":11881,"AGINO":"D24A027","SUADI":null,"ISTADI":null,"ILKODU":36,"ILCEKODU":null,"KOT":null,"TEKERRUR_YILI":null,"Q2":null,"Q5":null,"Q25":null,"Q100":null,"Q500":null,"MaxFlow":null,"MaxDate":null,"Q10":null,"Q50":null,"Q200":null,"Q1000":null,"HAVZA_ID":null,"entityId":"11881","entityType":"flowStations","id":"11881","name":"D24A027","stationId":"D24A027","basinId":null,"flow":null,"status":"no_data","color":"#94a3b8","width":2.8}},{"type":"Feature","id":"11882","geometry":{"type":"Point","coordinates":[42.711667000000034,40.50972200000007]},"properties":{"OBJECTID":11882,"AGINO":"D24A028","SUADI":null,"ISTADI":null,"ILKODU":36,"ILCEKODU":1614,"KOT":null,"TEKERRUR_YILI":null,"Q2":null,"Q5":null,"Q25":null,"Q100":null,"Q500":null,"MaxFlow":null,"MaxDate":null,"Q10":null,"Q50":null,"Q200":null,"Q1000":null,"HAVZA_ID":24,"entityId":"11882","entityType":"flowStations","id":"11882","name":"D24A028","stationId":"D24A028","basinId":24,"flow":null,"status":"no_data","color":"#94a3b8","width":2.8}},{"type":"Feature","id":"11887","geometry":{"type":"Point","coordinates":[43.33333300000004,40.43333300000006]},"properties":{"OBJECTID":11887,"AGINO":"D24A048","SUADI":null,"ISTADI":null,"ILKODU":36,"ILCEKODU":1279,"KOT":null,"TEKERRUR_YILI":null,"Q2":null,"Q5":null,"Q25":null,"Q100":null,"Q500":null,"MaxFlow":null,"MaxDate":null,"Q10":null,"Q50":null,"Q200":null,"Q1000":null,"HAVZA_ID":24,"entityId":"11887","entityType":"flowStations","id":"11887","name":"D24A048","stationId":"D24A048","basinId":24,"flow":null,"status":"no_data","color":"#94a3b8","width":2.8}},{"type":"Feature","id":"11888","geometry":{"type":"Point","coordinates":[43.46666700000003,40.35000000000008]},"properties":{"OBJECTID":11888,"AGINO":"D24A049","SUADI":null,"ISTADI":null,"ILKODU":36,"ILCEKODU":1279,"KOT":null,"TEKERRUR_YILI":null,"Q2":null,"Q5":null,"Q25":null,"Q100":null,"Q500":null,"MaxFlow":null,"MaxDate":null,"Q10":null,"Q50":null,"Q200":null,"Q1000":null,"HAVZA_ID":24,"entityId":"11888","entityType":"flowStations","id":"11888","name":"D24A049","stationId":"D24A049","basinId":24,"flow":null,"status":"no_data","color":"#94a3b8","width":2.8}},{"type":"Feature","id":"11890","geometry":{"type":"Point","coordinates":[42.48333300000007,41.06666700000005]},"properties":{"OBJECTID":11890,"AGINO":"D24A053","SUADI":null,"ISTADI":null,"ILKODU":75,"ILCEKODU":1144,"KOT":null,"TEKERRUR_YILI":null,"Q2":null,"Q5":null,"Q25":null,"Q100":null,"Q500":null,"MaxFlow":null,"MaxDate":null,"Q10":null,"Q50":null,"Q200":null,"Q1000":null,"HAVZA_ID":24,"entityId":"11890","entityType":"flowStations","id":"11890","name":"D24A053","stationId":"D24A053","basinId":24,"flow":null,"status":"no_data","color":"#94a3b8","width":2.8}},{"type":"Feature","id":"11891","geometry":{"type":"Point","coordinates":[43.596389000000045,40.354167000000075]},"properties":{"OBJECTID":11891,"AGINO":"D24A061","SUADI":null,"ISTADI":null,"ILKODU":36,"ILCEKODU":1279,"KOT":null,"TEKERRUR_YILI":null,"Q2":null,"Q5":null,"Q25":null,"Q100":null,"Q500":null,"MaxFlow":null,"MaxDate":null,"Q10":null,"Q50":null,"Q200":null,"Q1000":null,"HAVZA_ID":24,"entityId":"11891","entityType":"flowStations","id":"11891","name":"D24A061","stationId":"D24A061","basinId":24,"flow":null,"status":"no_data","color":"#94a3b8","width":2.8}},{"type":"Feature","id":"11892","geometry":{"type":"Point","coordinates":[43.645278000000076,40.13138900000007]},"properties":{"OBJECTID":11892,"AGINO":"D24A062","SUADI":null,"ISTADI":null,"ILKODU":76,"ILCEKODU":1692,"KOT":null,"TEKERRUR_YILI":null,"Q2":null,"Q5":null,"Q25":null,"Q100":null,"Q500":null,"MaxFlow":null,"MaxDate":null,"Q10":null,"Q50":null,"Q200":null,"Q1000":null,"HAVZA_ID":24,"entityId":"11892","entityType":"flowStations","id":"11892","name":"D24A062","stationId":"D24A062","basinId":24,"flow":null,"status":"no_data","color":"#94a3b8","width":2.8}},{"type":"Feature","id":"11893","geometry":{"type":"Point","coordinates":[42.78333300000003,41.23333300000007]},"properties":{"OBJECTID":11893,"AGINO":"D24A063","SUADI":null,"ISTADI":null,"ILKODU":75,"ILCEKODU":1380,"KOT":null,"TEKERRUR_YILI":null,"Q2":null,"Q5":null,"Q25":null,"Q100":null,"Q500":null,"MaxFlow":null,"MaxDate":null,"Q10":null,"Q50":null,"Q200":null,"Q1000":null,"HAVZA_ID":24,"entityId":"11893","entityType":"flowStations","id":"11893","name":"D24A063","stationId":"D24A063","basinId":24,"flow":null,"status":"no_data","color":"#94a3b8","width":2.8}},{"type":"Feature","id":"11894","geometry":{"type":"Point","coordinates":[42.78333300000003,41.23333300000007]},"properties":{"OBJECTID":11894,"AGINO":"D24A064","SUADI":null,"ISTADI":null,"ILKODU":75,"ILCEKODU":1380,"KOT":null,"TEKERRUR_YILI":null,"Q2":null,"Q5":null,"Q25":null,"Q100":null,"Q500":null,"MaxFlow":null,"MaxDate":null,"Q10":null,"Q50":null,"Q200":null,"Q1000":null,"HAVZA_ID":24,"entityId":"11894","entityType":"flowStations","id":"11894","name":"D24A064","stationId":"D24A064","basinId":24,"flow":null,"status":"no_data","color":"#94a3b8","width":2.8}},{"type":"Feature","id":"11895","geometry":{"type":"Point","coordinates":[42.666667000000075,40.76666700000004]},"properties":{"OBJECTID":11895,"AGINO":"D24A065","SUADI":null,"ISTADI":null,"ILKODU":75,"ILCEKODU":1356,"KOT":null,"TEKERRUR_YILI":null,"Q2":null,"Q5":null,"Q25":null,"Q100":null,"Q500":null,"MaxFlow":null,"MaxDate":null,"Q10":null,"Q50":null,"Q200":null,"Q1000":null,"HAVZA_ID":24,"entityId":"11895","entityType":"flowStations","id":"11895","name":"D24A065","stationId":"D24A065","basinId":24,"flow":null,"status":"no_data","color":"#94a3b8","width":2.8}},{"type":"Feature","id":"11896","geometry":{"type":"Point","coordinates":[43.63333300000005,40.116667000000064]},"properties":{"OBJECTID":11896,"AGINO":"D24A066","SUADI":null,"ISTADI":null,"ILKODU":76,"ILCEKODU":1692,"KOT":null,"TEKERRUR_YILI":null,"Q2":null,"Q5":null,"Q25":null,"Q100":null,"Q500":null,"MaxFlow":null,"MaxDate":null,"Q10":null,"Q50":null,"Q200":null,"Q1000":null,"HAVZA_ID":24,"entityId":"11896","entityType":"flowStations","id":"11896","name":"D24A066","stationId":"D24A066","basinId":24,"flow":null,"status":"no_data","color":"#94a3b8","width":2.8}},{"type":"Feature","id":"11898","geometry":{"type":"Point","coordinates":[42.66500000000008,40.37055600000008]},"properties":{"OBJECTID":11898,"AGINO":"D24A069","SUADI":null,"ISTADI":null,"ILKODU":36,"ILCEKODU":1601,"KOT":null,"TEKERRUR_YILI":null,"Q2":null,"Q5":null,"Q25":null,"Q100":null,"Q500":null,"MaxFlow":null,"MaxDate":null,"Q10":null,"Q50":null,"Q200":null,"Q1000":null,"HAVZA_ID":24,"entityId":"11898","entityType":"flowStations","id":"11898","name":"D24A069","stationId":"D24A069","basinId":24,"flow":null,"status":"no_data","color":"#94a3b8","width":2.8}},{"type":"Feature","id":"11899","geometry":{"type":"Point","coordinates":[43.11055600000003,40.79722200000003]},"properties":{"OBJECTID":11899,"AGINO":"D24A070","SUADI":null,"ISTADI":null,"ILKODU":36,"ILCEKODU":1645,"KOT":null,"TEKERRUR_YILI":null,"Q2":null,"Q5":null,"Q25":null,"Q100":null,"Q500":null,"MaxFlow":null,"MaxDate":null,"Q10":null,"Q50":null,"Q200":null,"Q1000":null,"HAVZA_ID":24,"entityId":"11899","entityType":"flowStations","id":"11899","name":"D24A070","stationId":"D24A070","basinId":24,"flow":null,"status":"no_data","color":"#94a3b8","width":2.8}},{"type":"Feature","id":"11901","geometry":{"type":"Point","coordinates":[42.68750000000006,40.46777800000007]},"properties":{"OBJECTID":11901,"AGINO":"D24A073","SUADI":null,"ISTADI":null,"ILKODU":36,"ILCEKODU":1614,"KOT":null,"TEKERRUR_YILI":null,"Q2":null,"Q5":null,"Q25":null,"Q100":null,"Q500":null,"MaxFlow":null,"MaxDate":null,"Q10":null,"Q50":null,"Q200":null,"Q1000":null,"HAVZA_ID":24,"entityId":"11901","entityType":"flowStations","id":"11901","name":"D24A073","stationId":"D24A073","basinId":24,"flow":null,"status":"no_data","color":"#94a3b8","width":2.8}},{"type":"Feature","id":"11902","geometry":{"type":"Point","coordinates":[42.679444000000046,40.40500000000003]},"properties":{"OBJECTID":11902,"AGINO":"D24A074","SUADI":null,"ISTADI":null,"ILKODU":36,"ILCEKODU":1601,"KOT":null,"TEKERRUR_YILI":null,"Q2":null,"Q5":null,"Q25":null,"Q100":null,"Q500":null,"MaxFlow":null,"MaxDate":null,"Q10":null,"Q50":null,"Q200":null,"Q1000":null,"HAVZA_ID":24,"entityId":"11902","entityType":"flowStations","id":"11902","name":"D24A074","stationId":"D24A074","basinId":24,"flow":null,"status":"no_data","color":"#94a3b8","width":2.8}},{"type":"Feature","id":"11903","geometry":{"type":"Point","coordinates":[43.605000000000075,39.91500000000008]},"properties":{"OBJECTID":11903,"AGINO":"D24A078","SUADI":null,"ISTADI":null,"ILKODU":76,"ILCEKODU":1692,"KOT":null,"TEKERRUR_YILI":null,"Q2":null,"Q5":null,"Q25":null,"Q100":null,"Q500":null,"MaxFlow":null,"MaxDate":null,"Q10":null,"Q50":null,"Q200":null,"Q1000":null,"HAVZA_ID":24,"entityId":"11903","entityType":"flowStations","id":"11903","name":"D24A078","stationId":"D24A078","basinId":24,"flow":null,"status":"no_data","color":"#94a3b8","width":2.8}},{"type":"Feature","id":"11904","geometry":{"type":"Point","coordinates":[42.741944000000046,41.500556000000074]},"properties":{"OBJECTID":11904,"AGINO":"D24A080","SUADI":null,"ISTADI":null,"ILKODU":75,"ILCEKODU":1579,"KOT":null,"TEKERRUR_YILI":null,"Q2":null,"Q5":null,"Q25":null,"Q100":null,"Q500":null,"MaxFlow":null,"MaxDate":null,"Q10":null,"Q50":null,"Q200":null,"Q1000":null,"HAVZA_ID":24,"entityId":"11904","entityType":"flowStations","id":"11904","name":"D24A080","stationId":"D24A080","basinId":24,"flow":null,"status":"no_data","color":"#94a3b8","width":2.8}},{"type":"Feature","id":"11905","geometry":{"type":"Point","coordinates":[42.83972200000005,41.24222200000003]},"properties":{"OBJECTID":11905,"AGINO":"D24A086","SUADI":null,"ISTADI":null,"ILKODU":75,"ILCEKODU":1380,"KOT":null,"TEKERRUR_YILI":null,"Q2":null,"Q5":null,"Q25":null,"Q100":null,"Q500":null,"MaxFlow":null,"MaxDate":null,"Q10":null,"Q50":null,"Q200":null,"Q1000":null,"HAVZA_ID":24,"entityId":"11905","entityType":"flowStations","id":"11905","name":"D24A086","stationId":"D24A086","basinId":24,"flow":null,"status":"no_data","color":"#94a3b8","width":2.8}},{"type":"Feature","id":"11906","geometry":{"type":"Point","coordinates":[43.12083300000006,40.127222000000074]},"properties":{"OBJECTID":11906,"AGINO":"D24A087","SUADI":null,"ISTADI":null,"ILKODU":36,"ILCEKODU":1424,"KOT":null,"TEKERRUR_YILI":null,"Q2":null,"Q5":null,"Q25":null,"Q100":null,"Q500":null,"MaxFlow":null,"MaxDate":null,"Q10":null,"Q50":null,"Q200":null,"Q1000":null,"HAVZA_ID":24,"entityId":"11906","entityType":"flowStations","id":"11906","name":"D24A087","stationId":"D24A087","basinId":24,"flow":null,"status":"no_data","color":"#94a3b8","width":2.8}},{"type":"Feature","id":"11907","geometry":{"type":"Point","coordinates":[42.97361100000006,40.458056000000056]},"properties":{"OBJECTID":11907,"AGINO":"D24A088","SUADI":null,"ISTADI":null,"ILKODU":36,"ILCEKODU":1447,"KOT":null,"TEKERRUR_YILI":null,"Q2":null,"Q5":null,"Q25":null,"Q100":null,"Q500":null,"MaxFlow":null,"MaxDate":null,"Q10":null,"Q50":null,"Q200":null,"Q1000":null,"HAVZA_ID":24,"entityId":"11907","entityType":"flowStations","id":"11907","name":"D24A088","stationId":"D24A088","basinId":24,"flow":null,"status":"no_data","color":"#94a3b8","width":2.8}},{"type":"Feature","id":"11909","geometry":{"type":"Point","coordinates":[43.58888900000005,40.86000000000007]},"properties":{"OBJECTID":11909,"AGINO":"D24A090","SUADI":null,"ISTADI":null,"ILKODU":36,"ILCEKODU":1756,"KOT":null,"TEKERRUR_YILI":null,"Q2":null,"Q5":null,"Q25":null,"Q100":null,"Q500":null,"MaxFlow":null,"MaxDate":null,"Q10":null,"Q50":null,"Q200":null,"Q1000":null,"HAVZA_ID":24,"entityId":"11909","entityType":"flowStations","id":"11909","name":"D24A090","stationId":"D24A090","basinId":24,"flow":null,"status":"no_data","color":"#94a3b8","width":2.8}},{"type":"Feature","id":"11910","geometry":{"type":"Point","coordinates":[43.10000000000008,40.616667000000064]},"properties":{"OBJECTID":11910,"AGINO":"D24A091","SUADI":null,"ISTADI":null,"ILKODU":36,"ILCEKODU":1447,"KOT":null,"TEKERRUR_YILI":null,"Q2":null,"Q5":null,"Q25":null,"Q100":null,"Q500":null,"MaxFlow":null,"MaxDate":null,"Q10":null,"Q50":null,"Q200":null,"Q1000":null,"HAVZA_ID":24,"entityId":"11910","entityType":"flowStations","id":"11910","name":"D24A091","stationId":"D24A091","basinId":24,"flow":null,"status":"no_data","color":"#94a3b8","width":2.8}},{"type":"Feature","id":"11913","geometry":{"type":"Point","coordinates":[42.993333000000064,40.22638900000004]},"properties":{"OBJECTID":11913,"AGINO":"D24A095","SUADI":null,"ISTADI":null,"ILKODU":36,"ILCEKODU":1424,"KOT":null,"TEKERRUR_YILI":null,"Q2":null,"Q5":null,"Q25":null,"Q100":null,"Q500":null,"MaxFlow":null,"MaxDate":null,"Q10":null,"Q50":null,"Q200":null,"Q1000":null,"HAVZA_ID":24,"entityId":"11913","entityType":"flowStations","id":"11913","name":"D24A095","stationId":"D24A095","basinId":24,"flow":null,"status":"no_data","color":"#94a3b8","width":2.8}},{"type":"Feature","id":"11914","geometry":{"type":"Point","coordinates":[42.59111100000007,41.176667000000066]},"properties":{"OBJECTID":11914,"AGINO":"D24A098","SUADI":null,"ISTADI":null,"ILKODU":75,"ILCEKODU":1144,"KOT":null,"TEKERRUR_YILI":null,"Q2":null,"Q5":null,"Q25":null,"Q100":null,"Q500":null,"MaxFlow":null,"MaxDate":null,"Q10":null,"Q50":null,"Q200":null,"Q1000":null,"HAVZA_ID":24,"entityId":"11914","entityType":"flowStations","id":"11914","name":"D24A098","stationId":"D24A098","basinId":24,"flow":null,"status":"no_data","color":"#94a3b8","width":2.8}},{"type":"Feature","id":"11915","geometry":{"type":"Point","coordinates":[43.148889000000054,40.181389000000024]},"properties":{"OBJECTID":11915,"AGINO":"E24A002","SUADI":null,"ISTADI":null,"ILKODU":36,"ILCEKODU":1424,"KOT":null,"TEKERRUR_YILI":null,"Q2":null,"Q5":null,"Q25":null,"Q100":null,"Q500":null,"MaxFlow":null,"MaxDate":null,"Q10":null,"Q50":null,"Q200":null,"Q1000":null,"HAVZA_ID":24,"entityId":"11915","entityType":"flowStations","id":"11915","name":"E24A002","stationId":"E24A002","basinId":24,"flow":null,"status":"no_data","color":"#94a3b8","width":2.8}},{"type":"Feature","id":"11916","geometry":{"type":"Point","coordinates":[42.87194400000004,41.16055600000004]},"properties":{"OBJECTID":11916,"AGINO":"E24A015","SUADI":null,"ISTADI":null,"ILKODU":75,"ILCEKODU":1144,"KOT":null,"TEKERRUR_YILI":null,"Q2":null,"Q5":null,"Q25":null,"Q100":null,"Q500":null,"MaxFlow":null,"MaxDate":null,"Q10":null,"Q50":null,"Q200":null,"Q1000":null,"HAVZA_ID":24,"entityId":"11916","entityType":"flowStations","id":"11916","name":"E24A015","stationId":"E24A015","basinId":24,"flow":null,"status":"no_data","color":"#94a3b8","width":2.8}},{"type":"Feature","id":"11917","geometry":{"type":"Point","coordinates":[27.21444400000007,40.17194400000005]},"properties":{"OBJECTID":11917,"AGINO":"D02A010","SUADI":null,"ISTADI":null,"ILKODU":17,"ILCEKODU":1190,"KOT":null,"TEKERRUR_YILI":null,"Q2":null,"Q5":null,"Q25":null,"Q100":null,"Q500":null,"MaxFlow":null,"MaxDate":null,"Q10":null,"Q50":null,"Q200":null,"Q1000":null,"HAVZA_ID":2,"entityId":"11917","entityType":"flowStations","id":"11917","name":"D02A010","stationId":"D02A010","basinId":2,"flow":null,"status":"no_data","color":"#94a3b8","width":2.8}},{"type":"Feature","id":"11920","geometry":{"type":"Point","coordinates":[26.58166700000004,40.05777800000004]},"properties":{"OBJECTID":11920,"AGINO":"D02A065","SUADI":null,"ISTADI":null,"ILKODU":17,"ILCEKODU":1230,"KOT":null,"TEKERRUR_YILI":null,"Q2":null,"Q5":null,"Q25":null,"Q100":null,"Q500":null,"MaxFlow":null,"MaxDate":null,"Q10":null,"Q50":null,"Q200":null,"Q1000":null,"HAVZA_ID":2,"entityId":"11920","entityType":"flowStations","id":"11920","name":"D02A065","stationId":"D02A065","basinId":2,"flow":null,"status":"no_data","color":"#94a3b8","width":2.8}},{"type":"Feature","id":"11923","geometry":{"type":"Point","coordinates":[27.099444000000062,39.81722200000007]},"properties":{"OBJECTID":11923,"AGINO":"D02A084","SUADI":null,"ISTADI":null,"ILKODU":17,"ILCEKODU":1722,"KOT":null,"TEKERRUR_YILI":null,"Q2":null,"Q5":null,"Q25":null,"Q100":null,"Q500":null,"MaxFlow":null,"MaxDate":null,"Q10":null,"Q50":null,"Q200":null,"Q1000":null,"HAVZA_ID":2,"entityId":"11923","entityType":"flowStations","id":"11923","name":"D02A084","stationId":"D02A084","basinId":2,"flow":null,"status":"no_data","color":"#94a3b8","width":2.8}},{"type":"Feature","id":"11924","geometry":{"type":"Point","coordinates":[26.94500000000005,39.95222200000006]},"properties":{"OBJECTID":11924,"AGINO":"D02A085","SUADI":null,"ISTADI":null,"ILKODU":17,"ILCEKODU":1229,"KOT":null,"TEKERRUR_YILI":null,"Q2":null,"Q5":null,"Q25":null,"Q100":null,"Q500":null,"MaxFlow":null,"MaxDate":null,"Q10":null,"Q50":null,"Q200":null,"Q1000":null,"HAVZA_ID":2,"entityId":"11924","entityType":"flowStations","id":"11924","name":"D02A085","stationId":"D02A085","basinId":2,"flow":null,"status":"no_data","color":"#94a3b8","width":2.8}},{"type":"Feature","id":"11927","geometry":{"type":"Point","coordinates":[27.29861100000005,39.773056000000054]},"properties":{"OBJECTID":11927,"AGINO":"D02A129","SUADI":null,"ISTADI":null,"ILKODU":17,"ILCEKODU":1722,"KOT":null,"TEKERRUR_YILI":null,"Q2":null,"Q5":null,"Q25":null,"Q100":null,"Q500":null,"MaxFlow":null,"MaxDate":null,"Q10":null,"Q50":null,"Q200":null,"Q1000":null,"HAVZA_ID":2,"entityId":"11927","entityType":"flowStations","id":"11927","name":"D02A129","stationId":"D02A129","basinId":2,"flow":null,"status":"no_data","color":"#94a3b8","width":2.8}},{"type":"Feature","id":"11930","geometry":{"type":"Point","coordinates":[27.326111000000026,39.834167000000036]},"properties":{"OBJECTID":11930,"AGINO":"D02A138","SUADI":null,"ISTADI":null,"ILKODU":17,"ILCEKODU":1722,"KOT":null,"TEKERRUR_YILI":null,"Q2":null,"Q5":null,"Q25":null,"Q100":null,"Q500":null,"MaxFlow":null,"MaxDate":null,"Q10":null,"Q50":null,"Q200":null,"Q1000":null,"HAVZA_ID":2,"entityId":"11930","entityType":"flowStations","id":"11930","name":"D02A138","stationId":"D02A138","basinId":2,"flow":null,"status":"no_data","color":"#94a3b8","width":2.8}},{"type":"Feature","id":"11932","geometry":{"type":"Point","coordinates":[27.545833000000073,39.61472200000003]},"properties":{"OBJECTID":11932,"AGINO":"D03A008","SUADI":null,"ISTADI":null,"ILKODU":10,"ILCEKODU":1418,"KOT":null,"TEKERRUR_YILI":null,"Q2":null,"Q5":null,"Q25":null,"Q100":null,"Q500":null,"MaxFlow":null,"MaxDate":null,"Q10":null,"Q50":null,"Q200":null,"Q1000":null,"HAVZA_ID":3,"entityId":"11932","entityType":"flowStations","id":"11932","name":"D03A008","stationId":"D03A008","basinId":3,"flow":null,"status":"no_data","color":"#94a3b8","width":2.8}},{"type":"Feature","id":"11933","geometry":{"type":"Point","coordinates":[27.928056000000026,39.50416700000005]},"properties":{"OBJECTID":11933,"AGINO":"D03A013","SUADI":null,"ISTADI":null,"ILKODU":10,"ILCEKODU":2077,"KOT":null,"TEKERRUR_YILI":null,"Q2":null,"Q5":null,"Q25":null,"Q100":null,"Q500":null,"MaxFlow":null,"MaxDate":null,"Q10":null,"Q50":null,"Q200":null,"Q1000":null,"HAVZA_ID":3,"entityId":"11933","entityType":"flowStations","id":"11933","name":"D03A013","stationId":"D03A013","basinId":3,"flow":null,"status":"no_data","color":"#94a3b8","width":2.8}},{"type":"Feature","id":"11934","geometry":{"type":"Point","coordinates":[27.92583300000007,39.584444000000076]},"properties":{"OBJECTID":11934,"AGINO":"D03A021","SUADI":null,"ISTADI":null,"ILKODU":10,"ILCEKODU":2077,"KOT":null,"TEKERRUR_YILI":null,"Q2":null,"Q5":null,"Q25":null,"Q100":null,"Q500":null,"MaxFlow":null,"MaxDate":null,"Q10":null,"Q50":null,"Q200":null,"Q1000":null,"HAVZA_ID":3,"entityId":"11934","entityType":"flowStations","id":"11934","name":"D03A021","stationId":"D03A021","basinId":3,"flow":null,"status":"no_data","color":"#94a3b8","width":2.8}},{"type":"Feature","id":"11935","geometry":{"type":"Point","coordinates":[28.12333300000006,39.22305600000004]},"properties":{"OBJECTID":11935,"AGINO":"D03A025","SUADI":null,"ISTADI":null,"ILKODU":10,"ILCEKODU":1619,"KOT":null,"TEKERRUR_YILI":null,"Q2":null,"Q5":null,"Q25":null,"Q100":null,"Q500":null,"MaxFlow":null,"MaxDate":null,"Q10":null,"Q50":null,"Q200":null,"Q1000":null,"HAVZA_ID":3,"entityId":"11935","entityType":"flowStations","id":"11935","name":"D03A025","stationId":"D03A025","basinId":3,"flow":null,"status":"no_data","color":"#94a3b8","width":2.8}},{"type":"Feature","id":"11936","geometry":{"type":"Point","coordinates":[28.324444000000028,39.25861100000003]},"properties":{"OBJECTID":11936,"AGINO":"D03A034","SUADI":null,"ISTADI":null,"ILKODU":10,"ILCEKODU":1619,"KOT":null,"TEKERRUR_YILI":null,"Q2":null,"Q5":null,"Q25":null,"Q100":null,"Q500":null,"MaxFlow":null,"MaxDate":null,"Q10":null,"Q50":null,"Q200":null,"Q1000":null,"HAVZA_ID":3,"entityId":"11936","entityType":"flowStations","id":"11936","name":"D03A034","stationId":"D03A034","basinId":3,"flow":null,"status":"no_data","color":"#94a3b8","width":2.8}},{"type":"Feature","id":"11938","geometry":{"type":"Point","coordinates":[27.95583300000004,39.71722200000005]},"properties":{"OBJECTID":11938,"AGINO":"D03A051","SUADI":null,"ISTADI":null,"ILKODU":10,"ILCEKODU":2078,"KOT":null,"TEKERRUR_YILI":null,"Q2":null,"Q5":null,"Q25":null,"Q100":null,"Q500":null,"MaxFlow":null,"MaxDate":null,"Q10":null,"Q50":null,"Q200":null,"Q1000":null,"HAVZA_ID":3,"entityId":"11938","entityType":"flowStations","id":"11938","name":"D03A051","stationId":"D03A051","basinId":3,"flow":null,"status":"no_data","color":"#94a3b8","width":2.8}},{"type":"Feature","id":"11939","geometry":{"type":"Point","coordinates":[28.727778000000058,39.626389000000074]},"properties":{"OBJECTID":11939,"AGINO":"D03A052","SUADI":null,"ISTADI":null,"ILKODU":10,"ILCEKODU":1291,"KOT":null,"TEKERRUR_YILI":null,"Q2":null,"Q5":null,"Q25":null,"Q100":null,"Q500":null,"MaxFlow":null,"MaxDate":null,"Q10":null,"Q50":null,"Q200":null,"Q1000":null,"HAVZA_ID":3,"entityId":"11939","entityType":"flowStations","id":"11939","name":"D03A052","stationId":"D03A052","basinId":3,"flow":null,"status":"no_data","color":"#94a3b8","width":2.8}},{"type":"Feature","id":"11940","geometry":{"type":"Point","coordinates":[28.03861100000006,40.06805600000007]},"properties":{"OBJECTID":11940,"AGINO":"D03A067","SUADI":null,"ISTADI":null,"ILKODU":10,"ILCEKODU":1514,"KOT":null,"TEKERRUR_YILI":null,"Q2":null,"Q5":null,"Q25":null,"Q100":null,"Q500":null,"MaxFlow":null,"MaxDate":null,"Q10":null,"Q50":null,"Q200":null,"Q1000":null,"HAVZA_ID":3,"entityId":"11940","entityType":"flowStations","id":"11940","name":"D03A067","stationId":"D03A067","basinId":3,"flow":null,"status":"no_data","color":"#94a3b8","width":2.8}},{"type":"Feature","id":"11943","geometry":{"type":"Point","coordinates":[28.233333000000073,39.650000000000034]},"properties":{"OBJECTID":11943,"AGINO":"D03A084","SUADI":null,"ISTADI":null,"ILKODU":10,"ILCEKODU":1462,"KOT":null,"TEKERRUR_YILI":null,"Q2":null,"Q5":null,"Q25":null,"Q100":null,"Q500":null,"MaxFlow":null,"MaxDate":null,"Q10":null,"Q50":null,"Q200":null,"Q1000":null,"HAVZA_ID":3,"entityId":"11943","entityType":"flowStations","id":"11943","name":"D03A084","stationId":"D03A084","basinId":3,"flow":null,"status":"no_data","color":"#94a3b8","width":2.8}},{"type":"Feature","id":"11944","geometry":{"type":"Point","coordinates":[28.263611000000026,39.396111000000076]},"properties":{"OBJECTID":11944,"AGINO":"D03A086","SUADI":null,"ISTADI":null,"ILKODU":10,"ILCEKODU":1191,"KOT":null,"TEKERRUR_YILI":null,"Q2":null,"Q5":null,"Q25":null,"Q100":null,"Q500":null,"MaxFlow":null,"MaxDate":null,"Q10":null,"Q50":null,"Q200":null,"Q1000":null,"HAVZA_ID":3,"entityId":"11944","entityType":"flowStations","id":"11944","name":"D03A086","stationId":"D03A086","basinId":3,"flow":null,"status":"no_data","color":"#94a3b8","width":2.8}},{"type":"Feature","id":"11945","geometry":{"type":"Point","coordinates":[27.96666700000003,39.90833300000003]},"properties":{"OBJECTID":11945,"AGINO":"D03A087","SUADI":null,"ISTADI":null,"ILKODU":10,"ILCEKODU":2078,"KOT":null,"TEKERRUR_YILI":null,"Q2":null,"Q5":null,"Q25":null,"Q100":null,"Q500":null,"MaxFlow":null,"MaxDate":null,"Q10":null,"Q50":null,"Q200":null,"Q1000":null,"HAVZA_ID":3,"entityId":"11945","entityType":"flowStations","id":"11945","name":"D03A087","stationId":"D03A087","basinId":3,"flow":null,"status":"no_data","color":"#94a3b8","width":2.8}},{"type":"Feature","id":"11946","geometry":{"type":"Point","coordinates":[28.30750000000006,39.409167000000025]},"properties":{"OBJECTID":11946,"AGINO":"D03A096","SUADI":null,"ISTADI":null,"ILKODU":10,"ILCEKODU":1191,"KOT":null,"TEKERRUR_YILI":null,"Q2":null,"Q5":null,"Q25":null,"Q100":null,"Q500":null,"MaxFlow":null,"MaxDate":null,"Q10":null,"Q50":null,"Q200":null,"Q1000":null,"HAVZA_ID":3,"entityId":"11946","entityType":"flowStations","id":"11946","name":"D03A096","stationId":"D03A096","basinId":3,"flow":null,"status":"no_data","color":"#94a3b8","width":2.8}},{"type":"Feature","id":"11948","geometry":{"type":"Point","coordinates":[28.12000000000006,39.458056000000056]},"properties":{"OBJECTID":11948,"AGINO":"D03A128","SUADI":null,"ISTADI":null,"ILKODU":10,"ILCEKODU":1191,"KOT":null,"TEKERRUR_YILI":null,"Q2":null,"Q5":null,"Q25":null,"Q100":null,"Q500":null,"MaxFlow":null,"MaxDate":null,"Q10":null,"Q50":null,"Q200":null,"Q1000":null,"HAVZA_ID":3,"entityId":"11948","entityType":"flowStations","id":"11948","name":"D03A128","stationId":"D03A128","basinId":3,"flow":null,"status":"no_data","color":"#94a3b8","width":2.8}},{"type":"Feature","id":"11949","geometry":{"type":"Point","coordinates":[28.637222000000065,39.50416700000005]},"properties":{"OBJECTID":11949,"AGINO":"D03A129","SUADI":null,"ISTADI":null,"ILKODU":10,"ILCEKODU":1291,"KOT":null,"TEKERRUR_YILI":null,"Q2":null,"Q5":null,"Q25":null,"Q100":null,"Q500":null,"MaxFlow":null,"MaxDate":null,"Q10":null,"Q50":null,"Q200":null,"Q1000":null,"HAVZA_ID":3,"entityId":"11949","entityType":"flowStations","id":"11949","name":"D03A129","stationId":"D03A129","basinId":3,"flow":null,"status":"no_data","color":"#94a3b8","width":2.8}},{"type":"Feature","id":"11950","geometry":{"type":"Point","coordinates":[28.201389000000063,39.58138900000006]},"properties":{"OBJECTID":11950,"AGINO":"D03A130","SUADI":null,"ISTADI":null,"ILKODU":10,"ILCEKODU":1462,"KOT":null,"TEKERRUR_YILI":null,"Q2":null,"Q5":null,"Q25":null,"Q100":null,"Q500":null,"MaxFlow":null,"MaxDate":null,"Q10":null,"Q50":null,"Q200":null,"Q1000":null,"HAVZA_ID":3,"entityId":"11950","entityType":"flowStations","id":"11950","name":"D03A130","stationId":"D03A130","basinId":3,"flow":null,"status":"no_data","color":"#94a3b8","width":2.8}},{"type":"Feature","id":"11952","geometry":{"type":"Point","coordinates":[28.161111000000062,39.586667000000034]},"properties":{"OBJECTID":11952,"AGINO":"D03A135","SUADI":null,"ISTADI":null,"ILKODU":10,"ILCEKODU":1462,"KOT":null,"TEKERRUR_YILI":null,"Q2":null,"Q5":null,"Q25":null,"Q100":null,"Q500":null,"MaxFlow":null,"MaxDate":null,"Q10":null,"Q50":null,"Q200":null,"Q1000":null,"HAVZA_ID":3,"entityId":"11952","entityType":"flowStations","id":"11952","name":"D03A135","stationId":"D03A135","basinId":3,"flow":null,"status":"no_data","color":"#94a3b8","width":2.8}},{"type":"Feature","id":"11953","geometry":{"type":"Point","coordinates":[27.968889000000047,40.075278000000026]},"properties":{"OBJECTID":11953,"AGINO":"D03A136","SUADI":null,"ISTADI":null,"ILKODU":10,"ILCEKODU":1514,"KOT":null,"TEKERRUR_YILI":null,"Q2":null,"Q5":null,"Q25":null,"Q100":null,"Q500":null,"MaxFlow":null,"MaxDate":null,"Q10":null,"Q50":null,"Q200":null,"Q1000":null,"HAVZA_ID":3,"entityId":"11953","entityType":"flowStations","id":"11953","name":"D03A136","stationId":"D03A136","basinId":3,"flow":null,"status":"no_data","color":"#94a3b8","width":2.8}},{"type":"Feature","id":"11956","geometry":{"type":"Point","coordinates":[27.01750000000004,39.44583300000005]},"properties":{"OBJECTID":11956,"AGINO":"D04A016","SUADI":null,"ISTADI":null,"ILKODU":10,"ILCEKODU":1216,"KOT":null,"TEKERRUR_YILI":null,"Q2":null,"Q5":null,"Q25":null,"Q100":null,"Q500":null,"MaxFlow":null,"MaxDate":null,"Q10":null,"Q50":null,"Q200":null,"Q1000":null,"HAVZA_ID":4,"entityId":"11956","entityType":"flowStations","id":"11956","name":"D04A016","stationId":"D04A016","basinId":4,"flow":null,"status":"no_data","color":"#94a3b8","width":2.8}},{"type":"Feature","id":"11957","geometry":{"type":"Point","coordinates":[26.992778000000044,39.439722000000074]},"properties":{"OBJECTID":11957,"AGINO":"D04A017","SUADI":null,"ISTADI":null,"ILKODU":10,"ILCEKODU":1216,"KOT":null,"TEKERRUR_YILI":null,"Q2":null,"Q5":null,"Q25":null,"Q100":null,"Q500":null,"MaxFlow":null,"MaxDate":null,"Q10":null,"Q50":null,"Q200":null,"Q1000":null,"HAVZA_ID":4,"entityId":"11957","entityType":"flowStations","id":"11957","name":"D04A017","stationId":"D04A017","basinId":4,"flow":null,"status":"no_data","color":"#94a3b8","width":2.8}},{"type":"Feature","id":"11959","geometry":{"type":"Point","coordinates":[27.06194400000004,39.618889000000024]},"properties":{"OBJECTID":11959,"AGINO":"D04A031","SUADI":null,"ISTADI":null,"ILKODU":10,"ILCEKODU":1294,"KOT":null,"TEKERRUR_YILI":null,"Q2":null,"Q5":null,"Q25":null,"Q100":null,"Q500":null,"MaxFlow":null,"MaxDate":null,"Q10":null,"Q50":null,"Q200":null,"Q1000":null,"HAVZA_ID":4,"entityId":"11959","entityType":"flowStations","id":"11959","name":"D04A031","stationId":"D04A031","basinId":4,"flow":null,"status":"no_data","color":"#94a3b8","width":2.8}},{"type":"Feature","id":"11962","geometry":{"type":"Point","coordinates":[26.95305600000006,39.616944000000046]},"properties":{"OBJECTID":11962,"AGINO":"D04A036","SUADI":null,"ISTADI":null,"ILKODU":10,"ILCEKODU":1294,"KOT":null,"TEKERRUR_YILI":null,"Q2":null,"Q5":null,"Q25":null,"Q100":null,"Q500":null,"MaxFlow":null,"MaxDate":null,"Q10":null,"Q50":null,"Q200":null,"Q1000":null,"HAVZA_ID":4,"entityId":"11962","entityType":"flowStations","id":"11962","name":"D04A036","stationId":"D04A036","basinId":4,"flow":null,"status":"no_data","color":"#94a3b8","width":2.8}},{"type":"Feature","id":"11967","geometry":{"type":"Point","coordinates":[27.157500000000027,39.58777800000007]},"properties":{"OBJECTID":11967,"AGINO":"D04A047","SUADI":null,"ISTADI":null,"ILKODU":10,"ILCEKODU":1384,"KOT":null,"TEKERRUR_YILI":null,"Q2":null,"Q5":null,"Q25":null,"Q100":null,"Q500":null,"MaxFlow":null,"MaxDate":null,"Q10":null,"Q50":null,"Q200":null,"Q1000":null,"HAVZA_ID":4,"entityId":"11967","entityType":"flowStations","id":"11967","name":"D04A047","stationId":"D04A047","basinId":4,"flow":null,"status":"no_data","color":"#94a3b8","width":2.8}},{"type":"Feature","id":"11969","geometry":{"type":"Point","coordinates":[27.167500000000075,39.57138900000007]},"properties":{"OBJECTID":11969,"AGINO":"D04A055","SUADI":null,"ISTADI":null,"ILKODU":10,"ILCEKODU":1384,"KOT":null,"TEKERRUR_YILI":null,"Q2":null,"Q5":null,"Q25":null,"Q100":null,"Q500":null,"MaxFlow":null,"MaxDate":null,"Q10":null,"Q50":null,"Q200":null,"Q1000":null,"HAVZA_ID":4,"entityId":"11969","entityType":"flowStations","id":"11969","name":"D04A055","stationId":"D04A055","basinId":4,"flow":null,"status":"no_data","color":"#94a3b8","width":2.8}},{"type":"Feature","id":"11970","geometry":{"type":"Point","coordinates":[26.830278000000078,39.23333300000007]},"properties":{"OBJECTID":11970,"AGINO":"D04A056","SUADI":null,"ISTADI":null,"ILKODU":10,"ILCEKODU":1161,"KOT":null,"TEKERRUR_YILI":null,"Q2":null,"Q5":null,"Q25":null,"Q100":null,"Q500":null,"MaxFlow":null,"MaxDate":null,"Q10":null,"Q50":null,"Q200":null,"Q1000":null,"HAVZA_ID":4,"entityId":"11970","entityType":"flowStations","id":"11970","name":"D04A056","stationId":"D04A056","basinId":4,"flow":null,"status":"no_data","color":"#94a3b8","width":2.8}},{"type":"Feature","id":"11972","geometry":{"type":"Point","coordinates":[26.75777800000003,39.584444000000076]},"properties":{"OBJECTID":11972,"AGINO":"D04A069","SUADI":null,"ISTADI":null,"ILKODU":10,"ILCEKODU":1294,"KOT":null,"TEKERRUR_YILI":null,"Q2":null,"Q5":null,"Q25":null,"Q100":null,"Q500":null,"MaxFlow":null,"MaxDate":null,"Q10":null,"Q50":null,"Q200":null,"Q1000":null,"HAVZA_ID":4,"entityId":"11972","entityType":"flowStations","id":"11972","name":"D04A069","stationId":"D04A069","basinId":4,"flow":null,"status":"no_data","color":"#94a3b8","width":2.8}},{"type":"Feature","id":"11973","geometry":{"type":"Point","coordinates":[27.210833000000036,39.754444000000035]},"properties":{"OBJECTID":11973,"AGINO":"E02A024","SUADI":null,"ISTADI":null,"ILKODU":17,"ILCEKODU":1722,"KOT":null,"TEKERRUR_YILI":null,"Q2":null,"Q5":null,"Q25":null,"Q100":null,"Q500":null,"MaxFlow":null,"MaxDate":null,"Q10":null,"Q50":null,"Q200":null,"Q1000":null,"HAVZA_ID":2,"entityId":"11973","entityType":"flowStations","id":"11973","name":"E02A024","stationId":"E02A024","basinId":2,"flow":null,"status":"no_data","color":"#94a3b8","width":2.8}},{"type":"Feature","id":"11974","geometry":{"type":"Point","coordinates":[28.02861100000007,39.63222200000007]},"properties":{"OBJECTID":11974,"AGINO":"E03A024","SUADI":null,"ISTADI":null,"ILKODU":10,"ILCEKODU":2077,"KOT":null,"TEKERRUR_YILI":null,"Q2":null,"Q5":null,"Q25":null,"Q100":null,"Q500":null,"MaxFlow":null,"MaxDate":null,"Q10":null,"Q50":null,"Q200":null,"Q1000":null,"HAVZA_ID":3,"entityId":"11974","entityType":"flowStations","id":"11974","name":"E03A024","stationId":"E03A024","basinId":3,"flow":null,"status":"no_data","color":"#94a3b8","width":2.8}},{"type":"Feature","id":"11976","geometry":{"type":"Point","coordinates":[28.09194400000007,39.326111000000026]},"properties":{"OBJECTID":11976,"AGINO":"E03A035","SUADI":null,"ISTADI":null,"ILKODU":10,"ILCEKODU":1619,"KOT":null,"TEKERRUR_YILI":null,"Q2":null,"Q5":null,"Q25":null,"Q100":null,"Q500":null,"MaxFlow":null,"MaxDate":null,"Q10":null,"Q50":null,"Q200":null,"Q1000":null,"HAVZA_ID":3,"entityId":"11976","entityType":"flowStations","id":"11976","name":"E03A035","stationId":"E03A035","basinId":3,"flow":null,"status":"no_data","color":"#94a3b8","width":2.8}},{"type":"Feature","id":"11977","geometry":{"type":"Point","coordinates":[27.75666700000005,39.57027800000003]},"properties":{"OBJECTID":11977,"AGINO":"E03A036","SUADI":null,"ISTADI":null,"ILKODU":10,"ILCEKODU":2077,"KOT":null,"TEKERRUR_YILI":null,"Q2":null,"Q5":null,"Q25":null,"Q100":null,"Q500":null,"MaxFlow":null,"MaxDate":null,"Q10":null,"Q50":null,"Q200":null,"Q1000":null,"HAVZA_ID":3,"entityId":"11977","entityType":"flowStations","id":"11977","name":"E03A036","stationId":"E03A036","basinId":3,"flow":null,"status":"no_data","color":"#94a3b8","width":2.8}},{"type":"Feature","id":"11978","geometry":{"type":"Point","coordinates":[27.638611000000026,39.337500000000034]},"properties":{"OBJECTID":11978,"AGINO":"E04A010","SUADI":null,"ISTADI":null,"ILKODU":10,"ILCEKODU":1608,"KOT":null,"TEKERRUR_YILI":null,"Q2":null,"Q5":null,"Q25":null,"Q100":null,"Q500":null,"MaxFlow":null,"MaxDate":null,"Q10":null,"Q50":null,"Q200":null,"Q1000":null,"HAVZA_ID":4,"entityId":"11978","entityType":"flowStations","id":"11978","name":"E04A010","stationId":"E04A010","basinId":4,"flow":null,"status":"no_data","color":"#94a3b8","width":2.8}},{"type":"Feature","id":"11981","geometry":{"type":"Point","coordinates":[27.273056000000054,40.30916700000006]},"properties":{"OBJECTID":11981,"AGINO":"E02A012","SUADI":null,"ISTADI":null,"ILKODU":17,"ILCEKODU":1190,"KOT":null,"TEKERRUR_YILI":null,"Q2":null,"Q5":null,"Q25":null,"Q100":null,"Q500":null,"MaxFlow":null,"MaxDate":null,"Q10":null,"Q50":null,"Q200":null,"Q1000":null,"HAVZA_ID":2,"entityId":"11981","entityType":"flowStations","id":"11981","name":"E02A012","stationId":"E02A012","basinId":2,"flow":null,"status":"no_data","color":"#94a3b8","width":2.8}},{"type":"Feature","id":"11982","geometry":{"type":"Point","coordinates":[27.59055600000005,40.169722000000036]},"properties":{"OBJECTID":11982,"AGINO":"E02A015","SUADI":null,"ISTADI":null,"ILKODU":10,"ILCEKODU":1360,"KOT":null,"TEKERRUR_YILI":null,"Q2":null,"Q5":null,"Q25":null,"Q100":null,"Q500":null,"MaxFlow":null,"MaxDate":null,"Q10":null,"Q50":null,"Q200":null,"Q1000":null,"HAVZA_ID":2,"entityId":"11982","entityType":"flowStations","id":"11982","name":"E02A015","stationId":"E02A015","basinId":2,"flow":null,"status":"no_data","color":"#94a3b8","width":2.8}},{"type":"Feature","id":"12084","geometry":{"type":"Point","coordinates":[41.346944000000065,41.30777800000004]},"properties":{"OBJECTID":12084,"AGINO":"D22A049","SUADI":null,"ISTADI":null,"ILKODU":8,"ILCEKODU":1147,"KOT":null,"TEKERRUR_YILI":null,"Q2":null,"Q5":null,"Q25":null,"Q100":null,"Q500":null,"MaxFlow":null,"MaxDate":null,"Q10":null,"Q50":null,"Q200":null,"Q1000":null,"HAVZA_ID":22,"entityId":"12084","entityType":"flowStations","id":"12084","name":"D22A049","stationId":"D22A049","basinId":22,"flow":null,"status":"no_data","color":"#94a3b8","width":2.8}},{"type":"Feature","id":"12085","geometry":{"type":"Point","coordinates":[41.386667000000045,41.27916700000003]},"properties":{"OBJECTID":12085,"AGINO":"D22A079","SUADI":null,"ISTADI":null,"ILKODU":8,"ILCEKODU":1147,"KOT":null,"TEKERRUR_YILI":null,"Q2":null,"Q5":null,"Q25":null,"Q100":null,"Q500":null,"MaxFlow":null,"MaxDate":null,"Q10":null,"Q50":null,"Q200":null,"Q1000":null,"HAVZA_ID":22,"entityId":"12085","entityType":"flowStations","id":"12085","name":"D22A079","stationId":"D22A079","basinId":22,"flow":null,"status":"no_data","color":"#94a3b8","width":2.8}},{"type":"Feature","id":"12086","geometry":{"type":"Point","coordinates":[41.36388900000003,41.264444000000026]},"properties":{"OBJECTID":12086,"AGINO":"D22A089","SUADI":null,"ISTADI":null,"ILKODU":8,"ILCEKODU":1147,"KOT":null,"TEKERRUR_YILI":null,"Q2":null,"Q5":null,"Q25":null,"Q100":null,"Q500":null,"MaxFlow":null,"MaxDate":null,"Q10":null,"Q50":null,"Q200":null,"Q1000":null,"HAVZA_ID":22,"entityId":"12086","entityType":"flowStations","id":"12086","name":"D22A089","stationId":"D22A089","basinId":22,"flow":null,"status":"no_data","color":"#94a3b8","width":2.8}},{"type":"Feature","id":"12087","geometry":{"type":"Point","coordinates":[41.46944400000007,41.39000000000004]},"properties":{"OBJECTID":12087,"AGINO":"D22A147","SUADI":null,"ISTADI":null,"ILKODU":8,"ILCEKODU":1395,"KOT":null,"TEKERRUR_YILI":null,"Q2":null,"Q5":null,"Q25":null,"Q100":null,"Q500":null,"MaxFlow":null,"MaxDate":null,"Q10":null,"Q50":null,"Q200":null,"Q1000":null,"HAVZA_ID":22,"entityId":"12087","entityType":"flowStations","id":"12087","name":"D22A147","stationId":"D22A147","basinId":22,"flow":null,"status":"no_data","color":"#94a3b8","width":2.8}},{"type":"Feature","id":"12088","geometry":{"type":"Point","coordinates":[41.52611100000007,41.480556000000036]},"properties":{"OBJECTID":12088,"AGINO":"D22A149","SUADI":null,"ISTADI":null,"ILKODU":8,"ILCEKODU":1395,"KOT":null,"TEKERRUR_YILI":null,"Q2":null,"Q5":null,"Q25":null,"Q100":null,"Q500":null,"MaxFlow":null,"MaxDate":null,"Q10":null,"Q50":null,"Q200":null,"Q1000":null,"HAVZA_ID":22,"entityId":"12088","entityType":"flowStations","id":"12088","name":"D22A149","stationId":"D22A149","basinId":22,"flow":null,"status":"no_data","color":"#94a3b8","width":2.8}},{"type":"Feature","id":"12089","geometry":{"type":"Point","coordinates":[41.53000000000003,41.48555600000003]},"properties":{"OBJECTID":12089,"AGINO":"D22A150","SUADI":null,"ISTADI":null,"ILKODU":8,"ILCEKODU":1395,"KOT":null,"TEKERRUR_YILI":null,"Q2":null,"Q5":null,"Q25":null,"Q100":null,"Q500":null,"MaxFlow":null,"MaxDate":null,"Q10":null,"Q50":null,"Q200":null,"Q1000":null,"HAVZA_ID":22,"entityId":"12089","entityType":"flowStations","id":"12089","name":"D22A150","stationId":"D22A150","basinId":22,"flow":null,"status":"no_data","color":"#94a3b8","width":2.8}},{"type":"Feature","id":"12090","geometry":{"type":"Point","coordinates":[41.30138900000003,41.32972200000006]},"properties":{"OBJECTID":12090,"AGINO":"D22A151","SUADI":null,"ISTADI":null,"ILKODU":8,"ILCEKODU":1147,"KOT":null,"TEKERRUR_YILI":null,"Q2":null,"Q5":null,"Q25":null,"Q100":null,"Q500":null,"MaxFlow":null,"MaxDate":null,"Q10":null,"Q50":null,"Q200":null,"Q1000":null,"HAVZA_ID":22,"entityId":"12090","entityType":"flowStations","id":"12090","name":"D22A151","stationId":"D22A151","basinId":22,"flow":null,"status":"no_data","color":"#94a3b8","width":2.8}},{"type":"Feature","id":"12091","geometry":{"type":"Point","coordinates":[42.060556000000076,41.13111100000003]},"properties":{"OBJECTID":12091,"AGINO":"D23A047","SUADI":null,"ISTADI":null,"ILKODU":8,"ILCEKODU":1145,"KOT":null,"TEKERRUR_YILI":null,"Q2":null,"Q5":null,"Q25":null,"Q100":null,"Q500":null,"MaxFlow":null,"MaxDate":null,"Q10":null,"Q50":null,"Q200":null,"Q1000":null,"HAVZA_ID":23,"entityId":"12091","entityType":"flowStations","id":"12091","name":"D23A047","stationId":"D23A047","basinId":23,"flow":null,"status":"no_data","color":"#94a3b8","width":2.8}},{"type":"Feature","id":"12096","geometry":{"type":"Point","coordinates":[42.31277800000004,41.25777800000003]},"properties":{"OBJECTID":12096,"AGINO":"E23A033","SUADI":null,"ISTADI":null,"ILKODU":8,"ILCEKODU":1653,"KOT":null,"TEKERRUR_YILI":null,"Q2":null,"Q5":null,"Q25":null,"Q100":null,"Q500":null,"MaxFlow":null,"MaxDate":null,"Q10":null,"Q50":null,"Q200":null,"Q1000":null,"HAVZA_ID":23,"entityId":"12096","entityType":"flowStations","id":"12096","name":"E23A033","stationId":"E23A033","basinId":23,"flow":null,"status":"no_data","color":"#94a3b8","width":2.8}},{"type":"Feature","id":"12097","geometry":{"type":"Point","coordinates":[41.40222200000005,40.96888900000005]},"properties":{"OBJECTID":12097,"AGINO":"E23A042","SUADI":null,"ISTADI":null,"ILKODU":8,"ILCEKODU":1736,"KOT":null,"TEKERRUR_YILI":null,"Q2":null,"Q5":null,"Q25":null,"Q100":null,"Q500":null,"MaxFlow":null,"MaxDate":null,"Q10":null,"Q50":null,"Q200":null,"Q1000":null,"HAVZA_ID":23,"entityId":"12097","entityType":"flowStations","id":"12097","name":"E23A042","stationId":"E23A042","basinId":23,"flow":null,"status":"no_data","color":"#94a3b8","width":2.8}}]}
