{"type":"FeatureCollection","features":[{"type":"Feature","id":"1","geometry":{"type":"Point","coordinates":[26.37000000000006,41.710560000000044]},"properties":{"OBJECTID":1,"IstNo":12001001,"SuAdi":"MERİÇ N.","IstAdi":"KAPIKULE","BolgeNo":11,"ILKODU":22,"ILCEKODU":1295,"HAVZA_ID":1,"entityId":"1","entityType":"hesStations","id":"1","name":"KAPIKULE","stationId":12001001,"basinId":1,"status":"no_data","color":"#94a3b8","radius":7}},{"type":"Feature","id":"2","geometry":{"type":"Point","coordinates":[26.572220000000073,41.64722000000006]},"properties":{"OBJECTID":2,"IstNo":12001003,"SuAdi":"MERİÇ N.","IstAdi":"KİRİŞHANE","BolgeNo":11,"ILKODU":22,"ILCEKODU":1295,"HAVZA_ID":1,"entityId":"2","entityType":"hesStations","id":"2","name":"KİRİŞHANE","stationId":12001003,"basinId":1,"status":"no_data","color":"#94a3b8","radius":7}},{"type":"Feature","id":"3","geometry":{"type":"Point","coordinates":[26.63250000000005,41.363890000000026]},"properties":{"OBJECTID":3,"IstNo":12001004,"SuAdi":"MERİÇ N.","IstAdi":"ESKİKÖY","BolgeNo":11,"ILKODU":22,"ILCEKODU":1705,"HAVZA_ID":1,"entityId":"3","entityType":"hesStations","id":"3","name":"ESKİKÖY","stationId":12001004,"basinId":1,"status":"no_data","color":"#94a3b8","radius":7}},{"type":"Feature","id":"4","geometry":{"type":"Point","coordinates":[27.35167000000007,41.35083000000003]},"properties":{"OBJECTID":4,"IstNo":12001008,"SuAdi":"ERGENE N.","IstAdi":"LÜLEBURGAZ","BolgeNo":11,"ILKODU":39,"ILCEKODU":1505,"HAVZA_ID":1,"entityId":"4","entityType":"hesStations","id":"4","name":"LÜLEBURGAZ","stationId":12001008,"basinId":1,"status":"no_data","color":"#94a3b8","radius":7}},{"type":"Feature","id":"5","geometry":{"type":"Point","coordinates":[27.47667000000007,41.20222000000007]},"properties":{"OBJECTID":5,"IstNo":12001020,"SuAdi":"ERGENE N.","IstAdi":"İNANLI","BolgeNo":11,"ILKODU":59,"ILCEKODU":1538,"HAVZA_ID":1,"entityId":"5","entityType":"hesStations","id":"5","name":"İNANLI","stationId":12001020,"basinId":1,"status":"no_data","color":"#94a3b8","radius":7}},{"type":"Feature","id":"6","geometry":{"type":"Point","coordinates":[26.95750000000004,41.369170000000054]},"properties":{"OBJECTID":6,"IstNo":12001023,"SuAdi":"TEKE  D.","IstAdi":"KUŞTEPE","BolgeNo":11,"ILKODU":39,"ILCEKODU":1572,"HAVZA_ID":1,"entityId":"6","entityType":"hesStations","id":"6","name":"KUŞTEPE","stationId":12001023,"basinId":1,"status":"no_data","color":"#94a3b8","radius":7}},{"type":"Feature","id":"7","geometry":{"type":"Point","coordinates":[26.319440000000043,40.940000000000055]},"properties":{"OBJECTID":7,"IstNo":12001026,"SuAdi":"MERİÇ N.","IstAdi":"İPSALA GÜMRÜK KÖPRÜSÜ","BolgeNo":11,"ILKODU":22,"ILCEKODU":1412,"HAVZA_ID":1,"entityId":"7","entityType":"hesStations","id":"7","name":"İPSALA GÜMRÜK KÖPRÜSÜ","stationId":12001026,"basinId":1,"status":"no_data","color":"#94a3b8","radius":7}},{"type":"Feature","id":"8","geometry":{"type":"Point","coordinates":[27.653890000000047,41.63472000000007]},"properties":{"OBJECTID":8,"IstNo":12001031,"SuAdi":"SOĞUCAK D.","IstAdi":"SOĞUCAK","BolgeNo":11,"ILKODU":39,"ILCEKODU":1714,"HAVZA_ID":1,"entityId":"8","entityType":"hesStations","id":"8","name":"SOĞUCAK","stationId":12001031,"basinId":1,"status":"no_data","color":"#94a3b8","radius":7}},{"type":"Feature","id":"9","geometry":{"type":"Point","coordinates":[27.596940000000075,41.62861000000004]},"properties":{"OBJECTID":9,"IstNo":12001039,"SuAdi":"POYRALI D.","IstAdi":"POYRALI","BolgeNo":11,"ILKODU":39,"ILCEKODU":1577,"HAVZA_ID":1,"entityId":"9","entityType":"hesStations","id":"9","name":"POYRALI","stationId":12001039,"basinId":1,"status":"no_data","color":"#94a3b8","radius":7}},{"type":"Feature","id":"10","geometry":{"type":"Point","coordinates":[27.96667000000008,41.400000000000034]},"properties":{"OBJECTID":10,"IstNo":12001052,"SuAdi":"MANİKA D.","IstAdi":"K.YONCALI","BolgeNo":11,"ILKODU":59,"ILCEKODU":1596,"HAVZA_ID":1,"entityId":"10","entityType":"hesStations","id":"10","name":"K.YONCALI","stationId":12001052,"basinId":1,"status":"no_data","color":"#94a3b8","radius":7}},{"type":"Feature","id":"11","geometry":{"type":"Point","coordinates":[26.238890000000026,40.863890000000026]},"properties":{"OBJECTID":11,"IstNo":12001057,"SuAdi":"MERİÇ N.","IstAdi":"FERRE KUPURU","BolgeNo":11,"ILKODU":22,"ILCEKODU":1412,"HAVZA_ID":1,"entityId":"11","entityType":"hesStations","id":"11","name":"FERRE KUPURU","stationId":12001057,"basinId":1,"status":"no_data","color":"#94a3b8","radius":7}},{"type":"Feature","id":"12","geometry":{"type":"Point","coordinates":[26.63056000000006,41.85250000000008]},"properties":{"OBJECTID":12,"IstNo":12001076,"SuAdi":"ÇOBANDERE","IstAdi":"YÜNLÜCE","BolgeNo":11,"ILKODU":22,"ILCEKODU":1502,"HAVZA_ID":1,"entityId":"12","entityType":"hesStations","id":"12","name":"YÜNLÜCE","stationId":12001076,"basinId":1,"status":"no_data","color":"#94a3b8","radius":7}},{"type":"Feature","id":"13","geometry":{"type":"Point","coordinates":[26.548330000000078,41.76222000000007]},"properties":{"OBJECTID":13,"IstNo":12001078,"SuAdi":"TUNCA N.","IstAdi":"DEĞİRMENYANI","BolgeNo":11,"ILKODU":22,"ILCEKODU":1295,"HAVZA_ID":1,"entityId":"13","entityType":"hesStations","id":"13","name":"DEĞİRMENYANI","stationId":12001078,"basinId":1,"status":"no_data","color":"#94a3b8","radius":7}},{"type":"Feature","id":"14","geometry":{"type":"Point","coordinates":[26.516110000000026,41.664720000000045]},"properties":{"OBJECTID":14,"IstNo":12001084,"SuAdi":"MERİÇ NEHRİ","IstAdi":"TAHLİYE KANALI","BolgeNo":11,"ILKODU":22,"ILCEKODU":1295,"HAVZA_ID":1,"entityId":"14","entityType":"hesStations","id":"14","name":"TAHLİYE KANALI","stationId":12001084,"basinId":1,"status":"no_data","color":"#94a3b8","radius":7}},{"type":"Feature","id":"15","geometry":{"type":"Point","coordinates":[29.776110000000074,41.07639000000006]},"properties":{"OBJECTID":15,"IstNo":12002004,"SuAdi":"GÖKSU D.","IstAdi":"GÖKSU","BolgeNo":14,"ILKODU":34,"ILCEKODU":1659,"HAVZA_ID":2,"entityId":"15","entityType":"hesStations","id":"15","name":"GÖKSU","stationId":12002004,"basinId":2,"status":"no_data","color":"#94a3b8","radius":7}},{"type":"Feature","id":"16","geometry":{"type":"Point","coordinates":[29.96861000000007,40.691940000000045]},"properties":{"OBJECTID":16,"IstNo":12002006,"SuAdi":"KİRAZ D.","IstAdi":"YUVACIK","BolgeNo":1,"ILKODU":41,"ILCEKODU":2058,"HAVZA_ID":2,"entityId":"16","entityType":"hesStations","id":"16","name":"YUVACIK","stationId":12002006,"basinId":2,"status":"no_data","color":"#94a3b8","radius":7}},{"type":"Feature","id":"17","geometry":{"type":"Point","coordinates":[27.214450000000056,40.17194000000006]},"properties":{"OBJECTID":17,"IstNo":12002010,"SuAdi":"KOCABAŞ Ç.","IstAdi":"AKKAYRAK","BolgeNo":25,"ILKODU":17,"ILCEKODU":1190,"HAVZA_ID":2,"entityId":"17","entityType":"hesStations","id":"17","name":"AKKAYRAK","stationId":12002010,"basinId":2,"status":"no_data","color":"#94a3b8","radius":7}},{"type":"Feature","id":"18","geometry":{"type":"Point","coordinates":[28.312440000000038,41.37925000000007]},"properties":{"OBJECTID":18,"IstNo":12002028,"SuAdi":"ISTIRANCA D.","IstAdi":"KARAMANDERE","BolgeNo":14,"ILKODU":34,"ILCEKODU":1237,"HAVZA_ID":2,"entityId":"18","entityType":"hesStations","id":"18","name":"KARAMANDERE","stationId":12002028,"basinId":2,"status":"no_data","color":"#94a3b8","radius":7}},{"type":"Feature","id":"19","geometry":{"type":"Point","coordinates":[29.67972000000003,40.46639000000005]},"properties":{"OBJECTID":19,"IstNo":12002031,"SuAdi":"KARADERE","IstAdi":"ÇAKIRCA","BolgeNo":1,"ILKODU":16,"ILCEKODU":1420,"HAVZA_ID":2,"entityId":"19","entityType":"hesStations","id":"19","name":"ÇAKIRCA","stationId":12002031,"basinId":2,"status":"no_data","color":"#94a3b8","radius":7}},{"type":"Feature","id":"20","geometry":{"type":"Point","coordinates":[29.507220000000075,40.67861000000005]},"properties":{"OBJECTID":20,"IstNo":12002041,"SuAdi":"YALAK D.","IstAdi":"AYAZMA","BolgeNo":1,"ILKODU":41,"ILCEKODU":2019,"HAVZA_ID":2,"entityId":"20","entityType":"hesStations","id":"20","name":"AYAZMA","stationId":12002041,"basinId":2,"status":"no_data","color":"#94a3b8","radius":7}},{"type":"Feature","id":"21","geometry":{"type":"Point","coordinates":[28.852850000000046,41.163200000000074]},"properties":{"OBJECTID":21,"IstNo":12002047,"SuAdi":"MOLOVA D.","IstAdi":"PİRİNÇCİKÖY","BolgeNo":14,"ILKODU":34,"ILCEKODU":1325,"HAVZA_ID":2,"entityId":"21","entityType":"hesStations","id":"21","name":"PİRİNÇCİKÖY","stationId":12002047,"basinId":2,"status":"no_data","color":"#94a3b8","radius":7}},{"type":"Feature","id":"22","geometry":{"type":"Point","coordinates":[29.469570000000033,41.05134000000004]},"properties":{"OBJECTID":22,"IstNo":12002055,"SuAdi":"OZAN D.","IstAdi":"BIÇKIDERE","BolgeNo":14,"ILKODU":34,"ILCEKODU":1659,"HAVZA_ID":2,"entityId":"22","entityType":"hesStations","id":"22","name":"BIÇKIDERE","stationId":12002055,"basinId":2,"status":"no_data","color":"#94a3b8","radius":7}},{"type":"Feature","id":"23","geometry":{"type":"Point","coordinates":[27.883330000000058,41.68333000000007]},"properties":{"OBJECTID":23,"IstNo":12002057,"SuAdi":"PAPUÇ D.","IstAdi":"KIZILAĞAÇ","BolgeNo":11,"ILKODU":39,"ILCEKODU":1714,"HAVZA_ID":2,"entityId":"23","entityType":"hesStations","id":"23","name":"KIZILAĞAÇ","stationId":12002057,"basinId":2,"status":"no_data","color":"#94a3b8","radius":7}},{"type":"Feature","id":"24","geometry":{"type":"Point","coordinates":[26.58167000000003,40.05778000000004]},"properties":{"OBJECTID":24,"IstNo":12002065,"SuAdi":"SARİÇAY","IstAdi":"NİSANKAYA","BolgeNo":25,"ILKODU":17,"ILCEKODU":1230,"HAVZA_ID":2,"entityId":"24","entityType":"hesStations","id":"24","name":"NİSANKAYA","stationId":12002065,"basinId":2,"status":"no_data","color":"#94a3b8","radius":7}},{"type":"Feature","id":"25","geometry":{"type":"Point","coordinates":[29.226110000000062,40.577780000000075]},"properties":{"OBJECTID":25,"IstNo":12002077,"SuAdi":"SAFRAN D.","IstAdi":"KURTKÖY","BolgeNo":1,"ILKODU":77,"ILCEKODU":1716,"HAVZA_ID":2,"entityId":"25","entityType":"hesStations","id":"25","name":"KURTKÖY","stationId":12002077,"basinId":2,"status":"no_data","color":"#94a3b8","radius":7}},{"type":"Feature","id":"26","geometry":{"type":"Point","coordinates":[27.099450000000047,39.81722000000008]},"properties":{"OBJECTID":26,"IstNo":12002084,"SuAdi":"KOCAÇAY","IstAdi":"AŞAĞIÇAVUŞ","BolgeNo":25,"ILKODU":17,"ILCEKODU":1722,"HAVZA_ID":2,"entityId":"26","entityType":"hesStations","id":"26","name":"AŞAĞIÇAVUŞ","stationId":12002084,"basinId":2,"status":"no_data","color":"#94a3b8","radius":7}},{"type":"Feature","id":"27","geometry":{"type":"Point","coordinates":[26.94500000000005,39.95222000000007]},"properties":{"OBJECTID":27,"IstNo":12002085,"SuAdi":"KOCABAŞ Ç.","IstAdi":"UZUNALAN","BolgeNo":25,"ILKODU":17,"ILCEKODU":1229,"HAVZA_ID":2,"entityId":"27","entityType":"hesStations","id":"27","name":"UZUNALAN","stationId":12002085,"basinId":2,"status":"no_data","color":"#94a3b8","radius":7}},{"type":"Feature","id":"28","geometry":{"type":"Point","coordinates":[29.087780000000066,40.47944000000007]},"properties":{"OBJECTID":28,"IstNo":12002088,"SuAdi":"BÜYÜKKUMLA D.","IstAdi":"KÖPRÜ","BolgeNo":1,"ILKODU":16,"ILCEKODU":1343,"HAVZA_ID":2,"entityId":"28","entityType":"hesStations","id":"28","name":"KÖPRÜ","stationId":12002088,"basinId":2,"status":"no_data","color":"#94a3b8","radius":7}},{"type":"Feature","id":"29","geometry":{"type":"Point","coordinates":[28.96667000000008,40.46667000000008]},"properties":{"OBJECTID":29,"IstNo":12002092,"SuAdi":"YAMANDERE","IstAdi":"KAPAKLI","BolgeNo":1,"ILKODU":77,"ILCEKODU":2020,"HAVZA_ID":2,"entityId":"29","entityType":"hesStations","id":"29","name":"KAPAKLI","stationId":12002092,"basinId":2,"status":"no_data","color":"#94a3b8","radius":7}},{"type":"Feature","id":"30","geometry":{"type":"Point","coordinates":[30.175340000000062,41.09159000000005]},"properties":{"OBJECTID":30,"IstNo":12002098,"SuAdi":"YULAFLI D.","IstAdi":"ALAYBEY","BolgeNo":14,"ILKODU":41,"ILCEKODU":1430,"HAVZA_ID":2,"entityId":"30","entityType":"hesStations","id":"30","name":"ALAYBEY","stationId":12002098,"basinId":2,"status":"no_data","color":"#94a3b8","radius":7}},{"type":"Feature","id":"31","geometry":{"type":"Point","coordinates":[30.020400000000052,41.116220000000055]},"properties":{"OBJECTID":31,"IstNo":12002100,"SuAdi":"KURUDERE","IstAdi":"PARGALI","BolgeNo":14,"ILKODU":41,"ILCEKODU":1430,"HAVZA_ID":2,"entityId":"31","entityType":"hesStations","id":"31","name":"PARGALI","stationId":12002100,"basinId":2,"status":"no_data","color":"#94a3b8","radius":7}},{"type":"Feature","id":"32","geometry":{"type":"Point","coordinates":[29.899370000000033,41.09233000000006]},"properties":{"OBJECTID":32,"IstNo":12002101,"SuAdi":"YILGIN D.","IstAdi":"ÇELEBİKÖY","BolgeNo":14,"ILKODU":34,"ILCEKODU":1659,"HAVZA_ID":2,"entityId":"32","entityType":"hesStations","id":"32","name":"ÇELEBİKÖY","stationId":12002101,"basinId":2,"status":"no_data","color":"#94a3b8","radius":7}},{"type":"Feature","id":"33","geometry":{"type":"Point","coordinates":[29.689280000000053,41.142220000000066]},"properties":{"OBJECTID":33,"IstNo":12002102,"SuAdi":"KABAKÖZ D.","IstAdi":"KABAKÖZ","BolgeNo":14,"ILKODU":34,"ILCEKODU":1659,"HAVZA_ID":2,"entityId":"33","entityType":"hesStations","id":"33","name":"KABAKÖZ","stationId":12002102,"basinId":2,"status":"no_data","color":"#94a3b8","radius":7}},{"type":"Feature","id":"34","geometry":{"type":"Point","coordinates":[30.246680000000026,41.144490000000076]},"properties":{"OBJECTID":34,"IstNo":12002104,"SuAdi":"KUMCAĞIZ D.","IstAdi":"KEFKEN","BolgeNo":14,"ILKODU":41,"ILCEKODU":1430,"HAVZA_ID":2,"entityId":"34","entityType":"hesStations","id":"34","name":"KEFKEN","stationId":12002104,"basinId":2,"status":"no_data","color":"#94a3b8","radius":7}},{"type":"Feature","id":"35","geometry":{"type":"Point","coordinates":[28.523610000000076,41.18500000000006]},"properties":{"OBJECTID":35,"IstNo":12002116,"SuAdi":"SARISU D.","IstAdi":"İZZETTİN","BolgeNo":14,"ILKODU":34,"ILCEKODU":1237,"HAVZA_ID":2,"entityId":"35","entityType":"hesStations","id":"35","name":"İZZETTİN","stationId":12002116,"basinId":2,"status":"no_data","color":"#94a3b8","radius":7}},{"type":"Feature","id":"36","geometry":{"type":"Point","coordinates":[28.498890000000074,41.10278000000005]},"properties":{"OBJECTID":36,"IstNo":12002117,"SuAdi":"ÇAKIL D.","IstAdi":"AHMEDİYE","BolgeNo":14,"ILKODU":34,"ILCEKODU":1237,"HAVZA_ID":2,"entityId":"36","entityType":"hesStations","id":"36","name":"AHMEDİYE","stationId":12002117,"basinId":2,"status":"no_data","color":"#94a3b8","radius":7}},{"type":"Feature","id":"37","geometry":{"type":"Point","coordinates":[27.55806000000007,41.89944000000003]},"properties":{"OBJECTID":37,"IstNo":12002119,"SuAdi":"VELİKA D.","IstAdi":"ARMUTVEREN","BolgeNo":11,"ILKODU":39,"ILCEKODU":1270,"HAVZA_ID":2,"entityId":"37","entityType":"hesStations","id":"37","name":"ARMUTVEREN","stationId":12002119,"basinId":2,"status":"no_data","color":"#94a3b8","radius":7}},{"type":"Feature","id":"38","geometry":{"type":"Point","coordinates":[29.181670000000054,40.37500000000006]},"properties":{"OBJECTID":38,"IstNo":12002123,"SuAdi":"KOCADERE","IstAdi":"MURATOBA","BolgeNo":1,"ILKODU":16,"ILCEKODU":1343,"HAVZA_ID":2,"entityId":"38","entityType":"hesStations","id":"38","name":"MURATOBA","stationId":12002123,"basinId":2,"status":"no_data","color":"#94a3b8","radius":7}},{"type":"Feature","id":"39","geometry":{"type":"Point","coordinates":[29.179170000000056,40.59111000000007]},"properties":{"OBJECTID":39,"IstNo":12002125,"SuAdi":"SELLİMANDIRA D.","IstAdi":"GÖKÇE BRJ.GİRİŞ","BolgeNo":1,"ILKODU":77,"ILCEKODU":2026,"HAVZA_ID":2,"entityId":"39","entityType":"hesStations","id":"39","name":"GÖKÇE BRJ.GİRİŞ","stationId":12002125,"basinId":2,"status":"no_data","color":"#94a3b8","radius":7}},{"type":"Feature","id":"40","geometry":{"type":"Point","coordinates":[27.298610000000053,39.773060000000044]},"properties":{"OBJECTID":40,"IstNo":12002129,"SuAdi":"KARANLIK D.","IstAdi":"KIRIKLAR","BolgeNo":25,"ILKODU":17,"ILCEKODU":1722,"HAVZA_ID":2,"entityId":"40","entityType":"hesStations","id":"40","name":"KIRIKLAR","stationId":12002129,"basinId":2,"status":"no_data","color":"#94a3b8","radius":7}},{"type":"Feature","id":"41","geometry":{"type":"Point","coordinates":[29.48667000000006,40.61528000000004]},"properties":{"OBJECTID":41,"IstNo":12002133,"SuAdi":"YAĞCIDERE","IstAdi":"SEMETLER","BolgeNo":1,"ILKODU":41,"ILCEKODU":2019,"HAVZA_ID":2,"entityId":"41","entityType":"hesStations","id":"41","name":"SEMETLER","stationId":12002133,"basinId":2,"status":"no_data","color":"#94a3b8","radius":7}},{"type":"Feature","id":"42","geometry":{"type":"Point","coordinates":[29.474720000000048,40.650000000000034]},"properties":{"OBJECTID":42,"IstNo":12002134,"SuAdi":"KARADERE","IstAdi":"KARADERE KÖYÜ","BolgeNo":1,"ILKODU":41,"ILCEKODU":2019,"HAVZA_ID":2,"entityId":"42","entityType":"hesStations","id":"42","name":"KARADERE KÖYÜ","stationId":12002134,"basinId":2,"status":"no_data","color":"#94a3b8","radius":7}},{"type":"Feature","id":"43","geometry":{"type":"Point","coordinates":[29.580550000000073,40.60056000000003]},"properties":{"OBJECTID":43,"IstNo":12002135,"SuAdi":"AVCIDERE","IstAdi":"AVCIKÖY","BolgeNo":1,"ILKODU":41,"ILCEKODU":1440,"HAVZA_ID":2,"entityId":"43","entityType":"hesStations","id":"43","name":"AVCIKÖY","stationId":12002135,"basinId":2,"status":"no_data","color":"#94a3b8","radius":7}},{"type":"Feature","id":"44","geometry":{"type":"Point","coordinates":[28.976140000000044,41.082760000000064]},"properties":{"OBJECTID":44,"IstNo":12002136,"SuAdi":"KAĞITHANE D.","IstAdi":"KAĞITHANE","BolgeNo":14,"ILKODU":34,"ILCEKODU":1810,"HAVZA_ID":2,"entityId":"44","entityType":"hesStations","id":"44","name":"KAĞITHANE","stationId":12002136,"basinId":2,"status":"no_data","color":"#94a3b8","radius":7}},{"type":"Feature","id":"45","geometry":{"type":"Point","coordinates":[27.32611000000003,39.83417000000003]},"properties":{"OBJECTID":45,"IstNo":12002138,"SuAdi":"GÖNEN Ç.","IstAdi":"BAYATLAR","BolgeNo":25,"ILKODU":17,"ILCEKODU":1722,"HAVZA_ID":2,"entityId":"45","entityType":"hesStations","id":"45","name":"BAYATLAR","stationId":12002138,"basinId":2,"status":"no_data","color":"#94a3b8","radius":7}},{"type":"Feature","id":"46","geometry":{"type":"Point","coordinates":[29.514720000000068,41.121110000000044]},"properties":{"OBJECTID":46,"IstNo":12002140,"SuAdi":"YEŞİL D.","IstAdi":"KALEDİBİ","BolgeNo":14,"ILKODU":34,"ILCEKODU":1659,"HAVZA_ID":2,"entityId":"46","entityType":"hesStations","id":"46","name":"KALEDİBİ","stationId":12002140,"basinId":2,"status":"no_data","color":"#94a3b8","radius":7}},{"type":"Feature","id":"47","geometry":{"type":"Point","coordinates":[27.850000000000023,41.63334000000003]},"properties":{"OBJECTID":47,"IstNo":12002143,"SuAdi":"KAZANDERE","IstAdi":"KÜÇÜKYAYLA","BolgeNo":11,"ILKODU":39,"ILCEKODU":1714,"HAVZA_ID":2,"entityId":"47","entityType":"hesStations","id":"47","name":"KÜÇÜKYAYLA","stationId":12002143,"basinId":2,"status":"no_data","color":"#94a3b8","radius":7}},{"type":"Feature","id":"48","geometry":{"type":"Point","coordinates":[28.997200000000078,41.11211000000003]},"properties":{"OBJECTID":48,"IstNo":12002146,"SuAdi":"AYAZAĞA D.","IstAdi":"AYAZAĞA","BolgeNo":14,"ILKODU":34,"ILCEKODU":1604,"HAVZA_ID":2,"entityId":"48","entityType":"hesStations","id":"48","name":"AYAZAĞA","stationId":12002146,"basinId":2,"status":"no_data","color":"#94a3b8","radius":7}},{"type":"Feature","id":"49","geometry":{"type":"Point","coordinates":[29.852230000000077,41.07217000000003]},"properties":{"OBJECTID":49,"IstNo":12002149,"SuAdi":"ÇANAKDERE","IstAdi":"SUNGURLU","BolgeNo":14,"ILKODU":34,"ILCEKODU":1659,"HAVZA_ID":2,"entityId":"49","entityType":"hesStations","id":"49","name":"SUNGURLU","stationId":12002149,"basinId":2,"status":"no_data","color":"#94a3b8","radius":7}},{"type":"Feature","id":"50","geometry":{"type":"Point","coordinates":[27.984170000000063,41.61611000000005]},"properties":{"OBJECTID":50,"IstNo":12002150,"SuAdi":"YENE SUYU","IstAdi":"BALKAYA","BolgeNo":11,"ILKODU":39,"ILCEKODU":1714,"HAVZA_ID":2,"entityId":"50","entityType":"hesStations","id":"50","name":"BALKAYA","stationId":12002150,"basinId":2,"status":"no_data","color":"#94a3b8","radius":7}},{"type":"Feature","id":"51","geometry":{"type":"Point","coordinates":[27.18694000000005,42.01194000000004]},"properties":{"OBJECTID":51,"IstNo":12002156,"SuAdi":"KURUDERE","IstAdi":"AHMETLER","BolgeNo":11,"ILKODU":39,"ILCEKODU":1480,"HAVZA_ID":2,"entityId":"51","entityType":"hesStations","id":"51","name":"AHMETLER","stationId":12002156,"basinId":2,"status":"no_data","color":"#94a3b8","radius":7}},{"type":"Feature","id":"52","geometry":{"type":"Point","coordinates":[29.61833000000007,41.115000000000066]},"properties":{"OBJECTID":52,"IstNo":12002157,"SuAdi":"İMREN D.","IstAdi":"OVACIK","BolgeNo":14,"ILKODU":34,"ILCEKODU":1659,"HAVZA_ID":2,"entityId":"52","entityType":"hesStations","id":"52","name":"OVACIK","stationId":12002157,"basinId":2,"status":"no_data","color":"#94a3b8","radius":7}},{"type":"Feature","id":"53","geometry":{"type":"Point","coordinates":[28.189440000000047,41.141110000000026]},"properties":{"OBJECTID":53,"IstNo":12002158,"SuAdi":"KOVA D.","IstAdi":"BÜYÜK KILIÇLI","BolgeNo":14,"ILKODU":34,"ILCEKODU":1622,"HAVZA_ID":2,"entityId":"53","entityType":"hesStations","id":"53","name":"BÜYÜK KILIÇLI","stationId":12002158,"basinId":2,"status":"no_data","color":"#94a3b8","radius":7}},{"type":"Feature","id":"54","geometry":{"type":"Point","coordinates":[29.42667000000006,40.59972000000005]},"properties":{"OBJECTID":54,"IstNo":12002162,"SuAdi":"BURHANİYE DERESİ","IstAdi":"ÇUKUR KÖY","BolgeNo":1,"ILKODU":41,"ILCEKODU":2022,"HAVZA_ID":2,"entityId":"54","entityType":"hesStations","id":"54","name":"ÇUKUR KÖY","stationId":12002162,"basinId":2,"status":"no_data","color":"#94a3b8","radius":7}},{"type":"Feature","id":"55","geometry":{"type":"Point","coordinates":[28.916940000000068,40.58167000000003]},"properties":{"OBJECTID":55,"IstNo":12002163,"SuAdi":"ÇALDERE","IstAdi":"ESENKÖY","BolgeNo":1,"ILKODU":77,"ILCEKODU":2021,"HAVZA_ID":2,"entityId":"55","entityType":"hesStations","id":"55","name":"ESENKÖY","stationId":12002163,"basinId":2,"status":"no_data","color":"#94a3b8","radius":7}},{"type":"Feature","id":"56","geometry":{"type":"Point","coordinates":[29.761670000000038,40.56250000000006]},"properties":{"OBJECTID":56,"IstNo":12002164,"SuAdi":"KARADERE","IstAdi":"TACİR","BolgeNo":1,"ILKODU":16,"ILCEKODU":1420,"HAVZA_ID":2,"entityId":"56","entityType":"hesStations","id":"56","name":"TACİR","stationId":12002164,"basinId":2,"status":"no_data","color":"#94a3b8","radius":7}},{"type":"Feature","id":"57","geometry":{"type":"Point","coordinates":[29.816940000000045,41.14000000000004]},"properties":{"OBJECTID":57,"IstNo":12002165,"SuAdi":"HAYDARLI D.","IstAdi":"KURFALLI","BolgeNo":14,"ILKODU":34,"ILCEKODU":1659,"HAVZA_ID":2,"entityId":"57","entityType":"hesStations","id":"57","name":"KURFALLI","stationId":12002165,"basinId":2,"status":"no_data","color":"#94a3b8","radius":7}},{"type":"Feature","id":"58","geometry":{"type":"Point","coordinates":[28.45917000000003,41.16361000000006]},"properties":{"OBJECTID":58,"IstNo":12002166,"SuAdi":"KARASU D.","IstAdi":"KALEİÇİ","BolgeNo":14,"ILKODU":34,"ILCEKODU":1237,"HAVZA_ID":2,"entityId":"58","entityType":"hesStations","id":"58","name":"KALEİÇİ","stationId":12002166,"basinId":2,"status":"no_data","color":"#94a3b8","radius":7}},{"type":"Feature","id":"59","geometry":{"type":"Point","coordinates":[29.162220000000048,41.21167000000003]},"properties":{"OBJECTID":59,"IstNo":12002167,"SuAdi":"HALAYIK D.","IstAdi":"ANADOLU FENERİ","BolgeNo":14,"ILKODU":34,"ILCEKODU":1185,"HAVZA_ID":2,"entityId":"59","entityType":"hesStations","id":"59","name":"ANADOLU FENERİ","stationId":12002167,"basinId":2,"status":"no_data","color":"#94a3b8","radius":7}},{"type":"Feature","id":"60","geometry":{"type":"Point","coordinates":[29.013060000000053,40.625560000000064]},"properties":{"OBJECTID":60,"IstNo":12002168,"SuAdi":"KARACAKAYA D.","IstAdi":"ŞENKÖY","BolgeNo":1,"ILKODU":77,"ILCEKODU":2021,"HAVZA_ID":2,"entityId":"60","entityType":"hesStations","id":"60","name":"ŞENKÖY","stationId":12002168,"basinId":2,"status":"no_data","color":"#94a3b8","radius":7}},{"type":"Feature","id":"61","geometry":{"type":"Point","coordinates":[29.771390000000054,41.13805000000008]},"properties":{"OBJECTID":61,"IstNo":12002169,"SuAdi":"MEŞE D.","IstAdi":"BOZGOCA","BolgeNo":14,"ILKODU":34,"ILCEKODU":1659,"HAVZA_ID":2,"entityId":"61","entityType":"hesStations","id":"61","name":"BOZGOCA","stationId":12002169,"basinId":2,"status":"no_data","color":"#94a3b8","radius":7}},{"type":"Feature","id":"62","geometry":{"type":"Point","coordinates":[28.13250000000005,41.10917000000006]},"properties":{"OBJECTID":62,"IstNo":12002170,"SuAdi":"TATLI DERE","IstAdi":"ÇELTİK","BolgeNo":14,"ILKODU":34,"ILCEKODU":1622,"HAVZA_ID":2,"entityId":"62","entityType":"hesStations","id":"62","name":"ÇELTİK","stationId":12002170,"basinId":2,"status":"no_data","color":"#94a3b8","radius":7}},{"type":"Feature","id":"63","geometry":{"type":"Point","coordinates":[29.725430000000074,41.137740000000065]},"properties":{"OBJECTID":63,"IstNo":12002171,"SuAdi":"MAHMUT DERE","IstAdi":"AKÇAKESE","BolgeNo":14,"ILKODU":34,"ILCEKODU":1659,"HAVZA_ID":2,"entityId":"63","entityType":"hesStations","id":"63","name":"AKÇAKESE","stationId":12002171,"basinId":2,"status":"no_data","color":"#94a3b8","radius":7}},{"type":"Feature","id":"64","geometry":{"type":"Point","coordinates":[27.222500000000025,40.78583000000003]},"properties":{"OBJECTID":64,"IstNo":12002172,"SuAdi":"DOLAPDERE","IstAdi":"ORMANLI","BolgeNo":11,"ILKODU":59,"ILCEKODU":1652,"HAVZA_ID":2,"entityId":"64","entityType":"hesStations","id":"64","name":"ORMANLI","stationId":12002172,"basinId":2,"status":"no_data","color":"#94a3b8","radius":7}},{"type":"Feature","id":"65","geometry":{"type":"Point","coordinates":[28.30111000000005,41.37667000000005]},"properties":{"OBJECTID":65,"IstNo":12002174,"SuAdi":"MANDIRA DERE","IstAdi":"KARAMANDERE","BolgeNo":14,"ILKODU":34,"ILCEKODU":1237,"HAVZA_ID":2,"entityId":"65","entityType":"hesStations","id":"65","name":"KARAMANDERE","stationId":12002174,"basinId":2,"status":"no_data","color":"#94a3b8","radius":7}},{"type":"Feature","id":"66","geometry":{"type":"Point","coordinates":[28.721110000000067,41.16611000000006]},"properties":{"OBJECTID":66,"IstNo":12002176,"SuAdi":"DOMUZDERE","IstAdi":"HACIMAŞLI","BolgeNo":14,"ILKODU":34,"ILCEKODU":2048,"HAVZA_ID":2,"entityId":"66","entityType":"hesStations","id":"66","name":"HACIMAŞLI","stationId":12002176,"basinId":2,"status":"no_data","color":"#94a3b8","radius":7}},{"type":"Feature","id":"67","geometry":{"type":"Point","coordinates":[28.367500000000064,41.42222000000004]},"properties":{"OBJECTID":67,"IstNo":12002177,"SuAdi":"KARASU DERE","IstAdi":"KARACAKÖY","BolgeNo":14,"ILKODU":34,"ILCEKODU":1237,"HAVZA_ID":2,"entityId":"67","entityType":"hesStations","id":"67","name":"KARACAKÖY","stationId":12002177,"basinId":2,"status":"no_data","color":"#94a3b8","radius":7}},{"type":"Feature","id":"68","geometry":{"type":"Point","coordinates":[28.565000000000055,39.91417000000007]},"properties":{"OBJECTID":68,"IstNo":12003004,"SuAdi":"ALİOVA Ç.","IstAdi":"DEVECİ KONAĞI","BolgeNo":1,"ILKODU":16,"ILCEKODU":1535,"HAVZA_ID":3,"entityId":"68","entityType":"hesStations","id":"68","name":"DEVECİ KONAĞI","stationId":12003004,"basinId":3,"status":"no_data","color":"#94a3b8","radius":7}},{"type":"Feature","id":"69","geometry":{"type":"Point","coordinates":[27.54586000000006,39.61478000000005]},"properties":{"OBJECTID":69,"IstNo":12003008,"SuAdi":"MADRA Ç.","IstAdi":"KAHVE","BolgeNo":25,"ILKODU":10,"ILCEKODU":1418,"HAVZA_ID":3,"entityId":"69","entityType":"hesStations","id":"69","name":"KAHVE","stationId":12003008,"basinId":3,"status":"no_data","color":"#94a3b8","radius":7}},{"type":"Feature","id":"70","geometry":{"type":"Point","coordinates":[27.928310000000067,39.504270000000076]},"properties":{"OBJECTID":70,"IstNo":12003013,"SuAdi":"KİLLE Ç.","IstAdi":"İKİZCETEPELER","BolgeNo":25,"ILKODU":10,"ILCEKODU":2077,"HAVZA_ID":3,"entityId":"70","entityType":"hesStations","id":"70","name":"İKİZCETEPELER","stationId":12003013,"basinId":3,"status":"no_data","color":"#94a3b8","radius":7}},{"type":"Feature","id":"71","geometry":{"type":"Point","coordinates":[27.925830000000076,39.58445000000006]},"properties":{"OBJECTID":71,"IstNo":12003021,"SuAdi":"ÜZÜMCÜ Ç.","IstAdi":"KÜÇÜK BOSTANCI","BolgeNo":25,"ILKODU":10,"ILCEKODU":2077,"HAVZA_ID":3,"entityId":"71","entityType":"hesStations","id":"71","name":"KÜÇÜK BOSTANCI","stationId":12003021,"basinId":3,"status":"no_data","color":"#94a3b8","radius":7}},{"type":"Feature","id":"72","geometry":{"type":"Point","coordinates":[28.123330000000067,39.22306000000003]},"properties":{"OBJECTID":72,"IstNo":12003025,"SuAdi":"CÜNEYT Ç.","IstAdi":"CÜNEYT KÖPRÜSÜ","BolgeNo":25,"ILKODU":10,"ILCEKODU":1619,"HAVZA_ID":3,"entityId":"72","entityType":"hesStations","id":"72","name":"CÜNEYT KÖPRÜSÜ","stationId":12003025,"basinId":3,"status":"no_data","color":"#94a3b8","radius":7}},{"type":"Feature","id":"73","geometry":{"type":"Point","coordinates":[29.317800000000034,40.221790000000055]},"properties":{"OBJECTID":73,"IstNo":12003027,"SuAdi":"GÖLBAŞI G.","IstAdi":"ÇIKIŞ","BolgeNo":1,"ILKODU":16,"ILCEKODU":1960,"HAVZA_ID":3,"entityId":"73","entityType":"hesStations","id":"73","name":"ÇIKIŞ","stationId":12003027,"basinId":3,"status":"no_data","color":"#94a3b8","radius":7}},{"type":"Feature","id":"74","geometry":{"type":"Point","coordinates":[29.31194000000005,40.208330000000046]},"properties":{"OBJECTID":74,"IstNo":12003028,"SuAdi":"AKSU D.","IstAdi":"GÖLBAŞI GÖLÜ GİRİŞ","BolgeNo":1,"ILKODU":16,"ILCEKODU":1960,"HAVZA_ID":3,"entityId":"74","entityType":"hesStations","id":"74","name":"GÖLBAŞI GÖLÜ GİRİŞ","stationId":12003028,"basinId":3,"status":"no_data","color":"#94a3b8","radius":7}},{"type":"Feature","id":"75","geometry":{"type":"Point","coordinates":[28.32444000000004,39.25861000000003]},"properties":{"OBJECTID":75,"IstNo":12003034,"SuAdi":"SİMAV Ç.","IstAdi":"OSMANLAR","BolgeNo":25,"ILKODU":10,"ILCEKODU":1619,"HAVZA_ID":3,"entityId":"75","entityType":"hesStations","id":"75","name":"OSMANLAR","stationId":12003034,"basinId":3,"status":"no_data","color":"#94a3b8","radius":7}},{"type":"Feature","id":"76","geometry":{"type":"Point","coordinates":[29.148610000000076,40.122780000000034]},"properties":{"OBJECTID":76,"IstNo":12003038,"SuAdi":"KIRKPINARLAR D.","IstAdi":"ULUDAĞ","BolgeNo":1,"ILKODU":16,"ILCEKODU":1832,"HAVZA_ID":3,"entityId":"76","entityType":"hesStations","id":"76","name":"ULUDAĞ","stationId":12003038,"basinId":3,"status":"no_data","color":"#94a3b8","radius":7}},{"type":"Feature","id":"77","geometry":{"type":"Point","coordinates":[29.00139000000007,40.08528000000007]},"properties":{"OBJECTID":77,"IstNo":12003044,"SuAdi":"NİLÜFER Ç.","IstAdi":"SELAHATTİN SAYGI BRJ.GİRİŞ","BolgeNo":1,"ILKODU":16,"ILCEKODU":1832,"HAVZA_ID":3,"entityId":"77","entityType":"hesStations","id":"77","name":"SELAHATTİN SAYGI BRJ.GİRİŞ","stationId":12003044,"basinId":3,"status":"no_data","color":"#94a3b8","radius":7}},{"type":"Feature","id":"78","geometry":{"type":"Point","coordinates":[29.000000000000057,39.816670000000045]},"properties":{"OBJECTID":78,"IstNo":12003049,"SuAdi":"CUMA D.","IstAdi":"CUMAYERİ","BolgeNo":1,"ILKODU":16,"ILCEKODU":1553,"HAVZA_ID":3,"entityId":"78","entityType":"hesStations","id":"78","name":"CUMAYERİ","stationId":12003049,"basinId":3,"status":"no_data","color":"#94a3b8","radius":7}},{"type":"Feature","id":"79","geometry":{"type":"Point","coordinates":[27.95583000000005,39.717220000000054]},"properties":{"OBJECTID":79,"IstNo":12003051,"SuAdi":"KÖTEYLİ D.","IstAdi":"DEĞİRMENBOĞAZI","BolgeNo":25,"ILKODU":10,"ILCEKODU":2078,"HAVZA_ID":3,"entityId":"79","entityType":"hesStations","id":"79","name":"DEĞİRMENBOĞAZI","stationId":12003051,"basinId":3,"status":"no_data","color":"#94a3b8","radius":7}},{"type":"Feature","id":"80","geometry":{"type":"Point","coordinates":[28.727780000000052,39.62639000000007]},"properties":{"OBJECTID":80,"IstNo":12003052,"SuAdi":"DURSUNBEY Ç.","IstAdi":"SİNDERLER","BolgeNo":25,"ILKODU":10,"ILCEKODU":1291,"HAVZA_ID":3,"entityId":"80","entityType":"hesStations","id":"80","name":"SİNDERLER","stationId":12003052,"basinId":3,"status":"no_data","color":"#94a3b8","radius":7}},{"type":"Feature","id":"81","geometry":{"type":"Point","coordinates":[29.033330000000035,40.05000000000007]},"properties":{"OBJECTID":81,"IstNo":12003054,"SuAdi":"NİLÜFER Ç.","IstAdi":"GÜNEYBAYIR","BolgeNo":1,"ILKODU":16,"ILCEKODU":1832,"HAVZA_ID":3,"entityId":"81","entityType":"hesStations","id":"81","name":"GÜNEYBAYIR","stationId":12003054,"basinId":3,"status":"no_data","color":"#94a3b8","radius":7}},{"type":"Feature","id":"82","geometry":{"type":"Point","coordinates":[28.283330000000035,40.283330000000035]},"properties":{"OBJECTID":82,"IstNo":12003064,"SuAdi":"GÖLECİK D.","IstAdi":"GÖLECİK","BolgeNo":1,"ILKODU":16,"ILCEKODU":1434,"HAVZA_ID":3,"entityId":"82","entityType":"hesStations","id":"82","name":"GÖLECİK","stationId":12003064,"basinId":3,"status":"no_data","color":"#94a3b8","radius":7}},{"type":"Feature","id":"83","geometry":{"type":"Point","coordinates":[28.038610000000062,40.06805000000003]},"properties":{"OBJECTID":83,"IstNo":12003067,"SuAdi":"MÜRVETLER D.","IstAdi":"MÜRVETLER SOL ANAKANAL","BolgeNo":25,"ILKODU":10,"ILCEKODU":1514,"HAVZA_ID":3,"entityId":"83","entityType":"hesStations","id":"83","name":"MÜRVETLER SOL ANAKANAL","stationId":12003067,"basinId":3,"status":"no_data","color":"#94a3b8","radius":7}},{"type":"Feature","id":"84","geometry":{"type":"Point","coordinates":[28.968060000000037,40.121110000000044]},"properties":{"OBJECTID":84,"IstNo":12003075,"SuAdi":"NİLÜFER Ç.","IstAdi":"DOĞANCI BRJ.ÇIKIŞ","BolgeNo":1,"ILKODU":16,"ILCEKODU":1832,"HAVZA_ID":3,"entityId":"84","entityType":"hesStations","id":"84","name":"DOĞANCI BRJ.ÇIKIŞ","stationId":12003075,"basinId":3,"status":"no_data","color":"#94a3b8","radius":7}},{"type":"Feature","id":"85","geometry":{"type":"Point","coordinates":[28.187500000000057,40.30472000000003]},"properties":{"OBJECTID":85,"IstNo":12003082,"SuAdi":"KOCADERE","IstAdi":"KEÇİLER","BolgeNo":1,"ILKODU":16,"ILCEKODU":1434,"HAVZA_ID":3,"entityId":"85","entityType":"hesStations","id":"85","name":"KEÇİLER","stationId":12003082,"basinId":3,"status":"no_data","color":"#94a3b8","radius":7}},{"type":"Feature","id":"86","geometry":{"type":"Point","coordinates":[28.233330000000024,39.650000000000034]},"properties":{"OBJECTID":86,"IstNo":12003084,"SuAdi":"DEĞİRMENCİK D.","IstAdi":"EYÜPBÜKÜ","BolgeNo":25,"ILKODU":10,"ILCEKODU":1462,"HAVZA_ID":3,"entityId":"86","entityType":"hesStations","id":"86","name":"EYÜPBÜKÜ","stationId":12003084,"basinId":3,"status":"no_data","color":"#94a3b8","radius":7}},{"type":"Feature","id":"87","geometry":{"type":"Point","coordinates":[28.26361000000003,39.39611000000008]},"properties":{"OBJECTID":87,"IstNo":12003086,"SuAdi":"KOCADERE","IstAdi":"ADALİ","BolgeNo":25,"ILKODU":10,"ILCEKODU":1191,"HAVZA_ID":3,"entityId":"87","entityType":"hesStations","id":"87","name":"ADALİ","stationId":12003086,"basinId":3,"status":"no_data","color":"#94a3b8","radius":7}},{"type":"Feature","id":"88","geometry":{"type":"Point","coordinates":[27.96667000000008,39.908330000000035]},"properties":{"OBJECTID":88,"IstNo":12003087,"SuAdi":"KOCABÜK D.","IstAdi":"YESİLOVA","BolgeNo":25,"ILKODU":10,"ILCEKODU":2078,"HAVZA_ID":3,"entityId":"88","entityType":"hesStations","id":"88","name":"YESİLOVA","stationId":12003087,"basinId":3,"status":"no_data","color":"#94a3b8","radius":7}},{"type":"Feature","id":"89","geometry":{"type":"Point","coordinates":[29.100000000000023,39.94695000000007]},"properties":{"OBJECTID":89,"IstNo":12003089,"SuAdi":"ORHANELİ Ç.","IstAdi":"ÇALTILIBÜK","BolgeNo":1,"ILKODU":16,"ILCEKODU":1553,"HAVZA_ID":3,"entityId":"89","entityType":"hesStations","id":"89","name":"ÇALTILIBÜK","stationId":12003089,"basinId":3,"status":"no_data","color":"#94a3b8","radius":7}},{"type":"Feature","id":"90","geometry":{"type":"Point","coordinates":[29.050000000000068,40.16667000000007]},"properties":{"OBJECTID":90,"IstNo":12003091,"SuAdi":"GÖKDERE","IstAdi":"SETBAŞI","BolgeNo":1,"ILKODU":16,"ILCEKODU":1832,"HAVZA_ID":3,"entityId":"90","entityType":"hesStations","id":"90","name":"SETBAŞI","stationId":12003091,"basinId":3,"status":"no_data","color":"#94a3b8","radius":7}},{"type":"Feature","id":"91","geometry":{"type":"Point","coordinates":[28.30750000000006,39.409170000000074]},"properties":{"OBJECTID":91,"IstNo":12003096,"SuAdi":"OBEN D.","IstAdi":"OKÇULAR","BolgeNo":25,"ILKODU":10,"ILCEKODU":1191,"HAVZA_ID":3,"entityId":"91","entityType":"hesStations","id":"91","name":"OKÇULAR","stationId":12003096,"basinId":3,"status":"no_data","color":"#94a3b8","radius":7}},{"type":"Feature","id":"92","geometry":{"type":"Point","coordinates":[29.346940000000075,39.803330000000074]},"properties":{"OBJECTID":92,"IstNo":12003102,"SuAdi":"ORHANELİ Ç.","IstAdi":"ÇAYÖREN","BolgeNo":1,"ILKODU":16,"ILCEKODU":1457,"HAVZA_ID":3,"entityId":"92","entityType":"hesStations","id":"92","name":"ÇAYÖREN","stationId":12003102,"basinId":3,"status":"no_data","color":"#94a3b8","radius":7}},{"type":"Feature","id":"93","geometry":{"type":"Point","coordinates":[28.157220000000052,40.161110000000065]},"properties":{"OBJECTID":93,"IstNo":12003115,"SuAdi":"KARADERE","IstAdi":"İSMETPAŞA","BolgeNo":1,"ILKODU":16,"ILCEKODU":1434,"HAVZA_ID":3,"entityId":"93","entityType":"hesStations","id":"93","name":"İSMETPAŞA","stationId":12003115,"basinId":3,"status":"no_data","color":"#94a3b8","radius":7}},{"type":"Feature","id":"94","geometry":{"type":"Point","coordinates":[28.731390000000033,39.69917000000004]},"properties":{"OBJECTID":94,"IstNo":12003125,"SuAdi":"EMET Ç.","IstAdi":"DÜĞÜNCÜLER","BolgeNo":1,"ILKODU":77,"ILCEKODU":1291,"HAVZA_ID":3,"entityId":"94","entityType":"hesStations","id":"94","name":"DÜĞÜNCÜLER","stationId":12003125,"basinId":3,"status":"no_data","color":"#94a3b8","radius":7}},{"type":"Feature","id":"95","geometry":{"type":"Point","coordinates":[28.12000000000006,39.458060000000046]},"properties":{"OBJECTID":95,"IstNo":12003128,"SuAdi":"SİMAV Ç.","IstAdi":"KADIKÖY KÖP.","BolgeNo":25,"ILKODU":10,"ILCEKODU":1191,"HAVZA_ID":3,"entityId":"95","entityType":"hesStations","id":"95","name":"KADIKÖY KÖP.","stationId":12003128,"basinId":3,"status":"no_data","color":"#94a3b8","radius":7}},{"type":"Feature","id":"96","geometry":{"type":"Point","coordinates":[28.63722000000007,39.504170000000045]},"properties":{"OBJECTID":96,"IstNo":12003129,"SuAdi":"DURSUNBEY Ç.","IstAdi":"AŞAĞIYAĞCILAR","BolgeNo":25,"ILKODU":10,"ILCEKODU":1291,"HAVZA_ID":3,"entityId":"96","entityType":"hesStations","id":"96","name":"AŞAĞIYAĞCILAR","stationId":12003129,"basinId":3,"status":"no_data","color":"#94a3b8","radius":7}},{"type":"Feature","id":"97","geometry":{"type":"Point","coordinates":[28.20139000000006,39.581390000000056]},"properties":{"OBJECTID":97,"IstNo":12003130,"SuAdi":"KİLLE Ç.","IstAdi":"SARIÇAYIR","BolgeNo":25,"ILKODU":10,"ILCEKODU":1462,"HAVZA_ID":3,"entityId":"97","entityType":"hesStations","id":"97","name":"SARIÇAYIR","stationId":12003130,"basinId":3,"status":"no_data","color":"#94a3b8","radius":7}},{"type":"Feature","id":"98","geometry":{"type":"Point","coordinates":[29.298330000000078,40.25528000000003]},"properties":{"OBJECTID":98,"IstNo":12003133,"SuAdi":"NARLI D.","IstAdi":"NARLIDERE KÖPRÜ","BolgeNo":1,"ILKODU":16,"ILCEKODU":1960,"HAVZA_ID":3,"entityId":"98","entityType":"hesStations","id":"98","name":"NARLIDERE KÖPRÜ","stationId":12003133,"basinId":3,"status":"no_data","color":"#94a3b8","radius":7}},{"type":"Feature","id":"99","geometry":{"type":"Point","coordinates":[28.161110000000065,39.58667000000003]},"properties":{"OBJECTID":99,"IstNo":12003135,"SuAdi":"DOMBAY D.","IstAdi":"DEDEKAŞI","BolgeNo":25,"ILKODU":10,"ILCEKODU":1462,"HAVZA_ID":3,"entityId":"99","entityType":"hesStations","id":"99","name":"DEDEKAŞI","stationId":12003135,"basinId":3,"status":"no_data","color":"#94a3b8","radius":7}},{"type":"Feature","id":"100","geometry":{"type":"Point","coordinates":[27.968890000000044,40.07528000000008]},"properties":{"OBJECTID":100,"IstNo":12003136,"SuAdi":"KOCAÇAY","IstAdi":"KAYACA","BolgeNo":25,"ILKODU":10,"ILCEKODU":1514,"HAVZA_ID":3,"entityId":"100","entityType":"hesStations","id":"100","name":"KAYACA","stationId":12003136,"basinId":3,"status":"no_data","color":"#94a3b8","radius":7}},{"type":"Feature","id":"101","geometry":{"type":"Point","coordinates":[29.201940000000036,39.99445000000003]},"properties":{"OBJECTID":101,"IstNo":12003139,"SuAdi":"NİLÜFER Ç.","IstAdi":"BARAKLI","BolgeNo":1,"ILKODU":16,"ILCEKODU":1832,"HAVZA_ID":3,"entityId":"101","entityType":"hesStations","id":"101","name":"BARAKLI","stationId":12003139,"basinId":3,"status":"no_data","color":"#94a3b8","radius":7}},{"type":"Feature","id":"102","geometry":{"type":"Point","coordinates":[28.43972000000008,39.925830000000076]},"properties":{"OBJECTID":102,"IstNo":12003144,"SuAdi":"SARP DERE","IstAdi":"AKARCA","BolgeNo":1,"ILKODU":16,"ILCEKODU":1535,"HAVZA_ID":3,"entityId":"102","entityType":"hesStations","id":"102","name":"AKARCA","stationId":12003144,"basinId":3,"status":"no_data","color":"#94a3b8","radius":7}},{"type":"Feature","id":"103","geometry":{"type":"Point","coordinates":[27.356110000000058,39.515280000000075]},"properties":{"OBJECTID":103,"IstNo":12003146,"SuAdi":"MADRA ÇAYI","IstAdi":"AYAKLI","BolgeNo":25,"ILKODU":10,"ILCEKODU":1418,"HAVZA_ID":3,"entityId":"103","entityType":"hesStations","id":"103","name":"AYAKLI","stationId":12003146,"basinId":3,"status":"no_data","color":"#94a3b8","radius":7}},{"type":"Feature","id":"104","geometry":{"type":"Point","coordinates":[28.51944000000003,39.91555000000005]},"properties":{"OBJECTID":104,"IstNo":12003147,"SuAdi":"GÜVEM DERE","IstAdi":"KÖSEHOROZ","BolgeNo":1,"ILKODU":16,"ILCEKODU":1535,"HAVZA_ID":3,"entityId":"104","entityType":"hesStations","id":"104","name":"KÖSEHOROZ","stationId":12003147,"basinId":3,"status":"no_data","color":"#94a3b8","radius":7}},{"type":"Feature","id":"105","geometry":{"type":"Point","coordinates":[28.478890000000035,40.10056000000003]},"properties":{"OBJECTID":105,"IstNo":12003148,"SuAdi":"MUSTAFA KEMAL PAŞA Ç.","IstAdi":"DOĞANCI","BolgeNo":1,"ILKODU":16,"ILCEKODU":1535,"HAVZA_ID":3,"entityId":"105","entityType":"hesStations","id":"105","name":"DOĞANCI","stationId":12003148,"basinId":3,"status":"no_data","color":"#94a3b8","radius":7}},{"type":"Feature","id":"106","geometry":{"type":"Point","coordinates":[28.768050000000073,39.652780000000064]},"properties":{"OBJECTID":106,"IstNo":12003149,"SuAdi":"EMET ÇAYI","IstAdi":"MAZLUMLAR","BolgeNo":1,"ILKODU":16,"ILCEKODU":1291,"HAVZA_ID":3,"entityId":"106","entityType":"hesStations","id":"106","name":"MAZLUMLAR","stationId":12003149,"basinId":3,"status":"no_data","color":"#94a3b8","radius":7}},{"type":"Feature","id":"107","geometry":{"type":"Point","coordinates":[28.45861000000008,40.296110000000056]},"properties":{"OBJECTID":107,"IstNo":12003150,"SuAdi":"NİLÜFER ÇAYI","IstAdi":"HAYIRLAR","BolgeNo":1,"ILKODU":16,"ILCEKODU":1434,"HAVZA_ID":3,"entityId":"107","entityType":"hesStations","id":"107","name":"HAYIRLAR","stationId":12003150,"basinId":3,"status":"no_data","color":"#94a3b8","radius":7}},{"type":"Feature","id":"108","geometry":{"type":"Point","coordinates":[27.01750000000004,39.44584000000003]},"properties":{"OBJECTID":108,"IstNo":12004016,"SuAdi":"KARADERE","IstAdi":"BAHADINLI","BolgeNo":25,"ILKODU":10,"ILCEKODU":1216,"HAVZA_ID":4,"entityId":"108","entityType":"hesStations","id":"108","name":"BAHADINLI","stationId":12004016,"basinId":4,"status":"no_data","color":"#94a3b8","radius":7}},{"type":"Feature","id":"109","geometry":{"type":"Point","coordinates":[26.99278000000004,39.43972000000008]},"properties":{"OBJECTID":109,"IstNo":12004017,"SuAdi":"KARINCA D.","IstAdi":"REŞİTKÖY","BolgeNo":25,"ILKODU":10,"ILCEKODU":1216,"HAVZA_ID":4,"entityId":"109","entityType":"hesStations","id":"109","name":"REŞİTKÖY","stationId":12004017,"basinId":4,"status":"no_data","color":"#94a3b8","radius":7}},{"type":"Feature","id":"110","geometry":{"type":"Point","coordinates":[27.06194000000005,39.61889000000008]},"properties":{"OBJECTID":110,"IstNo":12004031,"SuAdi":"EYBEK D.","IstAdi":"ÇAMCI","BolgeNo":25,"ILKODU":10,"ILCEKODU":1294,"HAVZA_ID":4,"entityId":"110","entityType":"hesStations","id":"110","name":"ÇAMCI","stationId":12004031,"basinId":4,"status":"no_data","color":"#94a3b8","radius":7}},{"type":"Feature","id":"111","geometry":{"type":"Point","coordinates":[26.95306000000005,39.616940000000056]},"properties":{"OBJECTID":111,"IstNo":12004036,"SuAdi":"ZEYTİNLİ Ç.","IstAdi":"ZEYTİNLI","BolgeNo":25,"ILKODU":10,"ILCEKODU":1294,"HAVZA_ID":4,"entityId":"111","entityType":"hesStations","id":"111","name":"ZEYTİNLI","stationId":12004036,"basinId":4,"status":"no_data","color":"#94a3b8","radius":7}},{"type":"Feature","id":"112","geometry":{"type":"Point","coordinates":[27.157500000000027,39.587780000000066]},"properties":{"OBJECTID":112,"IstNo":12004047,"SuAdi":"İNÖNÜ Ç.","IstAdi":"İNÖNÜ","BolgeNo":25,"ILKODU":10,"ILCEKODU":1384,"HAVZA_ID":4,"entityId":"112","entityType":"hesStations","id":"112","name":"İNÖNÜ","stationId":12004047,"basinId":4,"status":"no_data","color":"#94a3b8","radius":7}},{"type":"Feature","id":"113","geometry":{"type":"Point","coordinates":[27.475280000000055,39.13306000000006]},"properties":{"OBJECTID":113,"IstNo":12004051,"SuAdi":"CUMALI D.","IstAdi":"CUMALI","BolgeNo":2,"ILKODU":35,"ILCEKODU":1467,"HAVZA_ID":4,"entityId":"113","entityType":"hesStations","id":"113","name":"CUMALI","stationId":12004051,"basinId":4,"status":"no_data","color":"#94a3b8","radius":7}},{"type":"Feature","id":"114","geometry":{"type":"Point","coordinates":[27.45667000000003,39.21750000000003]},"properties":{"OBJECTID":114,"IstNo":12004053,"SuAdi":"ILICA D.","IstAdi":"SARICALAR","BolgeNo":2,"ILKODU":35,"ILCEKODU":1181,"HAVZA_ID":4,"entityId":"114","entityType":"hesStations","id":"114","name":"SARICALAR","stationId":12004053,"basinId":4,"status":"no_data","color":"#94a3b8","radius":7}},{"type":"Feature","id":"115","geometry":{"type":"Point","coordinates":[27.167500000000075,39.571390000000065]},"properties":{"OBJECTID":115,"IstNo":12004055,"SuAdi":"HAVRAN Ç.","IstAdi":"HAVRAN BRJ ÇKŞ","BolgeNo":25,"ILKODU":10,"ILCEKODU":1384,"HAVZA_ID":4,"entityId":"115","entityType":"hesStations","id":"115","name":"HAVRAN BRJ ÇKŞ","stationId":12004055,"basinId":4,"status":"no_data","color":"#94a3b8","radius":7}},{"type":"Feature","id":"116","geometry":{"type":"Point","coordinates":[26.830280000000073,39.23333000000008]},"properties":{"OBJECTID":116,"IstNo":12004056,"SuAdi":"MADRA Ç.","IstAdi":"MADRA BARAJ ÇIKIŞI","BolgeNo":25,"ILKODU":10,"ILCEKODU":1161,"HAVZA_ID":4,"entityId":"116","entityType":"hesStations","id":"116","name":"MADRA BARAJ ÇIKIŞI","stationId":12004056,"basinId":4,"status":"no_data","color":"#94a3b8","radius":7}},{"type":"Feature","id":"117","geometry":{"type":"Point","coordinates":[27.448890000000063,39.068610000000035]},"properties":{"OBJECTID":117,"IstNo":12004058,"SuAdi":"KARADERE","IstAdi":"KOCAÖMERLİ","BolgeNo":2,"ILKODU":35,"ILCEKODU":1467,"HAVZA_ID":4,"entityId":"117","entityType":"hesStations","id":"117","name":"KOCAÖMERLİ","stationId":12004058,"basinId":4,"status":"no_data","color":"#94a3b8","radius":7}},{"type":"Feature","id":"118","geometry":{"type":"Point","coordinates":[27.148610000000076,39.16361000000006]},"properties":{"OBJECTID":118,"IstNo":12004063,"SuAdi":"KÖMÜRCÜ DERESİ","IstAdi":"MUSTAFAAĞA KONAĞI","BolgeNo":2,"ILKODU":35,"ILCEKODU":1181,"HAVZA_ID":4,"entityId":"118","entityType":"hesStations","id":"118","name":"MUSTAFAAĞA KONAĞI","stationId":12004063,"basinId":4,"status":"no_data","color":"#94a3b8","radius":7}},{"type":"Feature","id":"119","geometry":{"type":"Point","coordinates":[27.308610000000044,38.855560000000025]},"properties":{"OBJECTID":119,"IstNo":12004064,"SuAdi":"KOCAÇAY","IstAdi":"SÜNGÜLLÜ","BolgeNo":2,"ILKODU":45,"ILCEKODU":2087,"HAVZA_ID":4,"entityId":"119","entityType":"hesStations","id":"119","name":"SÜNGÜLLÜ","stationId":12004064,"basinId":4,"status":"no_data","color":"#94a3b8","radius":7}},{"type":"Feature","id":"120","geometry":{"type":"Point","coordinates":[26.723330000000033,39.91139000000004]},"properties":{"OBJECTID":120,"IstNo":12004066,"SuAdi":"TUZLA Ç.","IstAdi":"AYVACIK BRJ. ÇIKIŞI","BolgeNo":25,"ILKODU":17,"ILCEKODU":1180,"HAVZA_ID":4,"entityId":"120","entityType":"hesStations","id":"120","name":"AYVACIK BRJ. ÇIKIŞI","stationId":12004066,"basinId":4,"status":"no_data","color":"#94a3b8","radius":7}},{"type":"Feature","id":"121","geometry":{"type":"Point","coordinates":[27.11528000000004,39.61139000000003]},"properties":{"OBJECTID":121,"IstNo":12004068,"SuAdi":"KALABAK Ç.","IstAdi":"KALABAK","BolgeNo":25,"ILKODU":10,"ILCEKODU":1384,"HAVZA_ID":4,"entityId":"121","entityType":"hesStations","id":"121","name":"KALABAK","stationId":12004068,"basinId":4,"status":"no_data","color":"#94a3b8","radius":7}},{"type":"Feature","id":"122","geometry":{"type":"Point","coordinates":[26.757780000000025,39.58445000000006]},"properties":{"OBJECTID":122,"IstNo":12004069,"SuAdi":"ŞAHİN D.","IstAdi":"ŞAHİN ","BolgeNo":25,"ILKODU":10,"ILCEKODU":1294,"HAVZA_ID":4,"entityId":"122","entityType":"hesStations","id":"122","name":"ŞAHİN ","stationId":12004069,"basinId":4,"status":"no_data","color":"#94a3b8","radius":7}},{"type":"Feature","id":"123","geometry":{"type":"Point","coordinates":[27.827780000000075,38.952780000000075]},"properties":{"OBJECTID":123,"IstNo":12005015,"SuAdi":"MEDAR Ç.","IstAdi":"MEDAR KÖPRÜSÜ","BolgeNo":2,"ILKODU":45,"ILCEKODU":1118,"HAVZA_ID":5,"entityId":"123","entityType":"hesStations","id":"123","name":"MEDAR KÖPRÜSÜ","stationId":12005015,"basinId":5,"status":"no_data","color":"#94a3b8","radius":7}},{"type":"Feature","id":"124","geometry":{"type":"Point","coordinates":[28.050280000000043,38.464170000000024]},"properties":{"OBJECTID":124,"IstNo":12005021,"SuAdi":"TABAK D.","IstAdi":"ÇALTILI","BolgeNo":2,"ILKODU":45,"ILCEKODU":1590,"HAVZA_ID":5,"entityId":"124","entityType":"hesStations","id":"124","name":"ÇALTILI","stationId":12005021,"basinId":5,"status":"no_data","color":"#94a3b8","radius":7}},{"type":"Feature","id":"125","geometry":{"type":"Point","coordinates":[27.33361000000008,38.68195000000003]},"properties":{"OBJECTID":125,"IstNo":12005025,"SuAdi":"GEDİZ N.","IstAdi":"MURADİYE KÖPRÜSÜ","BolgeNo":2,"ILKODU":45,"ILCEKODU":2087,"HAVZA_ID":5,"entityId":"125","entityType":"hesStations","id":"125","name":"MURADİYE KÖPRÜSÜ","stationId":12005025,"basinId":5,"status":"no_data","color":"#94a3b8","radius":7}},{"type":"Feature","id":"126","geometry":{"type":"Point","coordinates":[27.399440000000027,38.76944000000003]},"properties":{"OBJECTID":126,"IstNo":12005026,"SuAdi":"SARMA Ç.","IstAdi":"SARMA","BolgeNo":2,"ILKODU":45,"ILCEKODU":2087,"HAVZA_ID":5,"entityId":"126","entityType":"hesStations","id":"126","name":"SARMA","stationId":12005026,"basinId":5,"status":"no_data","color":"#94a3b8","radius":7}},{"type":"Feature","id":"127","geometry":{"type":"Point","coordinates":[28.19667000000004,38.77139000000005]},"properties":{"OBJECTID":127,"IstNo":12005028,"SuAdi":"GÖRDES Ç.","IstAdi":"HACIHIDIR","BolgeNo":2,"ILKODU":45,"ILCEKODU":1362,"HAVZA_ID":5,"entityId":"127","entityType":"hesStations","id":"127","name":"HACIHIDIR","stationId":12005028,"basinId":5,"status":"no_data","color":"#94a3b8","radius":7}},{"type":"Feature","id":"128","geometry":{"type":"Point","coordinates":[28.189170000000047,38.51028000000008]},"properties":{"OBJECTID":128,"IstNo":12005031,"SuAdi":"ALAŞEHİR Ç.","IstAdi":"TAYTAN KÖPRÜSÜ","BolgeNo":2,"ILKODU":45,"ILCEKODU":1590,"HAVZA_ID":5,"entityId":"128","entityType":"hesStations","id":"128","name":"TAYTAN KÖPRÜSÜ","stationId":12005031,"basinId":5,"status":"no_data","color":"#94a3b8","radius":7}},{"type":"Feature","id":"129","geometry":{"type":"Point","coordinates":[27.942500000000052,38.49333000000007]},"properties":{"OBJECTID":129,"IstNo":12005039,"SuAdi":"AHMETLİ Ç.","IstAdi":"DEREKÖY","BolgeNo":2,"ILKODU":45,"ILCEKODU":1751,"HAVZA_ID":5,"entityId":"129","entityType":"hesStations","id":"129","name":"DEREKÖY","stationId":12005039,"basinId":5,"status":"no_data","color":"#94a3b8","radius":7}},{"type":"Feature","id":"130","geometry":{"type":"Point","coordinates":[28.005000000000052,39.12417000000005]},"properties":{"OBJECTID":130,"IstNo":12005043,"SuAdi":"CEMAL D.","IstAdi":"KAYGANLI","BolgeNo":2,"ILKODU":45,"ILCEKODU":1118,"HAVZA_ID":5,"entityId":"130","entityType":"hesStations","id":"130","name":"KAYGANLI","stationId":12005043,"basinId":5,"status":"no_data","color":"#94a3b8","radius":7}},{"type":"Feature","id":"131","geometry":{"type":"Point","coordinates":[27.964170000000024,39.06083000000007]},"properties":{"OBJECTID":131,"IstNo":12005044,"SuAdi":"DEMİRBÜKEN D.","IstAdi":"BAŞLAMIŞ","BolgeNo":2,"ILKODU":45,"ILCEKODU":1118,"HAVZA_ID":5,"entityId":"131","entityType":"hesStations","id":"131","name":"BAŞLAMIŞ","stationId":12005044,"basinId":5,"status":"no_data","color":"#94a3b8","radius":7}},{"type":"Feature","id":"132","geometry":{"type":"Point","coordinates":[28.244440000000054,38.428890000000024]},"properties":{"OBJECTID":132,"IstNo":12005048,"SuAdi":"DEĞİRMENDERE","IstAdi":"DOĞANLAR","BolgeNo":2,"ILKODU":45,"ILCEKODU":1590,"HAVZA_ID":5,"entityId":"132","entityType":"hesStations","id":"132","name":"DOĞANLAR","stationId":12005048,"basinId":5,"status":"no_data","color":"#94a3b8","radius":7}},{"type":"Feature","id":"133","geometry":{"type":"Point","coordinates":[27.847780000000057,38.45722000000006]},"properties":{"OBJECTID":133,"IstNo":12005055,"SuAdi":"GÜRLEVİK D.","IstAdi":"AKÇAPINAR","BolgeNo":2,"ILKODU":45,"ILCEKODU":1689,"HAVZA_ID":5,"entityId":"133","entityType":"hesStations","id":"133","name":"AKÇAPINAR","stationId":12005055,"basinId":5,"status":"no_data","color":"#94a3b8","radius":7}},{"type":"Feature","id":"134","geometry":{"type":"Point","coordinates":[28.603890000000035,38.66889000000003]},"properties":{"OBJECTID":134,"IstNo":12005060,"SuAdi":"GEDİZ N.","IstAdi":"HAMİDİYE KÖP.","BolgeNo":2,"ILKODU":45,"ILCEKODU":1489,"HAVZA_ID":5,"entityId":"134","entityType":"hesStations","id":"134","name":"HAMİDİYE KÖP.","stationId":12005060,"basinId":5,"status":"no_data","color":"#94a3b8","radius":7}},{"type":"Feature","id":"135","geometry":{"type":"Point","coordinates":[29.295560000000023,38.781390000000044]},"properties":{"OBJECTID":135,"IstNo":12005064,"SuAdi":"DİKENDERE","IstAdi":"SARIBURUN","BolgeNo":2,"ILKODU":64,"ILCEKODU":1704,"HAVZA_ID":5,"entityId":"135","entityType":"hesStations","id":"135","name":"SARIBURUN","stationId":12005064,"basinId":5,"status":"no_data","color":"#94a3b8","radius":7}},{"type":"Feature","id":"136","geometry":{"type":"Point","coordinates":[27.873610000000042,39.01944000000003]},"properties":{"OBJECTID":136,"IstNo":12005069,"SuAdi":"GÜRDÜKÇAYI","IstAdi":"GÖKÇEAHMET","BolgeNo":2,"ILKODU":45,"ILCEKODU":1118,"HAVZA_ID":5,"entityId":"136","entityType":"hesStations","id":"136","name":"GÖKÇEAHMET","stationId":12005069,"basinId":5,"status":"no_data","color":"#94a3b8","radius":7}},{"type":"Feature","id":"137","geometry":{"type":"Point","coordinates":[27.819170000000042,38.46556000000004]},"properties":{"OBJECTID":137,"IstNo":12005070,"SuAdi":"KARACAALİDERE","IstAdi":"ÇIKRIKÇI","BolgeNo":2,"ILKODU":45,"ILCEKODU":1689,"HAVZA_ID":5,"entityId":"137","entityType":"hesStations","id":"137","name":"ÇIKRIKÇI","stationId":12005070,"basinId":5,"status":"no_data","color":"#94a3b8","radius":7}},{"type":"Feature","id":"138","geometry":{"type":"Point","coordinates":[29.026670000000024,38.58055000000007]},"properties":{"OBJECTID":138,"IstNo":12005072,"SuAdi":"KURBAĞALIDERE","IstAdi":"KOCABEY","BolgeNo":2,"ILKODU":64,"ILCEKODU":1323,"HAVZA_ID":5,"entityId":"138","entityType":"hesStations","id":"138","name":"KOCABEY","stationId":12005072,"basinId":5,"status":"no_data","color":"#94a3b8","radius":7}},{"type":"Feature","id":"139","geometry":{"type":"Point","coordinates":[27.670000000000073,38.41083000000003]},"properties":{"OBJECTID":139,"IstNo":12005078,"SuAdi":"SİNANCILAR D.","IstAdi":"GÖLCÜK","BolgeNo":2,"ILKODU":35,"ILCEKODU":1461,"HAVZA_ID":5,"entityId":"139","entityType":"hesStations","id":"139","name":"GÖLCÜK","stationId":12005078,"basinId":5,"status":"no_data","color":"#94a3b8","radius":7}},{"type":"Feature","id":"140","geometry":{"type":"Point","coordinates":[29.014720000000068,38.71139000000005]},"properties":{"OBJECTID":140,"IstNo":12005079,"SuAdi":"KUNDUZ D","IstAdi":"YENİKÖY","BolgeNo":2,"ILKODU":64,"ILCEKODU":1704,"HAVZA_ID":5,"entityId":"140","entityType":"hesStations","id":"140","name":"YENİKÖY","stationId":12005079,"basinId":5,"status":"no_data","color":"#94a3b8","radius":7}},{"type":"Feature","id":"141","geometry":{"type":"Point","coordinates":[28.04917000000006,38.74861000000004]},"properties":{"OBJECTID":141,"IstNo":12005080,"SuAdi":"GÖRDES ÇAYI","IstAdi":"TAŞKUYUCAK","BolgeNo":2,"ILKODU":45,"ILCEKODU":1793,"HAVZA_ID":5,"entityId":"141","entityType":"hesStations","id":"141","name":"TAŞKUYUCAK","stationId":12005080,"basinId":5,"status":"no_data","color":"#94a3b8","radius":7}},{"type":"Feature","id":"142","geometry":{"type":"Point","coordinates":[27.708890000000054,38.424720000000036]},"properties":{"OBJECTID":142,"IstNo":12005082,"SuAdi":"TEKKEDERE","IstAdi":"HAMZABABA","BolgeNo":2,"ILKODU":35,"ILCEKODU":1689,"HAVZA_ID":5,"entityId":"142","entityType":"hesStations","id":"142","name":"HAMZABABA","stationId":12005082,"basinId":5,"status":"no_data","color":"#94a3b8","radius":7}},{"type":"Feature","id":"143","geometry":{"type":"Point","coordinates":[27.733610000000056,38.41778000000005]},"properties":{"OBJECTID":143,"IstNo":12005083,"SuAdi":"ÇATALDERE","IstAdi":"ÇATALKÖPRÜ","BolgeNo":2,"ILKODU":45,"ILCEKODU":1689,"HAVZA_ID":5,"entityId":"143","entityType":"hesStations","id":"143","name":"ÇATALKÖPRÜ","stationId":12005083,"basinId":5,"status":"no_data","color":"#94a3b8","radius":7}},{"type":"Feature","id":"144","geometry":{"type":"Point","coordinates":[27.55361000000005,38.241390000000024]},"properties":{"OBJECTID":144,"IstNo":12006025,"SuAdi":"ULADI Ç.","IstAdi":"YAKAPINAR","BolgeNo":2,"ILKODU":35,"ILCEKODU":1178,"HAVZA_ID":6,"entityId":"144","entityType":"hesStations","id":"144","name":"YAKAPINAR","stationId":12006025,"basinId":6,"status":"no_data","color":"#94a3b8","radius":7}},{"type":"Feature","id":"145","geometry":{"type":"Point","coordinates":[26.374720000000025,38.57167000000004]},"properties":{"OBJECTID":145,"IstNo":12006028,"SuAdi":"DERİNCE D.","IstAdi":"KÜÇÜKBAHÇE","BolgeNo":2,"ILKODU":35,"ILCEKODU":1432,"HAVZA_ID":6,"entityId":"145","entityType":"hesStations","id":"145","name":"KÜÇÜKBAHÇE","stationId":12006028,"basinId":6,"status":"no_data","color":"#94a3b8","radius":7}},{"type":"Feature","id":"146","geometry":{"type":"Point","coordinates":[28.193610000000035,38.23417000000006]},"properties":{"OBJECTID":146,"IstNo":12006033,"SuAdi":"KİRAZ Ç.","IstAdi":"KİRAZ","BolgeNo":2,"ILKODU":35,"ILCEKODU":1477,"HAVZA_ID":6,"entityId":"146","entityType":"hesStations","id":"146","name":"KİRAZ","stationId":12006033,"basinId":6,"status":"no_data","color":"#94a3b8","radius":7}},{"type":"Feature","id":"147","geometry":{"type":"Point","coordinates":[26.879170000000045,38.31417000000005]},"properties":{"OBJECTID":147,"IstNo":12006038,"SuAdi":"ÇAMLI D.","IstAdi":"ÇAMLI","BolgeNo":2,"ILKODU":35,"ILCEKODU":2018,"HAVZA_ID":6,"entityId":"147","entityType":"hesStations","id":"147","name":"ÇAMLI","stationId":12006038,"basinId":6,"status":"no_data","color":"#94a3b8","radius":7}},{"type":"Feature","id":"148","geometry":{"type":"Point","coordinates":[27.901670000000024,38.05472000000003]},"properties":{"OBJECTID":148,"IstNo":12006042,"SuAdi":"VAKIFLARDERESİ","IstAdi":"EĞRİDERE","BolgeNo":2,"ILKODU":35,"ILCEKODU":1677,"HAVZA_ID":6,"entityId":"148","entityType":"hesStations","id":"148","name":"EĞRİDERE","stationId":12006042,"basinId":6,"status":"no_data","color":"#94a3b8","radius":7}},{"type":"Feature","id":"149","geometry":{"type":"Point","coordinates":[27.007220000000075,38.39250000000004]},"properties":{"OBJECTID":149,"IstNo":12006043,"SuAdi":"ALİONBAŞI D.","IstAdi":"NARLIDERE","BolgeNo":2,"ILKODU":35,"ILCEKODU":2013,"HAVZA_ID":6,"entityId":"149","entityType":"hesStations","id":"149","name":"NARLIDERE","stationId":12006043,"basinId":6,"status":"no_data","color":"#94a3b8","radius":7}},{"type":"Feature","id":"150","geometry":{"type":"Point","coordinates":[27.416390000000035,37.95972000000006]},"properties":{"OBJECTID":150,"IstNo":12006045,"SuAdi":"MADEN DERESİ","IstAdi":"BAHÇELER","BolgeNo":2,"ILKODU":35,"ILCEKODU":1612,"HAVZA_ID":6,"entityId":"150","entityType":"hesStations","id":"150","name":"BAHÇELER","stationId":12006045,"basinId":6,"status":"no_data","color":"#94a3b8","radius":7}},{"type":"Feature","id":"151","geometry":{"type":"Point","coordinates":[27.468920000000026,38.02021000000008]},"properties":{"OBJECTID":151,"IstNo":12006048,"SuAdi":"KÜÇÜK MENDERES","IstAdi":"BELEVİ","BolgeNo":2,"ILKODU":35,"ILCEKODU":1677,"HAVZA_ID":6,"entityId":"151","entityType":"hesStations","id":"151","name":"BELEVİ","stationId":12006048,"basinId":6,"status":"no_data","color":"#94a3b8","radius":7}},{"type":"Feature","id":"152","geometry":{"type":"Point","coordinates":[30.095000000000027,38.12250000000006]},"properties":{"OBJECTID":152,"IstNo":12007010,"SuAdi":"DİNAR SUYU","IstAdi":"IRGILLI REGÜLATÖR ÇIKIŞI","BolgeNo":21,"ILKODU":3,"ILCEKODU":1281,"HAVZA_ID":7,"entityId":"152","entityType":"hesStations","id":"152","name":"IRGILLI REGÜLATÖR ÇIKIŞI","stationId":12007010,"basinId":7,"status":"no_data","color":"#94a3b8","radius":7}},{"type":"Feature","id":"153","geometry":{"type":"Point","coordinates":[27.73667000000006,37.88306000000006]},"properties":{"OBJECTID":153,"IstNo":12007014,"SuAdi":"İKİZDERE ÇAYI","IstAdi":"DEREAĞZI","BolgeNo":21,"ILKODU":9,"ILCEKODU":1807,"HAVZA_ID":7,"entityId":"153","entityType":"hesStations","id":"153","name":"DEREAĞZI","stationId":12007014,"basinId":7,"status":"no_data","color":"#94a3b8","radius":7}},{"type":"Feature","id":"154","geometry":{"type":"Point","coordinates":[30.09528000000006,38.12028000000004]},"properties":{"OBJECTID":154,"IstNo":12007026,"SuAdi":"DİNAR SUYU","IstAdi":"IRGILLI SULAMA KANALI","BolgeNo":21,"ILKODU":3,"ILCEKODU":1281,"HAVZA_ID":7,"entityId":"154","entityType":"hesStations","id":"154","name":"IRGILLI SULAMA KANALI","stationId":12007026,"basinId":7,"status":"no_data","color":"#94a3b8","radius":7}},{"type":"Feature","id":"155","geometry":{"type":"Point","coordinates":[28.05305000000004,37.90750000000003]},"properties":{"OBJECTID":155,"IstNo":12007030,"SuAdi":"KÖŞK D.","IstAdi":"MEZEKÖY","BolgeNo":21,"ILKODU":9,"ILCEKODU":1968,"HAVZA_ID":7,"entityId":"155","entityType":"hesStations","id":"155","name":"MEZEKÖY","stationId":12007030,"basinId":7,"status":"no_data","color":"#94a3b8","radius":7}},{"type":"Feature","id":"156","geometry":{"type":"Point","coordinates":[27.616670000000056,37.88334000000003]},"properties":{"OBJECTID":156,"IstNo":12007039,"SuAdi":"KAPIZDERE","IstAdi":"ALANGÜLLÜ ","BolgeNo":21,"ILKODU":9,"ILCEKODU":1348,"HAVZA_ID":7,"entityId":"156","entityType":"hesStations","id":"156","name":"ALANGÜLLÜ ","stationId":12007039,"basinId":7,"status":"no_data","color":"#94a3b8","radius":7}},{"type":"Feature","id":"157","geometry":{"type":"Point","coordinates":[28.10972000000004,37.29055000000005]},"properties":{"OBJECTID":157,"IstNo":12007079,"SuAdi":"GİRME D.","IstAdi":"GİRME","BolgeNo":21,"ILKODU":48,"ILCEKODU":1719,"HAVZA_ID":7,"entityId":"157","entityType":"hesStations","id":"157","name":"GİRME","stationId":12007079,"basinId":7,"status":"no_data","color":"#94a3b8","radius":7}},{"type":"Feature","id":"158","geometry":{"type":"Point","coordinates":[28.033330000000035,37.75000000000006]},"properties":{"OBJECTID":158,"IstNo":12007082,"SuAdi":"MADRAN Ç.","IstAdi":"KASAR","BolgeNo":21,"ILKODU":9,"ILCEKODU":1256,"HAVZA_ID":7,"entityId":"158","entityType":"hesStations","id":"158","name":"KASAR","stationId":12007082,"basinId":7,"status":"no_data","color":"#94a3b8","radius":7}},{"type":"Feature","id":"159","geometry":{"type":"Point","coordinates":[28.810280000000034,37.68750000000006]},"properties":{"OBJECTID":159,"IstNo":12007093,"SuAdi":"KORKOZ D.","IstAdi":"DEĞİRMENBÜKÜ","BolgeNo":21,"ILKODU":20,"ILCEKODU":1670,"HAVZA_ID":7,"entityId":"159","entityType":"hesStations","id":"159","name":"DEĞİRMENBÜKÜ","stationId":12007093,"basinId":7,"status":"no_data","color":"#94a3b8","radius":7}},{"type":"Feature","id":"160","geometry":{"type":"Point","coordinates":[27.569170000000042,37.71500000000003]},"properties":{"OBJECTID":160,"IstNo":12007103,"SuAdi":"SARIÇAY","IstAdi":"BAĞARASI","BolgeNo":21,"ILKODU":9,"ILCEKODU":1637,"HAVZA_ID":7,"entityId":"160","entityType":"hesStations","id":"160","name":"BAĞARASI","stationId":12007103,"basinId":7,"status":"no_data","color":"#94a3b8","radius":7}},{"type":"Feature","id":"161","geometry":{"type":"Point","coordinates":[29.516110000000026,37.78305000000006]},"properties":{"OBJECTID":161,"IstNo":12007106,"SuAdi":"EMİR Ç.","IstAdi":"ÇAMBAŞI","BolgeNo":21,"ILKODU":20,"ILCEKODU":1889,"HAVZA_ID":7,"entityId":"161","entityType":"hesStations","id":"161","name":"ÇAMBAŞI","stationId":12007106,"basinId":7,"status":"no_data","color":"#94a3b8","radius":7}},{"type":"Feature","id":"162","geometry":{"type":"Point","coordinates":[27.722500000000025,37.88194000000004]},"properties":{"OBJECTID":162,"IstNo":12007107,"SuAdi":"CILIMBIZ D.","IstAdi":"İNCİRLİOVA","BolgeNo":21,"ILKODU":9,"ILCEKODU":1807,"HAVZA_ID":7,"entityId":"162","entityType":"hesStations","id":"162","name":"İNCİRLİOVA","stationId":12007107,"basinId":7,"status":"no_data","color":"#94a3b8","radius":7}},{"type":"Feature","id":"163","geometry":{"type":"Point","coordinates":[27.52472000000006,37.561390000000074]},"properties":{"OBJECTID":163,"IstNo":12007108,"SuAdi":"KARGIN D.","IstAdi":"KÖPRÜALAN","BolgeNo":21,"ILKODU":9,"ILCEKODU":1637,"HAVZA_ID":7,"entityId":"163","entityType":"hesStations","id":"163","name":"KÖPRÜALAN","stationId":12007108,"basinId":7,"status":"no_data","color":"#94a3b8","radius":7}},{"type":"Feature","id":"164","geometry":{"type":"Point","coordinates":[28.379170000000045,37.62194000000005]},"properties":{"OBJECTID":164,"IstNo":12007114,"SuAdi":"DELİÇAY","IstAdi":"KAZANDERE","BolgeNo":21,"ILKODU":9,"ILCEKODU":1206,"HAVZA_ID":7,"entityId":"164","entityType":"hesStations","id":"164","name":"KAZANDERE","stationId":12007114,"basinId":7,"status":"no_data","color":"#94a3b8","radius":7}},{"type":"Feature","id":"165","geometry":{"type":"Point","coordinates":[30.191940000000045,38.09000000000003]},"properties":{"OBJECTID":165,"IstNo":12007120,"SuAdi":"ÇAPALI GÖLÜ","IstAdi":"ÇIKIŞ","BolgeNo":18,"ILKODU":3,"ILCEKODU":1281,"HAVZA_ID":7,"entityId":"165","entityType":"hesStations","id":"165","name":"ÇIKIŞ","stationId":12007120,"basinId":7,"status":"no_data","color":"#94a3b8","radius":7}},{"type":"Feature","id":"166","geometry":{"type":"Point","coordinates":[28.526950000000056,37.93083000000007]},"properties":{"OBJECTID":166,"IstNo":12007121,"SuAdi":"KAYRAN D.","IstAdi":"PAMUKÖREN","BolgeNo":21,"ILKODU":9,"ILCEKODU":1498,"HAVZA_ID":7,"entityId":"166","entityType":"hesStations","id":"166","name":"PAMUKÖREN","stationId":12007121,"basinId":7,"status":"no_data","color":"#94a3b8","radius":7}},{"type":"Feature","id":"167","geometry":{"type":"Point","coordinates":[29.733610000000056,38.78583000000003]},"properties":{"OBJECTID":167,"IstNo":12007122,"SuAdi":"BANAZ Ç.","IstAdi":"BANAZ","BolgeNo":2,"ILKODU":64,"ILCEKODU":1170,"HAVZA_ID":7,"entityId":"167","entityType":"hesStations","id":"167","name":"BANAZ","stationId":12007122,"basinId":7,"status":"no_data","color":"#94a3b8","radius":7}},{"type":"Feature","id":"168","geometry":{"type":"Point","coordinates":[29.22694000000007,37.802220000000034]},"properties":{"OBJECTID":168,"IstNo":12007125,"SuAdi":"HONAZ Ç.","IstAdi":"DÖĞÜŞ KÖP.","BolgeNo":21,"ILKODU":20,"ILCEKODU":1871,"HAVZA_ID":7,"entityId":"168","entityType":"hesStations","id":"168","name":"DÖĞÜŞ KÖP.","stationId":12007125,"basinId":7,"status":"no_data","color":"#94a3b8","radius":7}},{"type":"Feature","id":"169","geometry":{"type":"Point","coordinates":[27.543330000000026,37.88055000000003]},"properties":{"OBJECTID":169,"IstNo":12007130,"SuAdi":"NEŞETİYE ÇAYI","IstAdi":"NEŞETİYE ","BolgeNo":21,"ILKODU":9,"ILCEKODU":1348,"HAVZA_ID":7,"entityId":"169","entityType":"hesStations","id":"169","name":"NEŞETİYE ","stationId":12007130,"basinId":7,"status":"no_data","color":"#94a3b8","radius":7}},{"type":"Feature","id":"170","geometry":{"type":"Point","coordinates":[28.06472000000008,37.543330000000026]},"properties":{"OBJECTID":170,"IstNo":12007131,"SuAdi":"ÇİNE ÇAYI","IstAdi":"ESKİ ÇİNE KÖPRÜSÜ","BolgeNo":21,"ILKODU":9,"ILCEKODU":1256,"HAVZA_ID":7,"entityId":"170","entityType":"hesStations","id":"170","name":"ESKİ ÇİNE KÖPRÜSÜ","stationId":12007131,"basinId":7,"status":"no_data","color":"#94a3b8","radius":7}},{"type":"Feature","id":"171","geometry":{"type":"Point","coordinates":[29.765280000000075,38.84139000000005]},"properties":{"OBJECTID":171,"IstNo":12007132,"SuAdi":"GÖKKAYA D.","IstAdi":"BAHADIR","BolgeNo":2,"ILKODU":64,"ILCEKODU":1170,"HAVZA_ID":7,"entityId":"171","entityType":"hesStations","id":"171","name":"BAHADIR","stationId":12007132,"basinId":7,"status":"no_data","color":"#94a3b8","radius":7}},{"type":"Feature","id":"172","geometry":{"type":"Point","coordinates":[30.171110000000056,38.05944000000005]},"properties":{"OBJECTID":172,"IstNo":12007136,"SuAdi":"İNCIRLİ DÜDEN KAYNAĞI","IstAdi":"DİNAR","BolgeNo":18,"ILKODU":3,"ILCEKODU":1281,"HAVZA_ID":7,"entityId":"172","entityType":"hesStations","id":"172","name":"DİNAR","stationId":12007136,"basinId":7,"status":"no_data","color":"#94a3b8","radius":7}},{"type":"Feature","id":"173","geometry":{"type":"Point","coordinates":[29.347780000000057,37.305000000000064]},"properties":{"OBJECTID":173,"IstNo":12008009,"SuAdi":"KİRENİŞ Ç.","IstAdi":"ÇAKIR KÖPRÜSÜ","BolgeNo":21,"ILKODU":20,"ILCEKODU":1102,"HAVZA_ID":8,"entityId":"173","entityType":"hesStations","id":"173","name":"ÇAKIR KÖPRÜSÜ","stationId":12008009,"basinId":8,"status":"no_data","color":"#94a3b8","radius":7}},{"type":"Feature","id":"174","geometry":{"type":"Point","coordinates":[29.800000000000068,36.73333000000008]},"properties":{"OBJECTID":174,"IstNo":12008061,"SuAdi":"MÜMÜR D.","IstAdi":"MÜMÜR","BolgeNo":13,"ILKODU":7,"ILCEKODU":1303,"HAVZA_ID":8,"entityId":"174","entityType":"hesStations","id":"174","name":"MÜMÜR","stationId":12008061,"basinId":8,"status":"no_data","color":"#94a3b8","radius":7}},{"type":"Feature","id":"175","geometry":{"type":"Point","coordinates":[30.50278000000003,36.59639000000004]},"properties":{"OBJECTID":175,"IstNo":12008071,"SuAdi":"AGVA D.","IstAdi":"ASİBUCAK","BolgeNo":13,"ILKODU":7,"ILCEKODU":1959,"HAVZA_ID":8,"entityId":"175","entityType":"hesStations","id":"175","name":"ASİBUCAK","stationId":12008071,"basinId":8,"status":"no_data","color":"#94a3b8","radius":7}},{"type":"Feature","id":"176","geometry":{"type":"Point","coordinates":[29.51222000000007,36.555000000000064]},"properties":{"OBJECTID":176,"IstNo":12008078,"SuAdi":"AKÇAY","IstAdi":"GÖMBE","BolgeNo":13,"ILKODU":7,"ILCEKODU":2090,"HAVZA_ID":8,"entityId":"176","entityType":"hesStations","id":"176","name":"GÖMBE","stationId":12008078,"basinId":8,"status":"no_data","color":"#94a3b8","radius":7}},{"type":"Feature","id":"177","geometry":{"type":"Point","coordinates":[29.58833000000004,37.15083000000004]},"properties":{"OBJECTID":177,"IstNo":12008081,"SuAdi":"ARSLANLI Ç.","IstAdi":"SORKUN KÖP.","BolgeNo":18,"ILKODU":15,"ILCEKODU":1357,"HAVZA_ID":8,"entityId":"177","entityType":"hesStations","id":"177","name":"SORKUN KÖP.","stationId":12008081,"basinId":8,"status":"no_data","color":"#94a3b8","radius":7}},{"type":"Feature","id":"178","geometry":{"type":"Point","coordinates":[28.45583000000005,37.179440000000056]},"properties":{"OBJECTID":178,"IstNo":12008084,"SuAdi":"DEĞİRMEN D.","IstAdi":"SODAKÖY","BolgeNo":21,"ILKODU":48,"ILCEKODU":2089,"HAVZA_ID":8,"entityId":"178","entityType":"hesStations","id":"178","name":"SODAKÖY","stationId":12008084,"basinId":8,"status":"no_data","color":"#94a3b8","radius":7}},{"type":"Feature","id":"179","geometry":{"type":"Point","coordinates":[27.939440000000047,37.09000000000003]},"properties":{"OBJECTID":179,"IstNo":12008094,"SuAdi":"DEĞİRMENDERE","IstAdi":"DEREKÖY","BolgeNo":21,"ILKODU":48,"ILCEKODU":1528,"HAVZA_ID":8,"entityId":"179","entityType":"hesStations","id":"179","name":"DEREKÖY","stationId":12008094,"basinId":8,"status":"no_data","color":"#94a3b8","radius":7}},{"type":"Feature","id":"180","geometry":{"type":"Point","coordinates":[29.80750000000006,36.80000000000007]},"properties":{"OBJECTID":180,"IstNo":12008095,"SuAdi":"MÜMÜR D.","IstAdi":"YILMAZLI","BolgeNo":13,"ILKODU":7,"ILCEKODU":1303,"HAVZA_ID":8,"entityId":"180","entityType":"hesStations","id":"180","name":"YILMAZLI","stationId":12008095,"basinId":8,"status":"no_data","color":"#94a3b8","radius":7}},{"type":"Feature","id":"181","geometry":{"type":"Point","coordinates":[29.685560000000066,36.93861000000004]},"properties":{"OBJECTID":181,"IstNo":12008100,"SuAdi":"KARABALÇIK D.","IstAdi":"ÇOBANİSA","BolgeNo":21,"ILKODU":48,"ILCEKODU":2090,"HAVZA_ID":8,"entityId":"181","entityType":"hesStations","id":"181","name":"ÇOBANİSA","stationId":12008100,"basinId":8,"status":"no_data","color":"#94a3b8","radius":7}},{"type":"Feature","id":"182","geometry":{"type":"Point","coordinates":[27.758330000000058,37.37611000000004]},"properties":{"OBJECTID":182,"IstNo":12008101,"SuAdi":"KOCAÇAY","IstAdi":"EPÇE","BolgeNo":21,"ILKODU":48,"ILCEKODU":1528,"HAVZA_ID":8,"entityId":"182","entityType":"hesStations","id":"182","name":"EPÇE","stationId":12008101,"basinId":8,"status":"no_data","color":"#94a3b8","radius":7}},{"type":"Feature","id":"183","geometry":{"type":"Point","coordinates":[29.53028000000006,37.24472000000003]},"properties":{"OBJECTID":183,"IstNo":12008103,"SuAdi":"DALAMAN Ç.","IstAdi":"ÇAMKÖY","BolgeNo":18,"ILKODU":15,"ILCEKODU":1357,"HAVZA_ID":8,"entityId":"183","entityType":"hesStations","id":"183","name":"ÇAMKÖY","stationId":12008103,"basinId":8,"status":"no_data","color":"#94a3b8","radius":7}},{"type":"Feature","id":"184","geometry":{"type":"Point","coordinates":[29.623610000000042,36.94722000000007]},"properties":{"OBJECTID":184,"IstNo":12008107,"SuAdi":"BÜYÜKDERE","IstAdi":"KARAHASANTAŞI KÖP.","BolgeNo":21,"ILKODU":48,"ILCEKODU":2090,"HAVZA_ID":8,"entityId":"184","entityType":"hesStations","id":"184","name":"KARAHASANTAŞI KÖP.","stationId":12008107,"basinId":8,"status":"no_data","color":"#94a3b8","radius":7}},{"type":"Feature","id":"185","geometry":{"type":"Point","coordinates":[28.287500000000023,36.95306000000005]},"properties":{"OBJECTID":185,"IstNo":12008115,"SuAdi":"KOCAALAN D.","IstAdi":"MARMARİS","BolgeNo":21,"ILKODU":48,"ILCEKODU":1517,"HAVZA_ID":8,"entityId":"185","entityType":"hesStations","id":"185","name":"MARMARİS","stationId":12008115,"basinId":8,"status":"no_data","color":"#94a3b8","radius":7}},{"type":"Feature","id":"186","geometry":{"type":"Point","coordinates":[27.71222000000006,37.30639000000008]},"properties":{"OBJECTID":186,"IstNo":12008152,"SuAdi":"SARIÇAY","IstAdi":"DAMLIBOĞAZ KÖP.","BolgeNo":21,"ILKODU":48,"ILCEKODU":1528,"HAVZA_ID":8,"entityId":"186","entityType":"hesStations","id":"186","name":"DAMLIBOĞAZ KÖP.","stationId":12008152,"basinId":8,"status":"no_data","color":"#94a3b8","radius":7}},{"type":"Feature","id":"187","geometry":{"type":"Point","coordinates":[29.38722000000007,36.74750000000006]},"properties":{"OBJECTID":187,"IstNo":12008156,"SuAdi":"KOCAÇAY","IstAdi":"ÖREN REGÜLATÖR ÇIKIŞI","BolgeNo":21,"ILKODU":48,"ILCEKODU":2090,"HAVZA_ID":8,"entityId":"187","entityType":"hesStations","id":"187","name":"ÖREN REGÜLATÖR ÇIKIŞI","stationId":12008156,"basinId":8,"status":"no_data","color":"#94a3b8","radius":7}},{"type":"Feature","id":"188","geometry":{"type":"Point","coordinates":[31.09111000000007,37.81167000000005]},"properties":{"OBJECTID":188,"IstNo":12009002,"SuAdi":"YENİCE S.","IstAdi":"ZİNDAN BOĞAZI","BolgeNo":18,"ILKODU":32,"ILCEKODU":1755,"HAVZA_ID":9,"entityId":"188","entityType":"hesStations","id":"188","name":"ZİNDAN BOĞAZI","stationId":12009002,"basinId":9,"status":"no_data","color":"#94a3b8","radius":7}},{"type":"Feature","id":"189","geometry":{"type":"Point","coordinates":[32.12167000000005,36.549450000000036]},"properties":{"OBJECTID":189,"IstNo":12009006,"SuAdi":"DİM Ç.","IstAdi":"SAĞ SAHİL SULAMA KANALI","BolgeNo":13,"ILKODU":7,"ILCEKODU":1126,"HAVZA_ID":9,"entityId":"189","entityType":"hesStations","id":"189","name":"SAĞ SAHİL SULAMA KANALI","stationId":12009006,"basinId":9,"status":"no_data","color":"#94a3b8","radius":7}},{"type":"Feature","id":"190","geometry":{"type":"Point","coordinates":[30.050000000000068,37.13334000000003]},"properties":{"OBJECTID":190,"IstNo":12009011,"SuAdi":"KORKUTELİ Ç.","IstAdi":"SALAMUR BOĞAZI","BolgeNo":13,"ILKODU":7,"ILCEKODU":1483,"HAVZA_ID":9,"entityId":"190","entityType":"hesStations","id":"190","name":"SALAMUR BOĞAZI","stationId":12009011,"basinId":9,"status":"no_data","color":"#94a3b8","radius":7}},{"type":"Feature","id":"191","geometry":{"type":"Point","coordinates":[32.12167000000005,36.549450000000036]},"properties":{"OBJECTID":191,"IstNo":12009013,"SuAdi":"DİM Ç.","IstAdi":"REGÜLATÖR ÇIKIŞ","BolgeNo":13,"ILKODU":7,"ILCEKODU":1126,"HAVZA_ID":9,"entityId":"191","entityType":"hesStations","id":"191","name":"REGÜLATÖR ÇIKIŞ","stationId":12009013,"basinId":9,"status":"no_data","color":"#94a3b8","radius":7}},{"type":"Feature","id":"192","geometry":{"type":"Point","coordinates":[30.86889000000008,37.648610000000076]},"properties":{"OBJECTID":192,"IstNo":12009016,"SuAdi":"KOVADA G.","IstAdi":"ÇİKIS","BolgeNo":18,"ILKODU":32,"ILCEKODU":1297,"HAVZA_ID":9,"entityId":"192","entityType":"hesStations","id":"192","name":"ÇİKIS","stationId":12009016,"basinId":9,"status":"no_data","color":"#94a3b8","radius":7}},{"type":"Feature","id":"193","geometry":{"type":"Point","coordinates":[30.57361000000003,36.93472000000003]},"properties":{"OBJECTID":193,"IstNo":12009031,"SuAdi":"KARAMAN Ç.","IstAdi":"KAPUZ BOĞAZI","BolgeNo":13,"ILKODU":7,"ILCEKODU":2038,"HAVZA_ID":9,"entityId":"193","entityType":"hesStations","id":"193","name":"KAPUZ BOĞAZI","stationId":12009031,"basinId":9,"status":"no_data","color":"#94a3b8","radius":7}},{"type":"Feature","id":"194","geometry":{"type":"Point","coordinates":[30.942220000000077,37.13167000000004]},"properties":{"OBJECTID":194,"IstNo":12009034,"SuAdi":"KÜÇÜKAKSU","IstAdi":"GEBİZ","BolgeNo":13,"ILKODU":7,"ILCEKODU":1616,"HAVZA_ID":9,"entityId":"194","entityType":"hesStations","id":"194","name":"GEBİZ","stationId":12009034,"basinId":9,"status":"no_data","color":"#94a3b8","radius":7}},{"type":"Feature","id":"195","geometry":{"type":"Point","coordinates":[30.513330000000053,37.51500000000004]},"properties":{"OBJECTID":195,"IstNo":12009039,"SuAdi":"ONAÇ  BRJ.","IstAdi":"ONAŞ BARJ GİRIŞ","BolgeNo":18,"ILKODU":15,"ILCEKODU":1211,"HAVZA_ID":9,"entityId":"195","entityType":"hesStations","id":"195","name":"ONAŞ BARJ GİRIŞ","stationId":12009039,"basinId":9,"status":"no_data","color":"#94a3b8","radius":7}},{"type":"Feature","id":"196","geometry":{"type":"Point","coordinates":[30.52861000000007,37.64250000000004]},"properties":{"OBJECTID":196,"IstNo":12009042,"SuAdi":"AĞLASUN Ç.","IstAdi":"AĞLASUN","BolgeNo":18,"ILKODU":15,"ILCEKODU":1109,"HAVZA_ID":9,"entityId":"196","entityType":"hesStations","id":"196","name":"AĞLASUN","stationId":12009042,"basinId":9,"status":"no_data","color":"#94a3b8","radius":7}},{"type":"Feature","id":"197","geometry":{"type":"Point","coordinates":[30.755420000000072,36.93768000000006]},"properties":{"OBJECTID":197,"IstNo":12009056,"SuAdi":"DÜDEN Ç.","IstAdi":"REGÜLATÖR ÇIKIS","BolgeNo":13,"ILKODU":7,"ILCEKODU":2037,"HAVZA_ID":9,"entityId":"197","entityType":"hesStations","id":"197","name":"REGÜLATÖR ÇIKIS","stationId":12009056,"basinId":9,"status":"no_data","color":"#94a3b8","radius":7}},{"type":"Feature","id":"198","geometry":{"type":"Point","coordinates":[30.954720000000066,38.299450000000036]},"properties":{"OBJECTID":198,"IstNo":12009057,"SuAdi":"HOYRAN D.","IstAdi":"GÖKÇEALİ","BolgeNo":18,"ILKODU":32,"ILCEKODU":1717,"HAVZA_ID":9,"entityId":"198","entityType":"hesStations","id":"198","name":"GÖKÇEALİ","stationId":12009057,"basinId":9,"status":"no_data","color":"#94a3b8","radius":7}},{"type":"Feature","id":"199","geometry":{"type":"Point","coordinates":[30.898060000000044,37.83833000000004]},"properties":{"OBJECTID":199,"IstNo":12009060,"SuAdi":"ÇAYDERE","IstAdi":"EĞİRDİR GÖL GİRİŞ","BolgeNo":18,"ILKODU":32,"ILCEKODU":1297,"HAVZA_ID":9,"entityId":"199","entityType":"hesStations","id":"199","name":"EĞİRDİR GÖL GİRİŞ","stationId":12009060,"basinId":9,"status":"no_data","color":"#94a3b8","radius":7}},{"type":"Feature","id":"200","geometry":{"type":"Point","coordinates":[31.126940000000047,38.39417000000003]},"properties":{"OBJECTID":200,"IstNo":12009065,"SuAdi":"SÜCÜLLÜ BRJ.","IstAdi":"GİRİŞ","BolgeNo":18,"ILKODU":32,"ILCEKODU":1717,"HAVZA_ID":9,"entityId":"200","entityType":"hesStations","id":"200","name":"GİRİŞ","stationId":12009065,"basinId":9,"status":"no_data","color":"#94a3b8","radius":7}},{"type":"Feature","id":"201","geometry":{"type":"Point","coordinates":[31.622780000000034,36.74389000000008]},"properties":{"OBJECTID":201,"IstNo":12009067,"SuAdi":"KARPUZ Ç.","IstAdi":"UZUNLAR","BolgeNo":13,"ILKODU":7,"ILCEKODU":1512,"HAVZA_ID":9,"entityId":"201","entityType":"hesStations","id":"201","name":"UZUNLAR","stationId":12009067,"basinId":9,"status":"no_data","color":"#94a3b8","radius":7}},{"type":"Feature","id":"202","geometry":{"type":"Point","coordinates":[31.800000000000068,36.613890000000026]},"properties":{"OBJECTID":202,"IstNo":12009068,"SuAdi":"KARGI Ç.","IstAdi":"TÜRKLER","BolgeNo":13,"ILKODU":7,"ILCEKODU":1126,"HAVZA_ID":9,"entityId":"202","entityType":"hesStations","id":"202","name":"TÜRKLER","stationId":12009068,"basinId":9,"status":"no_data","color":"#94a3b8","radius":7}},{"type":"Feature","id":"203","geometry":{"type":"Point","coordinates":[30.99055000000004,38.13000000000005]},"properties":{"OBJECTID":203,"IstNo":12009075,"SuAdi":"GELENDOST D.","IstAdi":"AVŞAR KÖP.","BolgeNo":18,"ILKODU":32,"ILCEKODU":1341,"HAVZA_ID":9,"entityId":"203","entityType":"hesStations","id":"203","name":"AVŞAR KÖP.","stationId":12009075,"basinId":9,"status":"no_data","color":"#94a3b8","radius":7}},{"type":"Feature","id":"204","geometry":{"type":"Point","coordinates":[32.077780000000075,36.585000000000036]},"properties":{"OBJECTID":204,"IstNo":12009084,"SuAdi":"OBA Ç.","IstAdi":"KADIPINARI","BolgeNo":13,"ILKODU":7,"ILCEKODU":1126,"HAVZA_ID":9,"entityId":"204","entityType":"hesStations","id":"204","name":"KADIPINARI","stationId":12009084,"basinId":9,"status":"no_data","color":"#94a3b8","radius":7}},{"type":"Feature","id":"205","geometry":{"type":"Point","coordinates":[31.123610000000042,37.623050000000035]},"properties":{"OBJECTID":205,"IstNo":12009086,"SuAdi":"AKSU D.","IstAdi":"BELENCE","BolgeNo":18,"ILKODU":32,"ILCEKODU":1648,"HAVZA_ID":9,"entityId":"205","entityType":"hesStations","id":"205","name":"BELENCE","stationId":12009086,"basinId":9,"status":"no_data","color":"#94a3b8","radius":7}},{"type":"Feature","id":"206","geometry":{"type":"Point","coordinates":[30.984170000000063,37.46861000000007]},"properties":{"OBJECTID":206,"IstNo":12009088,"SuAdi":"DEĞİRMENDERE D.","IstAdi":"SÜTÇÜLER","BolgeNo":18,"ILKODU":32,"ILCEKODU":1648,"HAVZA_ID":9,"entityId":"206","entityType":"hesStations","id":"206","name":"SÜTÇÜLER","stationId":12009088,"basinId":9,"status":"no_data","color":"#94a3b8","radius":7}},{"type":"Feature","id":"207","geometry":{"type":"Point","coordinates":[30.912220000000048,37.462780000000066]},"properties":{"OBJECTID":207,"IstNo":12009089,"SuAdi":"DEĞİRMENDERE","IstAdi":"SELİMLER","BolgeNo":18,"ILKODU":32,"ILCEKODU":1648,"HAVZA_ID":9,"entityId":"207","entityType":"hesStations","id":"207","name":"SELİMLER","stationId":12009089,"basinId":9,"status":"no_data","color":"#94a3b8","radius":7}},{"type":"Feature","id":"208","geometry":{"type":"Point","coordinates":[30.580550000000073,37.07195000000007]},"properties":{"OBJECTID":208,"IstNo":12009091,"SuAdi":"TOPRAKSU MEVKİİ","IstAdi":"KIRKGÖZLER KANALI ","BolgeNo":13,"ILKODU":7,"ILCEKODU":2036,"HAVZA_ID":9,"entityId":"208","entityType":"hesStations","id":"208","name":"KIRKGÖZLER KANALI ","stationId":12009091,"basinId":9,"status":"no_data","color":"#94a3b8","radius":7}},{"type":"Feature","id":"209","geometry":{"type":"Point","coordinates":[30.467220000000054,36.825000000000045]},"properties":{"OBJECTID":209,"IstNo":12009095,"SuAdi":"ÇANDIR ÇAYI","IstAdi":"YEMİŞLİ PINAR MEVKİİ","BolgeNo":13,"ILKODU":7,"ILCEKODU":2038,"HAVZA_ID":9,"entityId":"209","entityType":"hesStations","id":"209","name":"YEMİŞLİ PINAR MEVKİİ","stationId":12009095,"basinId":9,"status":"no_data","color":"#94a3b8","radius":7}},{"type":"Feature","id":"210","geometry":{"type":"Point","coordinates":[30.805000000000064,37.270830000000046]},"properties":{"OBJECTID":210,"IstNo":12009098,"SuAdi":"AKSU Ç.","IstAdi":"KARGI REGÜLATÖRÜ","BolgeNo":13,"ILKODU":7,"ILCEKODU":1211,"HAVZA_ID":9,"entityId":"210","entityType":"hesStations","id":"210","name":"KARGI REGÜLATÖRÜ","stationId":12009098,"basinId":9,"status":"no_data","color":"#94a3b8","radius":7}},{"type":"Feature","id":"211","geometry":{"type":"Point","coordinates":[30.129170000000045,37.044170000000065]},"properties":{"OBJECTID":211,"IstNo":12009099,"SuAdi":"KOCANTI D.","IstAdi":"KARGALIK","BolgeNo":13,"ILKODU":7,"ILCEKODU":1483,"HAVZA_ID":9,"entityId":"211","entityType":"hesStations","id":"211","name":"KARGALIK","stationId":12009099,"basinId":9,"status":"no_data","color":"#94a3b8","radius":7}},{"type":"Feature","id":"212","geometry":{"type":"Point","coordinates":[31.155560000000037,37.659170000000074]},"properties":{"OBJECTID":212,"IstNo":12009100,"SuAdi":"BAŞAK D.","IstAdi":"YANIKKÖY","BolgeNo":18,"ILKODU":32,"ILCEKODU":1755,"HAVZA_ID":9,"entityId":"212","entityType":"hesStations","id":"212","name":"YANIKKÖY","stationId":12009100,"basinId":9,"status":"no_data","color":"#94a3b8","radius":7}},{"type":"Feature","id":"213","geometry":{"type":"Point","coordinates":[31.19972000000007,36.980000000000075]},"properties":{"OBJECTID":213,"IstNo":12009101,"SuAdi":"KÖPRÜÇAY","IstAdi":"KARAKAYA","BolgeNo":13,"ILKODU":7,"ILCEKODU":1616,"HAVZA_ID":9,"entityId":"213","entityType":"hesStations","id":"213","name":"KARAKAYA","stationId":12009101,"basinId":9,"status":"no_data","color":"#94a3b8","radius":7}},{"type":"Feature","id":"214","geometry":{"type":"Point","coordinates":[30.734170000000063,37.202780000000075]},"properties":{"OBJECTID":214,"IstNo":12009104,"SuAdi":"BEYBASAN D.","IstAdi":"AHIRTAŞ","BolgeNo":13,"ILKODU":7,"ILCEKODU":2036,"HAVZA_ID":9,"entityId":"214","entityType":"hesStations","id":"214","name":"AHIRTAŞ","stationId":12009104,"basinId":9,"status":"no_data","color":"#94a3b8","radius":7}},{"type":"Feature","id":"215","geometry":{"type":"Point","coordinates":[30.51194000000004,36.88972000000007]},"properties":{"OBJECTID":215,"IstNo":12009111,"SuAdi":"DOYRAN DERESİ","IstAdi":"DOYRAN","BolgeNo":13,"ILKODU":7,"ILCEKODU":2038,"HAVZA_ID":9,"entityId":"215","entityType":"hesStations","id":"215","name":"DOYRAN","stationId":12009111,"basinId":9,"status":"no_data","color":"#94a3b8","radius":7}},{"type":"Feature","id":"216","geometry":{"type":"Point","coordinates":[31.28472000000005,36.991660000000024]},"properties":{"OBJECTID":216,"IstNo":12009122,"SuAdi":"SAĞARİN D.","IstAdi":"ÇARDAK","BolgeNo":13,"ILKODU":7,"ILCEKODU":1512,"HAVZA_ID":9,"entityId":"216","entityType":"hesStations","id":"216","name":"ÇARDAK","stationId":12009122,"basinId":9,"status":"no_data","color":"#94a3b8","radius":7}},{"type":"Feature","id":"217","geometry":{"type":"Point","coordinates":[30.12778000000003,37.09889000000004]},"properties":{"OBJECTID":217,"IstNo":12009131,"SuAdi":"DEREKÖY Ç.","IstAdi":"DEREKÖY","BolgeNo":13,"ILKODU":7,"ILCEKODU":1483,"HAVZA_ID":9,"entityId":"217","entityType":"hesStations","id":"217","name":"DEREKÖY","stationId":12009131,"basinId":9,"status":"no_data","color":"#94a3b8","radius":7}},{"type":"Feature","id":"218","geometry":{"type":"Point","coordinates":[31.644720000000063,36.77750000000003]},"properties":{"OBJECTID":218,"IstNo":12009135,"SuAdi":"ÇİNGEN DERESİ","IstAdi":"MANAVGAT","BolgeNo":13,"ILKODU":7,"ILCEKODU":1512,"HAVZA_ID":9,"entityId":"218","entityType":"hesStations","id":"218","name":"MANAVGAT","stationId":12009135,"basinId":9,"status":"no_data","color":"#94a3b8","radius":7}},{"type":"Feature","id":"219","geometry":{"type":"Point","coordinates":[30.417500000000075,37.400280000000066]},"properties":{"OBJECTID":219,"IstNo":12009136,"SuAdi":"KESTEL GÖL ÇIKIŞI","IstAdi":"KESTEL TOPRAKDÜDEN","BolgeNo":18,"ILKODU":15,"ILCEKODU":1211,"HAVZA_ID":9,"entityId":"219","entityType":"hesStations","id":"219","name":"KESTEL TOPRAKDÜDEN","stationId":12009136,"basinId":9,"status":"no_data","color":"#94a3b8","radius":7}},{"type":"Feature","id":"220","geometry":{"type":"Point","coordinates":[30.86555000000004,37.838610000000074]},"properties":{"OBJECTID":220,"IstNo":12009137,"SuAdi":"EĞİRDİR GÖL ÇIKIŞI","IstAdi":"KOVADA KANALI","BolgeNo":18,"ILKODU":32,"ILCEKODU":1297,"HAVZA_ID":9,"entityId":"220","entityType":"hesStations","id":"220","name":"KOVADA KANALI","stationId":12009137,"basinId":9,"status":"no_data","color":"#94a3b8","radius":7}},{"type":"Feature","id":"221","geometry":{"type":"Point","coordinates":[30.788610000000062,37.553890000000024]},"properties":{"OBJECTID":221,"IstNo":12009139,"SuAdi":"KOVADA Ç.","IstAdi":"KOVADA VE GÖKBÜVET ÇKŞ","BolgeNo":18,"ILKODU":32,"ILCEKODU":1297,"HAVZA_ID":9,"entityId":"221","entityType":"hesStations","id":"221","name":"KOVADA VE GÖKBÜVET ÇKŞ","stationId":12009139,"basinId":9,"status":"no_data","color":"#94a3b8","radius":7}},{"type":"Feature","id":"222","geometry":{"type":"Point","coordinates":[30.580280000000073,37.81111000000004]},"properties":{"OBJECTID":222,"IstNo":12009140,"SuAdi":"DARI D.","IstAdi":"DARI DERESİ BRJ GİRİŞİ","BolgeNo":18,"ILKODU":32,"ILCEKODU":1401,"HAVZA_ID":9,"entityId":"222","entityType":"hesStations","id":"222","name":"DARI DERESİ BRJ GİRİŞİ","stationId":12009140,"basinId":9,"status":"no_data","color":"#94a3b8","radius":7}},{"type":"Feature","id":"223","geometry":{"type":"Point","coordinates":[30.81639000000007,37.65333000000004]},"properties":{"OBJECTID":223,"IstNo":12009141,"SuAdi":"ÇUKURKAYNAĞI","IstAdi":"ÇUKURKÖY","BolgeNo":18,"ILKODU":32,"ILCEKODU":1401,"HAVZA_ID":9,"entityId":"223","entityType":"hesStations","id":"223","name":"ÇUKURKÖY","stationId":12009141,"basinId":9,"status":"no_data","color":"#94a3b8","radius":7}},{"type":"Feature","id":"224","geometry":{"type":"Point","coordinates":[31.02806000000004,37.74556000000007]},"properties":{"OBJECTID":224,"IstNo":12009142,"SuAdi":"AKSU Ç.","IstAdi":"BAĞILLI KÖPRÜSÜ","BolgeNo":18,"ILKODU":32,"ILCEKODU":1297,"HAVZA_ID":9,"entityId":"224","entityType":"hesStations","id":"224","name":"BAĞILLI KÖPRÜSÜ","stationId":12009142,"basinId":9,"status":"no_data","color":"#94a3b8","radius":7}},{"type":"Feature","id":"225","geometry":{"type":"Point","coordinates":[30.073330000000055,37.62889000000007]},"properties":{"OBJECTID":225,"IstNo":12010013,"SuAdi":"BOZÇAY","IstAdi":"YAZIKÖY","BolgeNo":18,"ILKODU":15,"ILCEKODU":1215,"HAVZA_ID":10,"entityId":"225","entityType":"hesStations","id":"225","name":"YAZIKÖY","stationId":12010013,"basinId":10,"status":"no_data","color":"#94a3b8","radius":7}},{"type":"Feature","id":"226","geometry":{"type":"Point","coordinates":[30.046940000000063,37.85139000000004]},"properties":{"OBJECTID":226,"IstNo":12010032,"SuAdi":"DEĞİRMEN D.","IstAdi":"BAŞMAKCI-YAKA","BolgeNo":18,"ILKODU":3,"ILCEKODU":1771,"HAVZA_ID":10,"entityId":"226","entityType":"hesStations","id":"226","name":"BAŞMAKCI-YAKA","stationId":12010032,"basinId":10,"status":"no_data","color":"#94a3b8","radius":7}},{"type":"Feature","id":"227","geometry":{"type":"Point","coordinates":[29.820280000000025,37.42972000000003]},"properties":{"OBJECTID":227,"IstNo":12010040,"SuAdi":"DEGİRMEN D.","IstAdi":"KARAMANLI BARAJI GİRİŞ","BolgeNo":18,"ILKODU":15,"ILCEKODU":1813,"HAVZA_ID":10,"entityId":"227","entityType":"hesStations","id":"227","name":"KARAMANLI BARAJI GİRİŞ","stationId":12010040,"basinId":10,"status":"no_data","color":"#94a3b8","radius":7}},{"type":"Feature","id":"228","geometry":{"type":"Point","coordinates":[30.646390000000054,38.44889000000006]},"properties":{"OBJECTID":228,"IstNo":12011013,"SuAdi":"KALİ Ç.","IstAdi":"SELEVİR BRJ. GİRİŞ","BolgeNo":18,"ILKODU":3,"ILCEKODU":1664,"HAVZA_ID":11,"entityId":"228","entityType":"hesStations","id":"228","name":"SELEVİR BRJ. GİRİŞ","stationId":12011013,"basinId":11,"status":"no_data","color":"#94a3b8","radius":7}},{"type":"Feature","id":"229","geometry":{"type":"Point","coordinates":[31.420280000000048,38.27417000000003]},"properties":{"OBJECTID":229,"IstNo":12011015,"SuAdi":"ENGİLLİ D.","IstAdi":"CANKURTARAN","BolgeNo":18,"ILKODU":3,"ILCEKODU":1122,"HAVZA_ID":11,"entityId":"229","entityType":"hesStations","id":"229","name":"CANKURTARAN","stationId":12011015,"basinId":11,"status":"no_data","color":"#94a3b8","radius":7}},{"type":"Feature","id":"230","geometry":{"type":"Point","coordinates":[30.367500000000064,38.82444000000004]},"properties":{"OBJECTID":230,"IstNo":12011017,"SuAdi":"ARAPLI D.","IstAdi":"KÖPRÜLÜ","BolgeNo":18,"ILKODU":3,"ILCEKODU":1108,"HAVZA_ID":11,"entityId":"230","entityType":"hesStations","id":"230","name":"KÖPRÜLÜ","stationId":12011017,"basinId":11,"status":"no_data","color":"#94a3b8","radius":7}},{"type":"Feature","id":"231","geometry":{"type":"Point","coordinates":[31.023060000000044,38.54722000000004]},"properties":{"OBJECTID":231,"IstNo":12011021,"SuAdi":"ÇAY D.","IstAdi":"ÇAY","BolgeNo":18,"ILKODU":3,"ILCEKODU":1239,"HAVZA_ID":11,"entityId":"231","entityType":"hesStations","id":"231","name":"ÇAY","stationId":12011021,"basinId":11,"status":"no_data","color":"#94a3b8","radius":7}},{"type":"Feature","id":"232","geometry":{"type":"Point","coordinates":[31.023060000000044,38.664720000000045]},"properties":{"OBJECTID":232,"IstNo":12011023,"SuAdi":"EBER G.","IstAdi":"GİRİŞ","BolgeNo":18,"ILKODU":3,"ILCEKODU":1200,"HAVZA_ID":11,"entityId":"232","entityType":"hesStations","id":"232","name":"GİRİŞ","stationId":12011023,"basinId":11,"status":"no_data","color":"#94a3b8","radius":7}},{"type":"Feature","id":"233","geometry":{"type":"Point","coordinates":[30.033330000000035,39.343890000000044]},"properties":{"OBJECTID":233,"IstNo":12012033,"SuAdi":"PORSUK Ç.","IstAdi":"PORSUK ÇİFTLİĞİ","BolgeNo":3,"ILKODU":43,"ILCEKODU":1500,"HAVZA_ID":12,"entityId":"233","entityType":"hesStations","id":"233","name":"PORSUK ÇİFTLİĞİ","stationId":12012033,"basinId":12,"status":"no_data","color":"#94a3b8","radius":7}},{"type":"Feature","id":"234","geometry":{"type":"Point","coordinates":[30.477780000000052,39.75222000000008]},"properties":{"OBJECTID":234,"IstNo":12012044,"SuAdi":"PORSUK Ç.","IstAdi":"PORSUK ANAYATAK","BolgeNo":3,"ILKODU":26,"ILCEKODU":2046,"HAVZA_ID":12,"entityId":"234","entityType":"hesStations","id":"234","name":"PORSUK ANAYATAK","stationId":12012044,"basinId":12,"status":"no_data","color":"#94a3b8","radius":7}},{"type":"Feature","id":"235","geometry":{"type":"Point","coordinates":[30.424720000000036,39.73195000000004]},"properties":{"OBJECTID":235,"IstNo":12012054,"SuAdi":"PORSUK Ç.","IstAdi":"EŞENKARA","BolgeNo":3,"ILKODU":26,"ILCEKODU":2047,"HAVZA_ID":12,"entityId":"235","entityType":"hesStations","id":"235","name":"EŞENKARA","stationId":12012054,"basinId":12,"status":"no_data","color":"#94a3b8","radius":7}},{"type":"Feature","id":"236","geometry":{"type":"Point","coordinates":[30.400000000000034,39.63334000000003]},"properties":{"OBJECTID":236,"IstNo":12012063,"SuAdi":"ULU DERE","IstAdi":"ULUÇAYIR","BolgeNo":3,"ILKODU":26,"ILCEKODU":2046,"HAVZA_ID":12,"entityId":"236","entityType":"hesStations","id":"236","name":"ULUÇAYIR","stationId":12012063,"basinId":12,"status":"no_data","color":"#94a3b8","radius":7}},{"type":"Feature","id":"237","geometry":{"type":"Point","coordinates":[30.150000000000034,40.333330000000046]},"properties":{"OBJECTID":237,"IstNo":12012091,"SuAdi":"GÖYNÜK S.","IstAdi":"KAŞIKÇI","BolgeNo":3,"ILKODU":11,"ILCEKODU":1559,"HAVZA_ID":12,"entityId":"237","entityType":"hesStations","id":"237","name":"KAŞIKÇI","stationId":12012091,"basinId":12,"status":"no_data","color":"#94a3b8","radius":7}},{"type":"Feature","id":"238","geometry":{"type":"Point","coordinates":[30.266670000000033,39.583330000000046]},"properties":{"OBJECTID":238,"IstNo":12012101,"SuAdi":"KARGIN D.","IstAdi":"REG.DERİVASYON KAN.","BolgeNo":3,"ILKODU":26,"ILCEKODU":2046,"HAVZA_ID":12,"entityId":"238","entityType":"hesStations","id":"238","name":"REG.DERİVASYON KAN.","stationId":12012101,"basinId":12,"status":"no_data","color":"#94a3b8","radius":7}},{"type":"Feature","id":"239","geometry":{"type":"Point","coordinates":[32.85000000000008,39.833330000000046]},"properties":{"OBJECTID":239,"IstNo":12012118,"SuAdi":"ÇIKIŞI","IstAdi":"EYMİR GÖLÜ","BolgeNo":5,"ILKODU":6,"ILCEKODU":1231,"HAVZA_ID":12,"entityId":"239","entityType":"hesStations","id":"239","name":"EYMİR GÖLÜ","stationId":12012118,"basinId":12,"status":"no_data","color":"#94a3b8","radius":7}},{"type":"Feature","id":"240","geometry":{"type":"Point","coordinates":[32.70055000000008,40.33389000000005]},"properties":{"OBJECTID":240,"IstNo":12012126,"SuAdi":"MERA ÇAYI","IstAdi":"PAZAR YOL AYIRIMI","BolgeNo":5,"ILKODU":6,"ILCEKODU":1473,"HAVZA_ID":12,"entityId":"240","entityType":"hesStations","id":"240","name":"PAZAR YOL AYIRIMI","stationId":12012126,"basinId":12,"status":"no_data","color":"#94a3b8","radius":7}},{"type":"Feature","id":"241","geometry":{"type":"Point","coordinates":[29.446390000000065,40.06889000000007]},"properties":{"OBJECTID":241,"IstNo":12012135,"SuAdi":"CERRAH D.","IstAdi":"CERRAH","BolgeNo":1,"ILKODU":16,"ILCEKODU":1411,"HAVZA_ID":12,"entityId":"241","entityType":"hesStations","id":"241","name":"CERRAH","stationId":12012135,"basinId":12,"status":"no_data","color":"#94a3b8","radius":7}},{"type":"Feature","id":"242","geometry":{"type":"Point","coordinates":[30.533330000000035,40.38334000000003]},"properties":{"OBJECTID":242,"IstNo":12012146,"SuAdi":"GÖYNÜK Ç.","IstAdi":"YENİKÖY","BolgeNo":3,"ILKODU":54,"ILCEKODU":1847,"HAVZA_ID":12,"entityId":"242","entityType":"hesStations","id":"242","name":"YENİKÖY","stationId":12012146,"basinId":12,"status":"no_data","color":"#94a3b8","radius":7}},{"type":"Feature","id":"243","geometry":{"type":"Point","coordinates":[29.543060000000025,40.18861000000004]},"properties":{"OBJECTID":243,"IstNo":12012153,"SuAdi":"GÖKSU N.","IstAdi":"BOĞAZKÖY","BolgeNo":1,"ILKODU":16,"ILCEKODU":1725,"HAVZA_ID":12,"entityId":"243","entityType":"hesStations","id":"243","name":"BOĞAZKÖY","stationId":12012153,"basinId":12,"status":"no_data","color":"#94a3b8","radius":7}},{"type":"Feature","id":"244","geometry":{"type":"Point","coordinates":[29.56806000000006,40.022500000000036]},"properties":{"OBJECTID":244,"IstNo":12012155,"SuAdi":"AKÇASU","IstAdi":"ORTAKÖY","BolgeNo":1,"ILKODU":16,"ILCEKODU":1411,"HAVZA_ID":12,"entityId":"244","entityType":"hesStations","id":"244","name":"ORTAKÖY","stationId":12012155,"basinId":12,"status":"no_data","color":"#94a3b8","radius":7}},{"type":"Feature","id":"245","geometry":{"type":"Point","coordinates":[29.50556000000006,40.03861000000006]},"properties":{"OBJECTID":245,"IstNo":12012156,"SuAdi":"BEDRESU","IstAdi":"İSAÖREN","BolgeNo":1,"ILKODU":16,"ILCEKODU":1411,"HAVZA_ID":12,"entityId":"245","entityType":"hesStations","id":"245","name":"İSAÖREN","stationId":12012156,"basinId":12,"status":"no_data","color":"#94a3b8","radius":7}},{"type":"Feature","id":"246","geometry":{"type":"Point","coordinates":[29.687500000000057,40.22917000000007]},"properties":{"OBJECTID":246,"IstNo":12012164,"SuAdi":"BOĞAZDERE","IstAdi":"MAHMUDİYE","BolgeNo":1,"ILKODU":16,"ILCEKODU":1725,"HAVZA_ID":12,"entityId":"246","entityType":"hesStations","id":"246","name":"MAHMUDİYE","stationId":12012164,"basinId":12,"status":"no_data","color":"#94a3b8","radius":7}},{"type":"Feature","id":"247","geometry":{"type":"Point","coordinates":[29.983330000000024,40.450000000000045]},"properties":{"OBJECTID":247,"IstNo":12012167,"SuAdi":"PAPAZ D.","IstAdi":"AHİLER","BolgeNo":3,"ILKODU":54,"ILCEKODU":1559,"HAVZA_ID":12,"entityId":"247","entityType":"hesStations","id":"247","name":"AHİLER","stationId":12012167,"basinId":12,"status":"no_data","color":"#94a3b8","radius":7}},{"type":"Feature","id":"248","geometry":{"type":"Point","coordinates":[30.150000000000034,39.816670000000045]},"properties":{"OBJECTID":248,"IstNo":12012172,"SuAdi":"SARISU","IstAdi":"İNONÜ","BolgeNo":3,"ILKODU":26,"ILCEKODU":1808,"HAVZA_ID":12,"entityId":"248","entityType":"hesStations","id":"248","name":"İNONÜ","stationId":12012172,"basinId":12,"status":"no_data","color":"#94a3b8","radius":7}},{"type":"Feature","id":"249","geometry":{"type":"Point","coordinates":[29.408610000000067,40.11806000000007]},"properties":{"OBJECTID":249,"IstNo":12012175,"SuAdi":"KOCADERE","IstAdi":"AKİNCILAR","BolgeNo":1,"ILKODU":16,"ILCEKODU":1411,"HAVZA_ID":12,"entityId":"249","entityType":"hesStations","id":"249","name":"AKİNCILAR","stationId":12012175,"basinId":12,"status":"no_data","color":"#94a3b8","radius":7}},{"type":"Feature","id":"250","geometry":{"type":"Point","coordinates":[29.474080000000072,40.05465000000004]},"properties":{"OBJECTID":250,"IstNo":12012177,"SuAdi":"HOCAKÖY DERE","IstAdi":"HOCAKÖY","BolgeNo":1,"ILKODU":16,"ILCEKODU":1411,"HAVZA_ID":12,"entityId":"250","entityType":"hesStations","id":"250","name":"HOCAKÖY","stationId":12012177,"basinId":12,"status":"no_data","color":"#94a3b8","radius":7}},{"type":"Feature","id":"251","geometry":{"type":"Point","coordinates":[30.02639000000005,39.462500000000034]},"properties":{"OBJECTID":251,"IstNo":12012181,"SuAdi":"PORSUK Ç.","IstAdi":"ÇALÇA (Y.BOSNA)","BolgeNo":3,"ILKODU":43,"ILCEKODU":1500,"HAVZA_ID":12,"entityId":"251","entityType":"hesStations","id":"251","name":"ÇALÇA (Y.BOSNA)","stationId":12012181,"basinId":12,"status":"no_data","color":"#94a3b8","radius":7}},{"type":"Feature","id":"252","geometry":{"type":"Point","coordinates":[30.483330000000024,39.333330000000046]},"properties":{"OBJECTID":252,"IstNo":12012185,"SuAdi":"AKIN D.","IstAdi":"GEMİŞ","BolgeNo":3,"ILKODU":26,"ILCEKODU":1618,"HAVZA_ID":12,"entityId":"252","entityType":"hesStations","id":"252","name":"GEMİŞ","stationId":12012185,"basinId":12,"status":"no_data","color":"#94a3b8","radius":7}},{"type":"Feature","id":"253","geometry":{"type":"Point","coordinates":[30.333330000000046,40.71667000000008]},"properties":{"OBJECTID":253,"IstNo":12012186,"SuAdi":"ÇARK SUYU","IstAdi":"REGÜLATÖR ÇIKIŞI","BolgeNo":3,"ILKODU":54,"ILCEKODU":2069,"HAVZA_ID":12,"entityId":"253","entityType":"hesStations","id":"253","name":"REGÜLATÖR ÇIKIŞI","stationId":12012186,"basinId":12,"status":"no_data","color":"#94a3b8","radius":7}},{"type":"Feature","id":"254","geometry":{"type":"Point","coordinates":[31.342220000000054,40.239720000000034]},"properties":{"OBJECTID":254,"IstNo":12012188,"SuAdi":"NAL DERESİ","IstAdi":"YAKAPINAR","BolgeNo":5,"ILKODU":6,"ILCEKODU":1539,"HAVZA_ID":12,"entityId":"254","entityType":"hesStations","id":"254","name":"YAKAPINAR","stationId":12012188,"basinId":12,"status":"no_data","color":"#94a3b8","radius":7}},{"type":"Feature","id":"255","geometry":{"type":"Point","coordinates":[32.098610000000065,40.29445000000004]},"properties":{"OBJECTID":255,"IstNo":12012189,"SuAdi":"SÜVARİ ÇAYI","IstAdi":"ZEYDE","BolgeNo":5,"ILKODU":6,"ILCEKODU":1187,"HAVZA_ID":12,"entityId":"255","entityType":"hesStations","id":"255","name":"ZEYDE","stationId":12012189,"basinId":12,"status":"no_data","color":"#94a3b8","radius":7}},{"type":"Feature","id":"256","geometry":{"type":"Point","coordinates":[30.634720000000073,41.05917000000005]},"properties":{"OBJECTID":256,"IstNo":12012197,"SuAdi":"DARIÇAYIR D.","IstAdi":"KARAPINAR","BolgeNo":14,"ILKODU":54,"ILCEKODU":1442,"HAVZA_ID":12,"entityId":"256","entityType":"hesStations","id":"256","name":"KARAPINAR","stationId":12012197,"basinId":12,"status":"no_data","color":"#94a3b8","radius":7}},{"type":"Feature","id":"257","geometry":{"type":"Point","coordinates":[30.197500000000048,40.86722000000003]},"properties":{"OBJECTID":257,"IstNo":12012208,"SuAdi":"BUDAKLAR D.","IstAdi":"AKMEŞE","BolgeNo":1,"ILKODU":41,"ILCEKODU":2062,"HAVZA_ID":12,"entityId":"257","entityType":"hesStations","id":"257","name":"AKMEŞE","stationId":12012208,"basinId":12,"status":"no_data","color":"#94a3b8","radius":7}},{"type":"Feature","id":"258","geometry":{"type":"Point","coordinates":[32.79722000000004,39.80000000000007]},"properties":{"OBJECTID":258,"IstNo":12012211,"SuAdi":"MOGAN","IstAdi":"MOGAN GÖLÜ ÇIKIŞI","BolgeNo":5,"ILKODU":6,"ILCEKODU":1744,"HAVZA_ID":12,"entityId":"258","entityType":"hesStations","id":"258","name":"MOGAN GÖLÜ ÇIKIŞI","stationId":12012211,"basinId":12,"status":"no_data","color":"#94a3b8","radius":7}},{"type":"Feature","id":"259","geometry":{"type":"Point","coordinates":[30.44124000000005,41.051030000000026]},"properties":{"OBJECTID":259,"IstNo":12012218,"SuAdi":"KOCA D.","IstAdi":"DOKUZOLUK","BolgeNo":14,"ILKODU":54,"ILCEKODU":1453,"HAVZA_ID":12,"entityId":"259","entityType":"hesStations","id":"259","name":"DOKUZOLUK","stationId":12012218,"basinId":12,"status":"no_data","color":"#94a3b8","radius":7}},{"type":"Feature","id":"260","geometry":{"type":"Point","coordinates":[30.262780000000078,41.00484000000006]},"properties":{"OBJECTID":260,"IstNo":12012219,"SuAdi":"ANADERE","IstAdi":"ŞAHTIMARI","BolgeNo":14,"ILKODU":54,"ILCEKODU":1453,"HAVZA_ID":12,"entityId":"260","entityType":"hesStations","id":"260","name":"ŞAHTIMARI","stationId":12012219,"basinId":12,"status":"no_data","color":"#94a3b8","radius":7}},{"type":"Feature","id":"261","geometry":{"type":"Point","coordinates":[30.313060000000064,40.893890000000056]},"properties":{"OBJECTID":261,"IstNo":12012224,"SuAdi":"AKMEŞE D.","IstAdi":"DEREKÖY","BolgeNo":14,"ILKODU":54,"ILCEKODU":2068,"HAVZA_ID":12,"entityId":"261","entityType":"hesStations","id":"261","name":"DEREKÖY","stationId":12012224,"basinId":12,"status":"no_data","color":"#94a3b8","radius":7}},{"type":"Feature","id":"262","geometry":{"type":"Point","coordinates":[32.44139000000007,40.18278000000004]},"properties":{"OBJECTID":262,"IstNo":12012240,"SuAdi":"İLHAN ÇAYI","IstAdi":"BAYAT","BolgeNo":5,"ILKODU":6,"ILCEKODU":1157,"HAVZA_ID":12,"entityId":"262","entityType":"hesStations","id":"262","name":"BAYAT","stationId":12012240,"basinId":12,"status":"no_data","color":"#94a3b8","radius":7}},{"type":"Feature","id":"263","geometry":{"type":"Point","coordinates":[32.681670000000054,40.35056000000003]},"properties":{"OBJECTID":263,"IstNo":12012242,"SuAdi":"MERA ÇAYI","IstAdi":"UĞURLU","BolgeNo":5,"ILKODU":6,"ILCEKODU":1473,"HAVZA_ID":12,"entityId":"263","entityType":"hesStations","id":"263","name":"UĞURLU","stationId":12012242,"basinId":12,"status":"no_data","color":"#94a3b8","radius":7}},{"type":"Feature","id":"264","geometry":{"type":"Point","coordinates":[32.412780000000055,40.148060000000044]},"properties":{"OBJECTID":264,"IstNo":12012243,"SuAdi":"KARA DERE","IstAdi":"ENDİL BOĞAZI","BolgeNo":5,"ILKODU":6,"ILCEKODU":1157,"HAVZA_ID":12,"entityId":"264","entityType":"hesStations","id":"264","name":"ENDİL BOĞAZI","stationId":12012243,"basinId":12,"status":"no_data","color":"#94a3b8","radius":7}},{"type":"Feature","id":"265","geometry":{"type":"Point","coordinates":[32.26167000000004,40.237220000000036]},"properties":{"OBJECTID":265,"IstNo":12012244,"SuAdi":"KİRMİR ÇAYI","IstAdi":"YEŞİLÖZ KÖPRÜSÜ","BolgeNo":5,"ILKODU":6,"ILCEKODU":1365,"HAVZA_ID":12,"entityId":"265","entityType":"hesStations","id":"265","name":"YEŞİLÖZ KÖPRÜSÜ","stationId":12012244,"basinId":12,"status":"no_data","color":"#94a3b8","radius":7}},{"type":"Feature","id":"266","geometry":{"type":"Point","coordinates":[29.52389000000005,39.986950000000036]},"properties":{"OBJECTID":266,"IstNo":12012248,"SuAdi":"BOSTANDERE","IstAdi":"MADEN KÖY","BolgeNo":1,"ILKODU":16,"ILCEKODU":1411,"HAVZA_ID":12,"entityId":"266","entityType":"hesStations","id":"266","name":"MADEN KÖY","stationId":12012248,"basinId":12,"status":"no_data","color":"#94a3b8","radius":7}},{"type":"Feature","id":"267","geometry":{"type":"Point","coordinates":[29.671530000000075,39.941320000000076]},"properties":{"OBJECTID":267,"IstNo":12012249,"SuAdi":"BALIKLI DERE","IstAdi":"TÜFEKÇİ KONAĞI","BolgeNo":1,"ILKODU":16,"ILCEKODU":1411,"HAVZA_ID":12,"entityId":"267","entityType":"hesStations","id":"267","name":"TÜFEKÇİ KONAĞI","stationId":12012249,"basinId":12,"status":"no_data","color":"#94a3b8","radius":7}},{"type":"Feature","id":"268","geometry":{"type":"Point","coordinates":[32.27639000000005,40.119170000000054]},"properties":{"OBJECTID":268,"IstNo":12012250,"SuAdi":"İLHAN ÇAYI","IstAdi":"İLHAN REGÜLATÖRÜ","BolgeNo":5,"ILKODU":6,"ILCEKODU":1157,"HAVZA_ID":12,"entityId":"268","entityType":"hesStations","id":"268","name":"İLHAN REGÜLATÖRÜ","stationId":12012250,"basinId":12,"status":"no_data","color":"#94a3b8","radius":7}},{"type":"Feature","id":"269","geometry":{"type":"Point","coordinates":[30.257220000000075,40.68444000000005]},"properties":{"OBJECTID":269,"IstNo":12012254,"SuAdi":"İSTANBUL D.","IstAdi":"İSTANBUL","BolgeNo":3,"ILKODU":54,"ILCEKODU":1595,"HAVZA_ID":12,"entityId":"269","entityType":"hesStations","id":"269","name":"İSTANBUL","stationId":12012254,"basinId":12,"status":"no_data","color":"#94a3b8","radius":7}},{"type":"Feature","id":"270","geometry":{"type":"Point","coordinates":[30.21861000000007,40.66555000000005]},"properties":{"OBJECTID":270,"IstNo":12012255,"SuAdi":"MAHMUDİYE D.","IstAdi":"MAHMUDİYE ","BolgeNo":3,"ILKODU":54,"ILCEKODU":1595,"HAVZA_ID":12,"entityId":"270","entityType":"hesStations","id":"270","name":"MAHMUDİYE ","stationId":12012255,"basinId":12,"status":"no_data","color":"#94a3b8","radius":7}},{"type":"Feature","id":"271","geometry":{"type":"Point","coordinates":[30.141670000000033,40.716950000000054]},"properties":{"OBJECTID":271,"IstNo":12012256,"SuAdi":"BALIKHANE D.","IstAdi":"BALIKHANE","BolgeNo":3,"ILKODU":54,"ILCEKODU":2063,"HAVZA_ID":12,"entityId":"271","entityType":"hesStations","id":"271","name":"BALIKHANE","stationId":12012256,"basinId":12,"status":"no_data","color":"#94a3b8","radius":7}},{"type":"Feature","id":"272","geometry":{"type":"Point","coordinates":[30.161670000000072,40.68222000000003]},"properties":{"OBJECTID":272,"IstNo":12012258,"SuAdi":"YANIK D.","IstAdi":"YANIK","BolgeNo":3,"ILKODU":54,"ILCEKODU":1595,"HAVZA_ID":12,"entityId":"272","entityType":"hesStations","id":"272","name":"YANIK","stationId":12012258,"basinId":12,"status":"no_data","color":"#94a3b8","radius":7}},{"type":"Feature","id":"273","geometry":{"type":"Point","coordinates":[30.275550000000067,40.69111000000004]},"properties":{"OBJECTID":273,"IstNo":12012261,"SuAdi":"SARP D.","IstAdi":"SARP","BolgeNo":3,"ILKODU":54,"ILCEKODU":1595,"HAVZA_ID":12,"entityId":"273","entityType":"hesStations","id":"273","name":"SARP","stationId":12012261,"basinId":12,"status":"no_data","color":"#94a3b8","radius":7}},{"type":"Feature","id":"274","geometry":{"type":"Point","coordinates":[29.810280000000034,40.28222000000005]},"properties":{"OBJECTID":274,"IstNo":12012264,"SuAdi":"GÖKSU Ç.","IstAdi":"HAYRİYE","BolgeNo":1,"ILKODU":16,"ILCEKODU":1725,"HAVZA_ID":12,"entityId":"274","entityType":"hesStations","id":"274","name":"HAYRİYE","stationId":12012264,"basinId":12,"status":"no_data","color":"#94a3b8","radius":7}},{"type":"Feature","id":"275","geometry":{"type":"Point","coordinates":[30.36444000000006,40.087780000000066]},"properties":{"OBJECTID":275,"IstNo":12012270,"SuAdi":"KOYUNLU","IstAdi":"SAKARYA NEHRİ","BolgeNo":3,"ILKODU":11,"ILCEKODU":1948,"HAVZA_ID":12,"entityId":"275","entityType":"hesStations","id":"275","name":"SAKARYA NEHRİ","stationId":12012270,"basinId":12,"status":"no_data","color":"#94a3b8","radius":7}},{"type":"Feature","id":"276","geometry":{"type":"Point","coordinates":[30.55445000000003,41.11833000000007]},"properties":{"OBJECTID":276,"IstNo":12012271,"SuAdi":"ACARLAR ","IstAdi":"ACARLAR LONGOZU","BolgeNo":3,"ILKODU":54,"ILCEKODU":1442,"HAVZA_ID":12,"entityId":"276","entityType":"hesStations","id":"276","name":"ACARLAR LONGOZU","stationId":12012271,"basinId":12,"status":"no_data","color":"#94a3b8","radius":7}},{"type":"Feature","id":"277","geometry":{"type":"Point","coordinates":[31.892220000000066,38.279450000000054]},"properties":{"OBJECTID":277,"IstNo":12012280,"SuAdi":"ÇİGİL D.","IstAdi":"DERİVASYON KAN.","BolgeNo":4,"ILKODU":42,"ILCEKODU":1400,"HAVZA_ID":12,"entityId":"277","entityType":"hesStations","id":"277","name":"DERİVASYON KAN.","stationId":12012280,"basinId":12,"status":"no_data","color":"#94a3b8","radius":7}},{"type":"Feature","id":"278","geometry":{"type":"Point","coordinates":[42.69722000000007,36.701670000000036]},"properties":{"OBJECTID":278,"IstNo":12012281,"SuAdi":"KALE REG.","IstAdi":"GİRİŞ (ZAFERIYE KÖP.)","BolgeNo":4,"ILKODU":42,"ILCEKODU":null,"HAVZA_ID":null,"entityId":"278","entityType":"hesStations","id":"278","name":"GİRİŞ (ZAFERIYE KÖP.)","stationId":12012281,"basinId":null,"status":"no_data","color":"#94a3b8","radius":7}},{"type":"Feature","id":"279","geometry":{"type":"Point","coordinates":[32.02806000000004,38.19056000000006]},"properties":{"OBJECTID":279,"IstNo":12012283,"SuAdi":"TEKKE D.","IstAdi":"MAHMUTHİSAR","BolgeNo":4,"ILKODU":42,"ILCEKODU":1400,"HAVZA_ID":12,"entityId":"279","entityType":"hesStations","id":"279","name":"MAHMUTHİSAR","stationId":12012283,"basinId":12,"status":"no_data","color":"#94a3b8","radius":7}},{"type":"Feature","id":"280","geometry":{"type":"Point","coordinates":[31.98861000000005,38.198060000000055]},"properties":{"OBJECTID":280,"IstNo":12012284,"SuAdi":"ELDEŞ D.","IstAdi":"ELDEŞ","BolgeNo":4,"ILKODU":42,"ILCEKODU":1400,"HAVZA_ID":12,"entityId":"280","entityType":"hesStations","id":"280","name":"ELDEŞ","stationId":12012284,"basinId":12,"status":"no_data","color":"#94a3b8","radius":7}},{"type":"Feature","id":"281","geometry":{"type":"Point","coordinates":[31.94306000000006,38.21222000000006]},"properties":{"OBJECTID":281,"IstNo":12012285,"SuAdi":"BULCUK D.","IstAdi":"BULCUK","BolgeNo":4,"ILKODU":42,"ILCEKODU":1400,"HAVZA_ID":12,"entityId":"281","entityType":"hesStations","id":"281","name":"BULCUK","stationId":12012285,"basinId":12,"status":"no_data","color":"#94a3b8","radius":7}},{"type":"Feature","id":"282","geometry":{"type":"Point","coordinates":[31.90306000000004,38.23917000000006]},"properties":{"OBJECTID":282,"IstNo":12012286,"SuAdi":"BOLASAN DERİV.KAN.","IstAdi":"SARAYCIK","BolgeNo":4,"ILKODU":42,"ILCEKODU":1400,"HAVZA_ID":12,"entityId":"282","entityType":"hesStations","id":"282","name":"SARAYCIK","stationId":12012286,"basinId":12,"status":"no_data","color":"#94a3b8","radius":7}},{"type":"Feature","id":"283","geometry":{"type":"Point","coordinates":[31.728060000000028,38.30750000000006]},"properties":{"OBJECTID":283,"IstNo":12012287,"SuAdi":"ÇEBİŞÇİ S.","IstAdi":"ARGITHANI","BolgeNo":4,"ILKODU":42,"ILCEKODU":1400,"HAVZA_ID":12,"entityId":"283","entityType":"hesStations","id":"283","name":"ARGITHANI","stationId":12012287,"basinId":12,"status":"no_data","color":"#94a3b8","radius":7}},{"type":"Feature","id":"284","geometry":{"type":"Point","coordinates":[31.52639000000005,40.67972000000003]},"properties":{"OBJECTID":284,"IstNo":12013008,"SuAdi":"MUDURNU ÇAYI","IstAdi":"AKKAYA (AKMİNA)","BolgeNo":5,"ILKODU":14,"ILCEKODU":1199,"HAVZA_ID":13,"entityId":"284","entityType":"hesStations","id":"284","name":"AKKAYA (AKMİNA)","stationId":12013008,"basinId":13,"status":"no_data","color":"#94a3b8","radius":7}},{"type":"Feature","id":"285","geometry":{"type":"Point","coordinates":[31.050280000000043,40.90333000000004]},"properties":{"OBJECTID":285,"IstNo":12013010,"SuAdi":"ÇİLİMLİ DERESİ","IstAdi":"ÇİLİMLİ","BolgeNo":5,"ILKODU":81,"ILCEKODU":1905,"HAVZA_ID":13,"entityId":"285","entityType":"hesStations","id":"285","name":"ÇİLİMLİ","stationId":12013010,"basinId":13,"status":"no_data","color":"#94a3b8","radius":7}},{"type":"Feature","id":"286","geometry":{"type":"Point","coordinates":[32.41139000000004,41.560280000000034]},"properties":{"OBJECTID":286,"IstNo":12013014,"SuAdi":"ULUS Ç.","IstAdi":"BAYIRYÜZÜ","BolgeNo":23,"ILKODU":74,"ILCEKODU":1172,"HAVZA_ID":13,"entityId":"286","entityType":"hesStations","id":"286","name":"BAYIRYÜZÜ","stationId":12013014,"basinId":13,"status":"no_data","color":"#94a3b8","radius":7}},{"type":"Feature","id":"287","geometry":{"type":"Point","coordinates":[33.50222000000008,41.59945000000005]},"properties":{"OBJECTID":287,"IstNo":12013015,"SuAdi":"DEVREKANİ Ç.","IstAdi":"CÜRÜMÖREN","BolgeNo":23,"ILKODU":37,"ILCEKODU":1264,"HAVZA_ID":13,"entityId":"287","entityType":"hesStations","id":"287","name":"CÜRÜMÖREN","stationId":12013015,"basinId":13,"status":"no_data","color":"#94a3b8","radius":7}},{"type":"Feature","id":"288","geometry":{"type":"Point","coordinates":[33.94695000000007,41.62333000000007]},"properties":{"OBJECTID":288,"IstNo":12013021,"SuAdi":"DEVREKANİ Ç.","IstAdi":"ÇORBACI","BolgeNo":23,"ILKODU":37,"ILCEKODU":1277,"HAVZA_ID":13,"entityId":"288","entityType":"hesStations","id":"288","name":"ÇORBACI","stationId":12013021,"basinId":13,"status":"no_data","color":"#94a3b8","radius":7}},{"type":"Feature","id":"289","geometry":{"type":"Point","coordinates":[31.387780000000078,40.93945000000008]},"properties":{"OBJECTID":289,"IstNo":12013033,"SuAdi":"KÜÇÜK MELEN DERESİ","IstAdi":"İĞNELER","BolgeNo":5,"ILKODU":81,"ILCEKODU":1730,"HAVZA_ID":13,"entityId":"289","entityType":"hesStations","id":"289","name":"İĞNELER","stationId":12013033,"basinId":13,"status":"no_data","color":"#94a3b8","radius":7}},{"type":"Feature","id":"290","geometry":{"type":"Point","coordinates":[32.990830000000074,40.76194000000004]},"properties":{"OBJECTID":290,"IstNo":12013036,"SuAdi":"HACILAR DERESİ","IstAdi":"YALAKÖZÜ","BolgeNo":5,"ILKODU":18,"ILCEKODU":1248,"HAVZA_ID":13,"entityId":"290","entityType":"hesStations","id":"290","name":"YALAKÖZÜ","stationId":12013036,"basinId":13,"status":"no_data","color":"#94a3b8","radius":7}},{"type":"Feature","id":"291","geometry":{"type":"Point","coordinates":[32.764170000000036,41.21917000000008]},"properties":{"OBJECTID":291,"IstNo":12013037,"SuAdi":"EFLANİ Ç.","IstAdi":"ÇEVRİKKÖPRÜ","BolgeNo":23,"ILKODU":78,"ILCEKODU":1587,"HAVZA_ID":13,"entityId":"291","entityType":"hesStations","id":"291","name":"ÇEVRİKKÖPRÜ","stationId":12013037,"basinId":13,"status":"no_data","color":"#94a3b8","radius":7}},{"type":"Feature","id":"292","geometry":{"type":"Point","coordinates":[31.385560000000055,40.91722000000004]},"properties":{"OBJECTID":292,"IstNo":12013038,"SuAdi":"KARA DERE","IstAdi":"KIRIK","BolgeNo":5,"ILKODU":81,"ILCEKODU":1730,"HAVZA_ID":13,"entityId":"292","entityType":"hesStations","id":"292","name":"KIRIK","stationId":12013038,"basinId":13,"status":"no_data","color":"#94a3b8","radius":7}},{"type":"Feature","id":"293","geometry":{"type":"Point","coordinates":[32.387500000000045,41.46167000000003]},"properties":{"OBJECTID":293,"IstNo":12013039,"SuAdi":"KOCANAZ Ç.","IstAdi":"BOĞAZKÖY","BolgeNo":23,"ILKODU":74,"ILCEKODU":1172,"HAVZA_ID":13,"entityId":"293","entityType":"hesStations","id":"293","name":"BOĞAZKÖY","stationId":12013039,"basinId":13,"status":"no_data","color":"#94a3b8","radius":7}},{"type":"Feature","id":"294","geometry":{"type":"Point","coordinates":[31.776670000000024,41.42805000000004]},"properties":{"OBJECTID":294,"IstNo":12013042,"SuAdi":"İHSANİYE D.","IstAdi":"İHSANİYE","BolgeNo":23,"ILKODU":67,"ILCEKODU":2101,"HAVZA_ID":13,"entityId":"294","entityType":"hesStations","id":"294","name":"İHSANİYE","stationId":12013042,"basinId":13,"status":"no_data","color":"#94a3b8","radius":7}},{"type":"Feature","id":"295","geometry":{"type":"Point","coordinates":[31.983330000000024,40.68333000000007]},"properties":{"OBJECTID":295,"IstNo":12013045,"SuAdi":"ULUSU DERESİ","IstAdi":"YAĞBAŞLAR","BolgeNo":5,"ILKODU":14,"ILCEKODU":1916,"HAVZA_ID":13,"entityId":"295","entityType":"hesStations","id":"295","name":"YAĞBAŞLAR","stationId":12013045,"basinId":13,"status":"no_data","color":"#94a3b8","radius":7}},{"type":"Feature","id":"296","geometry":{"type":"Point","coordinates":[32.22306000000003,40.65805000000006]},"properties":{"OBJECTID":296,"IstNo":12013046,"SuAdi":"MARKOŞA DERESİ","IstAdi":"SALUR KÖPRÜSÜ","BolgeNo":5,"ILKODU":14,"ILCEKODU":1346,"HAVZA_ID":13,"entityId":"296","entityType":"hesStations","id":"296","name":"SALUR KÖPRÜSÜ","stationId":12013046,"basinId":13,"status":"no_data","color":"#94a3b8","radius":7}},{"type":"Feature","id":"297","geometry":{"type":"Point","coordinates":[31.827220000000068,41.329440000000034]},"properties":{"OBJECTID":297,"IstNo":12013047,"SuAdi":"DEREKÖY D.","IstAdi":"YÜZBAŞIPINARI","BolgeNo":23,"ILKODU":67,"ILCEKODU":1741,"HAVZA_ID":13,"entityId":"297","entityType":"hesStations","id":"297","name":"YÜZBAŞIPINARI","stationId":12013047,"basinId":13,"status":"no_data","color":"#94a3b8","radius":7}},{"type":"Feature","id":"298","geometry":{"type":"Point","coordinates":[32.58222000000006,41.683890000000076]},"properties":{"OBJECTID":298,"IstNo":12013049,"SuAdi":"ARIT Ç.","IstAdi":"DARIÖREN","BolgeNo":23,"ILKODU":74,"ILCEKODU":1172,"HAVZA_ID":13,"entityId":"298","entityType":"hesStations","id":"298","name":"DARIÖREN","stationId":12013049,"basinId":13,"status":"no_data","color":"#94a3b8","radius":7}},{"type":"Feature","id":"299","geometry":{"type":"Point","coordinates":[35.04833000000008,41.84917000000007]},"properties":{"OBJECTID":299,"IstNo":12013050,"SuAdi":"İSPA Ç.","IstAdi":"ŞAMLIOĞLU","BolgeNo":7,"ILKODU":57,"ILCEKODU":1627,"HAVZA_ID":13,"entityId":"299","entityType":"hesStations","id":"299","name":"ŞAMLIOĞLU","stationId":12013050,"basinId":13,"status":"no_data","color":"#94a3b8","radius":7}},{"type":"Feature","id":"300","geometry":{"type":"Point","coordinates":[32.93889000000007,41.877500000000055]},"properties":{"OBJECTID":300,"IstNo":12013052,"SuAdi":"KOCAÇAY","IstAdi":"CİDE","BolgeNo":23,"ILKODU":37,"ILCEKODU":1221,"HAVZA_ID":13,"entityId":"300","entityType":"hesStations","id":"300","name":"CİDE","stationId":12013052,"basinId":13,"status":"no_data","color":"#94a3b8","radius":7}},{"type":"Feature","id":"301","geometry":{"type":"Point","coordinates":[30.783330000000035,41.066670000000045]},"properties":{"OBJECTID":301,"IstNo":12013055,"SuAdi":"KARACASU","IstAdi":"KUYUMCULU","BolgeNo":3,"ILKODU":54,"ILCEKODU":1442,"HAVZA_ID":12,"entityId":"301","entityType":"hesStations","id":"301","name":"KUYUMCULU","stationId":12013055,"basinId":12,"status":"no_data","color":"#94a3b8","radius":7}},{"type":"Feature","id":"302","geometry":{"type":"Point","coordinates":[33.32278000000008,41.239720000000034]},"properties":{"OBJECTID":302,"IstNo":12013061,"SuAdi":"ARAÇ Ç.","IstAdi":"ARAÇ","BolgeNo":23,"ILKODU":37,"ILCEKODU":1140,"HAVZA_ID":13,"entityId":"302","entityType":"hesStations","id":"302","name":"ARAÇ","stationId":12013061,"basinId":13,"status":"no_data","color":"#94a3b8","radius":7}},{"type":"Feature","id":"303","geometry":{"type":"Point","coordinates":[32.74111000000005,41.21639000000005]},"properties":{"OBJECTID":303,"IstNo":12013062,"SuAdi":"ARAÇ Ç.","IstAdi":"KARIT","BolgeNo":23,"ILKODU":78,"ILCEKODU":1587,"HAVZA_ID":13,"entityId":"303","entityType":"hesStations","id":"303","name":"KARIT","stationId":12013062,"basinId":13,"status":"no_data","color":"#94a3b8","radius":7}},{"type":"Feature","id":"304","geometry":{"type":"Point","coordinates":[32.67861000000005,41.131110000000035]},"properties":{"OBJECTID":304,"IstNo":12013063,"SuAdi":"SOĞANLI Ç.","IstAdi":"CEMALLER","BolgeNo":23,"ILKODU":78,"ILCEKODU":1433,"HAVZA_ID":13,"entityId":"304","entityType":"hesStations","id":"304","name":"CEMALLER","stationId":12013063,"basinId":13,"status":"no_data","color":"#94a3b8","radius":7}},{"type":"Feature","id":"305","geometry":{"type":"Point","coordinates":[33.22583000000003,40.95667000000003]},"properties":{"OBJECTID":305,"IstNo":12013064,"SuAdi":"GEREDE ÇAYI","IstAdi":"BAYRAMÖREN","BolgeNo":5,"ILKODU":18,"ILCEKODU":1885,"HAVZA_ID":13,"entityId":"305","entityType":"hesStations","id":"305","name":"BAYRAMÖREN","stationId":12013064,"basinId":13,"status":"no_data","color":"#94a3b8","radius":7}},{"type":"Feature","id":"306","geometry":{"type":"Point","coordinates":[31.866670000000056,40.863330000000076]},"properties":{"OBJECTID":306,"IstNo":12013065,"SuAdi":"BÜYÜKSU ÇAYI","IstAdi":"KÜPLÜCE KÖPRÜSÜ","BolgeNo":5,"ILKODU":14,"ILCEKODU":1522,"HAVZA_ID":13,"entityId":"306","entityType":"hesStations","id":"306","name":"KÜPLÜCE KÖPRÜSÜ","stationId":12013065,"basinId":13,"status":"no_data","color":"#94a3b8","radius":7}},{"type":"Feature","id":"307","geometry":{"type":"Point","coordinates":[31.160550000000057,40.837500000000034]},"properties":{"OBJECTID":307,"IstNo":12013066,"SuAdi":"ASAR SUYU","IstAdi":"DÜZCE(MERKEZ)","BolgeNo":5,"ILKODU":81,"ILCEKODU":1292,"HAVZA_ID":13,"entityId":"307","entityType":"hesStations","id":"307","name":"DÜZCE(MERKEZ)","stationId":12013066,"basinId":13,"status":"no_data","color":"#94a3b8","radius":7}},{"type":"Feature","id":"308","geometry":{"type":"Point","coordinates":[31.43972000000008,40.67528000000004]},"properties":{"OBJECTID":308,"IstNo":12013068,"SuAdi":"ABANT DERESİ","IstAdi":"AKÇAALAN","BolgeNo":5,"ILKODU":14,"ILCEKODU":1199,"HAVZA_ID":13,"entityId":"308","entityType":"hesStations","id":"308","name":"AKÇAALAN","stationId":12013068,"basinId":13,"status":"no_data","color":"#94a3b8","radius":7}},{"type":"Feature","id":"309","geometry":{"type":"Point","coordinates":[31.634720000000073,40.789720000000045]},"properties":{"OBJECTID":309,"IstNo":12013070,"SuAdi":"HIZAR DERESİ","IstAdi":"BAYRAMIŞLAR KÖPRÜSÜ","BolgeNo":5,"ILKODU":14,"ILCEKODU":1199,"HAVZA_ID":13,"entityId":"309","entityType":"hesStations","id":"309","name":"BAYRAMIŞLAR KÖPRÜSÜ","stationId":12013070,"basinId":13,"status":"no_data","color":"#94a3b8","radius":7}},{"type":"Feature","id":"310","geometry":{"type":"Point","coordinates":[31.246110000000044,40.72583000000003]},"properties":{"OBJECTID":310,"IstNo":12013072,"SuAdi":"UĞUR SUYU","IstAdi":"HAMAMÜSTÜ MAHALLESİ","BolgeNo":5,"ILKODU":81,"ILCEKODU":1292,"HAVZA_ID":13,"entityId":"310","entityType":"hesStations","id":"310","name":"HAMAMÜSTÜ MAHALLESİ","stationId":12013072,"basinId":13,"status":"no_data","color":"#94a3b8","radius":7}},{"type":"Feature","id":"311","geometry":{"type":"Point","coordinates":[33.18306000000007,41.78833000000003]},"properties":{"OBJECTID":311,"IstNo":12013073,"SuAdi":"ŞEHRİBANİ Ç.","IstAdi":"HARMANGERİŞ","BolgeNo":23,"ILKODU":37,"ILCEKODU":1845,"HAVZA_ID":13,"entityId":"311","entityType":"hesStations","id":"311","name":"HARMANGERİŞ","stationId":12013073,"basinId":13,"status":"no_data","color":"#94a3b8","radius":7}},{"type":"Feature","id":"312","geometry":{"type":"Point","coordinates":[31.39972000000006,41.160000000000025]},"properties":{"OBJECTID":312,"IstNo":12013074,"SuAdi":"ALAPLI Ç.","IstAdi":"ALAPLI","BolgeNo":23,"ILKODU":67,"ILCEKODU":1758,"HAVZA_ID":13,"entityId":"312","entityType":"hesStations","id":"312","name":"ALAPLI","stationId":12013074,"basinId":13,"status":"no_data","color":"#94a3b8","radius":7}},{"type":"Feature","id":"313","geometry":{"type":"Point","coordinates":[35.20917000000003,41.720830000000035]},"properties":{"OBJECTID":313,"IstNo":12013075,"SuAdi":"KEYDEN D.","IstAdi":"YENİKENT","BolgeNo":7,"ILKODU":57,"ILCEKODU":1349,"HAVZA_ID":13,"entityId":"313","entityType":"hesStations","id":"313","name":"YENİKENT","stationId":12013075,"basinId":13,"status":"no_data","color":"#94a3b8","radius":7}},{"type":"Feature","id":"314","geometry":{"type":"Point","coordinates":[31.925000000000068,41.17972000000003]},"properties":{"OBJECTID":314,"IstNo":12013076,"SuAdi":"KARASU","IstAdi":"BAŞLARKADI","BolgeNo":23,"ILKODU":67,"ILCEKODU":1276,"HAVZA_ID":13,"entityId":"314","entityType":"hesStations","id":"314","name":"BAŞLARKADI","stationId":12013076,"basinId":13,"status":"no_data","color":"#94a3b8","radius":7}},{"type":"Feature","id":"315","geometry":{"type":"Point","coordinates":[31.902220000000057,41.16694000000007]},"properties":{"OBJECTID":315,"IstNo":12013077,"SuAdi":"BOLU Ç.","IstAdi":"ÖZPINAR","BolgeNo":23,"ILKODU":67,"ILCEKODU":1276,"HAVZA_ID":13,"entityId":"315","entityType":"hesStations","id":"315","name":"ÖZPINAR","stationId":12013077,"basinId":13,"status":"no_data","color":"#94a3b8","radius":7}},{"type":"Feature","id":"316","geometry":{"type":"Point","coordinates":[32.60139000000004,40.99028000000004]},"properties":{"OBJECTID":316,"IstNo":12013078,"SuAdi":"ESKİPAZAR Ç.","IstAdi":"ÜÇEVLER","BolgeNo":23,"ILKODU":78,"ILCEKODU":1321,"HAVZA_ID":13,"entityId":"316","entityType":"hesStations","id":"316","name":"ÜÇEVLER","stationId":12013078,"basinId":13,"status":"no_data","color":"#94a3b8","radius":7}},{"type":"Feature","id":"317","geometry":{"type":"Point","coordinates":[33.36528000000004,42.01028000000008]},"properties":{"OBJECTID":317,"IstNo":12013079,"SuAdi":"FAKAZ Ç.","IstAdi":"İLYASBEY","BolgeNo":23,"ILKODU":37,"ILCEKODU":1221,"HAVZA_ID":13,"entityId":"317","entityType":"hesStations","id":"317","name":"İLYASBEY","stationId":12013079,"basinId":13,"status":"no_data","color":"#94a3b8","radius":7}},{"type":"Feature","id":"318","geometry":{"type":"Point","coordinates":[32.32722000000007,41.57278000000008]},"properties":{"OBJECTID":318,"IstNo":12013081,"SuAdi":"KOZCAĞIZ Ç. ","IstAdi":"OTOGAR KÖP.","BolgeNo":23,"ILKODU":74,"ILCEKODU":1172,"HAVZA_ID":13,"entityId":"318","entityType":"hesStations","id":"318","name":"OTOGAR KÖP.","stationId":12013081,"basinId":13,"status":"no_data","color":"#94a3b8","radius":7}},{"type":"Feature","id":"319","geometry":{"type":"Point","coordinates":[33.75945000000007,41.97667000000007]},"properties":{"OBJECTID":319,"IstNo":12013082,"SuAdi":"İNEBOLU Ç.","IstAdi":"İNEBOLU","BolgeNo":23,"ILKODU":37,"ILCEKODU":1410,"HAVZA_ID":13,"entityId":"319","entityType":"hesStations","id":"319","name":"İNEBOLU","stationId":12013082,"basinId":13,"status":"no_data","color":"#94a3b8","radius":7}},{"type":"Feature","id":"320","geometry":{"type":"Point","coordinates":[33.74833000000007,41.953610000000026]},"properties":{"OBJECTID":320,"IstNo":12013083,"SuAdi":"KÜÇÜKÇAY","IstAdi":"KÜÇÜK","BolgeNo":23,"ILKODU":37,"ILCEKODU":1410,"HAVZA_ID":13,"entityId":"320","entityType":"hesStations","id":"320","name":"KÜÇÜK","stationId":12013083,"basinId":13,"status":"no_data","color":"#94a3b8","radius":7}},{"type":"Feature","id":"321","geometry":{"type":"Point","coordinates":[33.750560000000064,41.954720000000066]},"properties":{"OBJECTID":321,"IstNo":12013084,"SuAdi":"İKİÇAY","IstAdi":"ESKİKÖPRÜ ","BolgeNo":23,"ILKODU":37,"ILCEKODU":1410,"HAVZA_ID":13,"entityId":"321","entityType":"hesStations","id":"321","name":"ESKİKÖPRÜ ","stationId":12013084,"basinId":13,"status":"no_data","color":"#94a3b8","radius":7}},{"type":"Feature","id":"322","geometry":{"type":"Point","coordinates":[33.76972000000006,41.94389000000007]},"properties":{"OBJECTID":322,"IstNo":12013085,"SuAdi":"SALMAN Ç.","IstAdi":"SALMAN","BolgeNo":23,"ILKODU":37,"ILCEKODU":1410,"HAVZA_ID":13,"entityId":"322","entityType":"hesStations","id":"322","name":"SALMAN","stationId":12013085,"basinId":13,"status":"no_data","color":"#94a3b8","radius":7}},{"type":"Feature","id":"323","geometry":{"type":"Point","coordinates":[32.60111000000006,41.48639000000003]},"properties":{"OBJECTID":323,"IstNo":12013087,"SuAdi":"OVA Ç.","IstAdi":"ULUPINAR","BolgeNo":23,"ILKODU":74,"ILCEKODU":1701,"HAVZA_ID":13,"entityId":"323","entityType":"hesStations","id":"323","name":"ULUPINAR","stationId":12013087,"basinId":13,"status":"no_data","color":"#94a3b8","radius":7}},{"type":"Feature","id":"324","geometry":{"type":"Point","coordinates":[32.59639000000004,41.54222000000004]},"properties":{"OBJECTID":324,"IstNo":12013088,"SuAdi":"ULUS Ç.","IstAdi":"EMİRCE  ","BolgeNo":23,"ILKODU":74,"ILCEKODU":1701,"HAVZA_ID":13,"entityId":"324","entityType":"hesStations","id":"324","name":"EMİRCE  ","stationId":12013088,"basinId":13,"status":"no_data","color":"#94a3b8","radius":7}},{"type":"Feature","id":"325","geometry":{"type":"Point","coordinates":[32.33000000000004,41.19889000000006]},"properties":{"OBJECTID":325,"IstNo":12013091,"SuAdi":"İNCEDERE","IstAdi":"ÇIRAPAZARI","BolgeNo":23,"ILKODU":78,"ILCEKODU":1856,"HAVZA_ID":13,"entityId":"325","entityType":"hesStations","id":"325","name":"ÇIRAPAZARI","stationId":12013091,"basinId":13,"status":"no_data","color":"#94a3b8","radius":7}},{"type":"Feature","id":"326","geometry":{"type":"Point","coordinates":[30.983060000000023,41.016940000000034]},"properties":{"OBJECTID":326,"IstNo":12013092,"SuAdi":"B. MELEN ÇAYI","IstAdi":"AYDOĞAN","BolgeNo":14,"ILKODU":54,"ILCEKODU":1116,"HAVZA_ID":13,"entityId":"326","entityType":"hesStations","id":"326","name":"AYDOĞAN","stationId":12013092,"basinId":13,"status":"no_data","color":"#94a3b8","radius":7}},{"type":"Feature","id":"327","geometry":{"type":"Point","coordinates":[32.22805000000005,40.72861000000006]},"properties":{"OBJECTID":327,"IstNo":12013094,"SuAdi":"ULUSU ÇAYI","IstAdi":"DURSUNFAKI","BolgeNo":5,"ILKODU":14,"ILCEKODU":1346,"HAVZA_ID":13,"entityId":"327","entityType":"hesStations","id":"327","name":"DURSUNFAKI","stationId":12013094,"basinId":13,"status":"no_data","color":"#94a3b8","radius":7}},{"type":"Feature","id":"328","geometry":{"type":"Point","coordinates":[32.23944000000006,40.737220000000036]},"properties":{"OBJECTID":328,"IstNo":12013095,"SuAdi":"MARKUŞA DERESİ","IstAdi":"BALCILAR","BolgeNo":5,"ILKODU":14,"ILCEKODU":1346,"HAVZA_ID":13,"entityId":"328","entityType":"hesStations","id":"328","name":"BALCILAR","stationId":12013095,"basinId":13,"status":"no_data","color":"#94a3b8","radius":7}},{"type":"Feature","id":"329","geometry":{"type":"Point","coordinates":[36.020560000000046,40.92028000000005]},"properties":{"OBJECTID":329,"IstNo":12014011,"SuAdi":"LADİK G.","IstAdi":"REG. ÇIKIŞI","BolgeNo":7,"ILKODU":55,"ILCEKODU":1501,"HAVZA_ID":14,"entityId":"329","entityType":"hesStations","id":"329","name":"REG. ÇIKIŞI","stationId":12014011,"basinId":14,"status":"no_data","color":"#94a3b8","radius":7}},{"type":"Feature","id":"330","geometry":{"type":"Point","coordinates":[36.195280000000025,41.286110000000065]},"properties":{"OBJECTID":330,"IstNo":12014014,"SuAdi":"KÜRTÜN Ç.","IstAdi":"AHULLU","BolgeNo":7,"ILKODU":55,"ILCEKODU":2072,"HAVZA_ID":14,"entityId":"330","entityType":"hesStations","id":"330","name":"AHULLU","stationId":12014014,"basinId":14,"status":"no_data","color":"#94a3b8","radius":7}},{"type":"Feature","id":"331","geometry":{"type":"Point","coordinates":[35.885830000000055,40.568610000000035]},"properties":{"OBJECTID":331,"IstNo":12014024,"SuAdi":"DELİÇAY","IstAdi":"MAHMATLAR","BolgeNo":7,"ILKODU":5,"ILCEKODU":1134,"HAVZA_ID":14,"entityId":"331","entityType":"hesStations","id":"331","name":"MAHMATLAR","stationId":12014024,"basinId":14,"status":"no_data","color":"#94a3b8","radius":7}},{"type":"Feature","id":"332","geometry":{"type":"Point","coordinates":[36.03833000000003,39.79917000000006]},"properties":{"OBJECTID":332,"IstNo":12014080,"SuAdi":"GÜNDELEN D.","IstAdi":"KIZILLI","BolgeNo":12,"ILKODU":66,"ILCEKODU":1117,"HAVZA_ID":14,"entityId":"332","entityType":"hesStations","id":"332","name":"KIZILLI","stationId":12014080,"basinId":14,"status":"no_data","color":"#94a3b8","radius":7}},{"type":"Feature","id":"333","geometry":{"type":"Point","coordinates":[35.966950000000054,41.07583000000005]},"properties":{"OBJECTID":333,"IstNo":12014081,"SuAdi":"DEREÇAM D.","IstAdi":"GÜVEN BARAJI GİRİŞİ","BolgeNo":7,"ILKODU":55,"ILCEKODU":1452,"HAVZA_ID":14,"entityId":"333","entityType":"hesStations","id":"333","name":"GÜVEN BARAJI GİRİŞİ","stationId":12014081,"basinId":14,"status":"no_data","color":"#94a3b8","radius":7}},{"type":"Feature","id":"334","geometry":{"type":"Point","coordinates":[34.61833000000007,40.37222000000003]},"properties":{"OBJECTID":334,"IstNo":12014104,"SuAdi":"AHİİLYAS DERESİ","IstAdi":"EVCİYENİKIŞLA","BolgeNo":5,"ILKODU":19,"ILCEKODU":1259,"HAVZA_ID":14,"entityId":"334","entityType":"hesStations","id":"334","name":"EVCİYENİKIŞLA","stationId":12014104,"basinId":14,"status":"no_data","color":"#94a3b8","radius":7}},{"type":"Feature","id":"335","geometry":{"type":"Point","coordinates":[38.76833000000005,39.91028000000006]},"properties":{"OBJECTID":335,"IstNo":12014131,"SuAdi":"ILGAR D.","IstAdi":"REFAHİYE","BolgeNo":8,"ILKODU":24,"ILCEKODU":1583,"HAVZA_ID":14,"entityId":"335","entityType":"hesStations","id":"335","name":"REFAHİYE","stationId":12014131,"basinId":14,"status":"no_data","color":"#94a3b8","radius":7}},{"type":"Feature","id":"336","geometry":{"type":"Point","coordinates":[35.805000000000064,40.76944000000003]},"properties":{"OBJECTID":336,"IstNo":12014133,"SuAdi":"KANLI D.","IstAdi":"PAMUKLU","BolgeNo":7,"ILKODU":5,"ILCEKODU":1134,"HAVZA_ID":14,"entityId":"336","entityType":"hesStations","id":"336","name":"PAMUKLU","stationId":12014133,"basinId":14,"status":"no_data","color":"#94a3b8","radius":7}},{"type":"Feature","id":"337","geometry":{"type":"Point","coordinates":[34.96167000000003,40.24361000000005]},"properties":{"OBJECTID":337,"IstNo":12014135,"SuAdi":"ALACA Ç.","IstAdi":"DEREYAZICI","BolgeNo":5,"ILKODU":19,"ILCEKODU":1124,"HAVZA_ID":14,"entityId":"337","entityType":"hesStations","id":"337","name":"DEREYAZICI","stationId":12014135,"basinId":14,"status":"no_data","color":"#94a3b8","radius":7}},{"type":"Feature","id":"338","geometry":{"type":"Point","coordinates":[36.14944000000003,40.54167000000007]},"properties":{"OBJECTID":338,"IstNo":12014141,"SuAdi":"BEYLİK D.","IstAdi":"YEŞİLÖZ","BolgeNo":7,"ILKODU":5,"ILCEKODU":1134,"HAVZA_ID":14,"entityId":"338","entityType":"hesStations","id":"338","name":"YEŞİLÖZ","stationId":12014141,"basinId":14,"status":"no_data","color":"#94a3b8","radius":7}},{"type":"Feature","id":"339","geometry":{"type":"Point","coordinates":[37.039720000000045,40.366660000000024]},"properties":{"OBJECTID":339,"IstNo":12014144,"SuAdi":"BEĞERGEN D.","IstAdi":"AKARÇAY","BolgeNo":7,"ILKODU":60,"ILCEKODU":1129,"HAVZA_ID":14,"entityId":"339","entityType":"hesStations","id":"339","name":"AKARÇAY","stationId":12014144,"basinId":14,"status":"no_data","color":"#94a3b8","radius":7}},{"type":"Feature","id":"340","geometry":{"type":"Point","coordinates":[36.66861000000006,40.53583000000003]},"properties":{"OBJECTID":340,"IstNo":12014146,"SuAdi":"ÇİLKORU D.","IstAdi":"MUSULLU","BolgeNo":7,"ILKODU":60,"ILCEKODU":1679,"HAVZA_ID":14,"entityId":"340","entityType":"hesStations","id":"340","name":"MUSULLU","stationId":12014146,"basinId":14,"status":"no_data","color":"#94a3b8","radius":7}},{"type":"Feature","id":"341","geometry":{"type":"Point","coordinates":[36.111950000000036,40.14417000000003]},"properties":{"OBJECTID":341,"IstNo":12014160,"SuAdi":"SİLİSÖZÜ D.","IstAdi":"MERTEKLİ","BolgeNo":7,"ILKODU":60,"ILCEKODU":1151,"HAVZA_ID":14,"entityId":"341","entityType":"hesStations","id":"341","name":"MERTEKLİ","stationId":12014160,"basinId":14,"status":"no_data","color":"#94a3b8","radius":7}},{"type":"Feature","id":"342","geometry":{"type":"Point","coordinates":[37.550560000000075,40.25333000000006]},"properties":{"OBJECTID":342,"IstNo":12014162,"SuAdi":"YEŞİLIRMAK","IstAdi":"KOZLU","BolgeNo":19,"ILKODU":58,"ILCEKODU":1913,"HAVZA_ID":14,"entityId":"342","entityType":"hesStations","id":"342","name":"KOZLU","stationId":12014162,"basinId":14,"status":"no_data","color":"#94a3b8","radius":7}},{"type":"Feature","id":"343","geometry":{"type":"Point","coordinates":[38.47278000000006,40.28889000000004]},"properties":{"OBJECTID":343,"IstNo":12014166,"SuAdi":"BALAHOR D.","IstAdi":"KELKİT","BolgeNo":22,"ILKODU":29,"ILCEKODU":1654,"HAVZA_ID":14,"entityId":"343","entityType":"hesStations","id":"343","name":"KELKİT","stationId":12014166,"basinId":14,"status":"no_data","color":"#94a3b8","radius":7}},{"type":"Feature","id":"344","geometry":{"type":"Point","coordinates":[36.55111000000005,40.29861000000005]},"properties":{"OBJECTID":344,"IstNo":12014169,"SuAdi":"BEHZAT D.","IstAdi":"GEYRAZ","BolgeNo":7,"ILKODU":60,"ILCEKODU":1679,"HAVZA_ID":14,"entityId":"344","entityType":"hesStations","id":"344","name":"GEYRAZ","stationId":12014169,"basinId":14,"status":"no_data","color":"#94a3b8","radius":7}},{"type":"Feature","id":"345","geometry":{"type":"Point","coordinates":[36.67333000000008,40.67778000000004]},"properties":{"OBJECTID":345,"IstNo":12014172,"SuAdi":"KELKİT Ç.","IstAdi":"TEPEKIŞLA","BolgeNo":7,"ILKODU":60,"ILCEKODU":1308,"HAVZA_ID":14,"entityId":"345","entityType":"hesStations","id":"345","name":"TEPEKIŞLA","stationId":12014172,"basinId":14,"status":"no_data","color":"#94a3b8","radius":7}},{"type":"Feature","id":"346","geometry":{"type":"Point","coordinates":[36.62722000000008,40.348610000000065]},"properties":{"OBJECTID":346,"IstNo":12014173,"SuAdi":"YEŞİLIRMAK N.","IstAdi":"GÜMENEK","BolgeNo":7,"ILKODU":60,"ILCEKODU":1679,"HAVZA_ID":14,"entityId":"346","entityType":"hesStations","id":"346","name":"GÜMENEK","stationId":12014173,"basinId":14,"status":"no_data","color":"#94a3b8","radius":7}},{"type":"Feature","id":"347","geometry":{"type":"Point","coordinates":[35.829440000000034,40.651670000000024]},"properties":{"OBJECTID":347,"IstNo":12014175,"SuAdi":"YEŞİLIRMAK N.","IstAdi":"AMASYA","BolgeNo":7,"ILKODU":5,"ILCEKODU":1134,"HAVZA_ID":14,"entityId":"347","entityType":"hesStations","id":"347","name":"AMASYA","stationId":12014175,"basinId":14,"status":"no_data","color":"#94a3b8","radius":7}},{"type":"Feature","id":"348","geometry":{"type":"Point","coordinates":[36.19861000000003,40.300830000000076]},"properties":{"OBJECTID":348,"IstNo":12014176,"SuAdi":"YEŞİLIRMAK N.","IstAdi":"OVAYURT","BolgeNo":7,"ILKODU":60,"ILCEKODU":1690,"HAVZA_ID":14,"entityId":"348","entityType":"hesStations","id":"348","name":"OVAYURT","stationId":12014176,"basinId":14,"status":"no_data","color":"#94a3b8","radius":7}},{"type":"Feature","id":"349","geometry":{"type":"Point","coordinates":[35.66694000000007,40.53917000000007]},"properties":{"OBJECTID":349,"IstNo":12014177,"SuAdi":"ÇEKEREK I.","IstAdi":"GÖZLEK","BolgeNo":7,"ILKODU":5,"ILCEKODU":1134,"HAVZA_ID":14,"entityId":"349","entityType":"hesStations","id":"349","name":"GÖZLEK","stationId":12014177,"basinId":14,"status":"no_data","color":"#94a3b8","radius":7}},{"type":"Feature","id":"350","geometry":{"type":"Point","coordinates":[36.72694000000007,41.204720000000066]},"properties":{"OBJECTID":350,"IstNo":12014179,"SuAdi":"YEŞİLIRMAK N.","IstAdi":"ÇARŞAMBA KÖPRÜSÜ","BolgeNo":7,"ILKODU":55,"ILCEKODU":1234,"HAVZA_ID":14,"entityId":"350","entityType":"hesStations","id":"350","name":"ÇARŞAMBA KÖPRÜSÜ","stationId":12014179,"basinId":14,"status":"no_data","color":"#94a3b8","radius":7}},{"type":"Feature","id":"351","geometry":{"type":"Point","coordinates":[34.805000000000064,40.34111000000007]},"properties":{"OBJECTID":351,"IstNo":12014180,"SuAdi":"HATAP ÇAYI","IstAdi":"PEMBECİK","BolgeNo":5,"ILKODU":19,"ILCEKODU":1259,"HAVZA_ID":14,"entityId":"351","entityType":"hesStations","id":"351","name":"PEMBECİK","stationId":12014180,"basinId":14,"status":"no_data","color":"#94a3b8","radius":7}},{"type":"Feature","id":"352","geometry":{"type":"Point","coordinates":[38.08222000000006,40.158330000000035]},"properties":{"OBJECTID":352,"IstNo":12014181,"SuAdi":"KÖSEDAĞ S.","IstAdi":"SUŞEHRİ","BolgeNo":19,"ILKODU":58,"ILCEKODU":1646,"HAVZA_ID":14,"entityId":"352","entityType":"hesStations","id":"352","name":"SUŞEHRİ","stationId":12014181,"basinId":14,"status":"no_data","color":"#94a3b8","radius":7}},{"type":"Feature","id":"353","geometry":{"type":"Point","coordinates":[35.688330000000065,40.34444000000008]},"properties":{"OBJECTID":353,"IstNo":12014183,"SuAdi":"DEĞİRMENÖZÜ D.","IstAdi":"KARATUZLA","BolgeNo":7,"ILKODU":5,"ILCEKODU":1740,"HAVZA_ID":14,"entityId":"353","entityType":"hesStations","id":"353","name":"KARATUZLA","stationId":12014183,"basinId":14,"status":"no_data","color":"#94a3b8","radius":7}},{"type":"Feature","id":"354","geometry":{"type":"Point","coordinates":[36.272500000000036,40.68417000000005]},"properties":{"OBJECTID":354,"IstNo":12014184,"SuAdi":"TATLIPINAR D.","IstAdi":"TATLIPINAR REG.","BolgeNo":7,"ILKODU":5,"ILCEKODU":1668,"HAVZA_ID":14,"entityId":"354","entityType":"hesStations","id":"354","name":"TATLIPINAR REG.","stationId":12014184,"basinId":14,"status":"no_data","color":"#94a3b8","radius":7}},{"type":"Feature","id":"355","geometry":{"type":"Point","coordinates":[36.004440000000045,40.80472000000003]},"properties":{"OBJECTID":355,"IstNo":12014187,"SuAdi":"KOCAALAN D.","IstAdi":"AKTAŞ","BolgeNo":7,"ILKODU":5,"ILCEKODU":1134,"HAVZA_ID":14,"entityId":"355","entityType":"hesStations","id":"355","name":"AKTAŞ","stationId":12014187,"basinId":14,"status":"no_data","color":"#94a3b8","radius":7}},{"type":"Feature","id":"356","geometry":{"type":"Point","coordinates":[35.95500000000004,40.627500000000055]},"properties":{"OBJECTID":356,"IstNo":12014188,"SuAdi":"KOYUN D.","IstAdi":"SARAYCIK ","BolgeNo":7,"ILKODU":5,"ILCEKODU":1134,"HAVZA_ID":14,"entityId":"356","entityType":"hesStations","id":"356","name":"SARAYCIK ","stationId":12014188,"basinId":14,"status":"no_data","color":"#94a3b8","radius":7}},{"type":"Feature","id":"357","geometry":{"type":"Point","coordinates":[36.13861000000003,40.84167000000008]},"properties":{"OBJECTID":357,"IstNo":12014190,"SuAdi":"MUSULLU D.","IstAdi":"DESTEK","BolgeNo":7,"ILKODU":5,"ILCEKODU":1668,"HAVZA_ID":14,"entityId":"357","entityType":"hesStations","id":"357","name":"DESTEK","stationId":12014190,"basinId":14,"status":"no_data","color":"#94a3b8","radius":7}},{"type":"Feature","id":"358","geometry":{"type":"Point","coordinates":[36.05528000000004,39.89500000000004]},"properties":{"OBJECTID":358,"IstNo":12014191,"SuAdi":"GERMUGA D.","IstAdi":"AKKOCA","BolgeNo":19,"ILKODU":58,"ILCEKODU":1731,"HAVZA_ID":14,"entityId":"358","entityType":"hesStations","id":"358","name":"AKKOCA","stationId":12014191,"basinId":14,"status":"no_data","color":"#94a3b8","radius":7}},{"type":"Feature","id":"359","geometry":{"type":"Point","coordinates":[36.80806000000007,40.62722000000008]},"properties":{"OBJECTID":359,"IstNo":12014192,"SuAdi":"KELKİT N.","IstAdi":"BUZKÖY","BolgeNo":7,"ILKODU":60,"ILCEKODU":1545,"HAVZA_ID":14,"entityId":"359","entityType":"hesStations","id":"359","name":"BUZKÖY","stationId":12014192,"basinId":14,"status":"no_data","color":"#94a3b8","radius":7}},{"type":"Feature","id":"360","geometry":{"type":"Point","coordinates":[36.24722000000003,39.962500000000034]},"properties":{"OBJECTID":360,"IstNo":12014195,"SuAdi":"ÖZDERE","IstAdi":"TOPULYURT","BolgeNo":19,"ILKODU":58,"ILCEKODU":1858,"HAVZA_ID":14,"entityId":"360","entityType":"hesStations","id":"360","name":"TOPULYURT","stationId":12014195,"basinId":14,"status":"no_data","color":"#94a3b8","radius":7}},{"type":"Feature","id":"361","geometry":{"type":"Point","coordinates":[35.648060000000044,40.925830000000076]},"properties":{"OBJECTID":361,"IstNo":12014196,"SuAdi":"TERSAKAN Ç.","IstAdi":"PAŞAPINARI","BolgeNo":7,"ILKODU":55,"ILCEKODU":1386,"HAVZA_ID":14,"entityId":"361","entityType":"hesStations","id":"361","name":"PAŞAPINARI","stationId":12014196,"basinId":14,"status":"no_data","color":"#94a3b8","radius":7}},{"type":"Feature","id":"362","geometry":{"type":"Point","coordinates":[35.64722000000006,40.91555000000005]},"properties":{"OBJECTID":362,"IstNo":12014198,"SuAdi":"DERİNÖZ D.","IstAdi":"GELİNCİK","BolgeNo":7,"ILKODU":55,"ILCEKODU":1386,"HAVZA_ID":14,"entityId":"362","entityType":"hesStations","id":"362","name":"GELİNCİK","stationId":12014198,"basinId":14,"status":"no_data","color":"#94a3b8","radius":7}},{"type":"Feature","id":"363","geometry":{"type":"Point","coordinates":[35.426390000000026,40.342220000000054]},"properties":{"OBJECTID":363,"IstNo":12014199,"SuAdi":"ÇEKEREK Ç.","IstAdi":"DAMLAÇİMENİ","BolgeNo":7,"ILKODU":5,"ILCEKODU":1363,"HAVZA_ID":14,"entityId":"363","entityType":"hesStations","id":"363","name":"DAMLAÇİMENİ","stationId":12014199,"basinId":14,"status":"no_data","color":"#94a3b8","radius":7}},{"type":"Feature","id":"364","geometry":{"type":"Point","coordinates":[36.679440000000056,40.37722000000008]},"properties":{"OBJECTID":364,"IstNo":12014200,"SuAdi":"YEŞİLIRMAK N.","IstAdi":"KIZILKÖY","BolgeNo":7,"ILKODU":60,"ILCEKODU":1679,"HAVZA_ID":14,"entityId":"364","entityType":"hesStations","id":"364","name":"KIZILKÖY","stationId":12014200,"basinId":14,"status":"no_data","color":"#94a3b8","radius":7}},{"type":"Feature","id":"365","geometry":{"type":"Point","coordinates":[36.34167000000008,40.460000000000036]},"properties":{"OBJECTID":365,"IstNo":12014201,"SuAdi":"DAZYA D.","IstAdi":"YAZITEPE BARAJI-DAZYA","BolgeNo":7,"ILKODU":60,"ILCEKODU":1690,"HAVZA_ID":14,"entityId":"365","entityType":"hesStations","id":"365","name":"YAZITEPE BARAJI-DAZYA","stationId":12014201,"basinId":14,"status":"no_data","color":"#94a3b8","radius":7}},{"type":"Feature","id":"366","geometry":{"type":"Point","coordinates":[35.87194000000005,40.84361000000007]},"properties":{"OBJECTID":366,"IstNo":12014203,"SuAdi":"DERİNÖZ D.","IstAdi":"DERİNÖZ BARAJI-KUZALAN","BolgeNo":7,"ILKODU":55,"ILCEKODU":1641,"HAVZA_ID":14,"entityId":"366","entityType":"hesStations","id":"366","name":"DERİNÖZ BARAJI-KUZALAN","stationId":12014203,"basinId":14,"status":"no_data","color":"#94a3b8","radius":7}},{"type":"Feature","id":"367","geometry":{"type":"Point","coordinates":[35.87194000000005,40.84361000000007]},"properties":{"OBJECTID":367,"IstNo":12014203,"SuAdi":"DERİNÖZ DERESI","IstAdi":"DERİNÖZ BARAJI-KUZALAN","BolgeNo":7,"ILKODU":55,"ILCEKODU":1641,"HAVZA_ID":14,"entityId":"367","entityType":"hesStations","id":"367","name":"DERİNÖZ BARAJI-KUZALAN","stationId":12014203,"basinId":14,"status":"no_data","color":"#94a3b8","radius":7}},{"type":"Feature","id":"368","geometry":{"type":"Point","coordinates":[35.97055000000006,40.16722000000004]},"properties":{"OBJECTID":368,"IstNo":12014205,"SuAdi":"GÜZELBEYLİ D.","IstAdi":"BELPINARI BARAJI-GÜZELBEYLI","BolgeNo":7,"ILKODU":60,"ILCEKODU":1740,"HAVZA_ID":14,"entityId":"368","entityType":"hesStations","id":"368","name":"BELPINARI BARAJI-GÜZELBEYLI","stationId":12014205,"basinId":14,"status":"no_data","color":"#94a3b8","radius":7}},{"type":"Feature","id":"369","geometry":{"type":"Point","coordinates":[35.97055000000006,40.16722000000004]},"properties":{"OBJECTID":369,"IstNo":12014205,"SuAdi":"GÜZELBEYLİ DERESI","IstAdi":"BELPINARI BARAJI-GÜZELBEYLI","BolgeNo":7,"ILKODU":60,"ILCEKODU":1740,"HAVZA_ID":14,"entityId":"369","entityType":"hesStations","id":"369","name":"BELPINARI BARAJI-GÜZELBEYLI","stationId":12014205,"basinId":14,"status":"no_data","color":"#94a3b8","radius":7}},{"type":"Feature","id":"370","geometry":{"type":"Point","coordinates":[36.34806000000003,40.44889000000006]},"properties":{"OBJECTID":370,"IstNo":12014206,"SuAdi":"KETEN D.","IstAdi":"YAZITEPE BARAJI","BolgeNo":7,"ILKODU":60,"ILCEKODU":1690,"HAVZA_ID":14,"entityId":"370","entityType":"hesStations","id":"370","name":"YAZITEPE BARAJI","stationId":12014206,"basinId":14,"status":"no_data","color":"#94a3b8","radius":7}},{"type":"Feature","id":"371","geometry":{"type":"Point","coordinates":[36.158330000000035,40.589440000000025]},"properties":{"OBJECTID":371,"IstNo":12014207,"SuAdi":"BELDERE","IstAdi":"AYDINCA BARAJI","BolgeNo":7,"ILKODU":5,"ILCEKODU":1134,"HAVZA_ID":14,"entityId":"371","entityType":"hesStations","id":"371","name":"AYDINCA BARAJI","stationId":12014207,"basinId":14,"status":"no_data","color":"#94a3b8","radius":7}},{"type":"Feature","id":"372","geometry":{"type":"Point","coordinates":[36.19222000000008,40.57583000000005]},"properties":{"OBJECTID":372,"IstNo":12014208,"SuAdi":"DELİÇAY D.","IstAdi":"AYDINCA BARAJI-KARSAN","BolgeNo":7,"ILKODU":5,"ILCEKODU":1134,"HAVZA_ID":14,"entityId":"372","entityType":"hesStations","id":"372","name":"AYDINCA BARAJI-KARSAN","stationId":12014208,"basinId":14,"status":"no_data","color":"#94a3b8","radius":7}},{"type":"Feature","id":"373","geometry":{"type":"Point","coordinates":[35.69556000000006,40.433890000000076]},"properties":{"OBJECTID":373,"IstNo":12014209,"SuAdi":"ÖZDERE","IstAdi":"GEDİKSARAY BARAJI-KAFARLI","BolgeNo":7,"ILKODU":5,"ILCEKODU":1363,"HAVZA_ID":14,"entityId":"373","entityType":"hesStations","id":"373","name":"GEDİKSARAY BARAJI-KAFARLI","stationId":12014209,"basinId":14,"status":"no_data","color":"#94a3b8","radius":7}},{"type":"Feature","id":"374","geometry":{"type":"Point","coordinates":[36.58472000000006,40.12667000000005]},"properties":{"OBJECTID":374,"IstNo":12014212,"SuAdi":"KARAHAN DERE","IstAdi":"GÜZELCE BARAJI-GÜNÇALI","BolgeNo":7,"ILKODU":60,"ILCEKODU":1679,"HAVZA_ID":14,"entityId":"374","entityType":"hesStations","id":"374","name":"GÜZELCE BARAJI-GÜNÇALI","stationId":12014212,"basinId":14,"status":"no_data","color":"#94a3b8","radius":7}},{"type":"Feature","id":"375","geometry":{"type":"Point","coordinates":[36.554440000000056,40.034170000000074]},"properties":{"OBJECTID":375,"IstNo":12014214,"SuAdi":"KARAKAYA D.","IstAdi":"KIZIK BARAJI-DELİKKAYA","BolgeNo":7,"ILKODU":60,"ILCEKODU":1679,"HAVZA_ID":14,"entityId":"375","entityType":"hesStations","id":"375","name":"KIZIK BARAJI-DELİKKAYA","stationId":12014214,"basinId":14,"status":"no_data","color":"#94a3b8","radius":7}},{"type":"Feature","id":"376","geometry":{"type":"Point","coordinates":[36.48333000000008,40.023610000000076]},"properties":{"OBJECTID":376,"IstNo":12014215,"SuAdi":"GÜMBECİK D.","IstAdi":"BEDİRKALE BARAJI-ORTAÖREN","BolgeNo":7,"ILKODU":60,"ILCEKODU":1679,"HAVZA_ID":14,"entityId":"376","entityType":"hesStations","id":"376","name":"BEDİRKALE BARAJI-ORTAÖREN","stationId":12014215,"basinId":14,"status":"no_data","color":"#94a3b8","radius":7}},{"type":"Feature","id":"377","geometry":{"type":"Point","coordinates":[35.85639000000003,40.85417000000007]},"properties":{"OBJECTID":377,"IstNo":12014216,"SuAdi":"DERİNÖZ D.","IstAdi":"DERİNÖZ BARAJI-SOKU","BolgeNo":7,"ILKODU":55,"ILCEKODU":1641,"HAVZA_ID":14,"entityId":"377","entityType":"hesStations","id":"377","name":"DERİNÖZ BARAJI-SOKU","stationId":12014216,"basinId":14,"status":"no_data","color":"#94a3b8","radius":7}},{"type":"Feature","id":"379","geometry":{"type":"Point","coordinates":[36.33000000000004,40.79861000000005]},"properties":{"OBJECTID":379,"IstNo":12014219,"SuAdi":"DESTEK ÇAYI","IstAdi":"ALPASLAN","BolgeNo":7,"ILKODU":5,"ILCEKODU":1668,"HAVZA_ID":14,"entityId":"379","entityType":"hesStations","id":"379","name":"ALPASLAN","stationId":12014219,"basinId":14,"status":"no_data","color":"#94a3b8","radius":7}},{"type":"Feature","id":"380","geometry":{"type":"Point","coordinates":[35.14528000000007,39.201670000000036]},"properties":{"OBJECTID":380,"IstNo":12015010,"SuAdi":"BOĞAZLIYAN Ç.","IstAdi":"YEŞİLHİSAR","BolgeNo":12,"ILKODU":66,"ILCEKODU":1198,"HAVZA_ID":15,"entityId":"380","entityType":"hesStations","id":"380","name":"YEŞİLHİSAR","stationId":12015010,"basinId":15,"status":"no_data","color":"#94a3b8","radius":7}},{"type":"Feature","id":"381","geometry":{"type":"Point","coordinates":[36.16250000000008,39.13334000000003]},"properties":{"OBJECTID":381,"IstNo":12015021,"SuAdi":"MUDARASIN D.","IstAdi":"HACIYUSUF","BolgeNo":19,"ILKODU":58,"ILCEKODU":1342,"HAVZA_ID":15,"entityId":"381","entityType":"hesStations","id":"381","name":"HACIYUSUF","stationId":12015021,"basinId":15,"status":"no_data","color":"#94a3b8","radius":7}},{"type":"Feature","id":"382","geometry":{"type":"Point","coordinates":[33.81611000000004,41.276110000000074]},"properties":{"OBJECTID":382,"IstNo":12015025,"SuAdi":"KARASU Ç.","IstAdi":"DEĞİRMENÖNÜ","BolgeNo":23,"ILKODU":37,"ILCEKODU":1450,"HAVZA_ID":15,"entityId":"382","entityType":"hesStations","id":"382","name":"DEĞİRMENÖNÜ","stationId":12015025,"basinId":15,"status":"no_data","color":"#94a3b8","radius":7}},{"type":"Feature","id":"383","geometry":{"type":"Point","coordinates":[36.06750000000005,41.48639000000003]},"properties":{"OBJECTID":383,"IstNo":12015026,"SuAdi":"ENGİZ D.","IstAdi":"BALLICA","BolgeNo":7,"ILKODU":55,"ILCEKODU":1830,"HAVZA_ID":15,"entityId":"383","entityType":"hesStations","id":"383","name":"BALLICA","stationId":12015026,"basinId":15,"status":"no_data","color":"#94a3b8","radius":7}},{"type":"Feature","id":"384","geometry":{"type":"Point","coordinates":[33.26583000000005,40.12778000000003]},"properties":{"OBJECTID":384,"IstNo":12015039,"SuAdi":"KOZAYAĞI DERESİ","IstAdi":"KOZAYAĞI","BolgeNo":5,"ILKODU":6,"ILCEKODU":1872,"HAVZA_ID":15,"entityId":"384","entityType":"hesStations","id":"384","name":"KOZAYAĞI","stationId":12015039,"basinId":15,"status":"no_data","color":"#94a3b8","radius":7}},{"type":"Feature","id":"385","geometry":{"type":"Point","coordinates":[34.25667000000004,41.04389000000003]},"properties":{"OBJECTID":385,"IstNo":12015040,"SuAdi":"DEVREZ Ç. ","IstAdi":"ORTALICA","BolgeNo":23,"ILKODU":37,"ILCEKODU":1685,"HAVZA_ID":15,"entityId":"385","entityType":"hesStations","id":"385","name":"ORTALICA","stationId":12015040,"basinId":15,"status":"no_data","color":"#94a3b8","radius":7}},{"type":"Feature","id":"386","geometry":{"type":"Point","coordinates":[35.29861000000005,39.551390000000026]},"properties":{"OBJECTID":386,"IstNo":12015054,"SuAdi":"KANAK Ç.","IstAdi":"KADILI","BolgeNo":12,"ILKODU":66,"ILCEKODU":1635,"HAVZA_ID":15,"entityId":"386","entityType":"hesStations","id":"386","name":"KADILI","stationId":12015054,"basinId":15,"status":"no_data","color":"#94a3b8","radius":7}},{"type":"Feature","id":"387","geometry":{"type":"Point","coordinates":[35.29722000000004,39.54055000000005]},"properties":{"OBJECTID":387,"IstNo":12015055,"SuAdi":"SARIKAYA D.","IstAdi":"KADILI","BolgeNo":12,"ILKODU":66,"ILCEKODU":1602,"HAVZA_ID":15,"entityId":"387","entityType":"hesStations","id":"387","name":"KADILI","stationId":12015055,"basinId":15,"status":"no_data","color":"#94a3b8","radius":7}},{"type":"Feature","id":"388","geometry":{"type":"Point","coordinates":[35.21611000000007,39.797780000000046]},"properties":{"OBJECTID":388,"IstNo":12015056,"SuAdi":"EĞRİÖZ D.","IstAdi":"SORGUN","BolgeNo":12,"ILKODU":66,"ILCEKODU":1635,"HAVZA_ID":15,"entityId":"388","entityType":"hesStations","id":"388","name":"SORGUN","stationId":12015056,"basinId":15,"status":"no_data","color":"#94a3b8","radius":7}},{"type":"Feature","id":"389","geometry":{"type":"Point","coordinates":[35.58028000000007,39.51778000000007]},"properties":{"OBJECTID":389,"IstNo":12015074,"SuAdi":"KAMERÖZÜ S.","IstAdi":"GÜNDÜZLÜ","BolgeNo":12,"ILKODU":66,"ILCEKODU":1602,"HAVZA_ID":15,"entityId":"389","entityType":"hesStations","id":"389","name":"GÜNDÜZLÜ","stationId":12015074,"basinId":15,"status":"no_data","color":"#94a3b8","radius":7}},{"type":"Feature","id":"390","geometry":{"type":"Point","coordinates":[33.520560000000046,41.45611000000008]},"properties":{"OBJECTID":390,"IstNo":12015091,"SuAdi":"KARAMUK D.","IstAdi":"BUDAKLAR","BolgeNo":23,"ILKODU":37,"ILCEKODU":1264,"HAVZA_ID":15,"entityId":"390","entityType":"hesStations","id":"390","name":"BUDAKLAR","stationId":12015091,"basinId":15,"status":"no_data","color":"#94a3b8","radius":7}},{"type":"Feature","id":"391","geometry":{"type":"Point","coordinates":[34.276110000000074,41.49306000000007]},"properties":{"OBJECTID":391,"IstNo":12015092,"SuAdi":"ESE D.","IstAdi":"VAKFIBELVEREN","BolgeNo":23,"ILKODU":37,"ILCEKODU":1666,"HAVZA_ID":15,"entityId":"391","entityType":"hesStations","id":"391","name":"VAKFIBELVEREN","stationId":12015092,"basinId":15,"status":"no_data","color":"#94a3b8","radius":7}},{"type":"Feature","id":"392","geometry":{"type":"Point","coordinates":[33.32000000000005,40.81278000000003]},"properties":{"OBJECTID":392,"IstNo":12015093,"SuAdi":"DEVRES Ç.","IstAdi":"ÇUKURCA","BolgeNo":5,"ILKODU":18,"ILCEKODU":1494,"HAVZA_ID":15,"entityId":"392","entityType":"hesStations","id":"392","name":"ÇUKURCA","stationId":12015093,"basinId":15,"status":"no_data","color":"#94a3b8","radius":7}},{"type":"Feature","id":"393","geometry":{"type":"Point","coordinates":[33.03917000000007,40.617500000000064]},"properties":{"OBJECTID":393,"IstNo":12015098,"SuAdi":"SÖĞÜTÖZÜ DERESİ","IstAdi":"YUVA","BolgeNo":5,"ILKODU":18,"ILCEKODU":1555,"HAVZA_ID":15,"entityId":"393","entityType":"hesStations","id":"393","name":"YUVA","stationId":12015098,"basinId":15,"status":"no_data","color":"#94a3b8","radius":7}},{"type":"Feature","id":"394","geometry":{"type":"Point","coordinates":[33.025280000000066,40.61417000000006]},"properties":{"OBJECTID":394,"IstNo":12015107,"SuAdi":"İÇİN D.","IstAdi":"YUVA","BolgeNo":5,"ILKODU":18,"ILCEKODU":1555,"HAVZA_ID":15,"entityId":"394","entityType":"hesStations","id":"394","name":"YUVA","stationId":12015107,"basinId":15,"status":"no_data","color":"#94a3b8","radius":7}},{"type":"Feature","id":"395","geometry":{"type":"Point","coordinates":[37.82583000000005,39.90556000000004]},"properties":{"OBJECTID":395,"IstNo":12015117,"SuAdi":"KIZILIRMAK","IstAdi":"AHMETHACI","BolgeNo":19,"ILKODU":58,"ILCEKODU":1738,"HAVZA_ID":15,"entityId":"395","entityType":"hesStations","id":"395","name":"AHMETHACI","stationId":12015117,"basinId":15,"status":"no_data","color":"#94a3b8","radius":7}},{"type":"Feature","id":"396","geometry":{"type":"Point","coordinates":[35.30167000000006,39.70389000000006]},"properties":{"OBJECTID":396,"IstNo":12015131,"SuAdi":"BAĞIRGANÖZÜ","IstAdi":"BAHADIN","BolgeNo":12,"ILKODU":66,"ILCEKODU":1635,"HAVZA_ID":15,"entityId":"396","entityType":"hesStations","id":"396","name":"BAHADIN","stationId":12015131,"basinId":15,"status":"no_data","color":"#94a3b8","radius":7}},{"type":"Feature","id":"397","geometry":{"type":"Point","coordinates":[33.51917000000003,40.36083000000008]},"properties":{"OBJECTID":397,"IstNo":12015133,"SuAdi":"TERME Ç.","IstAdi":"TÜNEY","BolgeNo":5,"ILKODU":18,"ILCEKODU":1232,"HAVZA_ID":15,"entityId":"397","entityType":"hesStations","id":"397","name":"TÜNEY","stationId":12015133,"basinId":15,"status":"no_data","color":"#94a3b8","radius":7}},{"type":"Feature","id":"398","geometry":{"type":"Point","coordinates":[34.983610000000056,39.67056000000008]},"properties":{"OBJECTID":398,"IstNo":12015136,"SuAdi":"YENİCE D.","IstAdi":"TEKKE YENİCESİ","BolgeNo":12,"ILKODU":66,"ILCEKODU":1733,"HAVZA_ID":15,"entityId":"398","entityType":"hesStations","id":"398","name":"TEKKE YENİCESİ","stationId":12015136,"basinId":15,"status":"no_data","color":"#94a3b8","radius":7}},{"type":"Feature","id":"399","geometry":{"type":"Point","coordinates":[33.17389000000003,39.323330000000055]},"properties":{"OBJECTID":399,"IstNo":12015159,"SuAdi":"SOFULAR SUYU","IstAdi":"SOFULAR","BolgeNo":5,"ILKODU":6,"ILCEKODU":1167,"HAVZA_ID":15,"entityId":"399","entityType":"hesStations","id":"399","name":"SOFULAR","stationId":12015159,"basinId":15,"status":"no_data","color":"#94a3b8","radius":7}},{"type":"Feature","id":"400","geometry":{"type":"Point","coordinates":[33.97222000000005,40.34639000000004]},"properties":{"OBJECTID":400,"IstNo":12015164,"SuAdi":"KIZILIRMAK N.","IstAdi":"HÜSEYİNLİ","BolgeNo":5,"ILKODU":18,"ILCEKODU":1817,"HAVZA_ID":15,"entityId":"400","entityType":"hesStations","id":"400","name":"HÜSEYİNLİ","stationId":12015164,"basinId":15,"status":"no_data","color":"#94a3b8","radius":7}},{"type":"Feature","id":"401","geometry":{"type":"Point","coordinates":[35.77833000000004,38.871110000000044]},"properties":{"OBJECTID":401,"IstNo":12015167,"SuAdi":"SARIMSAKLI SUYU","IstAdi":"SARIMSAKLI BARAJI GİRİŞİ","BolgeNo":12,"ILKODU":38,"ILCEKODU":1864,"HAVZA_ID":15,"entityId":"401","entityType":"hesStations","id":"401","name":"SARIMSAKLI BARAJI GİRİŞİ","stationId":12015167,"basinId":15,"status":"no_data","color":"#94a3b8","radius":7}},{"type":"Feature","id":"402","geometry":{"type":"Point","coordinates":[35.54556000000008,39.544170000000065]},"properties":{"OBJECTID":402,"IstNo":12015168,"SuAdi":"HASBEK SUYU","IstAdi":"HASBEK","BolgeNo":12,"ILKODU":66,"ILCEKODU":1602,"HAVZA_ID":15,"entityId":"402","entityType":"hesStations","id":"402","name":"HASBEK","stationId":12015168,"basinId":15,"status":"no_data","color":"#94a3b8","radius":7}},{"type":"Feature","id":"403","geometry":{"type":"Point","coordinates":[35.97611000000006,39.37167000000005]},"properties":{"OBJECTID":403,"IstNo":12015187,"SuAdi":"AYANÖZÜ D.","IstAdi":"SIZIR","BolgeNo":19,"ILKODU":58,"ILCEKODU":1342,"HAVZA_ID":15,"entityId":"403","entityType":"hesStations","id":"403","name":"SIZIR","stationId":12015187,"basinId":15,"status":"no_data","color":"#94a3b8","radius":7}},{"type":"Feature","id":"404","geometry":{"type":"Point","coordinates":[34.88334000000003,41.366660000000024]},"properties":{"OBJECTID":404,"IstNo":12015202,"SuAdi":"ARIM Ç.","IstAdi":"AŞAĞI ARIM","BolgeNo":7,"ILKODU":57,"ILCEKODU":1981,"HAVZA_ID":15,"entityId":"404","entityType":"hesStations","id":"404","name":"AŞAĞI ARIM","stationId":12015202,"basinId":15,"status":"no_data","color":"#94a3b8","radius":7}},{"type":"Feature","id":"405","geometry":{"type":"Point","coordinates":[35.46750000000003,39.22972000000004]},"properties":{"OBJECTID":405,"IstNo":12015206,"SuAdi":"ARSIZÖZÜ","IstAdi":"UZUNLU BRAJI","BolgeNo":12,"ILKODU":66,"ILCEKODU":1198,"HAVZA_ID":15,"entityId":"405","entityType":"hesStations","id":"405","name":"UZUNLU BRAJI","stationId":12015206,"basinId":15,"status":"no_data","color":"#94a3b8","radius":7}},{"type":"Feature","id":"406","geometry":{"type":"Point","coordinates":[34.02722000000006,41.425830000000076]},"properties":{"OBJECTID":406,"IstNo":12015224,"SuAdi":"CELEP D.","IstAdi":"ERSİL","BolgeNo":23,"ILKODU":37,"ILCEKODU":1666,"HAVZA_ID":15,"entityId":"406","entityType":"hesStations","id":"406","name":"ERSİL","stationId":12015224,"basinId":15,"status":"no_data","color":"#94a3b8","radius":7}},{"type":"Feature","id":"407","geometry":{"type":"Point","coordinates":[33.84083000000004,41.454720000000066]},"properties":{"OBJECTID":407,"IstNo":12015225,"SuAdi":"DADAY Ç.","IstAdi":"HASKÖY","BolgeNo":23,"ILKODU":37,"ILCEKODU":1450,"HAVZA_ID":15,"entityId":"407","entityType":"hesStations","id":"407","name":"HASKÖY","stationId":12015225,"basinId":15,"status":"no_data","color":"#94a3b8","radius":7}},{"type":"Feature","id":"408","geometry":{"type":"Point","coordinates":[33.56917000000004,41.47833000000003]},"properties":{"OBJECTID":408,"IstNo":12015226,"SuAdi":"DADAY Ç.","IstAdi":"GONCALAR","BolgeNo":23,"ILKODU":37,"ILCEKODU":1264,"HAVZA_ID":15,"entityId":"408","entityType":"hesStations","id":"408","name":"GONCALAR","stationId":12015226,"basinId":15,"status":"no_data","color":"#94a3b8","radius":7}},{"type":"Feature","id":"409","geometry":{"type":"Point","coordinates":[33.92667000000006,41.381110000000035]},"properties":{"OBJECTID":409,"IstNo":12015227,"SuAdi":"KARADERE Ç.","IstAdi":"DELİLER","BolgeNo":23,"ILKODU":37,"ILCEKODU":1450,"HAVZA_ID":15,"entityId":"409","entityType":"hesStations","id":"409","name":"DELİLER","stationId":12015227,"basinId":15,"status":"no_data","color":"#94a3b8","radius":7}},{"type":"Feature","id":"410","geometry":{"type":"Point","coordinates":[36.373050000000035,39.50945000000007]},"properties":{"OBJECTID":410,"IstNo":12015236,"SuAdi":"AKCAKIŞLA D.","IstAdi":"BOZKURT","BolgeNo":19,"ILKODU":58,"ILCEKODU":1650,"HAVZA_ID":15,"entityId":"410","entityType":"hesStations","id":"410","name":"BOZKURT","stationId":12015236,"basinId":15,"status":"no_data","color":"#94a3b8","radius":7}},{"type":"Feature","id":"411","geometry":{"type":"Point","coordinates":[36.589170000000024,39.869170000000054]},"properties":{"OBJECTID":411,"IstNo":12015237,"SuAdi":"KAVAK SUYU","IstAdi":"YILDIZELİ","BolgeNo":19,"ILKODU":58,"ILCEKODU":1731,"HAVZA_ID":15,"entityId":"411","entityType":"hesStations","id":"411","name":"YILDIZELİ","stationId":12015237,"basinId":15,"status":"no_data","color":"#94a3b8","radius":7}},{"type":"Feature","id":"412","geometry":{"type":"Point","coordinates":[34.75333000000006,41.46500000000003]},"properties":{"OBJECTID":412,"IstNo":12015243,"SuAdi":"KOLAZ Ç.","IstAdi":"KALEBAĞI","BolgeNo":7,"ILKODU":57,"ILCEKODU":1204,"HAVZA_ID":15,"entityId":"412","entityType":"hesStations","id":"412","name":"KALEBAĞI","stationId":12015243,"basinId":15,"status":"no_data","color":"#94a3b8","radius":7}},{"type":"Feature","id":"413","geometry":{"type":"Point","coordinates":[35.77555000000007,39.50834000000003]},"properties":{"OBJECTID":413,"IstNo":12015249,"SuAdi":"KANAK Ç.","IstAdi":"YAHYASARAY BARAJ GİRİŞİ","BolgeNo":12,"ILKODU":66,"ILCEKODU":1242,"HAVZA_ID":15,"entityId":"413","entityType":"hesStations","id":"413","name":"YAHYASARAY BARAJ GİRİŞİ","stationId":12015249,"basinId":15,"status":"no_data","color":"#94a3b8","radius":7}},{"type":"Feature","id":"414","geometry":{"type":"Point","coordinates":[36.970830000000035,40.01333000000005]},"properties":{"OBJECTID":414,"IstNo":12015261,"SuAdi":"DUMANLI Ç.","IstAdi":"OLUKMAN","BolgeNo":19,"ILKODU":58,"ILCEKODU":1628,"HAVZA_ID":15,"entityId":"414","entityType":"hesStations","id":"414","name":"OLUKMAN","stationId":12015261,"basinId":15,"status":"no_data","color":"#94a3b8","radius":7}},{"type":"Feature","id":"415","geometry":{"type":"Point","coordinates":[33.776110000000074,41.50834000000003]},"properties":{"OBJECTID":415,"IstNo":12015266,"SuAdi":"OYRAK D.","IstAdi":"OYRAK","BolgeNo":23,"ILKODU":37,"ILCEKODU":1450,"HAVZA_ID":15,"entityId":"415","entityType":"hesStations","id":"415","name":"OYRAK","stationId":12015266,"basinId":15,"status":"no_data","color":"#94a3b8","radius":7}},{"type":"Feature","id":"416","geometry":{"type":"Point","coordinates":[36.86611000000005,40.158330000000035]},"properties":{"OBJECTID":416,"IstNo":12015268,"SuAdi":"YUSUFOĞLAN D.","IstAdi":"YUSUFOĞLAN","BolgeNo":19,"ILKODU":58,"ILCEKODU":1731,"HAVZA_ID":15,"entityId":"416","entityType":"hesStations","id":"416","name":"YUSUFOĞLAN","stationId":12015268,"basinId":15,"status":"no_data","color":"#94a3b8","radius":7}},{"type":"Feature","id":"417","geometry":{"type":"Point","coordinates":[37.70945000000006,39.94556000000006]},"properties":{"OBJECTID":417,"IstNo":12015272,"SuAdi":"KUZUCAĞIN D.","IstAdi":"MESTAN","BolgeNo":19,"ILKODU":58,"ILCEKODU":1738,"HAVZA_ID":15,"entityId":"417","entityType":"hesStations","id":"417","name":"MESTAN","stationId":12015272,"basinId":15,"status":"no_data","color":"#94a3b8","radius":7}},{"type":"Feature","id":"418","geometry":{"type":"Point","coordinates":[36.027780000000064,39.32695000000007]},"properties":{"OBJECTID":418,"IstNo":12015275,"SuAdi":"PINARBAŞI KAYNAĞI","IstAdi":"ÇEPNİ","BolgeNo":19,"ILKODU":58,"ILCEKODU":1342,"HAVZA_ID":15,"entityId":"418","entityType":"hesStations","id":"418","name":"ÇEPNİ","stationId":12015275,"basinId":15,"status":"no_data","color":"#94a3b8","radius":7}},{"type":"Feature","id":"419","geometry":{"type":"Point","coordinates":[33.76667000000003,39.918330000000026]},"properties":{"OBJECTID":419,"IstNo":12015282,"SuAdi":"ÇORUHÖZÜ D.","IstAdi":"BALIŞEYH","BolgeNo":5,"ILKODU":71,"ILCEKODU":1882,"HAVZA_ID":15,"entityId":"419","entityType":"hesStations","id":"419","name":"BALIŞEYH","stationId":12015282,"basinId":15,"status":"no_data","color":"#94a3b8","radius":7}},{"type":"Feature","id":"420","geometry":{"type":"Point","coordinates":[35.50667000000004,41.03194000000008]},"properties":{"OBJECTID":420,"IstNo":12015285,"SuAdi":"BAKIRÇAY D.","IstAdi":"MERYEMDERE","BolgeNo":7,"ILKODU":55,"ILCEKODU":1386,"HAVZA_ID":15,"entityId":"420","entityType":"hesStations","id":"420","name":"MERYEMDERE","stationId":12015285,"basinId":15,"status":"no_data","color":"#94a3b8","radius":7}},{"type":"Feature","id":"421","geometry":{"type":"Point","coordinates":[34.51167000000004,40.19667000000004]},"properties":{"OBJECTID":421,"IstNo":12015288,"SuAdi":"ARİFEGAZİLİ D.","IstAdi":"ARİFEGAZİLİ","BolgeNo":5,"ILKODU":19,"ILCEKODU":1642,"HAVZA_ID":15,"entityId":"421","entityType":"hesStations","id":"421","name":"ARİFEGAZİLİ","stationId":12015288,"basinId":15,"status":"no_data","color":"#94a3b8","radius":7}},{"type":"Feature","id":"422","geometry":{"type":"Point","coordinates":[35.96778000000006,39.24361000000005]},"properties":{"OBJECTID":422,"IstNo":12015289,"SuAdi":"GÖKSU D.","IstAdi":"EĞERCİ","BolgeNo":19,"ILKODU":58,"ILCEKODU":1342,"HAVZA_ID":15,"entityId":"422","entityType":"hesStations","id":"422","name":"EĞERCİ","stationId":12015289,"basinId":15,"status":"no_data","color":"#94a3b8","radius":7}},{"type":"Feature","id":"423","geometry":{"type":"Point","coordinates":[37.132780000000025,39.78250000000003]},"properties":{"OBJECTID":423,"IstNo":12015290,"SuAdi":"KIZILIRMAK","IstAdi":"DİKMENCİK","BolgeNo":19,"ILKODU":58,"ILCEKODU":1628,"HAVZA_ID":15,"entityId":"423","entityType":"hesStations","id":"423","name":"DİKMENCİK","stationId":12015290,"basinId":15,"status":"no_data","color":"#94a3b8","radius":7}},{"type":"Feature","id":"424","geometry":{"type":"Point","coordinates":[35.730560000000025,39.57389000000006]},"properties":{"OBJECTID":424,"IstNo":12015298,"SuAdi":"YONCALIK DERESİ","IstAdi":"EYNELLİ","BolgeNo":12,"ILKODU":66,"ILCEKODU":1117,"HAVZA_ID":15,"entityId":"424","entityType":"hesStations","id":"424","name":"EYNELLİ","stationId":12015298,"basinId":15,"status":"no_data","color":"#94a3b8","radius":7}},{"type":"Feature","id":"425","geometry":{"type":"Point","coordinates":[36.86528000000004,39.99556000000007]},"properties":{"OBJECTID":425,"IstNo":12015306,"SuAdi":"YILDIZ IRMAĞI","IstAdi":"ALİAĞILI","BolgeNo":19,"ILKODU":58,"ILCEKODU":1628,"HAVZA_ID":15,"entityId":"425","entityType":"hesStations","id":"425","name":"ALİAĞILI","stationId":12015306,"basinId":15,"status":"no_data","color":"#94a3b8","radius":7}},{"type":"Feature","id":"426","geometry":{"type":"Point","coordinates":[36.77222000000006,39.76556000000005]},"properties":{"OBJECTID":426,"IstNo":12015307,"SuAdi":"YILDIZ IRMAĞI","IstAdi":"YUKARI YILDIZLI","BolgeNo":19,"ILKODU":58,"ILCEKODU":1628,"HAVZA_ID":15,"entityId":"426","entityType":"hesStations","id":"426","name":"YUKARI YILDIZLI","stationId":12015307,"basinId":15,"status":"no_data","color":"#94a3b8","radius":7}},{"type":"Feature","id":"427","geometry":{"type":"Point","coordinates":[35.65083000000004,41.53250000000003]},"properties":{"OBJECTID":427,"IstNo":12015315,"SuAdi":"TAŞKELİK Ç.","IstAdi":"DİKMEN ","BolgeNo":7,"ILKODU":55,"ILCEKODU":1125,"HAVZA_ID":15,"entityId":"427","entityType":"hesStations","id":"427","name":"DİKMEN ","stationId":12015315,"basinId":15,"status":"no_data","color":"#94a3b8","radius":7}},{"type":"Feature","id":"428","geometry":{"type":"Point","coordinates":[35.838610000000074,41.47028000000006]},"properties":{"OBJECTID":428,"IstNo":12015318,"SuAdi":"KIZILIRMAK N.","IstAdi":"DERBENT ","BolgeNo":7,"ILKODU":55,"ILCEKODU":1164,"HAVZA_ID":15,"entityId":"428","entityType":"hesStations","id":"428","name":"DERBENT ","stationId":12015318,"basinId":15,"status":"no_data","color":"#94a3b8","radius":7}},{"type":"Feature","id":"429","geometry":{"type":"Point","coordinates":[37.70028000000008,39.923050000000046]},"properties":{"OBJECTID":429,"IstNo":12015319,"SuAdi":"HABEŞ ÇAYI","IstAdi":"ÜTÜK","BolgeNo":19,"ILKODU":58,"ILCEKODU":1738,"HAVZA_ID":15,"entityId":"429","entityType":"hesStations","id":"429","name":"ÜTÜK","stationId":12015319,"basinId":15,"status":"no_data","color":"#94a3b8","radius":7}},{"type":"Feature","id":"430","geometry":{"type":"Point","coordinates":[37.08972000000006,39.40750000000003]},"properties":{"OBJECTID":430,"IstNo":12015322,"SuAdi":"TECER SUYU","IstAdi":"TECER","BolgeNo":19,"ILKODU":58,"ILCEKODU":1991,"HAVZA_ID":15,"entityId":"430","entityType":"hesStations","id":"430","name":"TECER","stationId":12015322,"basinId":15,"status":"no_data","color":"#94a3b8","radius":7}},{"type":"Feature","id":"431","geometry":{"type":"Point","coordinates":[36.67500000000007,39.62083000000007]},"properties":{"OBJECTID":431,"IstNo":12015323,"SuAdi":"DAĞILGAN D.","IstAdi":"DURDULU","BolgeNo":19,"ILKODU":58,"ILCEKODU":1628,"HAVZA_ID":15,"entityId":"431","entityType":"hesStations","id":"431","name":"DURDULU","stationId":12015323,"basinId":15,"status":"no_data","color":"#94a3b8","radius":7}},{"type":"Feature","id":"432","geometry":{"type":"Point","coordinates":[34.02417000000003,41.33667000000003]},"properties":{"OBJECTID":432,"IstNo":12015329,"SuAdi":"AKKAYA ÇAYI","IstAdi":"EMİRKÖY","BolgeNo":23,"ILKODU":37,"ILCEKODU":1450,"HAVZA_ID":15,"entityId":"432","entityType":"hesStations","id":"432","name":"EMİRKÖY","stationId":12015329,"basinId":15,"status":"no_data","color":"#94a3b8","radius":7}},{"type":"Feature","id":"433","geometry":{"type":"Point","coordinates":[35.050560000000075,41.41250000000008]},"properties":{"OBJECTID":433,"IstNo":12015330,"SuAdi":"GÖKIRMAK","IstAdi":"DURAĞAN","BolgeNo":7,"ILKODU":57,"ILCEKODU":1290,"HAVZA_ID":15,"entityId":"433","entityType":"hesStations","id":"433","name":"DURAĞAN","stationId":12015330,"basinId":15,"status":"no_data","color":"#94a3b8","radius":7}},{"type":"Feature","id":"434","geometry":{"type":"Point","coordinates":[35.25028000000003,41.16333000000003]},"properties":{"OBJECTID":434,"IstNo":12015331,"SuAdi":"GÖLÇAY D.","IstAdi":"NARLISARAY","BolgeNo":7,"ILKODU":55,"ILCEKODU":1712,"HAVZA_ID":15,"entityId":"434","entityType":"hesStations","id":"434","name":"NARLISARAY","stationId":12015331,"basinId":15,"status":"no_data","color":"#94a3b8","radius":7}},{"type":"Feature","id":"435","geometry":{"type":"Point","coordinates":[33.74055000000004,41.10889000000003]},"properties":{"OBJECTID":435,"IstNo":12015332,"SuAdi":"KARANLIK D.","IstAdi":"AŞAĞI TÜFEKÇİ","BolgeNo":23,"ILKODU":37,"ILCEKODU":1450,"HAVZA_ID":15,"entityId":"435","entityType":"hesStations","id":"435","name":"AŞAĞI TÜFEKÇİ","stationId":12015332,"basinId":15,"status":"no_data","color":"#94a3b8","radius":7}},{"type":"Feature","id":"436","geometry":{"type":"Point","coordinates":[37.052500000000066,39.710830000000044]},"properties":{"OBJECTID":436,"IstNo":12015333,"SuAdi":"FADLIM IRMAĞI","IstAdi":"GARDAŞLAR","BolgeNo":19,"ILKODU":58,"ILCEKODU":1628,"HAVZA_ID":15,"entityId":"436","entityType":"hesStations","id":"436","name":"GARDAŞLAR","stationId":12015333,"basinId":15,"status":"no_data","color":"#94a3b8","radius":7}},{"type":"Feature","id":"437","geometry":{"type":"Point","coordinates":[37.754170000000045,39.863330000000076]},"properties":{"OBJECTID":437,"IstNo":12015334,"SuAdi":"ACISU ÇAYI","IstAdi":"TEKKEKÖY","BolgeNo":19,"ILKODU":58,"ILCEKODU":1738,"HAVZA_ID":15,"entityId":"437","entityType":"hesStations","id":"437","name":"TEKKEKÖY","stationId":12015334,"basinId":15,"status":"no_data","color":"#94a3b8","radius":7}},{"type":"Feature","id":"438","geometry":{"type":"Point","coordinates":[35.83055000000007,41.47556000000003]},"properties":{"OBJECTID":438,"IstNo":12015335,"SuAdi":"İLYASLI Ç.","IstAdi":"KOZAĞAÇ KÖP.","BolgeNo":7,"ILKODU":55,"ILCEKODU":1164,"HAVZA_ID":15,"entityId":"438","entityType":"hesStations","id":"438","name":"KOZAĞAÇ KÖP.","stationId":12015335,"basinId":15,"status":"no_data","color":"#94a3b8","radius":7}},{"type":"Feature","id":"439","geometry":{"type":"Point","coordinates":[35.776670000000024,41.443610000000035]},"properties":{"OBJECTID":439,"IstNo":12015337,"SuAdi":"ZAHNE D.","IstAdi":"TERZİLİ","BolgeNo":7,"ILKODU":55,"ILCEKODU":1164,"HAVZA_ID":15,"entityId":"439","entityType":"hesStations","id":"439","name":"TERZİLİ","stationId":12015337,"basinId":15,"status":"no_data","color":"#94a3b8","radius":7}},{"type":"Feature","id":"440","geometry":{"type":"Point","coordinates":[35.98611000000005,39.21806000000004]},"properties":{"OBJECTID":440,"IstNo":12015340,"SuAdi":"KIZILIRMAK","IstAdi":"EĞERCİ","BolgeNo":19,"ILKODU":58,"ILCEKODU":1342,"HAVZA_ID":15,"entityId":"440","entityType":"hesStations","id":"440","name":"EĞERCİ","stationId":12015340,"basinId":15,"status":"no_data","color":"#94a3b8","radius":7}},{"type":"Feature","id":"441","geometry":{"type":"Point","coordinates":[33.78305000000006,41.401940000000025]},"properties":{"OBJECTID":441,"IstNo":12015343,"SuAdi":"KARAÇOMAK D.","IstAdi":"İNÖNÜ  ","BolgeNo":23,"ILKODU":37,"ILCEKODU":1450,"HAVZA_ID":15,"entityId":"441","entityType":"hesStations","id":"441","name":"İNÖNÜ  ","stationId":12015343,"basinId":15,"status":"no_data","color":"#94a3b8","radius":7}},{"type":"Feature","id":"442","geometry":{"type":"Point","coordinates":[33.198060000000055,40.26111000000003]},"properties":{"OBJECTID":442,"IstNo":12015344,"SuAdi":"HAN D.","IstAdi":"BEKİRAĞA MAHALLESI","BolgeNo":5,"ILKODU":6,"ILCEKODU":1260,"HAVZA_ID":15,"entityId":"442","entityType":"hesStations","id":"442","name":"BEKİRAĞA MAHALLESI","stationId":12015344,"basinId":15,"status":"no_data","color":"#94a3b8","radius":7}},{"type":"Feature","id":"443","geometry":{"type":"Point","coordinates":[33.236950000000036,40.37028000000004]},"properties":{"OBJECTID":443,"IstNo":12015345,"SuAdi":"ŞABANÖZÜ Ç.","IstAdi":"ÖZBEK KÖYÜ","BolgeNo":5,"ILKODU":18,"ILCEKODU":1649,"HAVZA_ID":15,"entityId":"443","entityType":"hesStations","id":"443","name":"ÖZBEK KÖYÜ","stationId":12015345,"basinId":15,"status":"no_data","color":"#94a3b8","radius":7}},{"type":"Feature","id":"444","geometry":{"type":"Point","coordinates":[34.13889000000006,40.74306000000007]},"properties":{"OBJECTID":444,"IstNo":12015346,"SuAdi":"LAPA Ç.","IstAdi":"KORUM KAYA LİNYIT OCAĞI","BolgeNo":5,"ILKODU":19,"ILCEKODU":1177,"HAVZA_ID":15,"entityId":"444","entityType":"hesStations","id":"444","name":"KORUM KAYA LİNYIT OCAĞI","stationId":12015346,"basinId":15,"status":"no_data","color":"#94a3b8","radius":7}},{"type":"Feature","id":"445","geometry":{"type":"Point","coordinates":[33.881110000000035,41.33445000000006]},"properties":{"OBJECTID":445,"IstNo":12015347,"SuAdi":"İĞDİR Ç.","IstAdi":"DARIBÜKÜ","BolgeNo":23,"ILKODU":37,"ILCEKODU":1450,"HAVZA_ID":15,"entityId":"445","entityType":"hesStations","id":"445","name":"DARIBÜKÜ","stationId":12015347,"basinId":15,"status":"no_data","color":"#94a3b8","radius":7}},{"type":"Feature","id":"446","geometry":{"type":"Point","coordinates":[34.142220000000066,40.46556000000004]},"properties":{"OBJECTID":446,"IstNo":12015350,"SuAdi":"DELİCE Ç.","IstAdi":"KULA","BolgeNo":5,"ILKODU":18,"ILCEKODU":1817,"HAVZA_ID":15,"entityId":"446","entityType":"hesStations","id":"446","name":"KULA","stationId":12015350,"basinId":15,"status":"no_data","color":"#94a3b8","radius":7}},{"type":"Feature","id":"447","geometry":{"type":"Point","coordinates":[35.29500000000007,41.052500000000066]},"properties":{"OBJECTID":447,"IstNo":12015352,"SuAdi":"KUYMA Ç.","IstAdi":"DURUÇAY BARAJI GİRİŞ","BolgeNo":7,"ILKODU":55,"ILCEKODU":1712,"HAVZA_ID":15,"entityId":"447","entityType":"hesStations","id":"447","name":"DURUÇAY BARAJI GİRİŞ","stationId":12015352,"basinId":15,"status":"no_data","color":"#94a3b8","radius":7}},{"type":"Feature","id":"448","geometry":{"type":"Point","coordinates":[35.29500000000007,41.052500000000066]},"properties":{"OBJECTID":448,"IstNo":12015352,"SuAdi":"KUYMA ÇAYI","IstAdi":"DURUÇAY BARAJI-DURUÇAY","BolgeNo":7,"ILKODU":55,"ILCEKODU":1712,"HAVZA_ID":15,"entityId":"448","entityType":"hesStations","id":"448","name":"DURUÇAY BARAJI-DURUÇAY","stationId":12015352,"basinId":15,"status":"no_data","color":"#94a3b8","radius":7}},{"type":"Feature","id":"449","geometry":{"type":"Point","coordinates":[34.68333000000007,41.30111000000005]},"properties":{"OBJECTID":449,"IstNo":12015353,"SuAdi":"ASARCIK D.","IstAdi":"SARAYDÜZÜ BARAJI GİRİŞ","BolgeNo":7,"ILKODU":57,"ILCEKODU":1981,"HAVZA_ID":15,"entityId":"449","entityType":"hesStations","id":"449","name":"SARAYDÜZÜ BARAJI GİRİŞ","stationId":12015353,"basinId":15,"status":"no_data","color":"#94a3b8","radius":7}},{"type":"Feature","id":"450","geometry":{"type":"Point","coordinates":[34.68333000000007,41.30111000000005]},"properties":{"OBJECTID":450,"IstNo":12015353,"SuAdi":"ASARCIK D.","IstAdi":"SARAYDÜZÜ BARAJI-ASARCIK KAZAKLI","BolgeNo":7,"ILKODU":57,"ILCEKODU":1981,"HAVZA_ID":15,"entityId":"450","entityType":"hesStations","id":"450","name":"SARAYDÜZÜ BARAJI-ASARCIK KAZAKLI","stationId":12015353,"basinId":15,"status":"no_data","color":"#94a3b8","radius":7}},{"type":"Feature","id":"451","geometry":{"type":"Point","coordinates":[35.51667000000003,41.04889000000003]},"properties":{"OBJECTID":451,"IstNo":12015354,"SuAdi":"İSTAVROZ Ç.","IstAdi":"VEZİRKÖPRÜ BARAJI GİRİŞ","BolgeNo":7,"ILKODU":55,"ILCEKODU":1712,"HAVZA_ID":15,"entityId":"451","entityType":"hesStations","id":"451","name":"VEZİRKÖPRÜ BARAJI GİRİŞ","stationId":12015354,"basinId":15,"status":"no_data","color":"#94a3b8","radius":7}},{"type":"Feature","id":"452","geometry":{"type":"Point","coordinates":[35.51667000000003,41.04889000000003]},"properties":{"OBJECTID":452,"IstNo":12015354,"SuAdi":"İSTAVROZ ÇAYI","IstAdi":"VEZİRKÖPRÜ BARAJI-KÖPRÜBAŞI","BolgeNo":7,"ILKODU":55,"ILCEKODU":1712,"HAVZA_ID":15,"entityId":"452","entityType":"hesStations","id":"452","name":"VEZİRKÖPRÜ BARAJI-KÖPRÜBAŞI","stationId":12015354,"basinId":15,"status":"no_data","color":"#94a3b8","radius":7}},{"type":"Feature","id":"453","geometry":{"type":"Point","coordinates":[35.99667000000005,41.41861000000006]},"properties":{"OBJECTID":453,"IstNo":12015355,"SuAdi":"ENGİZ Ç.","IstAdi":"ONDOKUZ MAYIS BARAJI GİRİŞ","BolgeNo":7,"ILKODU":55,"ILCEKODU":1830,"HAVZA_ID":15,"entityId":"453","entityType":"hesStations","id":"453","name":"ONDOKUZ MAYIS BARAJI GİRİŞ","stationId":12015355,"basinId":15,"status":"no_data","color":"#94a3b8","radius":7}},{"type":"Feature","id":"454","geometry":{"type":"Point","coordinates":[35.99667000000005,41.41861000000006]},"properties":{"OBJECTID":454,"IstNo":12015355,"SuAdi":"ENGİZ ÇAYI","IstAdi":"ONDOKUZ MAYIS BARAJI-ORMANCIK","BolgeNo":7,"ILKODU":55,"ILCEKODU":1830,"HAVZA_ID":15,"entityId":"454","entityType":"hesStations","id":"454","name":"ONDOKUZ MAYIS BARAJI-ORMANCIK","stationId":12015355,"basinId":15,"status":"no_data","color":"#94a3b8","radius":7}},{"type":"Feature","id":"455","geometry":{"type":"Point","coordinates":[36.38500000000005,39.504170000000045]},"properties":{"OBJECTID":455,"IstNo":12015358,"SuAdi":"KIZILIRMAK","IstAdi":"ÇERMİKLER","BolgeNo":19,"ILKODU":58,"ILCEKODU":1650,"HAVZA_ID":15,"entityId":"455","entityType":"hesStations","id":"455","name":"ÇERMİKLER","stationId":12015358,"basinId":15,"status":"no_data","color":"#94a3b8","radius":7}},{"type":"Feature","id":"456","geometry":{"type":"Point","coordinates":[37.616390000000024,39.86889000000008]},"properties":{"OBJECTID":456,"IstNo":12015362,"SuAdi":"TÖDÜRGE D.","IstAdi":"TÖDÜRGE GÖLÜ GİRİŞ","BolgeNo":19,"ILKODU":58,"ILCEKODU":1738,"HAVZA_ID":15,"entityId":"456","entityType":"hesStations","id":"456","name":"TÖDÜRGE GÖLÜ GİRİŞ","stationId":12015362,"basinId":15,"status":"no_data","color":"#94a3b8","radius":7}},{"type":"Feature","id":"457","geometry":{"type":"Point","coordinates":[37.56472000000008,39.88194000000004]},"properties":{"OBJECTID":457,"IstNo":12015363,"SuAdi":"TÖDÜRGE D. ","IstAdi":"TÖDÜRGE GÖLÜ ÇIKIŞ","BolgeNo":19,"ILKODU":58,"ILCEKODU":1738,"HAVZA_ID":15,"entityId":"457","entityType":"hesStations","id":"457","name":"TÖDÜRGE GÖLÜ ÇIKIŞ","stationId":12015363,"basinId":15,"status":"no_data","color":"#94a3b8","radius":7}},{"type":"Feature","id":"458","geometry":{"type":"Point","coordinates":[37.052500000000066,39.44111000000004]},"properties":{"OBJECTID":458,"IstNo":12015365,"SuAdi":"ULAŞ D.","IstAdi":"ULAŞ GÖLÜ ÇIKIŞ","BolgeNo":19,"ILKODU":58,"ILCEKODU":1991,"HAVZA_ID":15,"entityId":"458","entityType":"hesStations","id":"458","name":"ULAŞ GÖLÜ ÇIKIŞ","stationId":12015365,"basinId":15,"status":"no_data","color":"#94a3b8","radius":7}},{"type":"Feature","id":"459","geometry":{"type":"Point","coordinates":[32.32583000000005,37.25945000000007]},"properties":{"OBJECTID":459,"IstNo":12016003,"SuAdi":"ÇARŞAMBA S. ","IstAdi":"MAVİ","BolgeNo":4,"ILKODU":42,"ILCEKODU":1753,"HAVZA_ID":16,"entityId":"459","entityType":"hesStations","id":"459","name":"MAVİ","stationId":12016003,"basinId":16,"status":"no_data","color":"#94a3b8","radius":7}},{"type":"Feature","id":"460","geometry":{"type":"Point","coordinates":[31.19333000000006,38.03083000000004]},"properties":{"OBJECTID":460,"IstNo":12016013,"SuAdi":"ŞAKİRKARAAĞAÇ S.","IstAdi":"ÇELTEK KÖP.","BolgeNo":18,"ILKODU":32,"ILCEKODU":1651,"HAVZA_ID":16,"entityId":"460","entityType":"hesStations","id":"460","name":"ÇELTEK KÖP.","stationId":12016013,"basinId":16,"status":"no_data","color":"#94a3b8","radius":7}},{"type":"Feature","id":"461","geometry":{"type":"Point","coordinates":[31.49583000000007,37.539720000000045]},"properties":{"OBJECTID":461,"IstNo":12016014,"SuAdi":"SOĞUKSU","IstAdi":"YEŞİLDAĞ","BolgeNo":4,"ILKODU":42,"ILCEKODU":1188,"HAVZA_ID":16,"entityId":"461","entityType":"hesStations","id":"461","name":"YEŞİLDAĞ","stationId":12016014,"basinId":16,"status":"no_data","color":"#94a3b8","radius":7}},{"type":"Feature","id":"462","geometry":{"type":"Point","coordinates":[31.591390000000047,37.615830000000074]},"properties":{"OBJECTID":462,"IstNo":12016015,"SuAdi":"ÜSTÜNLER S.","IstAdi":"ÜSTÜNLER","BolgeNo":4,"ILKODU":42,"ILCEKODU":1188,"HAVZA_ID":16,"entityId":"462","entityType":"hesStations","id":"462","name":"ÜSTÜNLER","stationId":12016015,"basinId":16,"status":"no_data","color":"#94a3b8","radius":7}},{"type":"Feature","id":"463","geometry":{"type":"Point","coordinates":[33.46944000000008,37.15139000000005]},"properties":{"OBJECTID":463,"IstNo":12016028,"SuAdi":"İBRALA Ç.","IstAdi":"NALAMA ÇİFTLİĞİ","BolgeNo":4,"ILKODU":70,"ILCEKODU":1439,"HAVZA_ID":16,"entityId":"463","entityType":"hesStations","id":"463","name":"NALAMA ÇİFTLİĞİ","stationId":12016028,"basinId":16,"status":"no_data","color":"#94a3b8","radius":7}},{"type":"Feature","id":"464","geometry":{"type":"Point","coordinates":[31.308610000000044,37.701670000000036]},"properties":{"OBJECTID":464,"IstNo":12016039,"SuAdi":"GİRİŞ","IstAdi":"YENİŞAR BADEMLİ BARAJI","BolgeNo":18,"ILKODU":32,"ILCEKODU":1755,"HAVZA_ID":16,"entityId":"464","entityType":"hesStations","id":"464","name":"YENİŞAR BADEMLİ BARAJI","stationId":12016039,"basinId":16,"status":"no_data","color":"#94a3b8","radius":7}},{"type":"Feature","id":"465","geometry":{"type":"Point","coordinates":[31.891390000000058,37.37806000000006]},"properties":{"OBJECTID":465,"IstNo":12016078,"SuAdi":"SUBERTE Ç.","IstAdi":"TAŞAĞIL","BolgeNo":4,"ILKODU":42,"ILCEKODU":1617,"HAVZA_ID":16,"entityId":"465","entityType":"hesStations","id":"465","name":"TAŞAĞIL","stationId":12016078,"basinId":16,"status":"no_data","color":"#94a3b8","radius":7}},{"type":"Feature","id":"466","geometry":{"type":"Point","coordinates":[34.279720000000054,38.38861000000003]},"properties":{"OBJECTID":466,"IstNo":12016080,"SuAdi":"KARASU","IstAdi":"DEMİRCI","BolgeNo":4,"ILKODU":68,"ILCEKODU":1932,"HAVZA_ID":16,"entityId":"466","entityType":"hesStations","id":"466","name":"DEMİRCI","stationId":12016080,"basinId":16,"status":"no_data","color":"#94a3b8","radius":7}},{"type":"Feature","id":"467","geometry":{"type":"Point","coordinates":[33.75694000000004,37.30583000000007]},"properties":{"OBJECTID":467,"IstNo":12016087,"SuAdi":"AYRANCI S.","IstAdi":"KAVAKLIK","BolgeNo":4,"ILKODU":70,"ILCEKODU":1768,"HAVZA_ID":16,"entityId":"467","entityType":"hesStations","id":"467","name":"KAVAKLIK","stationId":12016087,"basinId":16,"status":"no_data","color":"#94a3b8","radius":7}},{"type":"Feature","id":"468","geometry":{"type":"Point","coordinates":[32.60417000000007,37.385830000000055]},"properties":{"OBJECTID":468,"IstNo":12016095,"SuAdi":"APA BRJ.","IstAdi":"ÇIKIŞI","BolgeNo":4,"ILKODU":42,"ILCEKODU":1262,"HAVZA_ID":16,"entityId":"468","entityType":"hesStations","id":"468","name":"ÇIKIŞI","stationId":12016095,"basinId":16,"status":"no_data","color":"#94a3b8","radius":7}},{"type":"Feature","id":"469","geometry":{"type":"Point","coordinates":[34.26917000000003,38.29750000000007]},"properties":{"OBJECTID":469,"IstNo":12016098,"SuAdi":"MELENDİZ Ç.","IstAdi":"SELİME","BolgeNo":4,"ILKODU":68,"ILCEKODU":1861,"HAVZA_ID":16,"entityId":"469","entityType":"hesStations","id":"469","name":"SELİME","stationId":12016098,"basinId":16,"status":"no_data","color":"#94a3b8","radius":7}},{"type":"Feature","id":"470","geometry":{"type":"Point","coordinates":[32.26917000000003,37.924450000000036]},"properties":{"OBJECTID":470,"IstNo":12016100,"SuAdi":"MERAM Ç.","IstAdi":"KÜÇÜKMUHSİNE","BolgeNo":4,"ILKODU":42,"ILCEKODU":1839,"HAVZA_ID":16,"entityId":"470","entityType":"hesStations","id":"470","name":"KÜÇÜKMUHSİNE","stationId":12016100,"basinId":16,"status":"no_data","color":"#94a3b8","radius":7}},{"type":"Feature","id":"471","geometry":{"type":"Point","coordinates":[31.848050000000057,37.590280000000064]},"properties":{"OBJECTID":471,"IstNo":12016101,"SuAdi":"ÇAVUŞ D.","IstAdi":"AŞAĞIESENCE","BolgeNo":4,"ILKODU":42,"ILCEKODU":1188,"HAVZA_ID":16,"entityId":"471","entityType":"hesStations","id":"471","name":"AŞAĞIESENCE","stationId":12016101,"basinId":16,"status":"no_data","color":"#94a3b8","radius":7}},{"type":"Feature","id":"472","geometry":{"type":"Point","coordinates":[31.73694000000006,37.71194000000003]},"properties":{"OBJECTID":472,"IstNo":12016104,"SuAdi":"SARISU","IstAdi":"EYLİKLER","BolgeNo":4,"ILKODU":42,"ILCEKODU":1188,"HAVZA_ID":16,"entityId":"472","entityType":"hesStations","id":"472","name":"EYLİKLER","stationId":12016104,"basinId":16,"status":"no_data","color":"#94a3b8","radius":7}},{"type":"Feature","id":"473","geometry":{"type":"Point","coordinates":[31.49222000000003,37.54194000000007]},"properties":{"OBJECTID":473,"IstNo":12016111,"SuAdi":"SOĞUKSU","IstAdi":"YESİLDAĞ KÖP.","BolgeNo":4,"ILKODU":42,"ILCEKODU":1188,"HAVZA_ID":16,"entityId":"473","entityType":"hesStations","id":"473","name":"YESİLDAĞ KÖP.","stationId":12016111,"basinId":16,"status":"no_data","color":"#94a3b8","radius":7}},{"type":"Feature","id":"474","geometry":{"type":"Point","coordinates":[32.14944000000003,37.16555000000005]},"properties":{"OBJECTID":474,"IstNo":12016115,"SuAdi":"ÇARŞAMBA S.","IstAdi":"SORKUN","BolgeNo":4,"ILKODU":42,"ILCEKODU":1207,"HAVZA_ID":16,"entityId":"474","entityType":"hesStations","id":"474","name":"SORKUN","stationId":12016115,"basinId":16,"status":"no_data","color":"#94a3b8","radius":7}},{"type":"Feature","id":"475","geometry":{"type":"Point","coordinates":[33.20055000000008,38.55639000000008]},"properties":{"OBJECTID":475,"IstNo":12016126,"SuAdi":"KONYA ANA TAH.KAN.","IstAdi":"GÖLYAZI","BolgeNo":4,"ILKODU":42,"ILCEKODU":1222,"HAVZA_ID":16,"entityId":"475","entityType":"hesStations","id":"475","name":"GÖLYAZI","stationId":12016126,"basinId":16,"status":"no_data","color":"#94a3b8","radius":7}},{"type":"Feature","id":"476","geometry":{"type":"Point","coordinates":[31.51917000000003,37.38361000000003]},"properties":{"OBJECTID":476,"IstNo":12016134,"SuAdi":"KOCADERE","IstAdi":"DEREBUCAK","BolgeNo":4,"ILKODU":42,"ILCEKODU":1789,"HAVZA_ID":16,"entityId":"476","entityType":"hesStations","id":"476","name":"DEREBUCAK","stationId":12016134,"basinId":16,"status":"no_data","color":"#94a3b8","radius":7}},{"type":"Feature","id":"477","geometry":{"type":"Point","coordinates":[32.28639000000004,37.88306000000006]},"properties":{"OBJECTID":477,"IstNo":12016139,"SuAdi":"FINDIKLI D.","IstAdi":"ALTINAPA BRJ.GIRIŞ","BolgeNo":4,"ILKODU":42,"ILCEKODU":1839,"HAVZA_ID":16,"entityId":"477","entityType":"hesStations","id":"477","name":"ALTINAPA BRJ.GIRIŞ","stationId":12016139,"basinId":16,"status":"no_data","color":"#94a3b8","radius":7}},{"type":"Feature","id":"478","geometry":{"type":"Point","coordinates":[34.17528000000004,37.41611000000006]},"properties":{"OBJECTID":478,"IstNo":12016140,"SuAdi":"İVRİZ Ç.","IstAdi":"AYDINKENT","BolgeNo":4,"ILKODU":42,"ILCEKODU":1937,"HAVZA_ID":16,"entityId":"478","entityType":"hesStations","id":"478","name":"AYDINKENT","stationId":12016140,"basinId":16,"status":"no_data","color":"#94a3b8","radius":7}},{"type":"Feature","id":"479","geometry":{"type":"Point","coordinates":[34.193610000000035,37.430000000000064]},"properties":{"OBJECTID":479,"IstNo":12016141,"SuAdi":"ZANAPA D.","IstAdi":"HALKAPİNAR","BolgeNo":4,"ILKODU":42,"ILCEKODU":1937,"HAVZA_ID":16,"entityId":"479","entityType":"hesStations","id":"479","name":"HALKAPİNAR","stationId":12016141,"basinId":16,"status":"no_data","color":"#94a3b8","radius":7}},{"type":"Feature","id":"480","geometry":{"type":"Point","coordinates":[31.49306000000007,37.917500000000075]},"properties":{"OBJECTID":480,"IstNo":12016154,"SuAdi":"OZAN D.","IstAdi":"TOLCA","BolgeNo":4,"ILKODU":42,"ILCEKODU":1804,"HAVZA_ID":16,"entityId":"480","entityType":"hesStations","id":"480","name":"TOLCA","stationId":12016154,"basinId":16,"status":"no_data","color":"#94a3b8","radius":7}},{"type":"Feature","id":"481","geometry":{"type":"Point","coordinates":[31.541670000000067,37.91889000000003]},"properties":{"OBJECTID":481,"IstNo":12016155,"SuAdi":"ÇAVUŞKÖY D.","IstAdi":"KIRELİ","BolgeNo":4,"ILKODU":42,"ILCEKODU":1804,"HAVZA_ID":16,"entityId":"481","entityType":"hesStations","id":"481","name":"KIRELİ","stationId":12016155,"basinId":16,"status":"no_data","color":"#94a3b8","radius":7}},{"type":"Feature","id":"482","geometry":{"type":"Point","coordinates":[31.438330000000065,37.72639000000004]},"properties":{"OBJECTID":482,"IstNo":12016158,"SuAdi":"HIZAR D.","IstAdi":"GÖLYAKA","BolgeNo":4,"ILKODU":42,"ILCEKODU":1188,"HAVZA_ID":16,"entityId":"482","entityType":"hesStations","id":"482","name":"GÖLYAKA","stationId":12016158,"basinId":16,"status":"no_data","color":"#94a3b8","radius":7}},{"type":"Feature","id":"483","geometry":{"type":"Point","coordinates":[32.28028000000006,37.26305000000008]},"properties":{"OBJECTID":483,"IstNo":12016166,"SuAdi":"ÇARSAMBA S.","IstAdi":"PİNARCIK","BolgeNo":4,"ILKODU":42,"ILCEKODU":1207,"HAVZA_ID":16,"entityId":"483","entityType":"hesStations","id":"483","name":"PİNARCIK","stationId":12016166,"basinId":16,"status":"no_data","color":"#94a3b8","radius":7}},{"type":"Feature","id":"484","geometry":{"type":"Point","coordinates":[31.33639000000005,37.99472000000003]},"properties":{"OBJECTID":484,"IstNo":12016341,"SuAdi":"ÇIKIŞ","IstAdi":"DEREBUCAK BARAJI ","BolgeNo":4,"ILKODU":42,"ILCEKODU":1651,"HAVZA_ID":16,"entityId":"484","entityType":"hesStations","id":"484","name":"DEREBUCAK BARAJI ","stationId":12016341,"basinId":16,"status":"no_data","color":"#94a3b8","radius":7}},{"type":"Feature","id":"485","geometry":{"type":"Point","coordinates":[31.49917000000005,37.46611000000007]},"properties":{"OBJECTID":485,"IstNo":12016342,"SuAdi":"DEREBUCAK BARAJI","IstAdi":"TÜNEL ÇIKIŞI","BolgeNo":4,"ILKODU":42,"ILCEKODU":1188,"HAVZA_ID":16,"entityId":"485","entityType":"hesStations","id":"485","name":"TÜNEL ÇIKIŞI","stationId":12016342,"basinId":16,"status":"no_data","color":"#94a3b8","radius":7}},{"type":"Feature","id":"486","geometry":{"type":"Point","coordinates":[34.635560000000055,36.987220000000036]},"properties":{"OBJECTID":486,"IstNo":12017006,"SuAdi":"DELİÇAY","IstAdi":"PUĞKARAAĞAÇ","BolgeNo":6,"ILKODU":33,"ILCEKODU":2066,"HAVZA_ID":17,"entityId":"486","entityType":"hesStations","id":"486","name":"PUĞKARAAĞAÇ","stationId":12017006,"basinId":17,"status":"no_data","color":"#94a3b8","radius":7}},{"type":"Feature","id":"487","geometry":{"type":"Point","coordinates":[34.76833000000005,37.03056000000004]},"properties":{"OBJECTID":487,"IstNo":12017007,"SuAdi":"PAMUK D.","IstAdi":"KEŞBÜKÜ","BolgeNo":6,"ILKODU":33,"ILCEKODU":1665,"HAVZA_ID":17,"entityId":"487","entityType":"hesStations","id":"487","name":"KEŞBÜKÜ","stationId":12017007,"basinId":17,"status":"no_data","color":"#94a3b8","radius":7}},{"type":"Feature","id":"488","geometry":{"type":"Point","coordinates":[34.55305000000004,36.86167000000006]},"properties":{"OBJECTID":488,"IstNo":12017011,"SuAdi":"EFRENK D.","IstAdi":"HAMZABEYLİ","BolgeNo":6,"ILKODU":33,"ILCEKODU":2066,"HAVZA_ID":17,"entityId":"488","entityType":"hesStations","id":"488","name":"HAMZABEYLİ","stationId":12017011,"basinId":17,"status":"no_data","color":"#94a3b8","radius":7}},{"type":"Feature","id":"489","geometry":{"type":"Point","coordinates":[33.91611000000006,36.76194000000004]},"properties":{"OBJECTID":489,"IstNo":12017012,"SuAdi":"LAMAS Ç.","IstAdi":"SARIAYDIN","BolgeNo":6,"ILKODU":33,"ILCEKODU":1621,"HAVZA_ID":17,"entityId":"489","entityType":"hesStations","id":"489","name":"SARIAYDIN","stationId":12017012,"basinId":17,"status":"no_data","color":"#94a3b8","radius":7}},{"type":"Feature","id":"490","geometry":{"type":"Point","coordinates":[33.18750000000006,36.78167000000008]},"properties":{"OBJECTID":490,"IstNo":12017016,"SuAdi":"GÖKSU N.","IstAdi":"KRAVGA KÖPRÜSÜ","BolgeNo":6,"ILKODU":33,"ILCEKODU":1536,"HAVZA_ID":17,"entityId":"490","entityType":"hesStations","id":"490","name":"KRAVGA KÖPRÜSÜ","stationId":12017016,"basinId":17,"status":"no_data","color":"#94a3b8","radius":7}},{"type":"Feature","id":"491","geometry":{"type":"Point","coordinates":[33.53667000000007,36.23667000000006]},"properties":{"OBJECTID":491,"IstNo":12017024,"SuAdi":"KORUCAK D.","IstAdi":"ÇATALDEĞİRMEN","BolgeNo":6,"ILKODU":33,"ILCEKODU":1366,"HAVZA_ID":17,"entityId":"491","entityType":"hesStations","id":"491","name":"ÇATALDEĞİRMEN","stationId":12017024,"basinId":17,"status":"no_data","color":"#94a3b8","radius":7}},{"type":"Feature","id":"492","geometry":{"type":"Point","coordinates":[32.35417000000007,36.32611000000003]},"properties":{"OBJECTID":492,"IstNo":12017027,"SuAdi":"BIÇKICI D.","IstAdi":"İNCEĞİZ","BolgeNo":13,"ILKODU":7,"ILCEKODU":1337,"HAVZA_ID":17,"entityId":"492","entityType":"hesStations","id":"492","name":"İNCEĞİZ","stationId":12017027,"basinId":17,"status":"no_data","color":"#94a3b8","radius":7}},{"type":"Feature","id":"493","geometry":{"type":"Point","coordinates":[32.592220000000054,37.052220000000034]},"properties":{"OBJECTID":493,"IstNo":12017033,"SuAdi":"GÖKSU N.","IstAdi":"ALADAĞ KÖP.","BolgeNo":4,"ILKODU":42,"ILCEKODU":1375,"HAVZA_ID":17,"entityId":"493","entityType":"hesStations","id":"493","name":"ALADAĞ KÖP.","stationId":12017033,"basinId":17,"status":"no_data","color":"#94a3b8","radius":7}},{"type":"Feature","id":"494","geometry":{"type":"Point","coordinates":[32.53250000000003,36.95028000000008]},"properties":{"OBJECTID":494,"IstNo":12017034,"SuAdi":"BOĞAZ D.","IstAdi":"SAZAK KÖP.","BolgeNo":4,"ILKODU":42,"ILCEKODU":1848,"HAVZA_ID":17,"entityId":"494","entityType":"hesStations","id":"494","name":"SAZAK KÖP.","stationId":12017034,"basinId":17,"status":"no_data","color":"#94a3b8","radius":7}},{"type":"Feature","id":"495","geometry":{"type":"Point","coordinates":[32.53048000000007,36.96117000000004]},"properties":{"OBJECTID":495,"IstNo":12017035,"SuAdi":"ILICAPINAR D.","IstAdi":"KORUCU KÖP.","BolgeNo":4,"ILKODU":42,"ILCEKODU":1848,"HAVZA_ID":17,"entityId":"495","entityType":"hesStations","id":"495","name":"KORUCU KÖP.","stationId":12017035,"basinId":17,"status":"no_data","color":"#94a3b8","radius":7}},{"type":"Feature","id":"496","geometry":{"type":"Point","coordinates":[32.21611000000007,36.44500000000005]},"properties":{"OBJECTID":496,"IstNo":12017038,"SuAdi":"SEDRE Ç.","IstAdi":"KOCAOĞLANLI","BolgeNo":13,"ILKODU":7,"ILCEKODU":1126,"HAVZA_ID":9,"entityId":"496","entityType":"hesStations","id":"496","name":"KOCAOĞLANLI","stationId":12017038,"basinId":9,"status":"no_data","color":"#94a3b8","radius":7}},{"type":"Feature","id":"497","geometry":{"type":"Point","coordinates":[32.375560000000064,36.28889000000004]},"properties":{"OBJECTID":497,"IstNo":12017039,"SuAdi":"GÖKÇELER D.","IstAdi":"GAZİPAŞA","BolgeNo":13,"ILKODU":7,"ILCEKODU":1337,"HAVZA_ID":17,"entityId":"497","entityType":"hesStations","id":"497","name":"GAZİPAŞA","stationId":12017039,"basinId":17,"status":"no_data","color":"#94a3b8","radius":7}},{"type":"Feature","id":"498","geometry":{"type":"Point","coordinates":[34.25472000000008,36.65333000000004]},"properties":{"OBJECTID":498,"IstNo":12017040,"SuAdi":"ALATA Ç.","IstAdi":"SARILAR","BolgeNo":6,"ILKODU":33,"ILCEKODU":1311,"HAVZA_ID":17,"entityId":"498","entityType":"hesStations","id":"498","name":"SARILAR","stationId":12017040,"basinId":17,"status":"no_data","color":"#94a3b8","radius":7}},{"type":"Feature","id":"499","geometry":{"type":"Point","coordinates":[34.22611000000006,36.57583000000005]},"properties":{"OBJECTID":499,"IstNo":12017049,"SuAdi":"LAMAS Ç.","IstAdi":"LİMONLU","BolgeNo":6,"ILKODU":33,"ILCEKODU":1311,"HAVZA_ID":17,"entityId":"499","entityType":"hesStations","id":"499","name":"LİMONLU","stationId":12017049,"basinId":17,"status":"no_data","color":"#94a3b8","radius":7}},{"type":"Feature","id":"500","geometry":{"type":"Point","coordinates":[33.441940000000045,36.714440000000025]},"properties":{"OBJECTID":500,"IstNo":12017051,"SuAdi":"PİRİNÇ S.","IstAdi":"GENÇALİ","BolgeNo":6,"ILKODU":33,"ILCEKODU":1536,"HAVZA_ID":17,"entityId":"500","entityType":"hesStations","id":"500","name":"GENÇALİ","stationId":12017051,"basinId":17,"status":"no_data","color":"#94a3b8","radius":7}},{"type":"Feature","id":"501","geometry":{"type":"Point","coordinates":[33.645560000000046,36.441940000000045]},"properties":{"OBJECTID":501,"IstNo":12017053,"SuAdi":"GÖKSU N.","IstAdi":"KARGICAK","BolgeNo":6,"ILKODU":33,"ILCEKODU":1621,"HAVZA_ID":17,"entityId":"501","entityType":"hesStations","id":"501","name":"KARGICAK","stationId":12017053,"basinId":17,"status":"no_data","color":"#94a3b8","radius":7}},{"type":"Feature","id":"502","geometry":{"type":"Point","coordinates":[34.32361000000003,36.741940000000056]},"properties":{"OBJECTID":502,"IstNo":12017055,"SuAdi":"KARAKIZ DERESİ","IstAdi":"TÖMÜK","BolgeNo":6,"ILKODU":33,"ILCEKODU":1311,"HAVZA_ID":17,"entityId":"502","entityType":"hesStations","id":"502","name":"TÖMÜK","stationId":12017055,"basinId":17,"status":"no_data","color":"#94a3b8","radius":7}},{"type":"Feature","id":"503","geometry":{"type":"Point","coordinates":[32.60278000000005,36.15861000000007]},"properties":{"OBJECTID":503,"IstNo":12017056,"SuAdi":"KALADIRAN Ç.","IstAdi":"ANITLI","BolgeNo":6,"ILKODU":33,"ILCEKODU":1135,"HAVZA_ID":17,"entityId":"503","entityType":"hesStations","id":"503","name":"ANITLI","stationId":12017056,"basinId":17,"status":"no_data","color":"#94a3b8","radius":7}},{"type":"Feature","id":"504","geometry":{"type":"Point","coordinates":[34.398330000000044,36.77111000000008]},"properties":{"OBJECTID":504,"IstNo":12017060,"SuAdi":"SANDAL D.","IstAdi":"DOĞUSANDAL","BolgeNo":6,"ILKODU":33,"ILCEKODU":2065,"HAVZA_ID":17,"entityId":"504","entityType":"hesStations","id":"504","name":"DOĞUSANDAL","stationId":12017060,"basinId":17,"status":"no_data","color":"#94a3b8","radius":7}},{"type":"Feature","id":"505","geometry":{"type":"Point","coordinates":[34.398330000000044,36.77111000000008]},"properties":{"OBJECTID":505,"IstNo":12017060,"SuAdi":"SANDAL DERESİ","IstAdi":"DOĞUSANDAL","BolgeNo":6,"ILKODU":33,"ILCEKODU":2065,"HAVZA_ID":17,"entityId":"505","entityType":"hesStations","id":"505","name":"DOĞUSANDAL","stationId":12017060,"basinId":17,"status":"no_data","color":"#94a3b8","radius":7}},{"type":"Feature","id":"506","geometry":{"type":"Point","coordinates":[34.961110000000076,36.95139000000006]},"properties":{"OBJECTID":506,"IstNo":12017061,"SuAdi":"KUSUN DERESİ","IstAdi":"YUNUSOĞLU","BolgeNo":6,"ILKODU":33,"ILCEKODU":1665,"HAVZA_ID":17,"entityId":"506","entityType":"hesStations","id":"506","name":"YUNUSOĞLU","stationId":12017061,"basinId":17,"status":"no_data","color":"#94a3b8","radius":7}},{"type":"Feature","id":"507","geometry":{"type":"Point","coordinates":[32.63306000000006,36.863330000000076]},"properties":{"OBJECTID":507,"IstNo":12017062,"SuAdi":"AVŞAR BARAJ GİRİŞİ","IstAdi":"ÇETMİ DERESİ","BolgeNo":4,"ILKODU":42,"ILCEKODU":1848,"HAVZA_ID":17,"entityId":"507","entityType":"hesStations","id":"507","name":"ÇETMİ DERESİ","stationId":12017062,"basinId":17,"status":"no_data","color":"#94a3b8","radius":7}},{"type":"Feature","id":"508","geometry":{"type":"Point","coordinates":[34.861950000000036,37.470830000000035]},"properties":{"OBJECTID":508,"IstNo":12018006,"SuAdi":"ÇAKIT S.","IstAdi":"ŞEKERPINARI","BolgeNo":6,"ILKODU":1,"ILCEKODU":1580,"HAVZA_ID":18,"entityId":"508","entityType":"hesStations","id":"508","name":"ŞEKERPINARI","stationId":12018006,"basinId":18,"status":"no_data","color":"#94a3b8","radius":7}},{"type":"Feature","id":"509","geometry":{"type":"Point","coordinates":[36.07889000000006,38.83111000000008]},"properties":{"OBJECTID":509,"IstNo":12018008,"SuAdi":"TACİN SUYU","IstAdi":"TACİN","BolgeNo":12,"ILKODU":38,"ILCEKODU":1218,"HAVZA_ID":18,"entityId":"509","entityType":"hesStations","id":"509","name":"TACİN","stationId":12018008,"basinId":18,"status":"no_data","color":"#94a3b8","radius":7}},{"type":"Feature","id":"510","geometry":{"type":"Point","coordinates":[34.95694000000003,37.55000000000007]},"properties":{"OBJECTID":510,"IstNo":12018012,"SuAdi":"KÖRKÜN S.","IstAdi":"KAMIŞLI","BolgeNo":6,"ILKODU":1,"ILCEKODU":1580,"HAVZA_ID":18,"entityId":"510","entityType":"hesStations","id":"510","name":"KAMIŞLI","stationId":12018012,"basinId":18,"status":"no_data","color":"#94a3b8","radius":7}},{"type":"Feature","id":"511","geometry":{"type":"Point","coordinates":[36.480000000000075,38.452780000000075]},"properties":{"OBJECTID":511,"IstNo":12018017,"SuAdi":"SARIZ S.","IstAdi":"DARIDERE","BolgeNo":12,"ILKODU":38,"ILCEKODU":1605,"HAVZA_ID":18,"entityId":"511","entityType":"hesStations","id":"511","name":"DARIDERE","stationId":12018017,"basinId":18,"status":"no_data","color":"#94a3b8","radius":7}},{"type":"Feature","id":"512","geometry":{"type":"Point","coordinates":[35.58055000000007,37.78917000000007]},"properties":{"OBJECTID":512,"IstNo":12018018,"SuAdi":"İNDERESİ","IstAdi":"HASAN ÇAVUSLAR","BolgeNo":6,"ILKODU":1,"ILCEKODU":1486,"HAVZA_ID":18,"entityId":"512","entityType":"hesStations","id":"512","name":"HASAN ÇAVUSLAR","stationId":12018018,"basinId":18,"status":"no_data","color":"#94a3b8","radius":7}},{"type":"Feature","id":"513","geometry":{"type":"Point","coordinates":[35.89139000000006,37.831390000000056]},"properties":{"OBJECTID":513,"IstNo":12018019,"SuAdi":"ASMACA Ç.","IstAdi":"FEKE","BolgeNo":6,"ILKODU":1,"ILCEKODU":1329,"HAVZA_ID":18,"entityId":"513","entityType":"hesStations","id":"513","name":"FEKE","stationId":12018019,"basinId":18,"status":"no_data","color":"#94a3b8","radius":7}},{"type":"Feature","id":"514","geometry":{"type":"Point","coordinates":[35.39444000000003,37.76972000000006]},"properties":{"OBJECTID":514,"IstNo":12018021,"SuAdi":"KAPUZ D.","IstAdi":"KAPUZ","BolgeNo":12,"ILKODU":38,"ILCEKODU":1715,"HAVZA_ID":18,"entityId":"514","entityType":"hesStations","id":"514","name":"KAPUZ","stationId":12018021,"basinId":18,"status":"no_data","color":"#94a3b8","radius":7}},{"type":"Feature","id":"515","geometry":{"type":"Point","coordinates":[35.206110000000024,37.56778000000003]},"properties":{"OBJECTID":515,"IstNo":12018022,"SuAdi":"AKSU Ç.","IstAdi":"B.SOFULU","BolgeNo":6,"ILKODU":1,"ILCEKODU":1757,"HAVZA_ID":18,"entityId":"515","entityType":"hesStations","id":"515","name":"B.SOFULU","stationId":12018022,"basinId":18,"status":"no_data","color":"#94a3b8","radius":7}},{"type":"Feature","id":"516","geometry":{"type":"Point","coordinates":[35.01556000000005,37.772500000000036]},"properties":{"OBJECTID":516,"IstNo":12018027,"SuAdi":"ECEMİŞ Ç.","IstAdi":"ELEKGÖLÜ","BolgeNo":4,"ILKODU":51,"ILCEKODU":1225,"HAVZA_ID":18,"entityId":"516","entityType":"hesStations","id":"516","name":"ELEKGÖLÜ","stationId":12018027,"basinId":18,"status":"no_data","color":"#94a3b8","radius":7}},{"type":"Feature","id":"517","geometry":{"type":"Point","coordinates":[35.049720000000036,37.83667000000003]},"properties":{"OBJECTID":517,"IstNo":12018028,"SuAdi":"ECEMİŞ Ç.","IstAdi":"ÇUKURBAĞ","BolgeNo":4,"ILKODU":51,"ILCEKODU":1225,"HAVZA_ID":18,"entityId":"517","entityType":"hesStations","id":"517","name":"ÇUKURBAĞ","stationId":12018028,"basinId":18,"status":"no_data","color":"#94a3b8","radius":7}},{"type":"Feature","id":"518","geometry":{"type":"Point","coordinates":[36.32389000000006,38.33167000000003]},"properties":{"OBJECTID":518,"IstNo":12018032,"SuAdi":"SARIZ D.","IstAdi":"ŞARKÖY","BolgeNo":6,"ILKODU":1,"ILCEKODU":1687,"HAVZA_ID":18,"entityId":"518","entityType":"hesStations","id":"518","name":"ŞARKÖY","stationId":12018032,"basinId":18,"status":"no_data","color":"#94a3b8","radius":7}},{"type":"Feature","id":"519","geometry":{"type":"Point","coordinates":[35.063060000000064,36.78472000000005]},"properties":{"OBJECTID":519,"IstNo":12018045,"SuAdi":"SEYHAN N.","IstAdi":"TUZLA","BolgeNo":6,"ILKODU":1,"ILCEKODU":1443,"HAVZA_ID":18,"entityId":"519","entityType":"hesStations","id":"519","name":"TUZLA","stationId":12018045,"basinId":18,"status":"no_data","color":"#94a3b8","radius":7}},{"type":"Feature","id":"520","geometry":{"type":"Point","coordinates":[35.15417000000008,37.552220000000034]},"properties":{"OBJECTID":520,"IstNo":12018051,"SuAdi":"EĞNİ Ç.","IstAdi":"BÜYÜK SOFULU","BolgeNo":6,"ILKODU":1,"ILCEKODU":1757,"HAVZA_ID":18,"entityId":"520","entityType":"hesStations","id":"520","name":"BÜYÜK SOFULU","stationId":12018051,"basinId":18,"status":"no_data","color":"#94a3b8","radius":7}},{"type":"Feature","id":"521","geometry":{"type":"Point","coordinates":[35.220830000000035,37.32000000000005]},"properties":{"OBJECTID":521,"IstNo":12018054,"SuAdi":"EĞLENCE Ç.","IstAdi":"ARMUTLU","BolgeNo":6,"ILKODU":1,"ILCEKODU":1437,"HAVZA_ID":18,"entityId":"521","entityType":"hesStations","id":"521","name":"ARMUTLU","stationId":12018054,"basinId":18,"status":"no_data","color":"#94a3b8","radius":7}},{"type":"Feature","id":"522","geometry":{"type":"Point","coordinates":[36.45694000000003,38.77417000000003]},"properties":{"OBJECTID":522,"IstNo":12018055,"SuAdi":"ZAMANTI I.","IstAdi":"KARABOĞAZ KÖP.","BolgeNo":12,"ILKODU":38,"ILCEKODU":1576,"HAVZA_ID":18,"entityId":"522","entityType":"hesStations","id":"522","name":"KARABOĞAZ KÖP.","stationId":12018055,"basinId":18,"status":"no_data","color":"#94a3b8","radius":7}},{"type":"Feature","id":"523","geometry":{"type":"Point","coordinates":[35.79694000000006,38.17805000000004]},"properties":{"OBJECTID":523,"IstNo":12018057,"SuAdi":"HOMURLU D.","IstAdi":"KÜNYE KÖPRÜSÜ","BolgeNo":12,"ILKODU":38,"ILCEKODU":1275,"HAVZA_ID":18,"entityId":"523","entityType":"hesStations","id":"523","name":"KÜNYE KÖPRÜSÜ","stationId":12018057,"basinId":18,"status":"no_data","color":"#94a3b8","radius":7}},{"type":"Feature","id":"524","geometry":{"type":"Point","coordinates":[35.79694000000006,38.17805000000004]},"properties":{"OBJECTID":524,"IstNo":12018057,"SuAdi":"HOMURLU DERE","IstAdi":"KÜNYE KÖPRÜSÜ","BolgeNo":12,"ILKODU":38,"ILCEKODU":1275,"HAVZA_ID":18,"entityId":"524","entityType":"hesStations","id":"524","name":"KÜNYE KÖPRÜSÜ","stationId":12018057,"basinId":18,"status":"no_data","color":"#94a3b8","radius":7}},{"type":"Feature","id":"525","geometry":{"type":"Point","coordinates":[35.84306000000004,38.213610000000074]},"properties":{"OBJECTID":525,"IstNo":12018058,"SuAdi":"ZAMANTI N.","IstAdi":"EŞELİK KÖPRÜSÜ","BolgeNo":12,"ILKODU":38,"ILCEKODU":1275,"HAVZA_ID":18,"entityId":"525","entityType":"hesStations","id":"525","name":"EŞELİK KÖPRÜSÜ","stationId":12018058,"basinId":18,"status":"no_data","color":"#94a3b8","radius":7}},{"type":"Feature","id":"526","geometry":{"type":"Point","coordinates":[35.84306000000004,38.213610000000074]},"properties":{"OBJECTID":526,"IstNo":12018058,"SuAdi":"ZAMANTI NEHRİ","IstAdi":"EŞELİK KÖPRÜSÜ","BolgeNo":12,"ILKODU":38,"ILCEKODU":1275,"HAVZA_ID":18,"entityId":"526","entityType":"hesStations","id":"526","name":"EŞELİK KÖPRÜSÜ","stationId":12018058,"basinId":18,"status":"no_data","color":"#94a3b8","radius":7}},{"type":"Feature","id":"527","geometry":{"type":"Point","coordinates":[36.98195000000004,36.80750000000006]},"properties":{"OBJECTID":527,"IstNo":12019006,"SuAdi":"AFRİN S.","IstAdi":"AFRİN KÖP.","BolgeNo":20,"ILKODU":79,"ILCEKODU":1476,"HAVZA_ID":19,"entityId":"527","entityType":"hesStations","id":"527","name":"AFRİN KÖP.","stationId":12019006,"basinId":19,"status":"no_data","color":"#94a3b8","radius":7}},{"type":"Feature","id":"528","geometry":{"type":"Point","coordinates":[36.00389000000007,36.07750000000004]},"properties":{"OBJECTID":528,"IstNo":12019009,"SuAdi":"ASİ N.","IstAdi":"ÇÖĞÜRLÜ","BolgeNo":6,"ILKODU":31,"ILCEKODU":1591,"HAVZA_ID":19,"entityId":"528","entityType":"hesStations","id":"528","name":"ÇÖĞÜRLÜ","stationId":12019009,"basinId":19,"status":"no_data","color":"#94a3b8","radius":7}},{"type":"Feature","id":"529","geometry":{"type":"Point","coordinates":[36.018890000000056,36.43778000000003]},"properties":{"OBJECTID":529,"IstNo":12019016,"SuAdi":"GÖNEN Ç.","IstAdi":"ADA MAHALLESİ","BolgeNo":6,"ILKODU":31,"ILCEKODU":2081,"HAVZA_ID":19,"entityId":"529","entityType":"hesStations","id":"529","name":"ADA MAHALLESİ","stationId":12019016,"basinId":19,"status":"no_data","color":"#94a3b8","radius":7}},{"type":"Feature","id":"530","geometry":{"type":"Point","coordinates":[36.89695000000006,36.81556000000006]},"properties":{"OBJECTID":530,"IstNo":12019019,"SuAdi":"SABUN S.","IstAdi":"GÜNEŞLİ","BolgeNo":20,"ILKODU":79,"ILCEKODU":1476,"HAVZA_ID":19,"entityId":"530","entityType":"hesStations","id":"530","name":"GÜNEŞLİ","stationId":12019019,"basinId":19,"status":"no_data","color":"#94a3b8","radius":7}},{"type":"Feature","id":"531","geometry":{"type":"Point","coordinates":[35.94028000000003,36.37500000000006]},"properties":{"OBJECTID":531,"IstNo":12019023,"SuAdi":"H.AHMETLİ D.","IstAdi":"H.AHMETLİ","BolgeNo":6,"ILKODU":31,"ILCEKODU":2081,"HAVZA_ID":19,"entityId":"531","entityType":"hesStations","id":"531","name":"H.AHMETLİ","stationId":12019023,"basinId":19,"status":"no_data","color":"#94a3b8","radius":7}},{"type":"Feature","id":"532","geometry":{"type":"Point","coordinates":[36.208060000000046,36.27278000000007]},"properties":{"OBJECTID":532,"IstNo":12019026,"SuAdi":"KÜÇÜK ASİ N.","IstAdi":"HASANLI KÖP.","BolgeNo":6,"ILKODU":31,"ILCEKODU":2080,"HAVZA_ID":19,"entityId":"532","entityType":"hesStations","id":"532","name":"HASANLI KÖP.","stationId":12019026,"basinId":19,"status":"no_data","color":"#94a3b8","radius":7}},{"type":"Feature","id":"533","geometry":{"type":"Point","coordinates":[36.38833000000005,36.22139000000004]},"properties":{"OBJECTID":533,"IstNo":12019030,"SuAdi":"ASİ N.","IstAdi":"EŞREFİYE KARAKOLU","BolgeNo":6,"ILKODU":31,"ILCEKODU":1585,"HAVZA_ID":19,"entityId":"533","entityType":"hesStations","id":"533","name":"EŞREFİYE KARAKOLU","stationId":12019030,"basinId":19,"status":"no_data","color":"#94a3b8","radius":7}},{"type":"Feature","id":"534","geometry":{"type":"Point","coordinates":[36.57361000000003,36.66056000000003]},"properties":{"OBJECTID":534,"IstNo":12019031,"SuAdi":"KARASU N.","IstAdi":"KALETEPE","BolgeNo":6,"ILKODU":31,"ILCEKODU":1468,"HAVZA_ID":19,"entityId":"534","entityType":"hesStations","id":"534","name":"KALETEPE","stationId":12019031,"basinId":19,"status":"no_data","color":"#94a3b8","radius":7}},{"type":"Feature","id":"535","geometry":{"type":"Point","coordinates":[35.98250000000007,36.21556000000004]},"properties":{"OBJECTID":535,"IstNo":12019036,"SuAdi":"SELDİREN D.","IstAdi":"YENİKÖY","BolgeNo":6,"ILKODU":31,"ILCEKODU":1591,"HAVZA_ID":19,"entityId":"535","entityType":"hesStations","id":"535","name":"YENİKÖY","stationId":12019036,"basinId":19,"status":"no_data","color":"#94a3b8","radius":7}},{"type":"Feature","id":"536","geometry":{"type":"Point","coordinates":[36.695280000000025,36.980000000000075]},"properties":{"OBJECTID":536,"IstNo":12019037,"SuAdi":"KARASU","IstAdi":"ALİKURTOBASI","BolgeNo":6,"ILKODU":31,"ILCEKODU":1415,"HAVZA_ID":19,"entityId":"536","entityType":"hesStations","id":"536","name":"ALİKURTOBASI","stationId":12019037,"basinId":19,"status":"no_data","color":"#94a3b8","radius":7}},{"type":"Feature","id":"537","geometry":{"type":"Point","coordinates":[36.60722000000004,36.32639000000006]},"properties":{"OBJECTID":537,"IstNo":12019038,"SuAdi":"AFRİN ÇAYI","IstAdi":"DAVUTPAŞA","BolgeNo":6,"ILKODU":31,"ILCEKODU":1585,"HAVZA_ID":19,"entityId":"537","entityType":"hesStations","id":"537","name":"DAVUTPAŞA","stationId":12019038,"basinId":19,"status":"no_data","color":"#94a3b8","radius":7}},{"type":"Feature","id":"538","geometry":{"type":"Point","coordinates":[37.44778000000008,37.70722000000006]},"properties":{"OBJECTID":538,"IstNo":12020002,"SuAdi":"AKSU Ç.","IstAdi":"BAŞPINAR","BolgeNo":20,"ILKODU":46,"ILCEKODU":1785,"HAVZA_ID":20,"entityId":"538","entityType":"hesStations","id":"538","name":"BAŞPINAR","stationId":12020002,"basinId":20,"status":"no_data","color":"#94a3b8","radius":7}},{"type":"Feature","id":"539","geometry":{"type":"Point","coordinates":[36.33667000000003,37.09945000000005]},"properties":{"OBJECTID":539,"IstNo":12020005,"SuAdi":"YARPUZ Ç.","IstAdi":"ÇONA","BolgeNo":6,"ILKODU":80,"ILCEKODU":1560,"HAVZA_ID":20,"entityId":"539","entityType":"hesStations","id":"539","name":"ÇONA","stationId":12020005,"basinId":20,"status":"no_data","color":"#94a3b8","radius":7}},{"type":"Feature","id":"540","geometry":{"type":"Point","coordinates":[36.28028000000006,37.04833000000008]},"properties":{"OBJECTID":540,"IstNo":12020008,"SuAdi":"KARAÇAY","IstAdi":"OSMANİYE","BolgeNo":6,"ILKODU":80,"ILCEKODU":1560,"HAVZA_ID":20,"entityId":"540","entityType":"hesStations","id":"540","name":"OSMANİYE","stationId":12020008,"basinId":20,"status":"no_data","color":"#94a3b8","radius":7}},{"type":"Feature","id":"541","geometry":{"type":"Point","coordinates":[36.48472000000004,37.179160000000024]},"properties":{"OBJECTID":541,"IstNo":12020010,"SuAdi":"HUMUS S.","IstAdi":"ARIKLIKAŞ","BolgeNo":6,"ILKODU":80,"ILCEKODU":1165,"HAVZA_ID":20,"entityId":"541","entityType":"hesStations","id":"541","name":"ARIKLIKAŞ","stationId":12020010,"basinId":20,"status":"no_data","color":"#94a3b8","radius":7}},{"type":"Feature","id":"542","geometry":{"type":"Point","coordinates":[36.53111000000007,38.09722000000005]},"properties":{"OBJECTID":542,"IstNo":12020016,"SuAdi":"KÖMÜR S.","IstAdi":"ALIŞLIBUCAK","BolgeNo":20,"ILKODU":46,"ILCEKODU":1353,"HAVZA_ID":20,"entityId":"542","entityType":"hesStations","id":"542","name":"ALIŞLIBUCAK","stationId":12020016,"basinId":20,"status":"no_data","color":"#94a3b8","radius":7}},{"type":"Feature","id":"543","geometry":{"type":"Point","coordinates":[36.08341000000007,37.19520000000006]},"properties":{"OBJECTID":543,"IstNo":12020024,"SuAdi":"CEYHAN N.","IstAdi":"HEMİTE KÖP.","BolgeNo":6,"ILKODU":80,"ILCEKODU":1560,"HAVZA_ID":20,"entityId":"543","entityType":"hesStations","id":"543","name":"HEMİTE KÖP.","stationId":12020024,"basinId":20,"status":"no_data","color":"#94a3b8","radius":7}},{"type":"Feature","id":"544","geometry":{"type":"Point","coordinates":[36.488060000000075,37.72805000000005]},"properties":{"OBJECTID":544,"IstNo":12020036,"SuAdi":"KÖRSULU D.","IstAdi":"SİSNE","BolgeNo":20,"ILKODU":46,"ILCEKODU":1136,"HAVZA_ID":20,"entityId":"544","entityType":"hesStations","id":"544","name":"SİSNE","stationId":12020036,"basinId":20,"status":"no_data","color":"#94a3b8","radius":7}},{"type":"Feature","id":"545","geometry":{"type":"Point","coordinates":[36.87778000000003,37.13445000000007]},"properties":{"OBJECTID":545,"IstNo":12020040,"SuAdi":"İÇERİ S.","IstAdi":"BALLIKAYA","BolgeNo":20,"ILKODU":27,"ILCEKODU":1974,"HAVZA_ID":20,"entityId":"545","entityType":"hesStations","id":"545","name":"BALLIKAYA","stationId":12020040,"basinId":20,"status":"no_data","color":"#94a3b8","radius":7}},{"type":"Feature","id":"546","geometry":{"type":"Point","coordinates":[36.00361000000004,37.558610000000044]},"properties":{"OBJECTID":546,"IstNo":12020043,"SuAdi":"KESİK S.","IstAdi":"TAŞKÖPRÜ","BolgeNo":6,"ILKODU":80,"ILCEKODU":2028,"HAVZA_ID":20,"entityId":"546","entityType":"hesStations","id":"546","name":"TAŞKÖPRÜ","stationId":12020043,"basinId":20,"status":"no_data","color":"#94a3b8","radius":7}},{"type":"Feature","id":"547","geometry":{"type":"Point","coordinates":[35.836110000000076,37.555000000000064]},"properties":{"OBJECTID":547,"IstNo":12020044,"SuAdi":"DALACAK D.","IstAdi":"DAĞLICAK","BolgeNo":6,"ILKODU":1,"ILCEKODU":1486,"HAVZA_ID":20,"entityId":"547","entityType":"hesStations","id":"547","name":"DAĞLICAK","stationId":12020044,"basinId":20,"status":"no_data","color":"#94a3b8","radius":7}},{"type":"Feature","id":"548","geometry":{"type":"Point","coordinates":[36.25195000000008,37.47333000000003]},"properties":{"OBJECTID":548,"IstNo":12020046,"SuAdi":"KEŞİŞ S.","IstAdi":"SARIDANIŞMANLI","BolgeNo":6,"ILKODU":80,"ILCEKODU":1423,"HAVZA_ID":20,"entityId":"548","entityType":"hesStations","id":"548","name":"SARIDANIŞMANLI","stationId":12020046,"basinId":20,"status":"no_data","color":"#94a3b8","radius":7}},{"type":"Feature","id":"549","geometry":{"type":"Point","coordinates":[36.69584000000003,37.75917000000004]},"properties":{"OBJECTID":549,"IstNo":12020053,"SuAdi":"FIRNIZ D.","IstAdi":"KABAKTEPE","BolgeNo":20,"ILKODU":46,"ILCEKODU":2085,"HAVZA_ID":20,"entityId":"549","entityType":"hesStations","id":"549","name":"KABAKTEPE","stationId":12020053,"basinId":20,"status":"no_data","color":"#94a3b8","radius":7}},{"type":"Feature","id":"550","geometry":{"type":"Point","coordinates":[37.04083000000003,37.728890000000035]},"properties":{"OBJECTID":550,"IstNo":12020056,"SuAdi":"BERTİZ Ç.","IstAdi":"HİMMETLİ","BolgeNo":20,"ILKODU":46,"ILCEKODU":2084,"HAVZA_ID":20,"entityId":"550","entityType":"hesStations","id":"550","name":"HİMMETLİ","stationId":12020056,"basinId":20,"status":"no_data","color":"#94a3b8","radius":7}},{"type":"Feature","id":"551","geometry":{"type":"Point","coordinates":[36.28278000000006,37.65805000000006]},"properties":{"OBJECTID":551,"IstNo":12020058,"SuAdi":"TAHTA S.","IstAdi":"CANBAZKÖY","BolgeNo":20,"ILKODU":46,"ILCEKODU":1136,"HAVZA_ID":20,"entityId":"551","entityType":"hesStations","id":"551","name":"CANBAZKÖY","stationId":12020058,"basinId":20,"status":"no_data","color":"#94a3b8","radius":7}},{"type":"Feature","id":"552","geometry":{"type":"Point","coordinates":[36.312220000000025,37.58722000000006]},"properties":{"OBJECTID":552,"IstNo":12020059,"SuAdi":"KEŞİŞ D.","IstAdi":"KELEŞLİ","BolgeNo":20,"ILKODU":46,"ILCEKODU":1136,"HAVZA_ID":20,"entityId":"552","entityType":"hesStations","id":"552","name":"KELEŞLİ","stationId":12020059,"basinId":20,"status":"no_data","color":"#94a3b8","radius":7}},{"type":"Feature","id":"553","geometry":{"type":"Point","coordinates":[37.375560000000064,37.63139000000007]},"properties":{"OBJECTID":553,"IstNo":12020060,"SuAdi":"KISIK D.","IstAdi":"KISIK","BolgeNo":20,"ILKODU":46,"ILCEKODU":1570,"HAVZA_ID":20,"entityId":"553","entityType":"hesStations","id":"553","name":"KISIK","stationId":12020060,"basinId":20,"status":"no_data","color":"#94a3b8","radius":7}},{"type":"Feature","id":"554","geometry":{"type":"Point","coordinates":[36.803330000000074,37.47750000000008]},"properties":{"OBJECTID":554,"IstNo":12020063,"SuAdi":"ORCAN Ç.","IstAdi":"JANDARMALAR","BolgeNo":20,"ILKODU":46,"ILCEKODU":1694,"HAVZA_ID":20,"entityId":"554","entityType":"hesStations","id":"554","name":"JANDARMALAR","stationId":12020063,"basinId":20,"status":"no_data","color":"#94a3b8","radius":7}},{"type":"Feature","id":"555","geometry":{"type":"Point","coordinates":[37.61167000000006,38.15889000000004]},"properties":{"OBJECTID":555,"IstNo":12020066,"SuAdi":"SÖĞÜTLÜ Ç.","IstAdi":"KARAHASAN UŞAĞI","BolgeNo":20,"ILKODU":46,"ILCEKODU":1299,"HAVZA_ID":20,"entityId":"555","entityType":"hesStations","id":"555","name":"KARAHASAN UŞAĞI","stationId":12020066,"basinId":20,"status":"no_data","color":"#94a3b8","radius":7}},{"type":"Feature","id":"556","geometry":{"type":"Point","coordinates":[36.390280000000075,37.76000000000005]},"properties":{"OBJECTID":556,"IstNo":12020069,"SuAdi":"KARAPINAR D.","IstAdi":"GEBEN","BolgeNo":20,"ILKODU":46,"ILCEKODU":1136,"HAVZA_ID":20,"entityId":"556","entityType":"hesStations","id":"556","name":"GEBEN","stationId":12020069,"basinId":20,"status":"no_data","color":"#94a3b8","radius":7}},{"type":"Feature","id":"557","geometry":{"type":"Point","coordinates":[36.63306000000006,37.87500000000006]},"properties":{"OBJECTID":557,"IstNo":12020074,"SuAdi":"TEKİR D.","IstAdi":"ALİŞAR","BolgeNo":20,"ILKODU":46,"ILCEKODU":2085,"HAVZA_ID":20,"entityId":"557","entityType":"hesStations","id":"557","name":"ALİŞAR","stationId":12020074,"basinId":20,"status":"no_data","color":"#94a3b8","radius":7}},{"type":"Feature","id":"558","geometry":{"type":"Point","coordinates":[36.375560000000064,37.51778000000007]},"properties":{"OBJECTID":558,"IstNo":12020077,"SuAdi":"ÇATAK DERESİ","IstAdi":"ÇATAK","BolgeNo":20,"ILKODU":46,"ILCEKODU":1136,"HAVZA_ID":20,"entityId":"558","entityType":"hesStations","id":"558","name":"ÇATAK","stationId":12020077,"basinId":20,"status":"no_data","color":"#94a3b8","radius":7}},{"type":"Feature","id":"559","geometry":{"type":"Point","coordinates":[36.635560000000055,38.043330000000026]},"properties":{"OBJECTID":559,"IstNo":12020078,"SuAdi":"SALYAN D.","IstAdi":"SALYAN","BolgeNo":20,"ILKODU":46,"ILCEKODU":1353,"HAVZA_ID":20,"entityId":"559","entityType":"hesStations","id":"559","name":"SALYAN","stationId":12020078,"basinId":20,"status":"no_data","color":"#94a3b8","radius":7}},{"type":"Feature","id":"560","geometry":{"type":"Point","coordinates":[36.68417000000005,37.79639000000003]},"properties":{"OBJECTID":560,"IstNo":12020080,"SuAdi":"TANIR D.","IstAdi":"ŞAHİNKAYASI","BolgeNo":20,"ILKODU":46,"ILCEKODU":2085,"HAVZA_ID":20,"entityId":"560","entityType":"hesStations","id":"560","name":"ŞAHİNKAYASI","stationId":12020080,"basinId":20,"status":"no_data","color":"#94a3b8","radius":7}},{"type":"Feature","id":"561","geometry":{"type":"Point","coordinates":[37.45694000000003,37.65972000000005]},"properties":{"OBJECTID":561,"IstNo":12020081,"SuAdi":"AKSU Ç.","IstAdi":"SÖĞÜTLÜ","BolgeNo":20,"ILKODU":46,"ILCEKODU":1570,"HAVZA_ID":20,"entityId":"561","entityType":"hesStations","id":"561","name":"SÖĞÜTLÜ","stationId":12020081,"basinId":20,"status":"no_data","color":"#94a3b8","radius":7}},{"type":"Feature","id":"562","geometry":{"type":"Point","coordinates":[41.385560000000055,40.10806000000008]},"properties":{"OBJECTID":562,"IstNo":12021001,"SuAdi":"KARASU","IstAdi":"KIRKGÖZE","BolgeNo":8,"ILKODU":25,"ILCEKODU":2045,"HAVZA_ID":21,"entityId":"562","entityType":"hesStations","id":"562","name":"KIRKGÖZE","stationId":12021001,"basinId":21,"status":"no_data","color":"#94a3b8","radius":7}},{"type":"Feature","id":"563","geometry":{"type":"Point","coordinates":[43.66527000000008,39.53952000000004]},"properties":{"OBJECTID":563,"IstNo":12021004,"SuAdi":"MURAT N.","IstAdi":"DİYADİN","BolgeNo":8,"ILKODU":4,"ILCEKODU":1283,"HAVZA_ID":21,"entityId":"563","entityType":"hesStations","id":"563","name":"DİYADİN","stationId":12021004,"basinId":21,"status":"no_data","color":"#94a3b8","radius":7}},{"type":"Feature","id":"564","geometry":{"type":"Point","coordinates":[39.71806000000004,39.587500000000034]},"properties":{"OBJECTID":564,"IstNo":12021040,"SuAdi":"AKPINAR D.","IstAdi":"GİRLEVİK","BolgeNo":8,"ILKODU":24,"ILCEKODU":1318,"HAVZA_ID":21,"entityId":"564","entityType":"hesStations","id":"564","name":"GİRLEVİK","stationId":12021040,"basinId":21,"status":"no_data","color":"#94a3b8","radius":7}},{"type":"Feature","id":"565","geometry":{"type":"Point","coordinates":[40.99317000000008,40.112900000000025]},"properties":{"OBJECTID":565,"IstNo":12021052,"SuAdi":"SERÇEME D.","IstAdi":"EĞERTİ","BolgeNo":8,"ILKODU":25,"ILCEKODU":1945,"HAVZA_ID":21,"entityId":"565","entityType":"hesStations","id":"565","name":"EĞERTİ","stationId":12021052,"basinId":21,"status":"no_data","color":"#94a3b8","radius":7}},{"type":"Feature","id":"566","geometry":{"type":"Point","coordinates":[38.06083000000007,38.337780000000066]},"properties":{"OBJECTID":566,"IstNo":12021096,"SuAdi":"SULTAN S.","IstAdi":"HARA","BolgeNo":9,"ILKODU":44,"ILCEKODU":1114,"HAVZA_ID":21,"entityId":"566","entityType":"hesStations","id":"566","name":"HARA","stationId":12021096,"basinId":21,"status":"no_data","color":"#94a3b8","radius":7}},{"type":"Feature","id":"567","geometry":{"type":"Point","coordinates":[38.58278000000007,38.365830000000074]},"properties":{"OBJECTID":567,"IstNo":12021121,"SuAdi":"MAMİKAN D.","IstAdi":"KAPIKAYA","BolgeNo":9,"ILKODU":44,"ILCEKODU":1772,"HAVZA_ID":21,"entityId":"567","entityType":"hesStations","id":"567","name":"KAPIKAYA","stationId":12021121,"basinId":21,"status":"no_data","color":"#94a3b8","radius":7}},{"type":"Feature","id":"568","geometry":{"type":"Point","coordinates":[41.12361000000004,39.87500000000006]},"properties":{"OBJECTID":568,"IstNo":12021132,"SuAdi":"PULUR Ç.","IstAdi":"SAKALI KESİK","BolgeNo":8,"ILKODU":25,"ILCEKODU":1945,"HAVZA_ID":21,"entityId":"568","entityType":"hesStations","id":"568","name":"SAKALI KESİK","stationId":12021132,"basinId":21,"status":"no_data","color":"#94a3b8","radius":7}},{"type":"Feature","id":"569","geometry":{"type":"Point","coordinates":[37.823330000000055,38.50528000000003]},"properties":{"OBJECTID":569,"IstNo":12021134,"SuAdi":"TOHMA S. ","IstAdi":"ÇATALBAHÇE ","BolgeNo":9,"ILKODU":44,"ILCEKODU":1265,"HAVZA_ID":21,"entityId":"569","entityType":"hesStations","id":"569","name":"ÇATALBAHÇE ","stationId":12021134,"basinId":21,"status":"no_data","color":"#94a3b8","radius":7}},{"type":"Feature","id":"570","geometry":{"type":"Point","coordinates":[39.05750000000006,38.65694000000008]},"properties":{"OBJECTID":570,"IstNo":12021140,"SuAdi":"CİP D.","IstAdi":"CİP BARAJI GİRİŞ","BolgeNo":9,"ILKODU":23,"ILCEKODU":1298,"HAVZA_ID":21,"entityId":"570","entityType":"hesStations","id":"570","name":"CİP BARAJI GİRİŞ","stationId":12021140,"basinId":21,"status":"no_data","color":"#94a3b8","radius":7}},{"type":"Feature","id":"571","geometry":{"type":"Point","coordinates":[39.01139000000006,36.73417000000006]},"properties":{"OBJECTID":571,"IstNo":12021146,"SuAdi":"CULAP D. + ANA TAHLİYE","IstAdi":"AKÇAKALE ARICAN","BolgeNo":15,"ILKODU":63,"ILCEKODU":1115,"HAVZA_ID":21,"entityId":"571","entityType":"hesStations","id":"571","name":"AKÇAKALE ARICAN","stationId":12021146,"basinId":21,"status":"no_data","color":"#94a3b8","radius":7}},{"type":"Feature","id":"572","geometry":{"type":"Point","coordinates":[42.28305000000006,39.33111000000008]},"properties":{"OBJECTID":572,"IstNo":12021148,"SuAdi":"HAFTRENK S.","IstAdi":"AKTUZLA","BolgeNo":17,"ILKODU":49,"ILCEKODU":1510,"HAVZA_ID":21,"entityId":"572","entityType":"hesStations","id":"572","name":"AKTUZLA","stationId":12021148,"basinId":21,"status":"no_data","color":"#94a3b8","radius":7}},{"type":"Feature","id":"573","geometry":{"type":"Point","coordinates":[39.466950000000054,38.16333000000003]},"properties":{"OBJECTID":573,"IstNo":12021157,"SuAdi":"ŞEYHAN. Ç.","IstAdi":"BETON KÖPRÜ.","BolgeNo":10,"ILKODU":21,"ILCEKODU":1249,"HAVZA_ID":21,"entityId":"573","entityType":"hesStations","id":"573","name":"BETON KÖPRÜ.","stationId":12021157,"basinId":21,"status":"no_data","color":"#94a3b8","radius":7}},{"type":"Feature","id":"574","geometry":{"type":"Point","coordinates":[37.980000000000075,38.741940000000056]},"properties":{"OBJECTID":574,"IstNo":12021159,"SuAdi":"KURUÇAY","IstAdi":"KESİKKÖPRÜ","BolgeNo":9,"ILKODU":44,"ILCEKODU":1390,"HAVZA_ID":21,"entityId":"574","entityType":"hesStations","id":"574","name":"KESİKKÖPRÜ","stationId":12021159,"basinId":21,"status":"no_data","color":"#94a3b8","radius":7}},{"type":"Feature","id":"575","geometry":{"type":"Point","coordinates":[38.25583000000006,39.00667000000004]},"properties":{"OBJECTID":575,"IstNo":12021161,"SuAdi":"ŞOTİK D.","IstAdi":"YONCALI","BolgeNo":9,"ILKODU":44,"ILCEKODU":1148,"HAVZA_ID":21,"entityId":"575","entityType":"hesStations","id":"575","name":"YONCALI","stationId":12021161,"basinId":21,"status":"no_data","color":"#94a3b8","radius":7}},{"type":"Feature","id":"576","geometry":{"type":"Point","coordinates":[37.666390000000035,38.70667000000003]},"properties":{"OBJECTID":576,"IstNo":12021162,"SuAdi":"AYVALI TOHMA S.","IstAdi":"GÖYNÜK","BolgeNo":9,"ILKODU":44,"ILCEKODU":1265,"HAVZA_ID":21,"entityId":"576","entityType":"hesStations","id":"576","name":"GÖYNÜK","stationId":12021162,"basinId":21,"status":"no_data","color":"#94a3b8","radius":7}},{"type":"Feature","id":"577","geometry":{"type":"Point","coordinates":[41.79361000000006,39.25667000000004]},"properties":{"OBJECTID":577,"IstNo":12021169,"SuAdi":"AHİRÇİMEN Ç.","IstAdi":"HALİL ÇAVUŞ","BolgeNo":8,"ILKODU":25,"ILCEKODU":1392,"HAVZA_ID":21,"entityId":"577","entityType":"hesStations","id":"577","name":"HALİL ÇAVUŞ","stationId":12021169,"basinId":21,"status":"no_data","color":"#94a3b8","radius":7}},{"type":"Feature","id":"578","geometry":{"type":"Point","coordinates":[39.95861000000008,38.67861000000005]},"properties":{"OBJECTID":578,"IstNo":12021179,"SuAdi":"CARO D.","IstAdi":"HAMZABEY BAHÇELERİ","BolgeNo":9,"ILKODU":23,"ILCEKODU":1566,"HAVZA_ID":21,"entityId":"578","entityType":"hesStations","id":"578","name":"HAMZABEY BAHÇELERİ","stationId":12021179,"basinId":21,"status":"no_data","color":"#94a3b8","radius":7}},{"type":"Feature","id":"579","geometry":{"type":"Point","coordinates":[39.49445000000003,38.45889000000005]},"properties":{"OBJECTID":579,"IstNo":12021180,"SuAdi":"KEYDAN Ç.","IstAdi":"BEHRAMAZ KANALI","BolgeNo":9,"ILKODU":23,"ILCEKODU":1506,"HAVZA_ID":21,"entityId":"579","entityType":"hesStations","id":"579","name":"BEHRAMAZ KANALI","stationId":12021180,"basinId":21,"status":"no_data","color":"#94a3b8","radius":7}},{"type":"Feature","id":"580","geometry":{"type":"Point","coordinates":[38.40694000000008,39.08528000000007]},"properties":{"OBJECTID":580,"IstNo":12021193,"SuAdi":"KOZLUK Ç.","IstAdi":"AŞAĞIŞIHLAR","BolgeNo":9,"ILKODU":44,"ILCEKODU":1143,"HAVZA_ID":21,"entityId":"580","entityType":"hesStations","id":"580","name":"AŞAĞIŞIHLAR","stationId":12021193,"basinId":21,"status":"no_data","color":"#94a3b8","radius":7}},{"type":"Feature","id":"581","geometry":{"type":"Point","coordinates":[40.88528000000008,39.39167000000003]},"properties":{"OBJECTID":581,"IstNo":12021194,"SuAdi":"PERİ S.","IstAdi":"KIZILÇUBUK","BolgeNo":9,"ILKODU":12,"ILCEKODU":1446,"HAVZA_ID":21,"entityId":"581","entityType":"hesStations","id":"581","name":"KIZILÇUBUK","stationId":12021194,"basinId":21,"status":"no_data","color":"#94a3b8","radius":7}},{"type":"Feature","id":"582","geometry":{"type":"Point","coordinates":[41.102400000000046,39.95917000000003]},"properties":{"OBJECTID":582,"IstNo":12021200,"SuAdi":"KARASU","IstAdi":"ILICA","BolgeNo":8,"ILKODU":25,"ILCEKODU":1945,"HAVZA_ID":21,"entityId":"582","entityType":"hesStations","id":"582","name":"ILICA","stationId":12021200,"basinId":21,"status":"no_data","color":"#94a3b8","radius":7}},{"type":"Feature","id":"583","geometry":{"type":"Point","coordinates":[42.414720000000045,39.81917000000004]},"properties":{"OBJECTID":583,"IstNo":12021201,"SuAdi":"GÜZEL D.","IstAdi":"KARABACAK","BolgeNo":8,"ILKODU":4,"ILCEKODU":1301,"HAVZA_ID":21,"entityId":"583","entityType":"hesStations","id":"583","name":"KARABACAK","stationId":12021201,"basinId":21,"status":"no_data","color":"#94a3b8","radius":7}},{"type":"Feature","id":"584","geometry":{"type":"Point","coordinates":[43.42629000000005,39.693610000000035]},"properties":{"OBJECTID":584,"IstNo":12021202,"SuAdi":"DERECEK D.","IstAdi":"DERECEK","BolgeNo":8,"ILKODU":4,"ILCEKODU":1667,"HAVZA_ID":21,"entityId":"584","entityType":"hesStations","id":"584","name":"DERECEK","stationId":12021202,"basinId":21,"status":"no_data","color":"#94a3b8","radius":7}},{"type":"Feature","id":"585","geometry":{"type":"Point","coordinates":[42.10005000000007,39.33229000000006]},"properties":{"OBJECTID":585,"IstNo":12021203,"SuAdi":"HINIS Ç.","IstAdi":"KARAÇOBAN","BolgeNo":8,"ILKODU":25,"ILCEKODU":1812,"HAVZA_ID":21,"entityId":"585","entityType":"hesStations","id":"585","name":"KARAÇOBAN","stationId":12021203,"basinId":21,"status":"no_data","color":"#94a3b8","radius":7}},{"type":"Feature","id":"586","geometry":{"type":"Point","coordinates":[43.282880000000034,39.739460000000065]},"properties":{"OBJECTID":586,"IstNo":12021204,"SuAdi":"TOPRAKKALE D.","IstAdi":"KAVAK","BolgeNo":8,"ILKODU":4,"ILCEKODU":1111,"HAVZA_ID":21,"entityId":"586","entityType":"hesStations","id":"586","name":"KAVAK","stationId":12021204,"basinId":21,"status":"no_data","color":"#94a3b8","radius":7}},{"type":"Feature","id":"587","geometry":{"type":"Point","coordinates":[40.114720000000034,39.98333000000008]},"properties":{"OBJECTID":587,"IstNo":12021214,"SuAdi":"OTLUKBELİ D.","IstAdi":"SÖĞÜTLÜ","BolgeNo":8,"ILKODU":24,"ILCEKODU":1977,"HAVZA_ID":21,"entityId":"587","entityType":"hesStations","id":"587","name":"SÖĞÜTLÜ","stationId":12021214,"basinId":21,"status":"no_data","color":"#94a3b8","radius":7}},{"type":"Feature","id":"588","geometry":{"type":"Point","coordinates":[43.29083000000003,39.59083000000004]},"properties":{"OBJECTID":588,"IstNo":12021217,"SuAdi":"MADRİK D.","IstAdi":"ÇÖKELGE","BolgeNo":8,"ILKODU":4,"ILCEKODU":1667,"HAVZA_ID":21,"entityId":"588","entityType":"hesStations","id":"588","name":"ÇÖKELGE","stationId":12021217,"basinId":21,"status":"no_data","color":"#94a3b8","radius":7}},{"type":"Feature","id":"589","geometry":{"type":"Point","coordinates":[42.148610000000076,39.50972000000007]},"properties":{"OBJECTID":589,"IstNo":12021220,"SuAdi":"SOLAN D.","IstAdi":"GÖKSU","BolgeNo":8,"ILKODU":25,"ILCEKODU":1444,"HAVZA_ID":21,"entityId":"589","entityType":"hesStations","id":"589","name":"GÖKSU","stationId":12021220,"basinId":21,"status":"no_data","color":"#94a3b8","radius":7}},{"type":"Feature","id":"590","geometry":{"type":"Point","coordinates":[38.023060000000044,36.86528000000004]},"properties":{"OBJECTID":590,"IstNo":12021227,"SuAdi":"FIRAT N.","IstAdi":"KARKAMIŞ","BolgeNo":20,"ILKODU":27,"ILCEKODU":1956,"HAVZA_ID":21,"entityId":"590","entityType":"hesStations","id":"590","name":"KARKAMIŞ","stationId":12021227,"basinId":21,"status":"no_data","color":"#94a3b8","radius":7}},{"type":"Feature","id":"591","geometry":{"type":"Point","coordinates":[38.904720000000054,39.066670000000045]},"properties":{"OBJECTID":591,"IstNo":12021228,"SuAdi":"TAGAR Ç.","IstAdi":"KÜÇÜKKUMLUK","BolgeNo":9,"ILKODU":62,"ILCEKODU":1247,"HAVZA_ID":21,"entityId":"591","entityType":"hesStations","id":"591","name":"KÜÇÜKKUMLUK","stationId":12021228,"basinId":21,"status":"no_data","color":"#94a3b8","radius":7}},{"type":"Feature","id":"592","geometry":{"type":"Point","coordinates":[40.202780000000075,39.98611000000005]},"properties":{"OBJECTID":592,"IstNo":12021230,"SuAdi":"ÇATAK D.","IstAdi":"ÇATAKSU","BolgeNo":8,"ILKODU":24,"ILCEKODU":1243,"HAVZA_ID":21,"entityId":"592","entityType":"hesStations","id":"592","name":"ÇATAKSU","stationId":12021230,"basinId":21,"status":"no_data","color":"#94a3b8","radius":7}},{"type":"Feature","id":"593","geometry":{"type":"Point","coordinates":[39.392900000000054,39.823390000000074]},"properties":{"OBJECTID":593,"IstNo":12021232,"SuAdi":"KALECİK D.","IstAdi":"DEREYURT","BolgeNo":8,"ILKODU":24,"ILCEKODU":1318,"HAVZA_ID":21,"entityId":"593","entityType":"hesStations","id":"593","name":"DEREYURT","stationId":12021232,"basinId":21,"status":"no_data","color":"#94a3b8","radius":7}},{"type":"Feature","id":"594","geometry":{"type":"Point","coordinates":[39.323330000000055,39.757780000000025]},"properties":{"OBJECTID":594,"IstNo":12021233,"SuAdi":"BAHÇELİ D.","IstAdi":"BAHÇELİ","BolgeNo":8,"ILKODU":24,"ILCEKODU":1318,"HAVZA_ID":21,"entityId":"594","entityType":"hesStations","id":"594","name":"BAHÇELİ","stationId":12021233,"basinId":21,"status":"no_data","color":"#94a3b8","radius":7}},{"type":"Feature","id":"595","geometry":{"type":"Point","coordinates":[40.11722000000003,39.97611000000006]},"properties":{"OBJECTID":595,"IstNo":12021236,"SuAdi":"OTLUKBELİ Ç.","IstAdi":"ÇAVUŞKOMU","BolgeNo":8,"ILKODU":24,"ILCEKODU":1977,"HAVZA_ID":21,"entityId":"595","entityType":"hesStations","id":"595","name":"ÇAVUŞKOMU","stationId":12021236,"basinId":21,"status":"no_data","color":"#94a3b8","radius":7}},{"type":"Feature","id":"596","geometry":{"type":"Point","coordinates":[40.01000000000005,39.842220000000054]},"properties":{"OBJECTID":596,"IstNo":12021237,"SuAdi":"BALIKLI D.","IstAdi":"BALIKLI ","BolgeNo":8,"ILKODU":24,"ILCEKODU":1243,"HAVZA_ID":21,"entityId":"596","entityType":"hesStations","id":"596","name":"BALIKLI ","stationId":12021237,"basinId":21,"status":"no_data","color":"#94a3b8","radius":7}},{"type":"Feature","id":"597","geometry":{"type":"Point","coordinates":[39.16444000000007,38.51278000000008]},"properties":{"OBJECTID":597,"IstNo":12021240,"SuAdi":"HARİNGET Ç.","IstAdi":"DEDEPINARI","BolgeNo":9,"ILKODU":23,"ILCEKODU":1298,"HAVZA_ID":21,"entityId":"597","entityType":"hesStations","id":"597","name":"DEDEPINARI","stationId":12021240,"basinId":21,"status":"no_data","color":"#94a3b8","radius":7}},{"type":"Feature","id":"598","geometry":{"type":"Point","coordinates":[37.78389000000004,39.16361000000006]},"properties":{"OBJECTID":598,"IstNo":12021243,"SuAdi":"BEKTAŞ D.","IstAdi":"AKÇAKALE","BolgeNo":19,"ILKODU":58,"ILCEKODU":1431,"HAVZA_ID":21,"entityId":"598","entityType":"hesStations","id":"598","name":"AKÇAKALE","stationId":12021243,"basinId":21,"status":"no_data","color":"#94a3b8","radius":7}},{"type":"Feature","id":"599","geometry":{"type":"Point","coordinates":[39.34361000000007,37.60528000000005]},"properties":{"OBJECTID":599,"IstNo":12021250,"SuAdi":"ÇAMÇAYI","IstAdi":"ÖZENPINAR","BolgeNo":15,"ILKODU":63,"ILCEKODU":1630,"HAVZA_ID":21,"entityId":"599","entityType":"hesStations","id":"599","name":"ÖZENPINAR","stationId":12021250,"basinId":21,"status":"no_data","color":"#94a3b8","radius":7}},{"type":"Feature","id":"600","geometry":{"type":"Point","coordinates":[39.76556000000005,39.85722000000004]},"properties":{"OBJECTID":600,"IstNo":12021252,"SuAdi":"BALIKLI Ç.","IstAdi":"ESENDORUK","BolgeNo":8,"ILKODU":24,"ILCEKODU":1243,"HAVZA_ID":21,"entityId":"600","entityType":"hesStations","id":"600","name":"ESENDORUK","stationId":12021252,"basinId":21,"status":"no_data","color":"#94a3b8","radius":7}},{"type":"Feature","id":"601","geometry":{"type":"Point","coordinates":[37.17250000000007,39.06000000000006]},"properties":{"OBJECTID":601,"IstNo":12021254,"SuAdi":"MÜHÜRKULAK IRMAĞI","IstAdi":"MANCILIK","BolgeNo":19,"ILKODU":58,"ILCEKODU":1431,"HAVZA_ID":21,"entityId":"601","entityType":"hesStations","id":"601","name":"MANCILIK","stationId":12021254,"basinId":21,"status":"no_data","color":"#94a3b8","radius":7}},{"type":"Feature","id":"602","geometry":{"type":"Point","coordinates":[37.47139000000004,37.79583000000008]},"properties":{"OBJECTID":602,"IstNo":12021262,"SuAdi":"GÖKSU N.","IstAdi":"DÜZBAĞ","BolgeNo":20,"ILKODU":46,"ILCEKODU":1785,"HAVZA_ID":21,"entityId":"602","entityType":"hesStations","id":"602","name":"DÜZBAĞ","stationId":12021262,"basinId":21,"status":"no_data","color":"#94a3b8","radius":7}},{"type":"Feature","id":"603","geometry":{"type":"Point","coordinates":[38.37333000000007,38.76667000000003]},"properties":{"OBJECTID":603,"IstNo":12021263,"SuAdi":"ALİAĞA D.","IstAdi":"GÖRGÜÇLER","BolgeNo":9,"ILKODU":44,"ILCEKODU":1148,"HAVZA_ID":21,"entityId":"603","entityType":"hesStations","id":"603","name":"GÖRGÜÇLER","stationId":12021263,"basinId":21,"status":"no_data","color":"#94a3b8","radius":7}},{"type":"Feature","id":"604","geometry":{"type":"Point","coordinates":[39.07278000000008,39.02917000000008]},"properties":{"OBJECTID":604,"IstNo":12021264,"SuAdi":"CEVİZLİ D.","IstAdi":"CEVİZLİ","BolgeNo":9,"ILKODU":62,"ILCEKODU":1247,"HAVZA_ID":21,"entityId":"604","entityType":"hesStations","id":"604","name":"CEVİZLİ","stationId":12021264,"basinId":21,"status":"no_data","color":"#94a3b8","radius":7}},{"type":"Feature","id":"605","geometry":{"type":"Point","coordinates":[36.91361000000006,39.191670000000045]},"properties":{"OBJECTID":605,"IstNo":12021271,"SuAdi":"ŞEKERPINAR D.","IstAdi":"ÇAMURLU","BolgeNo":19,"ILKODU":58,"ILCEKODU":1875,"HAVZA_ID":21,"entityId":"605","entityType":"hesStations","id":"605","name":"ÇAMURLU","stationId":12021271,"basinId":21,"status":"no_data","color":"#94a3b8","radius":7}},{"type":"Feature","id":"606","geometry":{"type":"Point","coordinates":[38.007220000000075,37.98944000000006]},"properties":{"OBJECTID":606,"IstNo":12021272,"SuAdi":"SÜRGÜ Ç.","IstAdi":"REŞADİYE","BolgeNo":9,"ILKODU":44,"ILCEKODU":1286,"HAVZA_ID":21,"entityId":"606","entityType":"hesStations","id":"606","name":"REŞADİYE","stationId":12021272,"basinId":21,"status":"no_data","color":"#94a3b8","radius":7}},{"type":"Feature","id":"607","geometry":{"type":"Point","coordinates":[38.813060000000064,38.23195000000004]},"properties":{"OBJECTID":607,"IstNo":12021275,"SuAdi":"ŞİRO ÇAYI","IstAdi":"PÜTÜRGE","BolgeNo":9,"ILKODU":44,"ILCEKODU":1582,"HAVZA_ID":21,"entityId":"607","entityType":"hesStations","id":"607","name":"PÜTÜRGE","stationId":12021275,"basinId":21,"status":"no_data","color":"#94a3b8","radius":7}},{"type":"Feature","id":"608","geometry":{"type":"Point","coordinates":[38.02722000000006,36.83222000000006]},"properties":{"OBJECTID":608,"IstNo":12021276,"SuAdi":"FIRAT N.","IstAdi":"DDY KÖPRÜSÜ","BolgeNo":20,"ILKODU":27,"ILCEKODU":1194,"HAVZA_ID":21,"entityId":"608","entityType":"hesStations","id":"608","name":"DDY KÖPRÜSÜ","stationId":12021276,"basinId":21,"status":"no_data","color":"#94a3b8","radius":7}},{"type":"Feature","id":"609","geometry":{"type":"Point","coordinates":[37.68778000000003,39.46778000000006]},"properties":{"OBJECTID":609,"IstNo":12021277,"SuAdi":"YILANLI Ç.","IstAdi":"İKİZDERE","BolgeNo":19,"ILKODU":58,"ILCEKODU":1738,"HAVZA_ID":21,"entityId":"609","entityType":"hesStations","id":"609","name":"İKİZDERE","stationId":12021277,"basinId":21,"status":"no_data","color":"#94a3b8","radius":7}},{"type":"Feature","id":"610","geometry":{"type":"Point","coordinates":[37.391110000000026,39.32111000000003]},"properties":{"OBJECTID":610,"IstNo":12021279,"SuAdi":"KARANLIK D.","IstAdi":"DAVULBAZ","BolgeNo":19,"ILKODU":58,"ILCEKODU":1431,"HAVZA_ID":21,"entityId":"610","entityType":"hesStations","id":"610","name":"DAVULBAZ","stationId":12021279,"basinId":21,"status":"no_data","color":"#94a3b8","radius":7}},{"type":"Feature","id":"611","geometry":{"type":"Point","coordinates":[39.846940000000075,38.836110000000076]},"properties":{"OBJECTID":611,"IstNo":12021287,"SuAdi":"KAMIŞLI D.","IstAdi":"TATAR","BolgeNo":9,"ILKODU":23,"ILCEKODU":1820,"HAVZA_ID":21,"entityId":"611","entityType":"hesStations","id":"611","name":"TATAR","stationId":12021287,"basinId":21,"status":"no_data","color":"#94a3b8","radius":7}},{"type":"Feature","id":"612","geometry":{"type":"Point","coordinates":[37.87194000000005,38.81889000000007]},"properties":{"OBJECTID":612,"IstNo":12021288,"SuAdi":"KARADERE","IstAdi":"KARADERE","BolgeNo":9,"ILKODU":44,"ILCEKODU":1390,"HAVZA_ID":21,"entityId":"612","entityType":"hesStations","id":"612","name":"KARADERE","stationId":12021288,"basinId":21,"status":"no_data","color":"#94a3b8","radius":7}},{"type":"Feature","id":"613","geometry":{"type":"Point","coordinates":[39.75806000000006,38.71639000000005]},"properties":{"OBJECTID":613,"IstNo":12021290,"SuAdi":"ŞORAK D.","IstAdi":"KUŞCUKÖY","BolgeNo":9,"ILKODU":23,"ILCEKODU":1820,"HAVZA_ID":21,"entityId":"613","entityType":"hesStations","id":"613","name":"KUŞCUKÖY","stationId":12021290,"basinId":21,"status":"no_data","color":"#94a3b8","radius":7}},{"type":"Feature","id":"614","geometry":{"type":"Point","coordinates":[41.01636000000008,40.24314000000004]},"properties":{"OBJECTID":614,"IstNo":12021294,"SuAdi":"KALE D.","IstAdi":"BAKIMEVİ","BolgeNo":8,"ILKODU":25,"ILCEKODU":1945,"HAVZA_ID":21,"entityId":"614","entityType":"hesStations","id":"614","name":"BAKIMEVİ","stationId":12021294,"basinId":21,"status":"no_data","color":"#94a3b8","radius":7}},{"type":"Feature","id":"615","geometry":{"type":"Point","coordinates":[40.51111000000003,39.800830000000076]},"properties":{"OBJECTID":615,"IstNo":12021295,"SuAdi":"BALLIKAYA D.","IstAdi":"YAYLACIK","BolgeNo":8,"ILKODU":24,"ILCEKODU":1675,"HAVZA_ID":21,"entityId":"615","entityType":"hesStations","id":"615","name":"YAYLACIK","stationId":12021295,"basinId":21,"status":"no_data","color":"#94a3b8","radius":7}},{"type":"Feature","id":"616","geometry":{"type":"Point","coordinates":[40.471670000000074,39.04167000000007]},"properties":{"OBJECTID":616,"IstNo":12021300,"SuAdi":"KİLISE D.","IstAdi":"SANCAK","BolgeNo":9,"ILKODU":12,"ILCEKODU":1193,"HAVZA_ID":21,"entityId":"616","entityType":"hesStations","id":"616","name":"SANCAK","stationId":12021300,"basinId":21,"status":"no_data","color":"#94a3b8","radius":7}},{"type":"Feature","id":"617","geometry":{"type":"Point","coordinates":[40.06389000000007,38.91972000000004]},"properties":{"OBJECTID":617,"IstNo":12021303,"SuAdi":"SARICAN D.","IstAdi":"SARICAN","BolgeNo":9,"ILKODU":23,"ILCEKODU":1438,"HAVZA_ID":21,"entityId":"617","entityType":"hesStations","id":"617","name":"SARICAN","stationId":12021303,"basinId":21,"status":"no_data","color":"#94a3b8","radius":7}},{"type":"Feature","id":"618","geometry":{"type":"Point","coordinates":[38.472500000000025,38.77417000000003]},"properties":{"OBJECTID":618,"IstNo":12021304,"SuAdi":"SÖGÜTLÜ D.","IstAdi":"DEREGEZEN","BolgeNo":9,"ILKODU":44,"ILCEKODU":1148,"HAVZA_ID":21,"entityId":"618","entityType":"hesStations","id":"618","name":"DEREGEZEN","stationId":12021304,"basinId":21,"status":"no_data","color":"#94a3b8","radius":7}},{"type":"Feature","id":"619","geometry":{"type":"Point","coordinates":[39.092910000000074,38.50675000000007]},"properties":{"OBJECTID":619,"IstNo":12021307,"SuAdi":"GÖKÇE D.","IstAdi":"GÖKÇE","BolgeNo":9,"ILKODU":23,"ILCEKODU":1298,"HAVZA_ID":21,"entityId":"619","entityType":"hesStations","id":"619","name":"GÖKÇE","stationId":12021307,"basinId":21,"status":"no_data","color":"#94a3b8","radius":7}},{"type":"Feature","id":"620","geometry":{"type":"Point","coordinates":[38.50389000000007,37.75111000000004]},"properties":{"OBJECTID":620,"IstNo":12021311,"SuAdi":"KALBURCU Ç.","IstAdi":"OSMAN SENAYİ CAN BARAJI","BolgeNo":20,"ILKODU":2,"ILCEKODU":1105,"HAVZA_ID":21,"entityId":"620","entityType":"hesStations","id":"620","name":"OSMAN SENAYİ CAN BARAJI","stationId":12021311,"basinId":21,"status":"no_data","color":"#94a3b8","radius":7}},{"type":"Feature","id":"621","geometry":{"type":"Point","coordinates":[38.327780000000075,38.083060000000046]},"properties":{"OBJECTID":621,"IstNo":12021323,"SuAdi":"GÖRNEK D.","IstAdi":"TAŞDAMLAR","BolgeNo":20,"ILKODU":2,"ILCEKODU":1246,"HAVZA_ID":21,"entityId":"621","entityType":"hesStations","id":"621","name":"TAŞDAMLAR","stationId":12021323,"basinId":21,"status":"no_data","color":"#94a3b8","radius":7}},{"type":"Feature","id":"622","geometry":{"type":"Point","coordinates":[39.999720000000025,36.84555000000006]},"properties":{"OBJECTID":622,"IstNo":12021325,"SuAdi":"ÇIRPI DERESİ","IstAdi":"CEYLANPINAR TİGEM","BolgeNo":15,"ILKODU":63,"ILCEKODU":1220,"HAVZA_ID":21,"entityId":"622","entityType":"hesStations","id":"622","name":"CEYLANPINAR TİGEM","stationId":12021325,"basinId":21,"status":"no_data","color":"#94a3b8","radius":7}},{"type":"Feature","id":"623","geometry":{"type":"Point","coordinates":[40.02893000000006,38.60524000000004]},"properties":{"OBJECTID":623,"IstNo":12021329,"SuAdi":"TARHANA D.","IstAdi":"ARICAK","BolgeNo":9,"ILKODU":23,"ILCEKODU":1566,"HAVZA_ID":21,"entityId":"623","entityType":"hesStations","id":"623","name":"ARICAK","stationId":12021329,"basinId":21,"status":"no_data","color":"#94a3b8","radius":7}},{"type":"Feature","id":"624","geometry":{"type":"Point","coordinates":[39.799450000000036,38.535000000000025]},"properties":{"OBJECTID":624,"IstNo":12021330,"SuAdi":"TENGİLA D.","IstAdi":"KAYAÖNÜ","BolgeNo":9,"ILKODU":23,"ILCEKODU":1566,"HAVZA_ID":21,"entityId":"624","entityType":"hesStations","id":"624","name":"KAYAÖNÜ","stationId":12021330,"basinId":21,"status":"no_data","color":"#94a3b8","radius":7}},{"type":"Feature","id":"625","geometry":{"type":"Point","coordinates":[38.51305000000008,38.28639000000004]},"properties":{"OBJECTID":625,"IstNo":12021333,"SuAdi":"HANDERE","IstAdi":"YAYGIN","BolgeNo":9,"ILKODU":23,"ILCEKODU":1772,"HAVZA_ID":21,"entityId":"625","entityType":"hesStations","id":"625","name":"YAYGIN","stationId":12021333,"basinId":21,"status":"no_data","color":"#94a3b8","radius":7}},{"type":"Feature","id":"626","geometry":{"type":"Point","coordinates":[42.029720000000054,39.113060000000075]},"properties":{"OBJECTID":626,"IstNo":12021335,"SuAdi":"MURAT N.","IstAdi":"ALPASLAN_1 BRJ","BolgeNo":17,"ILKODU":49,"ILCEKODU":1213,"HAVZA_ID":21,"entityId":"626","entityType":"hesStations","id":"626","name":"ALPASLAN_1 BRJ","stationId":12021335,"basinId":21,"status":"no_data","color":"#94a3b8","radius":7}},{"type":"Feature","id":"627","geometry":{"type":"Point","coordinates":[41.23111000000006,37.11555000000004]},"properties":{"OBJECTID":627,"IstNo":12021336,"SuAdi":"ÇAĞÇAĞ Ç.","IstAdi":"REGÜLATÖR ÇKŞ.","BolgeNo":10,"ILKODU":47,"ILCEKODU":1547,"HAVZA_ID":21,"entityId":"627","entityType":"hesStations","id":"627","name":"REGÜLATÖR ÇKŞ.","stationId":12021336,"basinId":21,"status":"no_data","color":"#94a3b8","radius":7}},{"type":"Feature","id":"628","geometry":{"type":"Point","coordinates":[37.17861000000005,39.060280000000034]},"properties":{"OBJECTID":628,"IstNo":12021338,"SuAdi":"AVŞARÖREN D.","IstAdi":"MANCILIK","BolgeNo":19,"ILKODU":58,"ILCEKODU":1431,"HAVZA_ID":21,"entityId":"628","entityType":"hesStations","id":"628","name":"MANCILIK","stationId":12021338,"basinId":21,"status":"no_data","color":"#94a3b8","radius":7}},{"type":"Feature","id":"629","geometry":{"type":"Point","coordinates":[38.053330000000074,39.28250000000003]},"properties":{"OBJECTID":629,"IstNo":12021339,"SuAdi":"GÜRESİN D.","IstAdi":"GÜRESİN","BolgeNo":19,"ILKODU":58,"ILCEKODU":1282,"HAVZA_ID":21,"entityId":"629","entityType":"hesStations","id":"629","name":"GÜRESİN","stationId":12021339,"basinId":21,"status":"no_data","color":"#94a3b8","radius":7}},{"type":"Feature","id":"630","geometry":{"type":"Point","coordinates":[37.871110000000044,39.51445000000007]},"properties":{"OBJECTID":630,"IstNo":12021340,"SuAdi":"ILICA DERESİ","IstAdi":"TİROLAR","BolgeNo":19,"ILKODU":58,"ILCEKODU":1282,"HAVZA_ID":21,"entityId":"630","entityType":"hesStations","id":"630","name":"TİROLAR","stationId":12021340,"basinId":21,"status":"no_data","color":"#94a3b8","radius":7}},{"type":"Feature","id":"631","geometry":{"type":"Point","coordinates":[43.095470000000034,39.22200000000004]},"properties":{"OBJECTID":631,"IstNo":12021345,"SuAdi":"DEDELİ DERE","IstAdi":"DEDELİ","BolgeNo":8,"ILKODU":4,"ILCEKODU":1568,"HAVZA_ID":21,"entityId":"631","entityType":"hesStations","id":"631","name":"DEDELİ","stationId":12021345,"basinId":21,"status":"no_data","color":"#94a3b8","radius":7}},{"type":"Feature","id":"632","geometry":{"type":"Point","coordinates":[37.49055000000004,38.952780000000075]},"properties":{"OBJECTID":632,"IstNo":12021350,"SuAdi":"BALIKLI TOHMA Ç.","IstAdi":"SARICA","BolgeNo":19,"ILKODU":58,"ILCEKODU":1373,"HAVZA_ID":21,"entityId":"632","entityType":"hesStations","id":"632","name":"SARICA","stationId":12021350,"basinId":21,"status":"no_data","color":"#94a3b8","radius":7}},{"type":"Feature","id":"633","geometry":{"type":"Point","coordinates":[37.98917000000006,38.190000000000055]},"properties":{"OBJECTID":633,"IstNo":12021351,"SuAdi":"MELET D.","IstAdi":"MELET ","BolgeNo":9,"ILKODU":44,"ILCEKODU":1286,"HAVZA_ID":21,"entityId":"633","entityType":"hesStations","id":"633","name":"MELET ","stationId":12021351,"basinId":21,"status":"no_data","color":"#94a3b8","radius":7}},{"type":"Feature","id":"634","geometry":{"type":"Point","coordinates":[37.53194000000008,36.902780000000064]},"properties":{"OBJECTID":634,"IstNo":12021352,"SuAdi":"SACIR S.","IstAdi":"YAKACIK","BolgeNo":20,"ILKODU":27,"ILCEKODU":1549,"HAVZA_ID":21,"entityId":"634","entityType":"hesStations","id":"634","name":"YAKACIK","stationId":12021352,"basinId":21,"status":"no_data","color":"#94a3b8","radius":7}},{"type":"Feature","id":"635","geometry":{"type":"Point","coordinates":[39.07472000000007,38.76833000000005]},"properties":{"OBJECTID":635,"IstNo":12021356,"SuAdi":"SARNİ D.","IstAdi":"SARNİ","BolgeNo":9,"ILKODU":23,"ILCEKODU":1298,"HAVZA_ID":21,"entityId":"635","entityType":"hesStations","id":"635","name":"SARNİ","stationId":12021356,"basinId":21,"status":"no_data","color":"#94a3b8","radius":7}},{"type":"Feature","id":"636","geometry":{"type":"Point","coordinates":[38.12611000000004,38.72750000000008]},"properties":{"OBJECTID":636,"IstNo":12021357,"SuAdi":"HASAR D.","IstAdi":"BOZTEPE ","BolgeNo":9,"ILKODU":44,"ILCEKODU":1390,"HAVZA_ID":21,"entityId":"636","entityType":"hesStations","id":"636","name":"BOZTEPE ","stationId":12021357,"basinId":21,"status":"no_data","color":"#94a3b8","radius":7}},{"type":"Feature","id":"637","geometry":{"type":"Point","coordinates":[38.387500000000045,38.13306000000006]},"properties":{"OBJECTID":637,"IstNo":12021358,"SuAdi":"KARLIK D.","IstAdi":"ÇAT BARAJI","BolgeNo":9,"ILKODU":44,"ILCEKODU":1729,"HAVZA_ID":21,"entityId":"637","entityType":"hesStations","id":"637","name":"ÇAT BARAJI","stationId":12021358,"basinId":21,"status":"no_data","color":"#94a3b8","radius":7}},{"type":"Feature","id":"638","geometry":{"type":"Point","coordinates":[39.749720000000025,39.70250000000004]},"properties":{"OBJECTID":638,"IstNo":12021359,"SuAdi":"BÜYÜKÇUKUR D.","IstAdi":"BAYIRBAĞ","BolgeNo":8,"ILKODU":24,"ILCEKODU":1853,"HAVZA_ID":21,"entityId":"638","entityType":"hesStations","id":"638","name":"BAYIRBAĞ","stationId":12021359,"basinId":21,"status":"no_data","color":"#94a3b8","radius":7}},{"type":"Feature","id":"639","geometry":{"type":"Point","coordinates":[39.034170000000074,37.160000000000025]},"properties":{"OBJECTID":639,"IstNo":12021361,"SuAdi":"CULLAP D.","IstAdi":"İNCİRLİ","BolgeNo":15,"ILKODU":63,"ILCEKODU":2092,"HAVZA_ID":21,"entityId":"639","entityType":"hesStations","id":"639","name":"İNCİRLİ","stationId":12021361,"basinId":21,"status":"no_data","color":"#94a3b8","radius":7}},{"type":"Feature","id":"640","geometry":{"type":"Point","coordinates":[39.06805000000003,37.15583000000004]},"properties":{"OBJECTID":640,"IstNo":12021362,"SuAdi":"KÖRCE D.","IstAdi":"ÇAMLIDERE","BolgeNo":15,"ILKODU":63,"ILCEKODU":2092,"HAVZA_ID":21,"entityId":"640","entityType":"hesStations","id":"640","name":"ÇAMLIDERE","stationId":12021362,"basinId":21,"status":"no_data","color":"#94a3b8","radius":7}},{"type":"Feature","id":"641","geometry":{"type":"Point","coordinates":[39.09472000000005,37.15778000000006]},"properties":{"OBJECTID":641,"IstNo":12021363,"SuAdi":"EĞRİCE D.","IstAdi":"KAYNAKLI","BolgeNo":15,"ILKODU":63,"ILCEKODU":2092,"HAVZA_ID":21,"entityId":"641","entityType":"hesStations","id":"641","name":"KAYNAKLI","stationId":12021363,"basinId":21,"status":"no_data","color":"#94a3b8","radius":7}},{"type":"Feature","id":"642","geometry":{"type":"Point","coordinates":[39.25195000000008,38.635560000000055]},"properties":{"OBJECTID":642,"IstNo":12021364,"SuAdi":"ŞOR ŞOR DERESİ","IstAdi":"BAYRAK KÖPRÜSÜ","BolgeNo":9,"ILKODU":23,"ILCEKODU":1298,"HAVZA_ID":21,"entityId":"642","entityType":"hesStations","id":"642","name":"BAYRAK KÖPRÜSÜ","stationId":12021364,"basinId":21,"status":"no_data","color":"#94a3b8","radius":7}},{"type":"Feature","id":"643","geometry":{"type":"Point","coordinates":[39.25195000000008,38.635560000000055]},"properties":{"OBJECTID":643,"IstNo":12021364,"SuAdi":"ŞORŞOR D.","IstAdi":"BAYRAK KÖPRÜSÜ","BolgeNo":9,"ILKODU":23,"ILCEKODU":1298,"HAVZA_ID":21,"entityId":"643","entityType":"hesStations","id":"643","name":"BAYRAK KÖPRÜSÜ","stationId":12021364,"basinId":21,"status":"no_data","color":"#94a3b8","radius":7}},{"type":"Feature","id":"644","geometry":{"type":"Point","coordinates":[39.06250000000006,39.331390000000056]},"properties":{"OBJECTID":644,"IstNo":12021366,"SuAdi":"MUNZUR S.","IstAdi":"GÖZELER","BolgeNo":9,"ILKODU":62,"ILCEKODU":1562,"HAVZA_ID":21,"entityId":"644","entityType":"hesStations","id":"644","name":"GÖZELER","stationId":12021366,"basinId":21,"status":"no_data","color":"#94a3b8","radius":7}},{"type":"Feature","id":"645","geometry":{"type":"Point","coordinates":[39.06250000000006,39.331390000000056]},"properties":{"OBJECTID":645,"IstNo":12021366,"SuAdi":"MUNZUR SUYU","IstAdi":"GÖZELER","BolgeNo":9,"ILKODU":62,"ILCEKODU":1562,"HAVZA_ID":21,"entityId":"645","entityType":"hesStations","id":"645","name":"GÖZELER","stationId":12021366,"basinId":21,"status":"no_data","color":"#94a3b8","radius":7}},{"type":"Feature","id":"646","geometry":{"type":"Point","coordinates":[37.454720000000066,38.89695000000006]},"properties":{"OBJECTID":646,"IstNo":12021367,"SuAdi":"ULAMALIK D.","IstAdi":"ESKİHAMAL GİRİŞ","BolgeNo":19,"ILKODU":58,"ILCEKODU":1373,"HAVZA_ID":21,"entityId":"646","entityType":"hesStations","id":"646","name":"ESKİHAMAL GİRİŞ","stationId":12021367,"basinId":21,"status":"no_data","color":"#94a3b8","radius":7}},{"type":"Feature","id":"647","geometry":{"type":"Point","coordinates":[41.42361000000005,39.14278000000007]},"properties":{"OBJECTID":647,"IstNo":12021369,"SuAdi":"KOŞKÖR DERESİ","IstAdi":"AŞAĞIALAGÖZ K. - VARTO","BolgeNo":17,"ILKODU":49,"ILCEKODU":1711,"HAVZA_ID":21,"entityId":"647","entityType":"hesStations","id":"647","name":"AŞAĞIALAGÖZ K. - VARTO","stationId":12021369,"basinId":21,"status":"no_data","color":"#94a3b8","radius":7}},{"type":"Feature","id":"648","geometry":{"type":"Point","coordinates":[41.42167000000006,39.13083000000006]},"properties":{"OBJECTID":648,"IstNo":12021370,"SuAdi":"BİNGÖL ÇAYI","IstAdi":"AŞAĞIALAGÖZ K.-VATRO","BolgeNo":17,"ILKODU":49,"ILCEKODU":1711,"HAVZA_ID":21,"entityId":"648","entityType":"hesStations","id":"648","name":"AŞAĞIALAGÖZ K.-VATRO","stationId":12021370,"basinId":21,"status":"no_data","color":"#94a3b8","radius":7}},{"type":"Feature","id":"649","geometry":{"type":"Point","coordinates":[38.339170000000024,39.371110000000044]},"properties":{"OBJECTID":649,"IstNo":12021371,"SuAdi":"ÇALTI ÇAYI","IstAdi":"ÇALTI","BolgeNo":19,"ILKODU":58,"ILCEKODU":1282,"HAVZA_ID":21,"entityId":"649","entityType":"hesStations","id":"649","name":"ÇALTI","stationId":12021371,"basinId":21,"status":"no_data","color":"#94a3b8","radius":7}},{"type":"Feature","id":"650","geometry":{"type":"Point","coordinates":[36.97278000000006,41.20917000000003]},"properties":{"OBJECTID":650,"IstNo":12022002,"SuAdi":"TERME Ç.","IstAdi":"TERME","BolgeNo":7,"ILKODU":55,"ILCEKODU":1676,"HAVZA_ID":14,"entityId":"650","entityType":"hesStations","id":"650","name":"TERME","stationId":12022002,"basinId":14,"status":"no_data","color":"#94a3b8","radius":7}},{"type":"Feature","id":"651","geometry":{"type":"Point","coordinates":[41.25098000000003,41.25025000000005]},"properties":{"OBJECTID":651,"IstNo":12022006,"SuAdi":"ABUÇAĞLAYAN D.","IstAdi":"KÖPRÜBAŞI","BolgeNo":22,"ILKODU":53,"ILCEKODU":1332,"HAVZA_ID":22,"entityId":"651","entityType":"hesStations","id":"651","name":"KÖPRÜBAŞI","stationId":12022006,"basinId":22,"status":"no_data","color":"#94a3b8","radius":7}},{"type":"Feature","id":"652","geometry":{"type":"Point","coordinates":[40.289720000000045,40.62444000000005]},"properties":{"OBJECTID":652,"IstNo":12022007,"SuAdi":"HALDİZEN S.","IstAdi":"ŞERAH","BolgeNo":22,"ILKODU":61,"ILCEKODU":1244,"HAVZA_ID":22,"entityId":"652","entityType":"hesStations","id":"652","name":"ŞERAH","stationId":12022007,"basinId":22,"status":"no_data","color":"#94a3b8","radius":7}},{"type":"Feature","id":"653","geometry":{"type":"Point","coordinates":[41.346940000000075,41.30778000000004]},"properties":{"OBJECTID":653,"IstNo":12022049,"SuAdi":"KAPİSTRE D.","IstAdi":"BAŞKÖY","BolgeNo":26,"ILKODU":8,"ILCEKODU":1147,"HAVZA_ID":22,"entityId":"653","entityType":"hesStations","id":"653","name":"BAŞKÖY","stationId":12022049,"basinId":22,"status":"no_data","color":"#94a3b8","radius":7}},{"type":"Feature","id":"654","geometry":{"type":"Point","coordinates":[39.01139000000006,40.88611000000003]},"properties":{"OBJECTID":654,"IstNo":12022058,"SuAdi":"GÖRELE D.","IstAdi":"CÜCEN KÖPRÜSÜ","BolgeNo":22,"ILKODU":28,"ILCEKODU":1894,"HAVZA_ID":22,"entityId":"654","entityType":"hesStations","id":"654","name":"CÜCEN KÖPRÜSÜ","stationId":12022058,"basinId":22,"status":"no_data","color":"#94a3b8","radius":7}},{"type":"Feature","id":"655","geometry":{"type":"Point","coordinates":[41.385290000000055,41.27671000000004]},"properties":{"OBJECTID":655,"IstNo":12022079,"SuAdi":"KAPİSTRE D.","IstAdi":"ÇAMLICA","BolgeNo":26,"ILKODU":8,"ILCEKODU":1147,"HAVZA_ID":22,"entityId":"655","entityType":"hesStations","id":"655","name":"ÇAMLICA","stationId":12022079,"basinId":22,"status":"no_data","color":"#94a3b8","radius":7}},{"type":"Feature","id":"656","geometry":{"type":"Point","coordinates":[40.54292000000004,40.92789000000005]},"properties":{"OBJECTID":656,"IstNo":12022082,"SuAdi":"SALARHA D.","IstAdi":"KÖMÜRCÜLER","BolgeNo":22,"ILKODU":53,"ILCEKODU":1586,"HAVZA_ID":22,"entityId":"656","entityType":"hesStations","id":"656","name":"KÖMÜRCÜLER","stationId":12022082,"basinId":22,"status":"no_data","color":"#94a3b8","radius":7}},{"type":"Feature","id":"657","geometry":{"type":"Point","coordinates":[39.46658000000008,40.56308000000007]},"properties":{"OBJECTID":657,"IstNo":12022084,"SuAdi":"KORUM D.","IstAdi":"YAĞLIDERE ","BolgeNo":22,"ILKODU":29,"ILCEKODU":1684,"HAVZA_ID":22,"entityId":"657","entityType":"hesStations","id":"657","name":"YAĞLIDERE ","stationId":12022084,"basinId":22,"status":"no_data","color":"#94a3b8","radius":7}},{"type":"Feature","id":"658","geometry":{"type":"Point","coordinates":[39.67889000000008,40.86528000000004]},"properties":{"OBJECTID":658,"IstNo":12022086,"SuAdi":"DEĞİRMEN D.","IstAdi":"ÖĞÜTLÜ","BolgeNo":22,"ILKODU":61,"ILCEKODU":1507,"HAVZA_ID":22,"entityId":"658","entityType":"hesStations","id":"658","name":"ÖĞÜTLÜ","stationId":12022086,"basinId":22,"status":"no_data","color":"#94a3b8","radius":7}},{"type":"Feature","id":"659","geometry":{"type":"Point","coordinates":[41.363890000000026,41.26445000000007]},"properties":{"OBJECTID":659,"IstNo":12022089,"SuAdi":"BALLI  D.","IstAdi":"KÜÇÜKKÖY","BolgeNo":26,"ILKODU":8,"ILCEKODU":1147,"HAVZA_ID":22,"entityId":"659","entityType":"hesStations","id":"659","name":"KÜÇÜKKÖY","stationId":12022089,"basinId":22,"status":"no_data","color":"#94a3b8","radius":7}},{"type":"Feature","id":"660","geometry":{"type":"Point","coordinates":[37.961110000000076,40.83055000000007]},"properties":{"OBJECTID":660,"IstNo":12022093,"SuAdi":"TURNASUYU","IstAdi":"CUMHURİYET KÖYÜ","BolgeNo":7,"ILKODU":52,"ILCEKODU":2103,"HAVZA_ID":22,"entityId":"660","entityType":"hesStations","id":"660","name":"CUMHURİYET KÖYÜ","stationId":12022093,"basinId":22,"status":"no_data","color":"#94a3b8","radius":7}},{"type":"Feature","id":"661","geometry":{"type":"Point","coordinates":[36.82195000000007,41.073330000000055]},"properties":{"OBJECTID":661,"IstNo":12022105,"SuAdi":"DEĞİRMEN D.","IstAdi":"SALIPAZARI","BolgeNo":7,"ILKODU":55,"ILCEKODU":1838,"HAVZA_ID":14,"entityId":"661","entityType":"hesStations","id":"661","name":"SALIPAZARI","stationId":12022105,"basinId":14,"status":"no_data","color":"#94a3b8","radius":7}},{"type":"Feature","id":"662","geometry":{"type":"Point","coordinates":[38.30833000000007,40.84333000000004]},"properties":{"OBJECTID":662,"IstNo":12022106,"SuAdi":"BATLAMA D.","IstAdi":"ÇUKURKÖY","BolgeNo":22,"ILKODU":28,"ILCEKODU":1352,"HAVZA_ID":22,"entityId":"662","entityType":"hesStations","id":"662","name":"ÇUKURKÖY","stationId":12022106,"basinId":22,"status":"no_data","color":"#94a3b8","radius":7}},{"type":"Feature","id":"663","geometry":{"type":"Point","coordinates":[39.31389000000007,41.04472000000004]},"properties":{"OBJECTID":663,"IstNo":12022114,"SuAdi":"KİRAZLIK D.","IstAdi":"MISIRLI","BolgeNo":22,"ILKODU":61,"ILCEKODU":1709,"HAVZA_ID":22,"entityId":"663","entityType":"hesStations","id":"663","name":"MISIRLI","stationId":12022114,"basinId":22,"status":"no_data","color":"#94a3b8","radius":7}},{"type":"Feature","id":"664","geometry":{"type":"Point","coordinates":[38.72917000000007,40.891940000000034]},"properties":{"OBJECTID":664,"IstNo":12022117,"SuAdi":"YAĞLIDERE","IstAdi":"KAŞDİBİ","BolgeNo":22,"ILKODU":28,"ILCEKODU":1320,"HAVZA_ID":22,"entityId":"664","entityType":"hesStations","id":"664","name":"KAŞDİBİ","stationId":12022117,"basinId":22,"status":"no_data","color":"#94a3b8","radius":7}},{"type":"Feature","id":"665","geometry":{"type":"Point","coordinates":[39.19500000000005,41.04278000000005]},"properties":{"OBJECTID":665,"IstNo":12022120,"SuAdi":"AĞAŞAR DERESI","IstAdi":"AMBARLI","BolgeNo":22,"ILKODU":-1,"ILCEKODU":1775,"HAVZA_ID":22,"entityId":"665","entityType":"hesStations","id":"665","name":"AMBARLI","stationId":12022120,"basinId":22,"status":"no_data","color":"#94a3b8","radius":7}},{"type":"Feature","id":"666","geometry":{"type":"Point","coordinates":[39.28510000000006,41.01640000000003]},"properties":{"OBJECTID":666,"IstNo":12022121,"SuAdi":"FOL DERESI","IstAdi":"ŞERİFLİ","BolgeNo":22,"ILKODU":61,"ILCEKODU":1709,"HAVZA_ID":22,"entityId":"666","entityType":"hesStations","id":"666","name":"ŞERİFLİ","stationId":12022121,"basinId":22,"status":"no_data","color":"#94a3b8","radius":7}},{"type":"Feature","id":"667","geometry":{"type":"Point","coordinates":[40.72611000000006,41.08194000000003]},"properties":{"OBJECTID":667,"IstNo":12022131,"SuAdi":"ŞAİRLER D.","IstAdi":"ÇAYELİ","BolgeNo":22,"ILKODU":53,"ILCEKODU":1241,"HAVZA_ID":22,"entityId":"667","entityType":"hesStations","id":"667","name":"ÇAYELİ","stationId":12022131,"basinId":22,"status":"no_data","color":"#94a3b8","radius":7}},{"type":"Feature","id":"668","geometry":{"type":"Point","coordinates":[39.09000000000003,41.02583000000004]},"properties":{"OBJECTID":668,"IstNo":12022135,"SuAdi":"ÇAVUŞLU D.","IstAdi":"GÜLEF","BolgeNo":22,"ILKODU":28,"ILCEKODU":1361,"HAVZA_ID":22,"entityId":"668","entityType":"hesStations","id":"668","name":"GÜLEF","stationId":12022135,"basinId":22,"status":"no_data","color":"#94a3b8","radius":7}},{"type":"Feature","id":"669","geometry":{"type":"Point","coordinates":[38.96611000000007,41.02222000000006]},"properties":{"OBJECTID":669,"IstNo":12022136,"SuAdi":"ÇÖMLEKCİ D.","IstAdi":"HAYDARLI","BolgeNo":22,"ILKODU":28,"ILCEKODU":1361,"HAVZA_ID":22,"entityId":"669","entityType":"hesStations","id":"669","name":"HAYDARLI","stationId":12022136,"basinId":22,"status":"no_data","color":"#94a3b8","radius":7}},{"type":"Feature","id":"670","geometry":{"type":"Point","coordinates":[36.86417000000006,41.09945000000005]},"properties":{"OBJECTID":670,"IstNo":12022142,"SuAdi":"KONAKKÖY D.","IstAdi":"MESCİTKÖY","BolgeNo":7,"ILKODU":55,"ILCEKODU":1676,"HAVZA_ID":14,"entityId":"670","entityType":"hesStations","id":"670","name":"MESCİTKÖY","stationId":12022142,"basinId":14,"status":"no_data","color":"#94a3b8","radius":7}},{"type":"Feature","id":"671","geometry":{"type":"Point","coordinates":[36.85000000000008,41.12028000000004]},"properties":{"OBJECTID":671,"IstNo":12022143,"SuAdi":"TERME Ç.","IstAdi":"ŞEYHLİ","BolgeNo":7,"ILKODU":55,"ILCEKODU":1838,"HAVZA_ID":14,"entityId":"671","entityType":"hesStations","id":"671","name":"ŞEYHLİ","stationId":12022143,"basinId":14,"status":"no_data","color":"#94a3b8","radius":7}},{"type":"Feature","id":"672","geometry":{"type":"Point","coordinates":[37.776110000000074,40.62250000000006]},"properties":{"OBJECTID":672,"IstNo":12022144,"SuAdi":"MELET IRMAĞI","IstAdi":"TOPÇAM","BolgeNo":7,"ILKODU":52,"ILCEKODU":1525,"HAVZA_ID":22,"entityId":"672","entityType":"hesStations","id":"672","name":"TOPÇAM","stationId":12022144,"basinId":22,"status":"no_data","color":"#94a3b8","radius":7}},{"type":"Feature","id":"673","geometry":{"type":"Point","coordinates":[37.450000000000045,40.75222000000008]},"properties":{"OBJECTID":673,"IstNo":12022145,"SuAdi":"EGELİ Ç.","IstAdi":"KABATAŞ","BolgeNo":7,"ILKODU":52,"ILCEKODU":1951,"HAVZA_ID":22,"entityId":"673","entityType":"hesStations","id":"673","name":"KABATAŞ","stationId":12022145,"basinId":22,"status":"no_data","color":"#94a3b8","radius":7}},{"type":"Feature","id":"674","geometry":{"type":"Point","coordinates":[41.46944000000008,41.39000000000004]},"properties":{"OBJECTID":674,"IstNo":12022147,"SuAdi":"SUNDURA D.","IstAdi":"HOPA","BolgeNo":26,"ILKODU":8,"ILCEKODU":1395,"HAVZA_ID":22,"entityId":"674","entityType":"hesStations","id":"674","name":"HOPA","stationId":12022147,"basinId":22,"status":"no_data","color":"#94a3b8","radius":7}},{"type":"Feature","id":"675","geometry":{"type":"Point","coordinates":[41.526110000000074,41.480560000000025]},"properties":{"OBJECTID":675,"IstNo":12022149,"SuAdi":"KARAOSMANİYE D.","IstAdi":"KEMALPAŞA","BolgeNo":26,"ILKODU":8,"ILCEKODU":1395,"HAVZA_ID":22,"entityId":"675","entityType":"hesStations","id":"675","name":"KEMALPAŞA","stationId":12022149,"basinId":22,"status":"no_data","color":"#94a3b8","radius":7}},{"type":"Feature","id":"676","geometry":{"type":"Point","coordinates":[41.53000000000003,41.485550000000046]},"properties":{"OBJECTID":676,"IstNo":12022150,"SuAdi":"HALVAŞİ D.","IstAdi":"KEMALPAŞA","BolgeNo":26,"ILKODU":8,"ILCEKODU":1395,"HAVZA_ID":22,"entityId":"676","entityType":"hesStations","id":"676","name":"KEMALPAŞA","stationId":12022150,"basinId":22,"status":"no_data","color":"#94a3b8","radius":7}},{"type":"Feature","id":"677","geometry":{"type":"Point","coordinates":[41.301390000000026,41.329720000000066]},"properties":{"OBJECTID":677,"IstNo":12022151,"SuAdi":"KAPİSTRE D.","IstAdi":"ARHAVİ","BolgeNo":26,"ILKODU":8,"ILCEKODU":1147,"HAVZA_ID":22,"entityId":"677","entityType":"hesStations","id":"677","name":"ARHAVİ","stationId":12022151,"basinId":22,"status":"no_data","color":"#94a3b8","radius":7}},{"type":"Feature","id":"678","geometry":{"type":"Point","coordinates":[41.14167000000003,41.26805000000007]},"properties":{"OBJECTID":678,"IstNo":12022152,"SuAdi":"TAHİROĞLU D.","IstAdi":"FINDIKLI","BolgeNo":22,"ILKODU":53,"ILCEKODU":1332,"HAVZA_ID":22,"entityId":"678","entityType":"hesStations","id":"678","name":"FINDIKLI","stationId":12022152,"basinId":22,"status":"no_data","color":"#94a3b8","radius":7}},{"type":"Feature","id":"679","geometry":{"type":"Point","coordinates":[39.60083000000003,40.95389000000006]},"properties":{"OBJECTID":679,"IstNo":12022153,"SuAdi":"SERA D.","IstAdi":"DERECİK","BolgeNo":22,"ILKODU":61,"ILCEKODU":1113,"HAVZA_ID":22,"entityId":"679","entityType":"hesStations","id":"679","name":"DERECİK","stationId":12022153,"basinId":22,"status":"no_data","color":"#94a3b8","radius":7}},{"type":"Feature","id":"680","geometry":{"type":"Point","coordinates":[39.502500000000055,40.95111000000003]},"properties":{"OBJECTID":680,"IstNo":12022154,"SuAdi":"SÖĞÜTLÜ D.","IstAdi":"ŞİNIK","BolgeNo":22,"ILKODU":61,"ILCEKODU":1113,"HAVZA_ID":22,"entityId":"680","entityType":"hesStations","id":"680","name":"ŞİNIK","stationId":12022154,"basinId":22,"status":"no_data","color":"#94a3b8","radius":7}},{"type":"Feature","id":"681","geometry":{"type":"Point","coordinates":[38.84361000000007,40.91333000000003]},"properties":{"OBJECTID":681,"IstNo":12022155,"SuAdi":"HARŞİT Ç.","IstAdi":"ASLANCIK","BolgeNo":22,"ILKODU":28,"ILCEKODU":1678,"HAVZA_ID":22,"entityId":"681","entityType":"hesStations","id":"681","name":"ASLANCIK","stationId":12022155,"basinId":22,"status":"no_data","color":"#94a3b8","radius":7}},{"type":"Feature","id":"682","geometry":{"type":"Point","coordinates":[39.62778000000003,40.401940000000025]},"properties":{"OBJECTID":682,"IstNo":12022156,"SuAdi":"HARŞİT Ç.","IstAdi":"YENİYOL","BolgeNo":22,"ILKODU":29,"ILCEKODU":1369,"HAVZA_ID":22,"entityId":"682","entityType":"hesStations","id":"682","name":"YENİYOL","stationId":12022156,"basinId":22,"status":"no_data","color":"#94a3b8","radius":7}},{"type":"Feature","id":"683","geometry":{"type":"Point","coordinates":[36.47611000000006,41.026940000000025]},"properties":{"OBJECTID":683,"IstNo":12022157,"SuAdi":"ABDAL I.","IstAdi":"ÇAKMAK BARAJI-GÜLÖREN ","BolgeNo":7,"ILKODU":55,"ILCEKODU":1234,"HAVZA_ID":14,"entityId":"683","entityType":"hesStations","id":"683","name":"ÇAKMAK BARAJI-GÜLÖREN ","stationId":12022157,"basinId":14,"status":"no_data","color":"#94a3b8","radius":7}},{"type":"Feature","id":"684","geometry":{"type":"Point","coordinates":[37.210560000000044,41.00111000000004]},"properties":{"OBJECTID":684,"IstNo":12022158,"SuAdi":"CEVİZ D.","IstAdi":"ÇINARCIK","BolgeNo":7,"ILKODU":52,"ILCEKODU":1706,"HAVZA_ID":22,"entityId":"684","entityType":"hesStations","id":"684","name":"ÇINARCIK","stationId":12022158,"basinId":22,"status":"no_data","color":"#94a3b8","radius":7}},{"type":"Feature","id":"685","geometry":{"type":"Point","coordinates":[36.55944000000005,41.07528000000008]},"properties":{"OBJECTID":685,"IstNo":12022159,"SuAdi":"EĞRİDERE","IstAdi":"ÇAKMAK BARAJI GİRİŞ","BolgeNo":7,"ILKODU":55,"ILCEKODU":1234,"HAVZA_ID":14,"entityId":"685","entityType":"hesStations","id":"685","name":"ÇAKMAK BARAJI GİRİŞ","stationId":12022159,"basinId":14,"status":"no_data","color":"#94a3b8","radius":7}},{"type":"Feature","id":"686","geometry":{"type":"Point","coordinates":[37.27028000000007,41.11639000000008]},"properties":{"OBJECTID":686,"IstNo":12022160,"SuAdi":"TABAKHANE DERESİ","IstAdi":"ÜNYE","BolgeNo":7,"ILKODU":52,"ILCEKODU":1706,"HAVZA_ID":22,"entityId":"686","entityType":"hesStations","id":"686","name":"ÜNYE","stationId":12022160,"basinId":22,"status":"no_data","color":"#94a3b8","radius":7}},{"type":"Feature","id":"687","geometry":{"type":"Point","coordinates":[37.553890000000024,41.00834000000003]},"properties":{"OBJECTID":687,"IstNo":12022161,"SuAdi":"ILICA DERE","IstAdi":"KILIÇLI","BolgeNo":7,"ILKODU":52,"ILCEKODU":1328,"HAVZA_ID":22,"entityId":"687","entityType":"hesStations","id":"687","name":"KILIÇLI","stationId":12022161,"basinId":22,"status":"no_data","color":"#94a3b8","radius":7}},{"type":"Feature","id":"688","geometry":{"type":"Point","coordinates":[40.25472000000008,40.429440000000056]},"properties":{"OBJECTID":688,"IstNo":12023003,"SuAdi":"ÇENGÜL D.","IstAdi":"ERİKDİBİ","BolgeNo":22,"ILKODU":69,"ILCEKODU":1767,"HAVZA_ID":23,"entityId":"688","entityType":"hesStations","id":"688","name":"ERİKDİBİ","stationId":12023003,"basinId":23,"status":"no_data","color":"#94a3b8","radius":7}},{"type":"Feature","id":"689","geometry":{"type":"Point","coordinates":[40.063060000000064,40.402780000000064]},"properties":{"OBJECTID":689,"IstNo":12023028,"SuAdi":"BÜYÜKÇAY","IstAdi":"ÇATIKSU","BolgeNo":22,"ILKODU":69,"ILCEKODU":1767,"HAVZA_ID":23,"entityId":"689","entityType":"hesStations","id":"689","name":"ÇATIKSU","stationId":12023028,"basinId":23,"status":"no_data","color":"#94a3b8","radius":7}},{"type":"Feature","id":"690","geometry":{"type":"Point","coordinates":[41.38055000000003,40.292500000000075]},"properties":{"OBJECTID":690,"IstNo":12023032,"SuAdi":"TEPE D.","IstAdi":"YELLİ TEPE","BolgeNo":8,"ILKODU":25,"ILCEKODU":1683,"HAVZA_ID":23,"entityId":"690","entityType":"hesStations","id":"690","name":"YELLİ TEPE","stationId":12023032,"basinId":23,"status":"no_data","color":"#94a3b8","radius":7}},{"type":"Feature","id":"691","geometry":{"type":"Point","coordinates":[41.86002000000008,40.27102000000008]},"properties":{"OBJECTID":691,"IstNo":12023037,"SuAdi":"BAŞKALE Ç.","IstAdi":"YANIKTAŞ","BolgeNo":8,"ILKODU":25,"ILCEKODU":1540,"HAVZA_ID":23,"entityId":"691","entityType":"hesStations","id":"691","name":"YANIKTAŞ","stationId":12023037,"basinId":23,"status":"no_data","color":"#94a3b8","radius":7}},{"type":"Feature","id":"692","geometry":{"type":"Point","coordinates":[41.51583000000005,40.50139000000007]},"properties":{"OBJECTID":692,"IstNo":12023040,"SuAdi":"TORTUM Ç.","IstAdi":"DİKYAR","BolgeNo":8,"ILKODU":25,"ILCEKODU":1851,"HAVZA_ID":23,"entityId":"692","entityType":"hesStations","id":"692","name":"DİKYAR","stationId":12023040,"basinId":23,"status":"no_data","color":"#94a3b8","radius":7}},{"type":"Feature","id":"693","geometry":{"type":"Point","coordinates":[41.472300000000075,40.34342000000004]},"properties":{"OBJECTID":693,"IstNo":12023041,"SuAdi":"ESENDORUK ","IstAdi":"TORTUMKALE","BolgeNo":8,"ILKODU":25,"ILCEKODU":1683,"HAVZA_ID":23,"entityId":"693","entityType":"hesStations","id":"693","name":"TORTUMKALE","stationId":12023041,"basinId":23,"status":"no_data","color":"#94a3b8","radius":7}},{"type":"Feature","id":"694","geometry":{"type":"Point","coordinates":[42.351350000000025,40.42871000000008]},"properties":{"OBJECTID":694,"IstNo":12023046,"SuAdi":"BARDIZ Ç.","IstAdi":"GAZİLER","BolgeNo":8,"ILKODU":25,"ILCEKODU":1657,"HAVZA_ID":23,"entityId":"694","entityType":"hesStations","id":"694","name":"GAZİLER","stationId":12023046,"basinId":23,"status":"no_data","color":"#94a3b8","radius":7}},{"type":"Feature","id":"695","geometry":{"type":"Point","coordinates":[42.060550000000035,41.131110000000035]},"properties":{"OBJECTID":695,"IstNo":12023047,"SuAdi":"CEHENNEM D.","IstAdi":"ARDANUÇ","BolgeNo":26,"ILKODU":8,"ILCEKODU":1145,"HAVZA_ID":23,"entityId":"695","entityType":"hesStations","id":"695","name":"ARDANUÇ","stationId":12023047,"basinId":23,"status":"no_data","color":"#94a3b8","radius":7}},{"type":"Feature","id":"696","geometry":{"type":"Point","coordinates":[40.787780000000055,40.27555000000007]},"properties":{"OBJECTID":696,"IstNo":12023048,"SuAdi":"ÇORUH Ç.","IstAdi":"DEĞİRMENLİ","BolgeNo":8,"ILKODU":25,"ILCEKODU":1416,"HAVZA_ID":23,"entityId":"696","entityType":"hesStations","id":"696","name":"DEĞİRMENLİ","stationId":12023048,"basinId":23,"status":"no_data","color":"#94a3b8","radius":7}},{"type":"Feature","id":"697","geometry":{"type":"Point","coordinates":[41.568610000000035,41.38861000000003]},"properties":{"OBJECTID":697,"IstNo":12023051,"SuAdi":"ÇIKALA D.","IstAdi":"ÇİFTE KÖPRÜ","BolgeNo":26,"ILKODU":8,"ILCEKODU":1202,"HAVZA_ID":23,"entityId":"697","entityType":"hesStations","id":"697","name":"ÇİFTE KÖPRÜ","stationId":12023051,"basinId":23,"status":"no_data","color":"#94a3b8","radius":7}},{"type":"Feature","id":"698","geometry":{"type":"Point","coordinates":[41.50834000000003,40.93472000000003]},"properties":{"OBJECTID":698,"IstNo":12023052,"SuAdi":"PARHAL ÇAYI","IstAdi":"LİVANEDERE","BolgeNo":26,"ILKODU":8,"ILCEKODU":1736,"HAVZA_ID":23,"entityId":"698","entityType":"hesStations","id":"698","name":"LİVANEDERE","stationId":12023052,"basinId":23,"status":"no_data","color":"#94a3b8","radius":7}},{"type":"Feature","id":"699","geometry":{"type":"Point","coordinates":[41.60305000000005,40.730000000000075]},"properties":{"OBJECTID":699,"IstNo":12023053,"SuAdi":"OLTU SUYU","IstAdi":"MORKAYA","BolgeNo":26,"ILKODU":8,"ILCEKODU":1736,"HAVZA_ID":23,"entityId":"699","entityType":"hesStations","id":"699","name":"MORKAYA","stationId":12023053,"basinId":23,"status":"no_data","color":"#94a3b8","radius":7}},{"type":"Feature","id":"700","geometry":{"type":"Point","coordinates":[43.84722000000005,40.042500000000075]},"properties":{"OBJECTID":700,"IstNo":12024004,"SuAdi":"ARAS N.","IstAdi":"SERDARABAT REG. (DOĞU)","BolgeNo":24,"ILKODU":76,"ILCEKODU":1398,"HAVZA_ID":24,"entityId":"700","entityType":"hesStations","id":"700","name":"SERDARABAT REG. (DOĞU)","stationId":12024004,"basinId":24,"status":"no_data","color":"#94a3b8","radius":7}},{"type":"Feature","id":"701","geometry":{"type":"Point","coordinates":[43.84722000000005,40.042500000000075]},"properties":{"OBJECTID":701,"IstNo":12024004,"SuAdi":"ARAS N.","IstAdi":"SERDARABAT REG. DOĞU IĞDIR ANAKANAL","BolgeNo":24,"ILKODU":76,"ILCEKODU":1398,"HAVZA_ID":24,"entityId":"701","entityType":"hesStations","id":"701","name":"SERDARABAT REG. DOĞU IĞDIR ANAKANAL","stationId":12024004,"basinId":24,"status":"no_data","color":"#94a3b8","radius":7}},{"type":"Feature","id":"702","geometry":{"type":"Point","coordinates":[43.62778000000003,40.738890000000026]},"properties":{"OBJECTID":702,"IstNo":12024009,"SuAdi":"KARAHAN Ç.","IstAdi":"AKYAKA","BolgeNo":24,"ILKODU":36,"ILCEKODU":1756,"HAVZA_ID":24,"entityId":"702","entityType":"hesStations","id":"702","name":"AKYAKA","stationId":12024009,"basinId":24,"status":"no_data","color":"#94a3b8","radius":7}},{"type":"Feature","id":"703","geometry":{"type":"Point","coordinates":[43.55305000000004,40.73444000000006]},"properties":{"OBJECTID":703,"IstNo":12024010,"SuAdi":"KARS Ç.","IstAdi":"ŞAHNALAR","BolgeNo":24,"ILKODU":36,"ILCEKODU":1756,"HAVZA_ID":24,"entityId":"703","entityType":"hesStations","id":"703","name":"ŞAHNALAR","stationId":12024010,"basinId":24,"status":"no_data","color":"#94a3b8","radius":7}},{"type":"Feature","id":"704","geometry":{"type":"Point","coordinates":[43.84722000000005,40.042500000000075]},"properties":{"OBJECTID":704,"IstNo":12024013,"SuAdi":"ARAS N.","IstAdi":"SERDARABAT REG. (BATI)","BolgeNo":24,"ILKODU":76,"ILCEKODU":1398,"HAVZA_ID":24,"entityId":"704","entityType":"hesStations","id":"704","name":"SERDARABAT REG. (BATI)","stationId":12024013,"basinId":24,"status":"no_data","color":"#94a3b8","radius":7}},{"type":"Feature","id":"705","geometry":{"type":"Point","coordinates":[43.84722000000005,40.042500000000075]},"properties":{"OBJECTID":705,"IstNo":12024013,"SuAdi":"ARAS N.","IstAdi":"SERDARABAT REG. BATI IĞDIR ANAKANAL","BolgeNo":24,"ILKODU":76,"ILCEKODU":1398,"HAVZA_ID":24,"entityId":"705","entityType":"hesStations","id":"705","name":"SERDARABAT REG. BATI IĞDIR ANAKANAL","stationId":12024013,"basinId":24,"status":"no_data","color":"#94a3b8","radius":7}},{"type":"Feature","id":"706","geometry":{"type":"Point","coordinates":[42.84833000000003,41.19778000000008]},"properties":{"OBJECTID":706,"IstNo":12024018,"SuAdi":"KANTARLI Ç.","IstAdi":"ÇAYAĞZI","BolgeNo":24,"ILKODU":75,"ILCEKODU":1380,"HAVZA_ID":24,"entityId":"706","entityType":"hesStations","id":"706","name":"ÇAYAĞZI","stationId":12024018,"basinId":24,"status":"no_data","color":"#94a3b8","radius":7}},{"type":"Feature","id":"707","geometry":{"type":"Point","coordinates":[43.783330000000035,40.066670000000045]},"properties":{"OBJECTID":707,"IstNo":12024020,"SuAdi":"ARAS N.","IstAdi":"SÜRMELİ","BolgeNo":24,"ILKODU":76,"ILCEKODU":1692,"HAVZA_ID":24,"entityId":"707","entityType":"hesStations","id":"707","name":"SÜRMELİ","stationId":12024020,"basinId":24,"status":"no_data","color":"#94a3b8","radius":7}},{"type":"Feature","id":"708","geometry":{"type":"Point","coordinates":[42.71833000000004,40.39695000000006]},"properties":{"OBJECTID":708,"IstNo":12024022,"SuAdi":"GÜNEY D.","IstAdi":"TANSUK","BolgeNo":24,"ILKODU":36,"ILCEKODU":1601,"HAVZA_ID":24,"entityId":"708","entityType":"hesStations","id":"708","name":"TANSUK","stationId":12024022,"basinId":24,"status":"no_data","color":"#94a3b8","radius":7}},{"type":"Feature","id":"709","geometry":{"type":"Point","coordinates":[43.63334000000003,40.616660000000024]},"properties":{"OBJECTID":709,"IstNo":12024024,"SuAdi":"TAZEKENT S.","IstAdi":"TAZEKENT","BolgeNo":24,"ILKODU":36,"ILCEKODU":1447,"HAVZA_ID":24,"entityId":"709","entityType":"hesStations","id":"709","name":"TAZEKENT","stationId":12024024,"basinId":24,"status":"no_data","color":"#94a3b8","radius":7}},{"type":"Feature","id":"710","geometry":{"type":"Point","coordinates":[43.64250000000004,40.53917000000007]},"properties":{"OBJECTID":710,"IstNo":12024027,"SuAdi":"ARPAÇAY","IstAdi":"KIZILAY (AHMET ŞAHAN)","BolgeNo":24,"ILKODU":36,"ILCEKODU":1447,"HAVZA_ID":24,"entityId":"710","entityType":"hesStations","id":"710","name":"KIZILAY (AHMET ŞAHAN)","stationId":12024027,"basinId":24,"status":"no_data","color":"#94a3b8","radius":7}},{"type":"Feature","id":"711","geometry":{"type":"Point","coordinates":[42.71167000000003,40.50972000000007]},"properties":{"OBJECTID":711,"IstNo":12024028,"SuAdi":"KEKEÇ S.","IstAdi":"ESKİGEÇİT","BolgeNo":24,"ILKODU":36,"ILCEKODU":1614,"HAVZA_ID":24,"entityId":"711","entityType":"hesStations","id":"711","name":"ESKİGEÇİT","stationId":12024028,"basinId":24,"status":"no_data","color":"#94a3b8","radius":7}},{"type":"Feature","id":"712","geometry":{"type":"Point","coordinates":[41.618670000000066,39.898000000000025]},"properties":{"OBJECTID":712,"IstNo":12024040,"SuAdi":"MASAT D.","IstAdi":"BULKASIM","BolgeNo":8,"ILKODU":25,"ILCEKODU":1567,"HAVZA_ID":24,"entityId":"712","entityType":"hesStations","id":"712","name":"BULKASIM","stationId":12024040,"basinId":24,"status":"no_data","color":"#94a3b8","radius":7}},{"type":"Feature","id":"713","geometry":{"type":"Point","coordinates":[41.82917000000003,39.954440000000034]},"properties":{"OBJECTID":713,"IstNo":12024042,"SuAdi":"HASANKALE Ç.","IstAdi":"EĞİRMEZ","BolgeNo":8,"ILKODU":25,"ILCEKODU":1967,"HAVZA_ID":24,"entityId":"713","entityType":"hesStations","id":"713","name":"EĞİRMEZ","stationId":12024042,"basinId":24,"status":"no_data","color":"#94a3b8","radius":7}},{"type":"Feature","id":"714","geometry":{"type":"Point","coordinates":[43.338610000000074,40.44111000000004]},"properties":{"OBJECTID":714,"IstNo":12024048,"SuAdi":"DİGOR S.","IstAdi":"GÜLHAYRAN","BolgeNo":24,"ILKODU":36,"ILCEKODU":1279,"HAVZA_ID":24,"entityId":"714","entityType":"hesStations","id":"714","name":"GÜLHAYRAN","stationId":12024048,"basinId":24,"status":"no_data","color":"#94a3b8","radius":7}},{"type":"Feature","id":"715","geometry":{"type":"Point","coordinates":[43.47611000000006,40.35444000000007]},"properties":{"OBJECTID":715,"IstNo":12024049,"SuAdi":"DİGOR S.","IstAdi":"HİSARÖNÜ","BolgeNo":24,"ILKODU":36,"ILCEKODU":1279,"HAVZA_ID":24,"entityId":"715","entityType":"hesStations","id":"715","name":"HİSARÖNÜ","stationId":12024049,"basinId":24,"status":"no_data","color":"#94a3b8","radius":7}},{"type":"Feature","id":"716","geometry":{"type":"Point","coordinates":[44.18111000000005,39.57278000000008]},"properties":{"OBJECTID":716,"IstNo":12024052,"SuAdi":"SARISU","IstAdi":"TOPÇATAN ","BolgeNo":8,"ILKODU":4,"ILCEKODU":1287,"HAVZA_ID":24,"entityId":"716","entityType":"hesStations","id":"716","name":"TOPÇATAN ","stationId":12024052,"basinId":24,"status":"no_data","color":"#94a3b8","radius":7}},{"type":"Feature","id":"717","geometry":{"type":"Point","coordinates":[42.485550000000046,41.071390000000065]},"properties":{"OBJECTID":717,"IstNo":12024053,"SuAdi":"KURA N.","IstAdi":"ÇATALKÖPRÜ","BolgeNo":24,"ILKODU":75,"ILCEKODU":1144,"HAVZA_ID":24,"entityId":"717","entityType":"hesStations","id":"717","name":"ÇATALKÖPRÜ","stationId":12024053,"basinId":24,"status":"no_data","color":"#94a3b8","radius":7}},{"type":"Feature","id":"718","geometry":{"type":"Point","coordinates":[43.59639000000004,40.35417000000007]},"properties":{"OBJECTID":718,"IstNo":12024061,"SuAdi":"ARPAÇAY","IstAdi":"GÜVEN","BolgeNo":24,"ILKODU":36,"ILCEKODU":1279,"HAVZA_ID":24,"entityId":"718","entityType":"hesStations","id":"718","name":"GÜVEN","stationId":12024061,"basinId":24,"status":"no_data","color":"#94a3b8","radius":7}},{"type":"Feature","id":"719","geometry":{"type":"Point","coordinates":[43.660000000000025,40.15222000000006]},"properties":{"OBJECTID":719,"IstNo":12024062,"SuAdi":"ARPAÇAY","IstAdi":"HALIKIŞLAK","BolgeNo":24,"ILKODU":36,"ILCEKODU":null,"HAVZA_ID":24,"entityId":"719","entityType":"hesStations","id":"719","name":"HALIKIŞLAK","stationId":12024062,"basinId":24,"status":"no_data","color":"#94a3b8","radius":7}},{"type":"Feature","id":"720","geometry":{"type":"Point","coordinates":[42.79389000000003,41.238890000000026]},"properties":{"OBJECTID":720,"IstNo":12024063,"SuAdi":"COT S.","IstAdi":"KOYUNPINARI","BolgeNo":24,"ILKODU":75,"ILCEKODU":1380,"HAVZA_ID":24,"entityId":"720","entityType":"hesStations","id":"720","name":"KOYUNPINARI","stationId":12024063,"basinId":24,"status":"no_data","color":"#94a3b8","radius":7}},{"type":"Feature","id":"721","geometry":{"type":"Point","coordinates":[43.40611000000007,40.328610000000026]},"properties":{"OBJECTID":721,"IstNo":12024064,"SuAdi":"HERÇİKLİ D.","IstAdi":"VARLI","BolgeNo":24,"ILKODU":36,"ILCEKODU":1279,"HAVZA_ID":24,"entityId":"721","entityType":"hesStations","id":"721","name":"VARLI","stationId":12024064,"basinId":24,"status":"no_data","color":"#94a3b8","radius":7}},{"type":"Feature","id":"722","geometry":{"type":"Point","coordinates":[42.660000000000025,40.77750000000003]},"properties":{"OBJECTID":722,"IstNo":12024065,"SuAdi":"TÜRKMEN D.","IstAdi":"SENEMOĞLU","BolgeNo":24,"ILKODU":75,"ILCEKODU":1356,"HAVZA_ID":24,"entityId":"722","entityType":"hesStations","id":"722","name":"SENEMOĞLU","stationId":12024065,"basinId":24,"status":"no_data","color":"#94a3b8","radius":7}},{"type":"Feature","id":"723","geometry":{"type":"Point","coordinates":[43.676390000000026,40.09889000000004]},"properties":{"OBJECTID":723,"IstNo":12024066,"SuAdi":"ARAS N.","IstAdi":"HALİMCAN KARAKOLU","BolgeNo":24,"ILKODU":76,"ILCEKODU":1692,"HAVZA_ID":24,"entityId":"723","entityType":"hesStations","id":"723","name":"HALİMCAN KARAKOLU","stationId":12024066,"basinId":24,"status":"no_data","color":"#94a3b8","radius":7}},{"type":"Feature","id":"724","geometry":{"type":"Point","coordinates":[42.66500000000008,40.37056000000007]},"properties":{"OBJECTID":724,"IstNo":12024069,"SuAdi":"SARIKAMIŞ S.","IstAdi":"YAĞBASAN","BolgeNo":24,"ILKODU":36,"ILCEKODU":1601,"HAVZA_ID":24,"entityId":"724","entityType":"hesStations","id":"724","name":"YAĞBASAN","stationId":12024069,"basinId":24,"status":"no_data","color":"#94a3b8","radius":7}},{"type":"Feature","id":"725","geometry":{"type":"Point","coordinates":[43.12695000000008,40.78083000000004]},"properties":{"OBJECTID":725,"IstNo":12024070,"SuAdi":"SUSUZ D.","IstAdi":"SUSUZ","BolgeNo":24,"ILKODU":36,"ILCEKODU":1645,"HAVZA_ID":24,"entityId":"725","entityType":"hesStations","id":"725","name":"SUSUZ","stationId":12024070,"basinId":24,"status":"no_data","color":"#94a3b8","radius":7}},{"type":"Feature","id":"726","geometry":{"type":"Point","coordinates":[42.68778000000003,40.48472000000004]},"properties":{"OBJECTID":726,"IstNo":12024073,"SuAdi":"KATRANLI Ç.","IstAdi":"BÖLÜKBAŞI","BolgeNo":24,"ILKODU":36,"ILCEKODU":1614,"HAVZA_ID":24,"entityId":"726","entityType":"hesStations","id":"726","name":"BÖLÜKBAŞI","stationId":12024073,"basinId":24,"status":"no_data","color":"#94a3b8","radius":7}},{"type":"Feature","id":"727","geometry":{"type":"Point","coordinates":[42.678330000000074,40.401670000000024]},"properties":{"OBJECTID":727,"IstNo":12024074,"SuAdi":"ÇUBUK D.","IstAdi":"ÇATAK","BolgeNo":24,"ILKODU":36,"ILCEKODU":1601,"HAVZA_ID":24,"entityId":"727","entityType":"hesStations","id":"727","name":"ÇATAK","stationId":12024074,"basinId":24,"status":"no_data","color":"#94a3b8","radius":7}},{"type":"Feature","id":"728","geometry":{"type":"Point","coordinates":[43.606670000000065,39.91444000000007]},"properties":{"OBJECTID":728,"IstNo":12024078,"SuAdi":"ACIÇAY","IstAdi":"HAMURKESEN","BolgeNo":24,"ILKODU":76,"ILCEKODU":1692,"HAVZA_ID":24,"entityId":"728","entityType":"hesStations","id":"728","name":"HAMURKESEN","stationId":12024078,"basinId":24,"status":"no_data","color":"#94a3b8","radius":7}},{"type":"Feature","id":"729","geometry":{"type":"Point","coordinates":[42.741660000000024,41.499720000000025]},"properties":{"OBJECTID":729,"IstNo":12024080,"SuAdi":"POSOF Ç.","IstAdi":"POSOF","BolgeNo":24,"ILKODU":75,"ILCEKODU":1579,"HAVZA_ID":24,"entityId":"729","entityType":"hesStations","id":"729","name":"POSOF","stationId":12024080,"basinId":24,"status":"no_data","color":"#94a3b8","radius":7}},{"type":"Feature","id":"730","geometry":{"type":"Point","coordinates":[42.24861000000004,40.12667000000005]},"properties":{"OBJECTID":730,"IstNo":12024083,"SuAdi":"SÜNGÜTAŞ D.","IstAdi":"ÇERMİK","BolgeNo":8,"ILKODU":25,"ILCEKODU":1396,"HAVZA_ID":24,"entityId":"730","entityType":"hesStations","id":"730","name":"ÇERMİK","stationId":12024083,"basinId":24,"status":"no_data","color":"#94a3b8","radius":7}},{"type":"Feature","id":"731","geometry":{"type":"Point","coordinates":[42.840280000000064,41.23222000000004]},"properties":{"OBJECTID":731,"IstNo":12024086,"SuAdi":"HANAK Ç.","IstAdi":"HANAK (AVCILAR)","BolgeNo":24,"ILKODU":75,"ILCEKODU":1380,"HAVZA_ID":24,"entityId":"731","entityType":"hesStations","id":"731","name":"HANAK (AVCILAR)","stationId":12024086,"basinId":24,"status":"no_data","color":"#94a3b8","radius":7}},{"type":"Feature","id":"732","geometry":{"type":"Point","coordinates":[43.14528000000007,40.175830000000076]},"properties":{"OBJECTID":732,"IstNo":12024087,"SuAdi":"DEĞİRMEN D.","IstAdi":"KAĞIZMAN","BolgeNo":24,"ILKODU":36,"ILCEKODU":1424,"HAVZA_ID":24,"entityId":"732","entityType":"hesStations","id":"732","name":"KAĞIZMAN","stationId":12024087,"basinId":24,"status":"no_data","color":"#94a3b8","radius":7}},{"type":"Feature","id":"733","geometry":{"type":"Point","coordinates":[42.973610000000065,40.458060000000046]},"properties":{"OBJECTID":733,"IstNo":12024088,"SuAdi":"KARS Ç.","IstAdi":"ALABALIK REG.","BolgeNo":24,"ILKODU":36,"ILCEKODU":1447,"HAVZA_ID":24,"entityId":"733","entityType":"hesStations","id":"733","name":"ALABALIK REG.","stationId":12024088,"basinId":24,"status":"no_data","color":"#94a3b8","radius":7}},{"type":"Feature","id":"734","geometry":{"type":"Point","coordinates":[43.58889000000005,40.86000000000007]},"properties":{"OBJECTID":734,"IstNo":12024090,"SuAdi":"KARAHAN Ç.","IstAdi":"TAŞDERE","BolgeNo":24,"ILKODU":36,"ILCEKODU":1756,"HAVZA_ID":24,"entityId":"734","entityType":"hesStations","id":"734","name":"TAŞDERE","stationId":12024090,"basinId":24,"status":"no_data","color":"#94a3b8","radius":7}},{"type":"Feature","id":"735","geometry":{"type":"Point","coordinates":[43.09444000000008,40.61639000000008]},"properties":{"OBJECTID":735,"IstNo":12024091,"SuAdi":"KARS Ç.","IstAdi":"FAKÜLTE ÖNÜ","BolgeNo":24,"ILKODU":36,"ILCEKODU":1447,"HAVZA_ID":24,"entityId":"735","entityType":"hesStations","id":"735","name":"FAKÜLTE ÖNÜ","stationId":12024091,"basinId":24,"status":"no_data","color":"#94a3b8","radius":7}},{"type":"Feature","id":"736","geometry":{"type":"Point","coordinates":[42.99333000000007,40.22639000000004]},"properties":{"OBJECTID":736,"IstNo":12024095,"SuAdi":"KÖTEK Ç.","IstAdi":"KÖTEK","BolgeNo":24,"ILKODU":36,"ILCEKODU":1424,"HAVZA_ID":24,"entityId":"736","entityType":"hesStations","id":"736","name":"KÖTEK","stationId":12024095,"basinId":24,"status":"no_data","color":"#94a3b8","radius":7}},{"type":"Feature","id":"737","geometry":{"type":"Point","coordinates":[41.838610000000074,39.837780000000066]},"properties":{"OBJECTID":737,"IstNo":12024096,"SuAdi":"ARAS N.","IstAdi":"KAYABAŞI","BolgeNo":8,"ILKODU":25,"ILCEKODU":1967,"HAVZA_ID":24,"entityId":"737","entityType":"hesStations","id":"737","name":"KAYABAŞI","stationId":12024096,"basinId":24,"status":"no_data","color":"#94a3b8","radius":7}},{"type":"Feature","id":"738","geometry":{"type":"Point","coordinates":[42.588610000000074,41.175830000000076]},"properties":{"OBJECTID":738,"IstNo":12024098,"SuAdi":"ÇATALDERE","IstAdi":"DEĞİRMENLİ","BolgeNo":24,"ILKODU":75,"ILCEKODU":1144,"HAVZA_ID":24,"entityId":"738","entityType":"hesStations","id":"738","name":"DEĞİRMENLİ","stationId":12024098,"basinId":24,"status":"no_data","color":"#94a3b8","radius":7}},{"type":"Feature","id":"739","geometry":{"type":"Point","coordinates":[43.26805000000007,40.941940000000045]},"properties":{"OBJECTID":739,"IstNo":12024102,"SuAdi":"LAVAŞ GÖLÜ","IstAdi":"BATI DERİVASYONU","BolgeNo":24,"ILKODU":75,"ILCEKODU":1149,"HAVZA_ID":24,"entityId":"739","entityType":"hesStations","id":"739","name":"BATI DERİVASYONU","stationId":12024102,"basinId":24,"status":"no_data","color":"#94a3b8","radius":7}},{"type":"Feature","id":"740","geometry":{"type":"Point","coordinates":[43.331390000000056,41.05972000000003]},"properties":{"OBJECTID":740,"IstNo":12024103,"SuAdi":"ALABALIK DERE","IstAdi":"DOĞRUYOL","BolgeNo":24,"ILKODU":75,"ILCEKODU":1149,"HAVZA_ID":24,"entityId":"740","entityType":"hesStations","id":"740","name":"DOĞRUYOL","stationId":12024103,"basinId":24,"status":"no_data","color":"#94a3b8","radius":7}},{"type":"Feature","id":"741","geometry":{"type":"Point","coordinates":[43.121110000000044,38.30695000000003]},"properties":{"OBJECTID":741,"IstNo":12025021,"SuAdi":"GEVAŞ S.","IstAdi":"GEVAŞ","BolgeNo":17,"ILKODU":65,"ILCEKODU":1350,"HAVZA_ID":25,"entityId":"741","entityType":"hesStations","id":"741","name":"GEVAŞ","stationId":12025021,"basinId":25,"status":"no_data","color":"#94a3b8","radius":7}},{"type":"Feature","id":"742","geometry":{"type":"Point","coordinates":[44.31250000000006,38.499720000000025]},"properties":{"OBJECTID":742,"IstNo":12025037,"SuAdi":"ÇAYBAĞI D.","IstAdi":"KAPIKÖY","BolgeNo":17,"ILKODU":65,"ILCEKODU":1980,"HAVZA_ID":25,"entityId":"742","entityType":"hesStations","id":"742","name":"KAPIKÖY","stationId":12025037,"basinId":25,"status":"no_data","color":"#94a3b8","radius":7}},{"type":"Feature","id":"743","geometry":{"type":"Point","coordinates":[42.997780000000034,38.30194000000006]},"properties":{"OBJECTID":743,"IstNo":12025038,"SuAdi":"GEVAŞ Ç.","IstAdi":"GÜZELKONAK","BolgeNo":17,"ILKODU":65,"ILCEKODU":1350,"HAVZA_ID":25,"entityId":"743","entityType":"hesStations","id":"743","name":"GÜZELKONAK","stationId":12025038,"basinId":25,"status":"no_data","color":"#94a3b8","radius":7}},{"type":"Feature","id":"744","geometry":{"type":"Point","coordinates":[43.24273000000005,38.60352000000006]},"properties":{"OBJECTID":744,"IstNo":12025039,"SuAdi":"KARASU","IstAdi":"MERMİT KÖYÜ","BolgeNo":17,"ILKODU":65,"ILCEKODU":2099,"HAVZA_ID":25,"entityId":"744","entityType":"hesStations","id":"744","name":"MERMİT KÖYÜ","stationId":12025039,"basinId":25,"status":"no_data","color":"#94a3b8","radius":7}},{"type":"Feature","id":"745","geometry":{"type":"Point","coordinates":[42.34528000000006,38.446390000000065]},"properties":{"OBJECTID":745,"IstNo":12025040,"SuAdi":"KOTUM Ç.","IstAdi":"TATVAN","BolgeNo":17,"ILKODU":13,"ILCEKODU":1669,"HAVZA_ID":21,"entityId":"745","entityType":"hesStations","id":"745","name":"TATVAN","stationId":12025040,"basinId":21,"status":"no_data","color":"#94a3b8","radius":7}},{"type":"Feature","id":"746","geometry":{"type":"Point","coordinates":[42.91333000000003,38.26944000000003]},"properties":{"OBJECTID":746,"IstNo":12025043,"SuAdi":"BÜYÜK D.","IstAdi":"KOÇAK KÖYÜ","BolgeNo":17,"ILKODU":65,"ILCEKODU":1350,"HAVZA_ID":25,"entityId":"746","entityType":"hesStations","id":"746","name":"KOÇAK KÖYÜ","stationId":12025043,"basinId":25,"status":"no_data","color":"#94a3b8","radius":7}},{"type":"Feature","id":"747","geometry":{"type":"Point","coordinates":[42.75028000000003,38.79500000000007]},"properties":{"OBJECTID":747,"IstNo":12025045,"SuAdi":"KASAP D.","IstAdi":"ADİLCEVAZ","BolgeNo":17,"ILKODU":13,"ILCEKODU":1106,"HAVZA_ID":25,"entityId":"747","entityType":"hesStations","id":"747","name":"ADİLCEVAZ","stationId":12025045,"basinId":25,"status":"no_data","color":"#94a3b8","radius":7}},{"type":"Feature","id":"748","geometry":{"type":"Point","coordinates":[43.76015000000007,38.340130000000045]},"properties":{"OBJECTID":748,"IstNo":12025051,"SuAdi":"GUZELSU Ç.","IstAdi":"ZERNEK 2 KÖP.","BolgeNo":17,"ILKODU":65,"ILCEKODU":1372,"HAVZA_ID":25,"entityId":"748","entityType":"hesStations","id":"748","name":"ZERNEK 2 KÖP.","stationId":12025051,"basinId":25,"status":"no_data","color":"#94a3b8","radius":7}},{"type":"Feature","id":"749","geometry":{"type":"Point","coordinates":[43.757780000000025,38.34361000000007]},"properties":{"OBJECTID":749,"IstNo":12025052,"SuAdi":"KELAN D.","IstAdi":"ZERNEK 1 KÖPRÜSÜ","BolgeNo":17,"ILKODU":65,"ILCEKODU":1372,"HAVZA_ID":25,"entityId":"749","entityType":"hesStations","id":"749","name":"ZERNEK 1 KÖPRÜSÜ","stationId":12025052,"basinId":25,"status":"no_data","color":"#94a3b8","radius":7}},{"type":"Feature","id":"750","geometry":{"type":"Point","coordinates":[43.38000000000005,38.30305000000004]},"properties":{"OBJECTID":750,"IstNo":12025053,"SuAdi":"MEJİNGIR KAYNAK ","IstAdi":"YUKARI KAYMAZ K. ","BolgeNo":17,"ILKODU":65,"ILCEKODU":1372,"HAVZA_ID":25,"entityId":"750","entityType":"hesStations","id":"750","name":"YUKARI KAYMAZ K. ","stationId":12025053,"basinId":25,"status":"no_data","color":"#94a3b8","radius":7}},{"type":"Feature","id":"751","geometry":{"type":"Point","coordinates":[40.88334000000003,37.85000000000008]},"properties":{"OBJECTID":751,"IstNo":12026012,"SuAdi":"BAŞNİK Ç.","IstAdi":"SALAT","BolgeNo":10,"ILKODU":21,"ILCEKODU":1195,"HAVZA_ID":21,"entityId":"751","entityType":"hesStations","id":"751","name":"SALAT","stationId":12026012,"basinId":21,"status":"no_data","color":"#94a3b8","radius":7}},{"type":"Feature","id":"752","geometry":{"type":"Point","coordinates":[43.05944000000005,38.00667000000004]},"properties":{"OBJECTID":752,"IstNo":12026033,"SuAdi":"ÇATAK S.","IstAdi":"ÇATAK","BolgeNo":17,"ILKODU":65,"ILCEKODU":1236,"HAVZA_ID":21,"entityId":"752","entityType":"hesStations","id":"752","name":"ÇATAK","stationId":12026033,"basinId":21,"status":"no_data","color":"#94a3b8","radius":7}},{"type":"Feature","id":"753","geometry":{"type":"Point","coordinates":[43.566670000000045,37.48333000000008]},"properties":{"OBJECTID":753,"IstNo":12026036,"SuAdi":"ZAP S.","IstAdi":"ÜZÜMCÜ KÖP.","BolgeNo":17,"ILKODU":30,"ILCEKODU":1377,"HAVZA_ID":21,"entityId":"753","entityType":"hesStations","id":"753","name":"ÜZÜMCÜ KÖP.","stationId":12026036,"basinId":21,"status":"no_data","color":"#94a3b8","radius":7}},{"type":"Feature","id":"754","geometry":{"type":"Point","coordinates":[43.57546000000008,37.26253000000003]},"properties":{"OBJECTID":754,"IstNo":12026037,"SuAdi":"ÇIĞLI S.","IstAdi":"GEYMAN KÖP.","BolgeNo":17,"ILKODU":30,"ILCEKODU":1261,"HAVZA_ID":21,"entityId":"754","entityType":"hesStations","id":"754","name":"GEYMAN KÖP.","stationId":12026037,"basinId":21,"status":"no_data","color":"#94a3b8","radius":7}},{"type":"Feature","id":"755","geometry":{"type":"Point","coordinates":[42.703610000000026,37.460830000000044]},"properties":{"OBJECTID":755,"IstNo":12026048,"SuAdi":"HEZİL ÇAYI","IstAdi":"ŞENOBA","BolgeNo":10,"ILKODU":73,"ILCEKODU":1698,"HAVZA_ID":21,"entityId":"755","entityType":"hesStations","id":"755","name":"ŞENOBA","stationId":12026048,"basinId":21,"status":"no_data","color":"#94a3b8","radius":7}},{"type":"Feature","id":"756","geometry":{"type":"Point","coordinates":[42.793330000000026,38.088610000000074]},"properties":{"OBJECTID":756,"IstNo":12026051,"SuAdi":"MÜKÜS Ç.","IstAdi":"BAHÇESARAY","BolgeNo":17,"ILKODU":65,"ILCEKODU":1770,"HAVZA_ID":21,"entityId":"756","entityType":"hesStations","id":"756","name":"BAHÇESARAY","stationId":12026051,"basinId":21,"status":"no_data","color":"#94a3b8","radius":7}},{"type":"Feature","id":"757","geometry":{"type":"Point","coordinates":[42.17805000000004,37.39695000000006]},"properties":{"OBJECTID":757,"IstNo":12026054,"SuAdi":"KIZILSU","IstAdi":"KASRİK BOĞAZI","BolgeNo":10,"ILKODU":73,"ILCEKODU":1661,"HAVZA_ID":21,"entityId":"757","entityType":"hesStations","id":"757","name":"KASRİK BOĞAZI","stationId":12026054,"basinId":21,"status":"no_data","color":"#94a3b8","radius":7}},{"type":"Feature","id":"758","geometry":{"type":"Point","coordinates":[42.97972000000004,37.916390000000035]},"properties":{"OBJECTID":758,"IstNo":12026055,"SuAdi":"ÇATAK S..","IstAdi":"DALBASTI KÖP.","BolgeNo":17,"ILKODU":65,"ILCEKODU":1236,"HAVZA_ID":21,"entityId":"758","entityType":"hesStations","id":"758","name":"DALBASTI KÖP.","stationId":12026055,"basinId":21,"status":"no_data","color":"#94a3b8","radius":7}},{"type":"Feature","id":"759","geometry":{"type":"Point","coordinates":[39.704440000000034,38.24333000000007]},"properties":{"OBJECTID":759,"IstNo":12026062,"SuAdi":"SALLAR Ç.","IstAdi":"YOLKÖPRÜ KÖYÜ","BolgeNo":10,"ILKODU":21,"ILCEKODU":1315,"HAVZA_ID":21,"entityId":"759","entityType":"hesStations","id":"759","name":"YOLKÖPRÜ KÖYÜ","stationId":12026062,"basinId":21,"status":"no_data","color":"#94a3b8","radius":7}},{"type":"Feature","id":"760","geometry":{"type":"Point","coordinates":[44.60417000000007,37.714170000000024]},"properties":{"OBJECTID":760,"IstNo":12026065,"SuAdi":"ESENDERE Ç.","IstAdi":"ESENDERE","BolgeNo":17,"ILKODU":30,"ILCEKODU":1737,"HAVZA_ID":21,"entityId":"760","entityType":"hesStations","id":"760","name":"ESENDERE","stationId":12026065,"basinId":21,"status":"no_data","color":"#94a3b8","radius":7}},{"type":"Feature","id":"761","geometry":{"type":"Point","coordinates":[42.17389000000003,37.35194000000007]},"properties":{"OBJECTID":761,"IstNo":12026067,"SuAdi":"DİCLE N.","IstAdi":"CİZRE","BolgeNo":10,"ILKODU":73,"ILCEKODU":1223,"HAVZA_ID":21,"entityId":"761","entityType":"hesStations","id":"761","name":"CİZRE","stationId":12026067,"basinId":21,"status":"no_data","color":"#94a3b8","radius":7}},{"type":"Feature","id":"762","geometry":{"type":"Point","coordinates":[42.318610000000035,37.268890000000056]},"properties":{"OBJECTID":762,"IstNo":12026068,"SuAdi":"NERDÜŞ Ç.","IstAdi":"PINARÖNÜ","BolgeNo":10,"ILKODU":73,"ILCEKODU":1223,"HAVZA_ID":21,"entityId":"762","entityType":"hesStations","id":"762","name":"PINARÖNÜ","stationId":12026068,"basinId":21,"status":"no_data","color":"#94a3b8","radius":7}},{"type":"Feature","id":"763","geometry":{"type":"Point","coordinates":[43.57583000000005,37.26305000000008]},"properties":{"OBJECTID":763,"IstNo":12026075,"SuAdi":"ZAPSUYU","IstAdi":"ÇUKURCA","BolgeNo":17,"ILKODU":30,"ILCEKODU":1261,"HAVZA_ID":21,"entityId":"763","entityType":"hesStations","id":"763","name":"ÇUKURCA","stationId":12026075,"basinId":21,"status":"no_data","color":"#94a3b8","radius":7}},{"type":"Feature","id":"764","geometry":{"type":"Point","coordinates":[44.452780000000075,37.222500000000025]},"properties":{"OBJECTID":764,"IstNo":12026076,"SuAdi":"ŞEMDİNLI Ç.","IstAdi":"YAYLAPINAR KÖP.","BolgeNo":17,"ILKODU":30,"ILCEKODU":1656,"HAVZA_ID":21,"entityId":"764","entityType":"hesStations","id":"764","name":"YAYLAPINAR KÖP.","stationId":12026076,"basinId":21,"status":"no_data","color":"#94a3b8","radius":7}},{"type":"Feature","id":"765","geometry":{"type":"Point","coordinates":[41.83889000000005,37.51583000000005]},"properties":{"OBJECTID":765,"IstNo":12026081,"SuAdi":"DİCLE N.","IstAdi":"ILISU BRJ","BolgeNo":10,"ILKODU":47,"ILCEKODU":1787,"HAVZA_ID":21,"entityId":"765","entityType":"hesStations","id":"765","name":"ILISU BRJ","stationId":12026081,"basinId":21,"status":"no_data","color":"#94a3b8","radius":7}},{"type":"Feature","id":"766","geometry":{"type":"Point","coordinates":[41.83889000000005,37.51583000000005]},"properties":{"OBJECTID":766,"IstNo":12026081,"SuAdi":"DİCLE NEHRİ","IstAdi":"ILISU BRJ","BolgeNo":10,"ILKODU":47,"ILCEKODU":1787,"HAVZA_ID":21,"entityId":"766","entityType":"hesStations","id":"766","name":"ILISU BRJ","stationId":12026081,"basinId":21,"status":"no_data","color":"#94a3b8","radius":7}},{"type":"Feature","id":"767","geometry":{"type":"Point","coordinates":[43.15250000000003,37.37056000000007]},"properties":{"OBJECTID":767,"IstNo":12026082,"SuAdi":"HABUR Ç.","IstAdi":"HABUR-2 KÖPRÜSÜ","BolgeNo":10,"ILKODU":73,"ILCEKODU":1698,"HAVZA_ID":21,"entityId":"767","entityType":"hesStations","id":"767","name":"HABUR-2 KÖPRÜSÜ","stationId":12026082,"basinId":21,"status":"no_data","color":"#94a3b8","radius":7}},{"type":"Feature","id":"768","geometry":{"type":"Point","coordinates":[43.15250000000003,37.37056000000007]},"properties":{"OBJECTID":768,"IstNo":12026082,"SuAdi":"HABUR ÇAYI","IstAdi":"HABUR-II KÖPRÜSÜ","BolgeNo":10,"ILKODU":73,"ILCEKODU":1698,"HAVZA_ID":21,"entityId":"768","entityType":"hesStations","id":"768","name":"HABUR-II KÖPRÜSÜ","stationId":12026082,"basinId":21,"status":"no_data","color":"#94a3b8","radius":7}},{"type":"Feature","id":"769","geometry":{"type":"Point","coordinates":[41.026670000000024,38.28833000000003]},"properties":{"OBJECTID":769,"IstNo":12026083,"SuAdi":"KULP  Ç.","IstAdi":"SİLVAN BRJ","BolgeNo":10,"ILKODU":21,"ILCEKODU":1490,"HAVZA_ID":21,"entityId":"769","entityType":"hesStations","id":"769","name":"SİLVAN BRJ","stationId":12026083,"basinId":21,"status":"no_data","color":"#94a3b8","radius":7}},{"type":"Feature","id":"770","geometry":{"type":"Point","coordinates":[40.89000000000004,37.56722000000008]},"properties":{"OBJECTID":770,"IstNo":12026084,"SuAdi":"SAVUR ÇAYI","IstAdi":"AHMEDİ KÖYÜ","BolgeNo":10,"ILKODU":47,"ILCEKODU":1609,"HAVZA_ID":21,"entityId":"770","entityType":"hesStations","id":"770","name":"AHMEDİ KÖYÜ","stationId":12026084,"basinId":21,"status":"no_data","color":"#94a3b8","radius":7}},{"type":"Feature","id":"771","geometry":{"type":"Point","coordinates":[41.29583000000008,38.28833000000003]},"properties":{"OBJECTID":771,"IstNo":12026085,"SuAdi":"AYDINLIK  ÇAYI","IstAdi":"SASON","BolgeNo":10,"ILKODU":72,"ILCEKODU":1607,"HAVZA_ID":21,"entityId":"771","entityType":"hesStations","id":"771","name":"SASON","stationId":12026085,"basinId":21,"status":"no_data","color":"#94a3b8","radius":7}},{"type":"Feature","id":"772","geometry":{"type":"Point","coordinates":[26.238890000000026,40.775280000000066]},"properties":{"OBJECTID":772,"IstNo":14001040,"SuAdi":"ÇELTİK GÖLÜ","IstAdi":"GALA","BolgeNo":11,"ILKODU":22,"ILCEKODU":1307,"HAVZA_ID":1,"entityId":"772","entityType":"hesStations","id":"772","name":"GALA","stationId":14001040,"basinId":1,"status":"no_data","color":"#94a3b8","radius":7}},{"type":"Feature","id":"773","geometry":{"type":"Point","coordinates":[29.69944000000004,40.40750000000003]},"properties":{"OBJECTID":773,"IstNo":14002109,"SuAdi":"İZNİK GÖLÜ","IstAdi":"İZNİK MERKEZ","BolgeNo":1,"ILKODU":16,"ILCEKODU":1420,"HAVZA_ID":2,"entityId":"773","entityType":"hesStations","id":"773","name":"İZNİK MERKEZ","stationId":14002109,"basinId":2,"status":"no_data","color":"#94a3b8","radius":7}},{"type":"Feature","id":"774","geometry":{"type":"Point","coordinates":[28.04889000000003,40.131110000000035]},"properties":{"OBJECTID":774,"IstNo":14003047,"SuAdi":"MANYAS GÖLÜ","IstAdi":"ERGİLİ REGÜLATÖR ÇIKIŞI","BolgeNo":25,"ILKODU":10,"ILCEKODU":1171,"HAVZA_ID":3,"entityId":"774","entityType":"hesStations","id":"774","name":"ERGİLİ REGÜLATÖR ÇIKIŞI","stationId":14003047,"basinId":3,"status":"no_data","color":"#94a3b8","radius":7}},{"type":"Feature","id":"775","geometry":{"type":"Point","coordinates":[27.875000000000057,40.18333000000007]},"properties":{"OBJECTID":775,"IstNo":14003093,"SuAdi":"MANYAS GÖLÜ","IstAdi":"GÖLYAKA","BolgeNo":25,"ILKODU":10,"ILCEKODU":1171,"HAVZA_ID":3,"entityId":"775","entityType":"hesStations","id":"775","name":"GÖLYAKA","stationId":14003093,"basinId":3,"status":"no_data","color":"#94a3b8","radius":7}},{"type":"Feature","id":"776","geometry":{"type":"Point","coordinates":[27.985280000000046,40.24028000000004]},"properties":{"OBJECTID":776,"IstNo":14003124,"SuAdi":"MANYAS GÖLÜ","IstAdi":"BEREKETLİ","BolgeNo":25,"ILKODU":10,"ILCEKODU":1171,"HAVZA_ID":3,"entityId":"776","entityType":"hesStations","id":"776","name":"BEREKETLİ","stationId":14003124,"basinId":3,"status":"no_data","color":"#94a3b8","radius":7}},{"type":"Feature","id":"777","geometry":{"type":"Point","coordinates":[28.025000000000034,38.32222000000007]},"properties":{"OBJECTID":777,"IstNo":14005051,"SuAdi":"GÖLCÜK GÖLÜ","IstAdi":"GÖL GÖZLEM","BolgeNo":2,"ILKODU":35,"ILCEKODU":1563,"HAVZA_ID":5,"entityId":"777","entityType":"hesStations","id":"777","name":"GÖL GÖZLEM","stationId":14005051,"basinId":5,"status":"no_data","color":"#94a3b8","radius":7}},{"type":"Feature","id":"778","geometry":{"type":"Point","coordinates":[29.828890000000058,38.215280000000064]},"properties":{"OBJECTID":778,"IstNo":14007002,"SuAdi":"IŞIKLI GÖLÜ","IstAdi":"GÖL GÖZLEM","BolgeNo":21,"ILKODU":20,"ILCEKODU":1257,"HAVZA_ID":7,"entityId":"778","entityType":"hesStations","id":"778","name":"GÖL GÖZLEM","stationId":14007002,"basinId":7,"status":"no_data","color":"#94a3b8","radius":7}},{"type":"Feature","id":"779","geometry":{"type":"Point","coordinates":[27.486110000000053,37.47667000000007]},"properties":{"OBJECTID":779,"IstNo":14007024,"SuAdi":"BAFA GÖLÜ","IstAdi":"GÖL GÖZLEM","BolgeNo":21,"ILKODU":9,"ILCEKODU":1528,"HAVZA_ID":7,"entityId":"779","entityType":"hesStations","id":"779","name":"GÖL GÖZLEM","stationId":14007024,"basinId":7,"status":"no_data","color":"#94a3b8","radius":7}},{"type":"Feature","id":"780","geometry":{"type":"Point","coordinates":[30.219720000000052,38.06389000000007]},"properties":{"OBJECTID":780,"IstNo":14007067,"SuAdi":"ÇAPALI GÖLÜ","IstAdi":"ÇAPALI GÖL GÖZLEM","BolgeNo":18,"ILKODU":3,"ILCEKODU":1281,"HAVZA_ID":7,"entityId":"780","entityType":"hesStations","id":"780","name":"ÇAPALI GÖL GÖZLEM","stationId":14007067,"basinId":7,"status":"no_data","color":"#94a3b8","radius":7}},{"type":"Feature","id":"781","geometry":{"type":"Point","coordinates":[29.663890000000038,36.691940000000045]},"properties":{"OBJECTID":781,"IstNo":14008001,"SuAdi":"GİRDEV GÖLÜ","IstAdi":"GÖL GÖZLEM","BolgeNo":21,"ILKODU":48,"ILCEKODU":2090,"HAVZA_ID":8,"entityId":"781","entityType":"hesStations","id":"781","name":"GÖL GÖZLEM","stationId":14008001,"basinId":8,"status":"no_data","color":"#94a3b8","radius":7}},{"type":"Feature","id":"782","geometry":{"type":"Point","coordinates":[30.854440000000068,37.875830000000065]},"properties":{"OBJECTID":782,"IstNo":14009009,"SuAdi":"EĞİRDİR GÖLÜ","IstAdi":"EĞİRDİR GÖL GÖZLEM","BolgeNo":18,"ILKODU":32,"ILCEKODU":1297,"HAVZA_ID":9,"entityId":"782","entityType":"hesStations","id":"782","name":"EĞİRDİR GÖL GÖZLEM","stationId":14009009,"basinId":9,"status":"no_data","color":"#94a3b8","radius":7}},{"type":"Feature","id":"783","geometry":{"type":"Point","coordinates":[30.87056000000007,37.61972000000003]},"properties":{"OBJECTID":783,"IstNo":14009017,"SuAdi":"KOVADA GÖLÜ","IstAdi":"KOVADA GÖL GÖZLEM","BolgeNo":18,"ILKODU":32,"ILCEKODU":1297,"HAVZA_ID":9,"entityId":"783","entityType":"hesStations","id":"783","name":"KOVADA GÖL GÖZLEM","stationId":14009017,"basinId":9,"status":"no_data","color":"#94a3b8","radius":7}},{"type":"Feature","id":"784","geometry":{"type":"Point","coordinates":[30.498060000000066,37.733610000000056]},"properties":{"OBJECTID":784,"IstNo":14009032,"SuAdi":"GÖLCÜK GÖLÜ","IstAdi":"GÖLCÜK GÖL GÖZLEM","BolgeNo":18,"ILKODU":32,"ILCEKODU":1401,"HAVZA_ID":9,"entityId":"784","entityType":"hesStations","id":"784","name":"GÖLCÜK GÖL GÖZLEM","stationId":14009032,"basinId":9,"status":"no_data","color":"#94a3b8","radius":7}},{"type":"Feature","id":"785","geometry":{"type":"Point","coordinates":[31.181940000000054,38.61861000000005]},"properties":{"OBJECTID":785,"IstNo":14011004,"SuAdi":"EBER GÖLÜ","IstAdi":" EBER GÖL GÖZLEM","BolgeNo":18,"ILKODU":3,"ILCEKODU":1239,"HAVZA_ID":11,"entityId":"785","entityType":"hesStations","id":"785","name":" EBER GÖL GÖZLEM","stationId":14011004,"basinId":11,"status":"no_data","color":"#94a3b8","radius":7}},{"type":"Feature","id":"786","geometry":{"type":"Point","coordinates":[30.869170000000054,38.41555000000005]},"properties":{"OBJECTID":786,"IstNo":14011011,"SuAdi":"KARAMİK GÖLÜ","IstAdi":"KARAMIK GÖL GÖZLEM","BolgeNo":18,"ILKODU":3,"ILCEKODU":1239,"HAVZA_ID":11,"entityId":"786","entityType":"hesStations","id":"786","name":"KARAMIK GÖL GÖZLEM","stationId":14011011,"basinId":11,"status":"no_data","color":"#94a3b8","radius":7}},{"type":"Feature","id":"787","geometry":{"type":"Point","coordinates":[27.833330000000046,37.833330000000046]},"properties":{"OBJECTID":787,"IstNo":14012005,"SuAdi":"BALIKDAMI GÖLÜ","IstAdi":"SAKARYA","BolgeNo":3,"ILKODU":26,"ILCEKODU":2076,"HAVZA_ID":7,"entityId":"787","entityType":"hesStations","id":"787","name":"SAKARYA","stationId":14012005,"basinId":7,"status":"no_data","color":"#94a3b8","radius":7}},{"type":"Feature","id":"788","geometry":{"type":"Point","coordinates":[32.80472000000003,39.779450000000054]},"properties":{"OBJECTID":788,"IstNo":14012013,"SuAdi":"MOGAN GÖLÜ","IstAdi":"GÖLBAŞI","BolgeNo":5,"ILKODU":6,"ILCEKODU":1744,"HAVZA_ID":12,"entityId":"788","entityType":"hesStations","id":"788","name":"GÖLBAŞI","stationId":14012013,"basinId":12,"status":"no_data","color":"#94a3b8","radius":7}},{"type":"Feature","id":"789","geometry":{"type":"Point","coordinates":[32.846940000000075,39.829720000000066]},"properties":{"OBJECTID":789,"IstNo":14012014,"SuAdi":"EYMİR GÖLÜ","IstAdi":"ODTÜ EYMİR GÖLÜ TESISLERI","BolgeNo":5,"ILKODU":6,"ILCEKODU":1231,"HAVZA_ID":12,"entityId":"789","entityType":"hesStations","id":"789","name":"ODTÜ EYMİR GÖLÜ TESISLERI","stationId":14012014,"basinId":12,"status":"no_data","color":"#94a3b8","radius":7}},{"type":"Feature","id":"790","geometry":{"type":"Point","coordinates":[32.739720000000034,39.88139000000007]},"properties":{"OBJECTID":790,"IstNo":14012042,"SuAdi":"BEYTEPE GÖLETİ","IstAdi":"BEYTEPE","BolgeNo":5,"ILKODU":6,"ILCEKODU":1231,"HAVZA_ID":12,"entityId":"790","entityType":"hesStations","id":"790","name":"BEYTEPE","stationId":14012042,"basinId":12,"status":"no_data","color":"#94a3b8","radius":7}},{"type":"Feature","id":"791","geometry":{"type":"Point","coordinates":[30.293330000000026,40.73778000000004]},"properties":{"OBJECTID":791,"IstNo":14012133,"SuAdi":"SAPANCA GÖLÜ","IstAdi":"GÖL GÖZLEM","BolgeNo":3,"ILKODU":54,"ILCEKODU":2071,"HAVZA_ID":12,"entityId":"791","entityType":"hesStations","id":"791","name":"GÖL GÖZLEM","stationId":14012133,"basinId":12,"status":"no_data","color":"#94a3b8","radius":7}},{"type":"Feature","id":"792","geometry":{"type":"Point","coordinates":[31.05750000000006,40.75500000000005]},"properties":{"OBJECTID":792,"IstNo":14013001,"SuAdi":"EFTENİ GÖLÜ","IstAdi":"EFTENİ ","BolgeNo":5,"ILKODU":81,"ILCEKODU":1292,"HAVZA_ID":13,"entityId":"792","entityType":"hesStations","id":"792","name":"EFTENİ ","stationId":14013001,"basinId":13,"status":"no_data","color":"#94a3b8","radius":7}},{"type":"Feature","id":"793","geometry":{"type":"Point","coordinates":[32.02111000000008,40.77472000000006]},"properties":{"OBJECTID":793,"IstNo":14013028,"SuAdi":"YENİÇAĞA GÖLÜ","IstAdi":"YENİÇAĞA","BolgeNo":5,"ILKODU":14,"ILCEKODU":1997,"HAVZA_ID":13,"entityId":"793","entityType":"hesStations","id":"793","name":"YENİÇAĞA","stationId":14013028,"basinId":13,"status":"no_data","color":"#94a3b8","radius":7}},{"type":"Feature","id":"794","geometry":{"type":"Point","coordinates":[36.02028000000007,40.919170000000065]},"properties":{"OBJECTID":794,"IstNo":14014006,"SuAdi":"LADİK GÖLÜ","IstAdi":"LADİK","BolgeNo":7,"ILKODU":55,"ILCEKODU":1501,"HAVZA_ID":14,"entityId":"794","entityType":"hesStations","id":"794","name":"LADİK","stationId":14014006,"basinId":14,"status":"no_data","color":"#94a3b8","radius":7}},{"type":"Feature","id":"795","geometry":{"type":"Point","coordinates":[36.065000000000055,41.65750000000003]},"properties":{"OBJECTID":795,"IstNo":14015001,"SuAdi":"CERNEK GÖLÜ","IstAdi":"BAFRA","BolgeNo":7,"ILKODU":55,"ILCEKODU":1164,"HAVZA_ID":15,"entityId":"795","entityType":"hesStations","id":"795","name":"BAFRA","stationId":14015001,"basinId":15,"status":"no_data","color":"#94a3b8","radius":7}},{"type":"Feature","id":"796","geometry":{"type":"Point","coordinates":[35.80472000000003,41.67861000000005]},"properties":{"OBJECTID":796,"IstNo":14015002,"SuAdi":"KARABOĞAZ GÖLÜ","IstAdi":"BAFRA","BolgeNo":7,"ILKODU":55,"ILCEKODU":1164,"HAVZA_ID":15,"entityId":"796","entityType":"hesStations","id":"796","name":"BAFRA","stationId":14015002,"basinId":15,"status":"no_data","color":"#94a3b8","radius":7}},{"type":"Feature","id":"797","geometry":{"type":"Point","coordinates":[36.01972000000006,41.68889000000007]},"properties":{"OBJECTID":797,"IstNo":14015003,"SuAdi":"LİMAN GÖLÜ","IstAdi":"BAFRA","BolgeNo":7,"ILKODU":55,"ILCEKODU":1164,"HAVZA_ID":15,"entityId":"797","entityType":"hesStations","id":"797","name":"BAFRA","stationId":14015003,"basinId":15,"status":"no_data","color":"#94a3b8","radius":7}},{"type":"Feature","id":"798","geometry":{"type":"Point","coordinates":[36.08167000000003,41.55305000000004]},"properties":{"OBJECTID":798,"IstNo":14015020,"SuAdi":"BALIK (UZUN) GÖLÜ","IstAdi":"YÖRÜKLER","BolgeNo":7,"ILKODU":55,"ILCEKODU":1830,"HAVZA_ID":15,"entityId":"798","entityType":"hesStations","id":"798","name":"YÖRÜKLER","stationId":14015020,"basinId":15,"status":"no_data","color":"#94a3b8","radius":7}},{"type":"Feature","id":"799","geometry":{"type":"Point","coordinates":[31.883330000000058,38.316670000000045]},"properties":{"OBJECTID":799,"IstNo":14016016,"SuAdi":"ÇAVUSÇU GÖLÜ","IstAdi":"GÖL GÖZLEM","BolgeNo":4,"ILKODU":42,"ILCEKODU":1400,"HAVZA_ID":12,"entityId":"799","entityType":"hesStations","id":"799","name":"GÖL GÖZLEM","stationId":14016016,"basinId":12,"status":"no_data","color":"#94a3b8","radius":7}},{"type":"Feature","id":"800","geometry":{"type":"Point","coordinates":[32.71667000000008,37.48333000000008]},"properties":{"OBJECTID":800,"IstNo":14016052,"SuAdi":"TIMRAŞ OBRUĞU","IstAdi":"GÖKHÜYÜK","BolgeNo":4,"ILKODU":42,"ILCEKODU":1262,"HAVZA_ID":16,"entityId":"800","entityType":"hesStations","id":"800","name":"GÖKHÜYÜK","stationId":14016052,"basinId":16,"status":"no_data","color":"#94a3b8","radius":7}},{"type":"Feature","id":"801","geometry":{"type":"Point","coordinates":[31.593060000000037,37.781390000000044]},"properties":{"OBJECTID":801,"IstNo":14016169,"SuAdi":"BEYSEHİR GÖLÜ","IstAdi":"AKBURUN","BolgeNo":4,"ILKODU":42,"ILCEKODU":1188,"HAVZA_ID":16,"entityId":"801","entityType":"hesStations","id":"801","name":"AKBURUN","stationId":14016169,"basinId":16,"status":"no_data","color":"#94a3b8","radius":7}},{"type":"Feature","id":"802","geometry":{"type":"Point","coordinates":[31.723050000000057,37.68139000000008]},"properties":{"OBJECTID":802,"IstNo":14016175,"SuAdi":"BEYŞEHİR GÖLÜ","IstAdi":"GÖLGÖZLEM","BolgeNo":4,"ILKODU":42,"ILCEKODU":1188,"HAVZA_ID":16,"entityId":"802","entityType":"hesStations","id":"802","name":"GÖLGÖZLEM","stationId":14016175,"basinId":16,"status":"no_data","color":"#94a3b8","radius":7}},{"type":"Feature","id":"803","geometry":{"type":"Point","coordinates":[31.39889000000005,37.81778000000003]},"properties":{"OBJECTID":803,"IstNo":14016176,"SuAdi":"BEYŞEHİR GÖLÜ","IstAdi":"KANLIBOĞAZ ","BolgeNo":4,"ILKODU":42,"ILCEKODU":2001,"HAVZA_ID":16,"entityId":"803","entityType":"hesStations","id":"803","name":"KANLIBOĞAZ ","stationId":14016176,"basinId":16,"status":"no_data","color":"#94a3b8","radius":7}},{"type":"Feature","id":"804","geometry":{"type":"Point","coordinates":[32.43778000000003,37.10333000000003]},"properties":{"OBJECTID":804,"IstNo":14017055,"SuAdi":"BAĞBAŞI BRJ ","IstAdi":"BAĞBAŞI ","BolgeNo":4,"ILKODU":-1,"ILCEKODU":1375,"HAVZA_ID":17,"entityId":"804","entityType":"hesStations","id":"804","name":"BAĞBAŞI ","stationId":14017055,"basinId":17,"status":"no_data","color":"#94a3b8","radius":7}},{"type":"Feature","id":"805","geometry":{"type":"Point","coordinates":[37.50555000000003,37.70083000000005]},"properties":{"OBJECTID":805,"IstNo":14020028,"SuAdi":"INEKLİ GÖLÜ","IstAdi":"GÖL GÖZLEM","BolgeNo":20,"ILKODU":2,"ILCEKODU":1354,"HAVZA_ID":20,"entityId":"805","entityType":"hesStations","id":"805","name":"GÖL GÖZLEM","stationId":14020028,"basinId":20,"status":"no_data","color":"#94a3b8","radius":7}},{"type":"Feature","id":"806","geometry":{"type":"Point","coordinates":[37.65055000000007,37.79528000000005]},"properties":{"OBJECTID":806,"IstNo":14020030,"SuAdi":"GÖLBAŞI GÖLÜ","IstAdi":"GÖL GÖZLEM","BolgeNo":20,"ILKODU":2,"ILCEKODU":1354,"HAVZA_ID":20,"entityId":"806","entityType":"hesStations","id":"806","name":"GÖL GÖZLEM","stationId":14020030,"basinId":20,"status":"no_data","color":"#94a3b8","radius":7}},{"type":"Feature","id":"807","geometry":{"type":"Point","coordinates":[36.83000000000004,37.294170000000065]},"properties":{"OBJECTID":807,"IstNo":14020031,"SuAdi":"GAVUR GÖLÜ","IstAdi":"GÖL GÖZLEM","BolgeNo":20,"ILKODU":46,"ILCEKODU":1694,"HAVZA_ID":20,"entityId":"807","entityType":"hesStations","id":"807","name":"GÖL GÖZLEM","stationId":14020031,"basinId":20,"status":"no_data","color":"#94a3b8","radius":7}},{"type":"Feature","id":"808","geometry":{"type":"Point","coordinates":[39.37361000000004,38.496110000000044]},"properties":{"OBJECTID":808,"IstNo":14021127,"SuAdi":"HAZAR GÖLÜ","IstAdi":"DSİ KAMPI","BolgeNo":9,"ILKODU":23,"ILCEKODU":1298,"HAVZA_ID":21,"entityId":"808","entityType":"hesStations","id":"808","name":"DSİ KAMPI","stationId":14021127,"basinId":21,"status":"no_data","color":"#94a3b8","radius":7}},{"type":"Feature","id":"809","geometry":{"type":"Point","coordinates":[36.94083000000006,41.277780000000064]},"properties":{"OBJECTID":809,"IstNo":14022001,"SuAdi":"AKGÖL  GÖLÜ","IstAdi":"AKGÖL ","BolgeNo":7,"ILKODU":55,"ILCEKODU":1676,"HAVZA_ID":14,"entityId":"809","entityType":"hesStations","id":"809","name":"AKGÖL ","stationId":14022001,"basinId":14,"status":"no_data","color":"#94a3b8","radius":7}},{"type":"Feature","id":"810","geometry":{"type":"Point","coordinates":[43.60000000000008,39.71667000000008]},"properties":{"OBJECTID":810,"IstNo":14024033,"SuAdi":"BALIK GÖLÜ","IstAdi":"GÖL GÖZLEM","BolgeNo":8,"ILKODU":4,"ILCEKODU":1287,"HAVZA_ID":24,"entityId":"810","entityType":"hesStations","id":"810","name":"GÖL GÖZLEM","stationId":14024033,"basinId":24,"status":"no_data","color":"#94a3b8","radius":7}},{"type":"Feature","id":"811","geometry":{"type":"Point","coordinates":[43.293330000000026,40.988330000000076]},"properties":{"OBJECTID":811,"IstNo":14024059,"SuAdi":"ÇILDIR GÖLÜ","IstAdi":"GÖL GÖZLEM","BolgeNo":24,"ILKODU":75,"ILCEKODU":1149,"HAVZA_ID":24,"entityId":"811","entityType":"hesStations","id":"811","name":"GÖL GÖZLEM","stationId":14024059,"basinId":24,"status":"no_data","color":"#94a3b8","radius":7}},{"type":"Feature","id":"812","geometry":{"type":"Point","coordinates":[43.13667000000004,41.073330000000055]},"properties":{"OBJECTID":812,"IstNo":14024060,"SuAdi":"ÇILDIR GÖLÜ","IstAdi":"GÖLEBAKAN","BolgeNo":24,"ILKODU":75,"ILCEKODU":1252,"HAVZA_ID":24,"entityId":"812","entityType":"hesStations","id":"812","name":"GÖLEBAKAN","stationId":14024060,"basinId":24,"status":"no_data","color":"#94a3b8","radius":7}},{"type":"Feature","id":"813","geometry":{"type":"Point","coordinates":[43.19056000000006,41.22639000000004]},"properties":{"OBJECTID":813,"IstNo":14024061,"SuAdi":"AKTAŞ GÖLÜ","IstAdi":"AKTAŞ","BolgeNo":24,"ILKODU":75,"ILCEKODU":1252,"HAVZA_ID":24,"entityId":"813","entityType":"hesStations","id":"813","name":"AKTAŞ","stationId":14024061,"basinId":24,"status":"no_data","color":"#94a3b8","radius":7}},{"type":"Feature","id":"814","geometry":{"type":"Point","coordinates":[43.02195000000006,40.770830000000046]},"properties":{"OBJECTID":814,"IstNo":14024062,"SuAdi":"AYGIR GÖLÜ","IstAdi":"TAŞLICA","BolgeNo":24,"ILKODU":36,"ILCEKODU":1645,"HAVZA_ID":24,"entityId":"814","entityType":"hesStations","id":"814","name":"TAŞLICA","stationId":14024062,"basinId":24,"status":"no_data","color":"#94a3b8","radius":7}},{"type":"Feature","id":"815","geometry":{"type":"Point","coordinates":[43.42028000000005,38.52639000000005]},"properties":{"OBJECTID":815,"IstNo":14025010,"SuAdi":"SIHKE GÖLÜ","IstAdi":"GÖL GÖZLEM","BolgeNo":17,"ILKODU":65,"ILCEKODU":2099,"HAVZA_ID":25,"entityId":"815","entityType":"hesStations","id":"815","name":"GÖL GÖZLEM","stationId":14025010,"basinId":25,"status":"no_data","color":"#94a3b8","radius":7}},{"type":"Feature","id":"816","geometry":{"type":"Point","coordinates":[43.056670000000054,38.31361000000004]},"properties":{"OBJECTID":816,"IstNo":14025036,"SuAdi":"VAN GÖLÜ","IstAdi":"GEVAŞ","BolgeNo":17,"ILKODU":65,"ILCEKODU":1350,"HAVZA_ID":25,"entityId":"816","entityType":"hesStations","id":"816","name":"GEVAŞ","stationId":14025036,"basinId":25,"status":"no_data","color":"#94a3b8","radius":7}},{"type":"Feature","id":"817","geometry":{"type":"Point","coordinates":[27.100000000000023,41.42778000000004]},"properties":{"OBJECTID":817,"IstNo":32001001,"SuAdi":"ŞEYTAN DERESİ","IstAdi":"BABAESKİ","BolgeNo":11,"ILKODU":39,"ILCEKODU":1163,"HAVZA_ID":1,"entityId":"817","entityType":"hesStations","id":"817","name":"BABAESKİ","stationId":32001001,"basinId":1,"status":"no_data","color":"#94a3b8","radius":7}},{"type":"Feature","id":"818","geometry":{"type":"Point","coordinates":[27.11806000000007,41.210000000000036]},"properties":{"OBJECTID":818,"IstNo":32001006,"SuAdi":"HAYRABOLU DERESİ","IstAdi":"HAYRABOLU","BolgeNo":11,"ILKODU":59,"ILCEKODU":1388,"HAVZA_ID":1,"entityId":"818","entityType":"hesStations","id":"818","name":"HAYRABOLU","stationId":32001006,"basinId":1,"status":"no_data","color":"#94a3b8","radius":7}},{"type":"Feature","id":"819","geometry":{"type":"Point","coordinates":[27.608060000000023,41.30556000000007]},"properties":{"OBJECTID":819,"IstNo":32001011,"SuAdi":"ANAÇAY","IstAdi":"MİSİNLİ","BolgeNo":11,"ILKODU":59,"ILCEKODU":2094,"HAVZA_ID":1,"entityId":"819","entityType":"hesStations","id":"819","name":"MİSİNLİ","stationId":32001011,"basinId":1,"status":"no_data","color":"#94a3b8","radius":7}},{"type":"Feature","id":"820","geometry":{"type":"Point","coordinates":[26.480000000000075,41.12972000000008]},"properties":{"OBJECTID":820,"IstNo":32001012,"SuAdi":"ERGENE N.","IstAdi":"YENİCEGÖRÜCE","BolgeNo":11,"ILKODU":22,"ILCEKODU":1523,"HAVZA_ID":1,"entityId":"820","entityType":"hesStations","id":"820","name":"YENİCEGÖRÜCE","stationId":32001012,"basinId":1,"status":"no_data","color":"#94a3b8","radius":7}},{"type":"Feature","id":"821","geometry":{"type":"Point","coordinates":[26.58444000000003,41.84306000000004]},"properties":{"OBJECTID":821,"IstNo":32001013,"SuAdi":"TUNCA N.","IstAdi":"SUAKACAĞI","BolgeNo":11,"ILKODU":22,"ILCEKODU":1295,"HAVZA_ID":1,"entityId":"821","entityType":"hesStations","id":"821","name":"SUAKACAĞI","stationId":32001013,"basinId":1,"status":"no_data","color":"#94a3b8","radius":7}},{"type":"Feature","id":"822","geometry":{"type":"Point","coordinates":[27.787500000000023,41.31000000000006]},"properties":{"OBJECTID":822,"IstNo":32001018,"SuAdi":"ERGENE N.","IstAdi":"BAKIRCA","BolgeNo":11,"ILKODU":59,"ILCEKODU":2094,"HAVZA_ID":1,"entityId":"822","entityType":"hesStations","id":"822","name":"BAKIRCA","stationId":32001018,"basinId":1,"status":"no_data","color":"#94a3b8","radius":7}},{"type":"Feature","id":"823","geometry":{"type":"Point","coordinates":[27.27028000000007,40.30917000000005]},"properties":{"OBJECTID":823,"IstNo":32002012,"SuAdi":"BİGA Ç.","IstAdi":"ÇINARKÖPRÜ","BolgeNo":25,"ILKODU":10,"ILCEKODU":1190,"HAVZA_ID":2,"entityId":"823","entityType":"hesStations","id":"823","name":"ÇINARKÖPRÜ","stationId":32002012,"basinId":2,"status":"no_data","color":"#94a3b8","radius":7}},{"type":"Feature","id":"824","geometry":{"type":"Point","coordinates":[29.418890000000033,40.36167000000006]},"properties":{"OBJECTID":824,"IstNo":32002016,"SuAdi":"FINDICAK DERESİ","IstAdi":"BAYIRKÖY","BolgeNo":1,"ILKODU":16,"ILCEKODU":1554,"HAVZA_ID":2,"entityId":"824","entityType":"hesStations","id":"824","name":"BAYIRKÖY","stationId":32002016,"basinId":2,"status":"no_data","color":"#94a3b8","radius":7}},{"type":"Feature","id":"825","geometry":{"type":"Point","coordinates":[27.210830000000044,39.754440000000045]},"properties":{"OBJECTID":825,"IstNo":32002024,"SuAdi":"HAN DERESİ","IstAdi":"ORTAKÖPRÜ","BolgeNo":25,"ILKODU":10,"ILCEKODU":1722,"HAVZA_ID":2,"entityId":"825","entityType":"hesStations","id":"825","name":"ORTAKÖPRÜ","stationId":32002024,"basinId":2,"status":"no_data","color":"#94a3b8","radius":7}},{"type":"Feature","id":"826","geometry":{"type":"Point","coordinates":[29.186390000000074,41.14667000000003]},"properties":{"OBJECTID":826,"IstNo":32002026,"SuAdi":"YENİÇİFTLİK D.","IstAdi":"MAHMUT ŞEVKET PAŞA","BolgeNo":14,"ILKODU":34,"ILCEKODU":1185,"HAVZA_ID":2,"entityId":"826","entityType":"hesStations","id":"826","name":"MAHMUT ŞEVKET PAŞA","stationId":32002026,"basinId":2,"status":"no_data","color":"#94a3b8","radius":7}},{"type":"Feature","id":"827","geometry":{"type":"Point","coordinates":[27.662500000000023,41.835560000000044]},"properties":{"OBJECTID":827,"IstNo":32002055,"SuAdi":"MAHYA D.","IstAdi":"BALABAN","BolgeNo":11,"ILKODU":39,"ILCEKODU":1270,"HAVZA_ID":2,"entityId":"827","entityType":"hesStations","id":"827","name":"BALABAN","stationId":32002055,"basinId":2,"status":"no_data","color":"#94a3b8","radius":7}},{"type":"Feature","id":"828","geometry":{"type":"Point","coordinates":[27.664720000000045,41.835000000000036]},"properties":{"OBJECTID":828,"IstNo":32002056,"SuAdi":"BALABAN D.","IstAdi":"BALABAN","BolgeNo":11,"ILKODU":39,"ILCEKODU":1270,"HAVZA_ID":2,"entityId":"828","entityType":"hesStations","id":"828","name":"BALABAN","stationId":32002056,"basinId":2,"status":"no_data","color":"#94a3b8","radius":7}},{"type":"Feature","id":"829","geometry":{"type":"Point","coordinates":[27.954170000000033,41.82084000000003]},"properties":{"OBJECTID":829,"IstNo":32002057,"SuAdi":"BULANIK D.","IstAdi":"LONGOS ORMAN FİDANLIĞI","BolgeNo":11,"ILKODU":39,"ILCEKODU":1270,"HAVZA_ID":2,"entityId":"829","entityType":"hesStations","id":"829","name":"LONGOS ORMAN FİDANLIĞI","stationId":32002057,"basinId":2,"status":"no_data","color":"#94a3b8","radius":7}},{"type":"Feature","id":"830","geometry":{"type":"Point","coordinates":[28.516110000000026,39.96139000000005]},"properties":{"OBJECTID":830,"IstNo":32003002,"SuAdi":"MUSTAFA KEMALPAŞA Ç.","IstAdi":"DÖLLÜK","BolgeNo":1,"ILKODU":16,"ILCEKODU":1535,"HAVZA_ID":3,"entityId":"830","entityType":"hesStations","id":"830","name":"DÖLLÜK","stationId":32003002,"basinId":3,"status":"no_data","color":"#94a3b8","radius":7}},{"type":"Feature","id":"831","geometry":{"type":"Point","coordinates":[29.463900000000024,39.62426000000005]},"properties":{"OBJECTID":831,"IstNo":32003011,"SuAdi":"ORHANELİ Ç.","IstAdi":"KÜÇÜKİLET","BolgeNo":3,"ILKODU":43,"ILCEKODU":1671,"HAVZA_ID":3,"entityId":"831","entityType":"hesStations","id":"831","name":"KÜÇÜKİLET","stationId":32003011,"basinId":3,"status":"no_data","color":"#94a3b8","radius":7}},{"type":"Feature","id":"832","geometry":{"type":"Point","coordinates":[28.17611000000005,39.98611000000005]},"properties":{"OBJECTID":832,"IstNo":32003016,"SuAdi":"SİMAV Ç.","IstAdi":"YAHYAKÖY","BolgeNo":1,"ILKODU":10,"ILCEKODU":1644,"HAVZA_ID":3,"entityId":"832","entityType":"hesStations","id":"832","name":"YAHYAKÖY","stationId":32003016,"basinId":3,"status":"no_data","color":"#94a3b8","radius":7}},{"type":"Feature","id":"833","geometry":{"type":"Point","coordinates":[28.405830000000037,40.264170000000036]},"properties":{"OBJECTID":833,"IstNo":32003017,"SuAdi":"KOCADERE","IstAdi":"AKÇASUSURLUK","BolgeNo":1,"ILKODU":16,"ILCEKODU":1434,"HAVZA_ID":3,"entityId":"833","entityType":"hesStations","id":"833","name":"AKÇASUSURLUK","stationId":32003017,"basinId":3,"status":"no_data","color":"#94a3b8","radius":7}},{"type":"Feature","id":"834","geometry":{"type":"Point","coordinates":[28.02861000000007,39.632220000000075]},"properties":{"OBJECTID":834,"IstNo":32003024,"SuAdi":"ATNOS Ç.","IstAdi":"BALIKLI","BolgeNo":25,"ILKODU":10,"ILCEKODU":2077,"HAVZA_ID":3,"entityId":"834","entityType":"hesStations","id":"834","name":"BALIKLI","stationId":32003024,"basinId":3,"status":"no_data","color":"#94a3b8","radius":7}},{"type":"Feature","id":"835","geometry":{"type":"Point","coordinates":[29.258330000000058,39.46222000000006]},"properties":{"OBJECTID":835,"IstNo":32003028,"SuAdi":"EMET Ç.","IstAdi":"DERELİ","BolgeNo":3,"ILKODU":43,"ILCEKODU":1304,"HAVZA_ID":3,"entityId":"835","entityType":"hesStations","id":"835","name":"DERELİ","stationId":32003028,"basinId":3,"status":"no_data","color":"#94a3b8","radius":7}},{"type":"Feature","id":"836","geometry":{"type":"Point","coordinates":[29.025550000000067,39.92972000000003]},"properties":{"OBJECTID":836,"IstNo":32003031,"SuAdi":"ORHANELİ Ç.","IstAdi":"DAĞGÜNEY","BolgeNo":1,"ILKODU":16,"ILCEKODU":1553,"HAVZA_ID":3,"entityId":"836","entityType":"hesStations","id":"836","name":"DAĞGÜNEY","stationId":32003031,"basinId":3,"status":"no_data","color":"#94a3b8","radius":7}},{"type":"Feature","id":"837","geometry":{"type":"Point","coordinates":[28.09194000000008,39.32611000000003]},"properties":{"OBJECTID":837,"IstNo":32003035,"SuAdi":"SİMAV Ç.","IstAdi":"ARMUTLU","BolgeNo":25,"ILKODU":10,"ILCEKODU":1619,"HAVZA_ID":3,"entityId":"837","entityType":"hesStations","id":"837","name":"ARMUTLU","stationId":32003035,"basinId":3,"status":"no_data","color":"#94a3b8","radius":7}},{"type":"Feature","id":"838","geometry":{"type":"Point","coordinates":[27.756670000000042,39.570280000000025]},"properties":{"OBJECTID":838,"IstNo":32003036,"SuAdi":"ÜZÜMLÜ Ç.","IstAdi":"ÇUKURHÜSEYİN","BolgeNo":25,"ILKODU":10,"ILCEKODU":2077,"HAVZA_ID":3,"entityId":"838","entityType":"hesStations","id":"838","name":"ÇUKURHÜSEYİN","stationId":32003036,"basinId":3,"status":"no_data","color":"#94a3b8","radius":7}},{"type":"Feature","id":"839","geometry":{"type":"Point","coordinates":[27.63861000000003,39.337500000000034]},"properties":{"OBJECTID":839,"IstNo":32004010,"SuAdi":"YAĞCILI Ç.","IstAdi":"YAĞCILI","BolgeNo":25,"ILKODU":10,"ILCEKODU":1608,"HAVZA_ID":4,"entityId":"839","entityType":"hesStations","id":"839","name":"YAĞCILI","stationId":32004010,"basinId":4,"status":"no_data","color":"#94a3b8","radius":7}},{"type":"Feature","id":"840","geometry":{"type":"Point","coordinates":[27.047780000000046,39.01000000000005]},"properties":{"OBJECTID":840,"IstNo":32004011,"SuAdi":"BAKIRÇAY","IstAdi":"KURFALLI","BolgeNo":2,"ILKODU":35,"ILCEKODU":1181,"HAVZA_ID":4,"entityId":"840","entityType":"hesStations","id":"840","name":"KURFALLI","stationId":32004011,"basinId":4,"status":"no_data","color":"#94a3b8","radius":7}},{"type":"Feature","id":"841","geometry":{"type":"Point","coordinates":[27.666390000000035,38.768890000000056]},"properties":{"OBJECTID":841,"IstNo":32005010,"SuAdi":"KUM Ç.","IstAdi":"NURİYE","BolgeNo":2,"ILKODU":45,"ILCEKODU":1606,"HAVZA_ID":5,"entityId":"841","entityType":"hesStations","id":"841","name":"NURİYE","stationId":32005010,"basinId":5,"status":"no_data","color":"#94a3b8","radius":7}},{"type":"Feature","id":"842","geometry":{"type":"Point","coordinates":[28.700000000000045,38.69944000000004]},"properties":{"OBJECTID":842,"IstNo":32005014,"SuAdi":"SELENDİ Ç.","IstAdi":"DEREKÖY","BolgeNo":2,"ILKODU":45,"ILCEKODU":1613,"HAVZA_ID":5,"entityId":"842","entityType":"hesStations","id":"842","name":"DEREKÖY","stationId":32005014,"basinId":5,"status":"no_data","color":"#94a3b8","radius":7}},{"type":"Feature","id":"843","geometry":{"type":"Point","coordinates":[28.482780000000048,38.75306000000006]},"properties":{"OBJECTID":843,"IstNo":32005022,"SuAdi":"DEMİRCİ Ç.","IstAdi":"BORLU","BolgeNo":2,"ILKODU":45,"ILCEKODU":1965,"HAVZA_ID":5,"entityId":"843","entityType":"hesStations","id":"843","name":"BORLU","stationId":32005022,"basinId":5,"status":"no_data","color":"#94a3b8","radius":7}},{"type":"Feature","id":"844","geometry":{"type":"Point","coordinates":[29.512500000000045,38.95722000000006]},"properties":{"OBJECTID":844,"IstNo":32005024,"SuAdi":"MURAT Ç.","IstAdi":"SAZKÖY","BolgeNo":3,"ILKODU":43,"ILCEKODU":1339,"HAVZA_ID":5,"entityId":"844","entityType":"hesStations","id":"844","name":"SAZKÖY","stationId":32005024,"basinId":5,"status":"no_data","color":"#94a3b8","radius":7}},{"type":"Feature","id":"845","geometry":{"type":"Point","coordinates":[27.613060000000075,38.41222000000005]},"properties":{"OBJECTID":845,"IstNo":32005025,"SuAdi":"YİĞİTLER DERESİ","IstAdi":"YİĞİTLER","BolgeNo":2,"ILKODU":35,"ILCEKODU":1461,"HAVZA_ID":5,"entityId":"845","entityType":"hesStations","id":"845","name":"YİĞİTLER","stationId":32005025,"basinId":5,"status":"no_data","color":"#94a3b8","radius":7}},{"type":"Feature","id":"846","geometry":{"type":"Point","coordinates":[28.58194000000003,38.73333000000008]},"properties":{"OBJECTID":846,"IstNo":32005029,"SuAdi":"DELİİNİŞ ÇAYI","IstAdi":"ÇAYKÖY","BolgeNo":2,"ILKODU":45,"ILCEKODU":1965,"HAVZA_ID":5,"entityId":"846","entityType":"hesStations","id":"846","name":"ÇAYKÖY","stationId":32005029,"basinId":5,"status":"no_data","color":"#94a3b8","radius":7}},{"type":"Feature","id":"847","geometry":{"type":"Point","coordinates":[28.560830000000067,37.43056000000007]},"properties":{"OBJECTID":847,"IstNo":32007033,"SuAdi":"SARHOŞ Ç.","IstAdi":"GÖKTEPE","BolgeNo":21,"ILKODU":48,"ILCEKODU":2089,"HAVZA_ID":7,"entityId":"847","entityType":"hesStations","id":"847","name":"GÖKTEPE","stationId":32007033,"basinId":7,"status":"no_data","color":"#94a3b8","radius":7}},{"type":"Feature","id":"848","geometry":{"type":"Point","coordinates":[28.61555000000004,37.26194000000004]},"properties":{"OBJECTID":848,"IstNo":32007037,"SuAdi":"MORTUMA Ç.","IstAdi":"YEMİŞENDERE","BolgeNo":21,"ILKODU":48,"ILCEKODU":2089,"HAVZA_ID":7,"entityId":"848","entityType":"hesStations","id":"848","name":"YEMİŞENDERE","stationId":32007037,"basinId":7,"status":"no_data","color":"#94a3b8","radius":7}},{"type":"Feature","id":"849","geometry":{"type":"Point","coordinates":[28.025000000000034,37.90750000000003]},"properties":{"OBJECTID":849,"IstNo":32007038,"SuAdi":"KOÇAK DERESİ","IstAdi":"CUMADERE","BolgeNo":21,"ILKODU":9,"ILCEKODU":1968,"HAVZA_ID":7,"entityId":"849","entityType":"hesStations","id":"849","name":"CUMADERE","stationId":32007038,"basinId":7,"status":"no_data","color":"#94a3b8","radius":7}},{"type":"Feature","id":"850","geometry":{"type":"Point","coordinates":[29.305890000000034,38.37202000000008]},"properties":{"OBJECTID":850,"IstNo":32007042,"SuAdi":"BANAZ Ç.","IstAdi":"ULUBEY","BolgeNo":2,"ILKODU":64,"ILCEKODU":1697,"HAVZA_ID":7,"entityId":"850","entityType":"hesStations","id":"850","name":"ULUBEY","stationId":32007042,"basinId":7,"status":"no_data","color":"#94a3b8","radius":7}},{"type":"Feature","id":"851","geometry":{"type":"Point","coordinates":[29.005280000000027,38.07889000000006]},"properties":{"OBJECTID":851,"IstNo":32007043,"SuAdi":"BÜYÜKMENDERES N.","IstAdi":"ERTUĞRUL","BolgeNo":21,"ILKODU":20,"ILCEKODU":1371,"HAVZA_ID":7,"entityId":"851","entityType":"hesStations","id":"851","name":"ERTUĞRUL","stationId":32007043,"basinId":7,"status":"no_data","color":"#94a3b8","radius":7}},{"type":"Feature","id":"852","geometry":{"type":"Point","coordinates":[28.962780000000066,37.558890000000076]},"properties":{"OBJECTID":852,"IstNo":32007044,"SuAdi":"YENİDERE","IstAdi":"ÇİTFLİKKÖY","BolgeNo":21,"ILKODU":20,"ILCEKODU":1670,"HAVZA_ID":7,"entityId":"852","entityType":"hesStations","id":"852","name":"ÇİTFLİKKÖY","stationId":32007044,"basinId":7,"status":"no_data","color":"#94a3b8","radius":7}},{"type":"Feature","id":"853","geometry":{"type":"Point","coordinates":[30.07444000000004,36.490830000000074]},"properties":{"OBJECTID":853,"IstNo":32008008,"SuAdi":"BAŞGÖZ Ç.","IstAdi":"ÇATALLAR","BolgeNo":13,"ILKODU":7,"ILCEKODU":1333,"HAVZA_ID":8,"entityId":"853","entityType":"hesStations","id":"853","name":"ÇATALLAR","stationId":32008008,"basinId":8,"status":"no_data","color":"#94a3b8","radius":7}},{"type":"Feature","id":"854","geometry":{"type":"Point","coordinates":[29.56194000000005,36.82528000000008]},"properties":{"OBJECTID":854,"IstNo":32008009,"SuAdi":"EŞEN Ç.","IstAdi":"KAVAKLIDERE","BolgeNo":21,"ILKODU":7,"ILCEKODU":2090,"HAVZA_ID":8,"entityId":"854","entityType":"hesStations","id":"854","name":"KAVAKLIDERE","stationId":32008009,"basinId":8,"status":"no_data","color":"#94a3b8","radius":7}},{"type":"Feature","id":"855","geometry":{"type":"Point","coordinates":[31.72667000000007,36.69695000000007]},"properties":{"OBJECTID":855,"IstNo":32009017,"SuAdi":"ALARA Ç.","IstAdi":"ALARAHAN","BolgeNo":13,"ILKODU":7,"ILCEKODU":1126,"HAVZA_ID":9,"entityId":"855","entityType":"hesStations","id":"855","name":"ALARAHAN","stationId":32009017,"basinId":9,"status":"no_data","color":"#94a3b8","radius":7}},{"type":"Feature","id":"856","geometry":{"type":"Point","coordinates":[31.451670000000036,36.816670000000045]},"properties":{"OBJECTID":856,"IstNo":32009018,"SuAdi":"MANAVGAT Ç.","IstAdi":"ŞELALE","BolgeNo":13,"ILKODU":7,"ILCEKODU":1512,"HAVZA_ID":9,"entityId":"856","entityType":"hesStations","id":"856","name":"ŞELALE","stationId":32009018,"basinId":9,"status":"no_data","color":"#94a3b8","radius":7}},{"type":"Feature","id":"857","geometry":{"type":"Point","coordinates":[30.43889000000007,36.44750000000005]},"properties":{"OBJECTID":857,"IstNo":32009029,"SuAdi":"ULUPINAR DERESİ","IstAdi":"ULUPINAR","BolgeNo":13,"ILKODU":7,"ILCEKODU":1959,"HAVZA_ID":8,"entityId":"857","entityType":"hesStations","id":"857","name":"ULUPINAR","stationId":32009029,"basinId":8,"status":"no_data","color":"#94a3b8","radius":7}},{"type":"Feature","id":"858","geometry":{"type":"Point","coordinates":[31.19028000000003,37.14944000000003]},"properties":{"OBJECTID":858,"IstNo":32009030,"SuAdi":"İTİCE DERESİ","IstAdi":"BOZYAKA","BolgeNo":13,"ILKODU":7,"ILCEKODU":1512,"HAVZA_ID":9,"entityId":"858","entityType":"hesStations","id":"858","name":"BOZYAKA","stationId":32009030,"basinId":9,"status":"no_data","color":"#94a3b8","radius":7}},{"type":"Feature","id":"859","geometry":{"type":"Point","coordinates":[30.793890000000033,37.51000000000005]},"properties":{"OBJECTID":859,"IstNo":32009031,"SuAdi":"AKSU Ç.","IstAdi":"AŞAĞI GÖKDERE","BolgeNo":18,"ILKODU":32,"ILCEKODU":1211,"HAVZA_ID":9,"entityId":"859","entityType":"hesStations","id":"859","name":"AŞAĞI GÖKDERE","stationId":32009031,"basinId":9,"status":"no_data","color":"#94a3b8","radius":7}},{"type":"Feature","id":"860","geometry":{"type":"Point","coordinates":[31.293330000000026,37.03695000000005]},"properties":{"OBJECTID":860,"IstNo":32009032,"SuAdi":"KAPLANBÜKÜ DERESİ","IstAdi":"KARABUCAK","BolgeNo":13,"ILKODU":7,"ILCEKODU":1512,"HAVZA_ID":9,"entityId":"860","entityType":"hesStations","id":"860","name":"KARABUCAK","stationId":32009032,"basinId":9,"status":"no_data","color":"#94a3b8","radius":7}},{"type":"Feature","id":"861","geometry":{"type":"Point","coordinates":[30.07611000000003,37.51556000000005]},"properties":{"OBJECTID":861,"IstNo":32010013,"SuAdi":"BOZÇAY","IstAdi":"BOĞAZİÇİ","BolgeNo":18,"ILKODU":15,"ILCEKODU":1215,"HAVZA_ID":10,"entityId":"861","entityType":"hesStations","id":"861","name":"BOĞAZİÇİ","stationId":32010013,"basinId":10,"status":"no_data","color":"#94a3b8","radius":7}},{"type":"Feature","id":"862","geometry":{"type":"Point","coordinates":[29.63861000000003,37.52417000000003]},"properties":{"OBJECTID":862,"IstNo":32010014,"SuAdi":"KİLLİK D.","IstAdi":"SALDA","BolgeNo":18,"ILKODU":15,"ILCEKODU":1728,"HAVZA_ID":10,"entityId":"862","entityType":"hesStations","id":"862","name":"SALDA","stationId":32010014,"basinId":10,"status":"no_data","color":"#94a3b8","radius":7}},{"type":"Feature","id":"863","geometry":{"type":"Point","coordinates":[30.501940000000047,38.93583000000007]},"properties":{"OBJECTID":863,"IstNo":32011002,"SuAdi":"SİVRİKAYA D.","IstAdi":"GAZLIGÖL","BolgeNo":18,"ILKODU":3,"ILCEKODU":1404,"HAVZA_ID":11,"entityId":"863","entityType":"hesStations","id":"863","name":"GAZLIGÖL","stationId":32011002,"basinId":11,"status":"no_data","color":"#94a3b8","radius":7}},{"type":"Feature","id":"864","geometry":{"type":"Point","coordinates":[30.422780000000046,38.85833000000008]},"properties":{"OBJECTID":864,"IstNo":32011008,"SuAdi":"AKARÇAY","IstAdi":"BALCA","BolgeNo":18,"ILKODU":3,"ILCEKODU":1108,"HAVZA_ID":11,"entityId":"864","entityType":"hesStations","id":"864","name":"BALCA","stationId":32011008,"basinId":11,"status":"no_data","color":"#94a3b8","radius":7}},{"type":"Feature","id":"865","geometry":{"type":"Point","coordinates":[30.60056000000003,40.775280000000066]},"properties":{"OBJECTID":865,"IstNo":32012019,"SuAdi":"DİNSİZ Ç.","IstAdi":"YAĞBASAN","BolgeNo":3,"ILKODU":54,"ILCEKODU":1391,"HAVZA_ID":12,"entityId":"865","entityType":"hesStations","id":"865","name":"YAĞBASAN","stationId":32012019,"basinId":12,"status":"no_data","color":"#94a3b8","radius":7}},{"type":"Feature","id":"866","geometry":{"type":"Point","coordinates":[31.33639000000005,39.32167000000004]},"properties":{"OBJECTID":866,"IstNo":32012024,"SuAdi":"SAKARYA N.","IstAdi":"AKTAŞ","BolgeNo":3,"ILKODU":26,"ILCEKODU":1632,"HAVZA_ID":12,"entityId":"866","entityType":"hesStations","id":"866","name":"AKTAŞ","stationId":32012024,"basinId":12,"status":"no_data","color":"#94a3b8","radius":7}},{"type":"Feature","id":"867","geometry":{"type":"Point","coordinates":[31.65778000000006,40.18778000000003]},"properties":{"OBJECTID":867,"IstNo":32012033,"SuAdi":"ALADAĞ Ç.","IstAdi":"KARAKÖY","BolgeNo":5,"ILKODU":6,"ILCEKODU":1539,"HAVZA_ID":12,"entityId":"867","entityType":"hesStations","id":"867","name":"KARAKÖY","stationId":32012033,"basinId":12,"status":"no_data","color":"#94a3b8","radius":7}},{"type":"Feature","id":"868","geometry":{"type":"Point","coordinates":[30.860280000000046,40.57528000000008]},"properties":{"OBJECTID":868,"IstNo":32012037,"SuAdi":"MUDURNU Ç.","IstAdi":"DOKURCUN","BolgeNo":3,"ILKODU":54,"ILCEKODU":1123,"HAVZA_ID":12,"entityId":"868","entityType":"hesStations","id":"868","name":"DOKURCUN","stationId":32012037,"basinId":12,"status":"no_data","color":"#94a3b8","radius":7}},{"type":"Feature","id":"869","geometry":{"type":"Point","coordinates":[29.652220000000057,40.01167000000004]},"properties":{"OBJECTID":869,"IstNo":32012050,"SuAdi":"AKSU D.","IstAdi":"KINIK","BolgeNo":1,"ILKODU":16,"ILCEKODU":1411,"HAVZA_ID":12,"entityId":"869","entityType":"hesStations","id":"869","name":"KINIK","stationId":32012050,"basinId":12,"status":"no_data","color":"#94a3b8","radius":7}},{"type":"Feature","id":"870","geometry":{"type":"Point","coordinates":[32.66222000000005,40.60361000000006]},"properties":{"OBJECTID":870,"IstNo":32012053,"SuAdi":"SOHU DERESİ","IstAdi":"FINDIKLI","BolgeNo":5,"ILKODU":6,"ILCEKODU":1473,"HAVZA_ID":12,"entityId":"870","entityType":"hesStations","id":"870","name":"FINDIKLI","stationId":32012053,"basinId":12,"status":"no_data","color":"#94a3b8","radius":7}},{"type":"Feature","id":"871","geometry":{"type":"Point","coordinates":[30.60194000000007,41.02472000000006]},"properties":{"OBJECTID":871,"IstNo":32012057,"SuAdi":"SAKARYA N.","IstAdi":"ADATEPE","BolgeNo":14,"ILKODU":54,"ILCEKODU":1442,"HAVZA_ID":12,"entityId":"871","entityType":"hesStations","id":"871","name":"ADATEPE","stationId":32012057,"basinId":12,"status":"no_data","color":"#94a3b8","radius":7}},{"type":"Feature","id":"872","geometry":{"type":"Point","coordinates":[30.072780000000023,40.238890000000026]},"properties":{"OBJECTID":872,"IstNo":32012058,"SuAdi":"SAKARYA N.","IstAdi":"KAYABELİ","BolgeNo":3,"ILKODU":11,"ILCEKODU":1192,"HAVZA_ID":12,"entityId":"872","entityType":"hesStations","id":"872","name":"KAYABELİ","stationId":32012058,"basinId":12,"status":"no_data","color":"#94a3b8","radius":7}},{"type":"Feature","id":"873","geometry":{"type":"Point","coordinates":[30.027780000000064,40.284170000000074]},"properties":{"OBJECTID":873,"IstNo":32012061,"SuAdi":"KARASU Ç.","IstAdi":"BAYIRKÖY","BolgeNo":3,"ILKODU":11,"ILCEKODU":1192,"HAVZA_ID":12,"entityId":"873","entityType":"hesStations","id":"873","name":"BAYIRKÖY","stationId":32012061,"basinId":12,"status":"no_data","color":"#94a3b8","radius":7}},{"type":"Feature","id":"874","geometry":{"type":"Point","coordinates":[30.991390000000024,40.06805000000003]},"properties":{"OBJECTID":874,"IstNo":32012063,"SuAdi":"AYVACIK DERESİ","IstAdi":"AYVACIK","BolgeNo":5,"ILKODU":6,"ILCEKODU":1539,"HAVZA_ID":12,"entityId":"874","entityType":"hesStations","id":"874","name":"AYVACIK","stationId":32012063,"basinId":12,"status":"no_data","color":"#94a3b8","radius":7}},{"type":"Feature","id":"875","geometry":{"type":"Point","coordinates":[29.604720000000043,40.00500000000005]},"properties":{"OBJECTID":875,"IstNo":32012064,"SuAdi":"ÇANDIR DERESİ","IstAdi":"HAMAMLI","BolgeNo":1,"ILKODU":16,"ILCEKODU":1411,"HAVZA_ID":12,"entityId":"875","entityType":"hesStations","id":"875","name":"HAMAMLI","stationId":32012064,"basinId":12,"status":"no_data","color":"#94a3b8","radius":7}},{"type":"Feature","id":"876","geometry":{"type":"Point","coordinates":[30.985830000000078,40.85611000000006]},"properties":{"OBJECTID":876,"IstNo":32013002,"SuAdi":"BÜYÜK MELEN DERESİ","IstAdi":"YAKABAŞI","BolgeNo":5,"ILKODU":81,"ILCEKODU":2017,"HAVZA_ID":13,"entityId":"876","entityType":"hesStations","id":"876","name":"YAKABAŞI","stationId":32013002,"basinId":13,"status":"no_data","color":"#94a3b8","radius":7}},{"type":"Feature","id":"877","geometry":{"type":"Point","coordinates":[33.300830000000076,41.641110000000026]},"properties":{"OBJECTID":877,"IstNo":32013007,"SuAdi":"DEVREKANİ Ç.","IstAdi":"AZDAVAY","BolgeNo":23,"ILKODU":37,"ILCEKODU":1162,"HAVZA_ID":13,"entityId":"877","entityType":"hesStations","id":"877","name":"AZDAVAY","stationId":32013007,"basinId":13,"status":"no_data","color":"#94a3b8","radius":7}},{"type":"Feature","id":"878","geometry":{"type":"Point","coordinates":[31.967220000000054,40.89639000000005]},"properties":{"OBJECTID":878,"IstNo":32013019,"SuAdi":"MENGEN ÇAYI","IstAdi":"GÖKÇESU","BolgeNo":5,"ILKODU":14,"ILCEKODU":1522,"HAVZA_ID":13,"entityId":"878","entityType":"hesStations","id":"878","name":"GÖKÇESU","stationId":32013019,"basinId":13,"status":"no_data","color":"#94a3b8","radius":7}},{"type":"Feature","id":"879","geometry":{"type":"Point","coordinates":[32.355560000000025,41.64167000000003]},"properties":{"OBJECTID":879,"IstNo":32013031,"SuAdi":"KOCAIRMAK","IstAdi":"BARTIN","BolgeNo":23,"ILKODU":74,"ILCEKODU":1172,"HAVZA_ID":13,"entityId":"879","entityType":"hesStations","id":"879","name":"BARTIN","stationId":32013031,"basinId":13,"status":"no_data","color":"#94a3b8","radius":7}},{"type":"Feature","id":"880","geometry":{"type":"Point","coordinates":[35.03250000000003,41.99917000000005]},"properties":{"OBJECTID":880,"IstNo":32013032,"SuAdi":"KARASU ","IstAdi":"HACILAR KÖPRÜSÜ","BolgeNo":7,"ILKODU":57,"ILCEKODU":1627,"HAVZA_ID":13,"entityId":"880","entityType":"hesStations","id":"880","name":"HACILAR KÖPRÜSÜ","stationId":32013032,"basinId":13,"status":"no_data","color":"#94a3b8","radius":7}},{"type":"Feature","id":"881","geometry":{"type":"Point","coordinates":[32.087500000000034,41.42667000000006]},"properties":{"OBJECTID":881,"IstNo":32013035,"SuAdi":"FİLYOS Ç.","IstAdi":"ÇAYCUMA","BolgeNo":23,"ILKODU":67,"ILCEKODU":1240,"HAVZA_ID":13,"entityId":"881","entityType":"hesStations","id":"881","name":"ÇAYCUMA","stationId":32013035,"basinId":13,"status":"no_data","color":"#94a3b8","radius":7}},{"type":"Feature","id":"882","geometry":{"type":"Point","coordinates":[32.323330000000055,41.201670000000036]},"properties":{"OBJECTID":882,"IstNo":32013036,"SuAdi":"YENİCE IRMAĞI","IstAdi":"YENİCE","BolgeNo":23,"ILKODU":78,"ILCEKODU":1856,"HAVZA_ID":13,"entityId":"882","entityType":"hesStations","id":"882","name":"YENİCE","stationId":32013036,"basinId":13,"status":"no_data","color":"#94a3b8","radius":7}},{"type":"Feature","id":"883","geometry":{"type":"Point","coordinates":[30.920560000000023,40.71556000000004]},"properties":{"OBJECTID":883,"IstNo":32013039,"SuAdi":"AKSU D.","IstAdi":"ÇİFTEKESE","BolgeNo":3,"ILKODU":54,"ILCEKODU":1391,"HAVZA_ID":13,"entityId":"883","entityType":"hesStations","id":"883","name":"ÇİFTEKESE","stationId":32013039,"basinId":13,"status":"no_data","color":"#94a3b8","radius":7}},{"type":"Feature","id":"884","geometry":{"type":"Point","coordinates":[32.25472000000008,40.94111000000004]},"properties":{"OBJECTID":884,"IstNo":32013043,"SuAdi":"KORUBAŞI DERESİ","IstAdi":"ARAK","BolgeNo":5,"ILKODU":14,"ILCEKODU":1522,"HAVZA_ID":13,"entityId":"884","entityType":"hesStations","id":"884","name":"ARAK","stationId":32013043,"basinId":13,"status":"no_data","color":"#94a3b8","radius":7}},{"type":"Feature","id":"885","geometry":{"type":"Point","coordinates":[31.95667000000003,41.22389000000004]},"properties":{"OBJECTID":885,"IstNo":32013051,"SuAdi":"DEVREK Ç.","IstAdi":"DEVREK","BolgeNo":23,"ILKODU":67,"ILCEKODU":1276,"HAVZA_ID":13,"entityId":"885","entityType":"hesStations","id":"885","name":"DEVREK","stationId":32013051,"basinId":13,"status":"no_data","color":"#94a3b8","radius":7}},{"type":"Feature","id":"886","geometry":{"type":"Point","coordinates":[31.30528000000004,41.11278000000004]},"properties":{"OBJECTID":886,"IstNo":32013062,"SuAdi":"KOCAMAN DERE","IstAdi":"KOCAMAN","BolgeNo":23,"ILKODU":67,"ILCEKODU":1758,"HAVZA_ID":13,"entityId":"886","entityType":"hesStations","id":"886","name":"KOCAMAN","stationId":32013062,"basinId":13,"status":"no_data","color":"#94a3b8","radius":7}},{"type":"Feature","id":"887","geometry":{"type":"Point","coordinates":[36.512500000000045,40.77167000000003]},"properties":{"OBJECTID":887,"IstNo":32014002,"SuAdi":"YEŞİLIRMAK","IstAdi":"KALE","BolgeNo":7,"ILKODU":60,"ILCEKODU":1308,"HAVZA_ID":14,"entityId":"887","entityType":"hesStations","id":"887","name":"KALE","stationId":32014002,"basinId":14,"status":"no_data","color":"#94a3b8","radius":7}},{"type":"Feature","id":"888","geometry":{"type":"Point","coordinates":[35.417500000000075,40.451670000000036]},"properties":{"OBJECTID":888,"IstNo":32014012,"SuAdi":"ÇORUM ÇAT IRMAĞI","IstAdi":"ŞEYHOĞLU KÖPRÜSÜ","BolgeNo":7,"ILKODU":5,"ILCEKODU":1363,"HAVZA_ID":14,"entityId":"888","entityType":"hesStations","id":"888","name":"ŞEYHOĞLU KÖPRÜSÜ","stationId":32014012,"basinId":14,"status":"no_data","color":"#94a3b8","radius":7}},{"type":"Feature","id":"889","geometry":{"type":"Point","coordinates":[36.11555000000004,40.43306000000007]},"properties":{"OBJECTID":889,"IstNo":32014014,"SuAdi":"YEŞİLIRMAK N.","IstAdi":"SÜTLÜCE","BolgeNo":7,"ILKODU":60,"ILCEKODU":1690,"HAVZA_ID":14,"entityId":"889","entityType":"hesStations","id":"889","name":"SÜTLÜCE","stationId":32014014,"basinId":14,"status":"no_data","color":"#94a3b8","radius":7}},{"type":"Feature","id":"890","geometry":{"type":"Point","coordinates":[37.12861000000004,40.31167000000005]},"properties":{"OBJECTID":890,"IstNo":32014018,"SuAdi":"YEŞİLIRMAK N.","IstAdi":"GÖMELEÖNÜ","BolgeNo":7,"ILKODU":60,"ILCEKODU":1129,"HAVZA_ID":14,"entityId":"890","entityType":"hesStations","id":"890","name":"GÖMELEÖNÜ","stationId":32014018,"basinId":14,"status":"no_data","color":"#94a3b8","radius":7}},{"type":"Feature","id":"891","geometry":{"type":"Point","coordinates":[39.31167000000005,40.11528000000004]},"properties":{"OBJECTID":891,"IstNo":32014022,"SuAdi":"KELKİT Ç.","IstAdi":"ÇİÇEKBÜKÜ","BolgeNo":22,"ILKODU":29,"ILCEKODU":1458,"HAVZA_ID":14,"entityId":"891","entityType":"hesStations","id":"891","name":"ÇİÇEKBÜKÜ","stationId":32014022,"basinId":14,"status":"no_data","color":"#94a3b8","radius":7}},{"type":"Feature","id":"892","geometry":{"type":"Point","coordinates":[36.14639000000005,40.00806000000006]},"properties":{"OBJECTID":892,"IstNo":32014024,"SuAdi":"ÇEKEREK Ç.","IstAdi":"ÇIRDAK KÖPRÜSÜ","BolgeNo":7,"ILKODU":60,"ILCEKODU":1858,"HAVZA_ID":14,"entityId":"892","entityType":"hesStations","id":"892","name":"ÇIRDAK KÖPRÜSÜ","stationId":32014024,"basinId":14,"status":"no_data","color":"#94a3b8","radius":7}},{"type":"Feature","id":"893","geometry":{"type":"Point","coordinates":[37.97306000000003,40.236950000000036]},"properties":{"OBJECTID":893,"IstNo":32014027,"SuAdi":"KELKİT ÇAYI","IstAdi":"YEMİŞLI KÖPRÜSÜ","BolgeNo":19,"ILKODU":58,"ILCEKODU":1484,"HAVZA_ID":14,"entityId":"893","entityType":"hesStations","id":"893","name":"YEMİŞLI KÖPRÜSÜ","stationId":32014027,"basinId":14,"status":"no_data","color":"#94a3b8","radius":7}},{"type":"Feature","id":"894","geometry":{"type":"Point","coordinates":[38.70799000000005,39.95475000000005]},"properties":{"OBJECTID":894,"IstNo":32014030,"SuAdi":"KÖROĞLU D.","IstAdi":"KÖROĞLU","BolgeNo":8,"ILKODU":24,"ILCEKODU":1583,"HAVZA_ID":14,"entityId":"894","entityType":"hesStations","id":"894","name":"KÖROĞLU","stationId":32014030,"basinId":14,"status":"no_data","color":"#94a3b8","radius":7}},{"type":"Feature","id":"895","geometry":{"type":"Point","coordinates":[35.887500000000045,40.986950000000036]},"properties":{"OBJECTID":895,"IstNo":32014032,"SuAdi":"TERSAKAN Ç.","IstAdi":"AHMETSARAY","BolgeNo":7,"ILKODU":55,"ILCEKODU":1501,"HAVZA_ID":14,"entityId":"895","entityType":"hesStations","id":"895","name":"AHMETSARAY","stationId":32014032,"basinId":14,"status":"no_data","color":"#94a3b8","radius":7}},{"type":"Feature","id":"896","geometry":{"type":"Point","coordinates":[35.83639000000005,40.67333000000008]},"properties":{"OBJECTID":896,"IstNo":32014034,"SuAdi":"TERSAKAN Ç.","IstAdi":"GÖLLÜBAĞLAR","BolgeNo":7,"ILKODU":5,"ILCEKODU":1134,"HAVZA_ID":14,"entityId":"896","entityType":"hesStations","id":"896","name":"GÖLLÜBAĞLAR","stationId":32014034,"basinId":14,"status":"no_data","color":"#94a3b8","radius":7}},{"type":"Feature","id":"897","geometry":{"type":"Point","coordinates":[36.160000000000025,40.480000000000075]},"properties":{"OBJECTID":897,"IstNo":32014040,"SuAdi":"DELİ ÇAY","IstAdi":"DERBENTÇİ","BolgeNo":7,"ILKODU":60,"ILCEKODU":1134,"HAVZA_ID":14,"entityId":"897","entityType":"hesStations","id":"897","name":"DERBENTÇİ","stationId":32014040,"basinId":14,"status":"no_data","color":"#94a3b8","radius":7}},{"type":"Feature","id":"898","geometry":{"type":"Point","coordinates":[34.74500000000006,39.50306000000006]},"properties":{"OBJECTID":898,"IstNo":32015017,"SuAdi":"KARANLIK D.","IstAdi":"ŞEFAATLİ","BolgeNo":12,"ILKODU":66,"ILCEKODU":1655,"HAVZA_ID":15,"entityId":"898","entityType":"hesStations","id":"898","name":"ŞEFAATLİ","stationId":32015017,"basinId":15,"status":"no_data","color":"#94a3b8","radius":7}},{"type":"Feature","id":"899","geometry":{"type":"Point","coordinates":[36.84167000000008,39.71639000000005]},"properties":{"OBJECTID":899,"IstNo":32015035,"SuAdi":"KIZILIRMAK N.","IstAdi":"SÖĞÜTLÜHAN","BolgeNo":19,"ILKODU":58,"ILCEKODU":1628,"HAVZA_ID":15,"entityId":"899","entityType":"hesStations","id":"899","name":"SÖĞÜTLÜHAN","stationId":32015035,"basinId":15,"status":"no_data","color":"#94a3b8","radius":7}},{"type":"Feature","id":"900","geometry":{"type":"Point","coordinates":[33.77889000000005,40.90361000000007]},"properties":{"OBJECTID":900,"IstNo":32015038,"SuAdi":"DEVRES ÇAYI","IstAdi":"ÇELTİKÇİBAŞI","BolgeNo":23,"ILKODU":37,"ILCEKODU":1399,"HAVZA_ID":15,"entityId":"900","entityType":"hesStations","id":"900","name":"ÇELTİKÇİBAŞI","stationId":32015038,"basinId":15,"status":"no_data","color":"#94a3b8","radius":7}},{"type":"Feature","id":"901","geometry":{"type":"Point","coordinates":[37.56167000000005,39.87639000000007]},"properties":{"OBJECTID":901,"IstNo":32015039,"SuAdi":"KIZILIRMAK N.","IstAdi":"BULAKBAŞI","BolgeNo":19,"ILKODU":58,"ILCEKODU":1738,"HAVZA_ID":15,"entityId":"901","entityType":"hesStations","id":"901","name":"BULAKBAŞI","stationId":32015039,"basinId":15,"status":"no_data","color":"#94a3b8","radius":7}},{"type":"Feature","id":"902","geometry":{"type":"Point","coordinates":[34.26556000000005,41.56472000000008]},"properties":{"OBJECTID":902,"IstNo":32015045,"SuAdi":"GÖKIRMAK","IstAdi":"PURTULU","BolgeNo":23,"ILKODU":37,"ILCEKODU":1666,"HAVZA_ID":15,"entityId":"902","entityType":"hesStations","id":"902","name":"PURTULU","stationId":32015045,"basinId":15,"status":"no_data","color":"#94a3b8","radius":7}},{"type":"Feature","id":"903","geometry":{"type":"Point","coordinates":[34.50500000000005,41.07167000000004]},"properties":{"OBJECTID":903,"IstNo":32015048,"SuAdi":"KIZILIRMAK N.","IstAdi":"KARAKÖY","BolgeNo":5,"ILKODU":19,"ILCEKODU":1558,"HAVZA_ID":15,"entityId":"903","entityType":"hesStations","id":"903","name":"KARAKÖY","stationId":32015048,"basinId":15,"status":"no_data","color":"#94a3b8","radius":7}},{"type":"Feature","id":"904","geometry":{"type":"Point","coordinates":[35.83528000000007,41.33083000000005]},"properties":{"OBJECTID":904,"IstNo":32015049,"SuAdi":"ÇAĞŞUR Ç.","IstAdi":"ESENÇAY","BolgeNo":7,"ILKODU":55,"ILCEKODU":1164,"HAVZA_ID":15,"entityId":"904","entityType":"hesStations","id":"904","name":"ESENÇAY","stationId":32015049,"basinId":15,"status":"no_data","color":"#94a3b8","radius":7}},{"type":"Feature","id":"905","geometry":{"type":"Point","coordinates":[36.718890000000044,39.72500000000008]},"properties":{"OBJECTID":905,"IstNo":32015050,"SuAdi":"KALINÇAY","IstAdi":"KALINKÖY","BolgeNo":19,"ILKODU":58,"ILCEKODU":1731,"HAVZA_ID":15,"entityId":"905","entityType":"hesStations","id":"905","name":"KALINKÖY","stationId":32015050,"basinId":15,"status":"no_data","color":"#94a3b8","radius":7}},{"type":"Feature","id":"906","geometry":{"type":"Point","coordinates":[37.00639000000007,39.69444000000004]},"properties":{"OBJECTID":906,"IstNo":32015054,"SuAdi":"TECER IRMAĞI","IstAdi":"İMARET","BolgeNo":19,"ILKODU":58,"ILCEKODU":1628,"HAVZA_ID":15,"entityId":"906","entityType":"hesStations","id":"906","name":"İMARET","stationId":32015054,"basinId":15,"status":"no_data","color":"#94a3b8","radius":7}},{"type":"Feature","id":"907","geometry":{"type":"Point","coordinates":[37.42333000000008,39.81917000000004]},"properties":{"OBJECTID":907,"IstNo":32015055,"SuAdi":"ACISU DERESİ","IstAdi":"ACISU KÖPRÜSÜ","BolgeNo":19,"ILKODU":58,"ILCEKODU":1376,"HAVZA_ID":15,"entityId":"907","entityType":"hesStations","id":"907","name":"ACISU KÖPRÜSÜ","stationId":32015055,"basinId":15,"status":"no_data","color":"#94a3b8","radius":7}},{"type":"Feature","id":"908","geometry":{"type":"Point","coordinates":[31.745280000000037,37.68333000000007]},"properties":{"OBJECTID":908,"IstNo":32016004,"SuAdi":"BEYŞEHİR GÖLAYAĞI","IstAdi":"BEYŞEHİR","BolgeNo":4,"ILKODU":42,"ILCEKODU":1188,"HAVZA_ID":16,"entityId":"908","entityType":"hesStations","id":"908","name":"BEYŞEHİR","stationId":32016004,"basinId":16,"status":"no_data","color":"#94a3b8","radius":7}},{"type":"Feature","id":"909","geometry":{"type":"Point","coordinates":[32.11972000000003,37.32000000000005]},"properties":{"OBJECTID":909,"IstNo":32016021,"SuAdi":"BEYSEHİR G. SUĞLA ÇIKIŞI","IstAdi":"SARAYKÖY","BolgeNo":4,"ILKODU":42,"ILCEKODU":1994,"HAVZA_ID":16,"entityId":"909","entityType":"hesStations","id":"909","name":"SARAYKÖY","stationId":32016021,"basinId":16,"status":"no_data","color":"#94a3b8","radius":7}},{"type":"Feature","id":"910","geometry":{"type":"Point","coordinates":[32.66945000000004,38.69861000000003]},"properties":{"OBJECTID":910,"IstNo":32016023,"SuAdi":"İNSU DERESİ","IstAdi":"İNSU KÖYÜ","BolgeNo":4,"ILKODU":42,"ILCEKODU":1222,"HAVZA_ID":16,"entityId":"910","entityType":"hesStations","id":"910","name":"İNSU KÖYÜ","stationId":32016023,"basinId":16,"status":"no_data","color":"#94a3b8","radius":7}},{"type":"Feature","id":"911","geometry":{"type":"Point","coordinates":[33.70694000000003,38.867500000000064]},"properties":{"OBJECTID":911,"IstNo":32016029,"SuAdi":"PEÇENEKÖZÜ D.","IstAdi":"DEVEKOVAN","BolgeNo":5,"ILKODU":6,"ILCEKODU":1658,"HAVZA_ID":16,"entityId":"911","entityType":"hesStations","id":"911","name":"DEVEKOVAN","stationId":32016029,"basinId":16,"status":"no_data","color":"#94a3b8","radius":7}},{"type":"Feature","id":"912","geometry":{"type":"Point","coordinates":[33.81556000000006,36.40361000000007]},"properties":{"OBJECTID":912,"IstNo":32017014,"SuAdi":"GÖKSU N.","IstAdi":"KARAHACILI","BolgeNo":6,"ILKODU":33,"ILCEKODU":1621,"HAVZA_ID":17,"entityId":"912","entityType":"hesStations","id":"912","name":"KARAHACILI","stationId":32017014,"basinId":17,"status":"no_data","color":"#94a3b8","radius":7}},{"type":"Feature","id":"913","geometry":{"type":"Point","coordinates":[34.00555000000003,36.660000000000025]},"properties":{"OBJECTID":913,"IstNo":32017017,"SuAdi":"LAMAS Ç.","IstAdi":"KIZILGEÇİT","BolgeNo":6,"ILKODU":33,"ILCEKODU":1621,"HAVZA_ID":17,"entityId":"913","entityType":"hesStations","id":"913","name":"KIZILGEÇİT","stationId":32017017,"basinId":17,"status":"no_data","color":"#94a3b8","radius":7}},{"type":"Feature","id":"914","geometry":{"type":"Point","coordinates":[33.36945000000003,36.635830000000055]},"properties":{"OBJECTID":914,"IstNo":32017020,"SuAdi":"GÖKSU N.","IstAdi":"HAMAM","BolgeNo":6,"ILKODU":33,"ILCEKODU":1536,"HAVZA_ID":17,"entityId":"914","entityType":"hesStations","id":"914","name":"HAMAM","stationId":32017020,"basinId":17,"status":"no_data","color":"#94a3b8","radius":7}},{"type":"Feature","id":"915","geometry":{"type":"Point","coordinates":[32.895560000000046,36.175830000000076]},"properties":{"OBJECTID":915,"IstNo":32017021,"SuAdi":"ANAMUR Ç.","IstAdi":"ALAKÖPRÜ","BolgeNo":6,"ILKODU":33,"ILCEKODU":1135,"HAVZA_ID":17,"entityId":"915","entityType":"hesStations","id":"915","name":"ALAKÖPRÜ","stationId":32017021,"basinId":17,"status":"no_data","color":"#94a3b8","radius":7}},{"type":"Feature","id":"916","geometry":{"type":"Point","coordinates":[32.65667000000008,36.61555000000004]},"properties":{"OBJECTID":916,"IstNo":32017025,"SuAdi":"GÖKTEPE D.","IstAdi":"GÜNDER","BolgeNo":4,"ILKODU":70,"ILCEKODU":1983,"HAVZA_ID":17,"entityId":"916","entityType":"hesStations","id":"916","name":"GÜNDER","stationId":32017025,"basinId":17,"status":"no_data","color":"#94a3b8","radius":7}},{"type":"Feature","id":"917","geometry":{"type":"Point","coordinates":[34.33361000000008,36.865000000000066]},"properties":{"OBJECTID":917,"IstNo":32017039,"SuAdi":"ŞAHNA DERESİ","IstAdi":"ŞAHNA","BolgeNo":6,"ILKODU":33,"ILCEKODU":1311,"HAVZA_ID":17,"entityId":"917","entityType":"hesStations","id":"917","name":"ŞAHNA","stationId":32017039,"basinId":17,"status":"no_data","color":"#94a3b8","radius":7}},{"type":"Feature","id":"918","geometry":{"type":"Point","coordinates":[32.76750000000004,36.69778000000008]},"properties":{"OBJECTID":918,"IstNo":32017040,"SuAdi":"KIŞLA DERESİ","IstAdi":"SERPER","BolgeNo":4,"ILKODU":70,"ILCEKODU":1316,"HAVZA_ID":17,"entityId":"918","entityType":"hesStations","id":"918","name":"SERPER","stationId":32017040,"basinId":17,"status":"no_data","color":"#94a3b8","radius":7}},{"type":"Feature","id":"919","geometry":{"type":"Point","coordinates":[32.45083000000005,36.69083000000006]},"properties":{"OBJECTID":919,"IstNo":32017041,"SuAdi":"GEVNE Ç.","IstAdi":"FAKIRCALI KÖPRÜSÜ","BolgeNo":4,"ILKODU":70,"ILCEKODU":1983,"HAVZA_ID":17,"entityId":"919","entityType":"hesStations","id":"919","name":"FAKIRCALI KÖPRÜSÜ","stationId":32017041,"basinId":17,"status":"no_data","color":"#94a3b8","radius":7}},{"type":"Feature","id":"920","geometry":{"type":"Point","coordinates":[32.68111000000005,36.568610000000035]},"properties":{"OBJECTID":920,"IstNo":32017042,"SuAdi":"ERMENEK Ç.","IstAdi":"DARAN KÖPRÜSÜ","BolgeNo":4,"ILKODU":70,"ILCEKODU":1983,"HAVZA_ID":17,"entityId":"920","entityType":"hesStations","id":"920","name":"DARAN KÖPRÜSÜ","stationId":32017042,"basinId":17,"status":"no_data","color":"#94a3b8","radius":7}},{"type":"Feature","id":"921","geometry":{"type":"Point","coordinates":[35.154720000000054,37.29556000000008]},"properties":{"OBJECTID":921,"IstNo":32018020,"SuAdi":"KÖRKÜN SUYU","IstAdi":"HACILI KÖPRÜSÜ","BolgeNo":6,"ILKODU":1,"ILCEKODU":1437,"HAVZA_ID":18,"entityId":"921","entityType":"hesStations","id":"921","name":"HACILI KÖPRÜSÜ","stationId":32018020,"basinId":18,"status":"no_data","color":"#94a3b8","radius":7}},{"type":"Feature","id":"922","geometry":{"type":"Point","coordinates":[35.62639000000007,38.24583000000007]},"properties":{"OBJECTID":922,"IstNo":32018022,"SuAdi":"ZAMANTİ N.","IstAdi":"FRAKTİN KÖPRÜSÜ","BolgeNo":12,"ILKODU":38,"ILCEKODU":1275,"HAVZA_ID":18,"entityId":"922","entityType":"hesStations","id":"922","name":"FRAKTİN KÖPRÜSÜ","stationId":32018022,"basinId":18,"status":"no_data","color":"#94a3b8","radius":7}},{"type":"Feature","id":"923","geometry":{"type":"Point","coordinates":[36.285000000000025,38.141110000000026]},"properties":{"OBJECTID":923,"IstNo":32018024,"SuAdi":"GÖKSU","IstAdi":"ÇUKURKIŞLA","BolgeNo":6,"ILKODU":1,"ILCEKODU":1687,"HAVZA_ID":18,"entityId":"923","entityType":"hesStations","id":"923","name":"ÇUKURKIŞLA","stationId":32018024,"basinId":18,"status":"no_data","color":"#94a3b8","radius":7}},{"type":"Feature","id":"924","geometry":{"type":"Point","coordinates":[35.48611000000005,37.855000000000075]},"properties":{"OBJECTID":924,"IstNo":32018027,"SuAdi":"ZAMANTİ N.","IstAdi":"DEGİRMENOCAĞI","BolgeNo":12,"ILKODU":38,"ILCEKODU":1715,"HAVZA_ID":18,"entityId":"924","entityType":"hesStations","id":"924","name":"DEGİRMENOCAĞI","stationId":32018027,"basinId":18,"status":"no_data","color":"#94a3b8","radius":7}},{"type":"Feature","id":"925","geometry":{"type":"Point","coordinates":[35.10722000000004,37.103890000000035]},"properties":{"OBJECTID":925,"IstNo":32018028,"SuAdi":"ÇAKIT S.","IstAdi":"SALBAŞ","BolgeNo":6,"ILKODU":1,"ILCEKODU":2033,"HAVZA_ID":18,"entityId":"925","entityType":"hesStations","id":"925","name":"SALBAŞ","stationId":32018028,"basinId":18,"status":"no_data","color":"#94a3b8","radius":7}},{"type":"Feature","id":"926","geometry":{"type":"Point","coordinates":[36.458330000000046,38.68444000000005]},"properties":{"OBJECTID":926,"IstNo":32018032,"SuAdi":"ÖZDERE","IstAdi":"BÜYÜKGÜMÜŞGÜN","BolgeNo":12,"ILKODU":38,"ILCEKODU":1576,"HAVZA_ID":18,"entityId":"926","entityType":"hesStations","id":"926","name":"BÜYÜKGÜMÜŞGÜN","stationId":32018032,"basinId":18,"status":"no_data","color":"#94a3b8","radius":7}},{"type":"Feature","id":"927","geometry":{"type":"Point","coordinates":[36.41361000000006,38.737220000000036]},"properties":{"OBJECTID":927,"IstNo":32018034,"SuAdi":"ZAMANTİ N.","IstAdi":"KILIÇMEHMET","BolgeNo":12,"ILKODU":38,"ILCEKODU":1576,"HAVZA_ID":18,"entityId":"927","entityType":"hesStations","id":"927","name":"KILIÇMEHMET","stationId":32018034,"basinId":18,"status":"no_data","color":"#94a3b8","radius":7}},{"type":"Feature","id":"928","geometry":{"type":"Point","coordinates":[35.84139000000005,38.15861000000007]},"properties":{"OBJECTID":928,"IstNo":32018039,"SuAdi":"İKİZDERE","IstAdi":"ÇATALOLUK","BolgeNo":12,"ILKODU":38,"ILCEKODU":1275,"HAVZA_ID":18,"entityId":"928","entityType":"hesStations","id":"928","name":"ÇATALOLUK","stationId":32018039,"basinId":18,"status":"no_data","color":"#94a3b8","radius":7}},{"type":"Feature","id":"929","geometry":{"type":"Point","coordinates":[36.411110000000065,36.50333000000006]},"properties":{"OBJECTID":929,"IstNo":32019005,"SuAdi":"KARASU","IstAdi":"TORUN KÖPRÜSÜ","BolgeNo":6,"ILKODU":31,"ILCEKODU":1468,"HAVZA_ID":19,"entityId":"929","entityType":"hesStations","id":"929","name":"TORUN KÖPRÜSÜ","stationId":32019005,"basinId":19,"status":"no_data","color":"#94a3b8","radius":7}},{"type":"Feature","id":"930","geometry":{"type":"Point","coordinates":[36.35333000000003,36.25139000000007]},"properties":{"OBJECTID":930,"IstNo":32019007,"SuAdi":"ASİ N.","IstAdi":"DEMİRKÖPRÜ","BolgeNo":6,"ILKODU":31,"ILCEKODU":2080,"HAVZA_ID":19,"entityId":"930","entityType":"hesStations","id":"930","name":"DEMİRKÖPRÜ","stationId":32019007,"basinId":19,"status":"no_data","color":"#94a3b8","radius":7}},{"type":"Feature","id":"931","geometry":{"type":"Point","coordinates":[36.15694000000008,36.19778000000008]},"properties":{"OBJECTID":931,"IstNo":32019008,"SuAdi":"ASİ N.","IstAdi":"ANTAKYA","BolgeNo":6,"ILKODU":31,"ILCEKODU":2080,"HAVZA_ID":19,"entityId":"931","entityType":"hesStations","id":"931","name":"ANTAKYA","stationId":32019008,"basinId":19,"status":"no_data","color":"#94a3b8","radius":7}},{"type":"Feature","id":"932","geometry":{"type":"Point","coordinates":[35.63417000000004,36.95778000000007]},"properties":{"OBJECTID":932,"IstNo":32020004,"SuAdi":"CEYHAN N.","IstAdi":"MİSİS","BolgeNo":6,"ILKODU":1,"ILCEKODU":1748,"HAVZA_ID":20,"entityId":"932","entityType":"hesStations","id":"932","name":"MİSİS","stationId":32020004,"basinId":20,"status":"no_data","color":"#94a3b8","radius":7}},{"type":"Feature","id":"933","geometry":{"type":"Point","coordinates":[36.569720000000075,38.03194000000008]},"properties":{"OBJECTID":933,"IstNo":32020006,"SuAdi":"GÖKSUN Ç.","IstAdi":"KARAAHMET","BolgeNo":20,"ILKODU":46,"ILCEKODU":1353,"HAVZA_ID":20,"entityId":"933","entityType":"hesStations","id":"933","name":"KARAAHMET","stationId":32020006,"basinId":20,"status":"no_data","color":"#94a3b8","radius":7}},{"type":"Feature","id":"934","geometry":{"type":"Point","coordinates":[35.917500000000075,37.34139000000005]},"properties":{"OBJECTID":934,"IstNo":32020007,"SuAdi":"SONBOZ Ç.","IstAdi":"ÇUKURKÖPRÜ","BolgeNo":6,"ILKODU":80,"ILCEKODU":1423,"HAVZA_ID":20,"entityId":"934","entityType":"hesStations","id":"934","name":"ÇUKURKÖPRÜ","stationId":32020007,"basinId":20,"status":"no_data","color":"#94a3b8","radius":7}},{"type":"Feature","id":"935","geometry":{"type":"Point","coordinates":[36.08472000000006,37.361950000000036]},"properties":{"OBJECTID":935,"IstNo":32020008,"SuAdi":"SAVRUN D.","IstAdi":"KADİRLİ","BolgeNo":6,"ILKODU":80,"ILCEKODU":1423,"HAVZA_ID":20,"entityId":"935","entityType":"hesStations","id":"935","name":"KADİRLİ","stationId":32020008,"basinId":20,"status":"no_data","color":"#94a3b8","radius":7}},{"type":"Feature","id":"936","geometry":{"type":"Point","coordinates":[37.53361000000007,38.25555000000003]},"properties":{"OBJECTID":936,"IstNo":32020022,"SuAdi":"SÖĞÜTLÜ SUYU","IstAdi":"HANKÖY","BolgeNo":20,"ILKODU":46,"ILCEKODU":1299,"HAVZA_ID":20,"entityId":"936","entityType":"hesStations","id":"936","name":"HANKÖY","stationId":32020022,"basinId":20,"status":"no_data","color":"#94a3b8","radius":7}},{"type":"Feature","id":"937","geometry":{"type":"Point","coordinates":[36.92000000000007,38.42194000000006]},"properties":{"OBJECTID":937,"IstNo":32020025,"SuAdi":"HURMAN SUYU","IstAdi":"GÖZLER ÜSTÜ","BolgeNo":20,"ILKODU":46,"ILCEKODU":1107,"HAVZA_ID":20,"entityId":"937","entityType":"hesStations","id":"937","name":"GÖZLER ÜSTÜ","stationId":32020025,"basinId":20,"status":"no_data","color":"#94a3b8","radius":7}},{"type":"Feature","id":"938","geometry":{"type":"Point","coordinates":[36.466950000000054,38.068610000000035]},"properties":{"OBJECTID":938,"IstNo":32020029,"SuAdi":"TÖRBÜZEK D.","IstAdi":"MEHMETBEY","BolgeNo":20,"ILKODU":46,"ILCEKODU":1353,"HAVZA_ID":20,"entityId":"938","entityType":"hesStations","id":"938","name":"MEHMETBEY","stationId":32020029,"basinId":20,"status":"no_data","color":"#94a3b8","radius":7}},{"type":"Feature","id":"939","geometry":{"type":"Point","coordinates":[38.72805000000005,38.80278000000004]},"properties":{"OBJECTID":939,"IstNo":32021003,"SuAdi":"FIRAT N.","IstAdi":"KEBAN","BolgeNo":9,"ILKODU":23,"ILCEKODU":1455,"HAVZA_ID":21,"entityId":"939","entityType":"hesStations","id":"939","name":"KEBAN","stationId":32021003,"basinId":21,"status":"no_data","color":"#94a3b8","radius":7}},{"type":"Feature","id":"940","geometry":{"type":"Point","coordinates":[39.39305000000007,39.68250000000006]},"properties":{"OBJECTID":940,"IstNo":32021019,"SuAdi":"FIRAT N.","IstAdi":"KEMAH BOĞAZI","BolgeNo":8,"ILKODU":24,"ILCEKODU":1318,"HAVZA_ID":21,"entityId":"940","entityType":"hesStations","id":"940","name":"KEMAH BOĞAZI","stationId":32021019,"basinId":21,"status":"no_data","color":"#94a3b8","radius":7}},{"type":"Feature","id":"941","geometry":{"type":"Point","coordinates":[42.78028000000006,39.53861000000006]},"properties":{"OBJECTID":941,"IstNo":32021022,"SuAdi":"MURAT N.","IstAdi":"TUTAK","BolgeNo":8,"ILKODU":4,"ILCEKODU":1691,"HAVZA_ID":21,"entityId":"941","entityType":"hesStations","id":"941","name":"TUTAK","stationId":32021022,"basinId":21,"status":"no_data","color":"#94a3b8","radius":7}},{"type":"Feature","id":"942","geometry":{"type":"Point","coordinates":[37.44305000000003,38.673050000000046]},"properties":{"OBJECTID":942,"IstNo":32021024,"SuAdi":"TOHMA S.","IstAdi":"YAZIKÖY","BolgeNo":9,"ILKODU":44,"ILCEKODU":1265,"HAVZA_ID":21,"entityId":"942","entityType":"hesStations","id":"942","name":"YAZIKÖY","stationId":32021024,"basinId":21,"status":"no_data","color":"#94a3b8","radius":7}},{"type":"Feature","id":"943","geometry":{"type":"Point","coordinates":[38.236950000000036,37.99389000000008]},"properties":{"OBJECTID":943,"IstNo":32021035,"SuAdi":"BULAM Ç.","IstAdi":"FATOPAŞA","BolgeNo":20,"ILKODU":2,"ILCEKODU":1105,"HAVZA_ID":21,"entityId":"943","entityType":"hesStations","id":"943","name":"FATOPAŞA","stationId":32021035,"basinId":21,"status":"no_data","color":"#94a3b8","radius":7}},{"type":"Feature","id":"944","geometry":{"type":"Point","coordinates":[39.539720000000045,39.10917000000006]},"properties":{"OBJECTID":944,"IstNo":32021049,"SuAdi":"MUNZUR S.","IstAdi":"MİSKİSAĞ","BolgeNo":9,"ILKODU":62,"ILCEKODU":1688,"HAVZA_ID":21,"entityId":"944","entityType":"hesStations","id":"944","name":"MİSKİSAĞ","stationId":32021049,"basinId":21,"status":"no_data","color":"#94a3b8","radius":7}},{"type":"Feature","id":"945","geometry":{"type":"Point","coordinates":[40.17014000000006,39.57865000000004]},"properties":{"OBJECTID":945,"IstNo":32021051,"SuAdi":"FIRAT N.","IstAdi":"DEMİRKAPI(SANSA BOĞAZI)","BolgeNo":8,"ILKODU":24,"ILCEKODU":1853,"HAVZA_ID":21,"entityId":"945","entityType":"hesStations","id":"945","name":"DEMİRKAPI(SANSA BOĞAZI)","stationId":32021051,"basinId":21,"status":"no_data","color":"#94a3b8","radius":7}},{"type":"Feature","id":"946","geometry":{"type":"Point","coordinates":[40.55472000000003,38.808610000000044]},"properties":{"OBJECTID":946,"IstNo":32021064,"SuAdi":"GÖYNÜK Ç.","IstAdi":"ÇAYAĞZI","BolgeNo":9,"ILKODU":12,"ILCEKODU":1193,"HAVZA_ID":21,"entityId":"946","entityType":"hesStations","id":"946","name":"ÇAYAĞZI","stationId":32021064,"basinId":21,"status":"no_data","color":"#94a3b8","radius":7}},{"type":"Feature","id":"947","geometry":{"type":"Point","coordinates":[39.79639000000003,38.85917000000006]},"properties":{"OBJECTID":947,"IstNo":32021066,"SuAdi":"PERİ S.","IstAdi":"LOĞMAR","BolgeNo":9,"ILKODU":23,"ILCEKODU":1518,"HAVZA_ID":21,"entityId":"947","entityType":"hesStations","id":"947","name":"LOĞMAR","stationId":32021066,"basinId":21,"status":"no_data","color":"#94a3b8","radius":7}},{"type":"Feature","id":"948","geometry":{"type":"Point","coordinates":[39.87056000000007,39.590250000000026]},"properties":{"OBJECTID":948,"IstNo":32021076,"SuAdi":"TACİK D.","IstAdi":"MUTU BOĞAZI","BolgeNo":8,"ILKODU":24,"ILCEKODU":1581,"HAVZA_ID":21,"entityId":"948","entityType":"hesStations","id":"948","name":"MUTU BOĞAZI","stationId":32021076,"basinId":21,"status":"no_data","color":"#94a3b8","radius":7}},{"type":"Feature","id":"949","geometry":{"type":"Point","coordinates":[42.168330000000026,39.21944000000008]},"properties":{"OBJECTID":949,"IstNo":32021077,"SuAdi":"HINIS Ç.","IstAdi":"ADIVAR","BolgeNo":17,"ILKODU":49,"ILCEKODU":1213,"HAVZA_ID":21,"entityId":"949","entityType":"hesStations","id":"949","name":"ADIVAR","stationId":32021077,"basinId":21,"status":"no_data","color":"#94a3b8","radius":7}},{"type":"Feature","id":"950","geometry":{"type":"Point","coordinates":[41.409440000000075,40.137500000000045]},"properties":{"OBJECTID":950,"IstNo":32021080,"SuAdi":"DUMLU SUYU","IstAdi":"YEŞİLDERE","BolgeNo":8,"ILKODU":25,"ILCEKODU":2045,"HAVZA_ID":21,"entityId":"950","entityType":"hesStations","id":"950","name":"YEŞİLDERE","stationId":32021080,"basinId":21,"status":"no_data","color":"#94a3b8","radius":7}},{"type":"Feature","id":"951","geometry":{"type":"Point","coordinates":[38.26222000000007,37.926390000000026]},"properties":{"OBJECTID":951,"IstNo":32021083,"SuAdi":"PAMUK Ç.","IstAdi":"KOÇALİ","BolgeNo":20,"ILKODU":2,"ILCEKODU":1105,"HAVZA_ID":21,"entityId":"951","entityType":"hesStations","id":"951","name":"KOÇALİ","stationId":32021083,"basinId":21,"status":"no_data","color":"#94a3b8","radius":7}},{"type":"Feature","id":"952","geometry":{"type":"Point","coordinates":[41.61945000000003,38.754440000000045]},"properties":{"OBJECTID":952,"IstNo":32021096,"SuAdi":"KARASU Ç.","IstAdi":"SUNGU","BolgeNo":17,"ILKODU":49,"ILCEKODU":1534,"HAVZA_ID":21,"entityId":"952","entityType":"hesStations","id":"952","name":"SUNGU","stationId":32021096,"basinId":21,"status":"no_data","color":"#94a3b8","radius":7}},{"type":"Feature","id":"953","geometry":{"type":"Point","coordinates":[37.64972000000006,38.741940000000056]},"properties":{"OBJECTID":953,"IstNo":32021097,"SuAdi":"AYVALI  D.","IstAdi":"AYVALI ","BolgeNo":9,"ILKODU":44,"ILCEKODU":1969,"HAVZA_ID":21,"entityId":"953","entityType":"hesStations","id":"953","name":"AYVALI ","stationId":32021097,"basinId":21,"status":"no_data","color":"#94a3b8","radius":7}},{"type":"Feature","id":"954","geometry":{"type":"Point","coordinates":[38.55167000000006,39.119170000000054]},"properties":{"OBJECTID":954,"IstNo":32021098,"SuAdi":"VİRAN Ç.","IstAdi":"KEKLİKPINARI","BolgeNo":9,"ILKODU":44,"ILCEKODU":1460,"HAVZA_ID":21,"entityId":"954","entityType":"hesStations","id":"954","name":"KEKLİKPINARI","stationId":32021098,"basinId":21,"status":"no_data","color":"#94a3b8","radius":7}},{"type":"Feature","id":"955","geometry":{"type":"Point","coordinates":[40.59778000000006,40.728890000000035]},"properties":{"OBJECTID":955,"IstNo":32022015,"SuAdi":"ÇAMLIK DERE","IstAdi":"DEREKÖY","BolgeNo":22,"ILKODU":53,"ILCEKODU":1405,"HAVZA_ID":22,"entityId":"955","entityType":"hesStations","id":"955","name":"DEREKÖY","stationId":32022015,"basinId":22,"status":"no_data","color":"#94a3b8","radius":7}},{"type":"Feature","id":"956","geometry":{"type":"Point","coordinates":[40.57889000000006,40.66583000000003]},"properties":{"OBJECTID":956,"IstNo":32022033,"SuAdi":"TOZKÖY DERESİ","IstAdi":"TOZKÖY","BolgeNo":22,"ILKODU":53,"ILCEKODU":1405,"HAVZA_ID":22,"entityId":"956","entityType":"hesStations","id":"956","name":"TOZKÖY","stationId":32022033,"basinId":22,"status":"no_data","color":"#94a3b8","radius":7}},{"type":"Feature","id":"957","geometry":{"type":"Point","coordinates":[37.89667000000003,40.88639000000006]},"properties":{"OBJECTID":957,"IstNo":32022047,"SuAdi":"MELET Ç.","IstAdi":"GOCALLI KÖPRÜSÜ","BolgeNo":7,"ILKODU":52,"ILCEKODU":2103,"HAVZA_ID":22,"entityId":"957","entityType":"hesStations","id":"957","name":"GOCALLI KÖPRÜSÜ","stationId":32022047,"basinId":22,"status":"no_data","color":"#94a3b8","radius":7}},{"type":"Feature","id":"958","geometry":{"type":"Point","coordinates":[38.175560000000075,40.92694000000006]},"properties":{"OBJECTID":958,"IstNo":32022053,"SuAdi":"PAZARSUYU","IstAdi":"EMECAN","BolgeNo":22,"ILKODU":28,"ILCEKODU":1212,"HAVZA_ID":22,"entityId":"958","entityType":"hesStations","id":"958","name":"EMECAN","stationId":32022053,"basinId":22,"status":"no_data","color":"#94a3b8","radius":7}},{"type":"Feature","id":"959","geometry":{"type":"Point","coordinates":[37.14722000000006,41.110550000000046]},"properties":{"OBJECTID":959,"IstNo":32022054,"SuAdi":"AKÇAY ","IstAdi":"DURAKLI","BolgeNo":7,"ILKODU":52,"ILCEKODU":1676,"HAVZA_ID":22,"entityId":"959","entityType":"hesStations","id":"959","name":"DURAKLI","stationId":32022054,"basinId":22,"status":"no_data","color":"#94a3b8","radius":7}},{"type":"Feature","id":"960","geometry":{"type":"Point","coordinates":[39.29222000000004,40.54194000000007]},"properties":{"OBJECTID":960,"IstNo":32022055,"SuAdi":"ÇİT DERESİ","IstAdi":"TORUL","BolgeNo":22,"ILKODU":29,"ILCEKODU":1684,"HAVZA_ID":22,"entityId":"960","entityType":"hesStations","id":"960","name":"TORUL","stationId":32022055,"basinId":22,"status":"no_data","color":"#94a3b8","radius":7}},{"type":"Feature","id":"961","geometry":{"type":"Point","coordinates":[36.28000000000003,41.24139000000008]},"properties":{"OBJECTID":961,"IstNo":32022062,"SuAdi":"MERT IRMAĞI","IstAdi":"ÇORAK","BolgeNo":7,"ILKODU":55,"ILCEKODU":2074,"HAVZA_ID":14,"entityId":"961","entityType":"hesStations","id":"961","name":"ÇORAK","stationId":32022062,"basinId":14,"status":"no_data","color":"#94a3b8","radius":7}},{"type":"Feature","id":"962","geometry":{"type":"Point","coordinates":[38.00195000000008,40.95528000000007]},"properties":{"OBJECTID":962,"IstNo":32022063,"SuAdi":"TURNASUYU","IstAdi":"KAPÇULLU","BolgeNo":7,"ILKODU":52,"ILCEKODU":1795,"HAVZA_ID":22,"entityId":"962","entityType":"hesStations","id":"962","name":"KAPÇULLU","stationId":32022063,"basinId":22,"status":"no_data","color":"#94a3b8","radius":7}},{"type":"Feature","id":"963","geometry":{"type":"Point","coordinates":[37.305000000000064,41.060280000000034]},"properties":{"OBJECTID":963,"IstNo":32022066,"SuAdi":"CEVİZDERE","IstAdi":"DÜZKÖY","BolgeNo":7,"ILKODU":52,"ILCEKODU":1706,"HAVZA_ID":22,"entityId":"963","entityType":"hesStations","id":"963","name":"DÜZKÖY","stationId":32022066,"basinId":22,"status":"no_data","color":"#94a3b8","radius":7}},{"type":"Feature","id":"964","geometry":{"type":"Point","coordinates":[40.07056000000006,40.850280000000055]},"properties":{"OBJECTID":964,"IstNo":32022070,"SuAdi":"KÜÇÜKDERE Ç.","IstAdi":"ÇİMENLİ","BolgeNo":22,"ILKODU":61,"ILCEKODU":1647,"HAVZA_ID":22,"entityId":"964","entityType":"hesStations","id":"964","name":"ÇİMENLİ","stationId":32022070,"basinId":22,"status":"no_data","color":"#94a3b8","radius":7}},{"type":"Feature","id":"965","geometry":{"type":"Point","coordinates":[37.20139000000006,41.115830000000074]},"properties":{"OBJECTID":965,"IstNo":32022071,"SuAdi":"CURA Ç.","IstAdi":"CURİ","BolgeNo":7,"ILKODU":52,"ILCEKODU":1706,"HAVZA_ID":22,"entityId":"965","entityType":"hesStations","id":"965","name":"CURİ","stationId":32022071,"basinId":22,"status":"no_data","color":"#94a3b8","radius":7}},{"type":"Feature","id":"966","geometry":{"type":"Point","coordinates":[40.964600000000075,40.45922000000007]},"properties":{"OBJECTID":966,"IstNo":32023016,"SuAdi":"ÇORUH N.","IstAdi":"İSPİR KÖPRÜSÜ","BolgeNo":8,"ILKODU":25,"ILCEKODU":1416,"HAVZA_ID":23,"entityId":"966","entityType":"hesStations","id":"966","name":"İSPİR KÖPRÜSÜ","stationId":32023016,"basinId":23,"status":"no_data","color":"#94a3b8","radius":7}},{"type":"Feature","id":"967","geometry":{"type":"Point","coordinates":[42.17411000000004,40.76455000000004]},"properties":{"OBJECTID":967,"IstNo":32023029,"SuAdi":"OLTU SUYU","IstAdi":"COŞKUNLAR","BolgeNo":8,"ILKODU":25,"ILCEKODU":1551,"HAVZA_ID":23,"entityId":"967","entityType":"hesStations","id":"967","name":"COŞKUNLAR","stationId":32023029,"basinId":23,"status":"no_data","color":"#94a3b8","radius":7}},{"type":"Feature","id":"968","geometry":{"type":"Point","coordinates":[41.17500000000007,40.635560000000055]},"properties":{"OBJECTID":968,"IstNo":32023030,"SuAdi":"ÇAMLIKAYA DERESİ","IstAdi":"ÇAMLIKAYA","BolgeNo":8,"ILKODU":25,"ILCEKODU":1416,"HAVZA_ID":23,"entityId":"968","entityType":"hesStations","id":"968","name":"ÇAMLIKAYA","stationId":32023030,"basinId":23,"status":"no_data","color":"#94a3b8","radius":7}},{"type":"Feature","id":"969","geometry":{"type":"Point","coordinates":[42.31278000000003,41.257780000000025]},"properties":{"OBJECTID":969,"IstNo":32023033,"SuAdi":"MANSURAT DERESİ","IstAdi":"SAVŞAT","BolgeNo":26,"ILKODU":8,"ILCEKODU":1653,"HAVZA_ID":23,"entityId":"969","entityType":"hesStations","id":"969","name":"SAVŞAT","stationId":32023033,"basinId":23,"status":"no_data","color":"#94a3b8","radius":7}},{"type":"Feature","id":"970","geometry":{"type":"Point","coordinates":[41.40222000000006,40.968890000000044]},"properties":{"OBJECTID":970,"IstNo":32023042,"SuAdi":"PARHAL DERESİ","IstAdi":"ALTIPARMAK","BolgeNo":26,"ILKODU":8,"ILCEKODU":1736,"HAVZA_ID":23,"entityId":"970","entityType":"hesStations","id":"970","name":"ALTIPARMAK","stationId":32023042,"basinId":23,"status":"no_data","color":"#94a3b8","radius":7}},{"type":"Feature","id":"971","geometry":{"type":"Point","coordinates":[43.23444000000006,40.148060000000044]},"properties":{"OBJECTID":971,"IstNo":32024002,"SuAdi":"ARAS N.","IstAdi":"KAĞIZMAN","BolgeNo":24,"ILKODU":36,"ILCEKODU":1424,"HAVZA_ID":24,"entityId":"971","entityType":"hesStations","id":"971","name":"KAĞIZMAN","stationId":32024002,"basinId":24,"status":"no_data","color":"#94a3b8","radius":7}},{"type":"Feature","id":"972","geometry":{"type":"Point","coordinates":[43.98387000000008,39.54316000000006]},"properties":{"OBJECTID":972,"IstNo":32024008,"SuAdi":"SARISU","IstAdi":"NONAK KÖPRÜSÜ","BolgeNo":8,"ILKODU":4,"ILCEKODU":1287,"HAVZA_ID":24,"entityId":"972","entityType":"hesStations","id":"972","name":"NONAK KÖPRÜSÜ","stationId":32024008,"basinId":24,"status":"no_data","color":"#94a3b8","radius":7}},{"type":"Feature","id":"973","geometry":{"type":"Point","coordinates":[42.87222000000003,41.159440000000075]},"properties":{"OBJECTID":973,"IstNo":32024015,"SuAdi":"KURA N.","IstAdi":"UR KÖPRÜSÜ","BolgeNo":24,"ILKODU":75,"ILCEKODU":1144,"HAVZA_ID":24,"entityId":"973","entityType":"hesStations","id":"973","name":"UR KÖPRÜSÜ","stationId":32024015,"basinId":24,"status":"no_data","color":"#94a3b8","radius":7}},{"type":"Feature","id":"974","geometry":{"type":"Point","coordinates":[42.85611000000006,41.13445000000007]},"properties":{"OBJECTID":974,"IstNo":32024022,"SuAdi":"ÖLÇEK Ç.","IstAdi":"ÖLÇEK","BolgeNo":24,"ILKODU":75,"ILCEKODU":1144,"HAVZA_ID":24,"entityId":"974","entityType":"hesStations","id":"974","name":"ÖLÇEK","stationId":32024022,"basinId":24,"status":"no_data","color":"#94a3b8","radius":7}},{"type":"Feature","id":"975","geometry":{"type":"Point","coordinates":[42.34000000000003,40.09555000000006]},"properties":{"OBJECTID":975,"IstNo":32024028,"SuAdi":"ARAS N.","IstAdi":"MEŞECİK","BolgeNo":8,"ILKODU":25,"ILCEKODU":1396,"HAVZA_ID":24,"entityId":"975","entityType":"hesStations","id":"975","name":"MEŞECİK","stationId":32024028,"basinId":24,"status":"no_data","color":"#94a3b8","radius":7}},{"type":"Feature","id":"976","geometry":{"type":"Point","coordinates":[43.20555000000007,38.34333000000004]},"properties":{"OBJECTID":976,"IstNo":32025027,"SuAdi":"GÜZELSU Ç.","IstAdi":"DÖNEMEÇ","BolgeNo":17,"ILKODU":65,"ILCEKODU":1918,"HAVZA_ID":25,"entityId":"976","entityType":"hesStations","id":"976","name":"DÖNEMEÇ","stationId":32025027,"basinId":25,"status":"no_data","color":"#94a3b8","radius":7}},{"type":"Feature","id":"977","geometry":{"type":"Point","coordinates":[41.78278000000006,38.16139000000004]},"properties":{"OBJECTID":977,"IstNo":32026010,"SuAdi":"BİTLİS Ç.","IstAdi":"BAYKAN","BolgeNo":10,"ILKODU":56,"ILCEKODU":1179,"HAVZA_ID":21,"entityId":"977","entityType":"hesStations","id":"977","name":"BAYKAN","stationId":32026010,"basinId":21,"status":"no_data","color":"#94a3b8","radius":7}},{"type":"Feature","id":"978","geometry":{"type":"Point","coordinates":[41.20333000000005,38.15333000000004]},"properties":{"OBJECTID":978,"IstNo":32026012,"SuAdi":"BATMAN Ç.","IstAdi":"MALABADİ KÖPRÜSÜ","BolgeNo":10,"ILKODU":21,"ILCEKODU":1624,"HAVZA_ID":21,"entityId":"978","entityType":"hesStations","id":"978","name":"MALABADİ KÖPRÜSÜ","stationId":32026012,"basinId":21,"status":"no_data","color":"#94a3b8","radius":7}},{"type":"Feature","id":"979","geometry":{"type":"Point","coordinates":[44.07056000000006,37.68222000000003]},"properties":{"OBJECTID":979,"IstNo":32026022,"SuAdi":"NEHİL Ç.","IstAdi":"KONAK","BolgeNo":17,"ILKODU":30,"ILCEKODU":1737,"HAVZA_ID":21,"entityId":"979","entityType":"hesStations","id":"979","name":"KONAK","stationId":32026022,"basinId":21,"status":"no_data","color":"#94a3b8","radius":7}},{"type":"Feature","id":"980","geometry":{"type":"Point","coordinates":[41.85722000000004,37.96139000000005]},"properties":{"OBJECTID":980,"IstNo":32026024,"SuAdi":"KEZER Ç.","IstAdi":"PINARCA","BolgeNo":10,"ILKODU":56,"ILCEKODU":1620,"HAVZA_ID":21,"entityId":"980","entityType":"hesStations","id":"980","name":"PINARCA","stationId":32026024,"basinId":21,"status":"no_data","color":"#94a3b8","radius":7}},{"type":"Feature","id":"981","geometry":{"type":"Point","coordinates":[39.70028000000008,38.342220000000054]},"properties":{"OBJECTID":981,"IstNo":32026035,"SuAdi":"DİCLE N.","IstAdi":"KALENDER KÖPRÜ","BolgeNo":10,"ILKODU":21,"ILCEKODU":1506,"HAVZA_ID":21,"entityId":"981","entityType":"hesStations","id":"981","name":"KALENDER KÖPRÜ","stationId":32026035,"basinId":21,"status":"no_data","color":"#94a3b8","radius":7}},{"type":"Feature","id":"982","geometry":{"type":"Point","coordinates":[40.27111000000008,37.83889000000005]},"properties":{"OBJECTID":982,"IstNo":32026038,"SuAdi":"DİCLE N.","IstAdi":"ZİYARET","BolgeNo":10,"ILKODU":21,"ILCEKODU":2042,"HAVZA_ID":21,"entityId":"982","entityType":"hesStations","id":"982","name":"ZİYARET","stationId":32026038,"basinId":21,"status":"no_data","color":"#94a3b8","radius":7}},{"type":"Feature","id":"983","geometry":{"type":"Point","coordinates":[44.59806000000003,37.28056000000004]},"properties":{"OBJECTID":983,"IstNo":32026039,"SuAdi":"ŞEMDİNLİ Ç.","IstAdi":"OLGUNLAR","BolgeNo":17,"ILKODU":30,"ILCEKODU":1656,"HAVZA_ID":21,"entityId":"983","entityType":"hesStations","id":"983","name":"OLGUNLAR","stationId":32026039,"basinId":21,"status":"no_data","color":"#94a3b8","radius":7}},{"type":"Feature","id":"984","geometry":{"type":"Point","coordinates":[28.681940000000054,40.166390000000035]},"properties":{"OBJECTID":984,"IstNo":34003034,"SuAdi":"ULUBAT GÖLÜ","IstAdi":"GÖLYAZI","BolgeNo":1,"ILKODU":16,"ILCEKODU":1829,"HAVZA_ID":3,"entityId":"984","entityType":"hesStations","id":"984","name":"GÖLYAZI","stationId":34003034,"basinId":3,"status":"no_data","color":"#94a3b8","radius":7}},{"type":"Feature","id":"985","geometry":{"type":"Point","coordinates":[28.69333000000006,36.95694000000003]},"properties":{"OBJECTID":985,"IstNo":34008019,"SuAdi":"KÖYCEĞİZ GÖLÜ","IstAdi":"KÖYCEĞİZ","BolgeNo":21,"ILKODU":48,"ILCEKODU":1488,"HAVZA_ID":8,"entityId":"985","entityType":"hesStations","id":"985","name":"KÖYCEĞİZ","stationId":34008019,"basinId":8,"status":"no_data","color":"#94a3b8","radius":7}},{"type":"Feature","id":"986","geometry":{"type":"Point","coordinates":[28.83361000000008,36.68083000000007]},"properties":{"OBJECTID":986,"IstNo":34008021,"SuAdi":"KOCAGÖL","IstAdi":"DALAMANCIK","BolgeNo":21,"ILKODU":48,"ILCEKODU":1742,"HAVZA_ID":8,"entityId":"986","entityType":"hesStations","id":"986","name":"DALAMANCIK","stationId":34008021,"basinId":8,"status":"no_data","color":"#94a3b8","radius":7}},{"type":"Feature","id":"987","geometry":{"type":"Point","coordinates":[30.194170000000042,37.69750000000005]},"properties":{"OBJECTID":987,"IstNo":34010012,"SuAdi":"BURDUR GÖLÜ","IstAdi":" BURDUR ÇENDİK PLAJI GÖL GÖZLEM","BolgeNo":18,"ILKODU":15,"ILCEKODU":1215,"HAVZA_ID":10,"entityId":"987","entityType":"hesStations","id":"987","name":" BURDUR ÇENDİK PLAJI GÖL GÖZLEM","stationId":34010012,"basinId":10,"status":"no_data","color":"#94a3b8","radius":7}},{"type":"Feature","id":"988","geometry":{"type":"Point","coordinates":[31.272500000000036,40.60278000000005]},"properties":{"OBJECTID":988,"IstNo":34013053,"SuAdi":"ABANT GÖLÜ","IstAdi":"ABANT ","BolgeNo":5,"ILKODU":14,"ILCEKODU":1531,"HAVZA_ID":13,"entityId":"988","entityType":"hesStations","id":"988","name":"ABANT ","stationId":34013053,"basinId":13,"status":"no_data","color":"#94a3b8","radius":7}},{"type":"Feature","id":"989","geometry":{"type":"Point","coordinates":[33.41861000000006,38.95555000000007]},"properties":{"OBJECTID":989,"IstNo":34016019,"SuAdi":"TUZ GÖLÜ","IstAdi":"KALDIRIM TUZLASI","BolgeNo":4,"ILKODU":6,"ILCEKODU":1658,"HAVZA_ID":16,"entityId":"989","entityType":"hesStations","id":"989","name":"KALDIRIM TUZLASI","stationId":34016019,"basinId":16,"status":"no_data","color":"#94a3b8","radius":7}},{"type":"Feature","id":"990","geometry":{"type":"Point","coordinates":[42.294170000000065,38.49278000000004]},"properties":{"OBJECTID":990,"IstNo":34025001,"SuAdi":"VAN GÖLÜ","IstAdi":"TATVAN","BolgeNo":17,"ILKODU":13,"ILCEKODU":1669,"HAVZA_ID":25,"entityId":"990","entityType":"hesStations","id":"990","name":"TATVAN","stationId":34025001,"basinId":25,"status":"no_data","color":"#94a3b8","radius":7}},{"type":"Feature","id":"991","geometry":{"type":"Point","coordinates":[43.57806000000005,38.60639000000003]},"properties":{"OBJECTID":991,"IstNo":34025012,"SuAdi":"ERÇEK GÖLÜ","IstAdi":"ERÇEK","BolgeNo":17,"ILKODU":65,"ILCEKODU":2098,"HAVZA_ID":25,"entityId":"991","entityType":"hesStations","id":"991","name":"ERÇEK","stationId":34025012,"basinId":25,"status":"no_data","color":"#94a3b8","radius":7}},{"type":"Feature","id":"992","geometry":{"type":"Point","coordinates":[29.819720000000075,40.44667000000004]},"properties":{"OBJECTID":992,"IstNo":42002001,"SuAdi":"ÇINARLI D.","IstAdi":"İZNİK DEREKÖY HES","BolgeNo":1,"ILKODU":-1,"ILCEKODU":1420,"HAVZA_ID":2,"entityId":"992","entityType":"hesStations","id":"992","name":"İZNİK DEREKÖY HES","stationId":42002001,"basinId":2,"status":"no_data","color":"#94a3b8","radius":7}},{"type":"Feature","id":"993","geometry":{"type":"Point","coordinates":[29.106670000000065,40.01639000000006]},"properties":{"OBJECTID":993,"IstNo":42003001,"SuAdi":"NİLÜFER Ç.","IstAdi":"OSMANGAZİ EGEMEN1 HES","BolgeNo":1,"ILKODU":16,"ILCEKODU":1832,"HAVZA_ID":3,"entityId":"993","entityType":"hesStations","id":"993","name":"OSMANGAZİ EGEMEN1 HES","stationId":42003001,"basinId":3,"status":"no_data","color":"#94a3b8","radius":7}},{"type":"Feature","id":"994","geometry":{"type":"Point","coordinates":[29.06833000000006,40.04694000000006]},"properties":{"OBJECTID":994,"IstNo":42003002,"SuAdi":"NİLÜFER Ç.","IstAdi":"OSMANGAZİ EGEMEN 1B HES","BolgeNo":1,"ILKODU":16,"ILCEKODU":1553,"HAVZA_ID":3,"entityId":"994","entityType":"hesStations","id":"994","name":"OSMANGAZİ EGEMEN 1B HES","stationId":42003002,"basinId":3,"status":"no_data","color":"#94a3b8","radius":7}},{"type":"Feature","id":"995","geometry":{"type":"Point","coordinates":[28.565000000000055,39.91417000000007]},"properties":{"OBJECTID":995,"IstNo":42003004,"SuAdi":"EMET Ç.","IstAdi":"DEVECİKONAĞI HES CANSUYU","BolgeNo":1,"ILKODU":16,"ILCEKODU":1535,"HAVZA_ID":3,"entityId":"995","entityType":"hesStations","id":"995","name":"DEVECİKONAĞI HES CANSUYU","stationId":42003004,"basinId":3,"status":"no_data","color":"#94a3b8","radius":7}},{"type":"Feature","id":"996","geometry":{"type":"Point","coordinates":[28.379720000000077,39.88833000000005]},"properties":{"OBJECTID":996,"IstNo":42003005,"SuAdi":"KARA DERE","IstAdi":"MUSTAFAKEMALPAŞA SUUÇTU HES","BolgeNo":1,"ILKODU":16,"ILCEKODU":1535,"HAVZA_ID":3,"entityId":"996","entityType":"hesStations","id":"996","name":"MUSTAFAKEMALPAŞA SUUÇTU HES","stationId":42003005,"basinId":3,"status":"no_data","color":"#94a3b8","radius":7}},{"type":"Feature","id":"997","geometry":{"type":"Point","coordinates":[28.37639000000007,39.89528000000007]},"properties":{"OBJECTID":997,"IstNo":42003006,"SuAdi":"ORTABURUN DERE","IstAdi":"MUSTAFAKEMALPAŞA SUUÇTU HES","BolgeNo":1,"ILKODU":16,"ILCEKODU":1535,"HAVZA_ID":3,"entityId":"997","entityType":"hesStations","id":"997","name":"MUSTAFAKEMALPAŞA SUUÇTU HES","stationId":42003006,"basinId":3,"status":"no_data","color":"#94a3b8","radius":7}},{"type":"Feature","id":"998","geometry":{"type":"Point","coordinates":[29.487220000000036,39.63083000000006]},"properties":{"OBJECTID":998,"IstNo":42003007,"SuAdi":"ORHANELİ Ç.","IstAdi":"EGER HES CANSUYU","BolgeNo":3,"ILKODU":43,"ILCEKODU":1671,"HAVZA_ID":3,"entityId":"998","entityType":"hesStations","id":"998","name":"EGER HES CANSUYU","stationId":42003007,"basinId":3,"status":"no_data","color":"#94a3b8","radius":7}},{"type":"Feature","id":"999","geometry":{"type":"Point","coordinates":[28.287780000000055,40.14528000000007]},"properties":{"OBJECTID":999,"IstNo":42003008,"SuAdi":"AKSU","IstAdi":"AKSU- GÖZEDE II HES","BolgeNo":1,"ILKODU":16,"ILCEKODU":1434,"HAVZA_ID":3,"entityId":"999","entityType":"hesStations","id":"999","name":"AKSU- GÖZEDE II HES","stationId":42003008,"basinId":3,"status":"no_data","color":"#94a3b8","radius":7}},{"type":"Feature","id":"1000","geometry":{"type":"Point","coordinates":[29.52917000000008,39.728890000000035]},"properties":{"OBJECTID":1000,"IstNo":42003009,"SuAdi":"ORHANELİ ÇAYI","IstAdi":"HAYMANA 2","BolgeNo":3,"ILKODU":43,"ILCEKODU":1288,"HAVZA_ID":3,"entityId":"1000","entityType":"hesStations","id":"1000","name":"HAYMANA 2","stationId":42003009,"basinId":3,"status":"no_data","color":"#94a3b8","radius":7}},{"type":"Feature","id":"1001","geometry":{"type":"Point","coordinates":[29.49944000000005,39.65500000000003]},"properties":{"OBJECTID":1001,"IstNo":42003010,"SuAdi":"ORHANELİ ÇAYI","IstAdi":"HAYMANA 1","BolgeNo":3,"ILKODU":43,"ILCEKODU":1671,"HAVZA_ID":3,"entityId":"1001","entityType":"hesStations","id":"1001","name":"HAYMANA 1","stationId":42003010,"basinId":3,"status":"no_data","color":"#94a3b8","radius":7}},{"type":"Feature","id":"1002","geometry":{"type":"Point","coordinates":[29.267580000000066,39.37677000000008]},"properties":{"OBJECTID":1002,"IstNo":42003011,"SuAdi":"PINARBAŞI ÇAYI","IstAdi":"KAYAKÖY HES CANSUYU","BolgeNo":3,"ILKODU":43,"ILCEKODU":1304,"HAVZA_ID":3,"entityId":"1002","entityType":"hesStations","id":"1002","name":"KAYAKÖY HES CANSUYU","stationId":42003011,"basinId":3,"status":"no_data","color":"#94a3b8","radius":7}},{"type":"Feature","id":"1003","geometry":{"type":"Point","coordinates":[28.899440000000027,37.867500000000064]},"properties":{"OBJECTID":1003,"IstNo":42007001,"SuAdi":"BÜYÜK MENDERES NEHRİ","IstAdi":"ADIGÜZEL 2 HES CANSUYU","BolgeNo":21,"ILKODU":20,"ILCEKODU":1597,"HAVZA_ID":7,"entityId":"1003","entityType":"hesStations","id":"1003","name":"ADIGÜZEL 2 HES CANSUYU","stationId":42007001,"basinId":7,"status":"no_data","color":"#94a3b8","radius":7}},{"type":"Feature","id":"1004","geometry":{"type":"Point","coordinates":[27.818890000000067,37.90694000000008]},"properties":{"OBJECTID":1004,"IstNo":42007004,"SuAdi":"B. MENDERES NEHRİ","IstAdi":"BAŞARAN HES CANSUYU","BolgeNo":21,"ILKODU":9,"ILCEKODU":2076,"HAVZA_ID":7,"entityId":"1004","entityType":"hesStations","id":"1004","name":"BAŞARAN HES CANSUYU","stationId":42007004,"basinId":7,"status":"no_data","color":"#94a3b8","radius":7}},{"type":"Feature","id":"1005","geometry":{"type":"Point","coordinates":[29.09722000000005,37.833330000000046]},"properties":{"OBJECTID":1005,"IstNo":42007005,"SuAdi":"B. MENDERES NEHRİ","IstAdi":"AKBAŞ HES CANSUYU","BolgeNo":21,"ILKODU":20,"ILCEKODU":2079,"HAVZA_ID":7,"entityId":"1005","entityType":"hesStations","id":"1005","name":"AKBAŞ HES CANSUYU","stationId":42007005,"basinId":7,"status":"no_data","color":"#94a3b8","radius":7}},{"type":"Feature","id":"1006","geometry":{"type":"Point","coordinates":[29.086110000000076,37.81583000000006]},"properties":{"OBJECTID":1006,"IstNo":42007006,"SuAdi":"B. MENDERES NEHRİ","IstAdi":"AKKENT-ÇALKUYUCAK HES CAN SUYU","BolgeNo":21,"ILKODU":20,"ILCEKODU":2079,"HAVZA_ID":7,"entityId":"1006","entityType":"hesStations","id":"1006","name":"AKKENT-ÇALKUYUCAK HES CAN SUYU","stationId":42007006,"basinId":7,"status":"no_data","color":"#94a3b8","radius":7}},{"type":"Feature","id":"1007","geometry":{"type":"Point","coordinates":[28.766670000000033,37.24583000000007]},"properties":{"OBJECTID":1007,"IstNo":42007010,"SuAdi":"AKÇAY","IstAdi":"DEMİRCİLER HES CAN SUYU","BolgeNo":21,"ILKODU":20,"ILCEKODU":1426,"HAVZA_ID":7,"entityId":"1007","entityType":"hesStations","id":"1007","name":"DEMİRCİLER HES CAN SUYU","stationId":42007010,"basinId":7,"status":"no_data","color":"#94a3b8","radius":7}},{"type":"Feature","id":"1008","geometry":{"type":"Point","coordinates":[30.300280000000043,36.42250000000007]},"properties":{"OBJECTID":1008,"IstNo":42008001,"SuAdi":"ALAKIR ÇAYI","IstAdi":"KÜRCE HES","BolgeNo":13,"ILKODU":7,"ILCEKODU":1492,"HAVZA_ID":8,"entityId":"1008","entityType":"hesStations","id":"1008","name":"KÜRCE HES","stationId":42008001,"basinId":8,"status":"no_data","color":"#94a3b8","radius":7}},{"type":"Feature","id":"1009","geometry":{"type":"Point","coordinates":[30.300290000000075,36.43159000000003]},"properties":{"OBJECTID":1009,"IstNo":42008002,"SuAdi":"ALAKIR ÇAYI","IstAdi":"KOZDERE HES","BolgeNo":13,"ILKODU":7,"ILCEKODU":1492,"HAVZA_ID":8,"entityId":"1009","entityType":"hesStations","id":"1009","name":"KOZDERE HES","stationId":42008002,"basinId":8,"status":"no_data","color":"#94a3b8","radius":7}},{"type":"Feature","id":"1010","geometry":{"type":"Point","coordinates":[29.062860000000057,36.91031000000004]},"properties":{"OBJECTID":1010,"IstNo":42008003,"SuAdi":"ÇALDERE","IstAdi":"ÇALDERE HES-CAN SUYU","BolgeNo":21,"ILKODU":48,"ILCEKODU":1742,"HAVZA_ID":8,"entityId":"1010","entityType":"hesStations","id":"1010","name":"ÇALDERE HES-CAN SUYU","stationId":42008003,"basinId":8,"status":"no_data","color":"#94a3b8","radius":7}},{"type":"Feature","id":"1011","geometry":{"type":"Point","coordinates":[28.411950000000047,37.27139000000005]},"properties":{"OBJECTID":1011,"IstNo":42008008,"SuAdi":"DALAMAN ÇAYI","IstAdi":"A.DALAMAN 5 HES CANSUYU","BolgeNo":21,"ILKODU":48,"ILCEKODU":2089,"HAVZA_ID":8,"entityId":"1011","entityType":"hesStations","id":"1011","name":"A.DALAMAN 5 HES CANSUYU","stationId":42008008,"basinId":8,"status":"no_data","color":"#94a3b8","radius":7}},{"type":"Feature","id":"1012","geometry":{"type":"Point","coordinates":[28.410640000000058,37.29299000000003]},"properties":{"OBJECTID":1012,"IstNo":42008009,"SuAdi":"DALAMAN ÇAYI","IstAdi":"GÖKYAR HES CAN SUYU","BolgeNo":21,"ILKODU":48,"ILCEKODU":2089,"HAVZA_ID":8,"entityId":"1012","entityType":"hesStations","id":"1012","name":"GÖKYAR HES CAN SUYU","stationId":42008009,"basinId":8,"status":"no_data","color":"#94a3b8","radius":7}},{"type":"Feature","id":"1013","geometry":{"type":"Point","coordinates":[29.497220000000027,36.836110000000076]},"properties":{"OBJECTID":1013,"IstNo":42008011,"SuAdi":"EŞEN ÇAY","IstAdi":"EŞEN 1 BARAJI VE HES CANSUYU","BolgeNo":21,"ILKODU":48,"ILCEKODU":2090,"HAVZA_ID":8,"entityId":"1013","entityType":"hesStations","id":"1013","name":"EŞEN 1 BARAJI VE HES CANSUYU","stationId":42008011,"basinId":8,"status":"no_data","color":"#94a3b8","radius":7}},{"type":"Feature","id":"1014","geometry":{"type":"Point","coordinates":[29.497220000000027,36.836110000000076]},"properties":{"OBJECTID":1014,"IstNo":42008012,"SuAdi":"EŞEN ÇAY","IstAdi":"EŞEN 2 HES CANSUYU","BolgeNo":21,"ILKODU":48,"ILCEKODU":2090,"HAVZA_ID":8,"entityId":"1014","entityType":"hesStations","id":"1014","name":"EŞEN 2 HES CANSUYU","stationId":42008012,"basinId":8,"status":"no_data","color":"#94a3b8","radius":7}},{"type":"Feature","id":"1015","geometry":{"type":"Point","coordinates":[28.393890000000056,37.279720000000054]},"properties":{"OBJECTID":1015,"IstNo":42008017,"SuAdi":"NAMNAM ÇAYI","IstAdi":"KAVAKÇALI HES CAN SUYU","BolgeNo":21,"ILKODU":48,"ILCEKODU":2089,"HAVZA_ID":8,"entityId":"1015","entityType":"hesStations","id":"1015","name":"KAVAKÇALI HES CAN SUYU","stationId":42008017,"basinId":8,"status":"no_data","color":"#94a3b8","radius":7}},{"type":"Feature","id":"1016","geometry":{"type":"Point","coordinates":[28.423330000000078,37.10472000000004]},"properties":{"OBJECTID":1016,"IstNo":42008021,"SuAdi":"NAMNAM ÇAYI","IstAdi":"NAMNAM HES CANSUYU","BolgeNo":21,"ILKODU":48,"ILCEKODU":1695,"HAVZA_ID":8,"entityId":"1016","entityType":"hesStations","id":"1016","name":"NAMNAM HES CANSUYU","stationId":42008021,"basinId":8,"status":"no_data","color":"#94a3b8","radius":7}},{"type":"Feature","id":"1017","geometry":{"type":"Point","coordinates":[29.046110000000056,36.97417000000007]},"properties":{"OBJECTID":1017,"IstNo":42008023,"SuAdi":"KILCAN D","IstAdi":"KILCAN HES CAN SUYU","BolgeNo":21,"ILKODU":48,"ILCEKODU":1742,"HAVZA_ID":8,"entityId":"1017","entityType":"hesStations","id":"1017","name":"KILCAN HES CAN SUYU","stationId":42008023,"basinId":8,"status":"no_data","color":"#94a3b8","radius":7}},{"type":"Feature","id":"1018","geometry":{"type":"Point","coordinates":[30.315560000000062,36.60944000000006]},"properties":{"OBJECTID":1018,"IstNo":42008024,"SuAdi":"ALAKIR Ç.","IstAdi":"DEREKÖY REG VE HES","BolgeNo":13,"ILKODU":7,"ILCEKODU":1492,"HAVZA_ID":8,"entityId":"1018","entityType":"hesStations","id":"1018","name":"DEREKÖY REG VE HES","stationId":42008024,"basinId":8,"status":"no_data","color":"#94a3b8","radius":7}},{"type":"Feature","id":"1020","geometry":{"type":"Point","coordinates":[29.46583000000004,36.683890000000076]},"properties":{"OBJECTID":1020,"IstNo":42008026,"SuAdi":"TEZLİDERE","IstAdi":"ÇÖKEK 2 HES CANSUYU","BolgeNo":21,"ILKODU":48,"ILCEKODU":2090,"HAVZA_ID":8,"entityId":"1020","entityType":"hesStations","id":"1020","name":"ÇÖKEK 2 HES CANSUYU","stationId":42008026,"basinId":8,"status":"no_data","color":"#94a3b8","radius":7}},{"type":"Feature","id":"1023","geometry":{"type":"Point","coordinates":[29.508890000000065,36.661110000000065]},"properties":{"OBJECTID":1023,"IstNo":42008029,"SuAdi":"TEZLİDERE","IstAdi":"ÇÖKEK 1 HES CANSUYU","BolgeNo":21,"ILKODU":48,"ILCEKODU":2090,"HAVZA_ID":8,"entityId":"1023","entityType":"hesStations","id":"1023","name":"ÇÖKEK 1 HES CANSUYU","stationId":42008029,"basinId":8,"status":"no_data","color":"#94a3b8","radius":7}},{"type":"Feature","id":"1024","geometry":{"type":"Point","coordinates":[30.250000000000057,37.623890000000074]},"properties":{"OBJECTID":1024,"IstNo":42009001,"SuAdi":"AĞLASUN Ç.","IstAdi":"GÖKBEL 1 HES-CAN SUYU","BolgeNo":18,"ILKODU":15,"ILCEKODU":1215,"HAVZA_ID":10,"entityId":"1024","entityType":"hesStations","id":"1024","name":"GÖKBEL 1 HES-CAN SUYU","stationId":42009001,"basinId":10,"status":"no_data","color":"#94a3b8","radius":7}},{"type":"Feature","id":"1025","geometry":{"type":"Point","coordinates":[30.726110000000062,37.64333000000005]},"properties":{"OBJECTID":1025,"IstNo":42009002,"SuAdi":"ISPARTA ÇAYI","IstAdi":"GÖKBEL 2 HES CANSUYU","BolgeNo":18,"ILKODU":32,"ILCEKODU":1109,"HAVZA_ID":9,"entityId":"1025","entityType":"hesStations","id":"1025","name":"GÖKBEL 2 HES CANSUYU","stationId":42009002,"basinId":9,"status":"no_data","color":"#94a3b8","radius":7}},{"type":"Feature","id":"1026","geometry":{"type":"Point","coordinates":[30.794170000000065,37.64083000000005]},"properties":{"OBJECTID":1026,"IstNo":42009003,"SuAdi":"ÇUKUR ÇAYI","IstAdi":"ÇUKUR  ÇAYI HES CAN SUYU","BolgeNo":18,"ILKODU":32,"ILCEKODU":1401,"HAVZA_ID":9,"entityId":"1026","entityType":"hesStations","id":"1026","name":"ÇUKUR  ÇAYI HES CAN SUYU","stationId":42009003,"basinId":9,"status":"no_data","color":"#94a3b8","radius":7}},{"type":"Feature","id":"1027","geometry":{"type":"Point","coordinates":[30.569440000000043,37.78111000000007]},"properties":{"OBJECTID":1027,"IstNo":42009004,"SuAdi":"ISPARTA ÇAYI","IstAdi":"MARATON HES CAN SUYU","BolgeNo":18,"ILKODU":32,"ILCEKODU":1401,"HAVZA_ID":9,"entityId":"1027","entityType":"hesStations","id":"1027","name":"MARATON HES CAN SUYU","stationId":42009004,"basinId":9,"status":"no_data","color":"#94a3b8","radius":7}},{"type":"Feature","id":"1028","geometry":{"type":"Point","coordinates":[30.87083000000007,37.56583000000006]},"properties":{"OBJECTID":1028,"IstNo":42009005,"SuAdi":"HAYMANA GÖKPINAR KAY","IstAdi":"GÖKBÖĞET HES CANSUYU","BolgeNo":18,"ILKODU":32,"ILCEKODU":1297,"HAVZA_ID":9,"entityId":"1028","entityType":"hesStations","id":"1028","name":"GÖKBÖĞET HES CANSUYU","stationId":42009005,"basinId":9,"status":"no_data","color":"#94a3b8","radius":7}},{"type":"Feature","id":"1029","geometry":{"type":"Point","coordinates":[31.309720000000027,37.554440000000056]},"properties":{"OBJECTID":1029,"IstNo":42009006,"SuAdi":"KARTÖZ ","IstAdi":"AŞAĞI YAYLABEL HES CANSUYU","BolgeNo":18,"ILKODU":32,"ILCEKODU":1648,"HAVZA_ID":9,"entityId":"1029","entityType":"hesStations","id":"1029","name":"AŞAĞI YAYLABEL HES CANSUYU","stationId":42009006,"basinId":9,"status":"no_data","color":"#94a3b8","radius":7}},{"type":"Feature","id":"1030","geometry":{"type":"Point","coordinates":[31.202220000000068,37.52195000000006]},"properties":{"OBJECTID":1030,"IstNo":42009007,"SuAdi":"AKSU ÇAYI","IstAdi":"KASIMLAR KÖPRÜSÜ","BolgeNo":18,"ILKODU":32,"ILCEKODU":1648,"HAVZA_ID":9,"entityId":"1030","entityType":"hesStations","id":"1030","name":"KASIMLAR KÖPRÜSÜ","stationId":42009007,"basinId":9,"status":"no_data","color":"#94a3b8","radius":7}},{"type":"Feature","id":"1031","geometry":{"type":"Point","coordinates":[31.214450000000056,37.52444000000003]},"properties":{"OBJECTID":1031,"IstNo":42009008,"SuAdi":"KIRINTI ÇAYI","IstAdi":"İBIŞLER REG CANSUYU","BolgeNo":18,"ILKODU":32,"ILCEKODU":1648,"HAVZA_ID":9,"entityId":"1031","entityType":"hesStations","id":"1031","name":"İBIŞLER REG CANSUYU","stationId":42009008,"basinId":9,"status":"no_data","color":"#94a3b8","radius":7}},{"type":"Feature","id":"1032","geometry":{"type":"Point","coordinates":[30.433500000000038,36.76213000000007]},"properties":{"OBJECTID":1032,"IstNo":42009010,"SuAdi":"ÇANDIR Ç.","IstAdi":"ÇANDIR HES CANSUYU","BolgeNo":13,"ILKODU":7,"ILCEKODU":2038,"HAVZA_ID":9,"entityId":"1032","entityType":"hesStations","id":"1032","name":"ÇANDIR HES CANSUYU","stationId":42009010,"basinId":9,"status":"no_data","color":"#94a3b8","radius":7}},{"type":"Feature","id":"1033","geometry":{"type":"Point","coordinates":[31.27583000000004,37.18333000000007]},"properties":{"OBJECTID":1033,"IstNo":42009011,"SuAdi":"İTLİCE DERESİ","IstAdi":"ANAK HES ","BolgeNo":13,"ILKODU":7,"ILCEKODU":1512,"HAVZA_ID":9,"entityId":"1033","entityType":"hesStations","id":"1033","name":"ANAK HES ","stationId":42009011,"basinId":9,"status":"no_data","color":"#94a3b8","radius":7}},{"type":"Feature","id":"1034","geometry":{"type":"Point","coordinates":[31.431880000000035,36.83714000000003]},"properties":{"OBJECTID":1034,"IstNo":42009012,"SuAdi":"GEBE DERE ","IstAdi":"CENGER HES","BolgeNo":13,"ILKODU":7,"ILCEKODU":1512,"HAVZA_ID":9,"entityId":"1034","entityType":"hesStations","id":"1034","name":"CENGER HES","stationId":42009012,"basinId":9,"status":"no_data","color":"#94a3b8","radius":7}},{"type":"Feature","id":"1035","geometry":{"type":"Point","coordinates":[32.30000000000007,36.592220000000054]},"properties":{"OBJECTID":1035,"IstNo":42009013,"SuAdi":"DİM ALACAMİ","IstAdi":"BUCAKKÖY HES","BolgeNo":13,"ILKODU":7,"ILCEKODU":1126,"HAVZA_ID":9,"entityId":"1035","entityType":"hesStations","id":"1035","name":"BUCAKKÖY HES","stationId":42009013,"basinId":9,"status":"no_data","color":"#94a3b8","radius":7}},{"type":"Feature","id":"1036","geometry":{"type":"Point","coordinates":[31.695660000000032,37.20485000000008]},"properties":{"OBJECTID":1036,"IstNo":42009014,"SuAdi":"GÜMÜŞDAMLA","IstAdi":"DEĞİRMEN HES","BolgeNo":13,"ILKODU":7,"ILCEKODU":1121,"HAVZA_ID":9,"entityId":"1036","entityType":"hesStations","id":"1036","name":"DEĞİRMEN HES","stationId":42009014,"basinId":9,"status":"no_data","color":"#94a3b8","radius":7}},{"type":"Feature","id":"1037","geometry":{"type":"Point","coordinates":[36.92528000000004,36.958060000000046]},"properties":{"OBJECTID":1037,"IstNo":42009018,"SuAdi":"KARGI Ç.","IstAdi":"KARGI REG VE HES ","BolgeNo":13,"ILKODU":7,"ILCEKODU":2024,"HAVZA_ID":19,"entityId":"1037","entityType":"hesStations","id":"1037","name":"KARGI REG VE HES ","stationId":42009018,"basinId":19,"status":"no_data","color":"#94a3b8","radius":7}},{"type":"Feature","id":"1038","geometry":{"type":"Point","coordinates":[30.98472000000004,37.47000000000003]},"properties":{"OBJECTID":1038,"IstNo":42009088,"SuAdi":"DEĞİRMEN DERE","IstAdi":"SÜTÇÜLER HES CAN SUYU","BolgeNo":18,"ILKODU":32,"ILCEKODU":1648,"HAVZA_ID":9,"entityId":"1038","entityType":"hesStations","id":"1038","name":"SÜTÇÜLER HES CAN SUYU","stationId":42009088,"basinId":9,"status":"no_data","color":"#94a3b8","radius":7}},{"type":"Feature","id":"1040","geometry":{"type":"Point","coordinates":[29.398610000000076,40.02222000000006]},"properties":{"OBJECTID":1040,"IstNo":42012001,"SuAdi":"ACISU","IstAdi":"İNEGÖL SULUKÖY HES","BolgeNo":1,"ILKODU":16,"ILCEKODU":1411,"HAVZA_ID":12,"entityId":"1040","entityType":"hesStations","id":"1040","name":"İNEGÖL SULUKÖY HES","stationId":42012001,"basinId":12,"status":"no_data","color":"#94a3b8","radius":7}},{"type":"Feature","id":"1041","geometry":{"type":"Point","coordinates":[29.381390000000067,40.02389000000005]},"properties":{"OBJECTID":1041,"IstNo":42012002,"SuAdi":"ULUPINAR","IstAdi":"İNEGÖL SULUKÖY HES","BolgeNo":1,"ILKODU":16,"ILCEKODU":1411,"HAVZA_ID":12,"entityId":"1041","entityType":"hesStations","id":"1041","name":"İNEGÖL SULUKÖY HES","stationId":42012002,"basinId":12,"status":"no_data","color":"#94a3b8","radius":7}},{"type":"Feature","id":"1042","geometry":{"type":"Point","coordinates":[29.498060000000066,40.05278000000004]},"properties":{"OBJECTID":1042,"IstNo":42012003,"SuAdi":"OYLAT DERESİ","IstAdi":"İNEGÖL OYLAT HES","BolgeNo":1,"ILKODU":16,"ILCEKODU":1411,"HAVZA_ID":12,"entityId":"1042","entityType":"hesStations","id":"1042","name":"İNEGÖL OYLAT HES","stationId":42012003,"basinId":12,"status":"no_data","color":"#94a3b8","radius":7}},{"type":"Feature","id":"1043","geometry":{"type":"Point","coordinates":[29.407500000000027,40.04222000000004]},"properties":{"OBJECTID":1043,"IstNo":42012004,"SuAdi":"CERRAH DERE","IstAdi":"İNEGÖL AKDERE HES","BolgeNo":1,"ILKODU":16,"ILCEKODU":1411,"HAVZA_ID":12,"entityId":"1043","entityType":"hesStations","id":"1043","name":"İNEGÖL AKDERE HES","stationId":42012004,"basinId":12,"status":"no_data","color":"#94a3b8","radius":7}},{"type":"Feature","id":"1044","geometry":{"type":"Point","coordinates":[29.43889000000007,40.06194000000005]},"properties":{"OBJECTID":1044,"IstNo":42012005,"SuAdi":"CERRAH D.","IstAdi":"İNEGÖL CERRAH HES CANSUYU","BolgeNo":1,"ILKODU":16,"ILCEKODU":1411,"HAVZA_ID":12,"entityId":"1044","entityType":"hesStations","id":"1044","name":"İNEGÖL CERRAH HES CANSUYU","stationId":42012005,"basinId":12,"status":"no_data","color":"#94a3b8","radius":7}},{"type":"Feature","id":"1045","geometry":{"type":"Point","coordinates":[31.626670000000047,40.337500000000034]},"properties":{"OBJECTID":1045,"IstNo":42012006,"SuAdi":"BOZDAĞ ÇAYI","IstAdi":"CEVİZLİDERE HES","BolgeNo":5,"ILKODU":14,"ILCEKODU":1610,"HAVZA_ID":12,"entityId":"1045","entityType":"hesStations","id":"1045","name":"CEVİZLİDERE HES","stationId":42012006,"basinId":12,"status":"no_data","color":"#94a3b8","radius":7}},{"type":"Feature","id":"1046","geometry":{"type":"Point","coordinates":[31.667220000000043,40.20195000000007]},"properties":{"OBJECTID":1046,"IstNo":42012010,"SuAdi":"ALADAĞ ÇAYI","IstAdi":"KARAKÖY HES","BolgeNo":5,"ILKODU":6,"ILCEKODU":1539,"HAVZA_ID":12,"entityId":"1046","entityType":"hesStations","id":"1046","name":"KARAKÖY HES","stationId":42012010,"basinId":12,"status":"no_data","color":"#94a3b8","radius":7}},{"type":"Feature","id":"1047","geometry":{"type":"Point","coordinates":[29.730470000000025,40.293930000000046]},"properties":{"OBJECTID":1047,"IstNo":42012011,"SuAdi":"KARABURUN DERE ","IstAdi":"TÜFEKÇİ KONAK HES 1 CAN SUYU","BolgeNo":1,"ILKODU":-1,"ILCEKODU":1725,"HAVZA_ID":12,"entityId":"1047","entityType":"hesStations","id":"1047","name":"TÜFEKÇİ KONAK HES 1 CAN SUYU","stationId":42012011,"basinId":12,"status":"no_data","color":"#94a3b8","radius":7}},{"type":"Feature","id":"1048","geometry":{"type":"Point","coordinates":[29.514720000000068,40.096670000000074]},"properties":{"OBJECTID":1048,"IstNo":42012012,"SuAdi":"ÜÇÜNCÜDERE","IstAdi":"TÜFEKÇİ KONAK HES 2 CAN","BolgeNo":1,"ILKODU":16,"ILCEKODU":1411,"HAVZA_ID":12,"entityId":"1048","entityType":"hesStations","id":"1048","name":"TÜFEKÇİ KONAK HES 2 CAN","stationId":42012012,"basinId":12,"status":"no_data","color":"#94a3b8","radius":7}},{"type":"Feature","id":"1049","geometry":{"type":"Point","coordinates":[29.51660000000004,40.105120000000056]},"properties":{"OBJECTID":1049,"IstNo":42012013,"SuAdi":"BOĞAKAYA DERESİ","IstAdi":"TÜFEKÇİ KONAK HES 3 CAN","BolgeNo":1,"ILKODU":16,"ILCEKODU":1411,"HAVZA_ID":12,"entityId":"1049","entityType":"hesStations","id":"1049","name":"TÜFEKÇİ KONAK HES 3 CAN","stationId":42012013,"basinId":12,"status":"no_data","color":"#94a3b8","radius":7}},{"type":"Feature","id":"1050","geometry":{"type":"Point","coordinates":[29.516670000000033,40.117500000000064]},"properties":{"OBJECTID":1050,"IstNo":42012014,"SuAdi":"BIÇKIDERE","IstAdi":"TÜFEKÇİ KONAK HES 4 CAN","BolgeNo":1,"ILKODU":16,"ILCEKODU":1411,"HAVZA_ID":12,"entityId":"1050","entityType":"hesStations","id":"1050","name":"TÜFEKÇİ KONAK HES 4 CAN","stationId":42012014,"basinId":12,"status":"no_data","color":"#94a3b8","radius":7}},{"type":"Feature","id":"1051","geometry":{"type":"Point","coordinates":[31.00750000000005,40.58694000000003]},"properties":{"OBJECTID":1051,"IstNo":42012015,"SuAdi":"MUDURNU ÇAYI","IstAdi":"GÖKSU HES CANSUYU","BolgeNo":5,"ILKODU":14,"ILCEKODU":1531,"HAVZA_ID":12,"entityId":"1051","entityType":"hesStations","id":"1051","name":"GÖKSU HES CANSUYU","stationId":42012015,"basinId":12,"status":"no_data","color":"#94a3b8","radius":7}},{"type":"Feature","id":"1052","geometry":{"type":"Point","coordinates":[30.195920000000058,40.03603000000004]},"properties":{"OBJECTID":1052,"IstNo":42012017,"SuAdi":"SAKARYA NEHRİ","IstAdi":"DARCA HES CANSUYU","BolgeNo":3,"ILKODU":11,"ILCEKODU":1636,"HAVZA_ID":12,"entityId":"1052","entityType":"hesStations","id":"1052","name":"DARCA HES CANSUYU","stationId":42012017,"basinId":12,"status":"no_data","color":"#94a3b8","radius":7}},{"type":"Feature","id":"1053","geometry":{"type":"Point","coordinates":[30.217900000000043,40.06126000000006]},"properties":{"OBJECTID":1053,"IstNo":42012018,"SuAdi":"SAKARYA NEHRİ","IstAdi":"BÜKOR-II HES CAN SUYU","BolgeNo":3,"ILKODU":11,"ILCEKODU":1636,"HAVZA_ID":12,"entityId":"1053","entityType":"hesStations","id":"1053","name":"BÜKOR-II HES CAN SUYU","stationId":42012018,"basinId":12,"status":"no_data","color":"#94a3b8","radius":7}},{"type":"Feature","id":"1054","geometry":{"type":"Point","coordinates":[30.316770000000076,40.538850000000025]},"properties":{"OBJECTID":1054,"IstNo":42012019,"SuAdi":"SAKARYA NEHRİ","IstAdi":"DOĞANÇAY I HES CANSUYU","BolgeNo":3,"ILKODU":54,"ILCEKODU":1351,"HAVZA_ID":12,"entityId":"1054","entityType":"hesStations","id":"1054","name":"DOĞANÇAY I HES CANSUYU","stationId":42012019,"basinId":12,"status":"no_data","color":"#94a3b8","radius":7}},{"type":"Feature","id":"1055","geometry":{"type":"Point","coordinates":[30.294800000000066,40.51276000000007]},"properties":{"OBJECTID":1055,"IstNo":42012020,"SuAdi":"SAKARYA NEHRİ","IstAdi":"DOĞANÇAY II HES CANSUYU","BolgeNo":3,"ILKODU":54,"ILCEKODU":1351,"HAVZA_ID":12,"entityId":"1055","entityType":"hesStations","id":"1055","name":"DOĞANÇAY II HES CANSUYU","stationId":42012020,"basinId":12,"status":"no_data","color":"#94a3b8","radius":7}},{"type":"Feature","id":"1056","geometry":{"type":"Point","coordinates":[30.20279000000005,40.500230000000045]},"properties":{"OBJECTID":1056,"IstNo":42012021,"SuAdi":"SAKARYA NEHRİ","IstAdi":"PAMUKOVA HES CAN SUYU","BolgeNo":3,"ILKODU":54,"ILCEKODU":1833,"HAVZA_ID":12,"entityId":"1056","entityType":"hesStations","id":"1056","name":"PAMUKOVA HES CAN SUYU","stationId":42012021,"basinId":12,"status":"no_data","color":"#94a3b8","radius":7}},{"type":"Feature","id":"1057","geometry":{"type":"Point","coordinates":[30.703130000000044,40.07150000000007]},"properties":{"OBJECTID":1057,"IstNo":42012022,"SuAdi":"SAKARYA NEHRİ","IstAdi":"ADASU HES CANSUYU","BolgeNo":3,"ILKODU":54,"ILCEKODU":1599,"HAVZA_ID":12,"entityId":"1057","entityType":"hesStations","id":"1057","name":"ADASU HES CANSUYU","stationId":42012022,"basinId":12,"status":"no_data","color":"#94a3b8","radius":7}},{"type":"Feature","id":"1058","geometry":{"type":"Point","coordinates":[30.525510000000054,39.88445000000007]},"properties":{"OBJECTID":1058,"IstNo":42012023,"SuAdi":"SAKARYA NEHRİ","IstAdi":"BEYKÖY HES CANSUYU","BolgeNo":3,"ILKODU":26,"ILCEKODU":2047,"HAVZA_ID":12,"entityId":"1058","entityType":"hesStations","id":"1058","name":"BEYKÖY HES CANSUYU","stationId":42012023,"basinId":12,"status":"no_data","color":"#94a3b8","radius":7}},{"type":"Feature","id":"1059","geometry":{"type":"Point","coordinates":[30.643620000000055,40.699380000000076]},"properties":{"OBJECTID":1059,"IstNo":42012024,"SuAdi":"BIÇKI DERE","IstAdi":"PAZARKÖY HES CANSUYU","BolgeNo":3,"ILKODU":54,"ILCEKODU":1123,"HAVZA_ID":12,"entityId":"1059","entityType":"hesStations","id":"1059","name":"PAZARKÖY HES CANSUYU","stationId":42012024,"basinId":12,"status":"no_data","color":"#94a3b8","radius":7}},{"type":"Feature","id":"1060","geometry":{"type":"Point","coordinates":[30.761720000000025,40.80549000000008]},"properties":{"OBJECTID":1060,"IstNo":42012025,"SuAdi":"KOCAKOYAK DERESİ","IstAdi":"HARAKLI HES CANSUYU","BolgeNo":3,"ILKODU":54,"ILCEKODU":1391,"HAVZA_ID":12,"entityId":"1060","entityType":"hesStations","id":"1060","name":"HARAKLI HES CANSUYU","stationId":42012025,"basinId":12,"status":"no_data","color":"#94a3b8","radius":7}},{"type":"Feature","id":"1062","geometry":{"type":"Point","coordinates":[32.46917000000008,40.31083000000007]},"properties":{"OBJECTID":1062,"IstNo":42012027,"SuAdi":"KİRMİR ÇAYI","IstAdi":"KAZAN SODA","BolgeNo":5,"ILKODU":6,"ILCEKODU":1473,"HAVZA_ID":12,"entityId":"1062","entityType":"hesStations","id":"1062","name":"KAZAN SODA","stationId":42012027,"basinId":12,"status":"no_data","color":"#94a3b8","radius":7}},{"type":"Feature","id":"1063","geometry":{"type":"Point","coordinates":[31.89056000000005,40.875560000000064]},"properties":{"OBJECTID":1063,"IstNo":42013001,"SuAdi":"BÜYÜKSU","IstAdi":"PAŞA REG. HES","BolgeNo":5,"ILKODU":14,"ILCEKODU":1522,"HAVZA_ID":13,"entityId":"1063","entityType":"hesStations","id":"1063","name":"PAŞA REG. HES","stationId":42013001,"basinId":13,"status":"no_data","color":"#94a3b8","radius":7}},{"type":"Feature","id":"1064","geometry":{"type":"Point","coordinates":[32.02222000000006,40.91611000000006]},"properties":{"OBJECTID":1064,"IstNo":42013004,"SuAdi":"BOLU ÇAYI","IstAdi":"KAYABÜKÜ REG. HES CANSUYU ","BolgeNo":5,"ILKODU":14,"ILCEKODU":1522,"HAVZA_ID":13,"entityId":"1064","entityType":"hesStations","id":"1064","name":"KAYABÜKÜ REG. HES CANSUYU ","stationId":42013004,"basinId":13,"status":"no_data","color":"#94a3b8","radius":7}},{"type":"Feature","id":"1065","geometry":{"type":"Point","coordinates":[31.893050000000073,41.00000000000006]},"properties":{"OBJECTID":1065,"IstNo":42013005,"SuAdi":"BOLU ÇAYI","IstAdi":"KÖPRÜBAŞI HES","BolgeNo":5,"ILKODU":14,"ILCEKODU":1522,"HAVZA_ID":13,"entityId":"1065","entityType":"hesStations","id":"1065","name":"KÖPRÜBAŞI HES","stationId":42013005,"basinId":13,"status":"no_data","color":"#94a3b8","radius":7}},{"type":"Feature","id":"1066","geometry":{"type":"Point","coordinates":[31.271390000000054,40.91306000000003]},"properties":{"OBJECTID":1066,"IstNo":42013006,"SuAdi":"KÜÇÜK MELEN DERESİ","IstAdi":"HASANLAR KANAL HES","BolgeNo":5,"ILKODU":81,"ILCEKODU":1292,"HAVZA_ID":13,"entityId":"1066","entityType":"hesStations","id":"1066","name":"HASANLAR KANAL HES","stationId":42013006,"basinId":13,"status":"no_data","color":"#94a3b8","radius":7}},{"type":"Feature","id":"1067","geometry":{"type":"Point","coordinates":[31.025280000000066,40.698060000000055]},"properties":{"OBJECTID":1067,"IstNo":42013007,"SuAdi":"AKSU DERESİ","IstAdi":"DEFNE REG. HES","BolgeNo":5,"ILKODU":81,"ILCEKODU":1794,"HAVZA_ID":13,"entityId":"1067","entityType":"hesStations","id":"1067","name":"DEFNE REG. HES","stationId":42013007,"basinId":13,"status":"no_data","color":"#94a3b8","radius":7}},{"type":"Feature","id":"1068","geometry":{"type":"Point","coordinates":[30.963610000000074,40.702780000000075]},"properties":{"OBJECTID":1068,"IstNo":42013008,"SuAdi":"AKSU D.","IstAdi":"AKSU HES CANSUYU","BolgeNo":5,"ILKODU":81,"ILCEKODU":1794,"HAVZA_ID":13,"entityId":"1068","entityType":"hesStations","id":"1068","name":"AKSU HES CANSUYU","stationId":42013008,"basinId":13,"status":"no_data","color":"#94a3b8","radius":7}},{"type":"Feature","id":"1069","geometry":{"type":"Point","coordinates":[31.19972000000007,40.70083000000005]},"properties":{"OBJECTID":1069,"IstNo":42013009,"SuAdi":"YELLİCE DERESİ","IstAdi":"KÖKNAR REG. VE HES-1","BolgeNo":5,"ILKODU":81,"ILCEKODU":1292,"HAVZA_ID":13,"entityId":"1069","entityType":"hesStations","id":"1069","name":"KÖKNAR REG. VE HES-1","stationId":42013009,"basinId":13,"status":"no_data","color":"#94a3b8","radius":7}},{"type":"Feature","id":"1070","geometry":{"type":"Point","coordinates":[31.16444000000007,40.68500000000006]},"properties":{"OBJECTID":1070,"IstNo":42013010,"SuAdi":"KABALAKLI DERESİ","IstAdi":"KÖKNAR REG. VE HES (ANA REGÜLATÖR)","BolgeNo":5,"ILKODU":81,"ILCEKODU":1292,"HAVZA_ID":13,"entityId":"1070","entityType":"hesStations","id":"1070","name":"KÖKNAR REG. VE HES (ANA REGÜLATÖR)","stationId":42013010,"basinId":13,"status":"no_data","color":"#94a3b8","radius":7}},{"type":"Feature","id":"1071","geometry":{"type":"Point","coordinates":[31.15611000000007,40.688330000000065]},"properties":{"OBJECTID":1071,"IstNo":42013011,"SuAdi":"GELİK DERESİ","IstAdi":"KÖKNAR REG. VE HES-2","BolgeNo":5,"ILKODU":81,"ILCEKODU":1292,"HAVZA_ID":13,"entityId":"1071","entityType":"hesStations","id":"1071","name":"KÖKNAR REG. VE HES-2","stationId":42013011,"basinId":13,"status":"no_data","color":"#94a3b8","radius":7}},{"type":"Feature","id":"1072","geometry":{"type":"Point","coordinates":[31.14694000000003,40.69695000000007]},"properties":{"OBJECTID":1072,"IstNo":42013012,"SuAdi":"DERİNOBA DERESİ","IstAdi":"KÖKNAR REG. VE HES-3","BolgeNo":5,"ILKODU":81,"ILCEKODU":1292,"HAVZA_ID":13,"entityId":"1072","entityType":"hesStations","id":"1072","name":"KÖKNAR REG. VE HES-3","stationId":42013012,"basinId":13,"status":"no_data","color":"#94a3b8","radius":7}},{"type":"Feature","id":"1073","geometry":{"type":"Point","coordinates":[31.141670000000033,40.706390000000056]},"properties":{"OBJECTID":1073,"IstNo":42013013,"SuAdi":"OKLUÇAM DERESİ","IstAdi":"KÖKNAR REG. VE HES-4","BolgeNo":5,"ILKODU":81,"ILCEKODU":1292,"HAVZA_ID":13,"entityId":"1073","entityType":"hesStations","id":"1073","name":"KÖKNAR REG. VE HES-4","stationId":42013013,"basinId":13,"status":"no_data","color":"#94a3b8","radius":7}},{"type":"Feature","id":"1074","geometry":{"type":"Point","coordinates":[31.24306000000007,40.733610000000056]},"properties":{"OBJECTID":1074,"IstNo":42013014,"SuAdi":"UĞUR SUYU","IstAdi":"ÇINAR-1 REG. VE HES (HAMAMÜSTÜ REG.)","BolgeNo":5,"ILKODU":81,"ILCEKODU":1292,"HAVZA_ID":13,"entityId":"1074","entityType":"hesStations","id":"1074","name":"ÇINAR-1 REG. VE HES (HAMAMÜSTÜ REG.)","stationId":42013014,"basinId":13,"status":"no_data","color":"#94a3b8","radius":7}},{"type":"Feature","id":"1075","geometry":{"type":"Point","coordinates":[31.19028000000003,40.71167000000003]},"properties":{"OBJECTID":1075,"IstNo":42013015,"SuAdi":"SOĞUKSU","IstAdi":"ÇINAR-1 REG. VE HES (SOĞUKSU REG.)","BolgeNo":5,"ILKODU":81,"ILCEKODU":1292,"HAVZA_ID":13,"entityId":"1075","entityType":"hesStations","id":"1075","name":"ÇINAR-1 REG. VE HES (SOĞUKSU REG.)","stationId":42013015,"basinId":13,"status":"no_data","color":"#94a3b8","radius":7}},{"type":"Feature","id":"1076","geometry":{"type":"Point","coordinates":[33.836110000000076,41.85444000000007]},"properties":{"OBJECTID":1076,"IstNo":42013016,"SuAdi":"AKÇAY","IstAdi":"YUNUSLAR HES CANSUYU","BolgeNo":23,"ILKODU":37,"ILCEKODU":1410,"HAVZA_ID":13,"entityId":"1076","entityType":"hesStations","id":"1076","name":"YUNUSLAR HES CANSUYU","stationId":42013016,"basinId":13,"status":"no_data","color":"#94a3b8","radius":7}},{"type":"Feature","id":"1077","geometry":{"type":"Point","coordinates":[33.50917000000004,41.09917000000007]},"properties":{"OBJECTID":1077,"IstNo":42013017,"SuAdi":"SOĞANLI Ç.","IstAdi":"EREN HES CANSUYU","BolgeNo":23,"ILKODU":78,"ILCEKODU":1805,"HAVZA_ID":13,"entityId":"1077","entityType":"hesStations","id":"1077","name":"EREN HES CANSUYU","stationId":42013017,"basinId":13,"status":"no_data","color":"#94a3b8","radius":7}},{"type":"Feature","id":"1078","geometry":{"type":"Point","coordinates":[33.69250000000005,41.85417000000007]},"properties":{"OBJECTID":1078,"IstNo":42013018,"SuAdi":"ZARBANA Ç.","IstAdi":"YAVUZ HES CANSUYU","BolgeNo":23,"ILKODU":37,"ILCEKODU":1499,"HAVZA_ID":13,"entityId":"1078","entityType":"hesStations","id":"1078","name":"YAVUZ HES CANSUYU","stationId":42013018,"basinId":13,"status":"no_data","color":"#94a3b8","radius":7}},{"type":"Feature","id":"1079","geometry":{"type":"Point","coordinates":[32.668060000000025,41.14695000000006]},"properties":{"OBJECTID":1079,"IstNo":42013019,"SuAdi":"SOĞANLI Ç.","IstAdi":"PİRİNÇLİK HES CANSUYU","BolgeNo":23,"ILKODU":37,"ILCEKODU":1433,"HAVZA_ID":13,"entityId":"1079","entityType":"hesStations","id":"1079","name":"PİRİNÇLİK HES CANSUYU","stationId":42013019,"basinId":13,"status":"no_data","color":"#94a3b8","radius":7}},{"type":"Feature","id":"1080","geometry":{"type":"Point","coordinates":[33.12333000000007,41.86972000000003]},"properties":{"OBJECTID":1080,"IstNo":42013020,"SuAdi":"AYDOS","IstAdi":"BERKE HES","BolgeNo":23,"ILKODU":37,"ILCEKODU":1221,"HAVZA_ID":13,"entityId":"1080","entityType":"hesStations","id":"1080","name":"BERKE HES","stationId":42013020,"basinId":13,"status":"no_data","color":"#94a3b8","radius":7}},{"type":"Feature","id":"1081","geometry":{"type":"Point","coordinates":[33.589170000000024,41.14778000000007]},"properties":{"OBJECTID":1081,"IstNo":42013021,"SuAdi":"ILGAZ ÇAYI","IstAdi":"KIZILÇAM HES","BolgeNo":23,"ILKODU":37,"ILCEKODU":1805,"HAVZA_ID":13,"entityId":"1081","entityType":"hesStations","id":"1081","name":"KIZILÇAM HES","stationId":42013021,"basinId":13,"status":"no_data","color":"#94a3b8","radius":7}},{"type":"Feature","id":"1082","geometry":{"type":"Point","coordinates":[33.30111000000005,41.23195000000004]},"properties":{"OBJECTID":1082,"IstNo":42013022,"SuAdi":"ARAÇ ÇAYI","IstAdi":"ZALA HES CANSUYU","BolgeNo":23,"ILKODU":37,"ILCEKODU":1140,"HAVZA_ID":13,"entityId":"1082","entityType":"hesStations","id":"1082","name":"ZALA HES CANSUYU","stationId":42013022,"basinId":13,"status":"no_data","color":"#94a3b8","radius":7}},{"type":"Feature","id":"1083","geometry":{"type":"Point","coordinates":[33.74750000000006,41.82833000000005]},"properties":{"OBJECTID":1083,"IstNo":42013023,"SuAdi":"KAPISUYU","IstAdi":"BAŞAK HES","BolgeNo":23,"ILKODU":37,"ILCEKODU":1499,"HAVZA_ID":13,"entityId":"1083","entityType":"hesStations","id":"1083","name":"BAŞAK HES","stationId":42013023,"basinId":13,"status":"no_data","color":"#94a3b8","radius":7}},{"type":"Feature","id":"1084","geometry":{"type":"Point","coordinates":[32.53917000000007,41.154720000000054]},"properties":{"OBJECTID":1084,"IstNo":42013024,"SuAdi":"FİLYOS Ç.","IstAdi":"YANLIZCA HES CANSUYU","BolgeNo":23,"ILKODU":78,"ILCEKODU":1433,"HAVZA_ID":13,"entityId":"1084","entityType":"hesStations","id":"1084","name":"YANLIZCA HES CANSUYU","stationId":42013024,"basinId":13,"status":"no_data","color":"#94a3b8","radius":7}},{"type":"Feature","id":"1085","geometry":{"type":"Point","coordinates":[32.225280000000055,41.22055000000006]},"properties":{"OBJECTID":1085,"IstNo":42013025,"SuAdi":"FİLYOS ÇAYI","IstAdi":"TEFEN HES","BolgeNo":23,"ILKODU":67,"ILCEKODU":1856,"HAVZA_ID":13,"entityId":"1085","entityType":"hesStations","id":"1085","name":"TEFEN HES","stationId":42013025,"basinId":13,"status":"no_data","color":"#94a3b8","radius":7}},{"type":"Feature","id":"1086","geometry":{"type":"Point","coordinates":[31.776950000000056,41.09000000000003]},"properties":{"OBJECTID":1086,"IstNo":42013026,"SuAdi":"CAN SUYU","IstAdi":"EĞERCİ HES","BolgeNo":23,"ILKODU":67,"ILCEKODU":1276,"HAVZA_ID":13,"entityId":"1086","entityType":"hesStations","id":"1086","name":"EĞERCİ HES","stationId":42013026,"basinId":13,"status":"no_data","color":"#94a3b8","radius":7}},{"type":"Feature","id":"1087","geometry":{"type":"Point","coordinates":[34.01778000000007,41.95722000000006]},"properties":{"OBJECTID":1087,"IstNo":42013028,"SuAdi":"EZİNE ÇAYI","IstAdi":"EBRU 1 HES CANSUYU","BolgeNo":23,"ILKODU":37,"ILCEKODU":1208,"HAVZA_ID":13,"entityId":"1087","entityType":"hesStations","id":"1087","name":"EBRU 1 HES CANSUYU","stationId":42013028,"basinId":13,"status":"no_data","color":"#94a3b8","radius":7}},{"type":"Feature","id":"1088","geometry":{"type":"Point","coordinates":[34.02028000000007,41.95722000000006]},"properties":{"OBJECTID":1088,"IstNo":42013029,"SuAdi":"KEŞLİK DERE","IstAdi":"EBRU 2 HES CANSUYU","BolgeNo":23,"ILKODU":37,"ILCEKODU":1208,"HAVZA_ID":13,"entityId":"1088","entityType":"hesStations","id":"1088","name":"EBRU 2 HES CANSUYU","stationId":42013029,"basinId":13,"status":"no_data","color":"#94a3b8","radius":7}},{"type":"Feature","id":"1089","geometry":{"type":"Point","coordinates":[32.046110000000056,41.27917000000008]},"properties":{"OBJECTID":1089,"IstNo":42013030,"SuAdi":"DEVREK Ç. ","IstAdi":"ÇAYALTI HES CANSUYU","BolgeNo":23,"ILKODU":67,"ILCEKODU":1276,"HAVZA_ID":13,"entityId":"1089","entityType":"hesStations","id":"1089","name":"ÇAYALTI HES CANSUYU","stationId":42013030,"basinId":13,"status":"no_data","color":"#94a3b8","radius":7}},{"type":"Feature","id":"1090","geometry":{"type":"Point","coordinates":[33.02389000000005,41.23111000000006]},"properties":{"OBJECTID":1090,"IstNo":42013031,"SuAdi":"ARAÇ Ç.","IstAdi":"SAMATLAR HES CANSUYU","BolgeNo":23,"ILKODU":37,"ILCEKODU":1140,"HAVZA_ID":13,"entityId":"1090","entityType":"hesStations","id":"1090","name":"SAMATLAR HES CANSUYU","stationId":42013031,"basinId":13,"status":"no_data","color":"#94a3b8","radius":7}},{"type":"Feature","id":"1091","geometry":{"type":"Point","coordinates":[32.50028000000003,41.66611000000006]},"properties":{"OBJECTID":1091,"IstNo":42013032,"SuAdi":"ARIT ÇAYI","IstAdi":"KAYADİBİ HES","BolgeNo":23,"ILKODU":74,"ILCEKODU":1172,"HAVZA_ID":13,"entityId":"1091","entityType":"hesStations","id":"1091","name":"KAYADİBİ HES","stationId":42013032,"basinId":13,"status":"no_data","color":"#94a3b8","radius":7}},{"type":"Feature","id":"1092","geometry":{"type":"Point","coordinates":[34.68694000000005,41.78361000000007]},"properties":{"OBJECTID":1092,"IstNo":42013033,"SuAdi":"KARAPINAR ÇAYI","IstAdi":"ÇİĞDEM-2 HES CANSUYU AGİ","BolgeNo":7,"ILKODU":57,"ILCEKODU":1156,"HAVZA_ID":13,"entityId":"1092","entityType":"hesStations","id":"1092","name":"ÇİĞDEM-2 HES CANSUYU AGİ","stationId":42013033,"basinId":13,"status":"no_data","color":"#94a3b8","radius":7}},{"type":"Feature","id":"1093","geometry":{"type":"Point","coordinates":[33.96639000000005,41.77389000000005]},"properties":{"OBJECTID":1093,"IstNo":42013034,"SuAdi":"ELMALI Ç.","IstAdi":"AYBİGE HES CANSUYU","BolgeNo":23,"ILKODU":37,"ILCEKODU":1277,"HAVZA_ID":13,"entityId":"1093","entityType":"hesStations","id":"1093","name":"AYBİGE HES CANSUYU","stationId":42013034,"basinId":13,"status":"no_data","color":"#94a3b8","radius":7}},{"type":"Feature","id":"1094","geometry":{"type":"Point","coordinates":[32.590280000000064,40.865830000000074]},"properties":{"OBJECTID":1094,"IstNo":42013035,"SuAdi":"GEREDE Ç.","IstAdi":"İKİLER HES CANSUYU","BolgeNo":23,"ILKODU":78,"ILCEKODU":1321,"HAVZA_ID":13,"entityId":"1094","entityType":"hesStations","id":"1094","name":"İKİLER HES CANSUYU","stationId":42013035,"basinId":13,"status":"no_data","color":"#94a3b8","radius":7}},{"type":"Feature","id":"1095","geometry":{"type":"Point","coordinates":[34.62167000000005,41.79500000000007]},"properties":{"OBJECTID":1095,"IstNo":42013038,"SuAdi":"DOLAYSEKÜ","IstAdi":"ÇİĞDEM-1 HES CANSUYU AGİ","BolgeNo":7,"ILKODU":57,"ILCEKODU":1156,"HAVZA_ID":13,"entityId":"1095","entityType":"hesStations","id":"1095","name":"ÇİĞDEM-1 HES CANSUYU AGİ","stationId":42013038,"basinId":13,"status":"no_data","color":"#94a3b8","radius":7}},{"type":"Feature","id":"1098","geometry":{"type":"Point","coordinates":[34.91333000000003,41.80194000000006]},"properties":{"OBJECTID":1098,"IstNo":42013118,"SuAdi":"KARASU ÇAYI","IstAdi":"ERFELEK HES ERFELEK REG. CANSUYU","BolgeNo":7,"ILKODU":57,"ILCEKODU":1314,"HAVZA_ID":13,"entityId":"1098","entityType":"hesStations","id":"1098","name":"ERFELEK HES ERFELEK REG. CANSUYU","stationId":42013118,"basinId":13,"status":"no_data","color":"#94a3b8","radius":7}},{"type":"Feature","id":"1099","geometry":{"type":"Point","coordinates":[34.92528000000004,41.79833000000008]},"properties":{"OBJECTID":1099,"IstNo":42013119,"SuAdi":"HİRA DERESI","IstAdi":"ERFELEK HES HİRA REG. CANSUYU","BolgeNo":7,"ILKODU":57,"ILCEKODU":1349,"HAVZA_ID":13,"entityId":"1099","entityType":"hesStations","id":"1099","name":"ERFELEK HES HİRA REG. CANSUYU","stationId":42013119,"basinId":13,"status":"no_data","color":"#94a3b8","radius":7}},{"type":"Feature","id":"1100","geometry":{"type":"Point","coordinates":[34.972500000000025,41.80833000000007]},"properties":{"OBJECTID":1100,"IstNo":42013120,"SuAdi":"EBE ÇAYI","IstAdi":"ERFELEK HES EBE REG. CANSUYU","BolgeNo":7,"ILKODU":57,"ILCEKODU":1627,"HAVZA_ID":13,"entityId":"1100","entityType":"hesStations","id":"1100","name":"ERFELEK HES EBE REG. CANSUYU","stationId":42013120,"basinId":13,"status":"no_data","color":"#94a3b8","radius":7}},{"type":"Feature","id":"1101","geometry":{"type":"Point","coordinates":[34.69417000000004,41.83917000000008]},"properties":{"OBJECTID":1101,"IstNo":42013121,"SuAdi":"YEMİŞEN ÇAYI","IstAdi":"ÇİĞDEM-3 HES CANSUYU AGİ","BolgeNo":7,"ILKODU":57,"ILCEKODU":1156,"HAVZA_ID":13,"entityId":"1101","entityType":"hesStations","id":"1101","name":"ÇİĞDEM-3 HES CANSUYU AGİ","stationId":42013121,"basinId":13,"status":"no_data","color":"#94a3b8","radius":7}},{"type":"Feature","id":"1103","geometry":{"type":"Point","coordinates":[37.735550000000046,40.15805000000006]},"properties":{"OBJECTID":1103,"IstNo":42014001,"SuAdi":"YEŞİLIRMAK N.","IstAdi":"YEŞİL HES CANSUYU","BolgeNo":19,"ILKODU":58,"ILCEKODU":1738,"HAVZA_ID":14,"entityId":"1103","entityType":"hesStations","id":"1103","name":"YEŞİL HES CANSUYU","stationId":42014001,"basinId":14,"status":"no_data","color":"#94a3b8","radius":7}},{"type":"Feature","id":"1104","geometry":{"type":"Point","coordinates":[38.57611000000003,39.98472000000004]},"properties":{"OBJECTID":1104,"IstNo":42014002,"SuAdi":"ÇOBANLI D.","IstAdi":"SU ŞEHRİ GÖLOVA  CANSUYU","BolgeNo":19,"ILKODU":58,"ILCEKODU":1927,"HAVZA_ID":14,"entityId":"1104","entityType":"hesStations","id":"1104","name":"SU ŞEHRİ GÖLOVA  CANSUYU","stationId":42014002,"basinId":14,"status":"no_data","color":"#94a3b8","radius":7}},{"type":"Feature","id":"1105","geometry":{"type":"Point","coordinates":[38.60944000000006,39.97000000000003]},"properties":{"OBJECTID":1105,"IstNo":42014003,"SuAdi":"ÇOBANLI D.","IstAdi":"ÇOBANLI HES CANSUYU","BolgeNo":19,"ILKODU":58,"ILCEKODU":1583,"HAVZA_ID":14,"entityId":"1105","entityType":"hesStations","id":"1105","name":"ÇOBANLI HES CANSUYU","stationId":42014003,"basinId":14,"status":"no_data","color":"#94a3b8","radius":7}},{"type":"Feature","id":"1106","geometry":{"type":"Point","coordinates":[38.21028000000007,40.02417000000003]},"properties":{"OBJECTID":1106,"IstNo":42014004,"SuAdi":"BULDUR D.","IstAdi":"POLAT HES CANSUYU","BolgeNo":19,"ILKODU":58,"ILCEKODU":1646,"HAVZA_ID":14,"entityId":"1106","entityType":"hesStations","id":"1106","name":"POLAT HES CANSUYU","stationId":42014004,"basinId":14,"status":"no_data","color":"#94a3b8","radius":7}},{"type":"Feature","id":"1107","geometry":{"type":"Point","coordinates":[37.97306000000003,40.237220000000036]},"properties":{"OBJECTID":1107,"IstNo":42014005,"SuAdi":"KELKİT ÇAYI","IstAdi":"KOYULHİSAR HES CANSUYU","BolgeNo":19,"ILKODU":58,"ILCEKODU":1484,"HAVZA_ID":14,"entityId":"1107","entityType":"hesStations","id":"1107","name":"KOYULHİSAR HES CANSUYU","stationId":42014005,"basinId":14,"status":"no_data","color":"#94a3b8","radius":7}},{"type":"Feature","id":"1108","geometry":{"type":"Point","coordinates":[37.91417000000007,40.21500000000003]},"properties":{"OBJECTID":1108,"IstNo":42014006,"SuAdi":"KOZLU DERESİ","IstAdi":"EKİNÖZÜ-2 HES CANSUYU","BolgeNo":19,"ILKODU":58,"ILCEKODU":1484,"HAVZA_ID":14,"entityId":"1108","entityType":"hesStations","id":"1108","name":"EKİNÖZÜ-2 HES CANSUYU","stationId":42014006,"basinId":14,"status":"no_data","color":"#94a3b8","radius":7}},{"type":"Feature","id":"1109","geometry":{"type":"Point","coordinates":[38.089440000000025,40.20139000000006]},"properties":{"OBJECTID":1109,"IstNo":42014007,"SuAdi":"BULDUR DERESİ","IstAdi":"ALÇE HES CANSUYU","BolgeNo":19,"ILKODU":58,"ILCEKODU":1646,"HAVZA_ID":14,"entityId":"1109","entityType":"hesStations","id":"1109","name":"ALÇE HES CANSUYU","stationId":42014007,"basinId":14,"status":"no_data","color":"#94a3b8","radius":7}},{"type":"Feature","id":"1110","geometry":{"type":"Point","coordinates":[37.043330000000026,40.33639000000005]},"properties":{"OBJECTID":1110,"IstNo":42014012,"SuAdi":"DELİCE ÇAYI","IstAdi":"DELİCE HES CANSUYU AGİ","BolgeNo":7,"ILKODU":60,"ILCEKODU":1129,"HAVZA_ID":14,"entityId":"1110","entityType":"hesStations","id":"1110","name":"DELİCE HES CANSUYU AGİ","stationId":42014012,"basinId":14,"status":"no_data","color":"#94a3b8","radius":7}},{"type":"Feature","id":"1111","geometry":{"type":"Point","coordinates":[37.561390000000074,40.212780000000066]},"properties":{"OBJECTID":1111,"IstNo":42014013,"SuAdi":"KARAKAYA DERESİ","IstAdi":"DOĞANŞAR HES REG-1 CANSUYU","BolgeNo":19,"ILKODU":58,"ILCEKODU":1913,"HAVZA_ID":14,"entityId":"1111","entityType":"hesStations","id":"1111","name":"DOĞANŞAR HES REG-1 CANSUYU","stationId":42014013,"basinId":14,"status":"no_data","color":"#94a3b8","radius":7}},{"type":"Feature","id":"1112","geometry":{"type":"Point","coordinates":[37.58028000000007,40.20195000000007]},"properties":{"OBJECTID":1112,"IstNo":42014014,"SuAdi":"GEVELE DERESİ","IstAdi":"DOĞANŞAR HES REG-2 CANSUYU","BolgeNo":19,"ILKODU":58,"ILCEKODU":1913,"HAVZA_ID":14,"entityId":"1112","entityType":"hesStations","id":"1112","name":"DOĞANŞAR HES REG-2 CANSUYU","stationId":42014014,"basinId":14,"status":"no_data","color":"#94a3b8","radius":7}},{"type":"Feature","id":"1113","geometry":{"type":"Point","coordinates":[37.48611000000005,40.48333000000008]},"properties":{"OBJECTID":1113,"IstNo":42014019,"SuAdi":"DELİCE ÇAYI","IstAdi":"DELİCE HES REGÜLATÖR-2 CANSUYU AGI","BolgeNo":7,"ILKODU":60,"ILCEKODU":1584,"HAVZA_ID":14,"entityId":"1113","entityType":"hesStations","id":"1113","name":"DELİCE HES REGÜLATÖR-2 CANSUYU AGI","stationId":42014019,"basinId":14,"status":"no_data","color":"#94a3b8","radius":7}},{"type":"Feature","id":"1114","geometry":{"type":"Point","coordinates":[36.07195000000007,40.45667000000003]},"properties":{"OBJECTID":1114,"IstNo":42014020,"SuAdi":"YEŞİLIRMAK N.","IstAdi":"KARAKEÇİLİ-1 HES CANSUYU AGİ","BolgeNo":7,"ILKODU":60,"ILCEKODU":1134,"HAVZA_ID":14,"entityId":"1114","entityType":"hesStations","id":"1114","name":"KARAKEÇİLİ-1 HES CANSUYU AGİ","stationId":42014020,"basinId":14,"status":"no_data","color":"#94a3b8","radius":7}},{"type":"Feature","id":"1115","geometry":{"type":"Point","coordinates":[35.33833000000004,40.198330000000055]},"properties":{"OBJECTID":1115,"IstNo":42014021,"SuAdi":"ÇEKEREK IRMAĞI","IstAdi":"ÇEKEREK HES REGÜLATÖR-8 CANSUYU AGİ","BolgeNo":7,"ILKODU":-1,"ILCEKODU":1877,"HAVZA_ID":14,"entityId":"1115","entityType":"hesStations","id":"1115","name":"ÇEKEREK HES REGÜLATÖR-8 CANSUYU AGİ","stationId":42014021,"basinId":14,"status":"no_data","color":"#94a3b8","radius":7}},{"type":"Feature","id":"1116","geometry":{"type":"Point","coordinates":[40.395830000000046,37.313330000000065]},"properties":{"OBJECTID":1116,"IstNo":42014023,"SuAdi":"KELKİT ÇAYI","IstAdi":"AKINCI HES CANSUYU AGİ","BolgeNo":7,"ILKODU":60,"ILCEKODU":1519,"HAVZA_ID":21,"entityId":"1116","entityType":"hesStations","id":"1116","name":"AKINCI HES CANSUYU AGİ","stationId":42014023,"basinId":21,"status":"no_data","color":"#94a3b8","radius":7}},{"type":"Feature","id":"1117","geometry":{"type":"Point","coordinates":[36.79556000000008,40.43917000000005]},"properties":{"OBJECTID":1117,"IstNo":42014025,"SuAdi":"YEŞİLIRMAK","IstAdi":"OMALA HES CANSUYU AGİ","BolgeNo":7,"ILKODU":60,"ILCEKODU":1679,"HAVZA_ID":14,"entityId":"1117","entityType":"hesStations","id":"1117","name":"OMALA HES CANSUYU AGİ","stationId":42014025,"basinId":14,"status":"no_data","color":"#94a3b8","radius":7}},{"type":"Feature","id":"1118","geometry":{"type":"Point","coordinates":[36.02833000000004,40.79917000000006]},"properties":{"OBJECTID":1118,"IstNo":42014099,"SuAdi":"KOCAALAN DERESİ","IstAdi":"DURU 1 HES CANSUYU","BolgeNo":7,"ILKODU":5,"ILCEKODU":1134,"HAVZA_ID":14,"entityId":"1118","entityType":"hesStations","id":"1118","name":"DURU 1 HES CANSUYU","stationId":42014099,"basinId":14,"status":"no_data","color":"#94a3b8","radius":7}},{"type":"Feature","id":"1119","geometry":{"type":"Point","coordinates":[36.10361000000006,40.76778000000007]},"properties":{"OBJECTID":1119,"IstNo":42014100,"SuAdi":"KOCAALAN DERESİ","IstAdi":"DURU 2 HES VE DURUCASU CANSUYU","BolgeNo":7,"ILKODU":5,"ILCEKODU":1668,"HAVZA_ID":14,"entityId":"1119","entityType":"hesStations","id":"1119","name":"DURU 2 HES VE DURUCASU CANSUYU","stationId":42014100,"basinId":14,"status":"no_data","color":"#94a3b8","radius":7}},{"type":"Feature","id":"1120","geometry":{"type":"Point","coordinates":[35.940000000000055,40.698060000000055]},"properties":{"OBJECTID":1120,"IstNo":42014105,"SuAdi":"YEŞİLRMAK NEHRI","IstAdi":"MİDILLI HES CANSUYU AGİ","BolgeNo":7,"ILKODU":5,"ILCEKODU":1134,"HAVZA_ID":14,"entityId":"1120","entityType":"hesStations","id":"1120","name":"MİDILLI HES CANSUYU AGİ","stationId":42014105,"basinId":14,"status":"no_data","color":"#94a3b8","radius":7}},{"type":"Feature","id":"1121","geometry":{"type":"Point","coordinates":[36.03917000000007,40.74556000000007]},"properties":{"OBJECTID":1121,"IstNo":42014114,"SuAdi":"YEŞİLIRMAK N.","IstAdi":"KALE HES CANSUYU ","BolgeNo":7,"ILKODU":5,"ILCEKODU":1134,"HAVZA_ID":14,"entityId":"1121","entityType":"hesStations","id":"1121","name":"KALE HES CANSUYU ","stationId":42014114,"basinId":14,"status":"no_data","color":"#94a3b8","radius":7}},{"type":"Feature","id":"1122","geometry":{"type":"Point","coordinates":[35.34333000000004,40.22556000000003]},"properties":{"OBJECTID":1122,"IstNo":42014118,"SuAdi":"ÇEKEREK ÇAYI","IstAdi":"İNCESU HES CANSUYU","BolgeNo":7,"ILKODU":-1,"ILCEKODU":1877,"HAVZA_ID":14,"entityId":"1122","entityType":"hesStations","id":"1122","name":"İNCESU HES CANSUYU","stationId":42014118,"basinId":14,"status":"no_data","color":"#94a3b8","radius":7}},{"type":"Feature","id":"1123","geometry":{"type":"Point","coordinates":[36.72472000000005,41.19861000000003]},"properties":{"OBJECTID":1123,"IstNo":42014120,"SuAdi":"YEŞİLIRMAK NEHRI","IstAdi":"KUMKÖY HES VE ÇARŞAMBA HES CANSUYU","BolgeNo":7,"ILKODU":55,"ILCEKODU":1234,"HAVZA_ID":14,"entityId":"1123","entityType":"hesStations","id":"1123","name":"KUMKÖY HES VE ÇARŞAMBA HES CANSUYU","stationId":42014120,"basinId":14,"status":"no_data","color":"#94a3b8","radius":7}},{"type":"Feature","id":"1124","geometry":{"type":"Point","coordinates":[36.31111000000004,40.92389000000003]},"properties":{"OBJECTID":1124,"IstNo":42014124,"SuAdi":"GÖKDERE","IstAdi":"YAPRAK-I HES CANSUYU","BolgeNo":7,"ILKODU":5,"ILCEKODU":1668,"HAVZA_ID":14,"entityId":"1124","entityType":"hesStations","id":"1124","name":"YAPRAK-I HES CANSUYU","stationId":42014124,"basinId":14,"status":"no_data","color":"#94a3b8","radius":7}},{"type":"Feature","id":"1125","geometry":{"type":"Point","coordinates":[36.355000000000075,40.885830000000055]},"properties":{"OBJECTID":1125,"IstNo":42014128,"SuAdi":"GÖKDERE","IstAdi":"YAPRAK-II HES CANSUYU","BolgeNo":7,"ILKODU":5,"ILCEKODU":1668,"HAVZA_ID":14,"entityId":"1125","entityType":"hesStations","id":"1125","name":"YAPRAK-II HES CANSUYU","stationId":42014128,"basinId":14,"status":"no_data","color":"#94a3b8","radius":7}},{"type":"Feature","id":"1126","geometry":{"type":"Point","coordinates":[37.06889000000007,40.70250000000004]},"properties":{"OBJECTID":1126,"IstNo":42014132,"SuAdi":"KARAKUŞ D.","IstAdi":"UMUT-I HES CANSUYU","BolgeNo":7,"ILKODU":52,"ILCEKODU":1545,"HAVZA_ID":14,"entityId":"1126","entityType":"hesStations","id":"1126","name":"UMUT-I HES CANSUYU","stationId":42014132,"basinId":14,"status":"no_data","color":"#94a3b8","radius":7}},{"type":"Feature","id":"1127","geometry":{"type":"Point","coordinates":[37.00667000000004,40.71667000000008]},"properties":{"OBJECTID":1127,"IstNo":42014136,"SuAdi":"KARAKUŞ DERE","IstAdi":"UMUT-II HES CANSUYU","BolgeNo":7,"ILKODU":52,"ILCEKODU":1119,"HAVZA_ID":14,"entityId":"1127","entityType":"hesStations","id":"1127","name":"UMUT-II HES CANSUYU","stationId":42014136,"basinId":14,"status":"no_data","color":"#94a3b8","radius":7}},{"type":"Feature","id":"1128","geometry":{"type":"Point","coordinates":[36.92000000000007,40.73917000000006]},"properties":{"OBJECTID":1128,"IstNo":42014137,"SuAdi":"KARAKUŞ DERE","IstAdi":"UMUT-III HES CANSUYU","BolgeNo":7,"ILKODU":52,"ILCEKODU":1119,"HAVZA_ID":14,"entityId":"1128","entityType":"hesStations","id":"1128","name":"UMUT-III HES CANSUYU","stationId":42014137,"basinId":14,"status":"no_data","color":"#94a3b8","radius":7}},{"type":"Feature","id":"1129","geometry":{"type":"Point","coordinates":[37.077780000000075,40.44722000000007]},"properties":{"OBJECTID":1129,"IstNo":42014138,"SuAdi":"KELKİT N.","IstAdi":"NİKSAR HES CANSUYU","BolgeNo":7,"ILKODU":60,"ILCEKODU":1883,"HAVZA_ID":14,"entityId":"1129","entityType":"hesStations","id":"1129","name":"NİKSAR HES CANSUYU","stationId":42014138,"basinId":14,"status":"no_data","color":"#94a3b8","radius":7}},{"type":"Feature","id":"1130","geometry":{"type":"Point","coordinates":[37.71861000000007,40.33278000000007]},"properties":{"OBJECTID":1130,"IstNo":42014140,"SuAdi":"KELKİT N.","IstAdi":"REŞADİYE-1 CANSUYU","BolgeNo":7,"ILKODU":60,"ILCEKODU":1525,"HAVZA_ID":22,"entityId":"1130","entityType":"hesStations","id":"1130","name":"REŞADİYE-1 CANSUYU","stationId":42014140,"basinId":22,"status":"no_data","color":"#94a3b8","radius":7}},{"type":"Feature","id":"1131","geometry":{"type":"Point","coordinates":[37.58833000000004,40.32611000000003]},"properties":{"OBJECTID":1131,"IstNo":42014142,"SuAdi":"KELKİT N.","IstAdi":"REŞADİYE-2 CANSUYU","BolgeNo":7,"ILKODU":60,"ILCEKODU":1484,"HAVZA_ID":14,"entityId":"1131","entityType":"hesStations","id":"1131","name":"REŞADİYE-2 CANSUYU","stationId":42014142,"basinId":14,"status":"no_data","color":"#94a3b8","radius":7}},{"type":"Feature","id":"1132","geometry":{"type":"Point","coordinates":[37.35833000000008,40.38000000000005]},"properties":{"OBJECTID":1132,"IstNo":42014144,"SuAdi":"KELKİT N.","IstAdi":"REŞADİYE-3 CANSUYU","BolgeNo":7,"ILKODU":60,"ILCEKODU":1584,"HAVZA_ID":14,"entityId":"1132","entityType":"hesStations","id":"1132","name":"REŞADİYE-3 CANSUYU","stationId":42014144,"basinId":14,"status":"no_data","color":"#94a3b8","radius":7}},{"type":"Feature","id":"1133","geometry":{"type":"Point","coordinates":[35.450000000000045,40.33805000000007]},"properties":{"OBJECTID":1133,"IstNo":42014146,"SuAdi":"ÇEKEREK I.","IstAdi":"BEKTEMÜR HES CANSUYU","BolgeNo":7,"ILKODU":5,"ILCEKODU":1363,"HAVZA_ID":14,"entityId":"1133","entityType":"hesStations","id":"1133","name":"BEKTEMÜR HES CANSUYU","stationId":42014146,"basinId":14,"status":"no_data","color":"#94a3b8","radius":7}},{"type":"Feature","id":"1134","geometry":{"type":"Point","coordinates":[35.32583000000005,40.21861000000007]},"properties":{"OBJECTID":1134,"IstNo":42014150,"SuAdi":"ÇEKEREK I.","IstAdi":"GÖKMEN HES CANSUYU","BolgeNo":7,"ILKODU":-1,"ILCEKODU":1877,"HAVZA_ID":14,"entityId":"1134","entityType":"hesStations","id":"1134","name":"GÖKMEN HES CANSUYU","stationId":42014150,"basinId":14,"status":"no_data","color":"#94a3b8","radius":7}},{"type":"Feature","id":"1135","geometry":{"type":"Point","coordinates":[37.408330000000035,40.28528000000006]},"properties":{"OBJECTID":1135,"IstNo":42014153,"SuAdi":"TOKAT Ç.","IstAdi":"YEŞİLIRMAK-I HES CANSUYU","BolgeNo":7,"ILKODU":60,"ILCEKODU":1584,"HAVZA_ID":14,"entityId":"1135","entityType":"hesStations","id":"1135","name":"YEŞİLIRMAK-I HES CANSUYU","stationId":42014153,"basinId":14,"status":"no_data","color":"#94a3b8","radius":7}},{"type":"Feature","id":"1136","geometry":{"type":"Point","coordinates":[36.98139000000003,40.710830000000044]},"properties":{"OBJECTID":1136,"IstNo":42014155,"SuAdi":"DEĞİRMENDERE","IstAdi":"UMUT 2 HES DEĞİRMENDERE-1 CANSUYU","BolgeNo":7,"ILKODU":52,"ILCEKODU":1119,"HAVZA_ID":14,"entityId":"1136","entityType":"hesStations","id":"1136","name":"UMUT 2 HES DEĞİRMENDERE-1 CANSUYU","stationId":42014155,"basinId":14,"status":"no_data","color":"#94a3b8","radius":7}},{"type":"Feature","id":"1137","geometry":{"type":"Point","coordinates":[37.01556000000005,40.78861000000006]},"properties":{"OBJECTID":1137,"IstNo":42014157,"SuAdi":"MİSTAN DERE","IstAdi":"UMUT-2 HES MİSTAN DERE CANSUYU","BolgeNo":7,"ILKODU":52,"ILCEKODU":1119,"HAVZA_ID":14,"entityId":"1137","entityType":"hesStations","id":"1137","name":"UMUT-2 HES MİSTAN DERE CANSUYU","stationId":42014157,"basinId":14,"status":"no_data","color":"#94a3b8","radius":7}},{"type":"Feature","id":"1138","geometry":{"type":"Point","coordinates":[36.996390000000076,40.80528000000004]},"properties":{"OBJECTID":1138,"IstNo":42014158,"SuAdi":"DEĞİRMENDERE","IstAdi":"UMUT 2 HES DEĞİRMENDERE 2 CANSUYU","BolgeNo":7,"ILKODU":52,"ILCEKODU":1119,"HAVZA_ID":14,"entityId":"1138","entityType":"hesStations","id":"1138","name":"UMUT 2 HES DEĞİRMENDERE 2 CANSUYU","stationId":42014158,"basinId":14,"status":"no_data","color":"#94a3b8","radius":7}},{"type":"Feature","id":"1139","geometry":{"type":"Point","coordinates":[36.150000000000034,40.73583000000008]},"properties":{"OBJECTID":1139,"IstNo":42014167,"SuAdi":"YEŞİLIRMAK NEHRİ","IstAdi":"YAVUZ HES CANSUYU AGİ","BolgeNo":7,"ILKODU":5,"ILCEKODU":1668,"HAVZA_ID":14,"entityId":"1139","entityType":"hesStations","id":"1139","name":"YAVUZ HES CANSUYU AGİ","stationId":42014167,"basinId":14,"status":"no_data","color":"#94a3b8","radius":7}},{"type":"Feature","id":"1140","geometry":{"type":"Point","coordinates":[36.11945000000003,40.74139000000008]},"properties":{"OBJECTID":1140,"IstNo":42014168,"SuAdi":"YEŞİLIRMAK N.","IstAdi":"OSMANCIK HES CAN SUYU (ESKİ)","BolgeNo":7,"ILKODU":5,"ILCEKODU":1668,"HAVZA_ID":14,"entityId":"1140","entityType":"hesStations","id":"1140","name":"OSMANCIK HES CAN SUYU (ESKİ)","stationId":42014168,"basinId":14,"status":"no_data","color":"#94a3b8","radius":7}},{"type":"Feature","id":"1141","geometry":{"type":"Point","coordinates":[36.12333000000007,40.741940000000056]},"properties":{"OBJECTID":1141,"IstNo":42014169,"SuAdi":"YEŞİLIRMAK N.","IstAdi":"OSMANCIK HES CANSUYU -YAVUZ HES ANAYATAK AGİ","BolgeNo":7,"ILKODU":5,"ILCEKODU":1668,"HAVZA_ID":14,"entityId":"1141","entityType":"hesStations","id":"1141","name":"OSMANCIK HES CANSUYU -YAVUZ HES ANAYATAK AGİ","stationId":42014169,"basinId":14,"status":"no_data","color":"#94a3b8","radius":7}},{"type":"Feature","id":"1142","geometry":{"type":"Point","coordinates":[37.26305000000008,40.49333000000007]},"properties":{"OBJECTID":1142,"IstNo":42014172,"SuAdi":"ZİNAV DERE","IstAdi":"ONUR HES CANSUYU AGİ","BolgeNo":7,"ILKODU":60,"ILCEKODU":1584,"HAVZA_ID":14,"entityId":"1142","entityType":"hesStations","id":"1142","name":"ONUR HES CANSUYU AGİ","stationId":42014172,"basinId":14,"status":"no_data","color":"#94a3b8","radius":7}},{"type":"Feature","id":"1143","geometry":{"type":"Point","coordinates":[37.37722000000008,40.21556000000004]},"properties":{"OBJECTID":1143,"IstNo":42014187,"SuAdi":"TOZANLI Ç.","IstAdi":"SUÇATI HES CANSUYU ","BolgeNo":7,"ILKODU":60,"ILCEKODU":1129,"HAVZA_ID":14,"entityId":"1143","entityType":"hesStations","id":"1143","name":"SUÇATI HES CANSUYU ","stationId":42014187,"basinId":14,"status":"no_data","color":"#94a3b8","radius":7}},{"type":"Feature","id":"1144","geometry":{"type":"Point","coordinates":[37.43444000000005,40.448060000000055]},"properties":{"OBJECTID":1144,"IstNo":42014199,"SuAdi":"DELİCE ÇAYI","IstAdi":"TUNA HES CANSUYU AGİ","BolgeNo":7,"ILKODU":60,"ILCEKODU":1584,"HAVZA_ID":14,"entityId":"1144","entityType":"hesStations","id":"1144","name":"TUNA HES CANSUYU AGİ","stationId":42014199,"basinId":14,"status":"no_data","color":"#94a3b8","radius":7}},{"type":"Feature","id":"1145","geometry":{"type":"Point","coordinates":[36.57889000000006,40.74028000000004]},"properties":{"OBJECTID":1145,"IstNo":42014200,"SuAdi":"KELKİT N.","IstAdi":"TEPEKIŞLA HES CANSUYU DEBİMETRE","BolgeNo":7,"ILKODU":60,"ILCEKODU":1308,"HAVZA_ID":14,"entityId":"1145","entityType":"hesStations","id":"1145","name":"TEPEKIŞLA HES CANSUYU DEBİMETRE","stationId":42014200,"basinId":14,"status":"no_data","color":"#94a3b8","radius":7}},{"type":"Feature","id":"1146","geometry":{"type":"Point","coordinates":[37.650000000000034,40.31556000000006]},"properties":{"OBJECTID":1146,"IstNo":42014201,"SuAdi":"YEŞİLIRMAK","IstAdi":"ÇİLEHANE HES CANSUYU AGİ","BolgeNo":7,"ILKODU":60,"ILCEKODU":1484,"HAVZA_ID":14,"entityId":"1146","entityType":"hesStations","id":"1146","name":"ÇİLEHANE HES CANSUYU AGİ","stationId":42014201,"basinId":14,"status":"no_data","color":"#94a3b8","radius":7}},{"type":"Feature","id":"1147","geometry":{"type":"Point","coordinates":[36.36889000000008,40.738060000000075]},"properties":{"OBJECTID":1147,"IstNo":42014204,"SuAdi":"YEŞİLIRMAK NEHIRI","IstAdi":"UMUTLU HES CANSUYU AGİ","BolgeNo":7,"ILKODU":5,"ILCEKODU":1668,"HAVZA_ID":14,"entityId":"1147","entityType":"hesStations","id":"1147","name":"UMUTLU HES CANSUYU AGİ","stationId":42014204,"basinId":14,"status":"no_data","color":"#94a3b8","radius":7}},{"type":"Feature","id":"1148","geometry":{"type":"Point","coordinates":[39.13306000000006,40.23472000000004]},"properties":{"OBJECTID":1148,"IstNo":42014206,"SuAdi":"ŞİRAN DERESİ","IstAdi":"KÖPRÜBAŞI CANSUYU","BolgeNo":22,"ILKODU":29,"ILCEKODU":1660,"HAVZA_ID":14,"entityId":"1148","entityType":"hesStations","id":"1148","name":"KÖPRÜBAŞI CANSUYU","stationId":42014206,"basinId":14,"status":"no_data","color":"#94a3b8","radius":7}},{"type":"Feature","id":"1149","geometry":{"type":"Point","coordinates":[37.03750000000008,40.80111000000005]},"properties":{"OBJECTID":1149,"IstNo":42014208,"SuAdi":"YALAMA DERE","IstAdi":"UMUT-2 HES YALAMA DERE CANSUYU AGİ","BolgeNo":7,"ILKODU":52,"ILCEKODU":1119,"HAVZA_ID":22,"entityId":"1149","entityType":"hesStations","id":"1149","name":"UMUT-2 HES YALAMA DERE CANSUYU AGİ","stationId":42014208,"basinId":22,"status":"no_data","color":"#94a3b8","radius":7}},{"type":"Feature","id":"1150","geometry":{"type":"Point","coordinates":[37.27111000000008,40.44305000000003]},"properties":{"OBJECTID":1150,"IstNo":42014214,"SuAdi":"ZİNAV DERE","IstAdi":"ÇAMLICA HES CANSUYU AGİ","BolgeNo":7,"ILKODU":60,"ILCEKODU":1584,"HAVZA_ID":14,"entityId":"1150","entityType":"hesStations","id":"1150","name":"ÇAMLICA HES CANSUYU AGİ","stationId":42014214,"basinId":14,"status":"no_data","color":"#94a3b8","radius":7}},{"type":"Feature","id":"1151","geometry":{"type":"Point","coordinates":[35.88833000000005,40.49472000000003]},"properties":{"OBJECTID":1151,"IstNo":42014215,"SuAdi":"YEŞİLIRMAK N.","IstAdi":"ÇARIKLI HES CANSUYU AGİ","BolgeNo":7,"ILKODU":5,"ILCEKODU":1134,"HAVZA_ID":14,"entityId":"1151","entityType":"hesStations","id":"1151","name":"ÇARIKLI HES CANSUYU AGİ","stationId":42014215,"basinId":14,"status":"no_data","color":"#94a3b8","radius":7}},{"type":"Feature","id":"1152","geometry":{"type":"Point","coordinates":[36.87500000000006,40.42500000000007]},"properties":{"OBJECTID":1152,"IstNo":42014219,"SuAdi":"YEŞİLIRMAK N.","IstAdi":"ALMUS+ATAKÖY HES CANSUYU AGİ","BolgeNo":7,"ILKODU":60,"ILCEKODU":1129,"HAVZA_ID":14,"entityId":"1152","entityType":"hesStations","id":"1152","name":"ALMUS+ATAKÖY HES CANSUYU AGİ","stationId":42014219,"basinId":14,"status":"no_data","color":"#94a3b8","radius":7}},{"type":"Feature","id":"1153","geometry":{"type":"Point","coordinates":[36.92778000000004,40.49361000000005]},"properties":{"OBJECTID":1153,"IstNo":42014220,"SuAdi":"YEŞİLIRMAK N.","IstAdi":"KÖKLÜCE HES SANTRAL KUYRUKSUYU ÇIKIŞI AGİ","BolgeNo":7,"ILKODU":60,"ILCEKODU":1545,"HAVZA_ID":14,"entityId":"1153","entityType":"hesStations","id":"1153","name":"KÖKLÜCE HES SANTRAL KUYRUKSUYU ÇIKIŞI AGİ","stationId":42014220,"basinId":14,"status":"no_data","color":"#94a3b8","radius":7}},{"type":"Feature","id":"1156","geometry":{"type":"Point","coordinates":[35.549450000000036,40.04889000000003]},"properties":{"OBJECTID":1156,"IstNo":42014223,"SuAdi":"ÇEKEREK IRMAĞI","IstAdi":"ÇEKEREK BARAJI CANSUYU AGİ","BolgeNo":7,"ILKODU":-1,"ILCEKODU":1245,"HAVZA_ID":14,"entityId":"1156","entityType":"hesStations","id":"1156","name":"ÇEKEREK BARAJI CANSUYU AGİ","stationId":42014223,"basinId":14,"status":"no_data","color":"#94a3b8","radius":7}},{"type":"Feature","id":"1157","geometry":{"type":"Point","coordinates":[38.77075000000008,40.326310000000035]},"properties":{"OBJECTID":1157,"IstNo":42014228,"SuAdi":"ALUCRA Ç.","IstAdi":"SÜMER REG VE HES","BolgeNo":22,"ILKODU":28,"ILCEKODU":1133,"HAVZA_ID":14,"entityId":"1157","entityType":"hesStations","id":"1157","name":"SÜMER REG VE HES","stationId":42014228,"basinId":14,"status":"no_data","color":"#94a3b8","radius":7}},{"type":"Feature","id":"1158","geometry":{"type":"Point","coordinates":[38.78174000000007,40.324910000000045]},"properties":{"OBJECTID":1158,"IstNo":42014231,"SuAdi":"ALUCRA Ç.","IstAdi":"BURÇAK 1 REG VE HES","BolgeNo":22,"ILKODU":28,"ILCEKODU":1133,"HAVZA_ID":14,"entityId":"1158","entityType":"hesStations","id":"1158","name":"BURÇAK 1 REG VE HES","stationId":42014231,"basinId":14,"status":"no_data","color":"#94a3b8","radius":7}},{"type":"Feature","id":"1159","geometry":{"type":"Point","coordinates":[38.417500000000075,40.302220000000034]},"properties":{"OBJECTID":1159,"IstNo":42014233,"SuAdi":"ALAÇURA Ç.","IstAdi":"BURÇAK II CANSUYU","BolgeNo":22,"ILKODU":28,"ILCEKODU":1654,"HAVZA_ID":14,"entityId":"1159","entityType":"hesStations","id":"1159","name":"BURÇAK II CANSUYU","stationId":42014233,"basinId":14,"status":"no_data","color":"#94a3b8","radius":7}},{"type":"Feature","id":"1160","geometry":{"type":"Point","coordinates":[38.74878000000007,40.167680000000075]},"properties":{"OBJECTID":1160,"IstNo":42014234,"SuAdi":"KELKİT ÇAYI","IstAdi":"YAKINCA HES CANSUYU","BolgeNo":22,"ILKODU":28,"ILCEKODU":1893,"HAVZA_ID":14,"entityId":"1160","entityType":"hesStations","id":"1160","name":"YAKINCA HES CANSUYU","stationId":42014234,"basinId":14,"status":"no_data","color":"#94a3b8","radius":7}},{"type":"Feature","id":"1161","geometry":{"type":"Point","coordinates":[38.80371000000008,40.18447000000003]},"properties":{"OBJECTID":1161,"IstNo":42014406,"SuAdi":"KELKİT ÇAYI","IstAdi":"MURATLI HES CANSUYU","BolgeNo":22,"ILKODU":28,"ILCEKODU":1893,"HAVZA_ID":14,"entityId":"1161","entityType":"hesStations","id":"1161","name":"MURATLI HES CANSUYU","stationId":42014406,"basinId":14,"status":"no_data","color":"#94a3b8","radius":7}},{"type":"Feature","id":"1162","geometry":{"type":"Point","coordinates":[38.794250000000034,40.146070000000066]},"properties":{"OBJECTID":1162,"IstNo":42014412,"SuAdi":"KELKİT ÇAYI","IstAdi":"KOÇAK HES CANSUYU","BolgeNo":22,"ILKODU":28,"ILCEKODU":1893,"HAVZA_ID":14,"entityId":"1162","entityType":"hesStations","id":"1162","name":"KOÇAK HES CANSUYU","stationId":42014412,"basinId":14,"status":"no_data","color":"#94a3b8","radius":7}},{"type":"Feature","id":"1164","geometry":{"type":"Point","coordinates":[33.38778000000008,39.42861000000005]},"properties":{"OBJECTID":1164,"IstNo":42015002,"SuAdi":"KIZILIRMAK","IstAdi":"SEMA REG. VE HES","BolgeNo":5,"ILKODU":71,"ILCEKODU":1167,"HAVZA_ID":15,"entityId":"1164","entityType":"hesStations","id":"1164","name":"SEMA REG. VE HES","stationId":42015002,"basinId":15,"status":"no_data","color":"#94a3b8","radius":7}},{"type":"Feature","id":"1165","geometry":{"type":"Point","coordinates":[33.51917000000003,40.119170000000054]},"properties":{"OBJECTID":1165,"IstNo":42015003,"SuAdi":"KIZILIRMAK","IstAdi":"ÇEŞMEBAŞI REG. HES","BolgeNo":5,"ILKODU":6,"ILCEKODU":1427,"HAVZA_ID":15,"entityId":"1165","entityType":"hesStations","id":"1165","name":"ÇEŞMEBAŞI REG. HES","stationId":42015003,"basinId":15,"status":"no_data","color":"#94a3b8","radius":7}},{"type":"Feature","id":"1166","geometry":{"type":"Point","coordinates":[33.56194000000005,40.162780000000055]},"properties":{"OBJECTID":1166,"IstNo":42015004,"SuAdi":"KIZILIRMAK","IstAdi":"HAMZALI REG. HES","BolgeNo":5,"ILKODU":6,"ILCEKODU":1427,"HAVZA_ID":15,"entityId":"1166","entityType":"hesStations","id":"1166","name":"HAMZALI REG. HES","stationId":42015004,"basinId":15,"status":"no_data","color":"#94a3b8","radius":7}},{"type":"Feature","id":"1167","geometry":{"type":"Point","coordinates":[34.802220000000034,40.783330000000035]},"properties":{"OBJECTID":1167,"IstNo":42015006,"SuAdi":"KIZILIRMAK","IstAdi":"PİRİNÇLİ REG. HES","BolgeNo":5,"ILKODU":19,"ILCEKODU":1911,"HAVZA_ID":15,"entityId":"1167","entityType":"hesStations","id":"1167","name":"PİRİNÇLİ REG. HES","stationId":42015006,"basinId":15,"status":"no_data","color":"#94a3b8","radius":7}},{"type":"Feature","id":"1168","geometry":{"type":"Point","coordinates":[33.11005000000006,40.63758000000007]},"properties":{"OBJECTID":1168,"IstNo":42015008,"SuAdi":"DEVREZ ÇAYI","IstAdi":"YAZI REG. HES","BolgeNo":5,"ILKODU":18,"ILCEKODU":1555,"HAVZA_ID":15,"entityId":"1168","entityType":"hesStations","id":"1168","name":"YAZI REG. HES","stationId":42015008,"basinId":15,"status":"no_data","color":"#94a3b8","radius":7}},{"type":"Feature","id":"1169","geometry":{"type":"Point","coordinates":[34.233610000000056,40.473610000000065]},"properties":{"OBJECTID":1169,"IstNo":42015011,"SuAdi":"KIZILIRMAK NEHRİ","IstAdi":"ÜLKÜN-1 HES (CAN SUYU)","BolgeNo":5,"ILKODU":19,"ILCEKODU":1177,"HAVZA_ID":15,"entityId":"1169","entityType":"hesStations","id":"1169","name":"ÜLKÜN-1 HES (CAN SUYU)","stationId":42015011,"basinId":15,"status":"no_data","color":"#94a3b8","radius":7}},{"type":"Feature","id":"1170","geometry":{"type":"Point","coordinates":[34.651110000000074,41.00000000000006]},"properties":{"OBJECTID":1170,"IstNo":42015012,"SuAdi":"KIZILIRMAK NEHRİ","IstAdi":"KARGI HES (CAN SUYU)","BolgeNo":5,"ILKODU":19,"ILCEKODU":1558,"HAVZA_ID":15,"entityId":"1170","entityType":"hesStations","id":"1170","name":"KARGI HES (CAN SUYU)","stationId":42015012,"basinId":15,"status":"no_data","color":"#94a3b8","radius":7}},{"type":"Feature","id":"1171","geometry":{"type":"Point","coordinates":[34.65250000000003,40.99556000000007]},"properties":{"OBJECTID":1171,"IstNo":42015013,"SuAdi":"KIZILIRMAK NEHRİ","IstAdi":"KARGI HES (BALIK GEÇİDİ)","BolgeNo":5,"ILKODU":19,"ILCEKODU":1558,"HAVZA_ID":15,"entityId":"1171","entityType":"hesStations","id":"1171","name":"KARGI HES (BALIK GEÇİDİ)","stationId":42015013,"basinId":15,"status":"no_data","color":"#94a3b8","radius":7}},{"type":"Feature","id":"1172","geometry":{"type":"Point","coordinates":[34.387500000000045,40.550830000000076]},"properties":{"OBJECTID":1172,"IstNo":42015014,"SuAdi":"KIZILIRMAK NEHRİ","IstAdi":"ÜLKÜN-2 HES","BolgeNo":5,"ILKODU":19,"ILCEKODU":1414,"HAVZA_ID":15,"entityId":"1172","entityType":"hesStations","id":"1172","name":"ÜLKÜN-2 HES","stationId":42015014,"basinId":15,"status":"no_data","color":"#94a3b8","radius":7}},{"type":"Feature","id":"1173","geometry":{"type":"Point","coordinates":[36.25028000000003,39.38250000000005]},"properties":{"OBJECTID":1173,"IstNo":42015025,"SuAdi":"KIZILIRMAK N.","IstAdi":"SARAÇBENDİ HES CANSUYU","BolgeNo":19,"ILKODU":58,"ILCEKODU":1650,"HAVZA_ID":15,"entityId":"1173","entityType":"hesStations","id":"1173","name":"SARAÇBENDİ HES CANSUYU","stationId":42015025,"basinId":15,"status":"no_data","color":"#94a3b8","radius":7}},{"type":"Feature","id":"1174","geometry":{"type":"Point","coordinates":[35.96139000000005,39.24556000000007]},"properties":{"OBJECTID":1174,"IstNo":42015026,"SuAdi":"GÖKSU KAYNAĞI","IstAdi":"TUZTAŞI HES CANSUYU","BolgeNo":19,"ILKODU":58,"ILCEKODU":1342,"HAVZA_ID":15,"entityId":"1174","entityType":"hesStations","id":"1174","name":"TUZTAŞI HES CANSUYU","stationId":42015026,"basinId":15,"status":"no_data","color":"#94a3b8","radius":7}},{"type":"Feature","id":"1175","geometry":{"type":"Point","coordinates":[35.948330000000055,39.30944000000005]},"properties":{"OBJECTID":1175,"IstNo":42015027,"SuAdi":"SIZIR KAYNAĞI","IstAdi":"SIZIR HES CANSUYU","BolgeNo":19,"ILKODU":58,"ILCEKODU":1342,"HAVZA_ID":15,"entityId":"1175","entityType":"hesStations","id":"1175","name":"SIZIR HES CANSUYU","stationId":42015027,"basinId":15,"status":"no_data","color":"#94a3b8","radius":7}},{"type":"Feature","id":"1176","geometry":{"type":"Point","coordinates":[34.09806000000003,41.310550000000035]},"properties":{"OBJECTID":1176,"IstNo":42015037,"SuAdi":"GÖKIRMAK","IstAdi":"AKKAYA HES CANSUYU","BolgeNo":23,"ILKODU":37,"ILCEKODU":1450,"HAVZA_ID":15,"entityId":"1176","entityType":"hesStations","id":"1176","name":"AKKAYA HES CANSUYU","stationId":42015037,"basinId":15,"status":"no_data","color":"#94a3b8","radius":7}},{"type":"Feature","id":"1177","geometry":{"type":"Point","coordinates":[34.429440000000056,41.615000000000066]},"properties":{"OBJECTID":1177,"IstNo":42015045,"SuAdi":"GÖKIRMAK","IstAdi":"DEMİRCİ HES","BolgeNo":23,"ILKODU":37,"ILCEKODU":1940,"HAVZA_ID":15,"entityId":"1177","entityType":"hesStations","id":"1177","name":"DEMİRCİ HES","stationId":42015045,"basinId":15,"status":"no_data","color":"#94a3b8","radius":7}},{"type":"Feature","id":"1178","geometry":{"type":"Point","coordinates":[33.44444000000004,40.04194000000007]},"properties":{"OBJECTID":1178,"IstNo":42015051,"SuAdi":"KIZILIRMAK","IstAdi":"KALECİK HES","BolgeNo":5,"ILKODU":6,"ILCEKODU":1427,"HAVZA_ID":15,"entityId":"1178","entityType":"hesStations","id":"1178","name":"KALECİK HES","stationId":42015051,"basinId":15,"status":"no_data","color":"#94a3b8","radius":7}},{"type":"Feature","id":"1179","geometry":{"type":"Point","coordinates":[35.37528000000003,41.05806000000007]},"properties":{"OBJECTID":1179,"IstNo":42015141,"SuAdi":"KUYMA ÇAYI","IstAdi":"KUYMA HES KUYUMA REGÜLATÖRÜ CANSUYU AGİ","BolgeNo":7,"ILKODU":55,"ILCEKODU":1712,"HAVZA_ID":15,"entityId":"1179","entityType":"hesStations","id":"1179","name":"KUYMA HES KUYUMA REGÜLATÖRÜ CANSUYU AGİ","stationId":42015141,"basinId":15,"status":"no_data","color":"#94a3b8","radius":7}},{"type":"Feature","id":"1180","geometry":{"type":"Point","coordinates":[34.776940000000025,41.467220000000054]},"properties":{"OBJECTID":1180,"IstNo":42015142,"SuAdi":"KIZILIRMAK N.","IstAdi":"BOYABAT HES CANSUYU","BolgeNo":7,"ILKODU":57,"ILCEKODU":1204,"HAVZA_ID":15,"entityId":"1180","entityType":"hesStations","id":"1180","name":"BOYABAT HES CANSUYU","stationId":42015142,"basinId":15,"status":"no_data","color":"#94a3b8","radius":7}},{"type":"Feature","id":"1181","geometry":{"type":"Point","coordinates":[34.55194000000006,38.77889000000005]},"properties":{"OBJECTID":1181,"IstNo":42015146,"SuAdi":"KIZILIRMAK N.","IstAdi":"TUZKÖYHES CANSUYU","BolgeNo":12,"ILKODU":50,"ILCEKODU":1367,"HAVZA_ID":15,"entityId":"1181","entityType":"hesStations","id":"1181","name":"TUZKÖYHES CANSUYU","stationId":42015146,"basinId":15,"status":"no_data","color":"#94a3b8","radius":7}},{"type":"Feature","id":"1182","geometry":{"type":"Point","coordinates":[35.29167000000007,38.77222000000006]},"properties":{"OBJECTID":1182,"IstNo":42015148,"SuAdi":"KARASU","IstAdi":"MOLU HES CANSUYU","BolgeNo":12,"ILKODU":38,"ILCEKODU":1863,"HAVZA_ID":15,"entityId":"1182","entityType":"hesStations","id":"1182","name":"MOLU HES CANSUYU","stationId":42015148,"basinId":15,"status":"no_data","color":"#94a3b8","radius":7}},{"type":"Feature","id":"1183","geometry":{"type":"Point","coordinates":[35.22445000000005,38.85722000000004]},"properties":{"OBJECTID":1183,"IstNo":42015149,"SuAdi":"KIZILIRMAK","IstAdi":"AKINCI-2 HES CANSUYU","BolgeNo":12,"ILKODU":38,"ILCEKODU":1863,"HAVZA_ID":15,"entityId":"1183","entityType":"hesStations","id":"1183","name":"AKINCI-2 HES CANSUYU","stationId":42015149,"basinId":15,"status":"no_data","color":"#94a3b8","radius":7}},{"type":"Feature","id":"1184","geometry":{"type":"Point","coordinates":[34.84863000000007,38.71623000000005]},"properties":{"OBJECTID":1184,"IstNo":42015150,"SuAdi":"KIZILIRMAK N.","IstAdi":"SARIHIDIR HES CANSUYU İST.","BolgeNo":12,"ILKODU":50,"ILCEKODU":1155,"HAVZA_ID":15,"entityId":"1184","entityType":"hesStations","id":"1184","name":"SARIHIDIR HES CANSUYU İST.","stationId":42015150,"basinId":15,"status":"no_data","color":"#94a3b8","radius":7}},{"type":"Feature","id":"1186","geometry":{"type":"Point","coordinates":[33.97222000000005,40.34639000000004]},"properties":{"OBJECTID":1186,"IstNo":42015164,"SuAdi":"KIZILIRMAK NEHRİ","IstAdi":"TIMARLI REG. VE HES","BolgeNo":5,"ILKODU":18,"ILCEKODU":1817,"HAVZA_ID":15,"entityId":"1186","entityType":"hesStations","id":"1186","name":"TIMARLI REG. VE HES","stationId":42015164,"basinId":15,"status":"no_data","color":"#94a3b8","radius":7}},{"type":"Feature","id":"1187","geometry":{"type":"Point","coordinates":[35.919800000000066,41.60723000000007]},"properties":{"OBJECTID":1187,"IstNo":42015318,"SuAdi":"KIZILIRMAK NEHRİ","IstAdi":"DERBENT BARAJI CANSUYU AGİ","BolgeNo":7,"ILKODU":55,"ILCEKODU":1164,"HAVZA_ID":15,"entityId":"1187","entityType":"hesStations","id":"1187","name":"DERBENT BARAJI CANSUYU AGİ","stationId":42015318,"basinId":15,"status":"no_data","color":"#94a3b8","radius":7}},{"type":"Feature","id":"1190","geometry":{"type":"Point","coordinates":[32.843630000000076,36.08092000000005]},"properties":{"OBJECTID":1190,"IstNo":42017001,"SuAdi":"SUGÖZÜDERE","IstAdi":"YAZILI HES","BolgeNo":6,"ILKODU":33,"ILCEKODU":1135,"HAVZA_ID":17,"entityId":"1190","entityType":"hesStations","id":"1190","name":"YAZILI HES","stationId":42017001,"basinId":17,"status":"no_data","color":"#94a3b8","radius":7}},{"type":"Feature","id":"1191","geometry":{"type":"Point","coordinates":[32.83250000000004,36.116940000000056]},"properties":{"OBJECTID":1191,"IstNo":42017002,"SuAdi":"SUGÖZÜDERE","IstAdi":"DAĞBAŞI HES","BolgeNo":6,"ILKODU":33,"ILCEKODU":1135,"HAVZA_ID":17,"entityId":"1191","entityType":"hesStations","id":"1191","name":"DAĞBAŞI HES","stationId":42017002,"basinId":17,"status":"no_data","color":"#94a3b8","radius":7}},{"type":"Feature","id":"1192","geometry":{"type":"Point","coordinates":[32.827150000000074,36.09054000000003]},"properties":{"OBJECTID":1192,"IstNo":42017003,"SuAdi":"ANAMUR  ÇAYI","IstAdi":"OTLUCA I HES","BolgeNo":6,"ILKODU":33,"ILCEKODU":1135,"HAVZA_ID":17,"entityId":"1192","entityType":"hesStations","id":"1192","name":"OTLUCA I HES","stationId":42017003,"basinId":17,"status":"no_data","color":"#94a3b8","radius":7}},{"type":"Feature","id":"1193","geometry":{"type":"Point","coordinates":[32.84070000000003,36.08439000000004]},"properties":{"OBJECTID":1193,"IstNo":42017004,"SuAdi":"ANAMUR ÇAYI","IstAdi":"OTLUCA II HES","BolgeNo":6,"ILKODU":33,"ILCEKODU":1135,"HAVZA_ID":17,"entityId":"1193","entityType":"hesStations","id":"1193","name":"OTLUCA II HES","stationId":42017004,"basinId":17,"status":"no_data","color":"#94a3b8","radius":7}},{"type":"Feature","id":"1194","geometry":{"type":"Point","coordinates":[34.30206000000004,36.61647000000005]},"properties":{"OBJECTID":1194,"IstNo":42017005,"SuAdi":"LAMAS ÇAYI","IstAdi":"LAMAS III-IV HES","BolgeNo":6,"ILKODU":33,"ILCEKODU":1311,"HAVZA_ID":17,"entityId":"1194","entityType":"hesStations","id":"1194","name":"LAMAS III-IV HES","stationId":42017005,"basinId":17,"status":"no_data","color":"#94a3b8","radius":7}},{"type":"Feature","id":"1195","geometry":{"type":"Point","coordinates":[33.43140000000005,36.683530000000076]},"properties":{"OBJECTID":1195,"IstNo":42017006,"SuAdi":"KESTELKAPIZI","IstAdi":"BİRKAPILI HES","BolgeNo":6,"ILKODU":33,"ILCEKODU":1536,"HAVZA_ID":17,"entityId":"1195","entityType":"hesStations","id":"1195","name":"BİRKAPILI HES","stationId":42017006,"basinId":17,"status":"no_data","color":"#94a3b8","radius":7}},{"type":"Feature","id":"1196","geometry":{"type":"Point","coordinates":[33.447880000000055,36.68751000000003]},"properties":{"OBJECTID":1196,"IstNo":42017007,"SuAdi":"KURTSUYU","IstAdi":"DİNÇ 2 HES","BolgeNo":6,"ILKODU":33,"ILCEKODU":1536,"HAVZA_ID":17,"entityId":"1196","entityType":"hesStations","id":"1196","name":"DİNÇ 2 HES","stationId":42017007,"basinId":17,"status":"no_data","color":"#94a3b8","radius":7}},{"type":"Feature","id":"1197","geometry":{"type":"Point","coordinates":[33.445190000000025,36.701100000000054]},"properties":{"OBJECTID":1197,"IstNo":42017008,"SuAdi":"KURTSUYU","IstAdi":"DİNÇ 1 HES","BolgeNo":6,"ILKODU":33,"ILCEKODU":1536,"HAVZA_ID":17,"entityId":"1197","entityType":"hesStations","id":"1197","name":"DİNÇ 1 HES","stationId":42017008,"basinId":17,"status":"no_data","color":"#94a3b8","radius":7}},{"type":"Feature","id":"1198","geometry":{"type":"Point","coordinates":[33.41772000000003,36.696690000000046]},"properties":{"OBJECTID":1198,"IstNo":42017009,"SuAdi":"KURTSUYU","IstAdi":"SARIKAVAK HES","BolgeNo":6,"ILKODU":33,"ILCEKODU":1536,"HAVZA_ID":17,"entityId":"1198","entityType":"hesStations","id":"1198","name":"SARIKAVAK HES","stationId":42017009,"basinId":17,"status":"no_data","color":"#94a3b8","radius":7}},{"type":"Feature","id":"1199","geometry":{"type":"Point","coordinates":[34.606930000000034,37.16563000000008]},"properties":{"OBJECTID":1199,"IstNo":42017010,"SuAdi":"PAMUKLUK ÇAYI","IstAdi":"PAMUK HES","BolgeNo":6,"ILKODU":33,"ILCEKODU":1892,"HAVZA_ID":17,"entityId":"1199","entityType":"hesStations","id":"1199","name":"PAMUK HES","stationId":42017010,"basinId":17,"status":"no_data","color":"#94a3b8","radius":7}},{"type":"Feature","id":"1200","geometry":{"type":"Point","coordinates":[32.31611000000004,36.30750000000006]},"properties":{"OBJECTID":1200,"IstNo":42017011,"SuAdi":"SU GÖZÜ","IstAdi":"ŞAHMANLAR AKDERE","BolgeNo":13,"ILKODU":7,"ILCEKODU":1337,"HAVZA_ID":17,"entityId":"1200","entityType":"hesStations","id":"1200","name":"ŞAHMANLAR AKDERE","stationId":42017011,"basinId":17,"status":"no_data","color":"#94a3b8","radius":7}},{"type":"Feature","id":"1201","geometry":{"type":"Point","coordinates":[32.32722000000007,36.32528000000008]},"properties":{"OBJECTID":1201,"IstNo":42017012,"SuAdi":"SU GÖZÜ ","IstAdi":"ŞAHMANLAR KÖPRÜDERE","BolgeNo":13,"ILKODU":7,"ILCEKODU":1337,"HAVZA_ID":17,"entityId":"1201","entityType":"hesStations","id":"1201","name":"ŞAHMANLAR KÖPRÜDERE","stationId":42017012,"basinId":17,"status":"no_data","color":"#94a3b8","radius":7}},{"type":"Feature","id":"1202","geometry":{"type":"Point","coordinates":[32.35472000000004,36.338610000000074]},"properties":{"OBJECTID":1202,"IstNo":42017013,"SuAdi":"SU GÖZÜ ","IstAdi":"KIZILDÜZ HES","BolgeNo":13,"ILKODU":7,"ILCEKODU":1337,"HAVZA_ID":17,"entityId":"1202","entityType":"hesStations","id":"1202","name":"KIZILDÜZ HES","stationId":42017013,"basinId":17,"status":"no_data","color":"#94a3b8","radius":7}},{"type":"Feature","id":"1203","geometry":{"type":"Point","coordinates":[34.898070000000075,36.95428000000004]},"properties":{"OBJECTID":1203,"IstNo":42017014,"SuAdi":"KADINCIK ÇAYI","IstAdi":"GÖK HES","BolgeNo":6,"ILKODU":33,"ILCEKODU":1665,"HAVZA_ID":17,"entityId":"1203","entityType":"hesStations","id":"1203","name":"GÖK HES","stationId":42017014,"basinId":17,"status":"no_data","color":"#94a3b8","radius":7}},{"type":"Feature","id":"1204","geometry":{"type":"Point","coordinates":[34.88464000000005,36.97806000000003]},"properties":{"OBJECTID":1204,"IstNo":42017015,"SuAdi":"CEHENNEM DERE","IstAdi":"SEBİL HES CANSUYU","BolgeNo":6,"ILKODU":33,"ILCEKODU":1665,"HAVZA_ID":17,"entityId":"1204","entityType":"hesStations","id":"1204","name":"SEBİL HES CANSUYU","stationId":42017015,"basinId":17,"status":"no_data","color":"#94a3b8","radius":7}},{"type":"Feature","id":"1205","geometry":{"type":"Point","coordinates":[32.83222000000006,36.26000000000005]},"properties":{"OBJECTID":1205,"IstNo":42017016,"SuAdi":"BOĞUNTU DERESİ","IstAdi":"BOĞUNTU HES CANSUYU","BolgeNo":6,"ILKODU":33,"ILCEKODU":1135,"HAVZA_ID":17,"entityId":"1205","entityType":"hesStations","id":"1205","name":"BOĞUNTU HES CANSUYU","stationId":42017016,"basinId":17,"status":"no_data","color":"#94a3b8","radius":7}},{"type":"Feature","id":"1207","geometry":{"type":"Point","coordinates":[32.84070000000003,36.075510000000065]},"properties":{"OBJECTID":1207,"IstNo":42017021,"SuAdi":"ANAMUR Ç.","IstAdi":"ALAKÖPRÜ BARAJI VE HES","BolgeNo":6,"ILKODU":33,"ILCEKODU":1135,"HAVZA_ID":17,"entityId":"1207","entityType":"hesStations","id":"1207","name":"ALAKÖPRÜ BARAJI VE HES","stationId":42017021,"basinId":17,"status":"no_data","color":"#94a3b8","radius":7}},{"type":"Feature","id":"1208","geometry":{"type":"Point","coordinates":[32.025000000000034,36.59917000000007]},"properties":{"OBJECTID":1208,"IstNo":42017022,"SuAdi":"GEVNE Ç.","IstAdi":"YAPRAK HES","BolgeNo":13,"ILKODU":7,"ILCEKODU":1126,"HAVZA_ID":9,"entityId":"1208","entityType":"hesStations","id":"1208","name":"YAPRAK HES","stationId":42017022,"basinId":9,"status":"no_data","color":"#94a3b8","radius":7}},{"type":"Feature","id":"1209","geometry":{"type":"Point","coordinates":[31.99195000000003,36.61250000000007]},"properties":{"OBJECTID":1209,"IstNo":42017023,"SuAdi":"GEVNE Ç.","IstAdi":"YALNIZARDIÇ BARAJI CANSUYU HES","BolgeNo":13,"ILKODU":7,"ILCEKODU":1126,"HAVZA_ID":9,"entityId":"1209","entityType":"hesStations","id":"1209","name":"YALNIZARDIÇ BARAJI CANSUYU HES","stationId":42017023,"basinId":9,"status":"no_data","color":"#94a3b8","radius":7}},{"type":"Feature","id":"1211","geometry":{"type":"Point","coordinates":[32.968890000000044,36.96389000000005]},"properties":{"OBJECTID":1211,"IstNo":42017200,"SuAdi":"GÖKSU N.","IstAdi":"DAMLAPINAR HES CANSUYU","BolgeNo":4,"ILKODU":70,"ILCEKODU":1439,"HAVZA_ID":17,"entityId":"1211","entityType":"hesStations","id":"1211","name":"DAMLAPINAR HES CANSUYU","stationId":42017200,"basinId":17,"status":"no_data","color":"#94a3b8","radius":7}},{"type":"Feature","id":"1212","geometry":{"type":"Point","coordinates":[32.776670000000024,37.04889000000003]},"properties":{"OBJECTID":1212,"IstNo":42017201,"SuAdi":"GÖKSU N.","IstAdi":"KEPEZKAYA HES CANSUYU","BolgeNo":4,"ILKODU":70,"ILCEKODU":1933,"HAVZA_ID":17,"entityId":"1212","entityType":"hesStations","id":"1212","name":"KEPEZKAYA HES CANSUYU","stationId":42017201,"basinId":17,"status":"no_data","color":"#94a3b8","radius":7}},{"type":"Feature","id":"1214","geometry":{"type":"Point","coordinates":[33.049450000000036,36.93694000000005]},"properties":{"OBJECTID":1214,"IstNo":42017217,"SuAdi":"GÖKSU N.","IstAdi":"BUCAKKIŞLA","BolgeNo":4,"ILKODU":70,"ILCEKODU":1439,"HAVZA_ID":17,"entityId":"1214","entityType":"hesStations","id":"1214","name":"BUCAKKIŞLA","stationId":42017217,"basinId":17,"status":"no_data","color":"#94a3b8","radius":7}},{"type":"Feature","id":"1215","geometry":{"type":"Point","coordinates":[32.64038000000005,38.00049000000007]},"properties":{"OBJECTID":1215,"IstNo":42017401,"SuAdi":"BOGAZDERE","IstAdi":"GÜNEYYAKA REG VE HES","BolgeNo":4,"ILKODU":-1,"ILCEKODU":1839,"HAVZA_ID":16,"entityId":"1215","entityType":"hesStations","id":"1215","name":"GÜNEYYAKA REG VE HES","stationId":42017401,"basinId":16,"status":"no_data","color":"#94a3b8","radius":7}},{"type":"Feature","id":"1216","geometry":{"type":"Point","coordinates":[33.96222000000006,36.69695000000007]},"properties":{"OBJECTID":1216,"IstNo":42017501,"SuAdi":"BALKUSAN Ç.","IstAdi":"BALKUSAN HES CANSUYU","BolgeNo":4,"ILKODU":70,"ILCEKODU":1621,"HAVZA_ID":17,"entityId":"1216","entityType":"hesStations","id":"1216","name":"BALKUSAN HES CANSUYU","stationId":42017501,"basinId":17,"status":"no_data","color":"#94a3b8","radius":7}},{"type":"Feature","id":"1217","geometry":{"type":"Point","coordinates":[32.60742000000005,36.88951000000003]},"properties":{"OBJECTID":1217,"IstNo":42017601,"SuAdi":"GOKSU N.","IstAdi":"GÖKSU HES-CANSUYU","BolgeNo":4,"ILKODU":-1,"ILCEKODU":1848,"HAVZA_ID":17,"entityId":"1217","entityType":"hesStations","id":"1217","name":"GÖKSU HES-CANSUYU","stationId":42017601,"basinId":17,"status":"no_data","color":"#94a3b8","radius":7}},{"type":"Feature","id":"1218","geometry":{"type":"Point","coordinates":[32.553330000000074,36.55695000000003]},"properties":{"OBJECTID":1218,"IstNo":42017700,"SuAdi":"ERMENEK Ç.","IstAdi":"DARAN 1 HES CANSUYU","BolgeNo":4,"ILKODU":70,"ILCEKODU":1983,"HAVZA_ID":17,"entityId":"1218","entityType":"hesStations","id":"1218","name":"DARAN 1 HES CANSUYU","stationId":42017700,"basinId":17,"status":"no_data","color":"#94a3b8","radius":7}},{"type":"Feature","id":"1219","geometry":{"type":"Point","coordinates":[32.63334000000003,36.55722000000003]},"properties":{"OBJECTID":1219,"IstNo":42017701,"SuAdi":"ERMENEK Ç.","IstAdi":"DARAN 2 HES CANSUYU","BolgeNo":4,"ILKODU":70,"ILCEKODU":1983,"HAVZA_ID":17,"entityId":"1219","entityType":"hesStations","id":"1219","name":"DARAN 2 HES CANSUYU","stationId":42017701,"basinId":17,"status":"no_data","color":"#94a3b8","radius":7}},{"type":"Feature","id":"1220","geometry":{"type":"Point","coordinates":[32.66667000000007,36.60944000000006]},"properties":{"OBJECTID":1220,"IstNo":42017800,"SuAdi":"GÖKTEPE D.","IstAdi":"GÜNDER HES CANSUYU","BolgeNo":4,"ILKODU":70,"ILCEKODU":1983,"HAVZA_ID":17,"entityId":"1220","entityType":"hesStations","id":"1220","name":"GÜNDER HES CANSUYU","stationId":42017800,"basinId":17,"status":"no_data","color":"#94a3b8","radius":7}},{"type":"Feature","id":"1222","geometry":{"type":"Point","coordinates":[35.02417000000003,37.30583000000007]},"properties":{"OBJECTID":1222,"IstNo":42018001,"SuAdi":"ÇAKIT ÇAYI","IstAdi":"TOROS HES","BolgeNo":6,"ILKODU":1,"ILCEKODU":1437,"HAVZA_ID":18,"entityId":"1222","entityType":"hesStations","id":"1222","name":"TOROS HES","stationId":42018001,"basinId":18,"status":"no_data","color":"#94a3b8","radius":7}},{"type":"Feature","id":"1223","geometry":{"type":"Point","coordinates":[34.988890000000026,37.31083000000007]},"properties":{"OBJECTID":1223,"IstNo":42018002,"SuAdi":"ÇAKIT ÇAYI","IstAdi":"ÇAKIT HES","BolgeNo":6,"ILKODU":1,"ILCEKODU":1437,"HAVZA_ID":18,"entityId":"1223","entityType":"hesStations","id":"1223","name":"ÇAKIT HES","stationId":42018002,"basinId":18,"status":"no_data","color":"#94a3b8","radius":7}},{"type":"Feature","id":"1224","geometry":{"type":"Point","coordinates":[34.875830000000065,37.42861000000005]},"properties":{"OBJECTID":1224,"IstNo":42018003,"SuAdi":"KÖRKÜN Ç.","IstAdi":"KARAKUZ BARAJI VE HES","BolgeNo":6,"ILKODU":1,"ILCEKODU":1580,"HAVZA_ID":18,"entityId":"1224","entityType":"hesStations","id":"1224","name":"KARAKUZ BARAJI VE HES","stationId":42018003,"basinId":18,"status":"no_data","color":"#94a3b8","radius":7}},{"type":"Feature","id":"1225","geometry":{"type":"Point","coordinates":[35.06836000000004,37.28425000000004]},"properties":{"OBJECTID":1225,"IstNo":42018004,"SuAdi":"EĞLENCE ÇAYI","IstAdi":"EĞLENCE I HES","BolgeNo":6,"ILKODU":1,"ILCEKODU":1437,"HAVZA_ID":18,"entityId":"1225","entityType":"hesStations","id":"1225","name":"EĞLENCE I HES","stationId":42018004,"basinId":18,"status":"no_data","color":"#94a3b8","radius":7}},{"type":"Feature","id":"1226","geometry":{"type":"Point","coordinates":[35.06042000000008,37.29773000000006]},"properties":{"OBJECTID":1226,"IstNo":42018005,"SuAdi":"EĞLENCE ÇAYI","IstAdi":"EĞLENCE II HES","BolgeNo":6,"ILKODU":1,"ILCEKODU":1437,"HAVZA_ID":18,"entityId":"1226","entityType":"hesStations","id":"1226","name":"EĞLENCE II HES","stationId":42018005,"basinId":18,"status":"no_data","color":"#94a3b8","radius":7}},{"type":"Feature","id":"1227","geometry":{"type":"Point","coordinates":[35.83191000000005,37.515540000000044]},"properties":{"OBJECTID":1227,"IstNo":42018006,"SuAdi":"SALAM D.","IstAdi":"KIY HES","BolgeNo":6,"ILKODU":1,"ILCEKODU":1486,"HAVZA_ID":20,"entityId":"1227","entityType":"hesStations","id":"1227","name":"KIY HES","stationId":42018006,"basinId":20,"status":"no_data","color":"#94a3b8","radius":7}},{"type":"Feature","id":"1228","geometry":{"type":"Point","coordinates":[36.09009000000003,37.99472000000003]},"properties":{"OBJECTID":1228,"IstNo":42018007,"SuAdi":"GÖKSU NEHRİ","IstAdi":"YAMANLI II HES (2. KADEME)","BolgeNo":6,"ILKODU":1,"ILCEKODU":1588,"HAVZA_ID":18,"entityId":"1228","entityType":"hesStations","id":"1228","name":"YAMANLI II HES (2. KADEME)","stationId":42018007,"basinId":18,"status":"no_data","color":"#94a3b8","radius":7}},{"type":"Feature","id":"1229","geometry":{"type":"Point","coordinates":[36.07965000000007,37.99134000000004]},"properties":{"OBJECTID":1229,"IstNo":42018008,"SuAdi":"GÖKSU N.","IstAdi":"GÖKKAYA BARAJI VE HES","BolgeNo":6,"ILKODU":1,"ILCEKODU":1588,"HAVZA_ID":18,"entityId":"1229","entityType":"hesStations","id":"1229","name":"GÖKKAYA BARAJI VE HES","stationId":42018008,"basinId":18,"status":"no_data","color":"#94a3b8","radius":7}},{"type":"Feature","id":"1230","geometry":{"type":"Point","coordinates":[35.89233000000007,37.85461000000004]},"properties":{"OBJECTID":1230,"IstNo":42018009,"SuAdi":"GÖKSU N.","IstAdi":"HİMMETLI HES","BolgeNo":6,"ILKODU":1,"ILCEKODU":1329,"HAVZA_ID":18,"entityId":"1230","entityType":"hesStations","id":"1230","name":"HİMMETLI HES","stationId":42018009,"basinId":18,"status":"no_data","color":"#94a3b8","radius":7}},{"type":"Feature","id":"1231","geometry":{"type":"Point","coordinates":[35.90112000000005,37.86569000000003]},"properties":{"OBJECTID":1231,"IstNo":42018010,"SuAdi":"GÖKSU NEHRİ","IstAdi":"FEKE I HES","BolgeNo":6,"ILKODU":1,"ILCEKODU":1329,"HAVZA_ID":18,"entityId":"1231","entityType":"hesStations","id":"1231","name":"FEKE I HES","stationId":42018010,"basinId":18,"status":"no_data","color":"#94a3b8","radius":7}},{"type":"Feature","id":"1232","geometry":{"type":"Point","coordinates":[35.81543000000005,37.48939000000007]},"properties":{"OBJECTID":1232,"IstNo":42018011,"SuAdi":"SEYHAN NEHRİ","IstAdi":"KAVŞAKBENDİ HES","BolgeNo":6,"ILKODU":1,"ILCEKODU":1486,"HAVZA_ID":20,"entityId":"1232","entityType":"hesStations","id":"1232","name":"KAVŞAKBENDİ HES","stationId":42018011,"basinId":20,"status":"no_data","color":"#94a3b8","radius":7}},{"type":"Feature","id":"1233","geometry":{"type":"Point","coordinates":[35.897830000000056,37.85461000000004]},"properties":{"OBJECTID":1233,"IstNo":42018012,"SuAdi":"TAŞLIK DERE","IstAdi":"ÇORAKLI HES","BolgeNo":6,"ILKODU":1,"ILCEKODU":1329,"HAVZA_ID":18,"entityId":"1233","entityType":"hesStations","id":"1233","name":"ÇORAKLI HES","stationId":42018012,"basinId":18,"status":"no_data","color":"#94a3b8","radius":7}},{"type":"Feature","id":"1234","geometry":{"type":"Point","coordinates":[35.925290000000075,37.85895000000005]},"properties":{"OBJECTID":1234,"IstNo":42018013,"SuAdi":"ASMACA ÇAYI","IstAdi":"SARITEPE HES","BolgeNo":6,"ILKODU":1,"ILCEKODU":1329,"HAVZA_ID":18,"entityId":"1234","entityType":"hesStations","id":"1234","name":"SARITEPE HES","stationId":42018013,"basinId":18,"status":"no_data","color":"#94a3b8","radius":7}},{"type":"Feature","id":"1235","geometry":{"type":"Point","coordinates":[35.83740000000006,37.49852000000004]},"properties":{"OBJECTID":1235,"IstNo":42018014,"SuAdi":"ZAMANTİ NEHRİ","IstAdi":"GÖKTAŞ II HES","BolgeNo":6,"ILKODU":1,"ILCEKODU":1486,"HAVZA_ID":20,"entityId":"1235","entityType":"hesStations","id":"1235","name":"GÖKTAŞ II HES","stationId":42018014,"basinId":20,"status":"no_data","color":"#94a3b8","radius":7}},{"type":"Feature","id":"1236","geometry":{"type":"Point","coordinates":[36.22192000000007,38.28275000000008]},"properties":{"OBJECTID":1236,"IstNo":42018015,"SuAdi":"GÖKSU NEHRİ","IstAdi":"YAMANLI II HES (1. KADEME)","BolgeNo":6,"ILKODU":1,"ILCEKODU":1687,"HAVZA_ID":18,"entityId":"1236","entityType":"hesStations","id":"1236","name":"YAMANLI II HES (1. KADEME)","stationId":42018015,"basinId":18,"status":"no_data","color":"#94a3b8","radius":7}},{"type":"Feature","id":"1237","geometry":{"type":"Point","coordinates":[35.12667000000005,37.33889000000005]},"properties":{"OBJECTID":1237,"IstNo":42018016,"SuAdi":"KÖRKÜN ÇAYI","IstAdi":"AHMETLİ HES","BolgeNo":6,"ILKODU":1,"ILCEKODU":1437,"HAVZA_ID":18,"entityId":"1237","entityType":"hesStations","id":"1237","name":"AHMETLİ HES","stationId":42018016,"basinId":18,"status":"no_data","color":"#94a3b8","radius":7}},{"type":"Feature","id":"1238","geometry":{"type":"Point","coordinates":[27.833330000000046,37.833330000000046]},"properties":{"OBJECTID":1238,"IstNo":42018017,"SuAdi":"ZAMANTİ N.","IstAdi":"GÖKTAŞ 1 HES CANSUYU","BolgeNo":6,"ILKODU":1,"ILCEKODU":2076,"HAVZA_ID":7,"entityId":"1238","entityType":"hesStations","id":"1238","name":"GÖKTAŞ 1 HES CANSUYU","stationId":42018017,"basinId":7,"status":"no_data","color":"#94a3b8","radius":7}},{"type":"Feature","id":"1239","geometry":{"type":"Point","coordinates":[36.837230000000034,37.71175000000005]},"properties":{"OBJECTID":1239,"IstNo":42018018,"SuAdi":"DOĞANÇAY","IstAdi":"DOĞANÇAY REGÜLATÖRÜ VE HES","BolgeNo":6,"ILKODU":1,"ILCEKODU":2085,"HAVZA_ID":20,"entityId":"1239","entityType":"hesStations","id":"1239","name":"DOĞANÇAY REGÜLATÖRÜ VE HES","stationId":42018018,"basinId":20,"status":"no_data","color":"#94a3b8","radius":7}},{"type":"Feature","id":"1240","geometry":{"type":"Point","coordinates":[35.615000000000066,37.62028000000004]},"properties":{"OBJECTID":1240,"IstNo":42018019,"SuAdi":"GÖKSU N.","IstAdi":"KÖPRÜ BARAJI VE HES CANSUYU","BolgeNo":6,"ILKODU":1,"ILCEKODU":1486,"HAVZA_ID":18,"entityId":"1240","entityType":"hesStations","id":"1240","name":"KÖPRÜ BARAJI VE HES CANSUYU","stationId":42018019,"basinId":18,"status":"no_data","color":"#94a3b8","radius":7}},{"type":"Feature","id":"1244","geometry":{"type":"Point","coordinates":[35.50667000000004,37.88445000000007]},"properties":{"OBJECTID":1244,"IstNo":42018101,"SuAdi":"ZAMANTI IRMAĞI","IstAdi":"ÇAMLICA 3 HES CAN SUYU","BolgeNo":12,"ILKODU":38,"ILCEKODU":1715,"HAVZA_ID":18,"entityId":"1244","entityType":"hesStations","id":"1244","name":"ÇAMLICA 3 HES CAN SUYU","stationId":42018101,"basinId":18,"status":"no_data","color":"#94a3b8","radius":7}},{"type":"Feature","id":"1245","geometry":{"type":"Point","coordinates":[36.62833000000006,39.00834000000003]},"properties":{"OBJECTID":1245,"IstNo":42018102,"SuAdi":"ZAMANTI IRMAĞI","IstAdi":"YAHYABEY HES CAN SUYU","BolgeNo":12,"ILKODU":38,"ILCEKODU":1576,"HAVZA_ID":18,"entityId":"1245","entityType":"hesStations","id":"1245","name":"YAHYABEY HES CAN SUYU","stationId":42018102,"basinId":18,"status":"no_data","color":"#94a3b8","radius":7}},{"type":"Feature","id":"1246","geometry":{"type":"Point","coordinates":[35.50278000000003,38.01778000000007]},"properties":{"OBJECTID":1246,"IstNo":42018104,"SuAdi":"ZAMANTI IRMAĞI","IstAdi":"ÇAMLICA 1 HES CAN SUYU","BolgeNo":12,"ILKODU":38,"ILCEKODU":1715,"HAVZA_ID":18,"entityId":"1246","entityType":"hesStations","id":"1246","name":"ÇAMLICA 1 HES CAN SUYU","stationId":42018104,"basinId":18,"status":"no_data","color":"#94a3b8","radius":7}},{"type":"Feature","id":"1247","geometry":{"type":"Point","coordinates":[35.488890000000026,37.91500000000008]},"properties":{"OBJECTID":1247,"IstNo":42018105,"SuAdi":"ZAMANTI IRMAĞI","IstAdi":"ÇAMLICA 2 HES CAN SUYU","BolgeNo":12,"ILKODU":38,"ILCEKODU":1715,"HAVZA_ID":18,"entityId":"1247","entityType":"hesStations","id":"1247","name":"ÇAMLICA 2 HES CAN SUYU","stationId":42018105,"basinId":18,"status":"no_data","color":"#94a3b8","radius":7}},{"type":"Feature","id":"1248","geometry":{"type":"Point","coordinates":[35.560280000000034,38.049450000000036]},"properties":{"OBJECTID":1248,"IstNo":42018106,"SuAdi":"ZAMANTI IRMAĞI","IstAdi":"STS 1 HES CAN SUYU","BolgeNo":12,"ILKODU":38,"ILCEKODU":1715,"HAVZA_ID":18,"entityId":"1248","entityType":"hesStations","id":"1248","name":"STS 1 HES CAN SUYU","stationId":42018106,"basinId":18,"status":"no_data","color":"#94a3b8","radius":7}},{"type":"Feature","id":"1249","geometry":{"type":"Point","coordinates":[36.22192000000007,36.841950000000054]},"properties":{"OBJECTID":1249,"IstNo":42019001,"SuAdi":"DELİÇAY","IstAdi":"YEŞİLVADI HES","BolgeNo":6,"ILKODU":31,"ILCEKODU":1289,"HAVZA_ID":19,"entityId":"1249","entityType":"hesStations","id":"1249","name":"YEŞİLVADI HES","stationId":42019001,"basinId":19,"status":"no_data","color":"#94a3b8","radius":7}},{"type":"Feature","id":"1251","geometry":{"type":"Point","coordinates":[36.098610000000065,37.43306000000007]},"properties":{"OBJECTID":1251,"IstNo":42020030,"SuAdi":"SAVRUN ÇAYI","IstAdi":"SAYAN HES","BolgeNo":6,"ILKODU":80,"ILCEKODU":1423,"HAVZA_ID":20,"entityId":"1251","entityType":"hesStations","id":"1251","name":"SAYAN HES","stationId":42020030,"basinId":20,"status":"no_data","color":"#94a3b8","radius":7}},{"type":"Feature","id":"1252","geometry":{"type":"Point","coordinates":[36.10639000000003,37.42389000000003]},"properties":{"OBJECTID":1252,"IstNo":42020031,"SuAdi":"SAVRUN ÇAYI","IstAdi":"KÖROĞLU HES","BolgeNo":6,"ILKODU":80,"ILCEKODU":1423,"HAVZA_ID":20,"entityId":"1252","entityType":"hesStations","id":"1252","name":"KÖROĞLU HES","stationId":42020031,"basinId":20,"status":"no_data","color":"#94a3b8","radius":7}},{"type":"Feature","id":"1253","geometry":{"type":"Point","coordinates":[36.09555000000006,37.428330000000074]},"properties":{"OBJECTID":1253,"IstNo":42020032,"SuAdi":"SAVRUN ÇAYI","IstAdi":"KALEALTI I HES","BolgeNo":6,"ILKODU":80,"ILCEKODU":1423,"HAVZA_ID":20,"entityId":"1253","entityType":"hesStations","id":"1253","name":"KALEALTI I HES","stationId":42020032,"basinId":20,"status":"no_data","color":"#94a3b8","radius":7}},{"type":"Feature","id":"1254","geometry":{"type":"Point","coordinates":[36.09009000000003,37.42398000000003]},"properties":{"OBJECTID":1254,"IstNo":42020033,"SuAdi":"SAVRUN ÇAYI","IstAdi":"KALEALTI II HES","BolgeNo":6,"ILKODU":80,"ILCEKODU":1423,"HAVZA_ID":20,"entityId":"1254","entityType":"hesStations","id":"1254","name":"KALEALTI II HES","stationId":42020033,"basinId":20,"status":"no_data","color":"#94a3b8","radius":7}},{"type":"Feature","id":"1255","geometry":{"type":"Point","coordinates":[36.46362000000005,37.28425000000004]},"properties":{"OBJECTID":1255,"IstNo":42020034,"SuAdi":"SABUN SUYU","IstAdi":"GÖKBOYUN HES","BolgeNo":6,"ILKODU":80,"ILCEKODU":1743,"HAVZA_ID":20,"entityId":"1255","entityType":"hesStations","id":"1255","name":"GÖKBOYUN HES","stationId":42020034,"basinId":20,"status":"no_data","color":"#94a3b8","radius":7}},{"type":"Feature","id":"1256","geometry":{"type":"Point","coordinates":[36.46362000000005,37.24636000000004]},"properties":{"OBJECTID":1256,"IstNo":42020035,"SuAdi":"SABUN SUYU","IstAdi":"EREM HES","BolgeNo":6,"ILKODU":80,"ILCEKODU":1743,"HAVZA_ID":20,"entityId":"1256","entityType":"hesStations","id":"1256","name":"EREM HES","stationId":42020035,"basinId":20,"status":"no_data","color":"#94a3b8","radius":7}},{"type":"Feature","id":"1257","geometry":{"type":"Point","coordinates":[35.43091000000004,36.61847000000006]},"properties":{"OBJECTID":1257,"IstNo":42020036,"SuAdi":"HORU ÇAYI","IstAdi":"HORU HES","BolgeNo":6,"ILKODU":80,"ILCEKODU":1443,"HAVZA_ID":18,"entityId":"1257","entityType":"hesStations","id":"1257","name":"HORU HES","stationId":42020036,"basinId":18,"status":"no_data","color":"#94a3b8","radius":7}},{"type":"Feature","id":"1258","geometry":{"type":"Point","coordinates":[36.60095000000007,37.20044000000007]},"properties":{"OBJECTID":1258,"IstNo":42020037,"SuAdi":"HAMİS ÇAYI","IstAdi":"AKÇAKOYUN HES","BolgeNo":6,"ILKODU":80,"ILCEKODU":1165,"HAVZA_ID":20,"entityId":"1258","entityType":"hesStations","id":"1258","name":"AKÇAKOYUN HES","stationId":42020037,"basinId":20,"status":"no_data","color":"#94a3b8","radius":7}},{"type":"Feature","id":"1259","geometry":{"type":"Point","coordinates":[36.90083000000004,37.615830000000074]},"properties":{"OBJECTID":1259,"IstNo":42020038,"SuAdi":"SÖĞÜTLÜBUYNU D.","IstAdi":"ÇAKMAK 1-2 HES CANSUYU ","BolgeNo":20,"ILKODU":46,"ILCEKODU":2085,"HAVZA_ID":20,"entityId":"1259","entityType":"hesStations","id":"1259","name":"ÇAKMAK 1-2 HES CANSUYU ","stationId":42020038,"basinId":20,"status":"no_data","color":"#94a3b8","radius":7}},{"type":"Feature","id":"1260","geometry":{"type":"Point","coordinates":[36.934330000000045,37.63114000000007]},"properties":{"OBJECTID":1260,"IstNo":42020039,"SuAdi":"TEKİR D.","IstAdi":"ÇATALOLUK HES CANSUYU","BolgeNo":20,"ILKODU":46,"ILCEKODU":2084,"HAVZA_ID":20,"entityId":"1260","entityType":"hesStations","id":"1260","name":"ÇATALOLUK HES CANSUYU","stationId":42020039,"basinId":20,"status":"no_data","color":"#94a3b8","radius":7}},{"type":"Feature","id":"1261","geometry":{"type":"Point","coordinates":[37.188720000000046,38.26550000000003]},"properties":{"OBJECTID":1261,"IstNo":42020040,"SuAdi":"CEYHAN N.","IstAdi":"DAĞDELEN HES CANSUYU","BolgeNo":20,"ILKODU":46,"ILCEKODU":1299,"HAVZA_ID":20,"entityId":"1261","entityType":"hesStations","id":"1261","name":"DAĞDELEN HES CANSUYU","stationId":42020040,"basinId":20,"status":"no_data","color":"#94a3b8","radius":7}},{"type":"Feature","id":"1262","geometry":{"type":"Point","coordinates":[36.34806000000003,37.58445000000006]},"properties":{"OBJECTID":1262,"IstNo":42020041,"SuAdi":"KÖRSULU Ç.","IstAdi":"DEĞİRMENÜSTÜ HES CANSUYU","BolgeNo":20,"ILKODU":46,"ILCEKODU":1136,"HAVZA_ID":20,"entityId":"1262","entityType":"hesStations","id":"1262","name":"DEĞİRMENÜSTÜ HES CANSUYU","stationId":42020041,"basinId":20,"status":"no_data","color":"#94a3b8","radius":7}},{"type":"Feature","id":"1263","geometry":{"type":"Point","coordinates":[36.93028000000004,37.61167000000006]},"properties":{"OBJECTID":1263,"IstNo":42020042,"SuAdi":"FIRNIZ D.","IstAdi":"FIRNIZ HES CANSUYU","BolgeNo":20,"ILKODU":46,"ILCEKODU":2084,"HAVZA_ID":20,"entityId":"1263","entityType":"hesStations","id":"1263","name":"FIRNIZ HES CANSUYU","stationId":42020042,"basinId":20,"status":"no_data","color":"#94a3b8","radius":7}},{"type":"Feature","id":"1264","geometry":{"type":"Point","coordinates":[36.35778000000005,37.58472000000006]},"properties":{"OBJECTID":1264,"IstNo":42020043,"SuAdi":"KÖRSULU","IstAdi":"GÖKGEDİK HES CANSUYU","BolgeNo":20,"ILKODU":46,"ILCEKODU":1136,"HAVZA_ID":20,"entityId":"1264","entityType":"hesStations","id":"1264","name":"GÖKGEDİK HES CANSUYU","stationId":42020043,"basinId":20,"status":"no_data","color":"#94a3b8","radius":7}},{"type":"Feature","id":"1265","geometry":{"type":"Point","coordinates":[36.96305000000007,37.873890000000074]},"properties":{"OBJECTID":1265,"IstNo":42020044,"SuAdi":"CEYHAN N.","IstAdi":"HACININOĞLU HES CANSUYU","BolgeNo":20,"ILKODU":46,"ILCEKODU":2085,"HAVZA_ID":20,"entityId":"1265","entityType":"hesStations","id":"1265","name":"HACININOĞLU HES CANSUYU","stationId":42020044,"basinId":20,"status":"no_data","color":"#94a3b8","radius":7}},{"type":"Feature","id":"1266","geometry":{"type":"Point","coordinates":[36.37299000000007,37.59102000000007]},"properties":{"OBJECTID":1266,"IstNo":42020045,"SuAdi":"KÖRSULU Ç.","IstAdi":"KALE HES CANSUYU","BolgeNo":20,"ILKODU":46,"ILCEKODU":1136,"HAVZA_ID":20,"entityId":"1266","entityType":"hesStations","id":"1266","name":"KALE HES CANSUYU","stationId":42020045,"basinId":20,"status":"no_data","color":"#94a3b8","radius":7}},{"type":"Feature","id":"1267","geometry":{"type":"Point","coordinates":[37.188720000000046,38.06035000000003]},"properties":{"OBJECTID":1267,"IstNo":42020046,"SuAdi":"CEYHAN N.","IstAdi":"KANDİL HES CANSUYU","BolgeNo":20,"ILKODU":46,"ILCEKODU":1919,"HAVZA_ID":20,"entityId":"1267","entityType":"hesStations","id":"1267","name":"KANDİL HES CANSUYU","stationId":42020046,"basinId":20,"status":"no_data","color":"#94a3b8","radius":7}},{"type":"Feature","id":"1268","geometry":{"type":"Point","coordinates":[36.809690000000046,37.64178000000004]},"properties":{"OBJECTID":1268,"IstNo":42020047,"SuAdi":"CEYHAN N.","IstAdi":"SARIGÜZEL HES CANSUYU","BolgeNo":20,"ILKODU":46,"ILCEKODU":2085,"HAVZA_ID":20,"entityId":"1268","entityType":"hesStations","id":"1268","name":"SARIGÜZEL HES CANSUYU","stationId":42020047,"basinId":20,"status":"no_data","color":"#94a3b8","radius":7}},{"type":"Feature","id":"1269","geometry":{"type":"Point","coordinates":[36.91167000000007,37.64639000000005]},"properties":{"OBJECTID":1269,"IstNo":42020049,"SuAdi":"KÖRSULU","IstAdi":"TORLAR HES CANSUYU","BolgeNo":20,"ILKODU":46,"ILCEKODU":2085,"HAVZA_ID":20,"entityId":"1269","entityType":"hesStations","id":"1269","name":"TORLAR HES CANSUYU","stationId":42020049,"basinId":20,"status":"no_data","color":"#94a3b8","radius":7}},{"type":"Feature","id":"1270","geometry":{"type":"Point","coordinates":[36.35639000000003,37.588610000000074]},"properties":{"OBJECTID":1270,"IstNo":42020050,"SuAdi":"TAHTA S.","IstAdi":"ÜÇGEN HES CANSUYU","BolgeNo":20,"ILKODU":46,"ILCEKODU":1136,"HAVZA_ID":20,"entityId":"1270","entityType":"hesStations","id":"1270","name":"ÜÇGEN HES CANSUYU","stationId":42020050,"basinId":20,"status":"no_data","color":"#94a3b8","radius":7}},{"type":"Feature","id":"1271","geometry":{"type":"Point","coordinates":[36.925050000000056,37.633500000000026]},"properties":{"OBJECTID":1271,"IstNo":42020051,"SuAdi":"MEZGİRT D.","IstAdi":"ÜÇKAYA HES CANSUYU","BolgeNo":20,"ILKODU":46,"ILCEKODU":2084,"HAVZA_ID":20,"entityId":"1271","entityType":"hesStations","id":"1271","name":"ÜÇKAYA HES CANSUYU","stationId":42020051,"basinId":20,"status":"no_data","color":"#94a3b8","radius":7}},{"type":"Feature","id":"1272","geometry":{"type":"Point","coordinates":[36.36475000000007,37.59102000000007]},"properties":{"OBJECTID":1272,"IstNo":42020052,"SuAdi":"KESİŞ Ç.","IstAdi":"ANDIRIN HES CANSUYU","BolgeNo":20,"ILKODU":46,"ILCEKODU":1136,"HAVZA_ID":20,"entityId":"1272","entityType":"hesStations","id":"1272","name":"ANDIRIN HES CANSUYU","stationId":42020052,"basinId":20,"status":"no_data","color":"#94a3b8","radius":7}},{"type":"Feature","id":"1273","geometry":{"type":"Point","coordinates":[36.364720000000034,37.597500000000025]},"properties":{"OBJECTID":1273,"IstNo":42020053,"SuAdi":"KEŞİŞ ÇAYI","IstAdi":"KARGILIK HES","BolgeNo":20,"ILKODU":46,"ILCEKODU":1136,"HAVZA_ID":20,"entityId":"1273","entityType":"hesStations","id":"1273","name":"KARGILIK HES","stationId":42020053,"basinId":20,"status":"no_data","color":"#94a3b8","radius":7}},{"type":"Feature","id":"1274","geometry":{"type":"Point","coordinates":[36.463610000000074,37.24333000000007]},"properties":{"OBJECTID":1274,"IstNo":42020054,"SuAdi":"SABUN SUYU","IstAdi":"SABUNSUYU II HES","BolgeNo":6,"ILKODU":80,"ILCEKODU":1743,"HAVZA_ID":20,"entityId":"1274","entityType":"hesStations","id":"1274","name":"SABUNSUYU II HES","stationId":42020054,"basinId":20,"status":"no_data","color":"#94a3b8","radius":7}},{"type":"Feature","id":"1275","geometry":{"type":"Point","coordinates":[36.364720000000034,37.58667000000003]},"properties":{"OBJECTID":1275,"IstNo":42020055,"SuAdi":"ANDIRIN SUYU","IstAdi":"GÜNEŞLİ HES CAN SUYU","BolgeNo":20,"ILKODU":46,"ILCEKODU":1136,"HAVZA_ID":20,"entityId":"1275","entityType":"hesStations","id":"1275","name":"GÜNEŞLİ HES CAN SUYU","stationId":42020055,"basinId":20,"status":"no_data","color":"#94a3b8","radius":7}},{"type":"Feature","id":"1276","geometry":{"type":"Point","coordinates":[36.933890000000076,37.605000000000075]},"properties":{"OBJECTID":1276,"IstNo":42020057,"SuAdi":"ÇEMRENGEÇ D.","IstAdi":"AVCILAR HES","BolgeNo":20,"ILKODU":46,"ILCEKODU":2084,"HAVZA_ID":20,"entityId":"1276","entityType":"hesStations","id":"1276","name":"AVCILAR HES","stationId":42020057,"basinId":20,"status":"no_data","color":"#94a3b8","radius":7}},{"type":"Feature","id":"1277","geometry":{"type":"Point","coordinates":[36.94139000000007,37.581110000000024]},"properties":{"OBJECTID":1277,"IstNo":42020061,"SuAdi":"ZEYTİN DERESİ","IstAdi":"KOZAK HES CAN SUYU","BolgeNo":20,"ILKODU":46,"ILCEKODU":2084,"HAVZA_ID":20,"entityId":"1277","entityType":"hesStations","id":"1277","name":"KOZAK HES CAN SUYU","stationId":42020061,"basinId":20,"status":"no_data","color":"#94a3b8","radius":7}},{"type":"Feature","id":"1278","geometry":{"type":"Point","coordinates":[36.35639000000003,37.58250000000004]},"properties":{"OBJECTID":1278,"IstNo":42020063,"SuAdi":"ANDIRIN S.","IstAdi":"POYRAZ HES CANSUYU","BolgeNo":20,"ILKODU":46,"ILCEKODU":1136,"HAVZA_ID":20,"entityId":"1278","entityType":"hesStations","id":"1278","name":"POYRAZ HES CANSUYU","stationId":42020063,"basinId":20,"status":"no_data","color":"#94a3b8","radius":7}},{"type":"Feature","id":"1279","geometry":{"type":"Point","coordinates":[36.91945000000004,37.63334000000003]},"properties":{"OBJECTID":1279,"IstNo":42020065,"SuAdi":"ZEYTİN D.","IstAdi":"SÜLEYMANLI HES CANSUYU","BolgeNo":20,"ILKODU":46,"ILCEKODU":2085,"HAVZA_ID":20,"entityId":"1279","entityType":"hesStations","id":"1279","name":"SÜLEYMANLI HES CANSUYU","stationId":42020065,"basinId":20,"status":"no_data","color":"#94a3b8","radius":7}},{"type":"Feature","id":"1280","geometry":{"type":"Point","coordinates":[36.364720000000034,37.577780000000075]},"properties":{"OBJECTID":1280,"IstNo":42020066,"SuAdi":"TAHTA S.","IstAdi":"TRABLUS(TAHTA) HES CANSUYU","BolgeNo":20,"ILKODU":46,"ILCEKODU":1136,"HAVZA_ID":20,"entityId":"1280","entityType":"hesStations","id":"1280","name":"TRABLUS(TAHTA) HES CANSUYU","stationId":42020066,"basinId":20,"status":"no_data","color":"#94a3b8","radius":7}},{"type":"Feature","id":"1281","geometry":{"type":"Point","coordinates":[36.91945000000004,37.60278000000005]},"properties":{"OBJECTID":1281,"IstNo":42020069,"SuAdi":"ZEYTİN D.","IstAdi":"ZEYTİN HES CANSUYU","BolgeNo":20,"ILKODU":46,"ILCEKODU":2085,"HAVZA_ID":20,"entityId":"1281","entityType":"hesStations","id":"1281","name":"ZEYTİN HES CANSUYU","stationId":42020069,"basinId":20,"status":"no_data","color":"#94a3b8","radius":7}},{"type":"Feature","id":"1282","geometry":{"type":"Point","coordinates":[36.930540000000065,37.59682000000004]},"properties":{"OBJECTID":1282,"IstNo":42020070,"SuAdi":"ÇAĞIRGAN DERESİ","IstAdi":"GÜVERCİN REGÜLATÖRÜ VE HES","BolgeNo":20,"ILKODU":46,"ILCEKODU":2084,"HAVZA_ID":20,"entityId":"1282","entityType":"hesStations","id":"1282","name":"GÜVERCİN REGÜLATÖRÜ VE HES","stationId":42020070,"basinId":20,"status":"no_data","color":"#94a3b8","radius":7}},{"type":"Feature","id":"1283","geometry":{"type":"Point","coordinates":[37.303890000000024,37.50972000000007]},"properties":{"OBJECTID":1283,"IstNo":42020071,"SuAdi":"AKSU ÇAYI","IstAdi":"AKPINAR REGÜLATÖRÜ VE HES","BolgeNo":20,"ILKODU":46,"ILCEKODU":1570,"HAVZA_ID":20,"entityId":"1283","entityType":"hesStations","id":"1283","name":"AKPINAR REGÜLATÖRÜ VE HES","stationId":42020071,"basinId":20,"status":"no_data","color":"#94a3b8","radius":7}},{"type":"Feature","id":"1284","geometry":{"type":"Point","coordinates":[36.82167000000004,37.919170000000065]},"properties":{"OBJECTID":1284,"IstNo":42020072,"SuAdi":"DAĞLIAĞAÇ S.","IstAdi":"OKKAYASI REGÜLATÖR1","BolgeNo":20,"ILKODU":46,"ILCEKODU":2085,"HAVZA_ID":20,"entityId":"1284","entityType":"hesStations","id":"1284","name":"OKKAYASI REGÜLATÖR1","stationId":42020072,"basinId":20,"status":"no_data","color":"#94a3b8","radius":7}},{"type":"Feature","id":"1285","geometry":{"type":"Point","coordinates":[36.813330000000065,37.91722000000004]},"properties":{"OBJECTID":1285,"IstNo":42020073,"SuAdi":"ZEYTİN D.","IstAdi":"OKKAYASI REGÜLATÖR2","BolgeNo":20,"ILKODU":46,"ILCEKODU":2085,"HAVZA_ID":20,"entityId":"1285","entityType":"hesStations","id":"1285","name":"OKKAYASI REGÜLATÖR2","stationId":42020073,"basinId":20,"status":"no_data","color":"#94a3b8","radius":7}},{"type":"Feature","id":"1286","geometry":{"type":"Point","coordinates":[36.24222000000003,37.506110000000035]},"properties":{"OBJECTID":1286,"IstNo":42020074,"SuAdi":"KEŞİŞ Ç.","IstAdi":"BULGURKAYA REG VE HES","BolgeNo":20,"ILKODU":46,"ILCEKODU":1136,"HAVZA_ID":20,"entityId":"1286","entityType":"hesStations","id":"1286","name":"BULGURKAYA REG VE HES","stationId":42020074,"basinId":20,"status":"no_data","color":"#94a3b8","radius":7}},{"type":"Feature","id":"1287","geometry":{"type":"Point","coordinates":[41.40722000000005,39.24722000000003]},"properties":{"OBJECTID":1287,"IstNo":42021001,"SuAdi":"KOŞKÖR DERESİ","IstAdi":"KAMER HES CANSUYU","BolgeNo":17,"ILKODU":49,"ILCEKODU":1711,"HAVZA_ID":21,"entityId":"1287","entityType":"hesStations","id":"1287","name":"KAMER HES CANSUYU","stationId":42021001,"basinId":21,"status":"no_data","color":"#94a3b8","radius":7}},{"type":"Feature","id":"1288","geometry":{"type":"Point","coordinates":[37.65015000000005,37.81991000000005]},"properties":{"OBJECTID":1288,"IstNo":42021003,"SuAdi":"GÖKSU NEHRİ","IstAdi":"GEMCİLER HES CAN SUYU","BolgeNo":20,"ILKODU":2,"ILCEKODU":1354,"HAVZA_ID":20,"entityId":"1288","entityType":"hesStations","id":"1288","name":"GEMCİLER HES CAN SUYU","stationId":42021003,"basinId":20,"status":"no_data","color":"#94a3b8","radius":7}},{"type":"Feature","id":"1289","geometry":{"type":"Point","coordinates":[37.47972000000004,38.61000000000007]},"properties":{"OBJECTID":1289,"IstNo":42021007,"SuAdi":"GÖKPINAR ","IstAdi":"HACILAR HES CAN SUYU","BolgeNo":9,"ILKODU":44,"ILCEKODU":1265,"HAVZA_ID":21,"entityId":"1289","entityType":"hesStations","id":"1289","name":"HACILAR HES CAN SUYU","stationId":42021007,"basinId":21,"status":"no_data","color":"#94a3b8","radius":7}},{"type":"Feature","id":"1290","geometry":{"type":"Point","coordinates":[38.28735000000006,37.776500000000055]},"properties":{"OBJECTID":1290,"IstNo":42021008,"SuAdi":"BULAM Ç.","IstAdi":"BULAM REG VE HES CANSUYU  ","BolgeNo":20,"ILKODU":2,"ILCEKODU":1105,"HAVZA_ID":21,"entityId":"1290","entityType":"hesStations","id":"1290","name":"BULAM REG VE HES CANSUYU  ","stationId":42021008,"basinId":21,"status":"no_data","color":"#94a3b8","radius":7}},{"type":"Feature","id":"1291","geometry":{"type":"Point","coordinates":[37.85889000000003,37.746110000000044]},"properties":{"OBJECTID":1291,"IstNo":42021009,"SuAdi":"GÖKSU N.","IstAdi":"BURÇ HES CANSUYU","BolgeNo":20,"ILKODU":2,"ILCEKODU":1182,"HAVZA_ID":21,"entityId":"1291","entityType":"hesStations","id":"1291","name":"BURÇ HES CANSUYU","stationId":42021009,"basinId":21,"status":"no_data","color":"#94a3b8","radius":7}},{"type":"Feature","id":"1292","geometry":{"type":"Point","coordinates":[37.922060000000045,37.799660000000074]},"properties":{"OBJECTID":1292,"IstNo":42021010,"SuAdi":"GÖKSU N.","IstAdi":"DOĞANKAYA HES CANSUYU","BolgeNo":20,"ILKODU":2,"ILCEKODU":1989,"HAVZA_ID":21,"entityId":"1292","entityType":"hesStations","id":"1292","name":"DOĞANKAYA HES CANSUYU","stationId":42021010,"basinId":21,"status":"no_data","color":"#94a3b8","radius":7}},{"type":"Feature","id":"1293","geometry":{"type":"Point","coordinates":[38.64972000000006,37.82833000000005]},"properties":{"OBJECTID":1293,"IstNo":42021011,"SuAdi":"KAHTA Ç.","IstAdi":"KAHTA-1 HES CANSUYU","BolgeNo":20,"ILKODU":2,"ILCEKODU":1425,"HAVZA_ID":21,"entityId":"1293","entityType":"hesStations","id":"1293","name":"KAHTA-1 HES CANSUYU","stationId":42021011,"basinId":21,"status":"no_data","color":"#94a3b8","radius":7}},{"type":"Feature","id":"1294","geometry":{"type":"Point","coordinates":[37.92480000000006,37.799660000000074]},"properties":{"OBJECTID":1294,"IstNo":42021012,"SuAdi":"GÖKSU N.","IstAdi":"PINAR HES CANSUYU ","BolgeNo":20,"ILKODU":2,"ILCEKODU":1989,"HAVZA_ID":21,"entityId":"1294","entityType":"hesStations","id":"1294","name":"PINAR HES CANSUYU ","stationId":42021012,"basinId":21,"status":"no_data","color":"#94a3b8","radius":7}},{"type":"Feature","id":"1295","geometry":{"type":"Point","coordinates":[37.858610000000056,37.72861000000006]},"properties":{"OBJECTID":1295,"IstNo":42021013,"SuAdi":"GÖKSU NEHRİ","IstAdi":"MURAT 1-2 HES CAN SUYU","BolgeNo":20,"ILKODU":2,"ILCEKODU":1182,"HAVZA_ID":21,"entityId":"1295","entityType":"hesStations","id":"1295","name":"MURAT 1-2 HES CAN SUYU","stationId":42021013,"basinId":21,"status":"no_data","color":"#94a3b8","radius":7}},{"type":"Feature","id":"1296","geometry":{"type":"Point","coordinates":[38.62083000000007,38.03528000000006]},"properties":{"OBJECTID":1296,"IstNo":42021014,"SuAdi":"BİRİMŞE Ç.","IstAdi":"SIRIMTAŞ HES CANSUYU","BolgeNo":20,"ILKODU":2,"ILCEKODU":1985,"HAVZA_ID":21,"entityId":"1296","entityType":"hesStations","id":"1296","name":"SIRIMTAŞ HES CANSUYU","stationId":42021014,"basinId":21,"status":"no_data","color":"#94a3b8","radius":7}},{"type":"Feature","id":"1297","geometry":{"type":"Point","coordinates":[38.23517000000004,38.035840000000064]},"properties":{"OBJECTID":1297,"IstNo":42021015,"SuAdi":"BİRİMŞE Ç.","IstAdi":"ŞİFRİN HES CANSUYU","BolgeNo":20,"ILKODU":2,"ILCEKODU":1246,"HAVZA_ID":21,"entityId":"1297","entityType":"hesStations","id":"1297","name":"ŞİFRİN HES CANSUYU","stationId":42021015,"basinId":21,"status":"no_data","color":"#94a3b8","radius":7}},{"type":"Feature","id":"1298","geometry":{"type":"Point","coordinates":[37.44690000000003,37.973070000000064]},"properties":{"OBJECTID":1298,"IstNo":42021016,"SuAdi":"GÖKSU N.","IstAdi":"TELEME HES CANSUYU","BolgeNo":20,"ILKODU":46,"ILCEKODU":1975,"HAVZA_ID":21,"entityId":"1298","entityType":"hesStations","id":"1298","name":"TELEME HES CANSUYU","stationId":42021016,"basinId":21,"status":"no_data","color":"#94a3b8","radius":7}},{"type":"Feature","id":"1299","geometry":{"type":"Point","coordinates":[39.42667000000006,38.483610000000056]},"properties":{"OBJECTID":1299,"IstNo":42021017,"SuAdi":"ÇAĞLAYAN SUYU","IstAdi":"ÇAĞLAYAN 2 REG VE HES CAN SUYU","BolgeNo":10,"ILKODU":21,"ILCEKODU":1506,"HAVZA_ID":21,"entityId":"1299","entityType":"hesStations","id":"1299","name":"ÇAĞLAYAN 2 REG VE HES CAN SUYU","stationId":42021017,"basinId":21,"status":"no_data","color":"#94a3b8","radius":7}},{"type":"Feature","id":"1300","geometry":{"type":"Point","coordinates":[39.44972000000007,38.544170000000065]},"properties":{"OBJECTID":1300,"IstNo":42021018,"SuAdi":"ÇAĞLAYAN SUYU","IstAdi":"ÇAĞLAYAN 1 REG VE HES CANSUYU","BolgeNo":10,"ILKODU":21,"ILCEKODU":1298,"HAVZA_ID":21,"entityId":"1300","entityType":"hesStations","id":"1300","name":"ÇAĞLAYAN 1 REG VE HES CANSUYU","stationId":42021018,"basinId":21,"status":"no_data","color":"#94a3b8","radius":7}},{"type":"Feature","id":"1301","geometry":{"type":"Point","coordinates":[38.428330000000074,39.804160000000024]},"properties":{"OBJECTID":1301,"IstNo":42021020,"SuAdi":"KARABUDAK ÇAYI","IstAdi":"EKİNCİK HES CANSUYU","BolgeNo":19,"ILKODU":58,"ILCEKODU":1407,"HAVZA_ID":21,"entityId":"1301","entityType":"hesStations","id":"1301","name":"EKİNCİK HES CANSUYU","stationId":42021020,"basinId":21,"status":"no_data","color":"#94a3b8","radius":7}},{"type":"Feature","id":"1302","geometry":{"type":"Point","coordinates":[38.369170000000054,39.77222000000006]},"properties":{"OBJECTID":1302,"IstNo":42021021,"SuAdi":"KARABUDAK ÇAYI","IstAdi":"SÜTLÜCE HES CANSUYU","BolgeNo":19,"ILKODU":58,"ILCEKODU":1407,"HAVZA_ID":21,"entityId":"1302","entityType":"hesStations","id":"1302","name":"SÜTLÜCE HES CANSUYU","stationId":42021021,"basinId":21,"status":"no_data","color":"#94a3b8","radius":7}},{"type":"Feature","id":"1303","geometry":{"type":"Point","coordinates":[37.97750000000008,39.14250000000004]},"properties":{"OBJECTID":1303,"IstNo":42021024,"SuAdi":"NİH Ç.","IstAdi":"MURSAL I-II HES CANSUYU","BolgeNo":19,"ILKODU":58,"ILCEKODU":1282,"HAVZA_ID":21,"entityId":"1303","entityType":"hesStations","id":"1303","name":"MURSAL I-II HES CANSUYU","stationId":42021024,"basinId":21,"status":"no_data","color":"#94a3b8","radius":7}},{"type":"Feature","id":"1304","geometry":{"type":"Point","coordinates":[38.34083000000004,37.741390000000024]},"properties":{"OBJECTID":1304,"IstNo":42021025,"SuAdi":"BİRIMŞE Ç.","IstAdi":"KANDİL REGÜLATÖRÜ HES","BolgeNo":20,"ILKODU":2,"ILCEKODU":1105,"HAVZA_ID":21,"entityId":"1304","entityType":"hesStations","id":"1304","name":"KANDİL REGÜLATÖRÜ HES","stationId":42021025,"basinId":21,"status":"no_data","color":"#94a3b8","radius":7}},{"type":"Feature","id":"1305","geometry":{"type":"Point","coordinates":[38.28111000000007,37.79278000000005]},"properties":{"OBJECTID":1305,"IstNo":42021026,"SuAdi":"BULAM ÇAYI","IstAdi":"BULAM REGÜLATÖRÜ HES","BolgeNo":20,"ILKODU":2,"ILCEKODU":1105,"HAVZA_ID":21,"entityId":"1305","entityType":"hesStations","id":"1305","name":"BULAM REGÜLATÖRÜ HES","stationId":42021026,"basinId":21,"status":"no_data","color":"#94a3b8","radius":7}},{"type":"Feature","id":"1306","geometry":{"type":"Point","coordinates":[37.87262000000004,37.70121000000006]},"properties":{"OBJECTID":1306,"IstNo":42021028,"SuAdi":"SOFRAZ ÇAYI","IstAdi":"KALEKÖY REGÜLATÖRÜ VE HES","BolgeNo":20,"ILKODU":2,"ILCEKODU":1182,"HAVZA_ID":21,"entityId":"1306","entityType":"hesStations","id":"1306","name":"KALEKÖY REGÜLATÖRÜ VE HES","stationId":42021028,"basinId":21,"status":"no_data","color":"#94a3b8","radius":7}},{"type":"Feature","id":"1307","geometry":{"type":"Point","coordinates":[38.435280000000034,38.047780000000046]},"properties":{"OBJECTID":1307,"IstNo":42021029,"SuAdi":"SİNCİK D. ","IstAdi":"ÇAĞLAYAN REG. VE HES","BolgeNo":20,"ILKODU":2,"ILCEKODU":1246,"HAVZA_ID":21,"entityId":"1307","entityType":"hesStations","id":"1307","name":"ÇAĞLAYAN REG. VE HES","stationId":42021029,"basinId":21,"status":"no_data","color":"#94a3b8","radius":7}},{"type":"Feature","id":"1308","geometry":{"type":"Point","coordinates":[41.40805000000006,39.28917000000007]},"properties":{"OBJECTID":1308,"IstNo":42021030,"SuAdi":"KOŞKÖR D.","IstAdi":"DOĞAN HES CANSUYU","BolgeNo":17,"ILKODU":49,"ILCEKODU":1711,"HAVZA_ID":21,"entityId":"1308","entityType":"hesStations","id":"1308","name":"DOĞAN HES CANSUYU","stationId":42021030,"basinId":21,"status":"no_data","color":"#94a3b8","radius":7}},{"type":"Feature","id":"1309","geometry":{"type":"Point","coordinates":[37.89167000000003,38.61167000000006]},"properties":{"OBJECTID":1309,"IstNo":42021031,"SuAdi":"CENDERE Ç.","IstAdi":"KARAKUŞ REGÜLATÖRÜ VE HES","BolgeNo":20,"ILKODU":2,"ILCEKODU":1390,"HAVZA_ID":21,"entityId":"1309","entityType":"hesStations","id":"1309","name":"KARAKUŞ REGÜLATÖRÜ VE HES","stationId":42021031,"basinId":21,"status":"no_data","color":"#94a3b8","radius":7}},{"type":"Feature","id":"1311","geometry":{"type":"Point","coordinates":[37.52592000000004,38.52311000000003]},"properties":{"OBJECTID":1311,"IstNo":42021102,"SuAdi":"TOHMA ÇAYI","IstAdi":"GÜDÜL I HES CAN SUYU","BolgeNo":9,"ILKODU":44,"ILCEKODU":1265,"HAVZA_ID":21,"entityId":"1311","entityType":"hesStations","id":"1311","name":"GÜDÜL I HES CAN SUYU","stationId":42021102,"basinId":21,"status":"no_data","color":"#94a3b8","radius":7}},{"type":"Feature","id":"1312","geometry":{"type":"Point","coordinates":[39.50028000000003,39.05167000000006]},"properties":{"OBJECTID":1312,"IstNo":42021105,"SuAdi":"DİNAR","IstAdi":"DİNAR HES CAN SUYU","BolgeNo":9,"ILKODU":62,"ILCEKODU":1688,"HAVZA_ID":21,"entityId":"1312","entityType":"hesStations","id":"1312","name":"DİNAR HES CAN SUYU","stationId":42021105,"basinId":21,"status":"no_data","color":"#94a3b8","radius":7}},{"type":"Feature","id":"1313","geometry":{"type":"Point","coordinates":[40.13445000000007,38.74917000000005]},"properties":{"OBJECTID":1313,"IstNo":42021107,"SuAdi":"MURAT N.","IstAdi":"BEYHAN I HES CAN SUYU","BolgeNo":9,"ILKODU":23,"ILCEKODU":1566,"HAVZA_ID":21,"entityId":"1313","entityType":"hesStations","id":"1313","name":"BEYHAN I HES CAN SUYU","stationId":42021107,"basinId":21,"status":"no_data","color":"#94a3b8","radius":7}},{"type":"Feature","id":"1314","geometry":{"type":"Point","coordinates":[37.55028000000004,38.510560000000055]},"properties":{"OBJECTID":1314,"IstNo":42021121,"SuAdi":"TOHMA Ç.","IstAdi":"GÜDÜL II HES CAN SUYU ","BolgeNo":9,"ILKODU":44,"ILCEKODU":1265,"HAVZA_ID":21,"entityId":"1314","entityType":"hesStations","id":"1314","name":"GÜDÜL II HES CAN SUYU ","stationId":42021121,"basinId":21,"status":"no_data","color":"#94a3b8","radius":7}},{"type":"Feature","id":"1315","geometry":{"type":"Point","coordinates":[39.891110000000026,39.02167000000003]},"properties":{"OBJECTID":1315,"IstNo":42021150,"SuAdi":"PERİ SUYU","IstAdi":"SEYRANTEPE HES CAN SUYU","BolgeNo":9,"ILKODU":23,"ILCEKODU":1518,"HAVZA_ID":21,"entityId":"1315","entityType":"hesStations","id":"1315","name":"SEYRANTEPE HES CAN SUYU","stationId":42021150,"basinId":21,"status":"no_data","color":"#94a3b8","radius":7}},{"type":"Feature","id":"1316","geometry":{"type":"Point","coordinates":[39.808890000000076,38.85889000000003]},"properties":{"OBJECTID":1316,"IstNo":42021151,"SuAdi":"PERİ SUYU ","IstAdi":"TATAR HES CAN SUYU","BolgeNo":9,"ILKODU":62,"ILCEKODU":1518,"HAVZA_ID":21,"entityId":"1316","entityType":"hesStations","id":"1316","name":"TATAR HES CAN SUYU","stationId":42021151,"basinId":21,"status":"no_data","color":"#94a3b8","radius":7}},{"type":"Feature","id":"1317","geometry":{"type":"Point","coordinates":[39.30194000000006,39.41333000000003]},"properties":{"OBJECTID":1317,"IstNo":42021152,"SuAdi":"MERCAN DERESİ","IstAdi":"MERCAN HES CAN SUYU","BolgeNo":9,"ILKODU":62,"ILCEKODU":1562,"HAVZA_ID":21,"entityId":"1317","entityType":"hesStations","id":"1317","name":"MERCAN HES CAN SUYU","stationId":42021152,"basinId":21,"status":"no_data","color":"#94a3b8","radius":7}},{"type":"Feature","id":"1318","geometry":{"type":"Point","coordinates":[40.94500000000005,38.92667000000006]},"properties":{"OBJECTID":1318,"IstNo":42021153,"SuAdi":"GİLORAN DERESİ","IstAdi":"DOĞU HES CANSUYU","BolgeNo":9,"ILKODU":12,"ILCEKODU":1633,"HAVZA_ID":21,"entityId":"1318","entityType":"hesStations","id":"1318","name":"DOĞU HES CANSUYU","stationId":42021153,"basinId":21,"status":"no_data","color":"#94a3b8","radius":7}},{"type":"Feature","id":"1319","geometry":{"type":"Point","coordinates":[38.63417000000004,39.08389000000005]},"properties":{"OBJECTID":1319,"IstNo":42021156,"SuAdi":"ÇANAKÇI ÇAYI","IstAdi":"DEMİR HES CAN SUYU","BolgeNo":9,"ILKODU":44,"ILCEKODU":1460,"HAVZA_ID":21,"entityId":"1319","entityType":"hesStations","id":"1319","name":"DEMİR HES CAN SUYU","stationId":42021156,"basinId":21,"status":"no_data","color":"#94a3b8","radius":7}},{"type":"Feature","id":"1320","geometry":{"type":"Point","coordinates":[39.843890000000044,39.72028000000006]},"properties":{"OBJECTID":1320,"IstNo":42021301,"SuAdi":"AĞIR DERE","IstAdi":"SÖLPEREN 2 REG. VE HES CAN SUYU ","BolgeNo":8,"ILKODU":24,"ILCEKODU":1853,"HAVZA_ID":21,"entityId":"1320","entityType":"hesStations","id":"1320","name":"SÖLPEREN 2 REG. VE HES CAN SUYU ","stationId":42021301,"basinId":21,"status":"no_data","color":"#94a3b8","radius":7}},{"type":"Feature","id":"1321","geometry":{"type":"Point","coordinates":[39.84639000000004,39.71833000000004]},"properties":{"OBJECTID":1321,"IstNo":42021303,"SuAdi":"AKÖREN DERE","IstAdi":"SÖLPEREN I REG. VE HES CAN SUYU","BolgeNo":8,"ILKODU":24,"ILCEKODU":1853,"HAVZA_ID":21,"entityId":"1321","entityType":"hesStations","id":"1321","name":"SÖLPEREN I REG. VE HES CAN SUYU","stationId":42021303,"basinId":21,"status":"no_data","color":"#94a3b8","radius":7}},{"type":"Feature","id":"1322","geometry":{"type":"Point","coordinates":[40.966950000000054,40.08694000000003]},"properties":{"OBJECTID":1322,"IstNo":42021311,"SuAdi":"SERÇEME DERESİ","IstAdi":"GELİNKAYA REG VE HES CANSUYU","BolgeNo":8,"ILKODU":25,"ILCEKODU":1945,"HAVZA_ID":21,"entityId":"1322","entityType":"hesStations","id":"1322","name":"GELİNKAYA REG VE HES CANSUYU","stationId":42021311,"basinId":21,"status":"no_data","color":"#94a3b8","radius":7}},{"type":"Feature","id":"1323","geometry":{"type":"Point","coordinates":[39.71861000000007,39.71972000000005]},"properties":{"OBJECTID":1323,"IstNo":42021314,"SuAdi":"ÜZÜMLÜ DERESİ","IstAdi":"ÜZÜMLÜ REG VE HES CANSUYU 1","BolgeNo":8,"ILKODU":24,"ILCEKODU":1853,"HAVZA_ID":21,"entityId":"1323","entityType":"hesStations","id":"1323","name":"ÜZÜMLÜ REG VE HES CANSUYU 1","stationId":42021314,"basinId":21,"status":"no_data","color":"#94a3b8","radius":7}},{"type":"Feature","id":"1324","geometry":{"type":"Point","coordinates":[40.754170000000045,39.93861000000004]},"properties":{"OBJECTID":1324,"IstNo":42021317,"SuAdi":"KARASU ÇAYI","IstAdi":"KARASU-1 REG VE HES CANSUYU","BolgeNo":8,"ILKODU":25,"ILCEKODU":1153,"HAVZA_ID":21,"entityId":"1324","entityType":"hesStations","id":"1324","name":"KARASU-1 REG VE HES CANSUYU","stationId":42021317,"basinId":21,"status":"no_data","color":"#94a3b8","radius":7}},{"type":"Feature","id":"1325","geometry":{"type":"Point","coordinates":[40.64500000000004,39.92805000000004]},"properties":{"OBJECTID":1325,"IstNo":42021321,"SuAdi":"KARASU ÇAYI","IstAdi":"KARASU -2 REG VE HES CANSUYU","BolgeNo":8,"ILKODU":25,"ILCEKODU":1153,"HAVZA_ID":21,"entityId":"1325","entityType":"hesStations","id":"1325","name":"KARASU -2 REG VE HES CANSUYU","stationId":42021321,"basinId":21,"status":"no_data","color":"#94a3b8","radius":7}},{"type":"Feature","id":"1326","geometry":{"type":"Point","coordinates":[40.31556000000006,39.59945000000005]},"properties":{"OBJECTID":1326,"IstNo":42021323,"SuAdi":"KARASU","IstAdi":"KARASU-4.2 REG.HES CANSUYU","BolgeNo":8,"ILKODU":25,"ILCEKODU":1675,"HAVZA_ID":21,"entityId":"1326","entityType":"hesStations","id":"1326","name":"KARASU-4.2 REG.HES CANSUYU","stationId":42021323,"basinId":21,"status":"no_data","color":"#94a3b8","radius":7}},{"type":"Feature","id":"1327","geometry":{"type":"Point","coordinates":[40.188330000000065,39.91333000000003]},"properties":{"OBJECTID":1327,"IstNo":42021325,"SuAdi":"KARASU ÇAYI","IstAdi":"KARASU-4.3 REG VE HES CANSUYU","BolgeNo":8,"ILKODU":25,"ILCEKODU":1675,"HAVZA_ID":21,"entityId":"1327","entityType":"hesStations","id":"1327","name":"KARASU-4.3 REG VE HES CANSUYU","stationId":42021325,"basinId":21,"status":"no_data","color":"#94a3b8","radius":7}},{"type":"Feature","id":"1328","geometry":{"type":"Point","coordinates":[41.04278000000005,40.16694000000007]},"properties":{"OBJECTID":1328,"IstNo":42021328,"SuAdi":"SERÇEME DERESİ","IstAdi":"KUZGUN BARAJI VE HES CAN SUYU","BolgeNo":8,"ILKODU":25,"ILCEKODU":1945,"HAVZA_ID":21,"entityId":"1328","entityType":"hesStations","id":"1328","name":"KUZGUN BARAJI VE HES CAN SUYU","stationId":42021328,"basinId":21,"status":"no_data","color":"#94a3b8","radius":7}},{"type":"Feature","id":"1329","geometry":{"type":"Point","coordinates":[40.71472000000006,39.76805000000007]},"properties":{"OBJECTID":1329,"IstNo":42021330,"SuAdi":"MAZLUM DERE","IstAdi":"TUANA REG VE HES CANSUYU","BolgeNo":8,"ILKODU":25,"ILCEKODU":1153,"HAVZA_ID":21,"entityId":"1329","entityType":"hesStations","id":"1329","name":"TUANA REG VE HES CANSUYU","stationId":42021330,"basinId":21,"status":"no_data","color":"#94a3b8","radius":7}},{"type":"Feature","id":"1330","geometry":{"type":"Point","coordinates":[38.565000000000055,39.47639000000004]},"properties":{"OBJECTID":1330,"IstNo":42021337,"SuAdi":"FIRAT NEHRİ","IstAdi":"BAĞIŞTAŞ-2 BARAJ VE HES CANSUYU","BolgeNo":8,"ILKODU":24,"ILCEKODU":1406,"HAVZA_ID":21,"entityId":"1330","entityType":"hesStations","id":"1330","name":"BAĞIŞTAŞ-2 BARAJ VE HES CANSUYU","stationId":42021337,"basinId":21,"status":"no_data","color":"#94a3b8","radius":7}},{"type":"Feature","id":"1331","geometry":{"type":"Point","coordinates":[39.48364000000004,39.78083000000004]},"properties":{"OBJECTID":1331,"IstNo":42021339,"SuAdi":"ALLAHMEDEF DERESİ","IstAdi":"ÇAKIRMAN REG VE HES CANSUYU","BolgeNo":8,"ILKODU":24,"ILCEKODU":1318,"HAVZA_ID":21,"entityId":"1331","entityType":"hesStations","id":"1331","name":"ÇAKIRMAN REG VE HES CANSUYU","stationId":42021339,"basinId":21,"status":"no_data","color":"#94a3b8","radius":7}},{"type":"Feature","id":"1332","geometry":{"type":"Point","coordinates":[40.488330000000076,39.794170000000065]},"properties":{"OBJECTID":1332,"IstNo":42021342,"SuAdi":"ÇINAR DERESİ","IstAdi":"ÇALKIŞLA REG VE HES CANSUYU","BolgeNo":8,"ILKODU":24,"ILCEKODU":1675,"HAVZA_ID":21,"entityId":"1332","entityType":"hesStations","id":"1332","name":"ÇALKIŞLA REG VE HES CANSUYU","stationId":42021342,"basinId":21,"status":"no_data","color":"#94a3b8","radius":7}},{"type":"Feature","id":"1333","geometry":{"type":"Point","coordinates":[39.73750000000007,39.57167000000004]},"properties":{"OBJECTID":1333,"IstNo":42021344,"SuAdi":"GELİ DERE","IstAdi":"GİRLEVİK 1 REG. VE HES CAN SUYU 1","BolgeNo":8,"ILKODU":24,"ILCEKODU":1318,"HAVZA_ID":21,"entityId":"1333","entityType":"hesStations","id":"1333","name":"GİRLEVİK 1 REG. VE HES CAN SUYU 1","stationId":42021344,"basinId":21,"status":"no_data","color":"#94a3b8","radius":7}},{"type":"Feature","id":"1334","geometry":{"type":"Point","coordinates":[39.725280000000055,39.583330000000046]},"properties":{"OBJECTID":1334,"IstNo":42021346,"SuAdi":"GELİ DERE YÜKLEME HAVUZU","IstAdi":"GİRLEVİK 1 REG. VE HES CAN SUYU 2","BolgeNo":8,"ILKODU":24,"ILCEKODU":1318,"HAVZA_ID":21,"entityId":"1334","entityType":"hesStations","id":"1334","name":"GİRLEVİK 1 REG. VE HES CAN SUYU 2","stationId":42021346,"basinId":21,"status":"no_data","color":"#94a3b8","radius":7}},{"type":"Feature","id":"1335","geometry":{"type":"Point","coordinates":[40.150280000000066,39.88472000000007]},"properties":{"OBJECTID":1335,"IstNo":42021348,"SuAdi":"KARASU ÇAYI","IstAdi":"KARASU 5 HES CAN SUYU","BolgeNo":8,"ILKODU":24,"ILCEKODU":1675,"HAVZA_ID":21,"entityId":"1335","entityType":"hesStations","id":"1335","name":"KARASU 5 HES CAN SUYU","stationId":42021348,"basinId":21,"status":"no_data","color":"#94a3b8","radius":7}},{"type":"Feature","id":"1336","geometry":{"type":"Point","coordinates":[38.34167000000008,39.562220000000025]},"properties":{"OBJECTID":1336,"IstNo":42021350,"SuAdi":"KARABUDAK ÇAYI","IstAdi":"KAYALIK REG. VE HES CAN SUYU","BolgeNo":8,"ILKODU":24,"ILCEKODU":1406,"HAVZA_ID":21,"entityId":"1336","entityType":"hesStations","id":"1336","name":"KAYALIK REG. VE HES CAN SUYU","stationId":42021350,"basinId":21,"status":"no_data","color":"#94a3b8","radius":7}},{"type":"Feature","id":"1337","geometry":{"type":"Point","coordinates":[40.40083000000004,39.757780000000025]},"properties":{"OBJECTID":1337,"IstNo":42021353,"SuAdi":"TUZLA ÇAYI","IstAdi":"TERCAN BARAJI VE HES CAN SUYU","BolgeNo":8,"ILKODU":24,"ILCEKODU":1675,"HAVZA_ID":21,"entityId":"1337","entityType":"hesStations","id":"1337","name":"TERCAN BARAJI VE HES CAN SUYU","stationId":42021353,"basinId":21,"status":"no_data","color":"#94a3b8","radius":7}},{"type":"Feature","id":"1338","geometry":{"type":"Point","coordinates":[39.71861000000007,39.71972000000005]},"properties":{"OBJECTID":1338,"IstNo":42021356,"SuAdi":"ÜZÜMLÜ DERESİ","IstAdi":"ÜZÜMLÜ REG. VE HES CAN SUYU 2","BolgeNo":8,"ILKODU":24,"ILCEKODU":1853,"HAVZA_ID":21,"entityId":"1338","entityType":"hesStations","id":"1338","name":"ÜZÜMLÜ REG. VE HES CAN SUYU 2","stationId":42021356,"basinId":21,"status":"no_data","color":"#94a3b8","radius":7}},{"type":"Feature","id":"1339","geometry":{"type":"Point","coordinates":[39.58445000000006,39.52444000000003]},"properties":{"OBJECTID":1339,"IstNo":42021360,"SuAdi":"MERCAN DERESİ","IstAdi":"YUKARI MERCAN REG. VE HES CAN SUYU","BolgeNo":8,"ILKODU":24,"ILCEKODU":1318,"HAVZA_ID":21,"entityId":"1339","entityType":"hesStations","id":"1339","name":"YUKARI MERCAN REG. VE HES CAN SUYU","stationId":42021360,"basinId":21,"status":"no_data","color":"#94a3b8","radius":7}},{"type":"Feature","id":"1340","geometry":{"type":"Point","coordinates":[38.621390000000076,39.43417000000005]},"properties":{"OBJECTID":1340,"IstNo":42021363,"SuAdi":"TAVUK ÇAYI","IstAdi":"ÇALTI REG VE HES CANSUYU","BolgeNo":8,"ILKODU":24,"ILCEKODU":1406,"HAVZA_ID":21,"entityId":"1340","entityType":"hesStations","id":"1340","name":"ÇALTI REG VE HES CANSUYU","stationId":42021363,"basinId":21,"status":"no_data","color":"#94a3b8","radius":7}},{"type":"Feature","id":"1341","geometry":{"type":"Point","coordinates":[39.659440000000075,39.60444000000007]},"properties":{"OBJECTID":1341,"IstNo":42021364,"SuAdi":"KARATUŞ HES","IstAdi":"GİRLEVIK  3 CANSUYU","BolgeNo":8,"ILKODU":24,"ILCEKODU":1318,"HAVZA_ID":21,"entityId":"1341","entityType":"hesStations","id":"1341","name":"GİRLEVIK  3 CANSUYU","stationId":42021364,"basinId":21,"status":"no_data","color":"#94a3b8","radius":7}},{"type":"Feature","id":"1342","geometry":{"type":"Point","coordinates":[37.768610000000024,38.02000000000004]},"properties":{"OBJECTID":1342,"IstNo":42021401,"SuAdi":"SANCAR DERESİ","IstAdi":"SANCAR HES CAN SUYU","BolgeNo":9,"ILKODU":44,"ILCEKODU":1286,"HAVZA_ID":21,"entityId":"1342","entityType":"hesStations","id":"1342","name":"SANCAR HES CAN SUYU","stationId":42021401,"basinId":21,"status":"no_data","color":"#94a3b8","radius":7}},{"type":"Feature","id":"1343","geometry":{"type":"Point","coordinates":[38.74944000000005,38.78639000000004]},"properties":{"OBJECTID":1343,"IstNo":42021501,"SuAdi":"KEBAN DERE ","IstAdi":"KEBAN DERE HES CAN SUYU","BolgeNo":9,"ILKODU":23,"ILCEKODU":1455,"HAVZA_ID":21,"entityId":"1343","entityType":"hesStations","id":"1343","name":"KEBAN DERE HES CAN SUYU","stationId":42021501,"basinId":21,"status":"no_data","color":"#94a3b8","radius":7}},{"type":"Feature","id":"1344","geometry":{"type":"Point","coordinates":[37.80972000000003,37.909170000000074]},"properties":{"OBJECTID":1344,"IstNo":42021510,"SuAdi":"KARANLIKDERE","IstAdi":"ERKENEK HES CAN SUYU","BolgeNo":9,"ILKODU":44,"ILCEKODU":1286,"HAVZA_ID":21,"entityId":"1344","entityType":"hesStations","id":"1344","name":"ERKENEK HES CAN SUYU","stationId":42021510,"basinId":21,"status":"no_data","color":"#94a3b8","radius":7}},{"type":"Feature","id":"1345","geometry":{"type":"Point","coordinates":[38.50306000000006,38.140280000000075]},"properties":{"OBJECTID":1345,"IstNo":42021802,"SuAdi":"AKSU DERESİ","IstAdi":"AKSU HES CAN SUYU","BolgeNo":9,"ILKODU":44,"ILCEKODU":1985,"HAVZA_ID":21,"entityId":"1345","entityType":"hesStations","id":"1345","name":"AKSU HES CAN SUYU","stationId":42021802,"basinId":21,"status":"no_data","color":"#94a3b8","radius":7}},{"type":"Feature","id":"1346","geometry":{"type":"Point","coordinates":[40.97417000000007,39.228890000000035]},"properties":{"OBJECTID":1346,"IstNo":42021900,"SuAdi":"GÖYNÜK ÇAYI","IstAdi":"SAF 1 HES CAN SUYU","BolgeNo":9,"ILKODU":12,"ILCEKODU":1446,"HAVZA_ID":21,"entityId":"1346","entityType":"hesStations","id":"1346","name":"SAF 1 HES CAN SUYU","stationId":42021900,"basinId":21,"status":"no_data","color":"#94a3b8","radius":7}},{"type":"Feature","id":"1347","geometry":{"type":"Point","coordinates":[39.22417000000007,38.30611000000005]},"properties":{"OBJECTID":1347,"IstNo":42021903,"SuAdi":"ULUDERE","IstAdi":"ÇARDAKLI HES CAN SUYU","BolgeNo":9,"ILKODU":23,"ILCEKODU":1263,"HAVZA_ID":21,"entityId":"1347","entityType":"hesStations","id":"1347","name":"ÇARDAKLI HES CAN SUYU","stationId":42021903,"basinId":21,"status":"no_data","color":"#94a3b8","radius":7}},{"type":"Feature","id":"1348","geometry":{"type":"Point","coordinates":[38.84169000000003,39.225610000000074]},"properties":{"OBJECTID":1348,"IstNo":42021905,"SuAdi":"BARASOR ÇAYI","IstAdi":"ZİYARET HES CAN SUYU","BolgeNo":9,"ILKODU":24,"ILCEKODU":1460,"HAVZA_ID":21,"entityId":"1348","entityType":"hesStations","id":"1348","name":"ZİYARET HES CAN SUYU","stationId":42021905,"basinId":21,"status":"no_data","color":"#94a3b8","radius":7}},{"type":"Feature","id":"1349","geometry":{"type":"Point","coordinates":[41.03472000000005,38.82417000000004]},"properties":{"OBJECTID":1349,"IstNo":42021907,"SuAdi":"MURAT NEHRİ ","IstAdi":"YUKARI KALEKÖY BARAJI VE HES CAN SUYU ","BolgeNo":9,"ILKODU":12,"ILCEKODU":1633,"HAVZA_ID":21,"entityId":"1349","entityType":"hesStations","id":"1349","name":"YUKARI KALEKÖY BARAJI VE HES CAN SUYU ","stationId":42021907,"basinId":21,"status":"no_data","color":"#94a3b8","radius":7}},{"type":"Feature","id":"1350","geometry":{"type":"Point","coordinates":[37.898060000000044,37.92333000000008]},"properties":{"OBJECTID":1350,"IstNo":42021908,"SuAdi":"KARANLIK DERE","IstAdi":"GEMKÖPRÜ REGÜLATÖRÜ VE HES","BolgeNo":9,"ILKODU":44,"ILCEKODU":1286,"HAVZA_ID":21,"entityId":"1350","entityType":"hesStations","id":"1350","name":"GEMKÖPRÜ REGÜLATÖRÜ VE HES","stationId":42021908,"basinId":21,"status":"no_data","color":"#94a3b8","radius":7}},{"type":"Feature","id":"1351","geometry":{"type":"Point","coordinates":[40.34139000000005,38.825000000000045]},"properties":{"OBJECTID":1351,"IstNo":42021909,"SuAdi":"MURAT NEHRİ","IstAdi":"AŞAĞI KALEKÖY CAN SUYU","BolgeNo":9,"ILKODU":12,"ILCEKODU":1193,"HAVZA_ID":21,"entityId":"1351","entityType":"hesStations","id":"1351","name":"AŞAĞI KALEKÖY CAN SUYU","stationId":42021909,"basinId":21,"status":"no_data","color":"#94a3b8","radius":7}},{"type":"Feature","id":"1352","geometry":{"type":"Point","coordinates":[37.885560000000055,37.925830000000076]},"properties":{"OBJECTID":1352,"IstNo":42021910,"SuAdi":"KARANLIK DERE ","IstAdi":"KAYABAŞI HES CAN SUYU","BolgeNo":9,"ILKODU":44,"ILCEKODU":1286,"HAVZA_ID":21,"entityId":"1352","entityType":"hesStations","id":"1352","name":"KAYABAŞI HES CAN SUYU","stationId":42021910,"basinId":21,"status":"no_data","color":"#94a3b8","radius":7}},{"type":"Feature","id":"1353","geometry":{"type":"Point","coordinates":[37.51639000000006,38.95389000000006]},"properties":{"OBJECTID":1353,"IstNo":42021944,"SuAdi":"TOHMA ÇAYI","IstAdi":"SOFULAR HES CANSUYU","BolgeNo":9,"ILKODU":44,"ILCEKODU":1373,"HAVZA_ID":21,"entityId":"1353","entityType":"hesStations","id":"1353","name":"SOFULAR HES CANSUYU","stationId":42021944,"basinId":21,"status":"no_data","color":"#94a3b8","radius":7}},{"type":"Feature","id":"1354","geometry":{"type":"Point","coordinates":[37.96500000000003,40.68500000000006]},"properties":{"OBJECTID":1354,"IstNo":42022001,"SuAdi":"TURNASUYU","IstAdi":"DARICA-2 HES TURNALIK BARAJI CANSUYU AGİ","BolgeNo":7,"ILKODU":52,"ILCEKODU":1950,"HAVZA_ID":22,"entityId":"1354","entityType":"hesStations","id":"1354","name":"DARICA-2 HES TURNALIK BARAJI CANSUYU AGİ","stationId":42022001,"basinId":22,"status":"no_data","color":"#94a3b8","radius":7}},{"type":"Feature","id":"1355","geometry":{"type":"Point","coordinates":[37.977220000000045,40.60806000000008]},"properties":{"OBJECTID":1355,"IstNo":42022002,"SuAdi":"PAZARSUYU","IstAdi":"DARICA-2 HES ÇAMBAŞI REG. CANSUYU AGİ","BolgeNo":7,"ILKODU":52,"ILCEKODU":1950,"HAVZA_ID":22,"entityId":"1355","entityType":"hesStations","id":"1355","name":"DARICA-2 HES ÇAMBAŞI REG. CANSUYU AGİ","stationId":42022002,"basinId":22,"status":"no_data","color":"#94a3b8","radius":7}},{"type":"Feature","id":"1356","geometry":{"type":"Point","coordinates":[41.427220000000034,41.266940000000034]},"properties":{"OBJECTID":1356,"IstNo":42022006,"SuAdi":"KAPİSTRE DERE","IstAdi":"BALIKLI I REG. VE HES","BolgeNo":26,"ILKODU":8,"ILCEKODU":1147,"HAVZA_ID":22,"entityId":"1356","entityType":"hesStations","id":"1356","name":"BALIKLI I REG. VE HES","stationId":42022006,"basinId":22,"status":"no_data","color":"#94a3b8","radius":7}},{"type":"Feature","id":"1357","geometry":{"type":"Point","coordinates":[41.40722000000005,41.22639000000004]},"properties":{"OBJECTID":1357,"IstNo":42022007,"SuAdi":"KAPİSTRE DERE","IstAdi":"BALIKLI II REG. VE HES","BolgeNo":26,"ILKODU":8,"ILCEKODU":1147,"HAVZA_ID":22,"entityId":"1357","entityType":"hesStations","id":"1357","name":"BALIKLI II REG. VE HES","stationId":42022007,"basinId":22,"status":"no_data","color":"#94a3b8","radius":7}},{"type":"Feature","id":"1358","geometry":{"type":"Point","coordinates":[27.833330000000046,37.833330000000046]},"properties":{"OBJECTID":1358,"IstNo":42022008,"SuAdi":"MEŞELİ DERE","IstAdi":"MEŞELİ I REG VE HES","BolgeNo":26,"ILKODU":8,"ILCEKODU":2076,"HAVZA_ID":7,"entityId":"1358","entityType":"hesStations","id":"1358","name":"MEŞELİ I REG VE HES","stationId":42022008,"basinId":7,"status":"no_data","color":"#94a3b8","radius":7}},{"type":"Feature","id":"1359","geometry":{"type":"Point","coordinates":[27.833330000000046,37.833330000000046]},"properties":{"OBJECTID":1359,"IstNo":42022009,"SuAdi":"MEŞELİ DERE","IstAdi":"MEŞELİ II REG. VE HES","BolgeNo":26,"ILKODU":8,"ILCEKODU":2076,"HAVZA_ID":7,"entityId":"1359","entityType":"hesStations","id":"1359","name":"MEŞELİ II REG. VE HES","stationId":42022009,"basinId":7,"status":"no_data","color":"#94a3b8","radius":7}},{"type":"Feature","id":"1362","geometry":{"type":"Point","coordinates":[27.833330000000046,37.833330000000046]},"properties":{"OBJECTID":1362,"IstNo":42022012,"SuAdi":"AGARA DERESİ","IstAdi":"SOĞUKSU I REG. VE HES","BolgeNo":26,"ILKODU":8,"ILCEKODU":2076,"HAVZA_ID":7,"entityId":"1362","entityType":"hesStations","id":"1362","name":"SOĞUKSU I REG. VE HES","stationId":42022012,"basinId":7,"status":"no_data","color":"#94a3b8","radius":7}},{"type":"Feature","id":"1363","geometry":{"type":"Point","coordinates":[27.833330000000046,37.833330000000046]},"properties":{"OBJECTID":1363,"IstNo":42022013,"SuAdi":"AGARA DERESİ","IstAdi":"SOĞUKSU II REG. HES","BolgeNo":26,"ILKODU":8,"ILCEKODU":2076,"HAVZA_ID":7,"entityId":"1363","entityType":"hesStations","id":"1363","name":"SOĞUKSU II REG. HES","stationId":42022013,"basinId":7,"status":"no_data","color":"#94a3b8","radius":7}},{"type":"Feature","id":"1364","geometry":{"type":"Point","coordinates":[37.89167000000003,40.86111000000005]},"properties":{"OBJECTID":1364,"IstNo":42022014,"SuAdi":"MELET I.","IstAdi":"DARICA-I HES CANSUYU","BolgeNo":7,"ILKODU":52,"ILCEKODU":1950,"HAVZA_ID":22,"entityId":"1364","entityType":"hesStations","id":"1364","name":"DARICA-I HES CANSUYU","stationId":42022014,"basinId":22,"status":"no_data","color":"#94a3b8","radius":7}},{"type":"Feature","id":"1365","geometry":{"type":"Point","coordinates":[37.784170000000074,40.83250000000004]},"properties":{"OBJECTID":1365,"IstNo":42022016,"SuAdi":"SAP DERE","IstAdi":"AĞKOLU HES CANSUYU","BolgeNo":7,"ILKODU":52,"ILCEKODU":1696,"HAVZA_ID":22,"entityId":"1365","entityType":"hesStations","id":"1365","name":"AĞKOLU HES CANSUYU","stationId":42022016,"basinId":22,"status":"no_data","color":"#94a3b8","radius":7}},{"type":"Feature","id":"1366","geometry":{"type":"Point","coordinates":[37.81194000000005,40.84167000000008]},"properties":{"OBJECTID":1366,"IstNo":42022019,"SuAdi":"SAP DERE","IstAdi":"ORDU HES SAPDERE REG. CANSUYU","BolgeNo":7,"ILKODU":52,"ILCEKODU":1696,"HAVZA_ID":22,"entityId":"1366","entityType":"hesStations","id":"1366","name":"ORDU HES SAPDERE REG. CANSUYU","stationId":42022019,"basinId":22,"status":"no_data","color":"#94a3b8","radius":7}},{"type":"Feature","id":"1367","geometry":{"type":"Point","coordinates":[37.81611000000004,40.84444000000008]},"properties":{"OBJECTID":1367,"IstNo":42022020,"SuAdi":"MELET IR.","IstAdi":"ORDU HES CANSUYU AGİ","BolgeNo":7,"ILKODU":52,"ILCEKODU":1696,"HAVZA_ID":22,"entityId":"1367","entityType":"hesStations","id":"1367","name":"ORDU HES CANSUYU AGİ","stationId":42022020,"basinId":22,"status":"no_data","color":"#94a3b8","radius":7}},{"type":"Feature","id":"1368","geometry":{"type":"Point","coordinates":[37.695280000000025,40.50834000000003]},"properties":{"OBJECTID":1368,"IstNo":42022022,"SuAdi":"MELET IR.","IstAdi":"BOZTEPE HES CANSUYU AGİ","BolgeNo":7,"ILKODU":52,"ILCEKODU":1525,"HAVZA_ID":22,"entityId":"1368","entityType":"hesStations","id":"1368","name":"BOZTEPE HES CANSUYU AGİ","stationId":42022022,"basinId":22,"status":"no_data","color":"#94a3b8","radius":7}},{"type":"Feature","id":"1370","geometry":{"type":"Point","coordinates":[37.748890000000074,40.38889000000006]},"properties":{"OBJECTID":1370,"IstNo":42022025,"SuAdi":"BALDIRAN D.","IstAdi":"GENERAL HES CANSUYU AGİ","BolgeNo":7,"ILKODU":52,"ILCEKODU":1525,"HAVZA_ID":22,"entityId":"1370","entityType":"hesStations","id":"1370","name":"GENERAL HES CANSUYU AGİ","stationId":42022025,"basinId":22,"status":"no_data","color":"#94a3b8","radius":7}},{"type":"Feature","id":"1371","geometry":{"type":"Point","coordinates":[37.40083000000004,40.928330000000074]},"properties":{"OBJECTID":1371,"IstNo":42022027,"SuAdi":"ELEKÇİ DERESİ","IstAdi":"PİRO HES CANSUYU","BolgeNo":7,"ILKODU":52,"ILCEKODU":1328,"HAVZA_ID":22,"entityId":"1371","entityType":"hesStations","id":"1371","name":"PİRO HES CANSUYU","stationId":42022027,"basinId":22,"status":"no_data","color":"#94a3b8","radius":7}},{"type":"Feature","id":"1372","geometry":{"type":"Point","coordinates":[37.86167000000006,40.73195000000004]},"properties":{"OBJECTID":1372,"IstNo":42022029,"SuAdi":"MELET IRMAĞI","IstAdi":"KOZBÜKÜ HES CANSUYU AGİ","BolgeNo":7,"ILKODU":52,"ILCEKODU":1950,"HAVZA_ID":22,"entityId":"1372","entityType":"hesStations","id":"1372","name":"KOZBÜKÜ HES CANSUYU AGİ","stationId":42022029,"basinId":22,"status":"no_data","color":"#94a3b8","radius":7}},{"type":"Feature","id":"1374","geometry":{"type":"Point","coordinates":[41.67056000000008,41.31583000000006]},"properties":{"OBJECTID":1374,"IstNo":42022034,"SuAdi":"CANSUYU HES","IstAdi":"BALSU","BolgeNo":26,"ILKODU":8,"ILCEKODU":1202,"HAVZA_ID":23,"entityId":"1374","entityType":"hesStations","id":"1374","name":"BALSU","stationId":42022034,"basinId":23,"status":"no_data","color":"#94a3b8","radius":7}},{"type":"Feature","id":"1375","geometry":{"type":"Point","coordinates":[37.68945000000008,40.94083000000006]},"properties":{"OBJECTID":1375,"IstNo":42022035,"SuAdi":"ÇUKURKÖY DERE","IstAdi":"SELİMIYE HES CANSUYU AGİ","BolgeNo":7,"ILKODU":52,"ILCEKODU":2103,"HAVZA_ID":22,"entityId":"1375","entityType":"hesStations","id":"1375","name":"SELİMIYE HES CANSUYU AGİ","stationId":42022035,"basinId":22,"status":"no_data","color":"#94a3b8","radius":7}},{"type":"Feature","id":"1376","geometry":{"type":"Point","coordinates":[37.45694000000003,40.88139000000007]},"properties":{"OBJECTID":1376,"IstNo":42022105,"SuAdi":"REŞADİYE ÇAYI","IstAdi":"IRMAK HES CANSUYU AGİ","BolgeNo":7,"ILKODU":52,"ILCEKODU":1897,"HAVZA_ID":22,"entityId":"1376","entityType":"hesStations","id":"1376","name":"IRMAK HES CANSUYU AGİ","stationId":42022105,"basinId":22,"status":"no_data","color":"#94a3b8","radius":7}},{"type":"Feature","id":"1377","geometry":{"type":"Point","coordinates":[37.67083000000008,40.39417000000003]},"properties":{"OBJECTID":1377,"IstNo":42022130,"SuAdi":"ALAN DERE","IstAdi":"MURAT-1 HES CANSUYU AGİ","BolgeNo":7,"ILKODU":52,"ILCEKODU":1525,"HAVZA_ID":22,"entityId":"1377","entityType":"hesStations","id":"1377","name":"MURAT-1 HES CANSUYU AGİ","stationId":42022130,"basinId":22,"status":"no_data","color":"#94a3b8","radius":7}},{"type":"Feature","id":"1378","geometry":{"type":"Point","coordinates":[37.703610000000026,40.39472000000006]},"properties":{"OBJECTID":1378,"IstNo":42022132,"SuAdi":"ÇAVDARLI  DERE","IstAdi":"MURAT-2 HES CANSUYU ","BolgeNo":7,"ILKODU":52,"ILCEKODU":1525,"HAVZA_ID":22,"entityId":"1378","entityType":"hesStations","id":"1378","name":"MURAT-2 HES CANSUYU ","stationId":42022132,"basinId":22,"status":"no_data","color":"#94a3b8","radius":7}},{"type":"Feature","id":"1379","geometry":{"type":"Point","coordinates":[37.52139000000005,40.95555000000007]},"properties":{"OBJECTID":1379,"IstNo":42022134,"SuAdi":"ŞAHSENE DERE","IstAdi":"ATİLLA HES ŞAHSENE REGÜLATÖRÜ CANSUYU ","BolgeNo":7,"ILKODU":52,"ILCEKODU":1328,"HAVZA_ID":22,"entityId":"1379","entityType":"hesStations","id":"1379","name":"ATİLLA HES ŞAHSENE REGÜLATÖRÜ CANSUYU ","stationId":42022134,"basinId":22,"status":"no_data","color":"#94a3b8","radius":7}},{"type":"Feature","id":"1380","geometry":{"type":"Point","coordinates":[37.49055000000004,40.938060000000064]},"properties":{"OBJECTID":1380,"IstNo":42022136,"SuAdi":"BOLAMAN ÇAYI","IstAdi":"ATİLLA HES BOLAMAN REG. CANSUYU","BolgeNo":7,"ILKODU":52,"ILCEKODU":1328,"HAVZA_ID":22,"entityId":"1380","entityType":"hesStations","id":"1380","name":"ATİLLA HES BOLAMAN REG. CANSUYU","stationId":42022136,"basinId":22,"status":"no_data","color":"#94a3b8","radius":7}},{"type":"Feature","id":"1381","geometry":{"type":"Point","coordinates":[37.44972000000007,40.75917000000004]},"properties":{"OBJECTID":1381,"IstNo":42022138,"SuAdi":"KEŞLEK DERE","IstAdi":"KUZEY-2 HES CANSUYU AGİ","BolgeNo":7,"ILKODU":52,"ILCEKODU":1951,"HAVZA_ID":22,"entityId":"1381","entityType":"hesStations","id":"1381","name":"KUZEY-2 HES CANSUYU AGİ","stationId":42022138,"basinId":22,"status":"no_data","color":"#94a3b8","radius":7}},{"type":"Feature","id":"1382","geometry":{"type":"Point","coordinates":[37.44972000000007,40.75834000000003]},"properties":{"OBJECTID":1382,"IstNo":42022139,"SuAdi":"EGELİ ÇAYI","IstAdi":"KUZEY-1 HES CANSUYU AGİ","BolgeNo":7,"ILKODU":52,"ILCEKODU":1951,"HAVZA_ID":22,"entityId":"1382","entityType":"hesStations","id":"1382","name":"KUZEY-1 HES CANSUYU AGİ","stationId":42022139,"basinId":22,"status":"no_data","color":"#94a3b8","radius":7}},{"type":"Feature","id":"1383","geometry":{"type":"Point","coordinates":[38.21028000000007,40.914720000000045]},"properties":{"OBJECTID":1383,"IstNo":42022152,"SuAdi":"PAZAR SUYU","IstAdi":"ÖREN HES CANSUYU","BolgeNo":22,"ILKODU":28,"ILCEKODU":1212,"HAVZA_ID":22,"entityId":"1383","entityType":"hesStations","id":"1383","name":"ÖREN HES CANSUYU","stationId":42022152,"basinId":22,"status":"no_data","color":"#94a3b8","radius":7}},{"type":"Feature","id":"1384","geometry":{"type":"Point","coordinates":[40.058890000000076,40.93139000000008]},"properties":{"OBJECTID":1384,"IstNo":42022200,"SuAdi":"REG. CANSUYU","IstAdi":"HORYAN HES CANSUYU","BolgeNo":22,"ILKODU":61,"ILCEKODU":1141,"HAVZA_ID":22,"entityId":"1384","entityType":"hesStations","id":"1384","name":"HORYAN HES CANSUYU","stationId":42022200,"basinId":22,"status":"no_data","color":"#94a3b8","radius":7}},{"type":"Feature","id":"1385","geometry":{"type":"Point","coordinates":[38.81194000000005,40.89417000000003]},"properties":{"OBJECTID":1385,"IstNo":42022201,"SuAdi":"KAVRAZ DERESİ","IstAdi":"AKKÖY 2 YAŞMAKLI CANSUYU","BolgeNo":22,"ILKODU":28,"ILCEKODU":1930,"HAVZA_ID":22,"entityId":"1385","entityType":"hesStations","id":"1385","name":"AKKÖY 2 YAŞMAKLI CANSUYU","stationId":42022201,"basinId":22,"status":"no_data","color":"#94a3b8","radius":7}},{"type":"Feature","id":"1386","geometry":{"type":"Point","coordinates":[38.818610000000035,40.89722000000006]},"properties":{"OBJECTID":1386,"IstNo":42022202,"SuAdi":"GELEVERA","IstAdi":"AKKÖY 2 GÖKCEBEL CANSUYU","BolgeNo":22,"ILKODU":28,"ILCEKODU":1930,"HAVZA_ID":22,"entityId":"1386","entityType":"hesStations","id":"1386","name":"AKKÖY 2 GÖKCEBEL CANSUYU","stationId":42022202,"basinId":22,"status":"no_data","color":"#94a3b8","radius":7}},{"type":"Feature","id":"1387","geometry":{"type":"Point","coordinates":[39.07833000000005,40.708060000000046]},"properties":{"OBJECTID":1387,"IstNo":42022203,"SuAdi":"CİZERE DERESI","IstAdi":"BÜYÜKDÜZ TAŞOBA  HES CANSUYU","BolgeNo":22,"ILKODU":29,"ILCEKODU":1971,"HAVZA_ID":22,"entityId":"1387","entityType":"hesStations","id":"1387","name":"BÜYÜKDÜZ TAŞOBA  HES CANSUYU","stationId":42022203,"basinId":22,"status":"no_data","color":"#94a3b8","radius":7}},{"type":"Feature","id":"1388","geometry":{"type":"Point","coordinates":[38.62518000000006,40.86853000000008]},"properties":{"OBJECTID":1388,"IstNo":42022204,"SuAdi":"ÇAKRAK DERESİ","IstAdi":"KALEN I CANSUYU","BolgeNo":22,"ILKODU":28,"ILCEKODU":1854,"HAVZA_ID":22,"entityId":"1388","entityType":"hesStations","id":"1388","name":"KALEN I CANSUYU","stationId":42022204,"basinId":22,"status":"no_data","color":"#94a3b8","radius":7}},{"type":"Feature","id":"1389","geometry":{"type":"Point","coordinates":[39.085000000000036,40.708060000000046]},"properties":{"OBJECTID":1389,"IstNo":42022205,"SuAdi":"KÜRTÜN DERESİ","IstAdi":"BÜYÜKDÜZ ELMALI HES CANSUYU","BolgeNo":22,"ILKODU":29,"ILCEKODU":1971,"HAVZA_ID":22,"entityId":"1389","entityType":"hesStations","id":"1389","name":"BÜYÜKDÜZ ELMALI HES CANSUYU","stationId":42022205,"basinId":22,"status":"no_data","color":"#94a3b8","radius":7}},{"type":"Feature","id":"1390","geometry":{"type":"Point","coordinates":[38.62793000000005,40.864370000000065]},"properties":{"OBJECTID":1390,"IstNo":42022206,"SuAdi":"EKİNDERE","IstAdi":"KALEN II CANSUYU","BolgeNo":22,"ILKODU":28,"ILCEKODU":1854,"HAVZA_ID":22,"entityId":"1390","entityType":"hesStations","id":"1390","name":"KALEN II CANSUYU","stationId":42022206,"basinId":22,"status":"no_data","color":"#94a3b8","radius":7}},{"type":"Feature","id":"1391","geometry":{"type":"Point","coordinates":[38.61945000000003,40.87056000000007]},"properties":{"OBJECTID":1391,"IstNo":42022400,"SuAdi":"YAĞLIDERE","IstAdi":"KALEN AKSU CANSUYU","BolgeNo":22,"ILKODU":28,"ILCEKODU":1854,"HAVZA_ID":22,"entityId":"1391","entityType":"hesStations","id":"1391","name":"KALEN AKSU CANSUYU","stationId":42022400,"basinId":22,"status":"no_data","color":"#94a3b8","radius":7}},{"type":"Feature","id":"1392","geometry":{"type":"Point","coordinates":[38.454900000000066,40.750230000000045]},"properties":{"OBJECTID":1392,"IstNo":42022415,"SuAdi":"AKSU ÇAYI","IstAdi":"ÇIRAKDAMI HES CANSUYU","BolgeNo":22,"ILKODU":28,"ILCEKODU":1272,"HAVZA_ID":22,"entityId":"1392","entityType":"hesStations","id":"1392","name":"ÇIRAKDAMI HES CANSUYU","stationId":42022415,"basinId":22,"status":"no_data","color":"#94a3b8","radius":7}},{"type":"Feature","id":"1393","geometry":{"type":"Point","coordinates":[38.452150000000074,40.74815000000007]},"properties":{"OBJECTID":1393,"IstNo":42022416,"SuAdi":"AKSU Ç.","IstAdi":"DERELİ HES CANSUYU","BolgeNo":22,"ILKODU":28,"ILCEKODU":1272,"HAVZA_ID":22,"entityId":"1393","entityType":"hesStations","id":"1393","name":"DERELİ HES CANSUYU","stationId":42022416,"basinId":22,"status":"no_data","color":"#94a3b8","radius":7}},{"type":"Feature","id":"1394","geometry":{"type":"Point","coordinates":[38.72681000000006,40.94948000000005]},"properties":{"OBJECTID":1394,"IstNo":42022419,"SuAdi":"KAROVACIK DERESİ","IstAdi":"TUĞRA HES CANSUYU","BolgeNo":22,"ILKODU":28,"ILCEKODU":1320,"HAVZA_ID":22,"entityId":"1394","entityType":"hesStations","id":"1394","name":"TUĞRA HES CANSUYU","stationId":42022419,"basinId":22,"status":"no_data","color":"#94a3b8","radius":7}},{"type":"Feature","id":"1395","geometry":{"type":"Point","coordinates":[38.732300000000066,40.94810000000007]},"properties":{"OBJECTID":1395,"IstNo":42022420,"SuAdi":"KAROVACIK DERESİ","IstAdi":"TUĞRA II CANSUYU","BolgeNo":22,"ILKODU":28,"ILCEKODU":1320,"HAVZA_ID":22,"entityId":"1395","entityType":"hesStations","id":"1395","name":"TUĞRA II CANSUYU","stationId":42022420,"basinId":22,"status":"no_data","color":"#94a3b8","radius":7}},{"type":"Feature","id":"1396","geometry":{"type":"Point","coordinates":[40.76472000000007,41.08055000000007]},"properties":{"OBJECTID":1396,"IstNo":42022501,"SuAdi":"UZUNDERE REG. CAN","IstAdi":"UZUNDERE-1 HES","BolgeNo":22,"ILKODU":53,"ILCEKODU":1241,"HAVZA_ID":22,"entityId":"1396","entityType":"hesStations","id":"1396","name":"UZUNDERE-1 HES","stationId":42022501,"basinId":22,"status":"no_data","color":"#94a3b8","radius":7}},{"type":"Feature","id":"1397","geometry":{"type":"Point","coordinates":[40.78000000000003,41.08694000000003]},"properties":{"OBJECTID":1397,"IstNo":42022503,"SuAdi":"İNCESU REG.CAN","IstAdi":"UZUNDERE-1 HES","BolgeNo":22,"ILKODU":53,"ILCEKODU":1241,"HAVZA_ID":22,"entityId":"1397","entityType":"hesStations","id":"1397","name":"UZUNDERE-1 HES","stationId":42022503,"basinId":22,"status":"no_data","color":"#94a3b8","radius":7}},{"type":"Feature","id":"1398","geometry":{"type":"Point","coordinates":[40.615000000000066,40.97917000000007]},"properties":{"OBJECTID":1398,"IstNo":42022504,"SuAdi":"KALE R. CANSUYU","IstAdi":"KALE HES","BolgeNo":22,"ILKODU":53,"ILCEKODU":1796,"HAVZA_ID":22,"entityId":"1398","entityType":"hesStations","id":"1398","name":"KALE HES","stationId":42022504,"basinId":22,"status":"no_data","color":"#94a3b8","radius":7}},{"type":"Feature","id":"1399","geometry":{"type":"Point","coordinates":[40.615000000000066,40.98222000000004]},"properties":{"OBJECTID":1399,"IstNo":42022505,"SuAdi":"TAŞCAMİ R. CAN","IstAdi":"KALE HES","BolgeNo":22,"ILKODU":53,"ILCEKODU":1796,"HAVZA_ID":22,"entityId":"1399","entityType":"hesStations","id":"1399","name":"KALE HES","stationId":42022505,"basinId":22,"status":"no_data","color":"#94a3b8","radius":7}},{"type":"Feature","id":"1400","geometry":{"type":"Point","coordinates":[40.61639000000008,40.98222000000004]},"properties":{"OBJECTID":1400,"IstNo":42022507,"SuAdi":"REG. CANSUYU","IstAdi":"AYVASIL HES","BolgeNo":22,"ILKODU":53,"ILCEKODU":1796,"HAVZA_ID":22,"entityId":"1400","entityType":"hesStations","id":"1400","name":"AYVASIL HES","stationId":42022507,"basinId":22,"status":"no_data","color":"#94a3b8","radius":7}},{"type":"Feature","id":"1401","geometry":{"type":"Point","coordinates":[40.57250000000005,40.78722000000005]},"properties":{"OBJECTID":1401,"IstNo":42022511,"SuAdi":"REG. CANSUYU","IstAdi":"CEVİZLIK HES  ","BolgeNo":22,"ILKODU":53,"ILCEKODU":1405,"HAVZA_ID":22,"entityId":"1401","entityType":"hesStations","id":"1401","name":"CEVİZLIK HES  ","stationId":42022511,"basinId":22,"status":"no_data","color":"#94a3b8","radius":7}},{"type":"Feature","id":"1402","geometry":{"type":"Point","coordinates":[40.43778000000003,40.92889000000008]},"properties":{"OBJECTID":1402,"IstNo":42022512,"SuAdi":"REG. CANSUYU","IstAdi":"YOKUŞLU HES ","BolgeNo":22,"ILKODU":53,"ILCEKODU":1428,"HAVZA_ID":22,"entityId":"1402","entityType":"hesStations","id":"1402","name":"YOKUŞLU HES ","stationId":42022512,"basinId":22,"status":"no_data","color":"#94a3b8","radius":7}},{"type":"Feature","id":"1403","geometry":{"type":"Point","coordinates":[40.42417000000006,40.93694000000005]},"properties":{"OBJECTID":1403,"IstNo":42022513,"SuAdi":"REG. CANSUYU","IstAdi":"İNCİRLI HES","BolgeNo":22,"ILKODU":53,"ILCEKODU":1428,"HAVZA_ID":22,"entityId":"1403","entityType":"hesStations","id":"1403","name":"İNCİRLI HES","stationId":42022513,"basinId":22,"status":"no_data","color":"#94a3b8","radius":7}},{"type":"Feature","id":"1404","geometry":{"type":"Point","coordinates":[40.72556000000003,40.87444000000005]},"properties":{"OBJECTID":1404,"IstNo":42022515,"SuAdi":"ÇATALDERE-3 CAN","IstAdi":"UZUNDERE-2 HES","BolgeNo":22,"ILKODU":53,"ILCEKODU":1241,"HAVZA_ID":22,"entityId":"1404","entityType":"hesStations","id":"1404","name":"UZUNDERE-2 HES","stationId":42022515,"basinId":22,"status":"no_data","color":"#94a3b8","radius":7}},{"type":"Feature","id":"1405","geometry":{"type":"Point","coordinates":[40.76472000000007,41.11361000000005]},"properties":{"OBJECTID":1405,"IstNo":42022518,"SuAdi":"ÇATALDERE-1 R. CAN","IstAdi":"UZUNDERE 2 HES","BolgeNo":22,"ILKODU":53,"ILCEKODU":1241,"HAVZA_ID":22,"entityId":"1405","entityType":"hesStations","id":"1405","name":"UZUNDERE 2 HES","stationId":42022518,"basinId":22,"status":"no_data","color":"#94a3b8","radius":7}},{"type":"Feature","id":"1406","geometry":{"type":"Point","coordinates":[40.619170000000054,40.98222000000004]},"properties":{"OBJECTID":1406,"IstNo":42022519,"SuAdi":"ÜZÜMLÜ R. CAN","IstAdi":"ADACAMİ HES","BolgeNo":22,"ILKODU":53,"ILCEKODU":1796,"HAVZA_ID":22,"entityId":"1406","entityType":"hesStations","id":"1406","name":"ADACAMİ HES","stationId":42022519,"basinId":22,"status":"no_data","color":"#94a3b8","radius":7}},{"type":"Feature","id":"1407","geometry":{"type":"Point","coordinates":[40.61361000000005,40.98639000000003]},"properties":{"OBJECTID":1407,"IstNo":42022521,"SuAdi":"DUMANKAYA R. CAN","IstAdi":"ADACAMİ HES","BolgeNo":22,"ILKODU":53,"ILCEKODU":1796,"HAVZA_ID":22,"entityId":"1407","entityType":"hesStations","id":"1407","name":"ADACAMİ HES","stationId":42022521,"basinId":22,"status":"no_data","color":"#94a3b8","radius":7}},{"type":"Feature","id":"1408","geometry":{"type":"Point","coordinates":[40.61361000000005,40.98222000000004]},"properties":{"OBJECTID":1408,"IstNo":42022523,"SuAdi":"GÜNEYSU-1 R. CAN","IstAdi":"ADACAMİ HES","BolgeNo":22,"ILKODU":53,"ILCEKODU":1796,"HAVZA_ID":22,"entityId":"1408","entityType":"hesStations","id":"1408","name":"ADACAMİ HES","stationId":42022523,"basinId":22,"status":"no_data","color":"#94a3b8","radius":7}},{"type":"Feature","id":"1409","geometry":{"type":"Point","coordinates":[40.61639000000008,40.98417000000006]},"properties":{"OBJECTID":1409,"IstNo":42022525,"SuAdi":"GÜNEYSU-2 R. CAN","IstAdi":"ADACAMİ HES","BolgeNo":22,"ILKODU":53,"ILCEKODU":1796,"HAVZA_ID":22,"entityId":"1409","entityType":"hesStations","id":"1409","name":"ADACAMİ HES","stationId":42022525,"basinId":22,"status":"no_data","color":"#94a3b8","radius":7}},{"type":"Feature","id":"1410","geometry":{"type":"Point","coordinates":[40.561390000000074,40.779720000000054]},"properties":{"OBJECTID":1410,"IstNo":42022527,"SuAdi":"ÇAMLIK R. CANSUYU","IstAdi":"İKİZDERE HES","BolgeNo":22,"ILKODU":53,"ILCEKODU":1405,"HAVZA_ID":22,"entityId":"1410","entityType":"hesStations","id":"1410","name":"İKİZDERE HES","stationId":42022527,"basinId":22,"status":"no_data","color":"#94a3b8","radius":7}},{"type":"Feature","id":"1411","geometry":{"type":"Point","coordinates":[40.583330000000046,40.78305000000006]},"properties":{"OBJECTID":1411,"IstNo":42022530,"SuAdi":"CİMIL R. CANSUYU","IstAdi":"İKİZDERE HES","BolgeNo":22,"ILKODU":53,"ILCEKODU":1405,"HAVZA_ID":22,"entityId":"1411","entityType":"hesStations","id":"1411","name":"İKİZDERE HES","stationId":42022530,"basinId":22,"status":"no_data","color":"#94a3b8","radius":7}},{"type":"Feature","id":"1412","geometry":{"type":"Point","coordinates":[40.619170000000054,40.980000000000075]},"properties":{"OBJECTID":1412,"IstNo":42022531,"SuAdi":"REG. CANSUYU","IstAdi":"GÜRGEN HES","BolgeNo":22,"ILKODU":53,"ILCEKODU":1796,"HAVZA_ID":22,"entityId":"1412","entityType":"hesStations","id":"1412","name":"GÜRGEN HES","stationId":42022531,"basinId":22,"status":"no_data","color":"#94a3b8","radius":7}},{"type":"Feature","id":"1413","geometry":{"type":"Point","coordinates":[40.44333000000006,40.92861000000005]},"properties":{"OBJECTID":1413,"IstNo":42022533,"SuAdi":"REG. CANSUYU","IstAdi":"SARAY HES","BolgeNo":22,"ILKODU":53,"ILCEKODU":1428,"HAVZA_ID":22,"entityId":"1413","entityType":"hesStations","id":"1413","name":"SARAY HES","stationId":42022533,"basinId":22,"status":"no_data","color":"#94a3b8","radius":7}},{"type":"Feature","id":"1414","geometry":{"type":"Point","coordinates":[40.62861000000004,40.98222000000004]},"properties":{"OBJECTID":1414,"IstNo":42022535,"SuAdi":"REG. CANSUYU","IstAdi":"YEŞİLKÖY HES","BolgeNo":22,"ILKODU":53,"ILCEKODU":1796,"HAVZA_ID":22,"entityId":"1414","entityType":"hesStations","id":"1414","name":"YEŞİLKÖY HES","stationId":42022535,"basinId":22,"status":"no_data","color":"#94a3b8","radius":7}},{"type":"Feature","id":"1415","geometry":{"type":"Point","coordinates":[40.62722000000008,40.98111000000006]},"properties":{"OBJECTID":1415,"IstNo":42022536,"SuAdi":"REG. CANSUYU","IstAdi":"HAMZABEY HES","BolgeNo":22,"ILKODU":53,"ILCEKODU":1796,"HAVZA_ID":22,"entityId":"1415","entityType":"hesStations","id":"1415","name":"HAMZABEY HES","stationId":42022536,"basinId":22,"status":"no_data","color":"#94a3b8","radius":7}},{"type":"Feature","id":"1416","geometry":{"type":"Point","coordinates":[40.77583000000004,41.03056000000004]},"properties":{"OBJECTID":1416,"IstNo":42022537,"SuAdi":"REG. CANSUYU","IstAdi":"MELİKOM HES","BolgeNo":22,"ILKODU":53,"ILCEKODU":1241,"HAVZA_ID":22,"entityId":"1416","entityType":"hesStations","id":"1416","name":"MELİKOM HES","stationId":42022537,"basinId":22,"status":"no_data","color":"#94a3b8","radius":7}},{"type":"Feature","id":"1421","geometry":{"type":"Point","coordinates":[39.627500000000055,40.823330000000055]},"properties":{"OBJECTID":1421,"IstNo":42022601,"SuAdi":"ACISU DERESİ","IstAdi":"CEVHER II CANSUYU","BolgeNo":22,"ILKODU":61,"ILCEKODU":1507,"HAVZA_ID":22,"entityId":"1421","entityType":"hesStations","id":"1421","name":"CEVHER II CANSUYU","stationId":42022601,"basinId":22,"status":"no_data","color":"#94a3b8","radius":7}},{"type":"Feature","id":"1422","geometry":{"type":"Point","coordinates":[39.60278000000005,40.82056000000006]},"properties":{"OBJECTID":1422,"IstNo":42022603,"SuAdi":"ACISU DERESİ","IstAdi":"CEVHER I CANSUYU","BolgeNo":22,"ILKODU":61,"ILCEKODU":1507,"HAVZA_ID":22,"entityId":"1422","entityType":"hesStations","id":"1422","name":"CEVHER I CANSUYU","stationId":42022603,"basinId":22,"status":"no_data","color":"#94a3b8","radius":7}},{"type":"Feature","id":"1423","geometry":{"type":"Point","coordinates":[39.622190000000046,40.86922000000004]},"properties":{"OBJECTID":1423,"IstNo":42022604,"SuAdi":"DEĞİRMENDERE","IstAdi":"MAVİ HES CAN","BolgeNo":22,"ILKODU":61,"ILCEKODU":1507,"HAVZA_ID":22,"entityId":"1423","entityType":"hesStations","id":"1423","name":"MAVİ HES CAN","stationId":42022604,"basinId":22,"status":"no_data","color":"#94a3b8","radius":7}},{"type":"Feature","id":"1424","geometry":{"type":"Point","coordinates":[39.605560000000025,40.82278000000008]},"properties":{"OBJECTID":1424,"IstNo":42022607,"SuAdi":"DEĞİRMENDERE","IstAdi":"SUKENARI HES CANSUYU","BolgeNo":22,"ILKODU":61,"ILCEKODU":1507,"HAVZA_ID":22,"entityId":"1424","entityType":"hesStations","id":"1424","name":"SUKENARI HES CANSUYU","stationId":42022607,"basinId":22,"status":"no_data","color":"#94a3b8","radius":7}},{"type":"Feature","id":"1425","geometry":{"type":"Point","coordinates":[39.300830000000076,40.897500000000036]},"properties":{"OBJECTID":1425,"IstNo":42022609,"SuAdi":"DEĞİRMEN DERE","IstAdi":"TONYA I-II HES CANSUYU","BolgeNo":22,"ILKODU":61,"ILCEKODU":1681,"HAVZA_ID":22,"entityId":"1425","entityType":"hesStations","id":"1425","name":"TONYA I-II HES CANSUYU","stationId":42022609,"basinId":22,"status":"no_data","color":"#94a3b8","radius":7}},{"type":"Feature","id":"1426","geometry":{"type":"Point","coordinates":[39.597470000000044,40.82074000000006]},"properties":{"OBJECTID":1426,"IstNo":42022611,"SuAdi":"ACISU DERESİ","IstAdi":"ARISU CANSUYU","BolgeNo":22,"ILKODU":61,"ILCEKODU":1507,"HAVZA_ID":22,"entityId":"1426","entityType":"hesStations","id":"1426","name":"ARISU CANSUYU","stationId":42022611,"basinId":22,"status":"no_data","color":"#94a3b8","radius":7}},{"type":"Feature","id":"1427","geometry":{"type":"Point","coordinates":[39.605560000000025,40.818610000000035]},"properties":{"OBJECTID":1427,"IstNo":42022613,"SuAdi":"DEĞİRMENDERE","IstAdi":"KÖPRÜYANI CANSUYU","BolgeNo":22,"ILKODU":61,"ILCEKODU":1507,"HAVZA_ID":22,"entityId":"1427","entityType":"hesStations","id":"1427","name":"KÖPRÜYANI CANSUYU","stationId":42022613,"basinId":22,"status":"no_data","color":"#94a3b8","radius":7}},{"type":"Feature","id":"1428","geometry":{"type":"Point","coordinates":[39.600220000000036,40.82281000000006]},"properties":{"OBJECTID":1428,"IstNo":42022614,"SuAdi":"SÜMELA D.","IstAdi":"KADAHOR CANSUYU","BolgeNo":22,"ILKODU":61,"ILCEKODU":1507,"HAVZA_ID":22,"entityId":"1428","entityType":"hesStations","id":"1428","name":"KADAHOR CANSUYU","stationId":42022614,"basinId":22,"status":"no_data","color":"#94a3b8","radius":7}},{"type":"Feature","id":"1429","geometry":{"type":"Point","coordinates":[40.05611000000005,40.928330000000074]},"properties":{"OBJECTID":1429,"IstNo":42022616,"SuAdi":"BANGAL R. CANSUYU","IstAdi":"KUŞLUK HES","BolgeNo":22,"ILKODU":61,"ILCEKODU":1141,"HAVZA_ID":22,"entityId":"1429","entityType":"hesStations","id":"1429","name":"KUŞLUK HES","stationId":42022616,"basinId":22,"status":"no_data","color":"#94a3b8","radius":7}},{"type":"Feature","id":"1430","geometry":{"type":"Point","coordinates":[40.05750000000006,40.93028000000004]},"properties":{"OBJECTID":1430,"IstNo":42022618,"SuAdi":"ERİKLI REG. CAN","IstAdi":"ERİKLI-AKOCAK HES","BolgeNo":22,"ILKODU":61,"ILCEKODU":1141,"HAVZA_ID":22,"entityId":"1430","entityType":"hesStations","id":"1430","name":"ERİKLI-AKOCAK HES","stationId":42022618,"basinId":22,"status":"no_data","color":"#94a3b8","radius":7}},{"type":"Feature","id":"1431","geometry":{"type":"Point","coordinates":[40.04639000000003,40.885830000000055]},"properties":{"OBJECTID":1431,"IstNo":42022620,"SuAdi":"AKOCAK REG. CAN","IstAdi":"ERİKLI-AKOCAK HES","BolgeNo":22,"ILKODU":61,"ILCEKODU":1141,"HAVZA_ID":22,"entityId":"1431","entityType":"hesStations","id":"1431","name":"ERİKLI-AKOCAK HES","stationId":42022620,"basinId":22,"status":"no_data","color":"#94a3b8","radius":7}},{"type":"Feature","id":"1432","geometry":{"type":"Point","coordinates":[39.281390000000044,41.07278000000008]},"properties":{"OBJECTID":1432,"IstNo":42022623,"SuAdi":"REG. CANSUYU","IstAdi":"ÇANAKÇI HES","BolgeNo":22,"ILKODU":61,"ILCEKODU":null,"HAVZA_ID":22,"entityId":"1432","entityType":"hesStations","id":"1432","name":"ÇANAKÇI HES","stationId":42022623,"basinId":22,"status":"no_data","color":"#94a3b8","radius":7}},{"type":"Feature","id":"1433","geometry":{"type":"Point","coordinates":[40.28667000000007,40.93333000000007]},"properties":{"OBJECTID":1433,"IstNo":42022624,"SuAdi":"REG. CANSUYU","IstAdi":"ARCA HES","BolgeNo":22,"ILKODU":61,"ILCEKODU":1548,"HAVZA_ID":22,"entityId":"1433","entityType":"hesStations","id":"1433","name":"ARCA HES","stationId":42022624,"basinId":22,"status":"no_data","color":"#94a3b8","radius":7}},{"type":"Feature","id":"1434","geometry":{"type":"Point","coordinates":[40.369170000000054,40.89305000000007]},"properties":{"OBJECTID":1434,"IstNo":42022626,"SuAdi":"REG. CANSUYU","IstAdi":"CUNİŞ HES","BolgeNo":22,"ILKODU":61,"ILCEKODU":1942,"HAVZA_ID":22,"entityId":"1434","entityType":"hesStations","id":"1434","name":"CUNİŞ HES","stationId":42022626,"basinId":22,"status":"no_data","color":"#94a3b8","radius":7}},{"type":"Feature","id":"1435","geometry":{"type":"Point","coordinates":[40.12333000000007,40.813060000000064]},"properties":{"OBJECTID":1435,"IstNo":42022628,"SuAdi":"REG. CANSUYU","IstAdi":"YAĞMUR HES","BolgeNo":22,"ILKODU":61,"ILCEKODU":1966,"HAVZA_ID":22,"entityId":"1435","entityType":"hesStations","id":"1435","name":"YAĞMUR HES","stationId":42022628,"basinId":22,"status":"no_data","color":"#94a3b8","radius":7}},{"type":"Feature","id":"1436","geometry":{"type":"Point","coordinates":[40.223610000000065,40.75834000000003]},"properties":{"OBJECTID":1436,"IstNo":42022632,"SuAdi":"ÇAMBAŞI REG. CAN","IstAdi":"ÇAMBAŞI HES","BolgeNo":22,"ILKODU":61,"ILCEKODU":1909,"HAVZA_ID":22,"entityId":"1436","entityType":"hesStations","id":"1436","name":"ÇAMBAŞI HES","stationId":42022632,"basinId":22,"status":"no_data","color":"#94a3b8","radius":7}},{"type":"Feature","id":"1437","geometry":{"type":"Point","coordinates":[40.231670000000065,40.76111000000003]},"properties":{"OBJECTID":1437,"IstNo":42022634,"SuAdi":"ÖGENE REG. CAN","IstAdi":"ÇAMBAŞI HES","BolgeNo":22,"ILKODU":61,"ILCEKODU":1909,"HAVZA_ID":22,"entityId":"1437","entityType":"hesStations","id":"1437","name":"ÇAMBAŞI HES","stationId":42022634,"basinId":22,"status":"no_data","color":"#94a3b8","radius":7}},{"type":"Feature","id":"1438","geometry":{"type":"Point","coordinates":[40.37611000000004,40.89083000000005]},"properties":{"OBJECTID":1438,"IstNo":42022635,"SuAdi":"REG. CANSUYU","IstAdi":"ÇAĞLAYAN HES","BolgeNo":22,"ILKODU":61,"ILCEKODU":1942,"HAVZA_ID":22,"entityId":"1438","entityType":"hesStations","id":"1438","name":"ÇAĞLAYAN HES","stationId":42022635,"basinId":22,"status":"no_data","color":"#94a3b8","radius":7}},{"type":"Feature","id":"1439","geometry":{"type":"Point","coordinates":[40.365000000000066,40.891110000000026]},"properties":{"OBJECTID":1439,"IstNo":42022636,"SuAdi":"REG. CANSUYU","IstAdi":"ÜÇHANLAR HES ","BolgeNo":22,"ILKODU":61,"ILCEKODU":1942,"HAVZA_ID":22,"entityId":"1439","entityType":"hesStations","id":"1439","name":"ÜÇHANLAR HES ","stationId":42022636,"basinId":22,"status":"no_data","color":"#94a3b8","radius":7}},{"type":"Feature","id":"1440","geometry":{"type":"Point","coordinates":[40.37194000000005,40.88889000000006]},"properties":{"OBJECTID":1440,"IstNo":42022639,"SuAdi":"REG. CANSUYU","IstAdi":"SARMAŞIK-1 HES","BolgeNo":22,"ILKODU":61,"ILCEKODU":1942,"HAVZA_ID":22,"entityId":"1440","entityType":"hesStations","id":"1440","name":"SARMAŞIK-1 HES","stationId":42022639,"basinId":22,"status":"no_data","color":"#94a3b8","radius":7}},{"type":"Feature","id":"1441","geometry":{"type":"Point","coordinates":[40.36639000000008,40.891940000000034]},"properties":{"OBJECTID":1441,"IstNo":42022640,"SuAdi":"REG. CANSUYU","IstAdi":"SARMAŞIK-2 HES","BolgeNo":22,"ILKODU":61,"ILCEKODU":1942,"HAVZA_ID":22,"entityId":"1441","entityType":"hesStations","id":"1441","name":"SARMAŞIK-2 HES","stationId":42022640,"basinId":22,"status":"no_data","color":"#94a3b8","radius":7}},{"type":"Feature","id":"1442","geometry":{"type":"Point","coordinates":[40.231670000000065,40.76445000000007]},"properties":{"OBJECTID":1442,"IstNo":42022641,"SuAdi":"DİVREN R. CAN","IstAdi":"BALKODU-1 HES","BolgeNo":22,"ILKODU":61,"ILCEKODU":1909,"HAVZA_ID":22,"entityId":"1442","entityType":"hesStations","id":"1442","name":"BALKODU-1 HES","stationId":42022641,"basinId":22,"status":"no_data","color":"#94a3b8","radius":7}},{"type":"Feature","id":"1443","geometry":{"type":"Point","coordinates":[40.12333000000007,40.81611000000004]},"properties":{"OBJECTID":1443,"IstNo":42022642,"SuAdi":"REG. CANSUYU","IstAdi":"YUKARI MANAHOZ HES","BolgeNo":22,"ILKODU":61,"ILCEKODU":1966,"HAVZA_ID":22,"entityId":"1443","entityType":"hesStations","id":"1443","name":"YUKARI MANAHOZ HES","stationId":42022642,"basinId":22,"status":"no_data","color":"#94a3b8","radius":7}},{"type":"Feature","id":"1444","geometry":{"type":"Point","coordinates":[40.231670000000065,40.75639000000007]},"properties":{"OBJECTID":1444,"IstNo":42022643,"SuAdi":"REG. CANSUYU","IstAdi":"ÇAMLIKAYA HES","BolgeNo":22,"ILKODU":61,"ILCEKODU":1244,"HAVZA_ID":22,"entityId":"1444","entityType":"hesStations","id":"1444","name":"ÇAMLIKAYA HES","stationId":42022643,"basinId":22,"status":"no_data","color":"#94a3b8","radius":7}},{"type":"Feature","id":"1445","geometry":{"type":"Point","coordinates":[40.237220000000036,40.76028000000008]},"properties":{"OBJECTID":1445,"IstNo":42022644,"SuAdi":"BALKODU REG. CAN","IstAdi":"BALKODU-1 HES","BolgeNo":22,"ILKODU":61,"ILCEKODU":1244,"HAVZA_ID":22,"entityId":"1445","entityType":"hesStations","id":"1445","name":"BALKODU-1 HES","stationId":42022644,"basinId":22,"status":"no_data","color":"#94a3b8","radius":7}},{"type":"Feature","id":"1446","geometry":{"type":"Point","coordinates":[40.119170000000054,40.81611000000004]},"properties":{"OBJECTID":1446,"IstNo":42022645,"SuAdi":"REG. CANSUYU","IstAdi":"GÜNAYŞE HES","BolgeNo":22,"ILKODU":61,"ILCEKODU":1966,"HAVZA_ID":22,"entityId":"1446","entityType":"hesStations","id":"1446","name":"GÜNAYŞE HES","stationId":42022645,"basinId":22,"status":"no_data","color":"#94a3b8","radius":7}},{"type":"Feature","id":"1447","geometry":{"type":"Point","coordinates":[39.72445000000005,40.94611000000003]},"properties":{"OBJECTID":1447,"IstNo":42022646,"SuAdi":"SELİMOĞLU REG. CANSUYU","IstAdi":"SELİMOĞLU HES","BolgeNo":22,"ILKODU":61,"ILCEKODU":2097,"HAVZA_ID":22,"entityId":"1447","entityType":"hesStations","id":"1447","name":"SELİMOĞLU HES","stationId":42022646,"basinId":22,"status":"no_data","color":"#94a3b8","radius":7}},{"type":"Feature","id":"1448","geometry":{"type":"Point","coordinates":[39.57250000000005,41.00945000000007]},"properties":{"OBJECTID":1448,"IstNo":42022647,"SuAdi":"YILDIZLI REG. CANSUYU","IstAdi":"YILDIZLI HES","BolgeNo":22,"ILKODU":61,"ILCEKODU":1113,"HAVZA_ID":22,"entityId":"1448","entityType":"hesStations","id":"1448","name":"YILDIZLI HES","stationId":42022647,"basinId":22,"status":"no_data","color":"#94a3b8","radius":7}},{"type":"Feature","id":"1449","geometry":{"type":"Point","coordinates":[40.03000000000003,40.89083000000005]},"properties":{"OBJECTID":1449,"IstNo":42022650,"SuAdi":"ORTAÇAĞ REG. CANSUYU","IstAdi":"ORTAÇAĞ HES","BolgeNo":22,"ILKODU":61,"ILCEKODU":1141,"HAVZA_ID":22,"entityId":"1449","entityType":"hesStations","id":"1449","name":"ORTAÇAĞ HES","stationId":42022650,"basinId":22,"status":"no_data","color":"#94a3b8","radius":7}},{"type":"Feature","id":"1450","geometry":{"type":"Point","coordinates":[40.112220000000036,40.820280000000025]},"properties":{"OBJECTID":1450,"IstNo":42022653,"SuAdi":"VİZARA REG. CANSUYU","IstAdi":"VİZARA HES CAN","BolgeNo":22,"ILKODU":61,"ILCEKODU":1966,"HAVZA_ID":22,"entityId":"1450","entityType":"hesStations","id":"1450","name":"VİZARA HES CAN","stationId":42022653,"basinId":22,"status":"no_data","color":"#94a3b8","radius":7}},{"type":"Feature","id":"1451","geometry":{"type":"Point","coordinates":[40.02583000000004,40.898060000000044]},"properties":{"OBJECTID":1451,"IstNo":42022654,"SuAdi":"HORTEN-3 REG. CANSUYU","IstAdi":"ARAKLI-1 HES","BolgeNo":22,"ILKODU":61,"ILCEKODU":1141,"HAVZA_ID":22,"entityId":"1451","entityType":"hesStations","id":"1451","name":"ARAKLI-1 HES","stationId":42022654,"basinId":22,"status":"no_data","color":"#94a3b8","radius":7}},{"type":"Feature","id":"1452","geometry":{"type":"Point","coordinates":[40.05750000000006,40.93333000000007]},"properties":{"OBJECTID":1452,"IstNo":42022655,"SuAdi":"HORTEN-1 REG. CANSUYU","IstAdi":"ARAKLI-1 HES","BolgeNo":22,"ILKODU":61,"ILCEKODU":1141,"HAVZA_ID":22,"entityId":"1452","entityType":"hesStations","id":"1452","name":"ARAKLI-1 HES","stationId":42022655,"basinId":22,"status":"no_data","color":"#94a3b8","radius":7}},{"type":"Feature","id":"1453","geometry":{"type":"Point","coordinates":[40.050560000000075,40.929160000000024]},"properties":{"OBJECTID":1453,"IstNo":42022656,"SuAdi":"HORTEN-2 REG. CANSUYU","IstAdi":"ARAKLI-1 HES","BolgeNo":22,"ILKODU":61,"ILCEKODU":1141,"HAVZA_ID":22,"entityId":"1453","entityType":"hesStations","id":"1453","name":"ARAKLI-1 HES","stationId":42022656,"basinId":22,"status":"no_data","color":"#94a3b8","radius":7}},{"type":"Feature","id":"1454","geometry":{"type":"Point","coordinates":[40.03278000000006,40.89722000000006]},"properties":{"OBJECTID":1454,"IstNo":42022657,"SuAdi":"HOÇ REG. CANSUYU","IstAdi":"ARAKLI-1 HES","BolgeNo":22,"ILKODU":61,"ILCEKODU":1141,"HAVZA_ID":22,"entityId":"1454","entityType":"hesStations","id":"1454","name":"ARAKLI-1 HES","stationId":42022657,"basinId":22,"status":"no_data","color":"#94a3b8","radius":7}},{"type":"Feature","id":"1455","geometry":{"type":"Point","coordinates":[40.06165000000004,40.93046000000004]},"properties":{"OBJECTID":1455,"IstNo":42022658,"SuAdi":"KAĞUTUR REG. CANSUYU","IstAdi":"ARAKLI-1 HES","BolgeNo":22,"ILKODU":61,"ILCEKODU":1141,"HAVZA_ID":22,"entityId":"1455","entityType":"hesStations","id":"1455","name":"ARAKLI-1 HES","stationId":42022658,"basinId":22,"status":"no_data","color":"#94a3b8","radius":7}},{"type":"Feature","id":"1456","geometry":{"type":"Point","coordinates":[40.37611000000004,40.891940000000034]},"properties":{"OBJECTID":1456,"IstNo":42022660,"SuAdi":"ÜÇHARMANLAR REG. CANSUYU","IstAdi":"ÜÇHARMANLAR HES","BolgeNo":22,"ILKODU":61,"ILCEKODU":1942,"HAVZA_ID":22,"entityId":"1456","entityType":"hesStations","id":"1456","name":"ÜÇHARMANLAR HES","stationId":42022660,"basinId":22,"status":"no_data","color":"#94a3b8","radius":7}},{"type":"Feature","id":"1457","geometry":{"type":"Point","coordinates":[40.36972000000003,40.88667000000004]},"properties":{"OBJECTID":1457,"IstNo":42022662,"SuAdi":"KEMERÇAYIR REG. CANSUYU","IstAdi":"KEMERÇAYIR HES","BolgeNo":22,"ILKODU":61,"ILCEKODU":1942,"HAVZA_ID":22,"entityId":"1457","entityType":"hesStations","id":"1457","name":"KEMERÇAYIR HES","stationId":42022662,"basinId":22,"status":"no_data","color":"#94a3b8","radius":7}},{"type":"Feature","id":"1458","geometry":{"type":"Point","coordinates":[40.04222000000004,40.89305000000007]},"properties":{"OBJECTID":1458,"IstNo":42022663,"SuAdi":"BÜYÜKDERE REG. CANSUYU","IstAdi":"ARAKLI-4 REG. VE HES","BolgeNo":22,"ILKODU":61,"ILCEKODU":1141,"HAVZA_ID":22,"entityId":"1458","entityType":"hesStations","id":"1458","name":"ARAKLI-4 REG. VE HES","stationId":42022663,"basinId":22,"status":"no_data","color":"#94a3b8","radius":7}},{"type":"Feature","id":"1459","geometry":{"type":"Point","coordinates":[40.018890000000056,40.909440000000075]},"properties":{"OBJECTID":1459,"IstNo":42022664,"SuAdi":"KÜÇÜKDERE REG. CANSUYU","IstAdi":"ARAKLI-4 HES","BolgeNo":22,"ILKODU":61,"ILCEKODU":1141,"HAVZA_ID":22,"entityId":"1459","entityType":"hesStations","id":"1459","name":"ARAKLI-4 HES","stationId":42022664,"basinId":22,"status":"no_data","color":"#94a3b8","radius":7}},{"type":"Feature","id":"1460","geometry":{"type":"Point","coordinates":[40.11778000000004,40.80972000000003]},"properties":{"OBJECTID":1460,"IstNo":42022665,"SuAdi":"AÇMA REG. CANSUYU","IstAdi":"AÇMA HES","BolgeNo":22,"ILKODU":61,"ILCEKODU":1966,"HAVZA_ID":22,"entityId":"1460","entityType":"hesStations","id":"1460","name":"AÇMA HES","stationId":42022665,"basinId":22,"status":"no_data","color":"#94a3b8","radius":7}},{"type":"Feature","id":"1461","geometry":{"type":"Point","coordinates":[40.25917000000004,40.754170000000045]},"properties":{"OBJECTID":1461,"IstNo":42022667,"SuAdi":"REG. CANSUYU","IstAdi":"ÇAYKARA HES","BolgeNo":22,"ILKODU":61,"ILCEKODU":1244,"HAVZA_ID":22,"entityId":"1461","entityType":"hesStations","id":"1461","name":"ÇAYKARA HES","stationId":42022667,"basinId":22,"status":"no_data","color":"#94a3b8","radius":7}},{"type":"Feature","id":"1462","geometry":{"type":"Point","coordinates":[40.26472000000007,40.80361000000005]},"properties":{"OBJECTID":1462,"IstNo":42022668,"SuAdi":"GÜNEŞLİ-2 REG. CANSUYU","IstAdi":"GÜNEŞLİ-2 HES CANSUYU","BolgeNo":22,"ILKODU":61,"ILCEKODU":1909,"HAVZA_ID":22,"entityId":"1462","entityType":"hesStations","id":"1462","name":"GÜNEŞLİ-2 HES CANSUYU","stationId":42022668,"basinId":22,"status":"no_data","color":"#94a3b8","radius":7}},{"type":"Feature","id":"1463","geometry":{"type":"Point","coordinates":[40.050560000000075,40.893890000000056]},"properties":{"OBJECTID":1463,"IstNo":42022670,"SuAdi":"ARAKLI-3 REG. CANSUYU","IstAdi":"ARAKLI-3 HES","BolgeNo":22,"ILKODU":61,"ILCEKODU":1141,"HAVZA_ID":22,"entityId":"1463","entityType":"hesStations","id":"1463","name":"ARAKLI-3 HES","stationId":42022670,"basinId":22,"status":"no_data","color":"#94a3b8","radius":7}},{"type":"Feature","id":"1464","geometry":{"type":"Point","coordinates":[39.99556000000007,40.94556000000006]},"properties":{"OBJECTID":1464,"IstNo":42022672,"SuAdi":"YANBOLU REG. CANSUYU","IstAdi":"YANBOLU HES","BolgeNo":22,"ILKODU":61,"ILCEKODU":1141,"HAVZA_ID":22,"entityId":"1464","entityType":"hesStations","id":"1464","name":"YANBOLU HES","stationId":42022672,"basinId":22,"status":"no_data","color":"#94a3b8","radius":7}},{"type":"Feature","id":"1465","geometry":{"type":"Point","coordinates":[40.12333000000007,40.81389000000007]},"properties":{"OBJECTID":1465,"IstNo":42022673,"SuAdi":"MANAHOZ REG. CANSUYU","IstAdi":"MANAHOZ HES","BolgeNo":22,"ILKODU":61,"ILCEKODU":1966,"HAVZA_ID":22,"entityId":"1465","entityType":"hesStations","id":"1465","name":"MANAHOZ HES","stationId":42022673,"basinId":22,"status":"no_data","color":"#94a3b8","radius":7}},{"type":"Feature","id":"1466","geometry":{"type":"Point","coordinates":[40.22639000000004,40.754170000000045]},"properties":{"OBJECTID":1466,"IstNo":42022675,"SuAdi":"ATAKÖY REG. CANSUYU","IstAdi":"ATAKÖY HES","BolgeNo":22,"ILKODU":61,"ILCEKODU":1244,"HAVZA_ID":22,"entityId":"1466","entityType":"hesStations","id":"1466","name":"ATAKÖY HES","stationId":42022675,"basinId":22,"status":"no_data","color":"#94a3b8","radius":7}},{"type":"Feature","id":"1467","geometry":{"type":"Point","coordinates":[40.127500000000055,40.81389000000007]},"properties":{"OBJECTID":1467,"IstNo":42022676,"SuAdi":"KÖPRÜBAŞI REG. CANSUYU","IstAdi":"KÖPRÜBAŞI HES","BolgeNo":22,"ILKODU":61,"ILCEKODU":1966,"HAVZA_ID":22,"entityId":"1467","entityType":"hesStations","id":"1467","name":"KÖPRÜBAŞI HES","stationId":42022676,"basinId":22,"status":"no_data","color":"#94a3b8","radius":7}},{"type":"Feature","id":"1468","geometry":{"type":"Point","coordinates":[39.42972000000003,40.87639000000007]},"properties":{"OBJECTID":1468,"IstNo":42022677,"SuAdi":"IŞIKLAR REG.CANSUYU","IstAdi":"IŞIKLAR (VİSERA) HES","BolgeNo":22,"ILKODU":61,"ILCEKODU":1917,"HAVZA_ID":22,"entityId":"1468","entityType":"hesStations","id":"1468","name":"IŞIKLAR (VİSERA) HES","stationId":42022677,"basinId":22,"status":"no_data","color":"#94a3b8","radius":7}},{"type":"Feature","id":"1469","geometry":{"type":"Point","coordinates":[39.60297000000003,40.81935000000004]},"properties":{"OBJECTID":1469,"IstNo":42022678,"SuAdi":"DEĞİRMENDERE ","IstAdi":"KARAKAYA HES (KARAHAVA REG.) CANSUYU ","BolgeNo":22,"ILKODU":61,"ILCEKODU":1507,"HAVZA_ID":22,"entityId":"1469","entityType":"hesStations","id":"1469","name":"KARAKAYA HES (KARAHAVA REG.) CANSUYU ","stationId":42022678,"basinId":22,"status":"no_data","color":"#94a3b8","radius":7}},{"type":"Feature","id":"1470","geometry":{"type":"Point","coordinates":[39.608460000000036,40.826970000000074]},"properties":{"OBJECTID":1470,"IstNo":42022679,"SuAdi":"DEĞİRMENDERE","IstAdi":"KARAKAYA HES (BEKÇİLER REG.) CANSUYU","BolgeNo":22,"ILKODU":61,"ILCEKODU":1507,"HAVZA_ID":22,"entityId":"1470","entityType":"hesStations","id":"1470","name":"KARAKAYA HES (BEKÇİLER REG.) CANSUYU","stationId":42022679,"basinId":22,"status":"no_data","color":"#94a3b8","radius":7}},{"type":"Feature","id":"1471","geometry":{"type":"Point","coordinates":[39.58923000000004,40.823510000000056]},"properties":{"OBJECTID":1471,"IstNo":42022680,"SuAdi":"DEĞİRMENDERE","IstAdi":"KARAKAYA HES (HARANOY) CANSUYU ","BolgeNo":22,"ILKODU":61,"ILCEKODU":1507,"HAVZA_ID":22,"entityId":"1471","entityType":"hesStations","id":"1471","name":"KARAKAYA HES (HARANOY) CANSUYU ","stationId":42022680,"basinId":22,"status":"no_data","color":"#94a3b8","radius":7}},{"type":"Feature","id":"1472","geometry":{"type":"Point","coordinates":[40.249720000000025,40.75333000000006]},"properties":{"OBJECTID":1472,"IstNo":42022681,"SuAdi":"BALKODU-2 REG. CANSUYU","IstAdi":"BALKODU-2 HES","BolgeNo":22,"ILKODU":61,"ILCEKODU":1244,"HAVZA_ID":22,"entityId":"1472","entityType":"hesStations","id":"1472","name":"BALKODU-2 HES","stationId":42022681,"basinId":22,"status":"no_data","color":"#94a3b8","radius":7}},{"type":"Feature","id":"1473","geometry":{"type":"Point","coordinates":[39.598250000000064,40.822730000000035]},"properties":{"OBJECTID":1473,"IstNo":42022683,"SuAdi":"ACISU DERESİ","IstAdi":"DEREİÇI HES CANSUYU","BolgeNo":22,"ILKODU":61,"ILCEKODU":1507,"HAVZA_ID":22,"entityId":"1473","entityType":"hesStations","id":"1473","name":"DEREİÇI HES CANSUYU","stationId":42022683,"basinId":22,"status":"no_data","color":"#94a3b8","radius":7}},{"type":"Feature","id":"1474","geometry":{"type":"Point","coordinates":[39.864720000000034,40.87250000000006]},"properties":{"OBJECTID":1474,"IstNo":42022684,"SuAdi":"SEYDİOĞLU REG. CANSUYU","IstAdi":"SEYDİOĞLU HES ","BolgeNo":22,"ILKODU":61,"ILCEKODU":1732,"HAVZA_ID":22,"entityId":"1474","entityType":"hesStations","id":"1474","name":"SEYDİOĞLU HES ","stationId":42022684,"basinId":22,"status":"no_data","color":"#94a3b8","radius":7}},{"type":"Feature","id":"1475","geometry":{"type":"Point","coordinates":[40.24917000000005,40.551390000000026]},"properties":{"OBJECTID":1475,"IstNo":42022686,"SuAdi":"REG.-1 BÜYÜKDERE CANSUYU","IstAdi":"DEREBAŞI HES","BolgeNo":22,"ILKODU":61,"ILCEKODU":1244,"HAVZA_ID":22,"entityId":"1475","entityType":"hesStations","id":"1475","name":"DEREBAŞI HES","stationId":42022686,"basinId":22,"status":"no_data","color":"#94a3b8","radius":7}},{"type":"Feature","id":"1476","geometry":{"type":"Point","coordinates":[40.240000000000066,40.55583000000007]},"properties":{"OBJECTID":1476,"IstNo":42022687,"SuAdi":"REG-2 DUMLUDERE CANSUYU","IstAdi":"DEREBAŞI HES","BolgeNo":22,"ILKODU":61,"ILCEKODU":1244,"HAVZA_ID":22,"entityId":"1476","entityType":"hesStations","id":"1476","name":"DEREBAŞI HES","stationId":42022687,"basinId":22,"status":"no_data","color":"#94a3b8","radius":7}},{"type":"Feature","id":"1477","geometry":{"type":"Point","coordinates":[40.01972000000006,40.862220000000036]},"properties":{"OBJECTID":1477,"IstNo":42022691,"SuAdi":"CANSUYU AGİ","IstAdi":"LALE HES","BolgeNo":22,"ILKODU":61,"ILCEKODU":1141,"HAVZA_ID":22,"entityId":"1477","entityType":"hesStations","id":"1477","name":"LALE HES","stationId":42022691,"basinId":22,"status":"no_data","color":"#94a3b8","radius":7}},{"type":"Feature","id":"1483","geometry":{"type":"Point","coordinates":[38.63889000000006,40.86139000000003]},"properties":{"OBJECTID":1483,"IstNo":42022800,"SuAdi":"YAĞLIDERE","IstAdi":"AKKÖY ESPİYE HES CANSUYU","BolgeNo":22,"ILKODU":28,"ILCEKODU":1854,"HAVZA_ID":22,"entityId":"1483","entityType":"hesStations","id":"1483","name":"AKKÖY ESPİYE HES CANSUYU","stationId":42022800,"basinId":22,"status":"no_data","color":"#94a3b8","radius":7}},{"type":"Feature","id":"1485","geometry":{"type":"Point","coordinates":[38.65265000000005,40.93288000000007]},"properties":{"OBJECTID":1485,"IstNo":42022803,"SuAdi":"KARADOĞA DERESİ","IstAdi":"SOĞUKPINAR CANSUYU","BolgeNo":22,"ILKODU":28,"ILCEKODU":1320,"HAVZA_ID":22,"entityId":"1485","entityType":"hesStations","id":"1485","name":"SOĞUKPINAR CANSUYU","stationId":42022803,"basinId":22,"status":"no_data","color":"#94a3b8","radius":7}},{"type":"Feature","id":"1486","geometry":{"type":"Point","coordinates":[38.63055000000003,40.86833000000007]},"properties":{"OBJECTID":1486,"IstNo":42022804,"SuAdi":"YAĞLIDERE","IstAdi":"KAYA KÖPRÜ 1 CANSUYU","BolgeNo":22,"ILKODU":28,"ILCEKODU":1854,"HAVZA_ID":22,"entityId":"1486","entityType":"hesStations","id":"1486","name":"KAYA KÖPRÜ 1 CANSUYU","stationId":42022804,"basinId":22,"status":"no_data","color":"#94a3b8","radius":7}},{"type":"Feature","id":"1487","geometry":{"type":"Point","coordinates":[38.63889000000006,40.87667000000005]},"properties":{"OBJECTID":1487,"IstNo":42022805,"SuAdi":"YAĞLIDERE","IstAdi":"KAYA KÖPRÜ 2 CANSUYU","BolgeNo":22,"ILKODU":28,"ILCEKODU":1320,"HAVZA_ID":22,"entityId":"1487","entityType":"hesStations","id":"1487","name":"KAYA KÖPRÜ 2 CANSUYU","stationId":42022805,"basinId":22,"status":"no_data","color":"#94a3b8","radius":7}},{"type":"Feature","id":"1488","geometry":{"type":"Point","coordinates":[38.63617000000005,40.870600000000024]},"properties":{"OBJECTID":1488,"IstNo":42022810,"SuAdi":"YAĞLIDERE","IstAdi":"KIRAN HES CANSUYU","BolgeNo":22,"ILKODU":28,"ILCEKODU":1854,"HAVZA_ID":22,"entityId":"1488","entityType":"hesStations","id":"1488","name":"KIRAN HES CANSUYU","stationId":42022810,"basinId":22,"status":"no_data","color":"#94a3b8","radius":7}},{"type":"Feature","id":"1490","geometry":{"type":"Point","coordinates":[38.457640000000026,40.73655000000008]},"properties":{"OBJECTID":1490,"IstNo":42022813,"SuAdi":"AKSU","IstAdi":"ANGUTLU 1 CANSUYU","BolgeNo":22,"ILKODU":28,"ILCEKODU":1272,"HAVZA_ID":22,"entityId":"1490","entityType":"hesStations","id":"1490","name":"ANGUTLU 1 CANSUYU","stationId":42022813,"basinId":22,"status":"no_data","color":"#94a3b8","radius":7}},{"type":"Feature","id":"1492","geometry":{"type":"Point","coordinates":[38.454900000000066,40.74696000000006]},"properties":{"OBJECTID":1492,"IstNo":42022815,"SuAdi":"AKSU ","IstAdi":"ANGUTLU 2 CANSUYU","BolgeNo":22,"ILKODU":28,"ILCEKODU":1272,"HAVZA_ID":22,"entityId":"1492","entityType":"hesStations","id":"1492","name":"ANGUTLU 2 CANSUYU","stationId":42022815,"basinId":22,"status":"no_data","color":"#94a3b8","radius":7}},{"type":"Feature","id":"1495","geometry":{"type":"Point","coordinates":[39.08111000000008,40.70889000000005]},"properties":{"OBJECTID":1495,"IstNo":42022819,"SuAdi":"HARŞİT ÇAYI","IstAdi":"AKKÖY I CANSUYU","BolgeNo":22,"ILKODU":29,"ILCEKODU":1971,"HAVZA_ID":22,"entityId":"1495","entityType":"hesStations","id":"1495","name":"AKKÖY I CANSUYU","stationId":42022819,"basinId":22,"status":"no_data","color":"#94a3b8","radius":7}},{"type":"Feature","id":"1496","geometry":{"type":"Point","coordinates":[38.80165000000005,40.89604000000003]},"properties":{"OBJECTID":1496,"IstNo":42022820,"SuAdi":"KAROVACIK DERESİ","IstAdi":"ALADEREÇAM CANSUYU","BolgeNo":22,"ILKODU":28,"ILCEKODU":1930,"HAVZA_ID":22,"entityId":"1496","entityType":"hesStations","id":"1496","name":"ALADEREÇAM CANSUYU","stationId":42022820,"basinId":22,"status":"no_data","color":"#94a3b8","radius":7}},{"type":"Feature","id":"1498","geometry":{"type":"Point","coordinates":[38.45750000000004,40.74583000000007]},"properties":{"OBJECTID":1498,"IstNo":42022830,"SuAdi":"YÜCE DERESİ","IstAdi":"YÜCE I CANSUYU","BolgeNo":22,"ILKODU":28,"ILCEKODU":1272,"HAVZA_ID":22,"entityId":"1498","entityType":"hesStations","id":"1498","name":"YÜCE I CANSUYU","stationId":42022830,"basinId":22,"status":"no_data","color":"#94a3b8","radius":7}},{"type":"Feature","id":"1499","geometry":{"type":"Point","coordinates":[38.471370000000036,40.75697000000008]},"properties":{"OBJECTID":1499,"IstNo":42022832,"SuAdi":"HORTEN DERESİ","IstAdi":"YÜCE II CANSUYU","BolgeNo":22,"ILKODU":28,"ILCEKODU":1272,"HAVZA_ID":22,"entityId":"1499","entityType":"hesStations","id":"1499","name":"YÜCE II CANSUYU","stationId":42022832,"basinId":22,"status":"no_data","color":"#94a3b8","radius":7}},{"type":"Feature","id":"1500","geometry":{"type":"Point","coordinates":[38.91611000000006,40.56194000000005]},"properties":{"OBJECTID":1500,"IstNo":42022833,"SuAdi":"AKSU DERESİ","IstAdi":"DORUK HES AKSU CANSUYU","BolgeNo":22,"ILKODU":28,"ILCEKODU":1971,"HAVZA_ID":22,"entityId":"1500","entityType":"hesStations","id":"1500","name":"DORUK HES AKSU CANSUYU","stationId":42022833,"basinId":22,"status":"no_data","color":"#94a3b8","radius":7}},{"type":"Feature","id":"1501","geometry":{"type":"Point","coordinates":[38.273330000000044,40.550560000000075]},"properties":{"OBJECTID":1501,"IstNo":42022836,"SuAdi":"KAYABAŞI DERESİ","IstAdi":"DORUK HES KAYABAŞI CANSUYU","BolgeNo":22,"ILKODU":28,"ILCEKODU":1272,"HAVZA_ID":22,"entityId":"1501","entityType":"hesStations","id":"1501","name":"DORUK HES KAYABAŞI CANSUYU","stationId":42022836,"basinId":22,"status":"no_data","color":"#94a3b8","radius":7}},{"type":"Feature","id":"1502","geometry":{"type":"Point","coordinates":[38.273330000000044,40.550560000000075]},"properties":{"OBJECTID":1502,"IstNo":42022837,"SuAdi":"DELİ DERESİ","IstAdi":"DORUK HES BAYBAYHAN CAN SUYU","BolgeNo":22,"ILKODU":28,"ILCEKODU":1272,"HAVZA_ID":22,"entityId":"1502","entityType":"hesStations","id":"1502","name":"DORUK HES BAYBAYHAN CAN SUYU","stationId":42022837,"basinId":22,"status":"no_data","color":"#94a3b8","radius":7}},{"type":"Feature","id":"1503","geometry":{"type":"Point","coordinates":[38.845830000000035,40.91139000000004]},"properties":{"OBJECTID":1503,"IstNo":42022839,"SuAdi":"HARŞİT ÇAYI","IstAdi":"ASLANCIK CANSUYU","BolgeNo":22,"ILKODU":28,"ILCEKODU":1678,"HAVZA_ID":22,"entityId":"1503","entityType":"hesStations","id":"1503","name":"ASLANCIK CANSUYU","stationId":42022839,"basinId":22,"status":"no_data","color":"#94a3b8","radius":7}},{"type":"Feature","id":"1504","geometry":{"type":"Point","coordinates":[38.177220000000034,40.914720000000045]},"properties":{"OBJECTID":1504,"IstNo":42022843,"SuAdi":"PAZARSUYU","IstAdi":"ÇİĞDEM HES CANSUYU","BolgeNo":22,"ILKODU":28,"ILCEKODU":1212,"HAVZA_ID":22,"entityId":"1504","entityType":"hesStations","id":"1504","name":"ÇİĞDEM HES CANSUYU","stationId":42022843,"basinId":22,"status":"no_data","color":"#94a3b8","radius":7}},{"type":"Feature","id":"1505","geometry":{"type":"Point","coordinates":[38.16650000000004,40.91905000000003]},"properties":{"OBJECTID":1505,"IstNo":42022845,"SuAdi":"PAZARSUYU","IstAdi":"TOKMADİN CANSUYU","BolgeNo":22,"ILKODU":28,"ILCEKODU":1212,"HAVZA_ID":22,"entityId":"1505","entityType":"hesStations","id":"1505","name":"TOKMADİN CANSUYU","stationId":42022845,"basinId":22,"status":"no_data","color":"#94a3b8","radius":7}},{"type":"Feature","id":"1506","geometry":{"type":"Point","coordinates":[38.078610000000026,40.83182000000005]},"properties":{"OBJECTID":1506,"IstNo":42022846,"SuAdi":"TURNA SUYU","IstAdi":"ÜÇGEN II CANSUYU","BolgeNo":22,"ILKODU":28,"ILCEKODU":1837,"HAVZA_ID":22,"entityId":"1506","entityType":"hesStations","id":"1506","name":"ÜÇGEN II CANSUYU","stationId":42022846,"basinId":22,"status":"no_data","color":"#94a3b8","radius":7}},{"type":"Feature","id":"1509","geometry":{"type":"Point","coordinates":[38.64278000000007,40.84639000000004]},"properties":{"OBJECTID":1509,"IstNo":42022850,"SuAdi":"YAĞLIDERE","IstAdi":"KOÇLUHES CANSUYU","BolgeNo":22,"ILKODU":28,"ILCEKODU":1854,"HAVZA_ID":22,"entityId":"1509","entityType":"hesStations","id":"1509","name":"KOÇLUHES CANSUYU","stationId":42022850,"basinId":22,"status":"no_data","color":"#94a3b8","radius":7}},{"type":"Feature","id":"1510","geometry":{"type":"Point","coordinates":[38.22693000000004,40.92735000000005]},"properties":{"OBJECTID":1510,"IstNo":42022851,"SuAdi":"PAZARSUYU","IstAdi":"MEREK CANSUYU","BolgeNo":22,"ILKODU":28,"ILCEKODU":1212,"HAVZA_ID":22,"entityId":"1510","entityType":"hesStations","id":"1510","name":"MEREK CANSUYU","stationId":42022851,"basinId":22,"status":"no_data","color":"#94a3b8","radius":7}},{"type":"Feature","id":"1511","geometry":{"type":"Point","coordinates":[38.21045000000004,40.91074000000003]},"properties":{"OBJECTID":1511,"IstNo":42022854,"SuAdi":"BOZAT SUYU","IstAdi":"ZEKERE CAN SUYU","BolgeNo":22,"ILKODU":28,"ILCEKODU":1212,"HAVZA_ID":22,"entityId":"1511","entityType":"hesStations","id":"1511","name":"ZEKERE CAN SUYU","stationId":42022854,"basinId":22,"status":"no_data","color":"#94a3b8","radius":7}},{"type":"Feature","id":"1512","geometry":{"type":"Point","coordinates":[38.81744000000003,40.89829000000003]},"properties":{"OBJECTID":1512,"IstNo":42022857,"SuAdi":"KARADOĞA D.","IstAdi":"ÇİLEKLI TEPE CANSUYU","BolgeNo":22,"ILKODU":28,"ILCEKODU":1930,"HAVZA_ID":22,"entityId":"1512","entityType":"hesStations","id":"1512","name":"ÇİLEKLI TEPE CANSUYU","stationId":42022857,"basinId":22,"status":"no_data","color":"#94a3b8","radius":7}},{"type":"Feature","id":"1513","geometry":{"type":"Point","coordinates":[38.21045000000004,40.923200000000065]},"properties":{"OBJECTID":1513,"IstNo":42022858,"SuAdi":"AKSU DERESİ","IstAdi":"PAŞALI HES CANSUYU","BolgeNo":22,"ILKODU":28,"ILCEKODU":1212,"HAVZA_ID":22,"entityId":"1513","entityType":"hesStations","id":"1513","name":"PAŞALI HES CANSUYU","stationId":42022858,"basinId":22,"status":"no_data","color":"#94a3b8","radius":7}},{"type":"Feature","id":"1514","geometry":{"type":"Point","coordinates":[38.23778000000004,40.92333000000008]},"properties":{"OBJECTID":1514,"IstNo":42022860,"SuAdi":"TOKMADİN DERSİ ","IstAdi":"ARPACIK HES CANSUYU","BolgeNo":22,"ILKODU":28,"ILCEKODU":1212,"HAVZA_ID":22,"entityId":"1514","entityType":"hesStations","id":"1514","name":"ARPACIK HES CANSUYU","stationId":42022860,"basinId":22,"status":"no_data","color":"#94a3b8","radius":7}},{"type":"Feature","id":"1515","geometry":{"type":"Point","coordinates":[38.457640000000026,40.74607000000003]},"properties":{"OBJECTID":1515,"IstNo":42022862,"SuAdi":"KÜMBET DERESİ","IstAdi":"SERHAT HES ","BolgeNo":22,"ILKODU":28,"ILCEKODU":1272,"HAVZA_ID":22,"entityId":"1515","entityType":"hesStations","id":"1515","name":"SERHAT HES ","stationId":42022862,"basinId":22,"status":"no_data","color":"#94a3b8","radius":7}},{"type":"Feature","id":"1516","geometry":{"type":"Point","coordinates":[38.51807000000008,40.90417000000008]},"properties":{"OBJECTID":1516,"IstNo":42022865,"SuAdi":"KEŞAP DERESİ","IstAdi":"VANAZİT HES CANSUYU","BolgeNo":22,"ILKODU":28,"ILCEKODU":1465,"HAVZA_ID":22,"entityId":"1516","entityType":"hesStations","id":"1516","name":"VANAZİT HES CANSUYU","stationId":42022865,"basinId":22,"status":"no_data","color":"#94a3b8","radius":7}},{"type":"Feature","id":"1517","geometry":{"type":"Point","coordinates":[38.710330000000056,40.94879000000003]},"properties":{"OBJECTID":1517,"IstNo":42022868,"SuAdi":"ÖZLÜCE DERESİ","IstAdi":"CAY REG. (ÖZLÜCE D.) CANSUYU","BolgeNo":22,"ILKODU":28,"ILCEKODU":1320,"HAVZA_ID":22,"entityId":"1517","entityType":"hesStations","id":"1517","name":"CAY REG. (ÖZLÜCE D.) CANSUYU","stationId":42022868,"basinId":22,"status":"no_data","color":"#94a3b8","radius":7}},{"type":"Feature","id":"1518","geometry":{"type":"Point","coordinates":[38.65265000000005,40.94671000000005]},"properties":{"OBJECTID":1518,"IstNo":42022869,"SuAdi":"KARADONA DERESİ","IstAdi":"ÇAY HES REG(KARADONA D.) CANSUYU","BolgeNo":22,"ILKODU":28,"ILCEKODU":1320,"HAVZA_ID":22,"entityId":"1518","entityType":"hesStations","id":"1518","name":"ÇAY HES REG(KARADONA D.) CANSUYU","stationId":42022869,"basinId":22,"status":"no_data","color":"#94a3b8","radius":7}},{"type":"Feature","id":"1519","geometry":{"type":"Point","coordinates":[38.700000000000045,40.82472000000007]},"properties":{"OBJECTID":1519,"IstNo":42022870,"SuAdi":"AKSU ÇAYI","IstAdi":"YUMRUTEPE HES CANSUYU","BolgeNo":22,"ILKODU":28,"ILCEKODU":1320,"HAVZA_ID":22,"entityId":"1519","entityType":"hesStations","id":"1519","name":"YUMRUTEPE HES CANSUYU","stationId":42022870,"basinId":22,"status":"no_data","color":"#94a3b8","radius":7}},{"type":"Feature","id":"1520","geometry":{"type":"Point","coordinates":[39.98750000000007,40.33639000000005]},"properties":{"OBJECTID":1520,"IstNo":42022872,"SuAdi":"ÇATALÇAM DERESİ","IstAdi":"ÇALIKOBASI I CANSUYU","BolgeNo":22,"ILKODU":28,"ILCEKODU":1176,"HAVZA_ID":23,"entityId":"1520","entityType":"hesStations","id":"1520","name":"ÇALIKOBASI I CANSUYU","stationId":42022872,"basinId":23,"status":"no_data","color":"#94a3b8","radius":7}},{"type":"Feature","id":"1521","geometry":{"type":"Point","coordinates":[39.98944000000006,40.78639000000004]},"properties":{"OBJECTID":1521,"IstNo":42022873,"SuAdi":"ÇALIKOBASI DERESİ","IstAdi":"ÇALIKOBASI ÇEVİRME REG. CANSUYU","BolgeNo":22,"ILKODU":28,"ILCEKODU":1141,"HAVZA_ID":22,"entityId":"1521","entityType":"hesStations","id":"1521","name":"ÇALIKOBASI ÇEVİRME REG. CANSUYU","stationId":42022873,"basinId":22,"status":"no_data","color":"#94a3b8","radius":7}},{"type":"Feature","id":"1526","geometry":{"type":"Point","coordinates":[39.078370000000064,40.70702000000006]},"properties":{"OBJECTID":1526,"IstNo":42022901,"SuAdi":"SÜME DERESİ","IstAdi":"FINDIK HES CANSUYU","BolgeNo":22,"ILKODU":29,"ILCEKODU":1971,"HAVZA_ID":22,"entityId":"1526","entityType":"hesStations","id":"1526","name":"FINDIK HES CANSUYU","stationId":42022901,"basinId":22,"status":"no_data","color":"#94a3b8","radius":7}},{"type":"Feature","id":"1527","geometry":{"type":"Point","coordinates":[39.473880000000065,40.48595000000006]},"properties":{"OBJECTID":1527,"IstNo":42022905,"SuAdi":"YANBOLU DERESİ","IstAdi":"DEĞİRMEN HES CANSUYU","BolgeNo":22,"ILKODU":29,"ILCEKODU":1369,"HAVZA_ID":22,"entityId":"1527","entityType":"hesStations","id":"1527","name":"DEĞİRMEN HES CANSUYU","stationId":42022905,"basinId":22,"status":"no_data","color":"#94a3b8","radius":7}},{"type":"Feature","id":"1529","geometry":{"type":"Point","coordinates":[39.085000000000036,40.708060000000046]},"properties":{"OBJECTID":1529,"IstNo":42022907,"SuAdi":"ÇİT DERESI","IstAdi":"MOR-2 HES CANSUYU","BolgeNo":22,"ILKODU":29,"ILCEKODU":1971,"HAVZA_ID":22,"entityId":"1529","entityType":"hesStations","id":"1529","name":"MOR-2 HES CANSUYU","stationId":42022907,"basinId":22,"status":"no_data","color":"#94a3b8","radius":7}},{"type":"Feature","id":"1530","geometry":{"type":"Point","coordinates":[39.086610000000064,40.70712000000003]},"properties":{"OBJECTID":1530,"IstNo":42022909,"SuAdi":"KOPUZ DERESİ","IstAdi":"GÜZELOLUK CANSUYU","BolgeNo":22,"ILKODU":29,"ILCEKODU":1971,"HAVZA_ID":22,"entityId":"1530","entityType":"hesStations","id":"1530","name":"GÜZELOLUK CANSUYU","stationId":42022909,"basinId":22,"status":"no_data","color":"#94a3b8","radius":7}},{"type":"Feature","id":"1532","geometry":{"type":"Point","coordinates":[39.00555000000003,40.92194000000006]},"properties":{"OBJECTID":1532,"IstNo":42022915,"SuAdi":"KAHRAMAN REG. CANSUYU","IstAdi":"KAHRAMAN HES","BolgeNo":22,"ILKODU":28,"ILCEKODU":1894,"HAVZA_ID":22,"entityId":"1532","entityType":"hesStations","id":"1532","name":"KAHRAMAN HES","stationId":42022915,"basinId":22,"status":"no_data","color":"#94a3b8","radius":7}},{"type":"Feature","id":"1533","geometry":{"type":"Point","coordinates":[39.01222000000007,40.926390000000026]},"properties":{"OBJECTID":1533,"IstNo":42022917,"SuAdi":"TELLİ-1 REG. CANSUYU","IstAdi":"TELLİ-1 HES","BolgeNo":22,"ILKODU":28,"ILCEKODU":1894,"HAVZA_ID":22,"entityId":"1533","entityType":"hesStations","id":"1533","name":"TELLİ-1 HES","stationId":42022917,"basinId":22,"status":"no_data","color":"#94a3b8","radius":7}},{"type":"Feature","id":"1534","geometry":{"type":"Point","coordinates":[39.004170000000045,40.923050000000046]},"properties":{"OBJECTID":1534,"IstNo":42022918,"SuAdi":"GECÜR REG. CANSUYU","IstAdi":"GECÜR HES","BolgeNo":22,"ILKODU":28,"ILCEKODU":1894,"HAVZA_ID":22,"entityId":"1534","entityType":"hesStations","id":"1534","name":"GECÜR HES","stationId":42022918,"basinId":22,"status":"no_data","color":"#94a3b8","radius":7}},{"type":"Feature","id":"1537","geometry":{"type":"Point","coordinates":[42.35229000000004,41.295690000000036]},"properties":{"OBJECTID":1537,"IstNo":42023001,"SuAdi":"PAPART DERE","IstAdi":"PAPART REG. VE HES","BolgeNo":26,"ILKODU":8,"ILCEKODU":1653,"HAVZA_ID":23,"entityId":"1537","entityType":"hesStations","id":"1537","name":"PAPART REG. VE HES","stationId":42023001,"basinId":23,"status":"no_data","color":"#94a3b8","radius":7}},{"type":"Feature","id":"1538","geometry":{"type":"Point","coordinates":[42.36328000000003,41.28744000000006]},"properties":{"OBJECTID":1538,"IstNo":42023002,"SuAdi":"PAPART DERE","IstAdi":"DİYOBAN REG.VE HES","BolgeNo":26,"ILKODU":8,"ILCEKODU":1653,"HAVZA_ID":23,"entityId":"1538","entityType":"hesStations","id":"1538","name":"DİYOBAN REG.VE HES","stationId":42023002,"basinId":23,"status":"no_data","color":"#94a3b8","radius":7}},{"type":"Feature","id":"1539","geometry":{"type":"Point","coordinates":[41.67664000000008,41.40291000000008]},"properties":{"OBJECTID":1539,"IstNo":42023003,"SuAdi":"DEVİSKEL DERE","IstAdi":"ERENLER REG. VE HES","BolgeNo":26,"ILKODU":8,"ILCEKODU":1202,"HAVZA_ID":23,"entityId":"1539","entityType":"hesStations","id":"1539","name":"ERENLER REG. VE HES","stationId":42023003,"basinId":23,"status":"no_data","color":"#94a3b8","radius":7}},{"type":"Feature","id":"1540","geometry":{"type":"Point","coordinates":[41.66565000000003,41.40291000000008]},"properties":{"OBJECTID":1540,"IstNo":42023004,"SuAdi":"ARALIK DERE","IstAdi":"ARALIK REG.VE HES","BolgeNo":26,"ILKODU":8,"ILCEKODU":1202,"HAVZA_ID":23,"entityId":"1540","entityType":"hesStations","id":"1540","name":"ARALIK REG.VE HES","stationId":42023004,"basinId":23,"status":"no_data","color":"#94a3b8","radius":7}},{"type":"Feature","id":"1541","geometry":{"type":"Point","coordinates":[41.66565000000003,41.40703000000008]},"properties":{"OBJECTID":1541,"IstNo":42023005,"SuAdi":"İÇKALE DERE","IstAdi":"ÇİFTEKÖPRÜ REG.VE HES","BolgeNo":26,"ILKODU":8,"ILCEKODU":1202,"HAVZA_ID":23,"entityId":"1541","entityType":"hesStations","id":"1541","name":"ÇİFTEKÖPRÜ REG.VE HES","stationId":42023005,"basinId":23,"status":"no_data","color":"#94a3b8","radius":7}},{"type":"Feature","id":"1542","geometry":{"type":"Point","coordinates":[41.68213000000003,41.40703000000008]},"properties":{"OBJECTID":1542,"IstNo":42023006,"SuAdi":"DEVİSKEL DERE","IstAdi":"ARPA REG.VE HES","BolgeNo":26,"ILKODU":8,"ILCEKODU":1202,"HAVZA_ID":23,"entityId":"1542","entityType":"hesStations","id":"1542","name":"ARPA REG.VE HES","stationId":42023006,"basinId":23,"status":"no_data","color":"#94a3b8","radius":7}},{"type":"Feature","id":"1543","geometry":{"type":"Point","coordinates":[41.56944000000004,41.28944000000007]},"properties":{"OBJECTID":1543,"IstNo":42023007,"SuAdi":"KABACA DERE","IstAdi":"CANSU REG.VE HES","BolgeNo":26,"ILKODU":8,"ILCEKODU":1828,"HAVZA_ID":23,"entityId":"1543","entityType":"hesStations","id":"1543","name":"CANSU REG.VE HES","stationId":42023007,"basinId":23,"status":"no_data","color":"#94a3b8","radius":7}},{"type":"Feature","id":"1544","geometry":{"type":"Point","coordinates":[41.56250000000006,41.284170000000074]},"properties":{"OBJECTID":1544,"IstNo":42023008,"SuAdi":"KUNSU DERE","IstAdi":"KUNSU REGÜLATÖRÜ (ÇAKIRLAR)","BolgeNo":26,"ILKODU":8,"ILCEKODU":1828,"HAVZA_ID":23,"entityId":"1544","entityType":"hesStations","id":"1544","name":"KUNSU REGÜLATÖRÜ (ÇAKIRLAR)","stationId":42023008,"basinId":23,"status":"no_data","color":"#94a3b8","radius":7}},{"type":"Feature","id":"1545","geometry":{"type":"Point","coordinates":[41.566770000000076,41.28228000000007]},"properties":{"OBJECTID":1545,"IstNo":42023009,"SuAdi":"EĞRİSU DERE","IstAdi":"EĞRİSU REGÜLATÖRÜ(ÇAKIRLAR)","BolgeNo":26,"ILKODU":8,"ILCEKODU":1828,"HAVZA_ID":23,"entityId":"1545","entityType":"hesStations","id":"1545","name":"EĞRİSU REGÜLATÖRÜ(ÇAKIRLAR)","stationId":42023009,"basinId":23,"status":"no_data","color":"#94a3b8","radius":7}},{"type":"Feature","id":"1546","geometry":{"type":"Point","coordinates":[41.57089000000008,41.286410000000046]},"properties":{"OBJECTID":1546,"IstNo":42023010,"SuAdi":"SULUDÜZ DERE","IstAdi":"ÇAKIRLAR REG VE HES","BolgeNo":26,"ILKODU":8,"ILCEKODU":1828,"HAVZA_ID":23,"entityId":"1546","entityType":"hesStations","id":"1546","name":"ÇAKIRLAR REG VE HES","stationId":42023010,"basinId":23,"status":"no_data","color":"#94a3b8","radius":7}},{"type":"Feature","id":"1547","geometry":{"type":"Point","coordinates":[41.575000000000045,41.28833000000003]},"properties":{"OBJECTID":1547,"IstNo":42023011,"SuAdi":"KÖPÜRTEN DERE","IstAdi":"KÖPÜRTEN REG. (ÇAKIRLAR)","BolgeNo":26,"ILKODU":8,"ILCEKODU":1828,"HAVZA_ID":23,"entityId":"1547","entityType":"hesStations","id":"1547","name":"KÖPÜRTEN REG. (ÇAKIRLAR)","stationId":42023011,"basinId":23,"status":"no_data","color":"#94a3b8","radius":7}},{"type":"Feature","id":"1548","geometry":{"type":"Point","coordinates":[41.57776000000007,41.295690000000036]},"properties":{"OBJECTID":1548,"IstNo":42023012,"SuAdi":"KABACA DERE","IstAdi":"KABACA 1 REG.VE HES","BolgeNo":26,"ILKODU":8,"ILCEKODU":1828,"HAVZA_ID":23,"entityId":"1548","entityType":"hesStations","id":"1548","name":"KABACA 1 REG.VE HES","stationId":42023012,"basinId":23,"status":"no_data","color":"#94a3b8","radius":7}},{"type":"Feature","id":"1549","geometry":{"type":"Point","coordinates":[41.566770000000076,41.28228000000007]},"properties":{"OBJECTID":1549,"IstNo":42023013,"SuAdi":"KABACA DERE","IstAdi":"ERENKÖY REG.VE HES","BolgeNo":26,"ILKODU":8,"ILCEKODU":1828,"HAVZA_ID":23,"entityId":"1549","entityType":"hesStations","id":"1549","name":"ERENKÖY REG.VE HES","stationId":42023013,"basinId":23,"status":"no_data","color":"#94a3b8","radius":7}},{"type":"Feature","id":"1550","geometry":{"type":"Point","coordinates":[41.56952000000007,41.28744000000006]},"properties":{"OBJECTID":1550,"IstNo":42023014,"SuAdi":"KABACA DERE","IstAdi":"MURGUL REG.VE HES","BolgeNo":26,"ILKODU":8,"ILCEKODU":1828,"HAVZA_ID":23,"entityId":"1550","entityType":"hesStations","id":"1550","name":"MURGUL REG.VE HES","stationId":42023014,"basinId":23,"status":"no_data","color":"#94a3b8","radius":7}},{"type":"Feature","id":"1551","geometry":{"type":"Point","coordinates":[41.57089000000008,41.28537000000006]},"properties":{"OBJECTID":1551,"IstNo":42023015,"SuAdi":"KABACA DERE","IstAdi":"YAYLA REG VE HES","BolgeNo":26,"ILKODU":8,"ILCEKODU":1828,"HAVZA_ID":23,"entityId":"1551","entityType":"hesStations","id":"1551","name":"YAYLA REG VE HES","stationId":42023015,"basinId":23,"status":"no_data","color":"#94a3b8","radius":7}},{"type":"Feature","id":"1552","geometry":{"type":"Point","coordinates":[41.56403000000006,41.27815000000004]},"properties":{"OBJECTID":1552,"IstNo":42023016,"SuAdi":"SATİP DERE","IstAdi":"KABACA REG VE HES CANSUYU","BolgeNo":26,"ILKODU":8,"ILCEKODU":1828,"HAVZA_ID":23,"entityId":"1552","entityType":"hesStations","id":"1552","name":"KABACA REG VE HES CANSUYU","stationId":42023016,"basinId":23,"status":"no_data","color":"#94a3b8","radius":7}},{"type":"Feature","id":"1553","geometry":{"type":"Point","coordinates":[41.95750000000004,41.63334000000003]},"properties":{"OBJECTID":1553,"IstNo":42023017,"SuAdi":"ARCİVAN DERESI","IstAdi":"ESENDAL REG.VE HES","BolgeNo":26,"ILKODU":8,"ILCEKODU":null,"HAVZA_ID":23,"entityId":"1553","entityType":"hesStations","id":"1553","name":"ESENDAL REG.VE HES","stationId":42023017,"basinId":23,"status":"no_data","color":"#94a3b8","radius":7}},{"type":"Feature","id":"1554","geometry":{"type":"Point","coordinates":[42.52000000000004,41.41056000000003]},"properties":{"OBJECTID":1554,"IstNo":42023018,"SuAdi":"ARPALI DERESİ","IstAdi":"SUSUZ REG.VE HES","BolgeNo":26,"ILKODU":8,"ILCEKODU":1653,"HAVZA_ID":23,"entityId":"1554","entityType":"hesStations","id":"1554","name":"SUSUZ REG.VE HES","stationId":42023018,"basinId":23,"status":"no_data","color":"#94a3b8","radius":7}},{"type":"Feature","id":"1555","geometry":{"type":"Point","coordinates":[41.70135000000005,41.36856000000006]},"properties":{"OBJECTID":1555,"IstNo":42023019,"SuAdi":"COSEDİNARA DERESI","IstAdi":"HIZIR REG.VE HES","BolgeNo":26,"ILKODU":8,"ILCEKODU":1202,"HAVZA_ID":23,"entityId":"1555","entityType":"hesStations","id":"1555","name":"HIZIR REG.VE HES","stationId":42023019,"basinId":23,"status":"no_data","color":"#94a3b8","radius":7}},{"type":"Feature","id":"1556","geometry":{"type":"Point","coordinates":[27.833330000000046,37.833330000000046]},"properties":{"OBJECTID":1556,"IstNo":42023020,"SuAdi":"MEYDANCIK D.","IstAdi":"ERİK REG HES CANSUYU","BolgeNo":26,"ILKODU":8,"ILCEKODU":2076,"HAVZA_ID":7,"entityId":"1556","entityType":"hesStations","id":"1556","name":"ERİK REG HES CANSUYU","stationId":42023020,"basinId":7,"status":"no_data","color":"#94a3b8","radius":7}},{"type":"Feature","id":"1557","geometry":{"type":"Point","coordinates":[41.67417000000006,41.42333000000008]},"properties":{"OBJECTID":1557,"IstNo":42023021,"SuAdi":"DARICA DERESİ","IstAdi":"KOCAMAN REG. VE HES","BolgeNo":26,"ILKODU":8,"ILCEKODU":1202,"HAVZA_ID":23,"entityId":"1557","entityType":"hesStations","id":"1557","name":"KOCAMAN REG. VE HES","stationId":42023021,"basinId":23,"status":"no_data","color":"#94a3b8","radius":7}},{"type":"Feature","id":"1558","geometry":{"type":"Point","coordinates":[27.833330000000046,37.833330000000046]},"properties":{"OBJECTID":1558,"IstNo":42023022,"SuAdi":"ŞAVŞAT ÇAYI","IstAdi":"ŞAVŞAT REG. VE HES","BolgeNo":26,"ILKODU":8,"ILCEKODU":2076,"HAVZA_ID":7,"entityId":"1558","entityType":"hesStations","id":"1558","name":"ŞAVŞAT REG. VE HES","stationId":42023022,"basinId":7,"status":"no_data","color":"#94a3b8","radius":7}},{"type":"Feature","id":"1559","geometry":{"type":"Point","coordinates":[27.833330000000046,37.833330000000046]},"properties":{"OBJECTID":1559,"IstNo":42023023,"SuAdi":"KARÇAL DERESİ","IstAdi":"KALECİK REG. VE HES","BolgeNo":26,"ILKODU":8,"ILCEKODU":2076,"HAVZA_ID":7,"entityId":"1559","entityType":"hesStations","id":"1559","name":"KALECİK REG. VE HES","stationId":42023023,"basinId":7,"status":"no_data","color":"#94a3b8","radius":7}},{"type":"Feature","id":"1565","geometry":{"type":"Point","coordinates":[42.316670000000045,41.70778000000007]},"properties":{"OBJECTID":1565,"IstNo":42023029,"SuAdi":"ARALIK DERESİ","IstAdi":"TAŞKÖPRÜ REG.VE HES","BolgeNo":26,"ILKODU":8,"ILCEKODU":null,"HAVZA_ID":23,"entityId":"1565","entityType":"hesStations","id":"1565","name":"TAŞKÖPRÜ REG.VE HES","stationId":42023029,"basinId":23,"status":"no_data","color":"#94a3b8","radius":7}},{"type":"Feature","id":"1566","geometry":{"type":"Point","coordinates":[42.32222000000007,41.19417000000004]},"properties":{"OBJECTID":1566,"IstNo":42023030,"SuAdi":"HANLı 2 REG.VE HES CANSUYU","IstAdi":"HANLI 2 HES","BolgeNo":26,"ILKODU":8,"ILCEKODU":1653,"HAVZA_ID":23,"entityId":"1566","entityType":"hesStations","id":"1566","name":"HANLI 2 HES","stationId":42023030,"basinId":23,"status":"no_data","color":"#94a3b8","radius":7}},{"type":"Feature","id":"1567","geometry":{"type":"Point","coordinates":[41.05305000000004,40.62972000000008]},"properties":{"OBJECTID":1567,"IstNo":42023100,"SuAdi":"AKSU DERE","IstAdi":"AKSU REG VE HES CANSUYU","BolgeNo":8,"ILKODU":25,"ILCEKODU":1416,"HAVZA_ID":23,"entityId":"1567","entityType":"hesStations","id":"1567","name":"AKSU REG VE HES CANSUYU","stationId":42023100,"basinId":23,"status":"no_data","color":"#94a3b8","radius":7}},{"type":"Feature","id":"1568","geometry":{"type":"Point","coordinates":[42.26278000000008,40.88417000000004]},"properties":{"OBJECTID":1568,"IstNo":42023102,"SuAdi":"ALABALIK DERE SOĞUKGÖZE KÖYÜ","IstAdi":"ALABALIK 1-A REG. VE HES CANSUYU","BolgeNo":8,"ILKODU":25,"ILCEKODU":1551,"HAVZA_ID":23,"entityId":"1568","entityType":"hesStations","id":"1568","name":"ALABALIK 1-A REG. VE HES CANSUYU","stationId":42023102,"basinId":23,"status":"no_data","color":"#94a3b8","radius":7}},{"type":"Feature","id":"1569","geometry":{"type":"Point","coordinates":[42.24694000000005,40.893890000000056]},"properties":{"OBJECTID":1569,"IstNo":42023104,"SuAdi":"ALABALIK DERE TAŞGEÇİT KÖYÜ","IstAdi":"ALABALIK 1-B REG VE HES CANSUYU","BolgeNo":8,"ILKODU":25,"ILCEKODU":1551,"HAVZA_ID":23,"entityId":"1569","entityType":"hesStations","id":"1569","name":"ALABALIK 1-B REG VE HES CANSUYU","stationId":42023104,"basinId":23,"status":"no_data","color":"#94a3b8","radius":7}},{"type":"Feature","id":"1570","geometry":{"type":"Point","coordinates":[42.284440000000075,40.90778000000006]},"properties":{"OBJECTID":1570,"IstNo":42023106,"SuAdi":"ALABALIK DERE SOĞUKGÖZE","IstAdi":"ALABALIK 2 REG VE HES CANSUYU","BolgeNo":8,"ILKODU":25,"ILCEKODU":1551,"HAVZA_ID":23,"entityId":"1570","entityType":"hesStations","id":"1570","name":"ALABALIK 2 REG VE HES CANSUYU","stationId":42023106,"basinId":23,"status":"no_data","color":"#94a3b8","radius":7}},{"type":"Feature","id":"1571","geometry":{"type":"Point","coordinates":[41.293330000000026,40.67694000000006]},"properties":{"OBJECTID":1571,"IstNo":42023109,"SuAdi":"ÇORUH NEHRİ","IstAdi":"ARKUN BARAJI VE HES CANSUYU","BolgeNo":8,"ILKODU":25,"ILCEKODU":1416,"HAVZA_ID":23,"entityId":"1571","entityType":"hesStations","id":"1571","name":"ARKUN BARAJI VE HES CANSUYU","stationId":42023109,"basinId":23,"status":"no_data","color":"#94a3b8","radius":7}},{"type":"Feature","id":"1572","geometry":{"type":"Point","coordinates":[41.925560000000075,40.764170000000036]},"properties":{"OBJECTID":1572,"IstNo":42023112,"SuAdi":"OLTU ÇAYI","IstAdi":"AYVALI BARAJI VE HES CANSUYU","BolgeNo":8,"ILKODU":25,"ILCEKODU":1551,"HAVZA_ID":23,"entityId":"1572","entityType":"hesStations","id":"1572","name":"AYVALI BARAJI VE HES CANSUYU","stationId":42023112,"basinId":23,"status":"no_data","color":"#94a3b8","radius":7}},{"type":"Feature","id":"1573","geometry":{"type":"Point","coordinates":[41.924720000000036,40.76361000000003]},"properties":{"OBJECTID":1573,"IstNo":42023113,"SuAdi":"ÇORUH NEHRİ","IstAdi":"AYVALI BARAJI VE HES SULAMA SUYU/KANAL","BolgeNo":8,"ILKODU":25,"ILCEKODU":1551,"HAVZA_ID":23,"entityId":"1573","entityType":"hesStations","id":"1573","name":"AYVALI BARAJI VE HES SULAMA SUYU/KANAL","stationId":42023113,"basinId":23,"status":"no_data","color":"#94a3b8","radius":7}},{"type":"Feature","id":"1574","geometry":{"type":"Point","coordinates":[41.38833000000005,40.485550000000046]},"properties":{"OBJECTID":1574,"IstNo":42023118,"SuAdi":"BAĞBAŞI ÇAYI","IstAdi":"BAĞBAŞI REG VE HES CANSUYU","BolgeNo":8,"ILKODU":25,"ILCEKODU":1683,"HAVZA_ID":23,"entityId":"1574","entityType":"hesStations","id":"1574","name":"BAĞBAŞI REG VE HES CANSUYU","stationId":42023118,"basinId":23,"status":"no_data","color":"#94a3b8","radius":7}},{"type":"Feature","id":"1575","geometry":{"type":"Point","coordinates":[41.566670000000045,40.34778000000006]},"properties":{"OBJECTID":1575,"IstNo":42023120,"SuAdi":"KATIKLI ÇAYI","IstAdi":"BÜYÜKBAHÇE REG VE HES CANSUYU","BolgeNo":8,"ILKODU":25,"ILCEKODU":1683,"HAVZA_ID":23,"entityId":"1575","entityType":"hesStations","id":"1575","name":"BÜYÜKBAHÇE REG VE HES CANSUYU","stationId":42023120,"basinId":23,"status":"no_data","color":"#94a3b8","radius":7}},{"type":"Feature","id":"1576","geometry":{"type":"Point","coordinates":[41.385830000000055,40.29583000000008]},"properties":{"OBJECTID":1576,"IstNo":42023123,"SuAdi":"ALAPINAR D.","IstAdi":"ESENDURAK REG VE HES CANSUYU","BolgeNo":8,"ILKODU":25,"ILCEKODU":1683,"HAVZA_ID":23,"entityId":"1576","entityType":"hesStations","id":"1576","name":"ESENDURAK REG VE HES CANSUYU","stationId":42023123,"basinId":23,"status":"no_data","color":"#94a3b8","radius":7}},{"type":"Feature","id":"1577","geometry":{"type":"Point","coordinates":[41.025000000000034,40.52417000000003]},"properties":{"OBJECTID":1577,"IstNo":42023124,"SuAdi":"ÇORUH NEHRİ   İSPİR","IstAdi":"GÜLLÜBAĞ BARAJI VE HES CANSUYU","BolgeNo":8,"ILKODU":25,"ILCEKODU":1416,"HAVZA_ID":23,"entityId":"1577","entityType":"hesStations","id":"1577","name":"GÜLLÜBAĞ BARAJI VE HES CANSUYU","stationId":42023124,"basinId":23,"status":"no_data","color":"#94a3b8","radius":7}},{"type":"Feature","id":"1578","geometry":{"type":"Point","coordinates":[41.48861000000005,40.41250000000008]},"properties":{"OBJECTID":1578,"IstNo":42023128,"SuAdi":"TORTUM ÇAYI ","IstAdi":"HAVVA REG. VE HES CAN SUYU ","BolgeNo":8,"ILKODU":25,"ILCEKODU":1683,"HAVZA_ID":23,"entityId":"1578","entityType":"hesStations","id":"1578","name":"HAVVA REG. VE HES CAN SUYU ","stationId":42023128,"basinId":23,"status":"no_data","color":"#94a3b8","radius":7}},{"type":"Feature","id":"1579","geometry":{"type":"Point","coordinates":[41.35917000000006,40.250560000000064]},"properties":{"OBJECTID":1579,"IstNo":42023135,"SuAdi":"KAZAN DERE KAZANDERE KÖYÜ","IstAdi":"KALETEPE REG. VE HES CANSUYU(YAĞCILAR I) ","BolgeNo":8,"ILKODU":25,"ILCEKODU":1683,"HAVZA_ID":23,"entityId":"1579","entityType":"hesStations","id":"1579","name":"KALETEPE REG. VE HES CANSUYU(YAĞCILAR I) ","stationId":42023135,"basinId":23,"status":"no_data","color":"#94a3b8","radius":7}},{"type":"Feature","id":"1580","geometry":{"type":"Point","coordinates":[41.366940000000056,40.25694000000004]},"properties":{"OBJECTID":1580,"IstNo":42023137,"SuAdi":"YAYLA DERE KİRMALI KÖYÜ (DANKAR)","IstAdi":"KALETEPE REG. VE HES CANSUYU (YAĞCILAR 2)","BolgeNo":8,"ILKODU":25,"ILCEKODU":1683,"HAVZA_ID":23,"entityId":"1580","entityType":"hesStations","id":"1580","name":"KALETEPE REG. VE HES CANSUYU (YAĞCILAR 2)","stationId":42023137,"basinId":23,"status":"no_data","color":"#94a3b8","radius":7}},{"type":"Feature","id":"1581","geometry":{"type":"Point","coordinates":[41.33083000000005,40.28750000000008]},"properties":{"OBJECTID":1581,"IstNo":42023139,"SuAdi":"PEYNİLİ DERE PEYNIRLI KÖYÜ","IstAdi":"KALETEPE REG. VE HES CANSUYU (ZİYARETLİ 1)","BolgeNo":8,"ILKODU":25,"ILCEKODU":1683,"HAVZA_ID":23,"entityId":"1581","entityType":"hesStations","id":"1581","name":"KALETEPE REG. VE HES CANSUYU (ZİYARETLİ 1)","stationId":42023139,"basinId":23,"status":"no_data","color":"#94a3b8","radius":7}},{"type":"Feature","id":"1582","geometry":{"type":"Point","coordinates":[41.35000000000008,40.296110000000056]},"properties":{"OBJECTID":1582,"IstNo":42023141,"SuAdi":"KINDIRALI DERE TİPİLI KÖYÜ","IstAdi":"KALETEPE REG. VE HES CANSUYU (ZİYARETLİ 2)","BolgeNo":8,"ILKODU":25,"ILCEKODU":1683,"HAVZA_ID":23,"entityId":"1582","entityType":"hesStations","id":"1582","name":"KALETEPE REG. VE HES CANSUYU (ZİYARETLİ 2)","stationId":42023141,"basinId":23,"status":"no_data","color":"#94a3b8","radius":7}},{"type":"Feature","id":"1583","geometry":{"type":"Point","coordinates":[40.92056000000008,40.526670000000024]},"properties":{"OBJECTID":1583,"IstNo":42023143,"SuAdi":"SARICA DERESİ","IstAdi":"ÖZLÜCE REG. VE HES CANSUYU","BolgeNo":8,"ILKODU":25,"ILCEKODU":1416,"HAVZA_ID":23,"entityId":"1583","entityType":"hesStations","id":"1583","name":"ÖZLÜCE REG. VE HES CANSUYU","stationId":42023143,"basinId":23,"status":"no_data","color":"#94a3b8","radius":7}},{"type":"Feature","id":"1584","geometry":{"type":"Point","coordinates":[42.308890000000076,40.65139000000005]},"properties":{"OBJECTID":1584,"IstNo":42023145,"SuAdi":"PENEK ÇAYI","IstAdi":"SERGE REG. VE HES CAN SUYU","BolgeNo":8,"ILKODU":25,"ILCEKODU":1657,"HAVZA_ID":23,"entityId":"1584","entityType":"hesStations","id":"1584","name":"SERGE REG. VE HES CAN SUYU","stationId":42023145,"basinId":23,"status":"no_data","color":"#94a3b8","radius":7}},{"type":"Feature","id":"1585","geometry":{"type":"Point","coordinates":[41.210830000000044,40.71583000000004]},"properties":{"OBJECTID":1585,"IstNo":42023148,"SuAdi":"SIRAKONAKLAR ÇAYI","IstAdi":"SIRAKONAKLAR REG. VE HES CANSUYU","BolgeNo":8,"ILKODU":25,"ILCEKODU":1416,"HAVZA_ID":23,"entityId":"1585","entityType":"hesStations","id":"1585","name":"SIRAKONAKLAR REG. VE HES CANSUYU","stationId":42023148,"basinId":23,"status":"no_data","color":"#94a3b8","radius":7}},{"type":"Feature","id":"1586","geometry":{"type":"Point","coordinates":[41.66583000000003,40.66056000000003]},"properties":{"OBJECTID":1586,"IstNo":42023151,"SuAdi":"TORTUM ÇAYI","IstAdi":"TORTUM HES CAN SUYU","BolgeNo":8,"ILKODU":25,"ILCEKODU":1851,"HAVZA_ID":23,"entityId":"1586","entityType":"hesStations","id":"1586","name":"TORTUM HES CAN SUYU","stationId":42023151,"basinId":23,"status":"no_data","color":"#94a3b8","radius":7}},{"type":"Feature","id":"1587","geometry":{"type":"Point","coordinates":[42.08667000000003,40.60639000000003]},"properties":{"OBJECTID":1587,"IstNo":42023153,"SuAdi":"OLTU ÇAYI","IstAdi":"TUZLAKÖY  REG. VE HES CAN SUYU","BolgeNo":8,"ILKODU":25,"ILCEKODU":1550,"HAVZA_ID":23,"entityId":"1587","entityType":"hesStations","id":"1587","name":"TUZLAKÖY  REG. VE HES CAN SUYU","stationId":42023153,"basinId":23,"status":"no_data","color":"#94a3b8","radius":7}},{"type":"Feature","id":"1588","geometry":{"type":"Point","coordinates":[40.004170000000045,40.55028000000004]},"properties":{"OBJECTID":1588,"IstNo":42023155,"SuAdi":"TIKNASUR DERE DÜZKÖY","IstAdi":"YAZYURDU REG. VE HES CAN SUYU","BolgeNo":8,"ILKODU":25,"ILCEKODU":1141,"HAVZA_ID":22,"entityId":"1588","entityType":"hesStations","id":"1588","name":"YAZYURDU REG. VE HES CAN SUYU","stationId":42023155,"basinId":22,"status":"no_data","color":"#94a3b8","radius":7}},{"type":"Feature","id":"1589","geometry":{"type":"Point","coordinates":[41.02555000000007,40.65361000000007]},"properties":{"OBJECTID":1589,"IstNo":42023157,"SuAdi":"AKSU DERE İSPİR","IstAdi":"YEDİGÖL REG. VE HES CAN SUYU","BolgeNo":8,"ILKODU":25,"ILCEKODU":1416,"HAVZA_ID":23,"entityId":"1589","entityType":"hesStations","id":"1589","name":"YEDİGÖL REG. VE HES CAN SUYU","stationId":42023157,"basinId":23,"status":"no_data","color":"#94a3b8","radius":7}},{"type":"Feature","id":"1590","geometry":{"type":"Point","coordinates":[40.712500000000034,40.25472000000008]},"properties":{"OBJECTID":1590,"IstNo":42023160,"SuAdi":"ÇORUH.N. CANSUYU","IstAdi":"YANIKKÖPRÜ REG VE HES ","BolgeNo":8,"ILKODU":25,"ILCEKODU":1416,"HAVZA_ID":23,"entityId":"1590","entityType":"hesStations","id":"1590","name":"YANIKKÖPRÜ REG VE HES ","stationId":42023160,"basinId":23,"status":"no_data","color":"#94a3b8","radius":7}},{"type":"Feature","id":"1591","geometry":{"type":"Point","coordinates":[42.13500000000005,40.779720000000054]},"properties":{"OBJECTID":1591,"IstNo":42023163,"SuAdi":"OLTU ÇAYI","IstAdi":"YENİHAYAT REG VE HES CANSUYU","BolgeNo":8,"ILKODU":25,"ILCEKODU":1551,"HAVZA_ID":23,"entityId":"1591","entityType":"hesStations","id":"1591","name":"YENİHAYAT REG VE HES CANSUYU","stationId":42023163,"basinId":23,"status":"no_data","color":"#94a3b8","radius":7}},{"type":"Feature","id":"1592","geometry":{"type":"Point","coordinates":[40.85056000000003,40.58528000000007]},"properties":{"OBJECTID":1592,"IstNo":42023166,"SuAdi":"OVİT DERE","IstAdi":"ÇAYHAN 2 REG. VE HES CANSUYU","BolgeNo":8,"ILKODU":25,"ILCEKODU":1416,"HAVZA_ID":23,"entityId":"1592","entityType":"hesStations","id":"1592","name":"ÇAYHAN 2 REG. VE HES CANSUYU","stationId":42023166,"basinId":23,"status":"no_data","color":"#94a3b8","radius":7}},{"type":"Feature","id":"1593","geometry":{"type":"Point","coordinates":[40.89444000000003,40.56167000000005]},"properties":{"OBJECTID":1593,"IstNo":42023168,"SuAdi":"OVİT DERE","IstAdi":"KIZILCIK REG VE HES CANSUYU","BolgeNo":8,"ILKODU":25,"ILCEKODU":1416,"HAVZA_ID":23,"entityId":"1593","entityType":"hesStations","id":"1593","name":"KIZILCIK REG VE HES CANSUYU","stationId":42023168,"basinId":23,"status":"no_data","color":"#94a3b8","radius":7}},{"type":"Feature","id":"1594","geometry":{"type":"Point","coordinates":[41.94722000000007,40.50333000000006]},"properties":{"OBJECTID":1594,"IstNo":42023171,"SuAdi":"OLTUÇAYI","IstAdi":"OLTU REG VE HES CAN SUYU","BolgeNo":8,"ILKODU":25,"ILCEKODU":1550,"HAVZA_ID":23,"entityId":"1594","entityType":"hesStations","id":"1594","name":"OLTU REG VE HES CAN SUYU","stationId":42023171,"basinId":23,"status":"no_data","color":"#94a3b8","radius":7}},{"type":"Feature","id":"1595","geometry":{"type":"Point","coordinates":[40.22095000000007,40.29350000000005]},"properties":{"OBJECTID":1595,"IstNo":42023400,"SuAdi":"CORUH NEHRİ","IstAdi":"BAYBURT HELVA CANSUYU","BolgeNo":22,"ILKODU":69,"ILCEKODU":1176,"HAVZA_ID":23,"entityId":"1595","entityType":"hesStations","id":"1595","name":"BAYBURT HELVA CANSUYU","stationId":42023400,"basinId":23,"status":"no_data","color":"#94a3b8","radius":7}},{"type":"Feature","id":"1596","geometry":{"type":"Point","coordinates":[40.24731000000003,40.25729000000007]},"properties":{"OBJECTID":1596,"IstNo":42023402,"SuAdi":"KOP DERESİ","IstAdi":"BAYBURT KOP CANSUYU","BolgeNo":22,"ILKODU":69,"ILCEKODU":1176,"HAVZA_ID":23,"entityId":"1596","entityType":"hesStations","id":"1596","name":"BAYBURT KOP CANSUYU","stationId":42023402,"basinId":23,"status":"no_data","color":"#94a3b8","radius":7}},{"type":"Feature","id":"1597","geometry":{"type":"Point","coordinates":[40.22095000000007,40.301870000000065]},"properties":{"OBJECTID":1597,"IstNo":42023404,"SuAdi":"CORUH NEHRİ","IstAdi":"YILDIRIM CANSUYU","BolgeNo":22,"ILKODU":69,"ILCEKODU":1176,"HAVZA_ID":23,"entityId":"1597","entityType":"hesStations","id":"1597","name":"YILDIRIM CANSUYU","stationId":42023404,"basinId":23,"status":"no_data","color":"#94a3b8","radius":7}},{"type":"Feature","id":"1598","geometry":{"type":"Point","coordinates":[42.593990000000076,40.15509000000003]},"properties":{"OBJECTID":1598,"IstNo":42024001,"SuAdi":"ARAS N.","IstAdi":"KALE HES CANSUYU","BolgeNo":24,"ILKODU":36,"ILCEKODU":1601,"HAVZA_ID":24,"entityId":"1598","entityType":"hesStations","id":"1598","name":"KALE HES CANSUYU","stationId":42024001,"basinId":24,"status":"no_data","color":"#94a3b8","radius":7}},{"type":"Feature","id":"1599","geometry":{"type":"Point","coordinates":[42.593890000000044,40.15083000000004]},"properties":{"OBJECTID":1599,"IstNo":42024002,"SuAdi":"ARAS N.","IstAdi":"SERAP HES CANSUYU","BolgeNo":24,"ILKODU":36,"ILCEKODU":1601,"HAVZA_ID":24,"entityId":"1599","entityType":"hesStations","id":"1599","name":"SERAP HES CANSUYU","stationId":42024002,"basinId":24,"status":"no_data","color":"#94a3b8","radius":7}},{"type":"Feature","id":"1600","geometry":{"type":"Point","coordinates":[42.593380000000025,40.133200000000045]},"properties":{"OBJECTID":1600,"IstNo":42024003,"SuAdi":"ARAS N.","IstAdi":"NARİNKALE HES CANSUYU","BolgeNo":24,"ILKODU":36,"ILCEKODU":1601,"HAVZA_ID":24,"entityId":"1600","entityType":"hesStations","id":"1600","name":"NARİNKALE HES CANSUYU","stationId":42024003,"basinId":24,"status":"no_data","color":"#94a3b8","radius":7}},{"type":"Feature","id":"1601","geometry":{"type":"Point","coordinates":[43.110280000000046,40.142220000000066]},"properties":{"OBJECTID":1601,"IstNo":42024004,"SuAdi":"ARAS N.","IstAdi":"SENA HES CANSUYU","BolgeNo":24,"ILKODU":36,"ILCEKODU":1424,"HAVZA_ID":24,"entityId":"1601","entityType":"hesStations","id":"1601","name":"SENA HES CANSUYU","stationId":42024004,"basinId":24,"status":"no_data","color":"#94a3b8","radius":7}},{"type":"Feature","id":"1602","geometry":{"type":"Point","coordinates":[42.73270000000008,41.515190000000075]},"properties":{"OBJECTID":1602,"IstNo":42024005,"SuAdi":"POSF Ç.","IstAdi":"MEREKLER VE ALGÖLÜ HES CANSUYU","BolgeNo":24,"ILKODU":75,"ILCEKODU":1579,"HAVZA_ID":24,"entityId":"1602","entityType":"hesStations","id":"1602","name":"MEREKLER VE ALGÖLÜ HES CANSUYU","stationId":42024005,"basinId":24,"status":"no_data","color":"#94a3b8","radius":7}},{"type":"Feature","id":"1603","geometry":{"type":"Point","coordinates":[43.12634000000003,40.15972000000005]},"properties":{"OBJECTID":1603,"IstNo":42024006,"SuAdi":"ARAS N.","IstAdi":"SEFAKÖY HES CANSUYU","BolgeNo":24,"ILKODU":36,"ILCEKODU":1424,"HAVZA_ID":24,"entityId":"1603","entityType":"hesStations","id":"1603","name":"SEFAKÖY HES CANSUYU","stationId":42024006,"basinId":24,"status":"no_data","color":"#94a3b8","radius":7}},{"type":"Feature","id":"1604","geometry":{"type":"Point","coordinates":[42.687220000000025,41.14305000000007]},"properties":{"OBJECTID":1604,"IstNo":42024007,"SuAdi":"KURA N.","IstAdi":"KAYABEY HES CANSUYU","BolgeNo":24,"ILKODU":75,"ILCEKODU":1144,"HAVZA_ID":24,"entityId":"1604","entityType":"hesStations","id":"1604","name":"KAYABEY HES CANSUYU","stationId":42024007,"basinId":24,"status":"no_data","color":"#94a3b8","radius":7}},{"type":"Feature","id":"1605","geometry":{"type":"Point","coordinates":[27.833330000000046,37.833330000000046]},"properties":{"OBJECTID":1605,"IstNo":42024008,"SuAdi":"PERNAVUT ÇAYI","IstAdi":"GAZİLER HES CAN SUYU","BolgeNo":24,"ILKODU":76,"ILCEKODU":2076,"HAVZA_ID":7,"entityId":"1605","entityType":"hesStations","id":"1605","name":"GAZİLER HES CAN SUYU","stationId":42024008,"basinId":7,"status":"no_data","color":"#94a3b8","radius":7}},{"type":"Feature","id":"1606","geometry":{"type":"Point","coordinates":[43.14056000000005,41.13361000000003]},"properties":{"OBJECTID":1606,"IstNo":42024009,"SuAdi":"ÇILDIR GÖLÜ DERİVASYON","IstAdi":"ÇILDIR 1 HES CAN SUYU","BolgeNo":24,"ILKODU":75,"ILCEKODU":1252,"HAVZA_ID":24,"entityId":"1606","entityType":"hesStations","id":"1606","name":"ÇILDIR 1 HES CAN SUYU","stationId":42024009,"basinId":24,"status":"no_data","color":"#94a3b8","radius":7}},{"type":"Feature","id":"1607","geometry":{"type":"Point","coordinates":[43.35194000000007,40.88445000000007]},"properties":{"OBJECTID":1607,"IstNo":42024010,"SuAdi":"ARPAÇAY SUYU","IstAdi":"CAN 1 HES CAN SUYU","BolgeNo":24,"ILKODU":36,"ILCEKODU":1149,"HAVZA_ID":24,"entityId":"1607","entityType":"hesStations","id":"1607","name":"CAN 1 HES CAN SUYU","stationId":42024010,"basinId":24,"status":"no_data","color":"#94a3b8","radius":7}},{"type":"Feature","id":"1608","geometry":{"type":"Point","coordinates":[42.73389000000003,41.51194000000004]},"properties":{"OBJECTID":1608,"IstNo":42024011,"SuAdi":"POSOF Ç.","IstAdi":"POSOF 3 HES CANSUYU","BolgeNo":24,"ILKODU":75,"ILCEKODU":1579,"HAVZA_ID":24,"entityId":"1608","entityType":"hesStations","id":"1608","name":"POSOF 3 HES CANSUYU","stationId":42024011,"basinId":24,"status":"no_data","color":"#94a3b8","radius":7}},{"type":"Feature","id":"1609","geometry":{"type":"Point","coordinates":[43.65417000000008,40.06944000000004]},"properties":{"OBJECTID":1609,"IstNo":42024012,"SuAdi":"ACI ÇAY","IstAdi":"BAYRA HES CAN SUYU","BolgeNo":24,"ILKODU":76,"ILCEKODU":1692,"HAVZA_ID":24,"entityId":"1609","entityType":"hesStations","id":"1609","name":"BAYRA HES CAN SUYU","stationId":42024012,"basinId":24,"status":"no_data","color":"#94a3b8","radius":7}},{"type":"Feature","id":"1610","geometry":{"type":"Point","coordinates":[43.35205000000008,40.863680000000045]},"properties":{"OBJECTID":1610,"IstNo":42024013,"SuAdi":"ARPAÇAY SUYU","IstAdi":"TELEK HES CAN SUYU","BolgeNo":24,"ILKODU":36,"ILCEKODU":1149,"HAVZA_ID":24,"entityId":"1610","entityType":"hesStations","id":"1610","name":"TELEK HES CAN SUYU","stationId":42024013,"basinId":24,"status":"no_data","color":"#94a3b8","radius":7}},{"type":"Feature","id":"1611","geometry":{"type":"Point","coordinates":[43.16528000000005,41.112220000000036]},"properties":{"OBJECTID":1611,"IstNo":42024014,"SuAdi":"KURA NEHRİ","IstAdi":"KOTANLI BARAJI 2 HES","BolgeNo":24,"ILKODU":75,"ILCEKODU":1252,"HAVZA_ID":24,"entityId":"1611","entityType":"hesStations","id":"1611","name":"KOTANLI BARAJI 2 HES","stationId":42024014,"basinId":24,"status":"no_data","color":"#94a3b8","radius":7}},{"type":"Feature","id":"1614","geometry":{"type":"Point","coordinates":[27.833330000000046,37.833330000000046]},"properties":{"OBJECTID":1614,"IstNo":42024017,"SuAdi":"COT SUYU","IstAdi":"HANAK HES REG 1 CAN SUYU","BolgeNo":24,"ILKODU":75,"ILCEKODU":2076,"HAVZA_ID":7,"entityId":"1614","entityType":"hesStations","id":"1614","name":"HANAK HES REG 1 CAN SUYU","stationId":42024017,"basinId":7,"status":"no_data","color":"#94a3b8","radius":7}},{"type":"Feature","id":"1615","geometry":{"type":"Point","coordinates":[42.86316000000005,41.24064000000004]},"properties":{"OBJECTID":1615,"IstNo":42024018,"SuAdi":"COT SUYU","IstAdi":"HANAK HES REG.2.CAN SUYU","BolgeNo":24,"ILKODU":75,"ILCEKODU":1380,"HAVZA_ID":24,"entityId":"1615","entityType":"hesStations","id":"1615","name":"HANAK HES REG.2.CAN SUYU","stationId":42024018,"basinId":24,"status":"no_data","color":"#94a3b8","radius":7}},{"type":"Feature","id":"1617","geometry":{"type":"Point","coordinates":[41.68195000000003,40.012500000000045]},"properties":{"OBJECTID":1617,"IstNo":42024314,"SuAdi":"BÜYÜKDERE-DERESI","IstAdi":"İNCEBEL REG VE HES CANSUYU","BolgeNo":8,"ILKODU":25,"ILCEKODU":1567,"HAVZA_ID":24,"entityId":"1617","entityType":"hesStations","id":"1617","name":"İNCEBEL REG VE HES CANSUYU","stationId":42024314,"basinId":24,"status":"no_data","color":"#94a3b8","radius":7}},{"type":"Feature","id":"1618","geometry":{"type":"Point","coordinates":[43.76000000000005,39.049450000000036]},"properties":{"OBJECTID":1618,"IstNo":42025001,"SuAdi":"BENDİMAHİ Ç.","IstAdi":"MURADİYE ŞELALE CANSUYU","BolgeNo":17,"ILKODU":65,"ILCEKODU":1533,"HAVZA_ID":25,"entityId":"1618","entityType":"hesStations","id":"1618","name":"MURADİYE ŞELALE CANSUYU","stationId":42025001,"basinId":25,"status":"no_data","color":"#94a3b8","radius":7}},{"type":"Feature","id":"1619","geometry":{"type":"Point","coordinates":[43.76953000000003,39.038080000000036]},"properties":{"OBJECTID":1619,"IstNo":42025003,"SuAdi":"BENDİMAHİ ÇAYI","IstAdi":"AYRANCILAR CAN SUYU","BolgeNo":17,"ILKODU":65,"ILCEKODU":1533,"HAVZA_ID":25,"entityId":"1619","entityType":"hesStations","id":"1619","name":"AYRANCILAR CAN SUYU","stationId":42025003,"basinId":25,"status":"no_data","color":"#94a3b8","radius":7}},{"type":"Feature","id":"1620","geometry":{"type":"Point","coordinates":[43.28613000000007,38.56248000000005]},"properties":{"OBJECTID":1620,"IstNo":42025005,"SuAdi":"KARASU","IstAdi":"SARIMEMET CANSUYU","BolgeNo":17,"ILKODU":65,"ILCEKODU":2099,"HAVZA_ID":25,"entityId":"1620","entityType":"hesStations","id":"1620","name":"SARIMEMET CANSUYU","stationId":42025005,"basinId":25,"status":"no_data","color":"#94a3b8","radius":7}},{"type":"Feature","id":"1622","geometry":{"type":"Point","coordinates":[44.085560000000044,37.730830000000026]},"properties":{"OBJECTID":1622,"IstNo":42026001,"SuAdi":"ZAP SUYU","IstAdi":"BAĞIŞLI HES CANSUYU","BolgeNo":17,"ILKODU":30,"ILCEKODU":1377,"HAVZA_ID":21,"entityId":"1622","entityType":"hesStations","id":"1622","name":"BAĞIŞLI HES CANSUYU","stationId":42026001,"basinId":21,"status":"no_data","color":"#94a3b8","radius":7}},{"type":"Feature","id":"1623","geometry":{"type":"Point","coordinates":[41.54556000000008,38.24750000000006]},"properties":{"OBJECTID":1623,"IstNo":42026003,"SuAdi":"GARZAN Ç.","IstAdi":"GARZAN BRJ  VE HES CANSUYU","BolgeNo":10,"ILKODU":72,"ILCEKODU":1487,"HAVZA_ID":21,"entityId":"1623","entityType":"hesStations","id":"1623","name":"GARZAN BRJ  VE HES CANSUYU","stationId":42026003,"basinId":21,"status":"no_data","color":"#94a3b8","radius":7}},{"type":"Feature","id":"1624","geometry":{"type":"Point","coordinates":[42.43111000000005,37.88528000000008]},"properties":{"OBJECTID":1624,"IstNo":42026004,"SuAdi":"BOTAN Ç.","IstAdi":"KİRAZLIK HES CANSUYU","BolgeNo":10,"ILKODU":56,"ILCEKODU":1575,"HAVZA_ID":21,"entityId":"1624","entityType":"hesStations","id":"1624","name":"KİRAZLIK HES CANSUYU","stationId":42026004,"basinId":21,"status":"no_data","color":"#94a3b8","radius":7}},{"type":"Feature","id":"1625","geometry":{"type":"Point","coordinates":[42.18750000000006,37.764170000000036]},"properties":{"OBJECTID":1625,"IstNo":42026005,"SuAdi":"ZAROVA Ç.","IstAdi":"BARAN 1 REG. VE HES CANSUYU","BolgeNo":10,"ILKODU":56,"ILCEKODU":1317,"HAVZA_ID":21,"entityId":"1625","entityType":"hesStations","id":"1625","name":"BARAN 1 REG. VE HES CANSUYU","stationId":42026005,"basinId":21,"status":"no_data","color":"#94a3b8","radius":7}},{"type":"Feature","id":"1626","geometry":{"type":"Point","coordinates":[43.90361000000007,37.568610000000035]},"properties":{"OBJECTID":1626,"IstNo":42026006,"SuAdi":"BEYAZSU","IstAdi":"KIRIKDAĞ HES","BolgeNo":17,"ILKODU":30,"ILCEKODU":1377,"HAVZA_ID":21,"entityId":"1626","entityType":"hesStations","id":"1626","name":"KIRIKDAĞ HES","stationId":42026006,"basinId":21,"status":"no_data","color":"#94a3b8","radius":7}},{"type":"Feature","id":"1627","geometry":{"type":"Point","coordinates":[43.90306000000004,37.568610000000035]},"properties":{"OBJECTID":1627,"IstNo":42026007,"SuAdi":"ÇİÇEKSU","IstAdi":"KIRIKDAĞ HES","BolgeNo":17,"ILKODU":30,"ILCEKODU":1377,"HAVZA_ID":21,"entityId":"1627","entityType":"hesStations","id":"1627","name":"KIRIKDAĞ HES","stationId":42026007,"basinId":21,"status":"no_data","color":"#94a3b8","radius":7}},{"type":"Feature","id":"1628","geometry":{"type":"Point","coordinates":[42.48444000000006,38.18472000000003]},"properties":{"OBJECTID":1628,"IstNo":42026008,"SuAdi":"BÜYÜK ÇAY","IstAdi":"AKŞAR NAZAR HES","BolgeNo":17,"ILKODU":-1,"ILCEKODU":1394,"HAVZA_ID":21,"entityId":"1628","entityType":"hesStations","id":"1628","name":"AKŞAR NAZAR HES","stationId":42026008,"basinId":21,"status":"no_data","color":"#94a3b8","radius":7}},{"type":"Feature","id":"1629","geometry":{"type":"Point","coordinates":[43.70667000000003,37.59639000000004]},"properties":{"OBJECTID":1629,"IstNo":42026009,"SuAdi":"OTLUCA DEREBOYU ","IstAdi":"OTLUCA HES ","BolgeNo":17,"ILKODU":30,"ILCEKODU":1377,"HAVZA_ID":21,"entityId":"1629","entityType":"hesStations","id":"1629","name":"OTLUCA HES ","stationId":42026009,"basinId":21,"status":"no_data","color":"#94a3b8","radius":7}},{"type":"Feature","id":"1632","geometry":{"type":"Point","coordinates":[41.02295000000004,38.545300000000054]},"properties":{"OBJECTID":1632,"IstNo":42026048,"SuAdi":"KULP ÇAYI","IstAdi":"KULP-1 HES CANSUYU","BolgeNo":10,"ILKODU":21,"ILCEKODU":1490,"HAVZA_ID":21,"entityId":"1632","entityType":"hesStations","id":"1632","name":"KULP-1 HES CANSUYU","stationId":42026048,"basinId":21,"status":"no_data","color":"#94a3b8","radius":7}},{"type":"Feature","id":"1633","geometry":{"type":"Point","coordinates":[41.04767000000004,38.50376000000006]},"properties":{"OBJECTID":1633,"IstNo":42026049,"SuAdi":"KULP Ç.","IstAdi":"KULP-4 HES CANSUYU","BolgeNo":10,"ILKODU":21,"ILCEKODU":1490,"HAVZA_ID":21,"entityId":"1633","entityType":"hesStations","id":"1633","name":"KULP-4 HES CANSUYU","stationId":42026049,"basinId":21,"status":"no_data","color":"#94a3b8","radius":7}},{"type":"Feature","id":"1634","geometry":{"type":"Point","coordinates":[42.63028000000003,38.62667000000005]},"properties":{"OBJECTID":1634,"IstNo":42026050,"SuAdi":"BOTAN ÇAYI","IstAdi":"ÇETİN BRJ VE HES","BolgeNo":10,"ILKODU":56,"ILCEKODU":1669,"HAVZA_ID":25,"entityId":"1634","entityType":"hesStations","id":"1634","name":"ÇETİN BRJ VE HES","stationId":42026050,"basinId":25,"status":"no_data","color":"#94a3b8","radius":7}}]}
