{"type":"FeatureCollection","features":[{"type":"Feature","id":"1","geometry":{"type":"Point","coordinates":[26.37000000000006,41.710560000000044]},"properties":{"OBJECTID":1,"IstNo":12001001,"SuAdi":"MERİÇ N.","IstAdi":"KAPIKULE","BolgeNo":11,"ILKODU":22,"ILCEKODU":1295,"HAVZA_ID":1,"entityId":"1","entityType":"lakeStations","id":"1","name":"KAPIKULE","stationId":12001001,"basinId":1,"status":"no_data","color":"#94a3b8","radius":7}},{"type":"Feature","id":"2","geometry":{"type":"Point","coordinates":[26.572220000000073,41.64722000000006]},"properties":{"OBJECTID":2,"IstNo":12001003,"SuAdi":"MERİÇ N.","IstAdi":"KİRİŞHANE","BolgeNo":11,"ILKODU":22,"ILCEKODU":1295,"HAVZA_ID":1,"entityId":"2","entityType":"lakeStations","id":"2","name":"KİRİŞHANE","stationId":12001003,"basinId":1,"status":"no_data","color":"#94a3b8","radius":7}},{"type":"Feature","id":"3","geometry":{"type":"Point","coordinates":[26.63250000000005,41.363890000000026]},"properties":{"OBJECTID":3,"IstNo":12001004,"SuAdi":"MERİÇ N.","IstAdi":"ESKİKÖY","BolgeNo":11,"ILKODU":22,"ILCEKODU":1705,"HAVZA_ID":1,"entityId":"3","entityType":"lakeStations","id":"3","name":"ESKİKÖY","stationId":12001004,"basinId":1,"status":"no_data","color":"#94a3b8","radius":7}},{"type":"Feature","id":"4","geometry":{"type":"Point","coordinates":[27.35167000000007,41.35083000000003]},"properties":{"OBJECTID":4,"IstNo":12001008,"SuAdi":"ERGENE N.","IstAdi":"LÜLEBURGAZ","BolgeNo":11,"ILKODU":39,"ILCEKODU":1505,"HAVZA_ID":1,"entityId":"4","entityType":"lakeStations","id":"4","name":"LÜLEBURGAZ","stationId":12001008,"basinId":1,"status":"no_data","color":"#94a3b8","radius":7}},{"type":"Feature","id":"5","geometry":{"type":"Point","coordinates":[27.47667000000007,41.20222000000007]},"properties":{"OBJECTID":5,"IstNo":12001020,"SuAdi":"ERGENE N.","IstAdi":"İNANLI","BolgeNo":11,"ILKODU":59,"ILCEKODU":1538,"HAVZA_ID":1,"entityId":"5","entityType":"lakeStations","id":"5","name":"İNANLI","stationId":12001020,"basinId":1,"status":"no_data","color":"#94a3b8","radius":7}},{"type":"Feature","id":"6","geometry":{"type":"Point","coordinates":[26.95750000000004,41.369170000000054]},"properties":{"OBJECTID":6,"IstNo":12001023,"SuAdi":"TEKE  D.","IstAdi":"KUŞTEPE","BolgeNo":11,"ILKODU":39,"ILCEKODU":1572,"HAVZA_ID":1,"entityId":"6","entityType":"lakeStations","id":"6","name":"KUŞTEPE","stationId":12001023,"basinId":1,"status":"no_data","color":"#94a3b8","radius":7}},{"type":"Feature","id":"7","geometry":{"type":"Point","coordinates":[26.319440000000043,40.940000000000055]},"properties":{"OBJECTID":7,"IstNo":12001026,"SuAdi":"MERİÇ N.","IstAdi":"İPSALA GÜMRÜK KÖPRÜSÜ","BolgeNo":11,"ILKODU":22,"ILCEKODU":1412,"HAVZA_ID":1,"entityId":"7","entityType":"lakeStations","id":"7","name":"İPSALA GÜMRÜK KÖPRÜSÜ","stationId":12001026,"basinId":1,"status":"no_data","color":"#94a3b8","radius":7}},{"type":"Feature","id":"8","geometry":{"type":"Point","coordinates":[27.653890000000047,41.63472000000007]},"properties":{"OBJECTID":8,"IstNo":12001031,"SuAdi":"SOĞUCAK D.","IstAdi":"SOĞUCAK","BolgeNo":11,"ILKODU":39,"ILCEKODU":1714,"HAVZA_ID":1,"entityId":"8","entityType":"lakeStations","id":"8","name":"SOĞUCAK","stationId":12001031,"basinId":1,"status":"no_data","color":"#94a3b8","radius":7}},{"type":"Feature","id":"9","geometry":{"type":"Point","coordinates":[27.596940000000075,41.62861000000004]},"properties":{"OBJECTID":9,"IstNo":12001039,"SuAdi":"POYRALI D.","IstAdi":"POYRALI","BolgeNo":11,"ILKODU":39,"ILCEKODU":1577,"HAVZA_ID":1,"entityId":"9","entityType":"lakeStations","id":"9","name":"POYRALI","stationId":12001039,"basinId":1,"status":"no_data","color":"#94a3b8","radius":7}},{"type":"Feature","id":"10","geometry":{"type":"Point","coordinates":[27.96667000000008,41.400000000000034]},"properties":{"OBJECTID":10,"IstNo":12001052,"SuAdi":"MANİKA D.","IstAdi":"K.YONCALI","BolgeNo":11,"ILKODU":59,"ILCEKODU":1596,"HAVZA_ID":1,"entityId":"10","entityType":"lakeStations","id":"10","name":"K.YONCALI","stationId":12001052,"basinId":1,"status":"no_data","color":"#94a3b8","radius":7}},{"type":"Feature","id":"11","geometry":{"type":"Point","coordinates":[26.238890000000026,40.863890000000026]},"properties":{"OBJECTID":11,"IstNo":12001057,"SuAdi":"MERİÇ N.","IstAdi":"FERRE KUPURU","BolgeNo":11,"ILKODU":22,"ILCEKODU":1412,"HAVZA_ID":1,"entityId":"11","entityType":"lakeStations","id":"11","name":"FERRE KUPURU","stationId":12001057,"basinId":1,"status":"no_data","color":"#94a3b8","radius":7}},{"type":"Feature","id":"12","geometry":{"type":"Point","coordinates":[26.63056000000006,41.85250000000008]},"properties":{"OBJECTID":12,"IstNo":12001076,"SuAdi":"ÇOBANDERE","IstAdi":"YÜNLÜCE","BolgeNo":11,"ILKODU":22,"ILCEKODU":1502,"HAVZA_ID":1,"entityId":"12","entityType":"lakeStations","id":"12","name":"YÜNLÜCE","stationId":12001076,"basinId":1,"status":"no_data","color":"#94a3b8","radius":7}},{"type":"Feature","id":"13","geometry":{"type":"Point","coordinates":[26.548330000000078,41.76222000000007]},"properties":{"OBJECTID":13,"IstNo":12001078,"SuAdi":"TUNCA N.","IstAdi":"DEĞİRMENYANI","BolgeNo":11,"ILKODU":22,"ILCEKODU":1295,"HAVZA_ID":1,"entityId":"13","entityType":"lakeStations","id":"13","name":"DEĞİRMENYANI","stationId":12001078,"basinId":1,"status":"no_data","color":"#94a3b8","radius":7}},{"type":"Feature","id":"14","geometry":{"type":"Point","coordinates":[26.516110000000026,41.664720000000045]},"properties":{"OBJECTID":14,"IstNo":12001084,"SuAdi":"MERİÇ NEHRİ","IstAdi":"TAHLİYE KANALI","BolgeNo":11,"ILKODU":22,"ILCEKODU":1295,"HAVZA_ID":1,"entityId":"14","entityType":"lakeStations","id":"14","name":"TAHLİYE KANALI","stationId":12001084,"basinId":1,"status":"no_data","color":"#94a3b8","radius":7}},{"type":"Feature","id":"15","geometry":{"type":"Point","coordinates":[29.776110000000074,41.07639000000006]},"properties":{"OBJECTID":15,"IstNo":12002004,"SuAdi":"GÖKSU D.","IstAdi":"GÖKSU","BolgeNo":14,"ILKODU":34,"ILCEKODU":1659,"HAVZA_ID":2,"entityId":"15","entityType":"lakeStations","id":"15","name":"GÖKSU","stationId":12002004,"basinId":2,"status":"no_data","color":"#94a3b8","radius":7}},{"type":"Feature","id":"16","geometry":{"type":"Point","coordinates":[29.96861000000007,40.691940000000045]},"properties":{"OBJECTID":16,"IstNo":12002006,"SuAdi":"KİRAZ D.","IstAdi":"YUVACIK","BolgeNo":1,"ILKODU":41,"ILCEKODU":2058,"HAVZA_ID":2,"entityId":"16","entityType":"lakeStations","id":"16","name":"YUVACIK","stationId":12002006,"basinId":2,"status":"no_data","color":"#94a3b8","radius":7}},{"type":"Feature","id":"17","geometry":{"type":"Point","coordinates":[27.214450000000056,40.17194000000006]},"properties":{"OBJECTID":17,"IstNo":12002010,"SuAdi":"KOCABAŞ Ç.","IstAdi":"AKKAYRAK","BolgeNo":25,"ILKODU":17,"ILCEKODU":1190,"HAVZA_ID":2,"entityId":"17","entityType":"lakeStations","id":"17","name":"AKKAYRAK","stationId":12002010,"basinId":2,"status":"no_data","color":"#94a3b8","radius":7}},{"type":"Feature","id":"18","geometry":{"type":"Point","coordinates":[28.312440000000038,41.37925000000007]},"properties":{"OBJECTID":18,"IstNo":12002028,"SuAdi":"ISTIRANCA D.","IstAdi":"KARAMANDERE","BolgeNo":14,"ILKODU":34,"ILCEKODU":1237,"HAVZA_ID":2,"entityId":"18","entityType":"lakeStations","id":"18","name":"KARAMANDERE","stationId":12002028,"basinId":2,"status":"no_data","color":"#94a3b8","radius":7}},{"type":"Feature","id":"19","geometry":{"type":"Point","coordinates":[29.67972000000003,40.46639000000005]},"properties":{"OBJECTID":19,"IstNo":12002031,"SuAdi":"KARADERE","IstAdi":"ÇAKIRCA","BolgeNo":1,"ILKODU":16,"ILCEKODU":1420,"HAVZA_ID":2,"entityId":"19","entityType":"lakeStations","id":"19","name":"ÇAKIRCA","stationId":12002031,"basinId":2,"status":"no_data","color":"#94a3b8","radius":7}},{"type":"Feature","id":"20","geometry":{"type":"Point","coordinates":[29.507220000000075,40.67861000000005]},"properties":{"OBJECTID":20,"IstNo":12002041,"SuAdi":"YALAK D.","IstAdi":"AYAZMA","BolgeNo":1,"ILKODU":41,"ILCEKODU":2019,"HAVZA_ID":2,"entityId":"20","entityType":"lakeStations","id":"20","name":"AYAZMA","stationId":12002041,"basinId":2,"status":"no_data","color":"#94a3b8","radius":7}},{"type":"Feature","id":"21","geometry":{"type":"Point","coordinates":[28.852850000000046,41.163200000000074]},"properties":{"OBJECTID":21,"IstNo":12002047,"SuAdi":"MOLOVA D.","IstAdi":"PİRİNÇCİKÖY","BolgeNo":14,"ILKODU":34,"ILCEKODU":1325,"HAVZA_ID":2,"entityId":"21","entityType":"lakeStations","id":"21","name":"PİRİNÇCİKÖY","stationId":12002047,"basinId":2,"status":"no_data","color":"#94a3b8","radius":7}},{"type":"Feature","id":"22","geometry":{"type":"Point","coordinates":[29.469570000000033,41.05134000000004]},"properties":{"OBJECTID":22,"IstNo":12002055,"SuAdi":"OZAN D.","IstAdi":"BIÇKIDERE","BolgeNo":14,"ILKODU":34,"ILCEKODU":1659,"HAVZA_ID":2,"entityId":"22","entityType":"lakeStations","id":"22","name":"BIÇKIDERE","stationId":12002055,"basinId":2,"status":"no_data","color":"#94a3b8","radius":7}},{"type":"Feature","id":"23","geometry":{"type":"Point","coordinates":[27.883330000000058,41.68333000000007]},"properties":{"OBJECTID":23,"IstNo":12002057,"SuAdi":"PAPUÇ D.","IstAdi":"KIZILAĞAÇ","BolgeNo":11,"ILKODU":39,"ILCEKODU":1714,"HAVZA_ID":2,"entityId":"23","entityType":"lakeStations","id":"23","name":"KIZILAĞAÇ","stationId":12002057,"basinId":2,"status":"no_data","color":"#94a3b8","radius":7}},{"type":"Feature","id":"24","geometry":{"type":"Point","coordinates":[26.58167000000003,40.05778000000004]},"properties":{"OBJECTID":24,"IstNo":12002065,"SuAdi":"SARİÇAY","IstAdi":"NİSANKAYA","BolgeNo":25,"ILKODU":17,"ILCEKODU":1230,"HAVZA_ID":2,"entityId":"24","entityType":"lakeStations","id":"24","name":"NİSANKAYA","stationId":12002065,"basinId":2,"status":"no_data","color":"#94a3b8","radius":7}},{"type":"Feature","id":"25","geometry":{"type":"Point","coordinates":[29.226110000000062,40.577780000000075]},"properties":{"OBJECTID":25,"IstNo":12002077,"SuAdi":"SAFRAN D.","IstAdi":"KURTKÖY","BolgeNo":1,"ILKODU":77,"ILCEKODU":1716,"HAVZA_ID":2,"entityId":"25","entityType":"lakeStations","id":"25","name":"KURTKÖY","stationId":12002077,"basinId":2,"status":"no_data","color":"#94a3b8","radius":7}},{"type":"Feature","id":"26","geometry":{"type":"Point","coordinates":[27.099450000000047,39.81722000000008]},"properties":{"OBJECTID":26,"IstNo":12002084,"SuAdi":"KOCAÇAY","IstAdi":"AŞAĞIÇAVUŞ","BolgeNo":25,"ILKODU":17,"ILCEKODU":1722,"HAVZA_ID":2,"entityId":"26","entityType":"lakeStations","id":"26","name":"AŞAĞIÇAVUŞ","stationId":12002084,"basinId":2,"status":"no_data","color":"#94a3b8","radius":7}},{"type":"Feature","id":"27","geometry":{"type":"Point","coordinates":[26.94500000000005,39.95222000000007]},"properties":{"OBJECTID":27,"IstNo":12002085,"SuAdi":"KOCABAŞ Ç.","IstAdi":"UZUNALAN","BolgeNo":25,"ILKODU":17,"ILCEKODU":1229,"HAVZA_ID":2,"entityId":"27","entityType":"lakeStations","id":"27","name":"UZUNALAN","stationId":12002085,"basinId":2,"status":"no_data","color":"#94a3b8","radius":7}},{"type":"Feature","id":"28","geometry":{"type":"Point","coordinates":[29.087780000000066,40.47944000000007]},"properties":{"OBJECTID":28,"IstNo":12002088,"SuAdi":"BÜYÜKKUMLA D.","IstAdi":"KÖPRÜ","BolgeNo":1,"ILKODU":16,"ILCEKODU":1343,"HAVZA_ID":2,"entityId":"28","entityType":"lakeStations","id":"28","name":"KÖPRÜ","stationId":12002088,"basinId":2,"status":"no_data","color":"#94a3b8","radius":7}},{"type":"Feature","id":"29","geometry":{"type":"Point","coordinates":[28.96667000000008,40.46667000000008]},"properties":{"OBJECTID":29,"IstNo":12002092,"SuAdi":"YAMANDERE","IstAdi":"KAPAKLI","BolgeNo":1,"ILKODU":77,"ILCEKODU":2020,"HAVZA_ID":2,"entityId":"29","entityType":"lakeStations","id":"29","name":"KAPAKLI","stationId":12002092,"basinId":2,"status":"no_data","color":"#94a3b8","radius":7}},{"type":"Feature","id":"30","geometry":{"type":"Point","coordinates":[30.175340000000062,41.09159000000005]},"properties":{"OBJECTID":30,"IstNo":12002098,"SuAdi":"YULAFLI D.","IstAdi":"ALAYBEY","BolgeNo":14,"ILKODU":41,"ILCEKODU":1430,"HAVZA_ID":2,"entityId":"30","entityType":"lakeStations","id":"30","name":"ALAYBEY","stationId":12002098,"basinId":2,"status":"no_data","color":"#94a3b8","radius":7}},{"type":"Feature","id":"31","geometry":{"type":"Point","coordinates":[30.020400000000052,41.116220000000055]},"properties":{"OBJECTID":31,"IstNo":12002100,"SuAdi":"KURUDERE","IstAdi":"PARGALI","BolgeNo":14,"ILKODU":41,"ILCEKODU":1430,"HAVZA_ID":2,"entityId":"31","entityType":"lakeStations","id":"31","name":"PARGALI","stationId":12002100,"basinId":2,"status":"no_data","color":"#94a3b8","radius":7}},{"type":"Feature","id":"32","geometry":{"type":"Point","coordinates":[29.899370000000033,41.09233000000006]},"properties":{"OBJECTID":32,"IstNo":12002101,"SuAdi":"YILGIN D.","IstAdi":"ÇELEBİKÖY","BolgeNo":14,"ILKODU":34,"ILCEKODU":1659,"HAVZA_ID":2,"entityId":"32","entityType":"lakeStations","id":"32","name":"ÇELEBİKÖY","stationId":12002101,"basinId":2,"status":"no_data","color":"#94a3b8","radius":7}},{"type":"Feature","id":"33","geometry":{"type":"Point","coordinates":[29.689280000000053,41.142220000000066]},"properties":{"OBJECTID":33,"IstNo":12002102,"SuAdi":"KABAKÖZ D.","IstAdi":"KABAKÖZ","BolgeNo":14,"ILKODU":34,"ILCEKODU":1659,"HAVZA_ID":2,"entityId":"33","entityType":"lakeStations","id":"33","name":"KABAKÖZ","stationId":12002102,"basinId":2,"status":"no_data","color":"#94a3b8","radius":7}},{"type":"Feature","id":"34","geometry":{"type":"Point","coordinates":[30.246680000000026,41.144490000000076]},"properties":{"OBJECTID":34,"IstNo":12002104,"SuAdi":"KUMCAĞIZ D.","IstAdi":"KEFKEN","BolgeNo":14,"ILKODU":41,"ILCEKODU":1430,"HAVZA_ID":2,"entityId":"34","entityType":"lakeStations","id":"34","name":"KEFKEN","stationId":12002104,"basinId":2,"status":"no_data","color":"#94a3b8","radius":7}},{"type":"Feature","id":"35","geometry":{"type":"Point","coordinates":[28.523610000000076,41.18500000000006]},"properties":{"OBJECTID":35,"IstNo":12002116,"SuAdi":"SARISU D.","IstAdi":"İZZETTİN","BolgeNo":14,"ILKODU":34,"ILCEKODU":1237,"HAVZA_ID":2,"entityId":"35","entityType":"lakeStations","id":"35","name":"İZZETTİN","stationId":12002116,"basinId":2,"status":"no_data","color":"#94a3b8","radius":7}},{"type":"Feature","id":"36","geometry":{"type":"Point","coordinates":[28.498890000000074,41.10278000000005]},"properties":{"OBJECTID":36,"IstNo":12002117,"SuAdi":"ÇAKIL D.","IstAdi":"AHMEDİYE","BolgeNo":14,"ILKODU":34,"ILCEKODU":1237,"HAVZA_ID":2,"entityId":"36","entityType":"lakeStations","id":"36","name":"AHMEDİYE","stationId":12002117,"basinId":2,"status":"no_data","color":"#94a3b8","radius":7}},{"type":"Feature","id":"37","geometry":{"type":"Point","coordinates":[27.55806000000007,41.89944000000003]},"properties":{"OBJECTID":37,"IstNo":12002119,"SuAdi":"VELİKA D.","IstAdi":"ARMUTVEREN","BolgeNo":11,"ILKODU":39,"ILCEKODU":1270,"HAVZA_ID":2,"entityId":"37","entityType":"lakeStations","id":"37","name":"ARMUTVEREN","stationId":12002119,"basinId":2,"status":"no_data","color":"#94a3b8","radius":7}},{"type":"Feature","id":"38","geometry":{"type":"Point","coordinates":[29.181670000000054,40.37500000000006]},"properties":{"OBJECTID":38,"IstNo":12002123,"SuAdi":"KOCADERE","IstAdi":"MURATOBA","BolgeNo":1,"ILKODU":16,"ILCEKODU":1343,"HAVZA_ID":2,"entityId":"38","entityType":"lakeStations","id":"38","name":"MURATOBA","stationId":12002123,"basinId":2,"status":"no_data","color":"#94a3b8","radius":7}},{"type":"Feature","id":"39","geometry":{"type":"Point","coordinates":[29.179170000000056,40.59111000000007]},"properties":{"OBJECTID":39,"IstNo":12002125,"SuAdi":"SELLİMANDIRA D.","IstAdi":"GÖKÇE BRJ.GİRİŞ","BolgeNo":1,"ILKODU":77,"ILCEKODU":2026,"HAVZA_ID":2,"entityId":"39","entityType":"lakeStations","id":"39","name":"GÖKÇE BRJ.GİRİŞ","stationId":12002125,"basinId":2,"status":"no_data","color":"#94a3b8","radius":7}},{"type":"Feature","id":"40","geometry":{"type":"Point","coordinates":[27.298610000000053,39.773060000000044]},"properties":{"OBJECTID":40,"IstNo":12002129,"SuAdi":"KARANLIK D.","IstAdi":"KIRIKLAR","BolgeNo":25,"ILKODU":17,"ILCEKODU":1722,"HAVZA_ID":2,"entityId":"40","entityType":"lakeStations","id":"40","name":"KIRIKLAR","stationId":12002129,"basinId":2,"status":"no_data","color":"#94a3b8","radius":7}},{"type":"Feature","id":"41","geometry":{"type":"Point","coordinates":[29.48667000000006,40.61528000000004]},"properties":{"OBJECTID":41,"IstNo":12002133,"SuAdi":"YAĞCIDERE","IstAdi":"SEMETLER","BolgeNo":1,"ILKODU":41,"ILCEKODU":2019,"HAVZA_ID":2,"entityId":"41","entityType":"lakeStations","id":"41","name":"SEMETLER","stationId":12002133,"basinId":2,"status":"no_data","color":"#94a3b8","radius":7}},{"type":"Feature","id":"42","geometry":{"type":"Point","coordinates":[29.474720000000048,40.650000000000034]},"properties":{"OBJECTID":42,"IstNo":12002134,"SuAdi":"KARADERE","IstAdi":"KARADERE KÖYÜ","BolgeNo":1,"ILKODU":41,"ILCEKODU":2019,"HAVZA_ID":2,"entityId":"42","entityType":"lakeStations","id":"42","name":"KARADERE KÖYÜ","stationId":12002134,"basinId":2,"status":"no_data","color":"#94a3b8","radius":7}},{"type":"Feature","id":"43","geometry":{"type":"Point","coordinates":[29.580550000000073,40.60056000000003]},"properties":{"OBJECTID":43,"IstNo":12002135,"SuAdi":"AVCIDERE","IstAdi":"AVCIKÖY","BolgeNo":1,"ILKODU":41,"ILCEKODU":1440,"HAVZA_ID":2,"entityId":"43","entityType":"lakeStations","id":"43","name":"AVCIKÖY","stationId":12002135,"basinId":2,"status":"no_data","color":"#94a3b8","radius":7}},{"type":"Feature","id":"44","geometry":{"type":"Point","coordinates":[28.976140000000044,41.082760000000064]},"properties":{"OBJECTID":44,"IstNo":12002136,"SuAdi":"KAĞITHANE D.","IstAdi":"KAĞITHANE","BolgeNo":14,"ILKODU":34,"ILCEKODU":1810,"HAVZA_ID":2,"entityId":"44","entityType":"lakeStations","id":"44","name":"KAĞITHANE","stationId":12002136,"basinId":2,"status":"no_data","color":"#94a3b8","radius":7}},{"type":"Feature","id":"45","geometry":{"type":"Point","coordinates":[27.32611000000003,39.83417000000003]},"properties":{"OBJECTID":45,"IstNo":12002138,"SuAdi":"GÖNEN Ç.","IstAdi":"BAYATLAR","BolgeNo":25,"ILKODU":17,"ILCEKODU":1722,"HAVZA_ID":2,"entityId":"45","entityType":"lakeStations","id":"45","name":"BAYATLAR","stationId":12002138,"basinId":2,"status":"no_data","color":"#94a3b8","radius":7}},{"type":"Feature","id":"46","geometry":{"type":"Point","coordinates":[29.514720000000068,41.121110000000044]},"properties":{"OBJECTID":46,"IstNo":12002140,"SuAdi":"YEŞİL D.","IstAdi":"KALEDİBİ","BolgeNo":14,"ILKODU":34,"ILCEKODU":1659,"HAVZA_ID":2,"entityId":"46","entityType":"lakeStations","id":"46","name":"KALEDİBİ","stationId":12002140,"basinId":2,"status":"no_data","color":"#94a3b8","radius":7}},{"type":"Feature","id":"47","geometry":{"type":"Point","coordinates":[27.850000000000023,41.63334000000003]},"properties":{"OBJECTID":47,"IstNo":12002143,"SuAdi":"KAZANDERE","IstAdi":"KÜÇÜKYAYLA","BolgeNo":11,"ILKODU":39,"ILCEKODU":1714,"HAVZA_ID":2,"entityId":"47","entityType":"lakeStations","id":"47","name":"KÜÇÜKYAYLA","stationId":12002143,"basinId":2,"status":"no_data","color":"#94a3b8","radius":7}},{"type":"Feature","id":"48","geometry":{"type":"Point","coordinates":[28.997200000000078,41.11211000000003]},"properties":{"OBJECTID":48,"IstNo":12002146,"SuAdi":"AYAZAĞA D.","IstAdi":"AYAZAĞA","BolgeNo":14,"ILKODU":34,"ILCEKODU":1604,"HAVZA_ID":2,"entityId":"48","entityType":"lakeStations","id":"48","name":"AYAZAĞA","stationId":12002146,"basinId":2,"status":"no_data","color":"#94a3b8","radius":7}},{"type":"Feature","id":"49","geometry":{"type":"Point","coordinates":[29.852230000000077,41.07217000000003]},"properties":{"OBJECTID":49,"IstNo":12002149,"SuAdi":"ÇANAKDERE","IstAdi":"SUNGURLU","BolgeNo":14,"ILKODU":34,"ILCEKODU":1659,"HAVZA_ID":2,"entityId":"49","entityType":"lakeStations","id":"49","name":"SUNGURLU","stationId":12002149,"basinId":2,"status":"no_data","color":"#94a3b8","radius":7}},{"type":"Feature","id":"50","geometry":{"type":"Point","coordinates":[27.984170000000063,41.61611000000005]},"properties":{"OBJECTID":50,"IstNo":12002150,"SuAdi":"YENE SUYU","IstAdi":"BALKAYA","BolgeNo":11,"ILKODU":39,"ILCEKODU":1714,"HAVZA_ID":2,"entityId":"50","entityType":"lakeStations","id":"50","name":"BALKAYA","stationId":12002150,"basinId":2,"status":"no_data","color":"#94a3b8","radius":7}},{"type":"Feature","id":"51","geometry":{"type":"Point","coordinates":[29.61833000000007,41.115000000000066]},"properties":{"OBJECTID":51,"IstNo":12002157,"SuAdi":"İMREN D.","IstAdi":"OVACIK","BolgeNo":14,"ILKODU":34,"ILCEKODU":1659,"HAVZA_ID":2,"entityId":"51","entityType":"lakeStations","id":"51","name":"OVACIK","stationId":12002157,"basinId":2,"status":"no_data","color":"#94a3b8","radius":7}},{"type":"Feature","id":"52","geometry":{"type":"Point","coordinates":[28.189440000000047,41.141110000000026]},"properties":{"OBJECTID":52,"IstNo":12002158,"SuAdi":"KOVA D.","IstAdi":"BÜYÜK KILIÇLI","BolgeNo":14,"ILKODU":34,"ILCEKODU":1622,"HAVZA_ID":2,"entityId":"52","entityType":"lakeStations","id":"52","name":"BÜYÜK KILIÇLI","stationId":12002158,"basinId":2,"status":"no_data","color":"#94a3b8","radius":7}},{"type":"Feature","id":"53","geometry":{"type":"Point","coordinates":[29.42667000000006,40.59972000000005]},"properties":{"OBJECTID":53,"IstNo":12002162,"SuAdi":"BURHANİYE DERESİ","IstAdi":"ÇUKUR KÖY","BolgeNo":1,"ILKODU":41,"ILCEKODU":2022,"HAVZA_ID":2,"entityId":"53","entityType":"lakeStations","id":"53","name":"ÇUKUR KÖY","stationId":12002162,"basinId":2,"status":"no_data","color":"#94a3b8","radius":7}},{"type":"Feature","id":"54","geometry":{"type":"Point","coordinates":[28.916940000000068,40.58167000000003]},"properties":{"OBJECTID":54,"IstNo":12002163,"SuAdi":"ÇALDERE","IstAdi":"ESENKÖY","BolgeNo":1,"ILKODU":77,"ILCEKODU":2021,"HAVZA_ID":2,"entityId":"54","entityType":"lakeStations","id":"54","name":"ESENKÖY","stationId":12002163,"basinId":2,"status":"no_data","color":"#94a3b8","radius":7}},{"type":"Feature","id":"55","geometry":{"type":"Point","coordinates":[29.761670000000038,40.56250000000006]},"properties":{"OBJECTID":55,"IstNo":12002164,"SuAdi":"KARADERE","IstAdi":"TACİR","BolgeNo":1,"ILKODU":16,"ILCEKODU":1420,"HAVZA_ID":2,"entityId":"55","entityType":"lakeStations","id":"55","name":"TACİR","stationId":12002164,"basinId":2,"status":"no_data","color":"#94a3b8","radius":7}},{"type":"Feature","id":"56","geometry":{"type":"Point","coordinates":[29.816940000000045,41.14000000000004]},"properties":{"OBJECTID":56,"IstNo":12002165,"SuAdi":"HAYDARLI D.","IstAdi":"KURFALLI","BolgeNo":14,"ILKODU":34,"ILCEKODU":1659,"HAVZA_ID":2,"entityId":"56","entityType":"lakeStations","id":"56","name":"KURFALLI","stationId":12002165,"basinId":2,"status":"no_data","color":"#94a3b8","radius":7}},{"type":"Feature","id":"57","geometry":{"type":"Point","coordinates":[28.45917000000003,41.16361000000006]},"properties":{"OBJECTID":57,"IstNo":12002166,"SuAdi":"KARASU D.","IstAdi":"KALEİÇİ","BolgeNo":14,"ILKODU":34,"ILCEKODU":1237,"HAVZA_ID":2,"entityId":"57","entityType":"lakeStations","id":"57","name":"KALEİÇİ","stationId":12002166,"basinId":2,"status":"no_data","color":"#94a3b8","radius":7}},{"type":"Feature","id":"58","geometry":{"type":"Point","coordinates":[29.162220000000048,41.21167000000003]},"properties":{"OBJECTID":58,"IstNo":12002167,"SuAdi":"HALAYIK D.","IstAdi":"ANADOLU FENERİ","BolgeNo":14,"ILKODU":34,"ILCEKODU":1185,"HAVZA_ID":2,"entityId":"58","entityType":"lakeStations","id":"58","name":"ANADOLU FENERİ","stationId":12002167,"basinId":2,"status":"no_data","color":"#94a3b8","radius":7}},{"type":"Feature","id":"59","geometry":{"type":"Point","coordinates":[29.013060000000053,40.625560000000064]},"properties":{"OBJECTID":59,"IstNo":12002168,"SuAdi":"KARACAKAYA D.","IstAdi":"ŞENKÖY","BolgeNo":1,"ILKODU":77,"ILCEKODU":2021,"HAVZA_ID":2,"entityId":"59","entityType":"lakeStations","id":"59","name":"ŞENKÖY","stationId":12002168,"basinId":2,"status":"no_data","color":"#94a3b8","radius":7}},{"type":"Feature","id":"60","geometry":{"type":"Point","coordinates":[29.771390000000054,41.13805000000008]},"properties":{"OBJECTID":60,"IstNo":12002169,"SuAdi":"MEŞE D.","IstAdi":"BOZGOCA","BolgeNo":14,"ILKODU":34,"ILCEKODU":1659,"HAVZA_ID":2,"entityId":"60","entityType":"lakeStations","id":"60","name":"BOZGOCA","stationId":12002169,"basinId":2,"status":"no_data","color":"#94a3b8","radius":7}},{"type":"Feature","id":"61","geometry":{"type":"Point","coordinates":[28.13250000000005,41.10917000000006]},"properties":{"OBJECTID":61,"IstNo":12002170,"SuAdi":"TATLI DERE","IstAdi":"ÇELTİK","BolgeNo":14,"ILKODU":34,"ILCEKODU":1622,"HAVZA_ID":2,"entityId":"61","entityType":"lakeStations","id":"61","name":"ÇELTİK","stationId":12002170,"basinId":2,"status":"no_data","color":"#94a3b8","radius":7}},{"type":"Feature","id":"62","geometry":{"type":"Point","coordinates":[29.725430000000074,41.137740000000065]},"properties":{"OBJECTID":62,"IstNo":12002171,"SuAdi":"MAHMUT DERE","IstAdi":"AKÇAKESE","BolgeNo":14,"ILKODU":34,"ILCEKODU":1659,"HAVZA_ID":2,"entityId":"62","entityType":"lakeStations","id":"62","name":"AKÇAKESE","stationId":12002171,"basinId":2,"status":"no_data","color":"#94a3b8","radius":7}},{"type":"Feature","id":"63","geometry":{"type":"Point","coordinates":[27.222500000000025,40.78583000000003]},"properties":{"OBJECTID":63,"IstNo":12002172,"SuAdi":"DOLAPDERE","IstAdi":"ORMANLI","BolgeNo":11,"ILKODU":59,"ILCEKODU":1652,"HAVZA_ID":2,"entityId":"63","entityType":"lakeStations","id":"63","name":"ORMANLI","stationId":12002172,"basinId":2,"status":"no_data","color":"#94a3b8","radius":7}},{"type":"Feature","id":"64","geometry":{"type":"Point","coordinates":[28.30111000000005,41.37667000000005]},"properties":{"OBJECTID":64,"IstNo":12002174,"SuAdi":"MANDIRA DERE","IstAdi":"KARAMANDERE","BolgeNo":14,"ILKODU":34,"ILCEKODU":1237,"HAVZA_ID":2,"entityId":"64","entityType":"lakeStations","id":"64","name":"KARAMANDERE","stationId":12002174,"basinId":2,"status":"no_data","color":"#94a3b8","radius":7}},{"type":"Feature","id":"65","geometry":{"type":"Point","coordinates":[28.721110000000067,41.16611000000006]},"properties":{"OBJECTID":65,"IstNo":12002176,"SuAdi":"DOMUZDERE","IstAdi":"HACIMAŞLI","BolgeNo":14,"ILKODU":34,"ILCEKODU":2048,"HAVZA_ID":2,"entityId":"65","entityType":"lakeStations","id":"65","name":"HACIMAŞLI","stationId":12002176,"basinId":2,"status":"no_data","color":"#94a3b8","radius":7}},{"type":"Feature","id":"66","geometry":{"type":"Point","coordinates":[28.367500000000064,41.42222000000004]},"properties":{"OBJECTID":66,"IstNo":12002177,"SuAdi":"KARASU DERE","IstAdi":"KARACAKÖY","BolgeNo":14,"ILKODU":34,"ILCEKODU":1237,"HAVZA_ID":2,"entityId":"66","entityType":"lakeStations","id":"66","name":"KARACAKÖY","stationId":12002177,"basinId":2,"status":"no_data","color":"#94a3b8","radius":7}},{"type":"Feature","id":"67","geometry":{"type":"Point","coordinates":[28.565000000000055,39.91417000000007]},"properties":{"OBJECTID":67,"IstNo":12003004,"SuAdi":"ALİOVA Ç.","IstAdi":"DEVECİ KONAĞI","BolgeNo":1,"ILKODU":16,"ILCEKODU":1535,"HAVZA_ID":3,"entityId":"67","entityType":"lakeStations","id":"67","name":"DEVECİ KONAĞI","stationId":12003004,"basinId":3,"status":"no_data","color":"#94a3b8","radius":7}},{"type":"Feature","id":"68","geometry":{"type":"Point","coordinates":[27.54586000000006,39.61478000000005]},"properties":{"OBJECTID":68,"IstNo":12003008,"SuAdi":"MADRA Ç.","IstAdi":"KAHVE","BolgeNo":25,"ILKODU":10,"ILCEKODU":1418,"HAVZA_ID":3,"entityId":"68","entityType":"lakeStations","id":"68","name":"KAHVE","stationId":12003008,"basinId":3,"status":"no_data","color":"#94a3b8","radius":7}},{"type":"Feature","id":"69","geometry":{"type":"Point","coordinates":[27.928310000000067,39.504270000000076]},"properties":{"OBJECTID":69,"IstNo":12003013,"SuAdi":"KİLLE Ç.","IstAdi":"İKİZCETEPELER","BolgeNo":25,"ILKODU":10,"ILCEKODU":2077,"HAVZA_ID":3,"entityId":"69","entityType":"lakeStations","id":"69","name":"İKİZCETEPELER","stationId":12003013,"basinId":3,"status":"no_data","color":"#94a3b8","radius":7}},{"type":"Feature","id":"70","geometry":{"type":"Point","coordinates":[27.925830000000076,39.58445000000006]},"properties":{"OBJECTID":70,"IstNo":12003021,"SuAdi":"ÜZÜMCÜ Ç.","IstAdi":"KÜÇÜK BOSTANCI","BolgeNo":25,"ILKODU":10,"ILCEKODU":2077,"HAVZA_ID":3,"entityId":"70","entityType":"lakeStations","id":"70","name":"KÜÇÜK BOSTANCI","stationId":12003021,"basinId":3,"status":"no_data","color":"#94a3b8","radius":7}},{"type":"Feature","id":"71","geometry":{"type":"Point","coordinates":[28.123330000000067,39.22306000000003]},"properties":{"OBJECTID":71,"IstNo":12003025,"SuAdi":"CÜNEYT Ç.","IstAdi":"CÜNEYT KÖPRÜSÜ","BolgeNo":25,"ILKODU":10,"ILCEKODU":1619,"HAVZA_ID":3,"entityId":"71","entityType":"lakeStations","id":"71","name":"CÜNEYT KÖPRÜSÜ","stationId":12003025,"basinId":3,"status":"no_data","color":"#94a3b8","radius":7}},{"type":"Feature","id":"72","geometry":{"type":"Point","coordinates":[29.317800000000034,40.221790000000055]},"properties":{"OBJECTID":72,"IstNo":12003027,"SuAdi":"GÖLBAŞI G.","IstAdi":"ÇIKIŞ","BolgeNo":1,"ILKODU":16,"ILCEKODU":1960,"HAVZA_ID":3,"entityId":"72","entityType":"lakeStations","id":"72","name":"ÇIKIŞ","stationId":12003027,"basinId":3,"status":"no_data","color":"#94a3b8","radius":7}},{"type":"Feature","id":"73","geometry":{"type":"Point","coordinates":[29.31194000000005,40.208330000000046]},"properties":{"OBJECTID":73,"IstNo":12003028,"SuAdi":"AKSU D.","IstAdi":"GÖLBAŞI GÖLÜ GİRİŞ","BolgeNo":1,"ILKODU":16,"ILCEKODU":1960,"HAVZA_ID":3,"entityId":"73","entityType":"lakeStations","id":"73","name":"GÖLBAŞI GÖLÜ GİRİŞ","stationId":12003028,"basinId":3,"status":"no_data","color":"#94a3b8","radius":7}},{"type":"Feature","id":"74","geometry":{"type":"Point","coordinates":[28.32444000000004,39.25861000000003]},"properties":{"OBJECTID":74,"IstNo":12003034,"SuAdi":"SİMAV Ç.","IstAdi":"OSMANLAR","BolgeNo":25,"ILKODU":10,"ILCEKODU":1619,"HAVZA_ID":3,"entityId":"74","entityType":"lakeStations","id":"74","name":"OSMANLAR","stationId":12003034,"basinId":3,"status":"no_data","color":"#94a3b8","radius":7}},{"type":"Feature","id":"75","geometry":{"type":"Point","coordinates":[29.148610000000076,40.122780000000034]},"properties":{"OBJECTID":75,"IstNo":12003038,"SuAdi":"KIRKPINARLAR D.","IstAdi":"ULUDAĞ","BolgeNo":1,"ILKODU":16,"ILCEKODU":1832,"HAVZA_ID":3,"entityId":"75","entityType":"lakeStations","id":"75","name":"ULUDAĞ","stationId":12003038,"basinId":3,"status":"no_data","color":"#94a3b8","radius":7}},{"type":"Feature","id":"76","geometry":{"type":"Point","coordinates":[29.00139000000007,40.08528000000007]},"properties":{"OBJECTID":76,"IstNo":12003044,"SuAdi":"NİLÜFER Ç.","IstAdi":"SELAHATTİN SAYGI BRJ.GİRİŞ","BolgeNo":1,"ILKODU":16,"ILCEKODU":1832,"HAVZA_ID":3,"entityId":"76","entityType":"lakeStations","id":"76","name":"SELAHATTİN SAYGI BRJ.GİRİŞ","stationId":12003044,"basinId":3,"status":"no_data","color":"#94a3b8","radius":7}},{"type":"Feature","id":"77","geometry":{"type":"Point","coordinates":[29.000000000000057,39.816670000000045]},"properties":{"OBJECTID":77,"IstNo":12003049,"SuAdi":"CUMA D.","IstAdi":"CUMAYERİ","BolgeNo":1,"ILKODU":16,"ILCEKODU":1553,"HAVZA_ID":3,"entityId":"77","entityType":"lakeStations","id":"77","name":"CUMAYERİ","stationId":12003049,"basinId":3,"status":"no_data","color":"#94a3b8","radius":7}},{"type":"Feature","id":"78","geometry":{"type":"Point","coordinates":[27.95583000000005,39.717220000000054]},"properties":{"OBJECTID":78,"IstNo":12003051,"SuAdi":"KÖTEYLİ D.","IstAdi":"DEĞİRMENBOĞAZI","BolgeNo":25,"ILKODU":10,"ILCEKODU":2078,"HAVZA_ID":3,"entityId":"78","entityType":"lakeStations","id":"78","name":"DEĞİRMENBOĞAZI","stationId":12003051,"basinId":3,"status":"no_data","color":"#94a3b8","radius":7}},{"type":"Feature","id":"79","geometry":{"type":"Point","coordinates":[28.727780000000052,39.62639000000007]},"properties":{"OBJECTID":79,"IstNo":12003052,"SuAdi":"DURSUNBEY Ç.","IstAdi":"SİNDERLER","BolgeNo":25,"ILKODU":10,"ILCEKODU":1291,"HAVZA_ID":3,"entityId":"79","entityType":"lakeStations","id":"79","name":"SİNDERLER","stationId":12003052,"basinId":3,"status":"no_data","color":"#94a3b8","radius":7}},{"type":"Feature","id":"80","geometry":{"type":"Point","coordinates":[29.033330000000035,40.05000000000007]},"properties":{"OBJECTID":80,"IstNo":12003054,"SuAdi":"NİLÜFER Ç.","IstAdi":"GÜNEYBAYIR","BolgeNo":1,"ILKODU":16,"ILCEKODU":1832,"HAVZA_ID":3,"entityId":"80","entityType":"lakeStations","id":"80","name":"GÜNEYBAYIR","stationId":12003054,"basinId":3,"status":"no_data","color":"#94a3b8","radius":7}},{"type":"Feature","id":"81","geometry":{"type":"Point","coordinates":[28.283330000000035,40.283330000000035]},"properties":{"OBJECTID":81,"IstNo":12003064,"SuAdi":"GÖLECİK D.","IstAdi":"GÖLECİK","BolgeNo":1,"ILKODU":16,"ILCEKODU":1434,"HAVZA_ID":3,"entityId":"81","entityType":"lakeStations","id":"81","name":"GÖLECİK","stationId":12003064,"basinId":3,"status":"no_data","color":"#94a3b8","radius":7}},{"type":"Feature","id":"82","geometry":{"type":"Point","coordinates":[28.038610000000062,40.06805000000003]},"properties":{"OBJECTID":82,"IstNo":12003067,"SuAdi":"MÜRVETLER D.","IstAdi":"MÜRVETLER SOL ANAKANAL","BolgeNo":25,"ILKODU":10,"ILCEKODU":1514,"HAVZA_ID":3,"entityId":"82","entityType":"lakeStations","id":"82","name":"MÜRVETLER SOL ANAKANAL","stationId":12003067,"basinId":3,"status":"no_data","color":"#94a3b8","radius":7}},{"type":"Feature","id":"83","geometry":{"type":"Point","coordinates":[28.968060000000037,40.121110000000044]},"properties":{"OBJECTID":83,"IstNo":12003075,"SuAdi":"NİLÜFER Ç.","IstAdi":"DOĞANCI BRJ.ÇIKIŞ","BolgeNo":1,"ILKODU":16,"ILCEKODU":1832,"HAVZA_ID":3,"entityId":"83","entityType":"lakeStations","id":"83","name":"DOĞANCI BRJ.ÇIKIŞ","stationId":12003075,"basinId":3,"status":"no_data","color":"#94a3b8","radius":7}},{"type":"Feature","id":"84","geometry":{"type":"Point","coordinates":[28.187500000000057,40.30472000000003]},"properties":{"OBJECTID":84,"IstNo":12003082,"SuAdi":"KOCADERE","IstAdi":"KEÇİLER","BolgeNo":1,"ILKODU":16,"ILCEKODU":1434,"HAVZA_ID":3,"entityId":"84","entityType":"lakeStations","id":"84","name":"KEÇİLER","stationId":12003082,"basinId":3,"status":"no_data","color":"#94a3b8","radius":7}},{"type":"Feature","id":"85","geometry":{"type":"Point","coordinates":[28.233330000000024,39.650000000000034]},"properties":{"OBJECTID":85,"IstNo":12003084,"SuAdi":"DEĞİRMENCİK D.","IstAdi":"EYÜPBÜKÜ","BolgeNo":25,"ILKODU":10,"ILCEKODU":1462,"HAVZA_ID":3,"entityId":"85","entityType":"lakeStations","id":"85","name":"EYÜPBÜKÜ","stationId":12003084,"basinId":3,"status":"no_data","color":"#94a3b8","radius":7}},{"type":"Feature","id":"86","geometry":{"type":"Point","coordinates":[28.26361000000003,39.39611000000008]},"properties":{"OBJECTID":86,"IstNo":12003086,"SuAdi":"KOCADERE","IstAdi":"ADALİ","BolgeNo":25,"ILKODU":10,"ILCEKODU":1191,"HAVZA_ID":3,"entityId":"86","entityType":"lakeStations","id":"86","name":"ADALİ","stationId":12003086,"basinId":3,"status":"no_data","color":"#94a3b8","radius":7}},{"type":"Feature","id":"87","geometry":{"type":"Point","coordinates":[27.96667000000008,39.908330000000035]},"properties":{"OBJECTID":87,"IstNo":12003087,"SuAdi":"KOCABÜK D.","IstAdi":"YESİLOVA","BolgeNo":25,"ILKODU":10,"ILCEKODU":2078,"HAVZA_ID":3,"entityId":"87","entityType":"lakeStations","id":"87","name":"YESİLOVA","stationId":12003087,"basinId":3,"status":"no_data","color":"#94a3b8","radius":7}},{"type":"Feature","id":"88","geometry":{"type":"Point","coordinates":[29.100000000000023,39.94695000000007]},"properties":{"OBJECTID":88,"IstNo":12003089,"SuAdi":"ORHANELİ Ç.","IstAdi":"ÇALTILIBÜK","BolgeNo":1,"ILKODU":16,"ILCEKODU":1553,"HAVZA_ID":3,"entityId":"88","entityType":"lakeStations","id":"88","name":"ÇALTILIBÜK","stationId":12003089,"basinId":3,"status":"no_data","color":"#94a3b8","radius":7}},{"type":"Feature","id":"89","geometry":{"type":"Point","coordinates":[29.050000000000068,40.16667000000007]},"properties":{"OBJECTID":89,"IstNo":12003091,"SuAdi":"GÖKDERE","IstAdi":"SETBAŞI","BolgeNo":1,"ILKODU":16,"ILCEKODU":1832,"HAVZA_ID":3,"entityId":"89","entityType":"lakeStations","id":"89","name":"SETBAŞI","stationId":12003091,"basinId":3,"status":"no_data","color":"#94a3b8","radius":7}},{"type":"Feature","id":"90","geometry":{"type":"Point","coordinates":[28.30750000000006,39.409170000000074]},"properties":{"OBJECTID":90,"IstNo":12003096,"SuAdi":"OBEN D.","IstAdi":"OKÇULAR","BolgeNo":25,"ILKODU":10,"ILCEKODU":1191,"HAVZA_ID":3,"entityId":"90","entityType":"lakeStations","id":"90","name":"OKÇULAR","stationId":12003096,"basinId":3,"status":"no_data","color":"#94a3b8","radius":7}},{"type":"Feature","id":"91","geometry":{"type":"Point","coordinates":[29.346940000000075,39.803330000000074]},"properties":{"OBJECTID":91,"IstNo":12003102,"SuAdi":"ORHANELİ Ç.","IstAdi":"ÇAYÖREN","BolgeNo":1,"ILKODU":16,"ILCEKODU":1457,"HAVZA_ID":3,"entityId":"91","entityType":"lakeStations","id":"91","name":"ÇAYÖREN","stationId":12003102,"basinId":3,"status":"no_data","color":"#94a3b8","radius":7}},{"type":"Feature","id":"92","geometry":{"type":"Point","coordinates":[28.157220000000052,40.161110000000065]},"properties":{"OBJECTID":92,"IstNo":12003115,"SuAdi":"KARADERE","IstAdi":"İSMETPAŞA","BolgeNo":1,"ILKODU":16,"ILCEKODU":1434,"HAVZA_ID":3,"entityId":"92","entityType":"lakeStations","id":"92","name":"İSMETPAŞA","stationId":12003115,"basinId":3,"status":"no_data","color":"#94a3b8","radius":7}},{"type":"Feature","id":"93","geometry":{"type":"Point","coordinates":[28.731390000000033,39.69917000000004]},"properties":{"OBJECTID":93,"IstNo":12003125,"SuAdi":"EMET Ç.","IstAdi":"DÜĞÜNCÜLER","BolgeNo":1,"ILKODU":77,"ILCEKODU":1291,"HAVZA_ID":3,"entityId":"93","entityType":"lakeStations","id":"93","name":"DÜĞÜNCÜLER","stationId":12003125,"basinId":3,"status":"no_data","color":"#94a3b8","radius":7}},{"type":"Feature","id":"94","geometry":{"type":"Point","coordinates":[28.12000000000006,39.458060000000046]},"properties":{"OBJECTID":94,"IstNo":12003128,"SuAdi":"SİMAV Ç.","IstAdi":"KADIKÖY KÖP.","BolgeNo":25,"ILKODU":10,"ILCEKODU":1191,"HAVZA_ID":3,"entityId":"94","entityType":"lakeStations","id":"94","name":"KADIKÖY KÖP.","stationId":12003128,"basinId":3,"status":"no_data","color":"#94a3b8","radius":7}},{"type":"Feature","id":"95","geometry":{"type":"Point","coordinates":[28.63722000000007,39.504170000000045]},"properties":{"OBJECTID":95,"IstNo":12003129,"SuAdi":"DURSUNBEY Ç.","IstAdi":"AŞAĞIYAĞCILAR","BolgeNo":25,"ILKODU":10,"ILCEKODU":1291,"HAVZA_ID":3,"entityId":"95","entityType":"lakeStations","id":"95","name":"AŞAĞIYAĞCILAR","stationId":12003129,"basinId":3,"status":"no_data","color":"#94a3b8","radius":7}},{"type":"Feature","id":"96","geometry":{"type":"Point","coordinates":[28.20139000000006,39.581390000000056]},"properties":{"OBJECTID":96,"IstNo":12003130,"SuAdi":"KİLLE Ç.","IstAdi":"SARIÇAYIR","BolgeNo":25,"ILKODU":10,"ILCEKODU":1462,"HAVZA_ID":3,"entityId":"96","entityType":"lakeStations","id":"96","name":"SARIÇAYIR","stationId":12003130,"basinId":3,"status":"no_data","color":"#94a3b8","radius":7}},{"type":"Feature","id":"97","geometry":{"type":"Point","coordinates":[29.298330000000078,40.25528000000003]},"properties":{"OBJECTID":97,"IstNo":12003133,"SuAdi":"NARLI D.","IstAdi":"NARLIDERE KÖPRÜ","BolgeNo":1,"ILKODU":16,"ILCEKODU":1960,"HAVZA_ID":3,"entityId":"97","entityType":"lakeStations","id":"97","name":"NARLIDERE KÖPRÜ","stationId":12003133,"basinId":3,"status":"no_data","color":"#94a3b8","radius":7}},{"type":"Feature","id":"98","geometry":{"type":"Point","coordinates":[28.161110000000065,39.58667000000003]},"properties":{"OBJECTID":98,"IstNo":12003135,"SuAdi":"DOMBAY D.","IstAdi":"DEDEKAŞI","BolgeNo":25,"ILKODU":10,"ILCEKODU":1462,"HAVZA_ID":3,"entityId":"98","entityType":"lakeStations","id":"98","name":"DEDEKAŞI","stationId":12003135,"basinId":3,"status":"no_data","color":"#94a3b8","radius":7}},{"type":"Feature","id":"99","geometry":{"type":"Point","coordinates":[27.968890000000044,40.07528000000008]},"properties":{"OBJECTID":99,"IstNo":12003136,"SuAdi":"KOCAÇAY","IstAdi":"KAYACA","BolgeNo":25,"ILKODU":10,"ILCEKODU":1514,"HAVZA_ID":3,"entityId":"99","entityType":"lakeStations","id":"99","name":"KAYACA","stationId":12003136,"basinId":3,"status":"no_data","color":"#94a3b8","radius":7}},{"type":"Feature","id":"100","geometry":{"type":"Point","coordinates":[29.201940000000036,39.99445000000003]},"properties":{"OBJECTID":100,"IstNo":12003139,"SuAdi":"NİLÜFER Ç.","IstAdi":"BARAKLI","BolgeNo":1,"ILKODU":16,"ILCEKODU":1832,"HAVZA_ID":3,"entityId":"100","entityType":"lakeStations","id":"100","name":"BARAKLI","stationId":12003139,"basinId":3,"status":"no_data","color":"#94a3b8","radius":7}},{"type":"Feature","id":"101","geometry":{"type":"Point","coordinates":[28.43972000000008,39.925830000000076]},"properties":{"OBJECTID":101,"IstNo":12003144,"SuAdi":"SARP DERE","IstAdi":"AKARCA","BolgeNo":1,"ILKODU":16,"ILCEKODU":1535,"HAVZA_ID":3,"entityId":"101","entityType":"lakeStations","id":"101","name":"AKARCA","stationId":12003144,"basinId":3,"status":"no_data","color":"#94a3b8","radius":7}},{"type":"Feature","id":"102","geometry":{"type":"Point","coordinates":[27.356110000000058,39.515280000000075]},"properties":{"OBJECTID":102,"IstNo":12003146,"SuAdi":"MADRA ÇAYI","IstAdi":"AYAKLI","BolgeNo":25,"ILKODU":10,"ILCEKODU":1418,"HAVZA_ID":3,"entityId":"102","entityType":"lakeStations","id":"102","name":"AYAKLI","stationId":12003146,"basinId":3,"status":"no_data","color":"#94a3b8","radius":7}},{"type":"Feature","id":"103","geometry":{"type":"Point","coordinates":[28.51944000000003,39.91555000000005]},"properties":{"OBJECTID":103,"IstNo":12003147,"SuAdi":"GÜVEM DERE","IstAdi":"KÖSEHOROZ","BolgeNo":1,"ILKODU":16,"ILCEKODU":1535,"HAVZA_ID":3,"entityId":"103","entityType":"lakeStations","id":"103","name":"KÖSEHOROZ","stationId":12003147,"basinId":3,"status":"no_data","color":"#94a3b8","radius":7}},{"type":"Feature","id":"104","geometry":{"type":"Point","coordinates":[28.478890000000035,40.10056000000003]},"properties":{"OBJECTID":104,"IstNo":12003148,"SuAdi":"MUSTAFA KEMAL PAŞA Ç.","IstAdi":"DOĞANCI","BolgeNo":1,"ILKODU":16,"ILCEKODU":1535,"HAVZA_ID":3,"entityId":"104","entityType":"lakeStations","id":"104","name":"DOĞANCI","stationId":12003148,"basinId":3,"status":"no_data","color":"#94a3b8","radius":7}},{"type":"Feature","id":"105","geometry":{"type":"Point","coordinates":[28.768050000000073,39.652780000000064]},"properties":{"OBJECTID":105,"IstNo":12003149,"SuAdi":"EMET ÇAYI","IstAdi":"MAZLUMLAR","BolgeNo":1,"ILKODU":16,"ILCEKODU":1291,"HAVZA_ID":3,"entityId":"105","entityType":"lakeStations","id":"105","name":"MAZLUMLAR","stationId":12003149,"basinId":3,"status":"no_data","color":"#94a3b8","radius":7}},{"type":"Feature","id":"106","geometry":{"type":"Point","coordinates":[28.45861000000008,40.296110000000056]},"properties":{"OBJECTID":106,"IstNo":12003150,"SuAdi":"NİLÜFER ÇAYI","IstAdi":"HAYIRLAR","BolgeNo":1,"ILKODU":16,"ILCEKODU":1434,"HAVZA_ID":3,"entityId":"106","entityType":"lakeStations","id":"106","name":"HAYIRLAR","stationId":12003150,"basinId":3,"status":"no_data","color":"#94a3b8","radius":7}},{"type":"Feature","id":"107","geometry":{"type":"Point","coordinates":[27.01750000000004,39.44584000000003]},"properties":{"OBJECTID":107,"IstNo":12004016,"SuAdi":"KARADERE","IstAdi":"BAHADINLI","BolgeNo":25,"ILKODU":10,"ILCEKODU":1216,"HAVZA_ID":4,"entityId":"107","entityType":"lakeStations","id":"107","name":"BAHADINLI","stationId":12004016,"basinId":4,"status":"no_data","color":"#94a3b8","radius":7}},{"type":"Feature","id":"108","geometry":{"type":"Point","coordinates":[26.99278000000004,39.43972000000008]},"properties":{"OBJECTID":108,"IstNo":12004017,"SuAdi":"KARINCA D.","IstAdi":"REŞİTKÖY","BolgeNo":25,"ILKODU":10,"ILCEKODU":1216,"HAVZA_ID":4,"entityId":"108","entityType":"lakeStations","id":"108","name":"REŞİTKÖY","stationId":12004017,"basinId":4,"status":"no_data","color":"#94a3b8","radius":7}},{"type":"Feature","id":"109","geometry":{"type":"Point","coordinates":[27.06194000000005,39.61889000000008]},"properties":{"OBJECTID":109,"IstNo":12004031,"SuAdi":"EYBEK D.","IstAdi":"ÇAMCI","BolgeNo":25,"ILKODU":10,"ILCEKODU":1294,"HAVZA_ID":4,"entityId":"109","entityType":"lakeStations","id":"109","name":"ÇAMCI","stationId":12004031,"basinId":4,"status":"no_data","color":"#94a3b8","radius":7}},{"type":"Feature","id":"110","geometry":{"type":"Point","coordinates":[26.95306000000005,39.616940000000056]},"properties":{"OBJECTID":110,"IstNo":12004036,"SuAdi":"ZEYTİNLİ Ç.","IstAdi":"ZEYTİNLI","BolgeNo":25,"ILKODU":10,"ILCEKODU":1294,"HAVZA_ID":4,"entityId":"110","entityType":"lakeStations","id":"110","name":"ZEYTİNLI","stationId":12004036,"basinId":4,"status":"no_data","color":"#94a3b8","radius":7}},{"type":"Feature","id":"111","geometry":{"type":"Point","coordinates":[27.157500000000027,39.587780000000066]},"properties":{"OBJECTID":111,"IstNo":12004047,"SuAdi":"İNÖNÜ Ç.","IstAdi":"İNÖNÜ","BolgeNo":25,"ILKODU":10,"ILCEKODU":1384,"HAVZA_ID":4,"entityId":"111","entityType":"lakeStations","id":"111","name":"İNÖNÜ","stationId":12004047,"basinId":4,"status":"no_data","color":"#94a3b8","radius":7}},{"type":"Feature","id":"112","geometry":{"type":"Point","coordinates":[27.475280000000055,39.13306000000006]},"properties":{"OBJECTID":112,"IstNo":12004051,"SuAdi":"CUMALI D.","IstAdi":"CUMALI","BolgeNo":2,"ILKODU":35,"ILCEKODU":1467,"HAVZA_ID":4,"entityId":"112","entityType":"lakeStations","id":"112","name":"CUMALI","stationId":12004051,"basinId":4,"status":"no_data","color":"#94a3b8","radius":7}},{"type":"Feature","id":"113","geometry":{"type":"Point","coordinates":[27.45667000000003,39.21750000000003]},"properties":{"OBJECTID":113,"IstNo":12004053,"SuAdi":"ILICA D.","IstAdi":"SARICALAR","BolgeNo":2,"ILKODU":35,"ILCEKODU":1181,"HAVZA_ID":4,"entityId":"113","entityType":"lakeStations","id":"113","name":"SARICALAR","stationId":12004053,"basinId":4,"status":"no_data","color":"#94a3b8","radius":7}},{"type":"Feature","id":"114","geometry":{"type":"Point","coordinates":[27.167500000000075,39.571390000000065]},"properties":{"OBJECTID":114,"IstNo":12004055,"SuAdi":"HAVRAN Ç.","IstAdi":"HAVRAN BRJ ÇKŞ","BolgeNo":25,"ILKODU":10,"ILCEKODU":1384,"HAVZA_ID":4,"entityId":"114","entityType":"lakeStations","id":"114","name":"HAVRAN BRJ ÇKŞ","stationId":12004055,"basinId":4,"status":"no_data","color":"#94a3b8","radius":7}},{"type":"Feature","id":"115","geometry":{"type":"Point","coordinates":[26.830280000000073,39.23333000000008]},"properties":{"OBJECTID":115,"IstNo":12004056,"SuAdi":"MADRA Ç.","IstAdi":"MADRA BARAJ ÇIKIŞI","BolgeNo":25,"ILKODU":10,"ILCEKODU":1161,"HAVZA_ID":4,"entityId":"115","entityType":"lakeStations","id":"115","name":"MADRA BARAJ ÇIKIŞI","stationId":12004056,"basinId":4,"status":"no_data","color":"#94a3b8","radius":7}},{"type":"Feature","id":"116","geometry":{"type":"Point","coordinates":[27.448890000000063,39.068610000000035]},"properties":{"OBJECTID":116,"IstNo":12004058,"SuAdi":"KARADERE","IstAdi":"KOCAÖMERLİ","BolgeNo":2,"ILKODU":35,"ILCEKODU":1467,"HAVZA_ID":4,"entityId":"116","entityType":"lakeStations","id":"116","name":"KOCAÖMERLİ","stationId":12004058,"basinId":4,"status":"no_data","color":"#94a3b8","radius":7}},{"type":"Feature","id":"117","geometry":{"type":"Point","coordinates":[27.148610000000076,39.16361000000006]},"properties":{"OBJECTID":117,"IstNo":12004063,"SuAdi":"KÖMÜRCÜ DERESİ","IstAdi":"MUSTAFAAĞA KONAĞI","BolgeNo":2,"ILKODU":35,"ILCEKODU":1181,"HAVZA_ID":4,"entityId":"117","entityType":"lakeStations","id":"117","name":"MUSTAFAAĞA KONAĞI","stationId":12004063,"basinId":4,"status":"no_data","color":"#94a3b8","radius":7}},{"type":"Feature","id":"118","geometry":{"type":"Point","coordinates":[27.308610000000044,38.855560000000025]},"properties":{"OBJECTID":118,"IstNo":12004064,"SuAdi":"KOCAÇAY","IstAdi":"SÜNGÜLLÜ","BolgeNo":2,"ILKODU":45,"ILCEKODU":2087,"HAVZA_ID":4,"entityId":"118","entityType":"lakeStations","id":"118","name":"SÜNGÜLLÜ","stationId":12004064,"basinId":4,"status":"no_data","color":"#94a3b8","radius":7}},{"type":"Feature","id":"119","geometry":{"type":"Point","coordinates":[26.723330000000033,39.91139000000004]},"properties":{"OBJECTID":119,"IstNo":12004066,"SuAdi":"TUZLA Ç.","IstAdi":"AYVACIK BRJ. ÇIKIŞI","BolgeNo":25,"ILKODU":17,"ILCEKODU":1180,"HAVZA_ID":4,"entityId":"119","entityType":"lakeStations","id":"119","name":"AYVACIK BRJ. ÇIKIŞI","stationId":12004066,"basinId":4,"status":"no_data","color":"#94a3b8","radius":7}},{"type":"Feature","id":"120","geometry":{"type":"Point","coordinates":[27.11528000000004,39.61139000000003]},"properties":{"OBJECTID":120,"IstNo":12004068,"SuAdi":"KALABAK Ç.","IstAdi":"KALABAK","BolgeNo":25,"ILKODU":10,"ILCEKODU":1384,"HAVZA_ID":4,"entityId":"120","entityType":"lakeStations","id":"120","name":"KALABAK","stationId":12004068,"basinId":4,"status":"no_data","color":"#94a3b8","radius":7}},{"type":"Feature","id":"121","geometry":{"type":"Point","coordinates":[26.757780000000025,39.58445000000006]},"properties":{"OBJECTID":121,"IstNo":12004069,"SuAdi":"ŞAHİN D.","IstAdi":"ŞAHİN ","BolgeNo":25,"ILKODU":10,"ILCEKODU":1294,"HAVZA_ID":4,"entityId":"121","entityType":"lakeStations","id":"121","name":"ŞAHİN ","stationId":12004069,"basinId":4,"status":"no_data","color":"#94a3b8","radius":7}},{"type":"Feature","id":"122","geometry":{"type":"Point","coordinates":[27.827780000000075,38.952780000000075]},"properties":{"OBJECTID":122,"IstNo":12005015,"SuAdi":"MEDAR Ç.","IstAdi":"MEDAR KÖPRÜSÜ","BolgeNo":2,"ILKODU":45,"ILCEKODU":1118,"HAVZA_ID":5,"entityId":"122","entityType":"lakeStations","id":"122","name":"MEDAR KÖPRÜSÜ","stationId":12005015,"basinId":5,"status":"no_data","color":"#94a3b8","radius":7}},{"type":"Feature","id":"123","geometry":{"type":"Point","coordinates":[28.050280000000043,38.464170000000024]},"properties":{"OBJECTID":123,"IstNo":12005021,"SuAdi":"TABAK D.","IstAdi":"ÇALTILI","BolgeNo":2,"ILKODU":45,"ILCEKODU":1590,"HAVZA_ID":5,"entityId":"123","entityType":"lakeStations","id":"123","name":"ÇALTILI","stationId":12005021,"basinId":5,"status":"no_data","color":"#94a3b8","radius":7}},{"type":"Feature","id":"124","geometry":{"type":"Point","coordinates":[27.33361000000008,38.68195000000003]},"properties":{"OBJECTID":124,"IstNo":12005025,"SuAdi":"GEDİZ N.","IstAdi":"MURADİYE KÖPRÜSÜ","BolgeNo":2,"ILKODU":45,"ILCEKODU":2087,"HAVZA_ID":5,"entityId":"124","entityType":"lakeStations","id":"124","name":"MURADİYE KÖPRÜSÜ","stationId":12005025,"basinId":5,"status":"no_data","color":"#94a3b8","radius":7}},{"type":"Feature","id":"125","geometry":{"type":"Point","coordinates":[27.399440000000027,38.76944000000003]},"properties":{"OBJECTID":125,"IstNo":12005026,"SuAdi":"SARMA Ç.","IstAdi":"SARMA","BolgeNo":2,"ILKODU":45,"ILCEKODU":2087,"HAVZA_ID":5,"entityId":"125","entityType":"lakeStations","id":"125","name":"SARMA","stationId":12005026,"basinId":5,"status":"no_data","color":"#94a3b8","radius":7}},{"type":"Feature","id":"126","geometry":{"type":"Point","coordinates":[28.19667000000004,38.77139000000005]},"properties":{"OBJECTID":126,"IstNo":12005028,"SuAdi":"GÖRDES Ç.","IstAdi":"HACIHIDIR","BolgeNo":2,"ILKODU":45,"ILCEKODU":1362,"HAVZA_ID":5,"entityId":"126","entityType":"lakeStations","id":"126","name":"HACIHIDIR","stationId":12005028,"basinId":5,"status":"no_data","color":"#94a3b8","radius":7}},{"type":"Feature","id":"127","geometry":{"type":"Point","coordinates":[28.189170000000047,38.51028000000008]},"properties":{"OBJECTID":127,"IstNo":12005031,"SuAdi":"ALAŞEHİR Ç.","IstAdi":"TAYTAN KÖPRÜSÜ","BolgeNo":2,"ILKODU":45,"ILCEKODU":1590,"HAVZA_ID":5,"entityId":"127","entityType":"lakeStations","id":"127","name":"TAYTAN KÖPRÜSÜ","stationId":12005031,"basinId":5,"status":"no_data","color":"#94a3b8","radius":7}},{"type":"Feature","id":"128","geometry":{"type":"Point","coordinates":[27.942500000000052,38.49333000000007]},"properties":{"OBJECTID":128,"IstNo":12005039,"SuAdi":"AHMETLİ Ç.","IstAdi":"DEREKÖY","BolgeNo":2,"ILKODU":45,"ILCEKODU":1751,"HAVZA_ID":5,"entityId":"128","entityType":"lakeStations","id":"128","name":"DEREKÖY","stationId":12005039,"basinId":5,"status":"no_data","color":"#94a3b8","radius":7}},{"type":"Feature","id":"129","geometry":{"type":"Point","coordinates":[28.005000000000052,39.12417000000005]},"properties":{"OBJECTID":129,"IstNo":12005043,"SuAdi":"CEMAL D.","IstAdi":"KAYGANLI","BolgeNo":2,"ILKODU":45,"ILCEKODU":1118,"HAVZA_ID":5,"entityId":"129","entityType":"lakeStations","id":"129","name":"KAYGANLI","stationId":12005043,"basinId":5,"status":"no_data","color":"#94a3b8","radius":7}},{"type":"Feature","id":"130","geometry":{"type":"Point","coordinates":[27.964170000000024,39.06083000000007]},"properties":{"OBJECTID":130,"IstNo":12005044,"SuAdi":"DEMİRBÜKEN D.","IstAdi":"BAŞLAMIŞ","BolgeNo":2,"ILKODU":45,"ILCEKODU":1118,"HAVZA_ID":5,"entityId":"130","entityType":"lakeStations","id":"130","name":"BAŞLAMIŞ","stationId":12005044,"basinId":5,"status":"no_data","color":"#94a3b8","radius":7}},{"type":"Feature","id":"131","geometry":{"type":"Point","coordinates":[28.244440000000054,38.428890000000024]},"properties":{"OBJECTID":131,"IstNo":12005048,"SuAdi":"DEĞİRMENDERE","IstAdi":"DOĞANLAR","BolgeNo":2,"ILKODU":45,"ILCEKODU":1590,"HAVZA_ID":5,"entityId":"131","entityType":"lakeStations","id":"131","name":"DOĞANLAR","stationId":12005048,"basinId":5,"status":"no_data","color":"#94a3b8","radius":7}},{"type":"Feature","id":"132","geometry":{"type":"Point","coordinates":[27.847780000000057,38.45722000000006]},"properties":{"OBJECTID":132,"IstNo":12005055,"SuAdi":"GÜRLEVİK D.","IstAdi":"AKÇAPINAR","BolgeNo":2,"ILKODU":45,"ILCEKODU":1689,"HAVZA_ID":5,"entityId":"132","entityType":"lakeStations","id":"132","name":"AKÇAPINAR","stationId":12005055,"basinId":5,"status":"no_data","color":"#94a3b8","radius":7}},{"type":"Feature","id":"133","geometry":{"type":"Point","coordinates":[28.603890000000035,38.66889000000003]},"properties":{"OBJECTID":133,"IstNo":12005060,"SuAdi":"GEDİZ N.","IstAdi":"HAMİDİYE KÖP.","BolgeNo":2,"ILKODU":45,"ILCEKODU":1489,"HAVZA_ID":5,"entityId":"133","entityType":"lakeStations","id":"133","name":"HAMİDİYE KÖP.","stationId":12005060,"basinId":5,"status":"no_data","color":"#94a3b8","radius":7}},{"type":"Feature","id":"134","geometry":{"type":"Point","coordinates":[29.295560000000023,38.781390000000044]},"properties":{"OBJECTID":134,"IstNo":12005064,"SuAdi":"DİKENDERE","IstAdi":"SARIBURUN","BolgeNo":2,"ILKODU":64,"ILCEKODU":1704,"HAVZA_ID":5,"entityId":"134","entityType":"lakeStations","id":"134","name":"SARIBURUN","stationId":12005064,"basinId":5,"status":"no_data","color":"#94a3b8","radius":7}},{"type":"Feature","id":"135","geometry":{"type":"Point","coordinates":[27.873610000000042,39.01944000000003]},"properties":{"OBJECTID":135,"IstNo":12005069,"SuAdi":"GÜRDÜKÇAYI","IstAdi":"GÖKÇEAHMET","BolgeNo":2,"ILKODU":45,"ILCEKODU":1118,"HAVZA_ID":5,"entityId":"135","entityType":"lakeStations","id":"135","name":"GÖKÇEAHMET","stationId":12005069,"basinId":5,"status":"no_data","color":"#94a3b8","radius":7}},{"type":"Feature","id":"136","geometry":{"type":"Point","coordinates":[27.819170000000042,38.46556000000004]},"properties":{"OBJECTID":136,"IstNo":12005070,"SuAdi":"KARACAALİDERE","IstAdi":"ÇIKRIKÇI","BolgeNo":2,"ILKODU":45,"ILCEKODU":1689,"HAVZA_ID":5,"entityId":"136","entityType":"lakeStations","id":"136","name":"ÇIKRIKÇI","stationId":12005070,"basinId":5,"status":"no_data","color":"#94a3b8","radius":7}},{"type":"Feature","id":"137","geometry":{"type":"Point","coordinates":[29.026670000000024,38.58055000000007]},"properties":{"OBJECTID":137,"IstNo":12005072,"SuAdi":"KURBAĞALIDERE","IstAdi":"KOCABEY","BolgeNo":2,"ILKODU":64,"ILCEKODU":1323,"HAVZA_ID":5,"entityId":"137","entityType":"lakeStations","id":"137","name":"KOCABEY","stationId":12005072,"basinId":5,"status":"no_data","color":"#94a3b8","radius":7}},{"type":"Feature","id":"138","geometry":{"type":"Point","coordinates":[27.670000000000073,38.41083000000003]},"properties":{"OBJECTID":138,"IstNo":12005078,"SuAdi":"SİNANCILAR D.","IstAdi":"GÖLCÜK","BolgeNo":2,"ILKODU":35,"ILCEKODU":1461,"HAVZA_ID":5,"entityId":"138","entityType":"lakeStations","id":"138","name":"GÖLCÜK","stationId":12005078,"basinId":5,"status":"no_data","color":"#94a3b8","radius":7}},{"type":"Feature","id":"139","geometry":{"type":"Point","coordinates":[29.014720000000068,38.71139000000005]},"properties":{"OBJECTID":139,"IstNo":12005079,"SuAdi":"KUNDUZ D","IstAdi":"YENİKÖY","BolgeNo":2,"ILKODU":64,"ILCEKODU":1704,"HAVZA_ID":5,"entityId":"139","entityType":"lakeStations","id":"139","name":"YENİKÖY","stationId":12005079,"basinId":5,"status":"no_data","color":"#94a3b8","radius":7}},{"type":"Feature","id":"140","geometry":{"type":"Point","coordinates":[28.04917000000006,38.74861000000004]},"properties":{"OBJECTID":140,"IstNo":12005080,"SuAdi":"GÖRDES ÇAYI","IstAdi":"TAŞKUYUCAK","BolgeNo":2,"ILKODU":45,"ILCEKODU":1793,"HAVZA_ID":5,"entityId":"140","entityType":"lakeStations","id":"140","name":"TAŞKUYUCAK","stationId":12005080,"basinId":5,"status":"no_data","color":"#94a3b8","radius":7}},{"type":"Feature","id":"141","geometry":{"type":"Point","coordinates":[27.708890000000054,38.424720000000036]},"properties":{"OBJECTID":141,"IstNo":12005082,"SuAdi":"TEKKEDERE","IstAdi":"HAMZABABA","BolgeNo":2,"ILKODU":35,"ILCEKODU":1689,"HAVZA_ID":5,"entityId":"141","entityType":"lakeStations","id":"141","name":"HAMZABABA","stationId":12005082,"basinId":5,"status":"no_data","color":"#94a3b8","radius":7}},{"type":"Feature","id":"142","geometry":{"type":"Point","coordinates":[27.733610000000056,38.41778000000005]},"properties":{"OBJECTID":142,"IstNo":12005083,"SuAdi":"ÇATALDERE","IstAdi":"ÇATALKÖPRÜ","BolgeNo":2,"ILKODU":45,"ILCEKODU":1689,"HAVZA_ID":5,"entityId":"142","entityType":"lakeStations","id":"142","name":"ÇATALKÖPRÜ","stationId":12005083,"basinId":5,"status":"no_data","color":"#94a3b8","radius":7}},{"type":"Feature","id":"143","geometry":{"type":"Point","coordinates":[27.55361000000005,38.241390000000024]},"properties":{"OBJECTID":143,"IstNo":12006025,"SuAdi":"ULADI Ç.","IstAdi":"YAKAPINAR","BolgeNo":2,"ILKODU":35,"ILCEKODU":1178,"HAVZA_ID":6,"entityId":"143","entityType":"lakeStations","id":"143","name":"YAKAPINAR","stationId":12006025,"basinId":6,"status":"no_data","color":"#94a3b8","radius":7}},{"type":"Feature","id":"144","geometry":{"type":"Point","coordinates":[26.374720000000025,38.57167000000004]},"properties":{"OBJECTID":144,"IstNo":12006028,"SuAdi":"DERİNCE D.","IstAdi":"KÜÇÜKBAHÇE","BolgeNo":2,"ILKODU":35,"ILCEKODU":1432,"HAVZA_ID":6,"entityId":"144","entityType":"lakeStations","id":"144","name":"KÜÇÜKBAHÇE","stationId":12006028,"basinId":6,"status":"no_data","color":"#94a3b8","radius":7}},{"type":"Feature","id":"145","geometry":{"type":"Point","coordinates":[28.193610000000035,38.23417000000006]},"properties":{"OBJECTID":145,"IstNo":12006033,"SuAdi":"KİRAZ Ç.","IstAdi":"KİRAZ","BolgeNo":2,"ILKODU":35,"ILCEKODU":1477,"HAVZA_ID":6,"entityId":"145","entityType":"lakeStations","id":"145","name":"KİRAZ","stationId":12006033,"basinId":6,"status":"no_data","color":"#94a3b8","radius":7}},{"type":"Feature","id":"146","geometry":{"type":"Point","coordinates":[26.879170000000045,38.31417000000005]},"properties":{"OBJECTID":146,"IstNo":12006038,"SuAdi":"ÇAMLI D.","IstAdi":"ÇAMLI","BolgeNo":2,"ILKODU":35,"ILCEKODU":2018,"HAVZA_ID":6,"entityId":"146","entityType":"lakeStations","id":"146","name":"ÇAMLI","stationId":12006038,"basinId":6,"status":"no_data","color":"#94a3b8","radius":7}},{"type":"Feature","id":"147","geometry":{"type":"Point","coordinates":[27.901670000000024,38.05472000000003]},"properties":{"OBJECTID":147,"IstNo":12006042,"SuAdi":"VAKIFLARDERESİ","IstAdi":"EĞRİDERE","BolgeNo":2,"ILKODU":35,"ILCEKODU":1677,"HAVZA_ID":6,"entityId":"147","entityType":"lakeStations","id":"147","name":"EĞRİDERE","stationId":12006042,"basinId":6,"status":"no_data","color":"#94a3b8","radius":7}},{"type":"Feature","id":"148","geometry":{"type":"Point","coordinates":[27.007220000000075,38.39250000000004]},"properties":{"OBJECTID":148,"IstNo":12006043,"SuAdi":"ALİONBAŞI D.","IstAdi":"NARLIDERE","BolgeNo":2,"ILKODU":35,"ILCEKODU":2013,"HAVZA_ID":6,"entityId":"148","entityType":"lakeStations","id":"148","name":"NARLIDERE","stationId":12006043,"basinId":6,"status":"no_data","color":"#94a3b8","radius":7}},{"type":"Feature","id":"149","geometry":{"type":"Point","coordinates":[27.416390000000035,37.95972000000006]},"properties":{"OBJECTID":149,"IstNo":12006045,"SuAdi":"MADEN DERESİ","IstAdi":"BAHÇELER","BolgeNo":2,"ILKODU":35,"ILCEKODU":1612,"HAVZA_ID":6,"entityId":"149","entityType":"lakeStations","id":"149","name":"BAHÇELER","stationId":12006045,"basinId":6,"status":"no_data","color":"#94a3b8","radius":7}},{"type":"Feature","id":"150","geometry":{"type":"Point","coordinates":[27.468920000000026,38.02021000000008]},"properties":{"OBJECTID":150,"IstNo":12006048,"SuAdi":"KÜÇÜK MENDERES","IstAdi":"BELEVİ","BolgeNo":2,"ILKODU":35,"ILCEKODU":1677,"HAVZA_ID":6,"entityId":"150","entityType":"lakeStations","id":"150","name":"BELEVİ","stationId":12006048,"basinId":6,"status":"no_data","color":"#94a3b8","radius":7}},{"type":"Feature","id":"151","geometry":{"type":"Point","coordinates":[30.095000000000027,38.12250000000006]},"properties":{"OBJECTID":151,"IstNo":12007010,"SuAdi":"DİNAR SUYU","IstAdi":"IRGILLI REGÜLATÖR ÇIKIŞI","BolgeNo":21,"ILKODU":3,"ILCEKODU":1281,"HAVZA_ID":7,"entityId":"151","entityType":"lakeStations","id":"151","name":"IRGILLI REGÜLATÖR ÇIKIŞI","stationId":12007010,"basinId":7,"status":"no_data","color":"#94a3b8","radius":7}},{"type":"Feature","id":"152","geometry":{"type":"Point","coordinates":[27.73667000000006,37.88306000000006]},"properties":{"OBJECTID":152,"IstNo":12007014,"SuAdi":"İKİZDERE ÇAYI","IstAdi":"DEREAĞZI","BolgeNo":21,"ILKODU":9,"ILCEKODU":1807,"HAVZA_ID":7,"entityId":"152","entityType":"lakeStations","id":"152","name":"DEREAĞZI","stationId":12007014,"basinId":7,"status":"no_data","color":"#94a3b8","radius":7}},{"type":"Feature","id":"153","geometry":{"type":"Point","coordinates":[30.09528000000006,38.12028000000004]},"properties":{"OBJECTID":153,"IstNo":12007026,"SuAdi":"DİNAR SUYU","IstAdi":"IRGILLI SULAMA KANALI","BolgeNo":21,"ILKODU":3,"ILCEKODU":1281,"HAVZA_ID":7,"entityId":"153","entityType":"lakeStations","id":"153","name":"IRGILLI SULAMA KANALI","stationId":12007026,"basinId":7,"status":"no_data","color":"#94a3b8","radius":7}},{"type":"Feature","id":"154","geometry":{"type":"Point","coordinates":[28.05305000000004,37.90750000000003]},"properties":{"OBJECTID":154,"IstNo":12007030,"SuAdi":"KÖŞK D.","IstAdi":"MEZEKÖY","BolgeNo":21,"ILKODU":9,"ILCEKODU":1968,"HAVZA_ID":7,"entityId":"154","entityType":"lakeStations","id":"154","name":"MEZEKÖY","stationId":12007030,"basinId":7,"status":"no_data","color":"#94a3b8","radius":7}},{"type":"Feature","id":"155","geometry":{"type":"Point","coordinates":[27.616670000000056,37.88334000000003]},"properties":{"OBJECTID":155,"IstNo":12007039,"SuAdi":"KAPIZDERE","IstAdi":"ALANGÜLLÜ ","BolgeNo":21,"ILKODU":9,"ILCEKODU":1348,"HAVZA_ID":7,"entityId":"155","entityType":"lakeStations","id":"155","name":"ALANGÜLLÜ ","stationId":12007039,"basinId":7,"status":"no_data","color":"#94a3b8","radius":7}},{"type":"Feature","id":"156","geometry":{"type":"Point","coordinates":[28.10972000000004,37.29055000000005]},"properties":{"OBJECTID":156,"IstNo":12007079,"SuAdi":"GİRME D.","IstAdi":"GİRME","BolgeNo":21,"ILKODU":48,"ILCEKODU":1719,"HAVZA_ID":7,"entityId":"156","entityType":"lakeStations","id":"156","name":"GİRME","stationId":12007079,"basinId":7,"status":"no_data","color":"#94a3b8","radius":7}},{"type":"Feature","id":"157","geometry":{"type":"Point","coordinates":[28.033330000000035,37.75000000000006]},"properties":{"OBJECTID":157,"IstNo":12007082,"SuAdi":"MADRAN Ç.","IstAdi":"KASAR","BolgeNo":21,"ILKODU":9,"ILCEKODU":1256,"HAVZA_ID":7,"entityId":"157","entityType":"lakeStations","id":"157","name":"KASAR","stationId":12007082,"basinId":7,"status":"no_data","color":"#94a3b8","radius":7}},{"type":"Feature","id":"158","geometry":{"type":"Point","coordinates":[28.810280000000034,37.68750000000006]},"properties":{"OBJECTID":158,"IstNo":12007093,"SuAdi":"KORKOZ D.","IstAdi":"DEĞİRMENBÜKÜ","BolgeNo":21,"ILKODU":20,"ILCEKODU":1670,"HAVZA_ID":7,"entityId":"158","entityType":"lakeStations","id":"158","name":"DEĞİRMENBÜKÜ","stationId":12007093,"basinId":7,"status":"no_data","color":"#94a3b8","radius":7}},{"type":"Feature","id":"159","geometry":{"type":"Point","coordinates":[27.569170000000042,37.71500000000003]},"properties":{"OBJECTID":159,"IstNo":12007103,"SuAdi":"SARIÇAY","IstAdi":"BAĞARASI","BolgeNo":21,"ILKODU":9,"ILCEKODU":1637,"HAVZA_ID":7,"entityId":"159","entityType":"lakeStations","id":"159","name":"BAĞARASI","stationId":12007103,"basinId":7,"status":"no_data","color":"#94a3b8","radius":7}},{"type":"Feature","id":"160","geometry":{"type":"Point","coordinates":[29.516110000000026,37.78305000000006]},"properties":{"OBJECTID":160,"IstNo":12007106,"SuAdi":"EMİR Ç.","IstAdi":"ÇAMBAŞI","BolgeNo":21,"ILKODU":20,"ILCEKODU":1889,"HAVZA_ID":7,"entityId":"160","entityType":"lakeStations","id":"160","name":"ÇAMBAŞI","stationId":12007106,"basinId":7,"status":"no_data","color":"#94a3b8","radius":7}},{"type":"Feature","id":"161","geometry":{"type":"Point","coordinates":[27.722500000000025,37.88194000000004]},"properties":{"OBJECTID":161,"IstNo":12007107,"SuAdi":"CILIMBIZ D.","IstAdi":"İNCİRLİOVA","BolgeNo":21,"ILKODU":9,"ILCEKODU":1807,"HAVZA_ID":7,"entityId":"161","entityType":"lakeStations","id":"161","name":"İNCİRLİOVA","stationId":12007107,"basinId":7,"status":"no_data","color":"#94a3b8","radius":7}},{"type":"Feature","id":"162","geometry":{"type":"Point","coordinates":[27.52472000000006,37.561390000000074]},"properties":{"OBJECTID":162,"IstNo":12007108,"SuAdi":"KARGIN D.","IstAdi":"KÖPRÜALAN","BolgeNo":21,"ILKODU":9,"ILCEKODU":1637,"HAVZA_ID":7,"entityId":"162","entityType":"lakeStations","id":"162","name":"KÖPRÜALAN","stationId":12007108,"basinId":7,"status":"no_data","color":"#94a3b8","radius":7}},{"type":"Feature","id":"163","geometry":{"type":"Point","coordinates":[28.379170000000045,37.62194000000005]},"properties":{"OBJECTID":163,"IstNo":12007114,"SuAdi":"DELİÇAY","IstAdi":"KAZANDERE","BolgeNo":21,"ILKODU":9,"ILCEKODU":1206,"HAVZA_ID":7,"entityId":"163","entityType":"lakeStations","id":"163","name":"KAZANDERE","stationId":12007114,"basinId":7,"status":"no_data","color":"#94a3b8","radius":7}},{"type":"Feature","id":"164","geometry":{"type":"Point","coordinates":[30.191940000000045,38.09000000000003]},"properties":{"OBJECTID":164,"IstNo":12007120,"SuAdi":"ÇAPALI GÖLÜ","IstAdi":"ÇIKIŞ","BolgeNo":18,"ILKODU":3,"ILCEKODU":1281,"HAVZA_ID":7,"entityId":"164","entityType":"lakeStations","id":"164","name":"ÇIKIŞ","stationId":12007120,"basinId":7,"status":"no_data","color":"#94a3b8","radius":7}},{"type":"Feature","id":"165","geometry":{"type":"Point","coordinates":[28.526950000000056,37.93083000000007]},"properties":{"OBJECTID":165,"IstNo":12007121,"SuAdi":"KAYRAN D.","IstAdi":"PAMUKÖREN","BolgeNo":21,"ILKODU":9,"ILCEKODU":1498,"HAVZA_ID":7,"entityId":"165","entityType":"lakeStations","id":"165","name":"PAMUKÖREN","stationId":12007121,"basinId":7,"status":"no_data","color":"#94a3b8","radius":7}},{"type":"Feature","id":"166","geometry":{"type":"Point","coordinates":[29.733610000000056,38.78583000000003]},"properties":{"OBJECTID":166,"IstNo":12007122,"SuAdi":"BANAZ Ç.","IstAdi":"BANAZ","BolgeNo":2,"ILKODU":64,"ILCEKODU":1170,"HAVZA_ID":7,"entityId":"166","entityType":"lakeStations","id":"166","name":"BANAZ","stationId":12007122,"basinId":7,"status":"no_data","color":"#94a3b8","radius":7}},{"type":"Feature","id":"167","geometry":{"type":"Point","coordinates":[29.22694000000007,37.802220000000034]},"properties":{"OBJECTID":167,"IstNo":12007125,"SuAdi":"HONAZ Ç.","IstAdi":"DÖĞÜŞ KÖP.","BolgeNo":21,"ILKODU":20,"ILCEKODU":1871,"HAVZA_ID":7,"entityId":"167","entityType":"lakeStations","id":"167","name":"DÖĞÜŞ KÖP.","stationId":12007125,"basinId":7,"status":"no_data","color":"#94a3b8","radius":7}},{"type":"Feature","id":"168","geometry":{"type":"Point","coordinates":[27.543330000000026,37.88055000000003]},"properties":{"OBJECTID":168,"IstNo":12007130,"SuAdi":"NEŞETİYE ÇAYI","IstAdi":"NEŞETİYE ","BolgeNo":21,"ILKODU":9,"ILCEKODU":1348,"HAVZA_ID":7,"entityId":"168","entityType":"lakeStations","id":"168","name":"NEŞETİYE ","stationId":12007130,"basinId":7,"status":"no_data","color":"#94a3b8","radius":7}},{"type":"Feature","id":"169","geometry":{"type":"Point","coordinates":[28.06472000000008,37.543330000000026]},"properties":{"OBJECTID":169,"IstNo":12007131,"SuAdi":"ÇİNE ÇAYI","IstAdi":"ESKİ ÇİNE KÖPRÜSÜ","BolgeNo":21,"ILKODU":9,"ILCEKODU":1256,"HAVZA_ID":7,"entityId":"169","entityType":"lakeStations","id":"169","name":"ESKİ ÇİNE KÖPRÜSÜ","stationId":12007131,"basinId":7,"status":"no_data","color":"#94a3b8","radius":7}},{"type":"Feature","id":"170","geometry":{"type":"Point","coordinates":[29.765280000000075,38.84139000000005]},"properties":{"OBJECTID":170,"IstNo":12007132,"SuAdi":"GÖKKAYA D.","IstAdi":"BAHADIR","BolgeNo":2,"ILKODU":64,"ILCEKODU":1170,"HAVZA_ID":7,"entityId":"170","entityType":"lakeStations","id":"170","name":"BAHADIR","stationId":12007132,"basinId":7,"status":"no_data","color":"#94a3b8","radius":7}},{"type":"Feature","id":"171","geometry":{"type":"Point","coordinates":[30.171110000000056,38.05944000000005]},"properties":{"OBJECTID":171,"IstNo":12007136,"SuAdi":"İNCIRLİ DÜDEN KAYNAĞI","IstAdi":"DİNAR","BolgeNo":18,"ILKODU":3,"ILCEKODU":1281,"HAVZA_ID":7,"entityId":"171","entityType":"lakeStations","id":"171","name":"DİNAR","stationId":12007136,"basinId":7,"status":"no_data","color":"#94a3b8","radius":7}},{"type":"Feature","id":"172","geometry":{"type":"Point","coordinates":[29.347780000000057,37.305000000000064]},"properties":{"OBJECTID":172,"IstNo":12008009,"SuAdi":"KİRENİŞ Ç.","IstAdi":"ÇAKIR KÖPRÜSÜ","BolgeNo":21,"ILKODU":20,"ILCEKODU":1102,"HAVZA_ID":8,"entityId":"172","entityType":"lakeStations","id":"172","name":"ÇAKIR KÖPRÜSÜ","stationId":12008009,"basinId":8,"status":"no_data","color":"#94a3b8","radius":7}},{"type":"Feature","id":"173","geometry":{"type":"Point","coordinates":[29.800000000000068,36.73333000000008]},"properties":{"OBJECTID":173,"IstNo":12008061,"SuAdi":"MÜMÜR D.","IstAdi":"MÜMÜR","BolgeNo":13,"ILKODU":7,"ILCEKODU":1303,"HAVZA_ID":8,"entityId":"173","entityType":"lakeStations","id":"173","name":"MÜMÜR","stationId":12008061,"basinId":8,"status":"no_data","color":"#94a3b8","radius":7}},{"type":"Feature","id":"174","geometry":{"type":"Point","coordinates":[30.50278000000003,36.59639000000004]},"properties":{"OBJECTID":174,"IstNo":12008071,"SuAdi":"AGVA D.","IstAdi":"ASİBUCAK","BolgeNo":13,"ILKODU":7,"ILCEKODU":1959,"HAVZA_ID":8,"entityId":"174","entityType":"lakeStations","id":"174","name":"ASİBUCAK","stationId":12008071,"basinId":8,"status":"no_data","color":"#94a3b8","radius":7}},{"type":"Feature","id":"175","geometry":{"type":"Point","coordinates":[29.51222000000007,36.555000000000064]},"properties":{"OBJECTID":175,"IstNo":12008078,"SuAdi":"AKÇAY","IstAdi":"GÖMBE","BolgeNo":13,"ILKODU":7,"ILCEKODU":2090,"HAVZA_ID":8,"entityId":"175","entityType":"lakeStations","id":"175","name":"GÖMBE","stationId":12008078,"basinId":8,"status":"no_data","color":"#94a3b8","radius":7}},{"type":"Feature","id":"176","geometry":{"type":"Point","coordinates":[29.58833000000004,37.15083000000004]},"properties":{"OBJECTID":176,"IstNo":12008081,"SuAdi":"ARSLANLI Ç.","IstAdi":"SORKUN KÖP.","BolgeNo":18,"ILKODU":15,"ILCEKODU":1357,"HAVZA_ID":8,"entityId":"176","entityType":"lakeStations","id":"176","name":"SORKUN KÖP.","stationId":12008081,"basinId":8,"status":"no_data","color":"#94a3b8","radius":7}},{"type":"Feature","id":"177","geometry":{"type":"Point","coordinates":[28.45583000000005,37.179440000000056]},"properties":{"OBJECTID":177,"IstNo":12008084,"SuAdi":"DEĞİRMEN D.","IstAdi":"SODAKÖY","BolgeNo":21,"ILKODU":48,"ILCEKODU":2089,"HAVZA_ID":8,"entityId":"177","entityType":"lakeStations","id":"177","name":"SODAKÖY","stationId":12008084,"basinId":8,"status":"no_data","color":"#94a3b8","radius":7}},{"type":"Feature","id":"178","geometry":{"type":"Point","coordinates":[27.939440000000047,37.09000000000003]},"properties":{"OBJECTID":178,"IstNo":12008094,"SuAdi":"DEĞİRMENDERE","IstAdi":"DEREKÖY","BolgeNo":21,"ILKODU":48,"ILCEKODU":1528,"HAVZA_ID":8,"entityId":"178","entityType":"lakeStations","id":"178","name":"DEREKÖY","stationId":12008094,"basinId":8,"status":"no_data","color":"#94a3b8","radius":7}},{"type":"Feature","id":"179","geometry":{"type":"Point","coordinates":[29.80750000000006,36.80000000000007]},"properties":{"OBJECTID":179,"IstNo":12008095,"SuAdi":"MÜMÜR D.","IstAdi":"YILMAZLI","BolgeNo":13,"ILKODU":7,"ILCEKODU":1303,"HAVZA_ID":8,"entityId":"179","entityType":"lakeStations","id":"179","name":"YILMAZLI","stationId":12008095,"basinId":8,"status":"no_data","color":"#94a3b8","radius":7}},{"type":"Feature","id":"180","geometry":{"type":"Point","coordinates":[29.685560000000066,36.93861000000004]},"properties":{"OBJECTID":180,"IstNo":12008100,"SuAdi":"KARABALÇIK D.","IstAdi":"ÇOBANİSA","BolgeNo":21,"ILKODU":48,"ILCEKODU":2090,"HAVZA_ID":8,"entityId":"180","entityType":"lakeStations","id":"180","name":"ÇOBANİSA","stationId":12008100,"basinId":8,"status":"no_data","color":"#94a3b8","radius":7}},{"type":"Feature","id":"181","geometry":{"type":"Point","coordinates":[27.758330000000058,37.37611000000004]},"properties":{"OBJECTID":181,"IstNo":12008101,"SuAdi":"KOCAÇAY","IstAdi":"EPÇE","BolgeNo":21,"ILKODU":48,"ILCEKODU":1528,"HAVZA_ID":8,"entityId":"181","entityType":"lakeStations","id":"181","name":"EPÇE","stationId":12008101,"basinId":8,"status":"no_data","color":"#94a3b8","radius":7}},{"type":"Feature","id":"182","geometry":{"type":"Point","coordinates":[29.53028000000006,37.24472000000003]},"properties":{"OBJECTID":182,"IstNo":12008103,"SuAdi":"DALAMAN Ç.","IstAdi":"ÇAMKÖY","BolgeNo":18,"ILKODU":15,"ILCEKODU":1357,"HAVZA_ID":8,"entityId":"182","entityType":"lakeStations","id":"182","name":"ÇAMKÖY","stationId":12008103,"basinId":8,"status":"no_data","color":"#94a3b8","radius":7}},{"type":"Feature","id":"183","geometry":{"type":"Point","coordinates":[29.623610000000042,36.94722000000007]},"properties":{"OBJECTID":183,"IstNo":12008107,"SuAdi":"BÜYÜKDERE","IstAdi":"KARAHASANTAŞI KÖP.","BolgeNo":21,"ILKODU":48,"ILCEKODU":2090,"HAVZA_ID":8,"entityId":"183","entityType":"lakeStations","id":"183","name":"KARAHASANTAŞI KÖP.","stationId":12008107,"basinId":8,"status":"no_data","color":"#94a3b8","radius":7}},{"type":"Feature","id":"184","geometry":{"type":"Point","coordinates":[28.287500000000023,36.95306000000005]},"properties":{"OBJECTID":184,"IstNo":12008115,"SuAdi":"KOCAALAN D.","IstAdi":"MARMARİS","BolgeNo":21,"ILKODU":48,"ILCEKODU":1517,"HAVZA_ID":8,"entityId":"184","entityType":"lakeStations","id":"184","name":"MARMARİS","stationId":12008115,"basinId":8,"status":"no_data","color":"#94a3b8","radius":7}},{"type":"Feature","id":"185","geometry":{"type":"Point","coordinates":[27.71222000000006,37.30639000000008]},"properties":{"OBJECTID":185,"IstNo":12008152,"SuAdi":"SARIÇAY","IstAdi":"DAMLIBOĞAZ KÖP.","BolgeNo":21,"ILKODU":48,"ILCEKODU":1528,"HAVZA_ID":8,"entityId":"185","entityType":"lakeStations","id":"185","name":"DAMLIBOĞAZ KÖP.","stationId":12008152,"basinId":8,"status":"no_data","color":"#94a3b8","radius":7}},{"type":"Feature","id":"186","geometry":{"type":"Point","coordinates":[29.38722000000007,36.74750000000006]},"properties":{"OBJECTID":186,"IstNo":12008156,"SuAdi":"KOCAÇAY","IstAdi":"ÖREN REGÜLATÖR ÇIKIŞI","BolgeNo":21,"ILKODU":48,"ILCEKODU":2090,"HAVZA_ID":8,"entityId":"186","entityType":"lakeStations","id":"186","name":"ÖREN REGÜLATÖR ÇIKIŞI","stationId":12008156,"basinId":8,"status":"no_data","color":"#94a3b8","radius":7}},{"type":"Feature","id":"187","geometry":{"type":"Point","coordinates":[31.09111000000007,37.81167000000005]},"properties":{"OBJECTID":187,"IstNo":12009002,"SuAdi":"YENİCE S.","IstAdi":"ZİNDAN BOĞAZI","BolgeNo":18,"ILKODU":32,"ILCEKODU":1755,"HAVZA_ID":9,"entityId":"187","entityType":"lakeStations","id":"187","name":"ZİNDAN BOĞAZI","stationId":12009002,"basinId":9,"status":"no_data","color":"#94a3b8","radius":7}},{"type":"Feature","id":"188","geometry":{"type":"Point","coordinates":[32.12167000000005,36.549450000000036]},"properties":{"OBJECTID":188,"IstNo":12009006,"SuAdi":"DİM Ç.","IstAdi":"SAĞ SAHİL SULAMA KANALI","BolgeNo":13,"ILKODU":7,"ILCEKODU":1126,"HAVZA_ID":9,"entityId":"188","entityType":"lakeStations","id":"188","name":"SAĞ SAHİL SULAMA KANALI","stationId":12009006,"basinId":9,"status":"no_data","color":"#94a3b8","radius":7}},{"type":"Feature","id":"189","geometry":{"type":"Point","coordinates":[30.050000000000068,37.13334000000003]},"properties":{"OBJECTID":189,"IstNo":12009011,"SuAdi":"KORKUTELİ Ç.","IstAdi":"SALAMUR BOĞAZI","BolgeNo":13,"ILKODU":7,"ILCEKODU":1483,"HAVZA_ID":9,"entityId":"189","entityType":"lakeStations","id":"189","name":"SALAMUR BOĞAZI","stationId":12009011,"basinId":9,"status":"no_data","color":"#94a3b8","radius":7}},{"type":"Feature","id":"190","geometry":{"type":"Point","coordinates":[32.12167000000005,36.549450000000036]},"properties":{"OBJECTID":190,"IstNo":12009013,"SuAdi":"DİM Ç.","IstAdi":"REGÜLATÖR ÇIKIŞ","BolgeNo":13,"ILKODU":7,"ILCEKODU":1126,"HAVZA_ID":9,"entityId":"190","entityType":"lakeStations","id":"190","name":"REGÜLATÖR ÇIKIŞ","stationId":12009013,"basinId":9,"status":"no_data","color":"#94a3b8","radius":7}},{"type":"Feature","id":"191","geometry":{"type":"Point","coordinates":[30.86889000000008,37.648610000000076]},"properties":{"OBJECTID":191,"IstNo":12009016,"SuAdi":"KOVADA G.","IstAdi":"ÇİKIS","BolgeNo":18,"ILKODU":32,"ILCEKODU":1297,"HAVZA_ID":9,"entityId":"191","entityType":"lakeStations","id":"191","name":"ÇİKIS","stationId":12009016,"basinId":9,"status":"no_data","color":"#94a3b8","radius":7}},{"type":"Feature","id":"192","geometry":{"type":"Point","coordinates":[30.57361000000003,36.93472000000003]},"properties":{"OBJECTID":192,"IstNo":12009031,"SuAdi":"KARAMAN Ç.","IstAdi":"KAPUZ BOĞAZI","BolgeNo":13,"ILKODU":7,"ILCEKODU":2038,"HAVZA_ID":9,"entityId":"192","entityType":"lakeStations","id":"192","name":"KAPUZ BOĞAZI","stationId":12009031,"basinId":9,"status":"no_data","color":"#94a3b8","radius":7}},{"type":"Feature","id":"193","geometry":{"type":"Point","coordinates":[30.942220000000077,37.13167000000004]},"properties":{"OBJECTID":193,"IstNo":12009034,"SuAdi":"KÜÇÜKAKSU","IstAdi":"GEBİZ","BolgeNo":13,"ILKODU":7,"ILCEKODU":1616,"HAVZA_ID":9,"entityId":"193","entityType":"lakeStations","id":"193","name":"GEBİZ","stationId":12009034,"basinId":9,"status":"no_data","color":"#94a3b8","radius":7}},{"type":"Feature","id":"194","geometry":{"type":"Point","coordinates":[30.513330000000053,37.51500000000004]},"properties":{"OBJECTID":194,"IstNo":12009039,"SuAdi":"ONAÇ  BRJ.","IstAdi":"ONAŞ BARJ GİRIŞ","BolgeNo":18,"ILKODU":15,"ILCEKODU":1211,"HAVZA_ID":9,"entityId":"194","entityType":"lakeStations","id":"194","name":"ONAŞ BARJ GİRIŞ","stationId":12009039,"basinId":9,"status":"no_data","color":"#94a3b8","radius":7}},{"type":"Feature","id":"195","geometry":{"type":"Point","coordinates":[30.52861000000007,37.64250000000004]},"properties":{"OBJECTID":195,"IstNo":12009042,"SuAdi":"AĞLASUN Ç.","IstAdi":"AĞLASUN","BolgeNo":18,"ILKODU":15,"ILCEKODU":1109,"HAVZA_ID":9,"entityId":"195","entityType":"lakeStations","id":"195","name":"AĞLASUN","stationId":12009042,"basinId":9,"status":"no_data","color":"#94a3b8","radius":7}},{"type":"Feature","id":"196","geometry":{"type":"Point","coordinates":[30.755420000000072,36.93768000000006]},"properties":{"OBJECTID":196,"IstNo":12009056,"SuAdi":"DÜDEN Ç.","IstAdi":"REGÜLATÖR ÇIKIS","BolgeNo":13,"ILKODU":7,"ILCEKODU":2037,"HAVZA_ID":9,"entityId":"196","entityType":"lakeStations","id":"196","name":"REGÜLATÖR ÇIKIS","stationId":12009056,"basinId":9,"status":"no_data","color":"#94a3b8","radius":7}},{"type":"Feature","id":"197","geometry":{"type":"Point","coordinates":[30.954720000000066,38.299450000000036]},"properties":{"OBJECTID":197,"IstNo":12009057,"SuAdi":"HOYRAN D.","IstAdi":"GÖKÇEALİ","BolgeNo":18,"ILKODU":32,"ILCEKODU":1717,"HAVZA_ID":9,"entityId":"197","entityType":"lakeStations","id":"197","name":"GÖKÇEALİ","stationId":12009057,"basinId":9,"status":"no_data","color":"#94a3b8","radius":7}},{"type":"Feature","id":"198","geometry":{"type":"Point","coordinates":[30.898060000000044,37.83833000000004]},"properties":{"OBJECTID":198,"IstNo":12009060,"SuAdi":"ÇAYDERE","IstAdi":"EĞİRDİR GÖL GİRİŞ","BolgeNo":18,"ILKODU":32,"ILCEKODU":1297,"HAVZA_ID":9,"entityId":"198","entityType":"lakeStations","id":"198","name":"EĞİRDİR GÖL GİRİŞ","stationId":12009060,"basinId":9,"status":"no_data","color":"#94a3b8","radius":7}},{"type":"Feature","id":"199","geometry":{"type":"Point","coordinates":[31.126940000000047,38.39417000000003]},"properties":{"OBJECTID":199,"IstNo":12009065,"SuAdi":"SÜCÜLLÜ BRJ.","IstAdi":"GİRİŞ","BolgeNo":18,"ILKODU":32,"ILCEKODU":1717,"HAVZA_ID":9,"entityId":"199","entityType":"lakeStations","id":"199","name":"GİRİŞ","stationId":12009065,"basinId":9,"status":"no_data","color":"#94a3b8","radius":7}},{"type":"Feature","id":"200","geometry":{"type":"Point","coordinates":[31.622780000000034,36.74389000000008]},"properties":{"OBJECTID":200,"IstNo":12009067,"SuAdi":"KARPUZ Ç.","IstAdi":"UZUNLAR","BolgeNo":13,"ILKODU":7,"ILCEKODU":1512,"HAVZA_ID":9,"entityId":"200","entityType":"lakeStations","id":"200","name":"UZUNLAR","stationId":12009067,"basinId":9,"status":"no_data","color":"#94a3b8","radius":7}},{"type":"Feature","id":"201","geometry":{"type":"Point","coordinates":[31.800000000000068,36.613890000000026]},"properties":{"OBJECTID":201,"IstNo":12009068,"SuAdi":"KARGI Ç.","IstAdi":"TÜRKLER","BolgeNo":13,"ILKODU":7,"ILCEKODU":1126,"HAVZA_ID":9,"entityId":"201","entityType":"lakeStations","id":"201","name":"TÜRKLER","stationId":12009068,"basinId":9,"status":"no_data","color":"#94a3b8","radius":7}},{"type":"Feature","id":"202","geometry":{"type":"Point","coordinates":[30.99055000000004,38.13000000000005]},"properties":{"OBJECTID":202,"IstNo":12009075,"SuAdi":"GELENDOST D.","IstAdi":"AVŞAR KÖP.","BolgeNo":18,"ILKODU":32,"ILCEKODU":1341,"HAVZA_ID":9,"entityId":"202","entityType":"lakeStations","id":"202","name":"AVŞAR KÖP.","stationId":12009075,"basinId":9,"status":"no_data","color":"#94a3b8","radius":7}},{"type":"Feature","id":"203","geometry":{"type":"Point","coordinates":[32.077780000000075,36.585000000000036]},"properties":{"OBJECTID":203,"IstNo":12009084,"SuAdi":"OBA Ç.","IstAdi":"KADIPINARI","BolgeNo":13,"ILKODU":7,"ILCEKODU":1126,"HAVZA_ID":9,"entityId":"203","entityType":"lakeStations","id":"203","name":"KADIPINARI","stationId":12009084,"basinId":9,"status":"no_data","color":"#94a3b8","radius":7}},{"type":"Feature","id":"204","geometry":{"type":"Point","coordinates":[31.123610000000042,37.623050000000035]},"properties":{"OBJECTID":204,"IstNo":12009086,"SuAdi":"AKSU D.","IstAdi":"BELENCE","BolgeNo":18,"ILKODU":32,"ILCEKODU":1648,"HAVZA_ID":9,"entityId":"204","entityType":"lakeStations","id":"204","name":"BELENCE","stationId":12009086,"basinId":9,"status":"no_data","color":"#94a3b8","radius":7}},{"type":"Feature","id":"205","geometry":{"type":"Point","coordinates":[30.984170000000063,37.46861000000007]},"properties":{"OBJECTID":205,"IstNo":12009088,"SuAdi":"DEĞİRMENDERE D.","IstAdi":"SÜTÇÜLER","BolgeNo":18,"ILKODU":32,"ILCEKODU":1648,"HAVZA_ID":9,"entityId":"205","entityType":"lakeStations","id":"205","name":"SÜTÇÜLER","stationId":12009088,"basinId":9,"status":"no_data","color":"#94a3b8","radius":7}},{"type":"Feature","id":"206","geometry":{"type":"Point","coordinates":[30.912220000000048,37.462780000000066]},"properties":{"OBJECTID":206,"IstNo":12009089,"SuAdi":"DEĞİRMENDERE","IstAdi":"SELİMLER","BolgeNo":18,"ILKODU":32,"ILCEKODU":1648,"HAVZA_ID":9,"entityId":"206","entityType":"lakeStations","id":"206","name":"SELİMLER","stationId":12009089,"basinId":9,"status":"no_data","color":"#94a3b8","radius":7}},{"type":"Feature","id":"207","geometry":{"type":"Point","coordinates":[30.580550000000073,37.07195000000007]},"properties":{"OBJECTID":207,"IstNo":12009091,"SuAdi":"TOPRAKSU MEVKİİ","IstAdi":"KIRKGÖZLER KANALI ","BolgeNo":13,"ILKODU":7,"ILCEKODU":2036,"HAVZA_ID":9,"entityId":"207","entityType":"lakeStations","id":"207","name":"KIRKGÖZLER KANALI ","stationId":12009091,"basinId":9,"status":"no_data","color":"#94a3b8","radius":7}},{"type":"Feature","id":"208","geometry":{"type":"Point","coordinates":[30.467220000000054,36.825000000000045]},"properties":{"OBJECTID":208,"IstNo":12009095,"SuAdi":"ÇANDIR ÇAYI","IstAdi":"YEMİŞLİ PINAR MEVKİİ","BolgeNo":13,"ILKODU":7,"ILCEKODU":2038,"HAVZA_ID":9,"entityId":"208","entityType":"lakeStations","id":"208","name":"YEMİŞLİ PINAR MEVKİİ","stationId":12009095,"basinId":9,"status":"no_data","color":"#94a3b8","radius":7}},{"type":"Feature","id":"209","geometry":{"type":"Point","coordinates":[30.805000000000064,37.270830000000046]},"properties":{"OBJECTID":209,"IstNo":12009098,"SuAdi":"AKSU Ç.","IstAdi":"KARGI REGÜLATÖRÜ","BolgeNo":13,"ILKODU":7,"ILCEKODU":1211,"HAVZA_ID":9,"entityId":"209","entityType":"lakeStations","id":"209","name":"KARGI REGÜLATÖRÜ","stationId":12009098,"basinId":9,"status":"no_data","color":"#94a3b8","radius":7}},{"type":"Feature","id":"210","geometry":{"type":"Point","coordinates":[30.129170000000045,37.044170000000065]},"properties":{"OBJECTID":210,"IstNo":12009099,"SuAdi":"KOCANTI D.","IstAdi":"KARGALIK","BolgeNo":13,"ILKODU":7,"ILCEKODU":1483,"HAVZA_ID":9,"entityId":"210","entityType":"lakeStations","id":"210","name":"KARGALIK","stationId":12009099,"basinId":9,"status":"no_data","color":"#94a3b8","radius":7}},{"type":"Feature","id":"211","geometry":{"type":"Point","coordinates":[31.155560000000037,37.659170000000074]},"properties":{"OBJECTID":211,"IstNo":12009100,"SuAdi":"BAŞAK D.","IstAdi":"YANIKKÖY","BolgeNo":18,"ILKODU":32,"ILCEKODU":1755,"HAVZA_ID":9,"entityId":"211","entityType":"lakeStations","id":"211","name":"YANIKKÖY","stationId":12009100,"basinId":9,"status":"no_data","color":"#94a3b8","radius":7}},{"type":"Feature","id":"212","geometry":{"type":"Point","coordinates":[31.19972000000007,36.980000000000075]},"properties":{"OBJECTID":212,"IstNo":12009101,"SuAdi":"KÖPRÜÇAY","IstAdi":"KARAKAYA","BolgeNo":13,"ILKODU":7,"ILCEKODU":1616,"HAVZA_ID":9,"entityId":"212","entityType":"lakeStations","id":"212","name":"KARAKAYA","stationId":12009101,"basinId":9,"status":"no_data","color":"#94a3b8","radius":7}},{"type":"Feature","id":"213","geometry":{"type":"Point","coordinates":[30.734170000000063,37.202780000000075]},"properties":{"OBJECTID":213,"IstNo":12009104,"SuAdi":"BEYBASAN D.","IstAdi":"AHIRTAŞ","BolgeNo":13,"ILKODU":7,"ILCEKODU":2036,"HAVZA_ID":9,"entityId":"213","entityType":"lakeStations","id":"213","name":"AHIRTAŞ","stationId":12009104,"basinId":9,"status":"no_data","color":"#94a3b8","radius":7}},{"type":"Feature","id":"214","geometry":{"type":"Point","coordinates":[30.51194000000004,36.88972000000007]},"properties":{"OBJECTID":214,"IstNo":12009111,"SuAdi":"DOYRAN DERESİ","IstAdi":"DOYRAN","BolgeNo":13,"ILKODU":7,"ILCEKODU":2038,"HAVZA_ID":9,"entityId":"214","entityType":"lakeStations","id":"214","name":"DOYRAN","stationId":12009111,"basinId":9,"status":"no_data","color":"#94a3b8","radius":7}},{"type":"Feature","id":"215","geometry":{"type":"Point","coordinates":[31.28472000000005,36.991660000000024]},"properties":{"OBJECTID":215,"IstNo":12009122,"SuAdi":"SAĞARİN D.","IstAdi":"ÇARDAK","BolgeNo":13,"ILKODU":7,"ILCEKODU":1512,"HAVZA_ID":9,"entityId":"215","entityType":"lakeStations","id":"215","name":"ÇARDAK","stationId":12009122,"basinId":9,"status":"no_data","color":"#94a3b8","radius":7}},{"type":"Feature","id":"216","geometry":{"type":"Point","coordinates":[30.12778000000003,37.09889000000004]},"properties":{"OBJECTID":216,"IstNo":12009131,"SuAdi":"DEREKÖY Ç.","IstAdi":"DEREKÖY","BolgeNo":13,"ILKODU":7,"ILCEKODU":1483,"HAVZA_ID":9,"entityId":"216","entityType":"lakeStations","id":"216","name":"DEREKÖY","stationId":12009131,"basinId":9,"status":"no_data","color":"#94a3b8","radius":7}},{"type":"Feature","id":"217","geometry":{"type":"Point","coordinates":[31.644720000000063,36.77750000000003]},"properties":{"OBJECTID":217,"IstNo":12009135,"SuAdi":"ÇİNGEN DERESİ","IstAdi":"MANAVGAT","BolgeNo":13,"ILKODU":7,"ILCEKODU":1512,"HAVZA_ID":9,"entityId":"217","entityType":"lakeStations","id":"217","name":"MANAVGAT","stationId":12009135,"basinId":9,"status":"no_data","color":"#94a3b8","radius":7}},{"type":"Feature","id":"218","geometry":{"type":"Point","coordinates":[30.417500000000075,37.400280000000066]},"properties":{"OBJECTID":218,"IstNo":12009136,"SuAdi":"KESTEL GÖL ÇIKIŞI","IstAdi":"KESTEL TOPRAKDÜDEN","BolgeNo":18,"ILKODU":15,"ILCEKODU":1211,"HAVZA_ID":9,"entityId":"218","entityType":"lakeStations","id":"218","name":"KESTEL TOPRAKDÜDEN","stationId":12009136,"basinId":9,"status":"no_data","color":"#94a3b8","radius":7}},{"type":"Feature","id":"219","geometry":{"type":"Point","coordinates":[30.86555000000004,37.838610000000074]},"properties":{"OBJECTID":219,"IstNo":12009137,"SuAdi":"EĞİRDİR GÖL ÇIKIŞI","IstAdi":"KOVADA KANALI","BolgeNo":18,"ILKODU":32,"ILCEKODU":1297,"HAVZA_ID":9,"entityId":"219","entityType":"lakeStations","id":"219","name":"KOVADA KANALI","stationId":12009137,"basinId":9,"status":"no_data","color":"#94a3b8","radius":7}},{"type":"Feature","id":"220","geometry":{"type":"Point","coordinates":[30.788610000000062,37.553890000000024]},"properties":{"OBJECTID":220,"IstNo":12009139,"SuAdi":"KOVADA Ç.","IstAdi":"KOVADA VE GÖKBÜVET ÇKŞ","BolgeNo":18,"ILKODU":32,"ILCEKODU":1297,"HAVZA_ID":9,"entityId":"220","entityType":"lakeStations","id":"220","name":"KOVADA VE GÖKBÜVET ÇKŞ","stationId":12009139,"basinId":9,"status":"no_data","color":"#94a3b8","radius":7}},{"type":"Feature","id":"221","geometry":{"type":"Point","coordinates":[30.580280000000073,37.81111000000004]},"properties":{"OBJECTID":221,"IstNo":12009140,"SuAdi":"DARI D.","IstAdi":"DARI DERESİ BRJ GİRİŞİ","BolgeNo":18,"ILKODU":32,"ILCEKODU":1401,"HAVZA_ID":9,"entityId":"221","entityType":"lakeStations","id":"221","name":"DARI DERESİ BRJ GİRİŞİ","stationId":12009140,"basinId":9,"status":"no_data","color":"#94a3b8","radius":7}},{"type":"Feature","id":"222","geometry":{"type":"Point","coordinates":[30.81639000000007,37.65333000000004]},"properties":{"OBJECTID":222,"IstNo":12009141,"SuAdi":"ÇUKURKAYNAĞI","IstAdi":"ÇUKURKÖY","BolgeNo":18,"ILKODU":32,"ILCEKODU":1401,"HAVZA_ID":9,"entityId":"222","entityType":"lakeStations","id":"222","name":"ÇUKURKÖY","stationId":12009141,"basinId":9,"status":"no_data","color":"#94a3b8","radius":7}},{"type":"Feature","id":"223","geometry":{"type":"Point","coordinates":[31.02806000000004,37.74556000000007]},"properties":{"OBJECTID":223,"IstNo":12009142,"SuAdi":"AKSU Ç.","IstAdi":"BAĞILLI KÖPRÜSÜ","BolgeNo":18,"ILKODU":32,"ILCEKODU":1297,"HAVZA_ID":9,"entityId":"223","entityType":"lakeStations","id":"223","name":"BAĞILLI KÖPRÜSÜ","stationId":12009142,"basinId":9,"status":"no_data","color":"#94a3b8","radius":7}},{"type":"Feature","id":"224","geometry":{"type":"Point","coordinates":[30.073330000000055,37.62889000000007]},"properties":{"OBJECTID":224,"IstNo":12010013,"SuAdi":"BOZÇAY","IstAdi":"YAZIKÖY","BolgeNo":18,"ILKODU":15,"ILCEKODU":1215,"HAVZA_ID":10,"entityId":"224","entityType":"lakeStations","id":"224","name":"YAZIKÖY","stationId":12010013,"basinId":10,"status":"no_data","color":"#94a3b8","radius":7}},{"type":"Feature","id":"225","geometry":{"type":"Point","coordinates":[30.046940000000063,37.85139000000004]},"properties":{"OBJECTID":225,"IstNo":12010032,"SuAdi":"DEĞİRMEN D.","IstAdi":"BAŞMAKCI-YAKA","BolgeNo":18,"ILKODU":3,"ILCEKODU":1771,"HAVZA_ID":10,"entityId":"225","entityType":"lakeStations","id":"225","name":"BAŞMAKCI-YAKA","stationId":12010032,"basinId":10,"status":"no_data","color":"#94a3b8","radius":7}},{"type":"Feature","id":"226","geometry":{"type":"Point","coordinates":[29.820280000000025,37.42972000000003]},"properties":{"OBJECTID":226,"IstNo":12010040,"SuAdi":"DEGİRMEN D.","IstAdi":"KARAMANLI BARAJI GİRİŞ","BolgeNo":18,"ILKODU":15,"ILCEKODU":1813,"HAVZA_ID":10,"entityId":"226","entityType":"lakeStations","id":"226","name":"KARAMANLI BARAJI GİRİŞ","stationId":12010040,"basinId":10,"status":"no_data","color":"#94a3b8","radius":7}},{"type":"Feature","id":"227","geometry":{"type":"Point","coordinates":[30.646390000000054,38.44889000000006]},"properties":{"OBJECTID":227,"IstNo":12011013,"SuAdi":"KALİ Ç.","IstAdi":"SELEVİR BRJ. GİRİŞ","BolgeNo":18,"ILKODU":3,"ILCEKODU":1664,"HAVZA_ID":11,"entityId":"227","entityType":"lakeStations","id":"227","name":"SELEVİR BRJ. GİRİŞ","stationId":12011013,"basinId":11,"status":"no_data","color":"#94a3b8","radius":7}},{"type":"Feature","id":"228","geometry":{"type":"Point","coordinates":[31.420280000000048,38.27417000000003]},"properties":{"OBJECTID":228,"IstNo":12011015,"SuAdi":"ENGİLLİ D.","IstAdi":"CANKURTARAN","BolgeNo":18,"ILKODU":3,"ILCEKODU":1122,"HAVZA_ID":11,"entityId":"228","entityType":"lakeStations","id":"228","name":"CANKURTARAN","stationId":12011015,"basinId":11,"status":"no_data","color":"#94a3b8","radius":7}},{"type":"Feature","id":"229","geometry":{"type":"Point","coordinates":[30.367500000000064,38.82444000000004]},"properties":{"OBJECTID":229,"IstNo":12011017,"SuAdi":"ARAPLI D.","IstAdi":"KÖPRÜLÜ","BolgeNo":18,"ILKODU":3,"ILCEKODU":1108,"HAVZA_ID":11,"entityId":"229","entityType":"lakeStations","id":"229","name":"KÖPRÜLÜ","stationId":12011017,"basinId":11,"status":"no_data","color":"#94a3b8","radius":7}},{"type":"Feature","id":"230","geometry":{"type":"Point","coordinates":[31.023060000000044,38.54722000000004]},"properties":{"OBJECTID":230,"IstNo":12011021,"SuAdi":"ÇAY D.","IstAdi":"ÇAY","BolgeNo":18,"ILKODU":3,"ILCEKODU":1239,"HAVZA_ID":11,"entityId":"230","entityType":"lakeStations","id":"230","name":"ÇAY","stationId":12011021,"basinId":11,"status":"no_data","color":"#94a3b8","radius":7}},{"type":"Feature","id":"231","geometry":{"type":"Point","coordinates":[31.023060000000044,38.664720000000045]},"properties":{"OBJECTID":231,"IstNo":12011023,"SuAdi":"EBER G.","IstAdi":"GİRİŞ","BolgeNo":18,"ILKODU":3,"ILCEKODU":1200,"HAVZA_ID":11,"entityId":"231","entityType":"lakeStations","id":"231","name":"GİRİŞ","stationId":12011023,"basinId":11,"status":"no_data","color":"#94a3b8","radius":7}},{"type":"Feature","id":"232","geometry":{"type":"Point","coordinates":[30.033330000000035,39.343890000000044]},"properties":{"OBJECTID":232,"IstNo":12012033,"SuAdi":"PORSUK Ç.","IstAdi":"PORSUK ÇİFTLİĞİ","BolgeNo":3,"ILKODU":43,"ILCEKODU":1500,"HAVZA_ID":12,"entityId":"232","entityType":"lakeStations","id":"232","name":"PORSUK ÇİFTLİĞİ","stationId":12012033,"basinId":12,"status":"no_data","color":"#94a3b8","radius":7}},{"type":"Feature","id":"233","geometry":{"type":"Point","coordinates":[30.477780000000052,39.75222000000008]},"properties":{"OBJECTID":233,"IstNo":12012044,"SuAdi":"PORSUK Ç.","IstAdi":"PORSUK ANAYATAK","BolgeNo":3,"ILKODU":26,"ILCEKODU":2046,"HAVZA_ID":12,"entityId":"233","entityType":"lakeStations","id":"233","name":"PORSUK ANAYATAK","stationId":12012044,"basinId":12,"status":"no_data","color":"#94a3b8","radius":7}},{"type":"Feature","id":"234","geometry":{"type":"Point","coordinates":[30.424720000000036,39.73195000000004]},"properties":{"OBJECTID":234,"IstNo":12012054,"SuAdi":"PORSUK Ç.","IstAdi":"EŞENKARA","BolgeNo":3,"ILKODU":26,"ILCEKODU":2047,"HAVZA_ID":12,"entityId":"234","entityType":"lakeStations","id":"234","name":"EŞENKARA","stationId":12012054,"basinId":12,"status":"no_data","color":"#94a3b8","radius":7}},{"type":"Feature","id":"235","geometry":{"type":"Point","coordinates":[30.400000000000034,39.63334000000003]},"properties":{"OBJECTID":235,"IstNo":12012063,"SuAdi":"ULU DERE","IstAdi":"ULUÇAYIR","BolgeNo":3,"ILKODU":26,"ILCEKODU":2046,"HAVZA_ID":12,"entityId":"235","entityType":"lakeStations","id":"235","name":"ULUÇAYIR","stationId":12012063,"basinId":12,"status":"no_data","color":"#94a3b8","radius":7}},{"type":"Feature","id":"236","geometry":{"type":"Point","coordinates":[30.150000000000034,40.333330000000046]},"properties":{"OBJECTID":236,"IstNo":12012091,"SuAdi":"GÖYNÜK S.","IstAdi":"KAŞIKÇI","BolgeNo":3,"ILKODU":11,"ILCEKODU":1559,"HAVZA_ID":12,"entityId":"236","entityType":"lakeStations","id":"236","name":"KAŞIKÇI","stationId":12012091,"basinId":12,"status":"no_data","color":"#94a3b8","radius":7}},{"type":"Feature","id":"237","geometry":{"type":"Point","coordinates":[30.266670000000033,39.583330000000046]},"properties":{"OBJECTID":237,"IstNo":12012101,"SuAdi":"KARGIN D.","IstAdi":"REG.DERİVASYON KAN.","BolgeNo":3,"ILKODU":26,"ILCEKODU":2046,"HAVZA_ID":12,"entityId":"237","entityType":"lakeStations","id":"237","name":"REG.DERİVASYON KAN.","stationId":12012101,"basinId":12,"status":"no_data","color":"#94a3b8","radius":7}},{"type":"Feature","id":"238","geometry":{"type":"Point","coordinates":[32.85000000000008,39.833330000000046]},"properties":{"OBJECTID":238,"IstNo":12012118,"SuAdi":"ÇIKIŞI","IstAdi":"EYMİR GÖLÜ","BolgeNo":5,"ILKODU":6,"ILCEKODU":1231,"HAVZA_ID":12,"entityId":"238","entityType":"lakeStations","id":"238","name":"EYMİR GÖLÜ","stationId":12012118,"basinId":12,"status":"no_data","color":"#94a3b8","radius":7}},{"type":"Feature","id":"239","geometry":{"type":"Point","coordinates":[32.70055000000008,40.33389000000005]},"properties":{"OBJECTID":239,"IstNo":12012126,"SuAdi":"MERA ÇAYI","IstAdi":"PAZAR YOL AYIRIMI","BolgeNo":5,"ILKODU":6,"ILCEKODU":1473,"HAVZA_ID":12,"entityId":"239","entityType":"lakeStations","id":"239","name":"PAZAR YOL AYIRIMI","stationId":12012126,"basinId":12,"status":"no_data","color":"#94a3b8","radius":7}},{"type":"Feature","id":"240","geometry":{"type":"Point","coordinates":[29.446390000000065,40.06889000000007]},"properties":{"OBJECTID":240,"IstNo":12012135,"SuAdi":"CERRAH D.","IstAdi":"CERRAH","BolgeNo":1,"ILKODU":16,"ILCEKODU":1411,"HAVZA_ID":12,"entityId":"240","entityType":"lakeStations","id":"240","name":"CERRAH","stationId":12012135,"basinId":12,"status":"no_data","color":"#94a3b8","radius":7}},{"type":"Feature","id":"241","geometry":{"type":"Point","coordinates":[30.533330000000035,40.38334000000003]},"properties":{"OBJECTID":241,"IstNo":12012146,"SuAdi":"GÖYNÜK Ç.","IstAdi":"YENİKÖY","BolgeNo":3,"ILKODU":54,"ILCEKODU":1847,"HAVZA_ID":12,"entityId":"241","entityType":"lakeStations","id":"241","name":"YENİKÖY","stationId":12012146,"basinId":12,"status":"no_data","color":"#94a3b8","radius":7}},{"type":"Feature","id":"242","geometry":{"type":"Point","coordinates":[29.543060000000025,40.18861000000004]},"properties":{"OBJECTID":242,"IstNo":12012153,"SuAdi":"GÖKSU N.","IstAdi":"BOĞAZKÖY","BolgeNo":1,"ILKODU":16,"ILCEKODU":1725,"HAVZA_ID":12,"entityId":"242","entityType":"lakeStations","id":"242","name":"BOĞAZKÖY","stationId":12012153,"basinId":12,"status":"no_data","color":"#94a3b8","radius":7}},{"type":"Feature","id":"243","geometry":{"type":"Point","coordinates":[29.56806000000006,40.022500000000036]},"properties":{"OBJECTID":243,"IstNo":12012155,"SuAdi":"AKÇASU","IstAdi":"ORTAKÖY","BolgeNo":1,"ILKODU":16,"ILCEKODU":1411,"HAVZA_ID":12,"entityId":"243","entityType":"lakeStations","id":"243","name":"ORTAKÖY","stationId":12012155,"basinId":12,"status":"no_data","color":"#94a3b8","radius":7}},{"type":"Feature","id":"244","geometry":{"type":"Point","coordinates":[29.50556000000006,40.03861000000006]},"properties":{"OBJECTID":244,"IstNo":12012156,"SuAdi":"BEDRESU","IstAdi":"İSAÖREN","BolgeNo":1,"ILKODU":16,"ILCEKODU":1411,"HAVZA_ID":12,"entityId":"244","entityType":"lakeStations","id":"244","name":"İSAÖREN","stationId":12012156,"basinId":12,"status":"no_data","color":"#94a3b8","radius":7}},{"type":"Feature","id":"245","geometry":{"type":"Point","coordinates":[29.687500000000057,40.22917000000007]},"properties":{"OBJECTID":245,"IstNo":12012164,"SuAdi":"BOĞAZDERE","IstAdi":"MAHMUDİYE","BolgeNo":1,"ILKODU":16,"ILCEKODU":1725,"HAVZA_ID":12,"entityId":"245","entityType":"lakeStations","id":"245","name":"MAHMUDİYE","stationId":12012164,"basinId":12,"status":"no_data","color":"#94a3b8","radius":7}},{"type":"Feature","id":"246","geometry":{"type":"Point","coordinates":[29.983330000000024,40.450000000000045]},"properties":{"OBJECTID":246,"IstNo":12012167,"SuAdi":"PAPAZ D.","IstAdi":"AHİLER","BolgeNo":3,"ILKODU":54,"ILCEKODU":1559,"HAVZA_ID":12,"entityId":"246","entityType":"lakeStations","id":"246","name":"AHİLER","stationId":12012167,"basinId":12,"status":"no_data","color":"#94a3b8","radius":7}},{"type":"Feature","id":"247","geometry":{"type":"Point","coordinates":[30.150000000000034,39.816670000000045]},"properties":{"OBJECTID":247,"IstNo":12012172,"SuAdi":"SARISU","IstAdi":"İNONÜ","BolgeNo":3,"ILKODU":26,"ILCEKODU":1808,"HAVZA_ID":12,"entityId":"247","entityType":"lakeStations","id":"247","name":"İNONÜ","stationId":12012172,"basinId":12,"status":"no_data","color":"#94a3b8","radius":7}},{"type":"Feature","id":"248","geometry":{"type":"Point","coordinates":[29.408610000000067,40.11806000000007]},"properties":{"OBJECTID":248,"IstNo":12012175,"SuAdi":"KOCADERE","IstAdi":"AKİNCILAR","BolgeNo":1,"ILKODU":16,"ILCEKODU":1411,"HAVZA_ID":12,"entityId":"248","entityType":"lakeStations","id":"248","name":"AKİNCILAR","stationId":12012175,"basinId":12,"status":"no_data","color":"#94a3b8","radius":7}},{"type":"Feature","id":"249","geometry":{"type":"Point","coordinates":[29.474080000000072,40.05465000000004]},"properties":{"OBJECTID":249,"IstNo":12012177,"SuAdi":"HOCAKÖY DERE","IstAdi":"HOCAKÖY","BolgeNo":1,"ILKODU":16,"ILCEKODU":1411,"HAVZA_ID":12,"entityId":"249","entityType":"lakeStations","id":"249","name":"HOCAKÖY","stationId":12012177,"basinId":12,"status":"no_data","color":"#94a3b8","radius":7}},{"type":"Feature","id":"250","geometry":{"type":"Point","coordinates":[30.02639000000005,39.462500000000034]},"properties":{"OBJECTID":250,"IstNo":12012181,"SuAdi":"PORSUK Ç.","IstAdi":"ÇALÇA (Y.BOSNA)","BolgeNo":3,"ILKODU":43,"ILCEKODU":1500,"HAVZA_ID":12,"entityId":"250","entityType":"lakeStations","id":"250","name":"ÇALÇA (Y.BOSNA)","stationId":12012181,"basinId":12,"status":"no_data","color":"#94a3b8","radius":7}},{"type":"Feature","id":"251","geometry":{"type":"Point","coordinates":[30.483330000000024,39.333330000000046]},"properties":{"OBJECTID":251,"IstNo":12012185,"SuAdi":"AKIN D.","IstAdi":"GEMİŞ","BolgeNo":3,"ILKODU":26,"ILCEKODU":1618,"HAVZA_ID":12,"entityId":"251","entityType":"lakeStations","id":"251","name":"GEMİŞ","stationId":12012185,"basinId":12,"status":"no_data","color":"#94a3b8","radius":7}},{"type":"Feature","id":"252","geometry":{"type":"Point","coordinates":[30.333330000000046,40.71667000000008]},"properties":{"OBJECTID":252,"IstNo":12012186,"SuAdi":"ÇARK SUYU","IstAdi":"REGÜLATÖR ÇIKIŞI","BolgeNo":3,"ILKODU":54,"ILCEKODU":2069,"HAVZA_ID":12,"entityId":"252","entityType":"lakeStations","id":"252","name":"REGÜLATÖR ÇIKIŞI","stationId":12012186,"basinId":12,"status":"no_data","color":"#94a3b8","radius":7}},{"type":"Feature","id":"253","geometry":{"type":"Point","coordinates":[31.342220000000054,40.239720000000034]},"properties":{"OBJECTID":253,"IstNo":12012188,"SuAdi":"NAL DERESİ","IstAdi":"YAKAPINAR","BolgeNo":5,"ILKODU":6,"ILCEKODU":1539,"HAVZA_ID":12,"entityId":"253","entityType":"lakeStations","id":"253","name":"YAKAPINAR","stationId":12012188,"basinId":12,"status":"no_data","color":"#94a3b8","radius":7}},{"type":"Feature","id":"254","geometry":{"type":"Point","coordinates":[32.098610000000065,40.29445000000004]},"properties":{"OBJECTID":254,"IstNo":12012189,"SuAdi":"SÜVARİ ÇAYI","IstAdi":"ZEYDE","BolgeNo":5,"ILKODU":6,"ILCEKODU":1187,"HAVZA_ID":12,"entityId":"254","entityType":"lakeStations","id":"254","name":"ZEYDE","stationId":12012189,"basinId":12,"status":"no_data","color":"#94a3b8","radius":7}},{"type":"Feature","id":"255","geometry":{"type":"Point","coordinates":[30.634720000000073,41.05917000000005]},"properties":{"OBJECTID":255,"IstNo":12012197,"SuAdi":"DARIÇAYIR D.","IstAdi":"KARAPINAR","BolgeNo":14,"ILKODU":54,"ILCEKODU":1442,"HAVZA_ID":12,"entityId":"255","entityType":"lakeStations","id":"255","name":"KARAPINAR","stationId":12012197,"basinId":12,"status":"no_data","color":"#94a3b8","radius":7}},{"type":"Feature","id":"256","geometry":{"type":"Point","coordinates":[30.197500000000048,40.86722000000003]},"properties":{"OBJECTID":256,"IstNo":12012208,"SuAdi":"BUDAKLAR D.","IstAdi":"AKMEŞE","BolgeNo":1,"ILKODU":41,"ILCEKODU":2062,"HAVZA_ID":12,"entityId":"256","entityType":"lakeStations","id":"256","name":"AKMEŞE","stationId":12012208,"basinId":12,"status":"no_data","color":"#94a3b8","radius":7}},{"type":"Feature","id":"257","geometry":{"type":"Point","coordinates":[32.79722000000004,39.80000000000007]},"properties":{"OBJECTID":257,"IstNo":12012211,"SuAdi":"MOGAN","IstAdi":"MOGAN GÖLÜ ÇIKIŞI","BolgeNo":5,"ILKODU":6,"ILCEKODU":1744,"HAVZA_ID":12,"entityId":"257","entityType":"lakeStations","id":"257","name":"MOGAN GÖLÜ ÇIKIŞI","stationId":12012211,"basinId":12,"status":"no_data","color":"#94a3b8","radius":7}},{"type":"Feature","id":"258","geometry":{"type":"Point","coordinates":[30.44124000000005,41.051030000000026]},"properties":{"OBJECTID":258,"IstNo":12012218,"SuAdi":"KOCA D.","IstAdi":"DOKUZOLUK","BolgeNo":14,"ILKODU":54,"ILCEKODU":1453,"HAVZA_ID":12,"entityId":"258","entityType":"lakeStations","id":"258","name":"DOKUZOLUK","stationId":12012218,"basinId":12,"status":"no_data","color":"#94a3b8","radius":7}},{"type":"Feature","id":"259","geometry":{"type":"Point","coordinates":[30.262780000000078,41.00484000000006]},"properties":{"OBJECTID":259,"IstNo":12012219,"SuAdi":"ANADERE","IstAdi":"ŞAHTIMARI","BolgeNo":14,"ILKODU":54,"ILCEKODU":1453,"HAVZA_ID":12,"entityId":"259","entityType":"lakeStations","id":"259","name":"ŞAHTIMARI","stationId":12012219,"basinId":12,"status":"no_data","color":"#94a3b8","radius":7}},{"type":"Feature","id":"260","geometry":{"type":"Point","coordinates":[30.313060000000064,40.893890000000056]},"properties":{"OBJECTID":260,"IstNo":12012224,"SuAdi":"AKMEŞE D.","IstAdi":"DEREKÖY","BolgeNo":14,"ILKODU":54,"ILCEKODU":2068,"HAVZA_ID":12,"entityId":"260","entityType":"lakeStations","id":"260","name":"DEREKÖY","stationId":12012224,"basinId":12,"status":"no_data","color":"#94a3b8","radius":7}},{"type":"Feature","id":"261","geometry":{"type":"Point","coordinates":[32.44139000000007,40.18278000000004]},"properties":{"OBJECTID":261,"IstNo":12012240,"SuAdi":"İLHAN ÇAYI","IstAdi":"BAYAT","BolgeNo":5,"ILKODU":6,"ILCEKODU":1157,"HAVZA_ID":12,"entityId":"261","entityType":"lakeStations","id":"261","name":"BAYAT","stationId":12012240,"basinId":12,"status":"no_data","color":"#94a3b8","radius":7}},{"type":"Feature","id":"262","geometry":{"type":"Point","coordinates":[32.681670000000054,40.35056000000003]},"properties":{"OBJECTID":262,"IstNo":12012242,"SuAdi":"MERA ÇAYI","IstAdi":"UĞURLU","BolgeNo":5,"ILKODU":6,"ILCEKODU":1473,"HAVZA_ID":12,"entityId":"262","entityType":"lakeStations","id":"262","name":"UĞURLU","stationId":12012242,"basinId":12,"status":"no_data","color":"#94a3b8","radius":7}},{"type":"Feature","id":"263","geometry":{"type":"Point","coordinates":[32.412780000000055,40.148060000000044]},"properties":{"OBJECTID":263,"IstNo":12012243,"SuAdi":"KARA DERE","IstAdi":"ENDİL BOĞAZI","BolgeNo":5,"ILKODU":6,"ILCEKODU":1157,"HAVZA_ID":12,"entityId":"263","entityType":"lakeStations","id":"263","name":"ENDİL BOĞAZI","stationId":12012243,"basinId":12,"status":"no_data","color":"#94a3b8","radius":7}},{"type":"Feature","id":"264","geometry":{"type":"Point","coordinates":[32.26167000000004,40.237220000000036]},"properties":{"OBJECTID":264,"IstNo":12012244,"SuAdi":"KİRMİR ÇAYI","IstAdi":"YEŞİLÖZ KÖPRÜSÜ","BolgeNo":5,"ILKODU":6,"ILCEKODU":1365,"HAVZA_ID":12,"entityId":"264","entityType":"lakeStations","id":"264","name":"YEŞİLÖZ KÖPRÜSÜ","stationId":12012244,"basinId":12,"status":"no_data","color":"#94a3b8","radius":7}},{"type":"Feature","id":"265","geometry":{"type":"Point","coordinates":[29.52389000000005,39.986950000000036]},"properties":{"OBJECTID":265,"IstNo":12012248,"SuAdi":"BOSTANDERE","IstAdi":"MADEN KÖY","BolgeNo":1,"ILKODU":16,"ILCEKODU":1411,"HAVZA_ID":12,"entityId":"265","entityType":"lakeStations","id":"265","name":"MADEN KÖY","stationId":12012248,"basinId":12,"status":"no_data","color":"#94a3b8","radius":7}},{"type":"Feature","id":"266","geometry":{"type":"Point","coordinates":[29.671530000000075,39.941320000000076]},"properties":{"OBJECTID":266,"IstNo":12012249,"SuAdi":"BALIKLI DERE","IstAdi":"TÜFEKÇİ KONAĞI","BolgeNo":1,"ILKODU":16,"ILCEKODU":1411,"HAVZA_ID":12,"entityId":"266","entityType":"lakeStations","id":"266","name":"TÜFEKÇİ KONAĞI","stationId":12012249,"basinId":12,"status":"no_data","color":"#94a3b8","radius":7}},{"type":"Feature","id":"267","geometry":{"type":"Point","coordinates":[32.27639000000005,40.119170000000054]},"properties":{"OBJECTID":267,"IstNo":12012250,"SuAdi":"İLHAN ÇAYI","IstAdi":"İLHAN REGÜLATÖRÜ","BolgeNo":5,"ILKODU":6,"ILCEKODU":1157,"HAVZA_ID":12,"entityId":"267","entityType":"lakeStations","id":"267","name":"İLHAN REGÜLATÖRÜ","stationId":12012250,"basinId":12,"status":"no_data","color":"#94a3b8","radius":7}},{"type":"Feature","id":"268","geometry":{"type":"Point","coordinates":[30.257220000000075,40.68444000000005]},"properties":{"OBJECTID":268,"IstNo":12012254,"SuAdi":"İSTANBUL D.","IstAdi":"İSTANBUL","BolgeNo":3,"ILKODU":54,"ILCEKODU":1595,"HAVZA_ID":12,"entityId":"268","entityType":"lakeStations","id":"268","name":"İSTANBUL","stationId":12012254,"basinId":12,"status":"no_data","color":"#94a3b8","radius":7}},{"type":"Feature","id":"269","geometry":{"type":"Point","coordinates":[30.21861000000007,40.66555000000005]},"properties":{"OBJECTID":269,"IstNo":12012255,"SuAdi":"MAHMUDİYE D.","IstAdi":"MAHMUDİYE ","BolgeNo":3,"ILKODU":54,"ILCEKODU":1595,"HAVZA_ID":12,"entityId":"269","entityType":"lakeStations","id":"269","name":"MAHMUDİYE ","stationId":12012255,"basinId":12,"status":"no_data","color":"#94a3b8","radius":7}},{"type":"Feature","id":"270","geometry":{"type":"Point","coordinates":[30.141670000000033,40.716950000000054]},"properties":{"OBJECTID":270,"IstNo":12012256,"SuAdi":"BALIKHANE D.","IstAdi":"BALIKHANE","BolgeNo":3,"ILKODU":54,"ILCEKODU":2063,"HAVZA_ID":12,"entityId":"270","entityType":"lakeStations","id":"270","name":"BALIKHANE","stationId":12012256,"basinId":12,"status":"no_data","color":"#94a3b8","radius":7}},{"type":"Feature","id":"271","geometry":{"type":"Point","coordinates":[30.161670000000072,40.68222000000003]},"properties":{"OBJECTID":271,"IstNo":12012258,"SuAdi":"YANIK D.","IstAdi":"YANIK","BolgeNo":3,"ILKODU":54,"ILCEKODU":1595,"HAVZA_ID":12,"entityId":"271","entityType":"lakeStations","id":"271","name":"YANIK","stationId":12012258,"basinId":12,"status":"no_data","color":"#94a3b8","radius":7}},{"type":"Feature","id":"272","geometry":{"type":"Point","coordinates":[30.275550000000067,40.69111000000004]},"properties":{"OBJECTID":272,"IstNo":12012261,"SuAdi":"SARP D.","IstAdi":"SARP","BolgeNo":3,"ILKODU":54,"ILCEKODU":1595,"HAVZA_ID":12,"entityId":"272","entityType":"lakeStations","id":"272","name":"SARP","stationId":12012261,"basinId":12,"status":"no_data","color":"#94a3b8","radius":7}},{"type":"Feature","id":"273","geometry":{"type":"Point","coordinates":[29.810280000000034,40.28222000000005]},"properties":{"OBJECTID":273,"IstNo":12012264,"SuAdi":"GÖKSU Ç.","IstAdi":"HAYRİYE","BolgeNo":1,"ILKODU":16,"ILCEKODU":1725,"HAVZA_ID":12,"entityId":"273","entityType":"lakeStations","id":"273","name":"HAYRİYE","stationId":12012264,"basinId":12,"status":"no_data","color":"#94a3b8","radius":7}},{"type":"Feature","id":"274","geometry":{"type":"Point","coordinates":[30.36444000000006,40.087780000000066]},"properties":{"OBJECTID":274,"IstNo":12012270,"SuAdi":"KOYUNLU","IstAdi":"SAKARYA NEHRİ","BolgeNo":3,"ILKODU":11,"ILCEKODU":1948,"HAVZA_ID":12,"entityId":"274","entityType":"lakeStations","id":"274","name":"SAKARYA NEHRİ","stationId":12012270,"basinId":12,"status":"no_data","color":"#94a3b8","radius":7}},{"type":"Feature","id":"275","geometry":{"type":"Point","coordinates":[30.55445000000003,41.11833000000007]},"properties":{"OBJECTID":275,"IstNo":12012271,"SuAdi":"ACARLAR ","IstAdi":"ACARLAR LONGOZU","BolgeNo":3,"ILKODU":54,"ILCEKODU":1442,"HAVZA_ID":12,"entityId":"275","entityType":"lakeStations","id":"275","name":"ACARLAR LONGOZU","stationId":12012271,"basinId":12,"status":"no_data","color":"#94a3b8","radius":7}},{"type":"Feature","id":"276","geometry":{"type":"Point","coordinates":[31.892220000000066,38.279450000000054]},"properties":{"OBJECTID":276,"IstNo":12012280,"SuAdi":"ÇİGİL D.","IstAdi":"DERİVASYON KAN.","BolgeNo":4,"ILKODU":42,"ILCEKODU":1400,"HAVZA_ID":12,"entityId":"276","entityType":"lakeStations","id":"276","name":"DERİVASYON KAN.","stationId":12012280,"basinId":12,"status":"no_data","color":"#94a3b8","radius":7}},{"type":"Feature","id":"277","geometry":{"type":"Point","coordinates":[42.69722000000007,36.701670000000036]},"properties":{"OBJECTID":277,"IstNo":12012281,"SuAdi":"KALE REG.","IstAdi":"GİRİŞ (ZAFERIYE KÖP.)","BolgeNo":4,"ILKODU":42,"ILCEKODU":null,"HAVZA_ID":null,"entityId":"277","entityType":"lakeStations","id":"277","name":"GİRİŞ (ZAFERIYE KÖP.)","stationId":12012281,"basinId":null,"status":"no_data","color":"#94a3b8","radius":7}},{"type":"Feature","id":"278","geometry":{"type":"Point","coordinates":[32.02806000000004,38.19056000000006]},"properties":{"OBJECTID":278,"IstNo":12012283,"SuAdi":"TEKKE D.","IstAdi":"MAHMUTHİSAR","BolgeNo":4,"ILKODU":42,"ILCEKODU":1400,"HAVZA_ID":12,"entityId":"278","entityType":"lakeStations","id":"278","name":"MAHMUTHİSAR","stationId":12012283,"basinId":12,"status":"no_data","color":"#94a3b8","radius":7}},{"type":"Feature","id":"279","geometry":{"type":"Point","coordinates":[31.98861000000005,38.198060000000055]},"properties":{"OBJECTID":279,"IstNo":12012284,"SuAdi":"ELDEŞ D.","IstAdi":"ELDEŞ","BolgeNo":4,"ILKODU":42,"ILCEKODU":1400,"HAVZA_ID":12,"entityId":"279","entityType":"lakeStations","id":"279","name":"ELDEŞ","stationId":12012284,"basinId":12,"status":"no_data","color":"#94a3b8","radius":7}},{"type":"Feature","id":"280","geometry":{"type":"Point","coordinates":[31.94306000000006,38.21222000000006]},"properties":{"OBJECTID":280,"IstNo":12012285,"SuAdi":"BULCUK D.","IstAdi":"BULCUK","BolgeNo":4,"ILKODU":42,"ILCEKODU":1400,"HAVZA_ID":12,"entityId":"280","entityType":"lakeStations","id":"280","name":"BULCUK","stationId":12012285,"basinId":12,"status":"no_data","color":"#94a3b8","radius":7}},{"type":"Feature","id":"281","geometry":{"type":"Point","coordinates":[31.90306000000004,38.23917000000006]},"properties":{"OBJECTID":281,"IstNo":12012286,"SuAdi":"BOLASAN DERİV.KAN.","IstAdi":"SARAYCIK","BolgeNo":4,"ILKODU":42,"ILCEKODU":1400,"HAVZA_ID":12,"entityId":"281","entityType":"lakeStations","id":"281","name":"SARAYCIK","stationId":12012286,"basinId":12,"status":"no_data","color":"#94a3b8","radius":7}},{"type":"Feature","id":"282","geometry":{"type":"Point","coordinates":[31.728060000000028,38.30750000000006]},"properties":{"OBJECTID":282,"IstNo":12012287,"SuAdi":"ÇEBİŞÇİ S.","IstAdi":"ARGITHANI","BolgeNo":4,"ILKODU":42,"ILCEKODU":1400,"HAVZA_ID":12,"entityId":"282","entityType":"lakeStations","id":"282","name":"ARGITHANI","stationId":12012287,"basinId":12,"status":"no_data","color":"#94a3b8","radius":7}},{"type":"Feature","id":"283","geometry":{"type":"Point","coordinates":[31.52639000000005,40.67972000000003]},"properties":{"OBJECTID":283,"IstNo":12013008,"SuAdi":"MUDURNU ÇAYI","IstAdi":"AKKAYA (AKMİNA)","BolgeNo":5,"ILKODU":14,"ILCEKODU":1199,"HAVZA_ID":13,"entityId":"283","entityType":"lakeStations","id":"283","name":"AKKAYA (AKMİNA)","stationId":12013008,"basinId":13,"status":"no_data","color":"#94a3b8","radius":7}},{"type":"Feature","id":"284","geometry":{"type":"Point","coordinates":[31.050280000000043,40.90333000000004]},"properties":{"OBJECTID":284,"IstNo":12013010,"SuAdi":"ÇİLİMLİ DERESİ","IstAdi":"ÇİLİMLİ","BolgeNo":5,"ILKODU":81,"ILCEKODU":1905,"HAVZA_ID":13,"entityId":"284","entityType":"lakeStations","id":"284","name":"ÇİLİMLİ","stationId":12013010,"basinId":13,"status":"no_data","color":"#94a3b8","radius":7}},{"type":"Feature","id":"285","geometry":{"type":"Point","coordinates":[32.41139000000004,41.560280000000034]},"properties":{"OBJECTID":285,"IstNo":12013014,"SuAdi":"ULUS Ç.","IstAdi":"BAYIRYÜZÜ","BolgeNo":23,"ILKODU":74,"ILCEKODU":1172,"HAVZA_ID":13,"entityId":"285","entityType":"lakeStations","id":"285","name":"BAYIRYÜZÜ","stationId":12013014,"basinId":13,"status":"no_data","color":"#94a3b8","radius":7}},{"type":"Feature","id":"286","geometry":{"type":"Point","coordinates":[33.50222000000008,41.59945000000005]},"properties":{"OBJECTID":286,"IstNo":12013015,"SuAdi":"DEVREKANİ Ç.","IstAdi":"CÜRÜMÖREN","BolgeNo":23,"ILKODU":37,"ILCEKODU":1264,"HAVZA_ID":13,"entityId":"286","entityType":"lakeStations","id":"286","name":"CÜRÜMÖREN","stationId":12013015,"basinId":13,"status":"no_data","color":"#94a3b8","radius":7}},{"type":"Feature","id":"287","geometry":{"type":"Point","coordinates":[33.94695000000007,41.62333000000007]},"properties":{"OBJECTID":287,"IstNo":12013021,"SuAdi":"DEVREKANİ Ç.","IstAdi":"ÇORBACI","BolgeNo":23,"ILKODU":37,"ILCEKODU":1277,"HAVZA_ID":13,"entityId":"287","entityType":"lakeStations","id":"287","name":"ÇORBACI","stationId":12013021,"basinId":13,"status":"no_data","color":"#94a3b8","radius":7}},{"type":"Feature","id":"288","geometry":{"type":"Point","coordinates":[31.387780000000078,40.93945000000008]},"properties":{"OBJECTID":288,"IstNo":12013033,"SuAdi":"KÜÇÜK MELEN DERESİ","IstAdi":"İĞNELER","BolgeNo":5,"ILKODU":81,"ILCEKODU":1730,"HAVZA_ID":13,"entityId":"288","entityType":"lakeStations","id":"288","name":"İĞNELER","stationId":12013033,"basinId":13,"status":"no_data","color":"#94a3b8","radius":7}},{"type":"Feature","id":"289","geometry":{"type":"Point","coordinates":[32.990830000000074,40.76194000000004]},"properties":{"OBJECTID":289,"IstNo":12013036,"SuAdi":"HACILAR DERESİ","IstAdi":"YALAKÖZÜ","BolgeNo":5,"ILKODU":18,"ILCEKODU":1248,"HAVZA_ID":13,"entityId":"289","entityType":"lakeStations","id":"289","name":"YALAKÖZÜ","stationId":12013036,"basinId":13,"status":"no_data","color":"#94a3b8","radius":7}},{"type":"Feature","id":"290","geometry":{"type":"Point","coordinates":[32.764170000000036,41.21917000000008]},"properties":{"OBJECTID":290,"IstNo":12013037,"SuAdi":"EFLANİ Ç.","IstAdi":"ÇEVRİKKÖPRÜ","BolgeNo":23,"ILKODU":78,"ILCEKODU":1587,"HAVZA_ID":13,"entityId":"290","entityType":"lakeStations","id":"290","name":"ÇEVRİKKÖPRÜ","stationId":12013037,"basinId":13,"status":"no_data","color":"#94a3b8","radius":7}},{"type":"Feature","id":"291","geometry":{"type":"Point","coordinates":[31.385560000000055,40.91722000000004]},"properties":{"OBJECTID":291,"IstNo":12013038,"SuAdi":"KARA DERE","IstAdi":"KIRIK","BolgeNo":5,"ILKODU":81,"ILCEKODU":1730,"HAVZA_ID":13,"entityId":"291","entityType":"lakeStations","id":"291","name":"KIRIK","stationId":12013038,"basinId":13,"status":"no_data","color":"#94a3b8","radius":7}},{"type":"Feature","id":"292","geometry":{"type":"Point","coordinates":[32.387500000000045,41.46167000000003]},"properties":{"OBJECTID":292,"IstNo":12013039,"SuAdi":"KOCANAZ Ç.","IstAdi":"BOĞAZKÖY","BolgeNo":23,"ILKODU":74,"ILCEKODU":1172,"HAVZA_ID":13,"entityId":"292","entityType":"lakeStations","id":"292","name":"BOĞAZKÖY","stationId":12013039,"basinId":13,"status":"no_data","color":"#94a3b8","radius":7}},{"type":"Feature","id":"293","geometry":{"type":"Point","coordinates":[31.776670000000024,41.42805000000004]},"properties":{"OBJECTID":293,"IstNo":12013042,"SuAdi":"İHSANİYE D.","IstAdi":"İHSANİYE","BolgeNo":23,"ILKODU":67,"ILCEKODU":2101,"HAVZA_ID":13,"entityId":"293","entityType":"lakeStations","id":"293","name":"İHSANİYE","stationId":12013042,"basinId":13,"status":"no_data","color":"#94a3b8","radius":7}},{"type":"Feature","id":"294","geometry":{"type":"Point","coordinates":[31.983330000000024,40.68333000000007]},"properties":{"OBJECTID":294,"IstNo":12013045,"SuAdi":"ULUSU DERESİ","IstAdi":"YAĞBAŞLAR","BolgeNo":5,"ILKODU":14,"ILCEKODU":1916,"HAVZA_ID":13,"entityId":"294","entityType":"lakeStations","id":"294","name":"YAĞBAŞLAR","stationId":12013045,"basinId":13,"status":"no_data","color":"#94a3b8","radius":7}},{"type":"Feature","id":"295","geometry":{"type":"Point","coordinates":[32.22306000000003,40.65805000000006]},"properties":{"OBJECTID":295,"IstNo":12013046,"SuAdi":"MARKOŞA DERESİ","IstAdi":"SALUR KÖPRÜSÜ","BolgeNo":5,"ILKODU":14,"ILCEKODU":1346,"HAVZA_ID":13,"entityId":"295","entityType":"lakeStations","id":"295","name":"SALUR KÖPRÜSÜ","stationId":12013046,"basinId":13,"status":"no_data","color":"#94a3b8","radius":7}},{"type":"Feature","id":"296","geometry":{"type":"Point","coordinates":[31.827220000000068,41.329440000000034]},"properties":{"OBJECTID":296,"IstNo":12013047,"SuAdi":"DEREKÖY D.","IstAdi":"YÜZBAŞIPINARI","BolgeNo":23,"ILKODU":67,"ILCEKODU":1741,"HAVZA_ID":13,"entityId":"296","entityType":"lakeStations","id":"296","name":"YÜZBAŞIPINARI","stationId":12013047,"basinId":13,"status":"no_data","color":"#94a3b8","radius":7}},{"type":"Feature","id":"297","geometry":{"type":"Point","coordinates":[32.58222000000006,41.683890000000076]},"properties":{"OBJECTID":297,"IstNo":12013049,"SuAdi":"ARIT Ç.","IstAdi":"DARIÖREN","BolgeNo":23,"ILKODU":74,"ILCEKODU":1172,"HAVZA_ID":13,"entityId":"297","entityType":"lakeStations","id":"297","name":"DARIÖREN","stationId":12013049,"basinId":13,"status":"no_data","color":"#94a3b8","radius":7}},{"type":"Feature","id":"298","geometry":{"type":"Point","coordinates":[35.04833000000008,41.84917000000007]},"properties":{"OBJECTID":298,"IstNo":12013050,"SuAdi":"İSPA Ç.","IstAdi":"ŞAMLIOĞLU","BolgeNo":7,"ILKODU":57,"ILCEKODU":1627,"HAVZA_ID":13,"entityId":"298","entityType":"lakeStations","id":"298","name":"ŞAMLIOĞLU","stationId":12013050,"basinId":13,"status":"no_data","color":"#94a3b8","radius":7}},{"type":"Feature","id":"299","geometry":{"type":"Point","coordinates":[32.93889000000007,41.877500000000055]},"properties":{"OBJECTID":299,"IstNo":12013052,"SuAdi":"KOCAÇAY","IstAdi":"CİDE","BolgeNo":23,"ILKODU":37,"ILCEKODU":1221,"HAVZA_ID":13,"entityId":"299","entityType":"lakeStations","id":"299","name":"CİDE","stationId":12013052,"basinId":13,"status":"no_data","color":"#94a3b8","radius":7}},{"type":"Feature","id":"300","geometry":{"type":"Point","coordinates":[30.783330000000035,41.066670000000045]},"properties":{"OBJECTID":300,"IstNo":12013055,"SuAdi":"KARACASU","IstAdi":"KUYUMCULU","BolgeNo":3,"ILKODU":54,"ILCEKODU":1442,"HAVZA_ID":12,"entityId":"300","entityType":"lakeStations","id":"300","name":"KUYUMCULU","stationId":12013055,"basinId":12,"status":"no_data","color":"#94a3b8","radius":7}},{"type":"Feature","id":"301","geometry":{"type":"Point","coordinates":[33.32278000000008,41.239720000000034]},"properties":{"OBJECTID":301,"IstNo":12013061,"SuAdi":"ARAÇ Ç.","IstAdi":"ARAÇ","BolgeNo":23,"ILKODU":37,"ILCEKODU":1140,"HAVZA_ID":13,"entityId":"301","entityType":"lakeStations","id":"301","name":"ARAÇ","stationId":12013061,"basinId":13,"status":"no_data","color":"#94a3b8","radius":7}},{"type":"Feature","id":"302","geometry":{"type":"Point","coordinates":[32.74111000000005,41.21639000000005]},"properties":{"OBJECTID":302,"IstNo":12013062,"SuAdi":"ARAÇ Ç.","IstAdi":"KARIT","BolgeNo":23,"ILKODU":78,"ILCEKODU":1587,"HAVZA_ID":13,"entityId":"302","entityType":"lakeStations","id":"302","name":"KARIT","stationId":12013062,"basinId":13,"status":"no_data","color":"#94a3b8","radius":7}},{"type":"Feature","id":"303","geometry":{"type":"Point","coordinates":[32.67861000000005,41.131110000000035]},"properties":{"OBJECTID":303,"IstNo":12013063,"SuAdi":"SOĞANLI Ç.","IstAdi":"CEMALLER","BolgeNo":23,"ILKODU":78,"ILCEKODU":1433,"HAVZA_ID":13,"entityId":"303","entityType":"lakeStations","id":"303","name":"CEMALLER","stationId":12013063,"basinId":13,"status":"no_data","color":"#94a3b8","radius":7}},{"type":"Feature","id":"304","geometry":{"type":"Point","coordinates":[33.22583000000003,40.95667000000003]},"properties":{"OBJECTID":304,"IstNo":12013064,"SuAdi":"GEREDE ÇAYI","IstAdi":"BAYRAMÖREN","BolgeNo":5,"ILKODU":18,"ILCEKODU":1885,"HAVZA_ID":13,"entityId":"304","entityType":"lakeStations","id":"304","name":"BAYRAMÖREN","stationId":12013064,"basinId":13,"status":"no_data","color":"#94a3b8","radius":7}},{"type":"Feature","id":"305","geometry":{"type":"Point","coordinates":[31.866670000000056,40.863330000000076]},"properties":{"OBJECTID":305,"IstNo":12013065,"SuAdi":"BÜYÜKSU ÇAYI","IstAdi":"KÜPLÜCE KÖPRÜSÜ","BolgeNo":5,"ILKODU":14,"ILCEKODU":1522,"HAVZA_ID":13,"entityId":"305","entityType":"lakeStations","id":"305","name":"KÜPLÜCE KÖPRÜSÜ","stationId":12013065,"basinId":13,"status":"no_data","color":"#94a3b8","radius":7}},{"type":"Feature","id":"306","geometry":{"type":"Point","coordinates":[31.160550000000057,40.837500000000034]},"properties":{"OBJECTID":306,"IstNo":12013066,"SuAdi":"ASAR SUYU","IstAdi":"DÜZCE(MERKEZ)","BolgeNo":5,"ILKODU":81,"ILCEKODU":1292,"HAVZA_ID":13,"entityId":"306","entityType":"lakeStations","id":"306","name":"DÜZCE(MERKEZ)","stationId":12013066,"basinId":13,"status":"no_data","color":"#94a3b8","radius":7}},{"type":"Feature","id":"307","geometry":{"type":"Point","coordinates":[31.43972000000008,40.67528000000004]},"properties":{"OBJECTID":307,"IstNo":12013068,"SuAdi":"ABANT DERESİ","IstAdi":"AKÇAALAN","BolgeNo":5,"ILKODU":14,"ILCEKODU":1199,"HAVZA_ID":13,"entityId":"307","entityType":"lakeStations","id":"307","name":"AKÇAALAN","stationId":12013068,"basinId":13,"status":"no_data","color":"#94a3b8","radius":7}},{"type":"Feature","id":"308","geometry":{"type":"Point","coordinates":[31.634720000000073,40.789720000000045]},"properties":{"OBJECTID":308,"IstNo":12013070,"SuAdi":"HIZAR DERESİ","IstAdi":"BAYRAMIŞLAR KÖPRÜSÜ","BolgeNo":5,"ILKODU":14,"ILCEKODU":1199,"HAVZA_ID":13,"entityId":"308","entityType":"lakeStations","id":"308","name":"BAYRAMIŞLAR KÖPRÜSÜ","stationId":12013070,"basinId":13,"status":"no_data","color":"#94a3b8","radius":7}},{"type":"Feature","id":"309","geometry":{"type":"Point","coordinates":[31.246110000000044,40.72583000000003]},"properties":{"OBJECTID":309,"IstNo":12013072,"SuAdi":"UĞUR SUYU","IstAdi":"HAMAMÜSTÜ MAHALLESİ","BolgeNo":5,"ILKODU":81,"ILCEKODU":1292,"HAVZA_ID":13,"entityId":"309","entityType":"lakeStations","id":"309","name":"HAMAMÜSTÜ MAHALLESİ","stationId":12013072,"basinId":13,"status":"no_data","color":"#94a3b8","radius":7}},{"type":"Feature","id":"310","geometry":{"type":"Point","coordinates":[33.18306000000007,41.78833000000003]},"properties":{"OBJECTID":310,"IstNo":12013073,"SuAdi":"ŞEHRİBANİ Ç.","IstAdi":"HARMANGERİŞ","BolgeNo":23,"ILKODU":37,"ILCEKODU":1845,"HAVZA_ID":13,"entityId":"310","entityType":"lakeStations","id":"310","name":"HARMANGERİŞ","stationId":12013073,"basinId":13,"status":"no_data","color":"#94a3b8","radius":7}},{"type":"Feature","id":"311","geometry":{"type":"Point","coordinates":[31.39972000000006,41.160000000000025]},"properties":{"OBJECTID":311,"IstNo":12013074,"SuAdi":"ALAPLI Ç.","IstAdi":"ALAPLI","BolgeNo":23,"ILKODU":67,"ILCEKODU":1758,"HAVZA_ID":13,"entityId":"311","entityType":"lakeStations","id":"311","name":"ALAPLI","stationId":12013074,"basinId":13,"status":"no_data","color":"#94a3b8","radius":7}},{"type":"Feature","id":"312","geometry":{"type":"Point","coordinates":[35.20917000000003,41.720830000000035]},"properties":{"OBJECTID":312,"IstNo":12013075,"SuAdi":"KEYDEN D.","IstAdi":"YENİKENT","BolgeNo":7,"ILKODU":57,"ILCEKODU":1349,"HAVZA_ID":13,"entityId":"312","entityType":"lakeStations","id":"312","name":"YENİKENT","stationId":12013075,"basinId":13,"status":"no_data","color":"#94a3b8","radius":7}},{"type":"Feature","id":"313","geometry":{"type":"Point","coordinates":[31.925000000000068,41.17972000000003]},"properties":{"OBJECTID":313,"IstNo":12013076,"SuAdi":"KARASU","IstAdi":"BAŞLARKADI","BolgeNo":23,"ILKODU":67,"ILCEKODU":1276,"HAVZA_ID":13,"entityId":"313","entityType":"lakeStations","id":"313","name":"BAŞLARKADI","stationId":12013076,"basinId":13,"status":"no_data","color":"#94a3b8","radius":7}},{"type":"Feature","id":"314","geometry":{"type":"Point","coordinates":[31.902220000000057,41.16694000000007]},"properties":{"OBJECTID":314,"IstNo":12013077,"SuAdi":"BOLU Ç.","IstAdi":"ÖZPINAR","BolgeNo":23,"ILKODU":67,"ILCEKODU":1276,"HAVZA_ID":13,"entityId":"314","entityType":"lakeStations","id":"314","name":"ÖZPINAR","stationId":12013077,"basinId":13,"status":"no_data","color":"#94a3b8","radius":7}},{"type":"Feature","id":"315","geometry":{"type":"Point","coordinates":[32.60139000000004,40.99028000000004]},"properties":{"OBJECTID":315,"IstNo":12013078,"SuAdi":"ESKİPAZAR Ç.","IstAdi":"ÜÇEVLER","BolgeNo":23,"ILKODU":78,"ILCEKODU":1321,"HAVZA_ID":13,"entityId":"315","entityType":"lakeStations","id":"315","name":"ÜÇEVLER","stationId":12013078,"basinId":13,"status":"no_data","color":"#94a3b8","radius":7}},{"type":"Feature","id":"316","geometry":{"type":"Point","coordinates":[33.36528000000004,42.01028000000008]},"properties":{"OBJECTID":316,"IstNo":12013079,"SuAdi":"FAKAZ Ç.","IstAdi":"İLYASBEY","BolgeNo":23,"ILKODU":37,"ILCEKODU":1221,"HAVZA_ID":13,"entityId":"316","entityType":"lakeStations","id":"316","name":"İLYASBEY","stationId":12013079,"basinId":13,"status":"no_data","color":"#94a3b8","radius":7}},{"type":"Feature","id":"317","geometry":{"type":"Point","coordinates":[32.32722000000007,41.57278000000008]},"properties":{"OBJECTID":317,"IstNo":12013081,"SuAdi":"KOZCAĞIZ Ç. ","IstAdi":"OTOGAR KÖP.","BolgeNo":23,"ILKODU":74,"ILCEKODU":1172,"HAVZA_ID":13,"entityId":"317","entityType":"lakeStations","id":"317","name":"OTOGAR KÖP.","stationId":12013081,"basinId":13,"status":"no_data","color":"#94a3b8","radius":7}},{"type":"Feature","id":"318","geometry":{"type":"Point","coordinates":[33.75945000000007,41.97667000000007]},"properties":{"OBJECTID":318,"IstNo":12013082,"SuAdi":"İNEBOLU Ç.","IstAdi":"İNEBOLU","BolgeNo":23,"ILKODU":37,"ILCEKODU":1410,"HAVZA_ID":13,"entityId":"318","entityType":"lakeStations","id":"318","name":"İNEBOLU","stationId":12013082,"basinId":13,"status":"no_data","color":"#94a3b8","radius":7}},{"type":"Feature","id":"319","geometry":{"type":"Point","coordinates":[33.74833000000007,41.953610000000026]},"properties":{"OBJECTID":319,"IstNo":12013083,"SuAdi":"KÜÇÜKÇAY","IstAdi":"KÜÇÜK","BolgeNo":23,"ILKODU":37,"ILCEKODU":1410,"HAVZA_ID":13,"entityId":"319","entityType":"lakeStations","id":"319","name":"KÜÇÜK","stationId":12013083,"basinId":13,"status":"no_data","color":"#94a3b8","radius":7}},{"type":"Feature","id":"320","geometry":{"type":"Point","coordinates":[33.750560000000064,41.954720000000066]},"properties":{"OBJECTID":320,"IstNo":12013084,"SuAdi":"İKİÇAY","IstAdi":"ESKİKÖPRÜ ","BolgeNo":23,"ILKODU":37,"ILCEKODU":1410,"HAVZA_ID":13,"entityId":"320","entityType":"lakeStations","id":"320","name":"ESKİKÖPRÜ ","stationId":12013084,"basinId":13,"status":"no_data","color":"#94a3b8","radius":7}},{"type":"Feature","id":"321","geometry":{"type":"Point","coordinates":[33.76972000000006,41.94389000000007]},"properties":{"OBJECTID":321,"IstNo":12013085,"SuAdi":"SALMAN Ç.","IstAdi":"SALMAN","BolgeNo":23,"ILKODU":37,"ILCEKODU":1410,"HAVZA_ID":13,"entityId":"321","entityType":"lakeStations","id":"321","name":"SALMAN","stationId":12013085,"basinId":13,"status":"no_data","color":"#94a3b8","radius":7}},{"type":"Feature","id":"322","geometry":{"type":"Point","coordinates":[32.60111000000006,41.48639000000003]},"properties":{"OBJECTID":322,"IstNo":12013087,"SuAdi":"OVA Ç.","IstAdi":"ULUPINAR","BolgeNo":23,"ILKODU":74,"ILCEKODU":1701,"HAVZA_ID":13,"entityId":"322","entityType":"lakeStations","id":"322","name":"ULUPINAR","stationId":12013087,"basinId":13,"status":"no_data","color":"#94a3b8","radius":7}},{"type":"Feature","id":"323","geometry":{"type":"Point","coordinates":[32.59639000000004,41.54222000000004]},"properties":{"OBJECTID":323,"IstNo":12013088,"SuAdi":"ULUS Ç.","IstAdi":"EMİRCE  ","BolgeNo":23,"ILKODU":74,"ILCEKODU":1701,"HAVZA_ID":13,"entityId":"323","entityType":"lakeStations","id":"323","name":"EMİRCE  ","stationId":12013088,"basinId":13,"status":"no_data","color":"#94a3b8","radius":7}},{"type":"Feature","id":"324","geometry":{"type":"Point","coordinates":[32.33000000000004,41.19889000000006]},"properties":{"OBJECTID":324,"IstNo":12013091,"SuAdi":"İNCEDERE","IstAdi":"ÇIRAPAZARI","BolgeNo":23,"ILKODU":78,"ILCEKODU":1856,"HAVZA_ID":13,"entityId":"324","entityType":"lakeStations","id":"324","name":"ÇIRAPAZARI","stationId":12013091,"basinId":13,"status":"no_data","color":"#94a3b8","radius":7}},{"type":"Feature","id":"325","geometry":{"type":"Point","coordinates":[30.983060000000023,41.016940000000034]},"properties":{"OBJECTID":325,"IstNo":12013092,"SuAdi":"B. MELEN ÇAYI","IstAdi":"AYDOĞAN","BolgeNo":14,"ILKODU":54,"ILCEKODU":1116,"HAVZA_ID":13,"entityId":"325","entityType":"lakeStations","id":"325","name":"AYDOĞAN","stationId":12013092,"basinId":13,"status":"no_data","color":"#94a3b8","radius":7}},{"type":"Feature","id":"326","geometry":{"type":"Point","coordinates":[32.22805000000005,40.72861000000006]},"properties":{"OBJECTID":326,"IstNo":12013094,"SuAdi":"ULUSU ÇAYI","IstAdi":"DURSUNFAKI","BolgeNo":5,"ILKODU":14,"ILCEKODU":1346,"HAVZA_ID":13,"entityId":"326","entityType":"lakeStations","id":"326","name":"DURSUNFAKI","stationId":12013094,"basinId":13,"status":"no_data","color":"#94a3b8","radius":7}},{"type":"Feature","id":"327","geometry":{"type":"Point","coordinates":[32.23944000000006,40.737220000000036]},"properties":{"OBJECTID":327,"IstNo":12013095,"SuAdi":"MARKUŞA DERESİ","IstAdi":"BALCILAR","BolgeNo":5,"ILKODU":14,"ILCEKODU":1346,"HAVZA_ID":13,"entityId":"327","entityType":"lakeStations","id":"327","name":"BALCILAR","stationId":12013095,"basinId":13,"status":"no_data","color":"#94a3b8","radius":7}},{"type":"Feature","id":"328","geometry":{"type":"Point","coordinates":[36.020560000000046,40.92028000000005]},"properties":{"OBJECTID":328,"IstNo":12014011,"SuAdi":"LADİK G.","IstAdi":"REG. ÇIKIŞI","BolgeNo":7,"ILKODU":55,"ILCEKODU":1501,"HAVZA_ID":14,"entityId":"328","entityType":"lakeStations","id":"328","name":"REG. ÇIKIŞI","stationId":12014011,"basinId":14,"status":"no_data","color":"#94a3b8","radius":7}},{"type":"Feature","id":"329","geometry":{"type":"Point","coordinates":[36.195280000000025,41.286110000000065]},"properties":{"OBJECTID":329,"IstNo":12014014,"SuAdi":"KÜRTÜN Ç.","IstAdi":"AHULLU","BolgeNo":7,"ILKODU":55,"ILCEKODU":2072,"HAVZA_ID":14,"entityId":"329","entityType":"lakeStations","id":"329","name":"AHULLU","stationId":12014014,"basinId":14,"status":"no_data","color":"#94a3b8","radius":7}},{"type":"Feature","id":"330","geometry":{"type":"Point","coordinates":[35.885830000000055,40.568610000000035]},"properties":{"OBJECTID":330,"IstNo":12014024,"SuAdi":"DELİÇAY","IstAdi":"MAHMATLAR","BolgeNo":7,"ILKODU":5,"ILCEKODU":1134,"HAVZA_ID":14,"entityId":"330","entityType":"lakeStations","id":"330","name":"MAHMATLAR","stationId":12014024,"basinId":14,"status":"no_data","color":"#94a3b8","radius":7}},{"type":"Feature","id":"331","geometry":{"type":"Point","coordinates":[36.03833000000003,39.79917000000006]},"properties":{"OBJECTID":331,"IstNo":12014080,"SuAdi":"GÜNDELEN D.","IstAdi":"KIZILLI","BolgeNo":12,"ILKODU":66,"ILCEKODU":1117,"HAVZA_ID":14,"entityId":"331","entityType":"lakeStations","id":"331","name":"KIZILLI","stationId":12014080,"basinId":14,"status":"no_data","color":"#94a3b8","radius":7}},{"type":"Feature","id":"332","geometry":{"type":"Point","coordinates":[35.966950000000054,41.07583000000005]},"properties":{"OBJECTID":332,"IstNo":12014081,"SuAdi":"DEREÇAM D.","IstAdi":"GÜVEN BARAJI GİRİŞİ","BolgeNo":7,"ILKODU":55,"ILCEKODU":1452,"HAVZA_ID":14,"entityId":"332","entityType":"lakeStations","id":"332","name":"GÜVEN BARAJI GİRİŞİ","stationId":12014081,"basinId":14,"status":"no_data","color":"#94a3b8","radius":7}},{"type":"Feature","id":"333","geometry":{"type":"Point","coordinates":[34.61833000000007,40.37222000000003]},"properties":{"OBJECTID":333,"IstNo":12014104,"SuAdi":"AHİİLYAS DERESİ","IstAdi":"EVCİYENİKIŞLA","BolgeNo":5,"ILKODU":19,"ILCEKODU":1259,"HAVZA_ID":14,"entityId":"333","entityType":"lakeStations","id":"333","name":"EVCİYENİKIŞLA","stationId":12014104,"basinId":14,"status":"no_data","color":"#94a3b8","radius":7}},{"type":"Feature","id":"334","geometry":{"type":"Point","coordinates":[38.76833000000005,39.91028000000006]},"properties":{"OBJECTID":334,"IstNo":12014131,"SuAdi":"ILGAR D.","IstAdi":"REFAHİYE","BolgeNo":8,"ILKODU":24,"ILCEKODU":1583,"HAVZA_ID":14,"entityId":"334","entityType":"lakeStations","id":"334","name":"REFAHİYE","stationId":12014131,"basinId":14,"status":"no_data","color":"#94a3b8","radius":7}},{"type":"Feature","id":"335","geometry":{"type":"Point","coordinates":[35.805000000000064,40.76944000000003]},"properties":{"OBJECTID":335,"IstNo":12014133,"SuAdi":"KANLI D.","IstAdi":"PAMUKLU","BolgeNo":7,"ILKODU":5,"ILCEKODU":1134,"HAVZA_ID":14,"entityId":"335","entityType":"lakeStations","id":"335","name":"PAMUKLU","stationId":12014133,"basinId":14,"status":"no_data","color":"#94a3b8","radius":7}},{"type":"Feature","id":"336","geometry":{"type":"Point","coordinates":[34.96167000000003,40.24361000000005]},"properties":{"OBJECTID":336,"IstNo":12014135,"SuAdi":"ALACA Ç.","IstAdi":"DEREYAZICI","BolgeNo":5,"ILKODU":19,"ILCEKODU":1124,"HAVZA_ID":14,"entityId":"336","entityType":"lakeStations","id":"336","name":"DEREYAZICI","stationId":12014135,"basinId":14,"status":"no_data","color":"#94a3b8","radius":7}},{"type":"Feature","id":"337","geometry":{"type":"Point","coordinates":[36.14944000000003,40.54167000000007]},"properties":{"OBJECTID":337,"IstNo":12014141,"SuAdi":"BEYLİK D.","IstAdi":"YEŞİLÖZ","BolgeNo":7,"ILKODU":5,"ILCEKODU":1134,"HAVZA_ID":14,"entityId":"337","entityType":"lakeStations","id":"337","name":"YEŞİLÖZ","stationId":12014141,"basinId":14,"status":"no_data","color":"#94a3b8","radius":7}},{"type":"Feature","id":"338","geometry":{"type":"Point","coordinates":[37.039720000000045,40.366660000000024]},"properties":{"OBJECTID":338,"IstNo":12014144,"SuAdi":"BEĞERGEN D.","IstAdi":"AKARÇAY","BolgeNo":7,"ILKODU":60,"ILCEKODU":1129,"HAVZA_ID":14,"entityId":"338","entityType":"lakeStations","id":"338","name":"AKARÇAY","stationId":12014144,"basinId":14,"status":"no_data","color":"#94a3b8","radius":7}},{"type":"Feature","id":"339","geometry":{"type":"Point","coordinates":[36.66861000000006,40.53583000000003]},"properties":{"OBJECTID":339,"IstNo":12014146,"SuAdi":"ÇİLKORU D.","IstAdi":"MUSULLU","BolgeNo":7,"ILKODU":60,"ILCEKODU":1679,"HAVZA_ID":14,"entityId":"339","entityType":"lakeStations","id":"339","name":"MUSULLU","stationId":12014146,"basinId":14,"status":"no_data","color":"#94a3b8","radius":7}},{"type":"Feature","id":"340","geometry":{"type":"Point","coordinates":[36.111950000000036,40.14417000000003]},"properties":{"OBJECTID":340,"IstNo":12014160,"SuAdi":"SİLİSÖZÜ D.","IstAdi":"MERTEKLİ","BolgeNo":7,"ILKODU":60,"ILCEKODU":1151,"HAVZA_ID":14,"entityId":"340","entityType":"lakeStations","id":"340","name":"MERTEKLİ","stationId":12014160,"basinId":14,"status":"no_data","color":"#94a3b8","radius":7}},{"type":"Feature","id":"341","geometry":{"type":"Point","coordinates":[37.550560000000075,40.25333000000006]},"properties":{"OBJECTID":341,"IstNo":12014162,"SuAdi":"YEŞİLIRMAK","IstAdi":"KOZLU","BolgeNo":19,"ILKODU":58,"ILCEKODU":1913,"HAVZA_ID":14,"entityId":"341","entityType":"lakeStations","id":"341","name":"KOZLU","stationId":12014162,"basinId":14,"status":"no_data","color":"#94a3b8","radius":7}},{"type":"Feature","id":"342","geometry":{"type":"Point","coordinates":[38.47278000000006,40.28889000000004]},"properties":{"OBJECTID":342,"IstNo":12014166,"SuAdi":"BALAHOR D.","IstAdi":"KELKİT","BolgeNo":22,"ILKODU":29,"ILCEKODU":1654,"HAVZA_ID":14,"entityId":"342","entityType":"lakeStations","id":"342","name":"KELKİT","stationId":12014166,"basinId":14,"status":"no_data","color":"#94a3b8","radius":7}},{"type":"Feature","id":"343","geometry":{"type":"Point","coordinates":[36.55111000000005,40.29861000000005]},"properties":{"OBJECTID":343,"IstNo":12014169,"SuAdi":"BEHZAT D.","IstAdi":"GEYRAZ","BolgeNo":7,"ILKODU":60,"ILCEKODU":1679,"HAVZA_ID":14,"entityId":"343","entityType":"lakeStations","id":"343","name":"GEYRAZ","stationId":12014169,"basinId":14,"status":"no_data","color":"#94a3b8","radius":7}},{"type":"Feature","id":"344","geometry":{"type":"Point","coordinates":[36.67333000000008,40.67778000000004]},"properties":{"OBJECTID":344,"IstNo":12014172,"SuAdi":"KELKİT Ç.","IstAdi":"TEPEKIŞLA","BolgeNo":7,"ILKODU":60,"ILCEKODU":1308,"HAVZA_ID":14,"entityId":"344","entityType":"lakeStations","id":"344","name":"TEPEKIŞLA","stationId":12014172,"basinId":14,"status":"no_data","color":"#94a3b8","radius":7}},{"type":"Feature","id":"345","geometry":{"type":"Point","coordinates":[36.62722000000008,40.348610000000065]},"properties":{"OBJECTID":345,"IstNo":12014173,"SuAdi":"YEŞİLIRMAK N.","IstAdi":"GÜMENEK","BolgeNo":7,"ILKODU":60,"ILCEKODU":1679,"HAVZA_ID":14,"entityId":"345","entityType":"lakeStations","id":"345","name":"GÜMENEK","stationId":12014173,"basinId":14,"status":"no_data","color":"#94a3b8","radius":7}},{"type":"Feature","id":"346","geometry":{"type":"Point","coordinates":[35.829440000000034,40.651670000000024]},"properties":{"OBJECTID":346,"IstNo":12014175,"SuAdi":"YEŞİLIRMAK N.","IstAdi":"AMASYA","BolgeNo":7,"ILKODU":5,"ILCEKODU":1134,"HAVZA_ID":14,"entityId":"346","entityType":"lakeStations","id":"346","name":"AMASYA","stationId":12014175,"basinId":14,"status":"no_data","color":"#94a3b8","radius":7}},{"type":"Feature","id":"347","geometry":{"type":"Point","coordinates":[36.19861000000003,40.300830000000076]},"properties":{"OBJECTID":347,"IstNo":12014176,"SuAdi":"YEŞİLIRMAK N.","IstAdi":"OVAYURT","BolgeNo":7,"ILKODU":60,"ILCEKODU":1690,"HAVZA_ID":14,"entityId":"347","entityType":"lakeStations","id":"347","name":"OVAYURT","stationId":12014176,"basinId":14,"status":"no_data","color":"#94a3b8","radius":7}},{"type":"Feature","id":"348","geometry":{"type":"Point","coordinates":[35.66694000000007,40.53917000000007]},"properties":{"OBJECTID":348,"IstNo":12014177,"SuAdi":"ÇEKEREK I.","IstAdi":"GÖZLEK","BolgeNo":7,"ILKODU":5,"ILCEKODU":1134,"HAVZA_ID":14,"entityId":"348","entityType":"lakeStations","id":"348","name":"GÖZLEK","stationId":12014177,"basinId":14,"status":"no_data","color":"#94a3b8","radius":7}},{"type":"Feature","id":"349","geometry":{"type":"Point","coordinates":[36.72694000000007,41.204720000000066]},"properties":{"OBJECTID":349,"IstNo":12014179,"SuAdi":"YEŞİLIRMAK N.","IstAdi":"ÇARŞAMBA KÖPRÜSÜ","BolgeNo":7,"ILKODU":55,"ILCEKODU":1234,"HAVZA_ID":14,"entityId":"349","entityType":"lakeStations","id":"349","name":"ÇARŞAMBA KÖPRÜSÜ","stationId":12014179,"basinId":14,"status":"no_data","color":"#94a3b8","radius":7}},{"type":"Feature","id":"350","geometry":{"type":"Point","coordinates":[34.805000000000064,40.34111000000007]},"properties":{"OBJECTID":350,"IstNo":12014180,"SuAdi":"HATAP ÇAYI","IstAdi":"PEMBECİK","BolgeNo":5,"ILKODU":19,"ILCEKODU":1259,"HAVZA_ID":14,"entityId":"350","entityType":"lakeStations","id":"350","name":"PEMBECİK","stationId":12014180,"basinId":14,"status":"no_data","color":"#94a3b8","radius":7}},{"type":"Feature","id":"351","geometry":{"type":"Point","coordinates":[38.08222000000006,40.158330000000035]},"properties":{"OBJECTID":351,"IstNo":12014181,"SuAdi":"KÖSEDAĞ S.","IstAdi":"SUŞEHRİ","BolgeNo":19,"ILKODU":58,"ILCEKODU":1646,"HAVZA_ID":14,"entityId":"351","entityType":"lakeStations","id":"351","name":"SUŞEHRİ","stationId":12014181,"basinId":14,"status":"no_data","color":"#94a3b8","radius":7}},{"type":"Feature","id":"352","geometry":{"type":"Point","coordinates":[35.688330000000065,40.34444000000008]},"properties":{"OBJECTID":352,"IstNo":12014183,"SuAdi":"DEĞİRMENÖZÜ D.","IstAdi":"KARATUZLA","BolgeNo":7,"ILKODU":5,"ILCEKODU":1740,"HAVZA_ID":14,"entityId":"352","entityType":"lakeStations","id":"352","name":"KARATUZLA","stationId":12014183,"basinId":14,"status":"no_data","color":"#94a3b8","radius":7}},{"type":"Feature","id":"353","geometry":{"type":"Point","coordinates":[36.272500000000036,40.68417000000005]},"properties":{"OBJECTID":353,"IstNo":12014184,"SuAdi":"TATLIPINAR D.","IstAdi":"TATLIPINAR REG.","BolgeNo":7,"ILKODU":5,"ILCEKODU":1668,"HAVZA_ID":14,"entityId":"353","entityType":"lakeStations","id":"353","name":"TATLIPINAR REG.","stationId":12014184,"basinId":14,"status":"no_data","color":"#94a3b8","radius":7}},{"type":"Feature","id":"354","geometry":{"type":"Point","coordinates":[36.004440000000045,40.80472000000003]},"properties":{"OBJECTID":354,"IstNo":12014187,"SuAdi":"KOCAALAN D.","IstAdi":"AKTAŞ","BolgeNo":7,"ILKODU":5,"ILCEKODU":1134,"HAVZA_ID":14,"entityId":"354","entityType":"lakeStations","id":"354","name":"AKTAŞ","stationId":12014187,"basinId":14,"status":"no_data","color":"#94a3b8","radius":7}},{"type":"Feature","id":"355","geometry":{"type":"Point","coordinates":[35.95500000000004,40.627500000000055]},"properties":{"OBJECTID":355,"IstNo":12014188,"SuAdi":"KOYUN D.","IstAdi":"SARAYCIK ","BolgeNo":7,"ILKODU":5,"ILCEKODU":1134,"HAVZA_ID":14,"entityId":"355","entityType":"lakeStations","id":"355","name":"SARAYCIK ","stationId":12014188,"basinId":14,"status":"no_data","color":"#94a3b8","radius":7}},{"type":"Feature","id":"356","geometry":{"type":"Point","coordinates":[36.13861000000003,40.84167000000008]},"properties":{"OBJECTID":356,"IstNo":12014190,"SuAdi":"MUSULLU D.","IstAdi":"DESTEK","BolgeNo":7,"ILKODU":5,"ILCEKODU":1668,"HAVZA_ID":14,"entityId":"356","entityType":"lakeStations","id":"356","name":"DESTEK","stationId":12014190,"basinId":14,"status":"no_data","color":"#94a3b8","radius":7}},{"type":"Feature","id":"357","geometry":{"type":"Point","coordinates":[36.05528000000004,39.89500000000004]},"properties":{"OBJECTID":357,"IstNo":12014191,"SuAdi":"GERMUGA D.","IstAdi":"AKKOCA","BolgeNo":19,"ILKODU":58,"ILCEKODU":1731,"HAVZA_ID":14,"entityId":"357","entityType":"lakeStations","id":"357","name":"AKKOCA","stationId":12014191,"basinId":14,"status":"no_data","color":"#94a3b8","radius":7}},{"type":"Feature","id":"358","geometry":{"type":"Point","coordinates":[36.80806000000007,40.62722000000008]},"properties":{"OBJECTID":358,"IstNo":12014192,"SuAdi":"KELKİT N.","IstAdi":"BUZKÖY","BolgeNo":7,"ILKODU":60,"ILCEKODU":1545,"HAVZA_ID":14,"entityId":"358","entityType":"lakeStations","id":"358","name":"BUZKÖY","stationId":12014192,"basinId":14,"status":"no_data","color":"#94a3b8","radius":7}},{"type":"Feature","id":"359","geometry":{"type":"Point","coordinates":[36.24722000000003,39.962500000000034]},"properties":{"OBJECTID":359,"IstNo":12014195,"SuAdi":"ÖZDERE","IstAdi":"TOPULYURT","BolgeNo":19,"ILKODU":58,"ILCEKODU":1858,"HAVZA_ID":14,"entityId":"359","entityType":"lakeStations","id":"359","name":"TOPULYURT","stationId":12014195,"basinId":14,"status":"no_data","color":"#94a3b8","radius":7}},{"type":"Feature","id":"360","geometry":{"type":"Point","coordinates":[35.648060000000044,40.925830000000076]},"properties":{"OBJECTID":360,"IstNo":12014196,"SuAdi":"TERSAKAN Ç.","IstAdi":"PAŞAPINARI","BolgeNo":7,"ILKODU":55,"ILCEKODU":1386,"HAVZA_ID":14,"entityId":"360","entityType":"lakeStations","id":"360","name":"PAŞAPINARI","stationId":12014196,"basinId":14,"status":"no_data","color":"#94a3b8","radius":7}},{"type":"Feature","id":"361","geometry":{"type":"Point","coordinates":[35.64722000000006,40.91555000000005]},"properties":{"OBJECTID":361,"IstNo":12014198,"SuAdi":"DERİNÖZ D.","IstAdi":"GELİNCİK","BolgeNo":7,"ILKODU":55,"ILCEKODU":1386,"HAVZA_ID":14,"entityId":"361","entityType":"lakeStations","id":"361","name":"GELİNCİK","stationId":12014198,"basinId":14,"status":"no_data","color":"#94a3b8","radius":7}},{"type":"Feature","id":"362","geometry":{"type":"Point","coordinates":[35.426390000000026,40.342220000000054]},"properties":{"OBJECTID":362,"IstNo":12014199,"SuAdi":"ÇEKEREK Ç.","IstAdi":"DAMLAÇİMENİ","BolgeNo":7,"ILKODU":5,"ILCEKODU":1363,"HAVZA_ID":14,"entityId":"362","entityType":"lakeStations","id":"362","name":"DAMLAÇİMENİ","stationId":12014199,"basinId":14,"status":"no_data","color":"#94a3b8","radius":7}},{"type":"Feature","id":"363","geometry":{"type":"Point","coordinates":[36.679440000000056,40.37722000000008]},"properties":{"OBJECTID":363,"IstNo":12014200,"SuAdi":"YEŞİLIRMAK N.","IstAdi":"KIZILKÖY","BolgeNo":7,"ILKODU":60,"ILCEKODU":1679,"HAVZA_ID":14,"entityId":"363","entityType":"lakeStations","id":"363","name":"KIZILKÖY","stationId":12014200,"basinId":14,"status":"no_data","color":"#94a3b8","radius":7}},{"type":"Feature","id":"364","geometry":{"type":"Point","coordinates":[36.34167000000008,40.460000000000036]},"properties":{"OBJECTID":364,"IstNo":12014201,"SuAdi":"DAZYA D.","IstAdi":"YAZITEPE BARAJI-DAZYA","BolgeNo":7,"ILKODU":60,"ILCEKODU":1690,"HAVZA_ID":14,"entityId":"364","entityType":"lakeStations","id":"364","name":"YAZITEPE BARAJI-DAZYA","stationId":12014201,"basinId":14,"status":"no_data","color":"#94a3b8","radius":7}},{"type":"Feature","id":"365","geometry":{"type":"Point","coordinates":[35.87194000000005,40.84361000000007]},"properties":{"OBJECTID":365,"IstNo":12014203,"SuAdi":"DERİNÖZ D.","IstAdi":"DERİNÖZ BARAJI-KUZALAN","BolgeNo":7,"ILKODU":55,"ILCEKODU":1641,"HAVZA_ID":14,"entityId":"365","entityType":"lakeStations","id":"365","name":"DERİNÖZ BARAJI-KUZALAN","stationId":12014203,"basinId":14,"status":"no_data","color":"#94a3b8","radius":7}},{"type":"Feature","id":"366","geometry":{"type":"Point","coordinates":[35.87194000000005,40.84361000000007]},"properties":{"OBJECTID":366,"IstNo":12014203,"SuAdi":"DERİNÖZ DERESI","IstAdi":"DERİNÖZ BARAJI-KUZALAN","BolgeNo":7,"ILKODU":55,"ILCEKODU":1641,"HAVZA_ID":14,"entityId":"366","entityType":"lakeStations","id":"366","name":"DERİNÖZ BARAJI-KUZALAN","stationId":12014203,"basinId":14,"status":"no_data","color":"#94a3b8","radius":7}},{"type":"Feature","id":"367","geometry":{"type":"Point","coordinates":[35.97055000000006,40.16722000000004]},"properties":{"OBJECTID":367,"IstNo":12014205,"SuAdi":"GÜZELBEYLİ D.","IstAdi":"BELPINARI BARAJI-GÜZELBEYLI","BolgeNo":7,"ILKODU":60,"ILCEKODU":1740,"HAVZA_ID":14,"entityId":"367","entityType":"lakeStations","id":"367","name":"BELPINARI BARAJI-GÜZELBEYLI","stationId":12014205,"basinId":14,"status":"no_data","color":"#94a3b8","radius":7}},{"type":"Feature","id":"368","geometry":{"type":"Point","coordinates":[35.97055000000006,40.16722000000004]},"properties":{"OBJECTID":368,"IstNo":12014205,"SuAdi":"GÜZELBEYLİ DERESI","IstAdi":"BELPINARI BARAJI-GÜZELBEYLI","BolgeNo":7,"ILKODU":60,"ILCEKODU":1740,"HAVZA_ID":14,"entityId":"368","entityType":"lakeStations","id":"368","name":"BELPINARI BARAJI-GÜZELBEYLI","stationId":12014205,"basinId":14,"status":"no_data","color":"#94a3b8","radius":7}},{"type":"Feature","id":"369","geometry":{"type":"Point","coordinates":[36.34806000000003,40.44889000000006]},"properties":{"OBJECTID":369,"IstNo":12014206,"SuAdi":"KETEN D.","IstAdi":"YAZITEPE BARAJI","BolgeNo":7,"ILKODU":60,"ILCEKODU":1690,"HAVZA_ID":14,"entityId":"369","entityType":"lakeStations","id":"369","name":"YAZITEPE BARAJI","stationId":12014206,"basinId":14,"status":"no_data","color":"#94a3b8","radius":7}},{"type":"Feature","id":"370","geometry":{"type":"Point","coordinates":[36.158330000000035,40.589440000000025]},"properties":{"OBJECTID":370,"IstNo":12014207,"SuAdi":"BELDERE","IstAdi":"AYDINCA BARAJI","BolgeNo":7,"ILKODU":5,"ILCEKODU":1134,"HAVZA_ID":14,"entityId":"370","entityType":"lakeStations","id":"370","name":"AYDINCA BARAJI","stationId":12014207,"basinId":14,"status":"no_data","color":"#94a3b8","radius":7}},{"type":"Feature","id":"371","geometry":{"type":"Point","coordinates":[36.19222000000008,40.57583000000005]},"properties":{"OBJECTID":371,"IstNo":12014208,"SuAdi":"DELİÇAY D.","IstAdi":"AYDINCA BARAJI-KARSAN","BolgeNo":7,"ILKODU":5,"ILCEKODU":1134,"HAVZA_ID":14,"entityId":"371","entityType":"lakeStations","id":"371","name":"AYDINCA BARAJI-KARSAN","stationId":12014208,"basinId":14,"status":"no_data","color":"#94a3b8","radius":7}},{"type":"Feature","id":"372","geometry":{"type":"Point","coordinates":[35.69556000000006,40.433890000000076]},"properties":{"OBJECTID":372,"IstNo":12014209,"SuAdi":"ÖZDERE","IstAdi":"GEDİKSARAY BARAJI-KAFARLI","BolgeNo":7,"ILKODU":5,"ILCEKODU":1363,"HAVZA_ID":14,"entityId":"372","entityType":"lakeStations","id":"372","name":"GEDİKSARAY BARAJI-KAFARLI","stationId":12014209,"basinId":14,"status":"no_data","color":"#94a3b8","radius":7}},{"type":"Feature","id":"373","geometry":{"type":"Point","coordinates":[36.58472000000006,40.12667000000005]},"properties":{"OBJECTID":373,"IstNo":12014212,"SuAdi":"KARAHAN DERE","IstAdi":"GÜZELCE BARAJI-GÜNÇALI","BolgeNo":7,"ILKODU":60,"ILCEKODU":1679,"HAVZA_ID":14,"entityId":"373","entityType":"lakeStations","id":"373","name":"GÜZELCE BARAJI-GÜNÇALI","stationId":12014212,"basinId":14,"status":"no_data","color":"#94a3b8","radius":7}},{"type":"Feature","id":"374","geometry":{"type":"Point","coordinates":[36.554440000000056,40.034170000000074]},"properties":{"OBJECTID":374,"IstNo":12014214,"SuAdi":"KARAKAYA D.","IstAdi":"KIZIK BARAJI-DELİKKAYA","BolgeNo":7,"ILKODU":60,"ILCEKODU":1679,"HAVZA_ID":14,"entityId":"374","entityType":"lakeStations","id":"374","name":"KIZIK BARAJI-DELİKKAYA","stationId":12014214,"basinId":14,"status":"no_data","color":"#94a3b8","radius":7}},{"type":"Feature","id":"375","geometry":{"type":"Point","coordinates":[36.48333000000008,40.023610000000076]},"properties":{"OBJECTID":375,"IstNo":12014215,"SuAdi":"GÜMBECİK D.","IstAdi":"BEDİRKALE BARAJI-ORTAÖREN","BolgeNo":7,"ILKODU":60,"ILCEKODU":1679,"HAVZA_ID":14,"entityId":"375","entityType":"lakeStations","id":"375","name":"BEDİRKALE BARAJI-ORTAÖREN","stationId":12014215,"basinId":14,"status":"no_data","color":"#94a3b8","radius":7}},{"type":"Feature","id":"376","geometry":{"type":"Point","coordinates":[35.85639000000003,40.85417000000007]},"properties":{"OBJECTID":376,"IstNo":12014216,"SuAdi":"DERİNÖZ D.","IstAdi":"DERİNÖZ BARAJI-SOKU","BolgeNo":7,"ILKODU":55,"ILCEKODU":1641,"HAVZA_ID":14,"entityId":"376","entityType":"lakeStations","id":"376","name":"DERİNÖZ BARAJI-SOKU","stationId":12014216,"basinId":14,"status":"no_data","color":"#94a3b8","radius":7}},{"type":"Feature","id":"378","geometry":{"type":"Point","coordinates":[36.33000000000004,40.79861000000005]},"properties":{"OBJECTID":378,"IstNo":12014219,"SuAdi":"DESTEK ÇAYI","IstAdi":"ALPASLAN","BolgeNo":7,"ILKODU":5,"ILCEKODU":1668,"HAVZA_ID":14,"entityId":"378","entityType":"lakeStations","id":"378","name":"ALPASLAN","stationId":12014219,"basinId":14,"status":"no_data","color":"#94a3b8","radius":7}},{"type":"Feature","id":"379","geometry":{"type":"Point","coordinates":[35.14528000000007,39.201670000000036]},"properties":{"OBJECTID":379,"IstNo":12015010,"SuAdi":"BOĞAZLIYAN Ç.","IstAdi":"YEŞİLHİSAR","BolgeNo":12,"ILKODU":66,"ILCEKODU":1198,"HAVZA_ID":15,"entityId":"379","entityType":"lakeStations","id":"379","name":"YEŞİLHİSAR","stationId":12015010,"basinId":15,"status":"no_data","color":"#94a3b8","radius":7}},{"type":"Feature","id":"380","geometry":{"type":"Point","coordinates":[36.16250000000008,39.13334000000003]},"properties":{"OBJECTID":380,"IstNo":12015021,"SuAdi":"MUDARASIN D.","IstAdi":"HACIYUSUF","BolgeNo":19,"ILKODU":58,"ILCEKODU":1342,"HAVZA_ID":15,"entityId":"380","entityType":"lakeStations","id":"380","name":"HACIYUSUF","stationId":12015021,"basinId":15,"status":"no_data","color":"#94a3b8","radius":7}},{"type":"Feature","id":"381","geometry":{"type":"Point","coordinates":[33.81611000000004,41.276110000000074]},"properties":{"OBJECTID":381,"IstNo":12015025,"SuAdi":"KARASU Ç.","IstAdi":"DEĞİRMENÖNÜ","BolgeNo":23,"ILKODU":37,"ILCEKODU":1450,"HAVZA_ID":15,"entityId":"381","entityType":"lakeStations","id":"381","name":"DEĞİRMENÖNÜ","stationId":12015025,"basinId":15,"status":"no_data","color":"#94a3b8","radius":7}},{"type":"Feature","id":"382","geometry":{"type":"Point","coordinates":[36.06750000000005,41.48639000000003]},"properties":{"OBJECTID":382,"IstNo":12015026,"SuAdi":"ENGİZ D.","IstAdi":"BALLICA","BolgeNo":7,"ILKODU":55,"ILCEKODU":1830,"HAVZA_ID":15,"entityId":"382","entityType":"lakeStations","id":"382","name":"BALLICA","stationId":12015026,"basinId":15,"status":"no_data","color":"#94a3b8","radius":7}},{"type":"Feature","id":"383","geometry":{"type":"Point","coordinates":[33.26583000000005,40.12778000000003]},"properties":{"OBJECTID":383,"IstNo":12015039,"SuAdi":"KOZAYAĞI DERESİ","IstAdi":"KOZAYAĞI","BolgeNo":5,"ILKODU":6,"ILCEKODU":1872,"HAVZA_ID":15,"entityId":"383","entityType":"lakeStations","id":"383","name":"KOZAYAĞI","stationId":12015039,"basinId":15,"status":"no_data","color":"#94a3b8","radius":7}},{"type":"Feature","id":"384","geometry":{"type":"Point","coordinates":[34.25667000000004,41.04389000000003]},"properties":{"OBJECTID":384,"IstNo":12015040,"SuAdi":"DEVREZ Ç. ","IstAdi":"ORTALICA","BolgeNo":23,"ILKODU":37,"ILCEKODU":1685,"HAVZA_ID":15,"entityId":"384","entityType":"lakeStations","id":"384","name":"ORTALICA","stationId":12015040,"basinId":15,"status":"no_data","color":"#94a3b8","radius":7}},{"type":"Feature","id":"385","geometry":{"type":"Point","coordinates":[35.29861000000005,39.551390000000026]},"properties":{"OBJECTID":385,"IstNo":12015054,"SuAdi":"KANAK Ç.","IstAdi":"KADILI","BolgeNo":12,"ILKODU":66,"ILCEKODU":1635,"HAVZA_ID":15,"entityId":"385","entityType":"lakeStations","id":"385","name":"KADILI","stationId":12015054,"basinId":15,"status":"no_data","color":"#94a3b8","radius":7}},{"type":"Feature","id":"386","geometry":{"type":"Point","coordinates":[35.29722000000004,39.54055000000005]},"properties":{"OBJECTID":386,"IstNo":12015055,"SuAdi":"SARIKAYA D.","IstAdi":"KADILI","BolgeNo":12,"ILKODU":66,"ILCEKODU":1602,"HAVZA_ID":15,"entityId":"386","entityType":"lakeStations","id":"386","name":"KADILI","stationId":12015055,"basinId":15,"status":"no_data","color":"#94a3b8","radius":7}},{"type":"Feature","id":"387","geometry":{"type":"Point","coordinates":[35.21611000000007,39.797780000000046]},"properties":{"OBJECTID":387,"IstNo":12015056,"SuAdi":"EĞRİÖZ D.","IstAdi":"SORGUN","BolgeNo":12,"ILKODU":66,"ILCEKODU":1635,"HAVZA_ID":15,"entityId":"387","entityType":"lakeStations","id":"387","name":"SORGUN","stationId":12015056,"basinId":15,"status":"no_data","color":"#94a3b8","radius":7}},{"type":"Feature","id":"388","geometry":{"type":"Point","coordinates":[35.58028000000007,39.51778000000007]},"properties":{"OBJECTID":388,"IstNo":12015074,"SuAdi":"KAMERÖZÜ S.","IstAdi":"GÜNDÜZLÜ","BolgeNo":12,"ILKODU":66,"ILCEKODU":1602,"HAVZA_ID":15,"entityId":"388","entityType":"lakeStations","id":"388","name":"GÜNDÜZLÜ","stationId":12015074,"basinId":15,"status":"no_data","color":"#94a3b8","radius":7}},{"type":"Feature","id":"389","geometry":{"type":"Point","coordinates":[33.520560000000046,41.45611000000008]},"properties":{"OBJECTID":389,"IstNo":12015091,"SuAdi":"KARAMUK D.","IstAdi":"BUDAKLAR","BolgeNo":23,"ILKODU":37,"ILCEKODU":1264,"HAVZA_ID":15,"entityId":"389","entityType":"lakeStations","id":"389","name":"BUDAKLAR","stationId":12015091,"basinId":15,"status":"no_data","color":"#94a3b8","radius":7}},{"type":"Feature","id":"390","geometry":{"type":"Point","coordinates":[34.276110000000074,41.49306000000007]},"properties":{"OBJECTID":390,"IstNo":12015092,"SuAdi":"ESE D.","IstAdi":"VAKFIBELVEREN","BolgeNo":23,"ILKODU":37,"ILCEKODU":1666,"HAVZA_ID":15,"entityId":"390","entityType":"lakeStations","id":"390","name":"VAKFIBELVEREN","stationId":12015092,"basinId":15,"status":"no_data","color":"#94a3b8","radius":7}},{"type":"Feature","id":"391","geometry":{"type":"Point","coordinates":[33.32000000000005,40.81278000000003]},"properties":{"OBJECTID":391,"IstNo":12015093,"SuAdi":"DEVRES Ç.","IstAdi":"ÇUKURCA","BolgeNo":5,"ILKODU":18,"ILCEKODU":1494,"HAVZA_ID":15,"entityId":"391","entityType":"lakeStations","id":"391","name":"ÇUKURCA","stationId":12015093,"basinId":15,"status":"no_data","color":"#94a3b8","radius":7}},{"type":"Feature","id":"392","geometry":{"type":"Point","coordinates":[33.03917000000007,40.617500000000064]},"properties":{"OBJECTID":392,"IstNo":12015098,"SuAdi":"SÖĞÜTÖZÜ DERESİ","IstAdi":"YUVA","BolgeNo":5,"ILKODU":18,"ILCEKODU":1555,"HAVZA_ID":15,"entityId":"392","entityType":"lakeStations","id":"392","name":"YUVA","stationId":12015098,"basinId":15,"status":"no_data","color":"#94a3b8","radius":7}},{"type":"Feature","id":"393","geometry":{"type":"Point","coordinates":[33.025280000000066,40.61417000000006]},"properties":{"OBJECTID":393,"IstNo":12015107,"SuAdi":"İÇİN D.","IstAdi":"YUVA","BolgeNo":5,"ILKODU":18,"ILCEKODU":1555,"HAVZA_ID":15,"entityId":"393","entityType":"lakeStations","id":"393","name":"YUVA","stationId":12015107,"basinId":15,"status":"no_data","color":"#94a3b8","radius":7}},{"type":"Feature","id":"394","geometry":{"type":"Point","coordinates":[37.82583000000005,39.90556000000004]},"properties":{"OBJECTID":394,"IstNo":12015117,"SuAdi":"KIZILIRMAK","IstAdi":"AHMETHACI","BolgeNo":19,"ILKODU":58,"ILCEKODU":1738,"HAVZA_ID":15,"entityId":"394","entityType":"lakeStations","id":"394","name":"AHMETHACI","stationId":12015117,"basinId":15,"status":"no_data","color":"#94a3b8","radius":7}},{"type":"Feature","id":"395","geometry":{"type":"Point","coordinates":[35.30167000000006,39.70389000000006]},"properties":{"OBJECTID":395,"IstNo":12015131,"SuAdi":"BAĞIRGANÖZÜ","IstAdi":"BAHADIN","BolgeNo":12,"ILKODU":66,"ILCEKODU":1635,"HAVZA_ID":15,"entityId":"395","entityType":"lakeStations","id":"395","name":"BAHADIN","stationId":12015131,"basinId":15,"status":"no_data","color":"#94a3b8","radius":7}},{"type":"Feature","id":"396","geometry":{"type":"Point","coordinates":[33.51917000000003,40.36083000000008]},"properties":{"OBJECTID":396,"IstNo":12015133,"SuAdi":"TERME Ç.","IstAdi":"TÜNEY","BolgeNo":5,"ILKODU":18,"ILCEKODU":1232,"HAVZA_ID":15,"entityId":"396","entityType":"lakeStations","id":"396","name":"TÜNEY","stationId":12015133,"basinId":15,"status":"no_data","color":"#94a3b8","radius":7}},{"type":"Feature","id":"397","geometry":{"type":"Point","coordinates":[34.983610000000056,39.67056000000008]},"properties":{"OBJECTID":397,"IstNo":12015136,"SuAdi":"YENİCE D.","IstAdi":"TEKKE YENİCESİ","BolgeNo":12,"ILKODU":66,"ILCEKODU":1733,"HAVZA_ID":15,"entityId":"397","entityType":"lakeStations","id":"397","name":"TEKKE YENİCESİ","stationId":12015136,"basinId":15,"status":"no_data","color":"#94a3b8","radius":7}},{"type":"Feature","id":"398","geometry":{"type":"Point","coordinates":[33.17389000000003,39.323330000000055]},"properties":{"OBJECTID":398,"IstNo":12015159,"SuAdi":"SOFULAR SUYU","IstAdi":"SOFULAR","BolgeNo":5,"ILKODU":6,"ILCEKODU":1167,"HAVZA_ID":15,"entityId":"398","entityType":"lakeStations","id":"398","name":"SOFULAR","stationId":12015159,"basinId":15,"status":"no_data","color":"#94a3b8","radius":7}},{"type":"Feature","id":"399","geometry":{"type":"Point","coordinates":[33.97222000000005,40.34639000000004]},"properties":{"OBJECTID":399,"IstNo":12015164,"SuAdi":"KIZILIRMAK N.","IstAdi":"HÜSEYİNLİ","BolgeNo":5,"ILKODU":18,"ILCEKODU":1817,"HAVZA_ID":15,"entityId":"399","entityType":"lakeStations","id":"399","name":"HÜSEYİNLİ","stationId":12015164,"basinId":15,"status":"no_data","color":"#94a3b8","radius":7}},{"type":"Feature","id":"400","geometry":{"type":"Point","coordinates":[35.77833000000004,38.871110000000044]},"properties":{"OBJECTID":400,"IstNo":12015167,"SuAdi":"SARIMSAKLI SUYU","IstAdi":"SARIMSAKLI BARAJI GİRİŞİ","BolgeNo":12,"ILKODU":38,"ILCEKODU":1864,"HAVZA_ID":15,"entityId":"400","entityType":"lakeStations","id":"400","name":"SARIMSAKLI BARAJI GİRİŞİ","stationId":12015167,"basinId":15,"status":"no_data","color":"#94a3b8","radius":7}},{"type":"Feature","id":"401","geometry":{"type":"Point","coordinates":[35.54556000000008,39.544170000000065]},"properties":{"OBJECTID":401,"IstNo":12015168,"SuAdi":"HASBEK SUYU","IstAdi":"HASBEK","BolgeNo":12,"ILKODU":66,"ILCEKODU":1602,"HAVZA_ID":15,"entityId":"401","entityType":"lakeStations","id":"401","name":"HASBEK","stationId":12015168,"basinId":15,"status":"no_data","color":"#94a3b8","radius":7}},{"type":"Feature","id":"402","geometry":{"type":"Point","coordinates":[35.97611000000006,39.37167000000005]},"properties":{"OBJECTID":402,"IstNo":12015187,"SuAdi":"AYANÖZÜ D.","IstAdi":"SIZIR","BolgeNo":19,"ILKODU":58,"ILCEKODU":1342,"HAVZA_ID":15,"entityId":"402","entityType":"lakeStations","id":"402","name":"SIZIR","stationId":12015187,"basinId":15,"status":"no_data","color":"#94a3b8","radius":7}},{"type":"Feature","id":"403","geometry":{"type":"Point","coordinates":[34.88334000000003,41.366660000000024]},"properties":{"OBJECTID":403,"IstNo":12015202,"SuAdi":"ARIM Ç.","IstAdi":"AŞAĞI ARIM","BolgeNo":7,"ILKODU":57,"ILCEKODU":1981,"HAVZA_ID":15,"entityId":"403","entityType":"lakeStations","id":"403","name":"AŞAĞI ARIM","stationId":12015202,"basinId":15,"status":"no_data","color":"#94a3b8","radius":7}},{"type":"Feature","id":"404","geometry":{"type":"Point","coordinates":[35.46750000000003,39.22972000000004]},"properties":{"OBJECTID":404,"IstNo":12015206,"SuAdi":"ARSIZÖZÜ","IstAdi":"UZUNLU BRAJI","BolgeNo":12,"ILKODU":66,"ILCEKODU":1198,"HAVZA_ID":15,"entityId":"404","entityType":"lakeStations","id":"404","name":"UZUNLU BRAJI","stationId":12015206,"basinId":15,"status":"no_data","color":"#94a3b8","radius":7}},{"type":"Feature","id":"405","geometry":{"type":"Point","coordinates":[34.02722000000006,41.425830000000076]},"properties":{"OBJECTID":405,"IstNo":12015224,"SuAdi":"CELEP D.","IstAdi":"ERSİL","BolgeNo":23,"ILKODU":37,"ILCEKODU":1666,"HAVZA_ID":15,"entityId":"405","entityType":"lakeStations","id":"405","name":"ERSİL","stationId":12015224,"basinId":15,"status":"no_data","color":"#94a3b8","radius":7}},{"type":"Feature","id":"406","geometry":{"type":"Point","coordinates":[33.84083000000004,41.454720000000066]},"properties":{"OBJECTID":406,"IstNo":12015225,"SuAdi":"DADAY Ç.","IstAdi":"HASKÖY","BolgeNo":23,"ILKODU":37,"ILCEKODU":1450,"HAVZA_ID":15,"entityId":"406","entityType":"lakeStations","id":"406","name":"HASKÖY","stationId":12015225,"basinId":15,"status":"no_data","color":"#94a3b8","radius":7}},{"type":"Feature","id":"407","geometry":{"type":"Point","coordinates":[33.56917000000004,41.47833000000003]},"properties":{"OBJECTID":407,"IstNo":12015226,"SuAdi":"DADAY Ç.","IstAdi":"GONCALAR","BolgeNo":23,"ILKODU":37,"ILCEKODU":1264,"HAVZA_ID":15,"entityId":"407","entityType":"lakeStations","id":"407","name":"GONCALAR","stationId":12015226,"basinId":15,"status":"no_data","color":"#94a3b8","radius":7}},{"type":"Feature","id":"408","geometry":{"type":"Point","coordinates":[33.92667000000006,41.381110000000035]},"properties":{"OBJECTID":408,"IstNo":12015227,"SuAdi":"KARADERE Ç.","IstAdi":"DELİLER","BolgeNo":23,"ILKODU":37,"ILCEKODU":1450,"HAVZA_ID":15,"entityId":"408","entityType":"lakeStations","id":"408","name":"DELİLER","stationId":12015227,"basinId":15,"status":"no_data","color":"#94a3b8","radius":7}},{"type":"Feature","id":"409","geometry":{"type":"Point","coordinates":[36.373050000000035,39.50945000000007]},"properties":{"OBJECTID":409,"IstNo":12015236,"SuAdi":"AKCAKIŞLA D.","IstAdi":"BOZKURT","BolgeNo":19,"ILKODU":58,"ILCEKODU":1650,"HAVZA_ID":15,"entityId":"409","entityType":"lakeStations","id":"409","name":"BOZKURT","stationId":12015236,"basinId":15,"status":"no_data","color":"#94a3b8","radius":7}},{"type":"Feature","id":"410","geometry":{"type":"Point","coordinates":[36.589170000000024,39.869170000000054]},"properties":{"OBJECTID":410,"IstNo":12015237,"SuAdi":"KAVAK SUYU","IstAdi":"YILDIZELİ","BolgeNo":19,"ILKODU":58,"ILCEKODU":1731,"HAVZA_ID":15,"entityId":"410","entityType":"lakeStations","id":"410","name":"YILDIZELİ","stationId":12015237,"basinId":15,"status":"no_data","color":"#94a3b8","radius":7}},{"type":"Feature","id":"411","geometry":{"type":"Point","coordinates":[34.75333000000006,41.46500000000003]},"properties":{"OBJECTID":411,"IstNo":12015243,"SuAdi":"KOLAZ Ç.","IstAdi":"KALEBAĞI","BolgeNo":7,"ILKODU":57,"ILCEKODU":1204,"HAVZA_ID":15,"entityId":"411","entityType":"lakeStations","id":"411","name":"KALEBAĞI","stationId":12015243,"basinId":15,"status":"no_data","color":"#94a3b8","radius":7}},{"type":"Feature","id":"412","geometry":{"type":"Point","coordinates":[35.77555000000007,39.50834000000003]},"properties":{"OBJECTID":412,"IstNo":12015249,"SuAdi":"KANAK Ç.","IstAdi":"YAHYASARAY BARAJ GİRİŞİ","BolgeNo":12,"ILKODU":66,"ILCEKODU":1242,"HAVZA_ID":15,"entityId":"412","entityType":"lakeStations","id":"412","name":"YAHYASARAY BARAJ GİRİŞİ","stationId":12015249,"basinId":15,"status":"no_data","color":"#94a3b8","radius":7}},{"type":"Feature","id":"413","geometry":{"type":"Point","coordinates":[36.970830000000035,40.01333000000005]},"properties":{"OBJECTID":413,"IstNo":12015261,"SuAdi":"DUMANLI Ç.","IstAdi":"OLUKMAN","BolgeNo":19,"ILKODU":58,"ILCEKODU":1628,"HAVZA_ID":15,"entityId":"413","entityType":"lakeStations","id":"413","name":"OLUKMAN","stationId":12015261,"basinId":15,"status":"no_data","color":"#94a3b8","radius":7}},{"type":"Feature","id":"414","geometry":{"type":"Point","coordinates":[33.776110000000074,41.50834000000003]},"properties":{"OBJECTID":414,"IstNo":12015266,"SuAdi":"OYRAK D.","IstAdi":"OYRAK","BolgeNo":23,"ILKODU":37,"ILCEKODU":1450,"HAVZA_ID":15,"entityId":"414","entityType":"lakeStations","id":"414","name":"OYRAK","stationId":12015266,"basinId":15,"status":"no_data","color":"#94a3b8","radius":7}},{"type":"Feature","id":"415","geometry":{"type":"Point","coordinates":[36.86611000000005,40.158330000000035]},"properties":{"OBJECTID":415,"IstNo":12015268,"SuAdi":"YUSUFOĞLAN D.","IstAdi":"YUSUFOĞLAN","BolgeNo":19,"ILKODU":58,"ILCEKODU":1731,"HAVZA_ID":15,"entityId":"415","entityType":"lakeStations","id":"415","name":"YUSUFOĞLAN","stationId":12015268,"basinId":15,"status":"no_data","color":"#94a3b8","radius":7}},{"type":"Feature","id":"416","geometry":{"type":"Point","coordinates":[37.70945000000006,39.94556000000006]},"properties":{"OBJECTID":416,"IstNo":12015272,"SuAdi":"KUZUCAĞIN D.","IstAdi":"MESTAN","BolgeNo":19,"ILKODU":58,"ILCEKODU":1738,"HAVZA_ID":15,"entityId":"416","entityType":"lakeStations","id":"416","name":"MESTAN","stationId":12015272,"basinId":15,"status":"no_data","color":"#94a3b8","radius":7}},{"type":"Feature","id":"417","geometry":{"type":"Point","coordinates":[36.027780000000064,39.32695000000007]},"properties":{"OBJECTID":417,"IstNo":12015275,"SuAdi":"PINARBAŞI KAYNAĞI","IstAdi":"ÇEPNİ","BolgeNo":19,"ILKODU":58,"ILCEKODU":1342,"HAVZA_ID":15,"entityId":"417","entityType":"lakeStations","id":"417","name":"ÇEPNİ","stationId":12015275,"basinId":15,"status":"no_data","color":"#94a3b8","radius":7}},{"type":"Feature","id":"418","geometry":{"type":"Point","coordinates":[33.76667000000003,39.918330000000026]},"properties":{"OBJECTID":418,"IstNo":12015282,"SuAdi":"ÇORUHÖZÜ D.","IstAdi":"BALIŞEYH","BolgeNo":5,"ILKODU":71,"ILCEKODU":1882,"HAVZA_ID":15,"entityId":"418","entityType":"lakeStations","id":"418","name":"BALIŞEYH","stationId":12015282,"basinId":15,"status":"no_data","color":"#94a3b8","radius":7}},{"type":"Feature","id":"419","geometry":{"type":"Point","coordinates":[35.50667000000004,41.03194000000008]},"properties":{"OBJECTID":419,"IstNo":12015285,"SuAdi":"BAKIRÇAY D.","IstAdi":"MERYEMDERE","BolgeNo":7,"ILKODU":55,"ILCEKODU":1386,"HAVZA_ID":15,"entityId":"419","entityType":"lakeStations","id":"419","name":"MERYEMDERE","stationId":12015285,"basinId":15,"status":"no_data","color":"#94a3b8","radius":7}},{"type":"Feature","id":"420","geometry":{"type":"Point","coordinates":[34.51167000000004,40.19667000000004]},"properties":{"OBJECTID":420,"IstNo":12015288,"SuAdi":"ARİFEGAZİLİ D.","IstAdi":"ARİFEGAZİLİ","BolgeNo":5,"ILKODU":19,"ILCEKODU":1642,"HAVZA_ID":15,"entityId":"420","entityType":"lakeStations","id":"420","name":"ARİFEGAZİLİ","stationId":12015288,"basinId":15,"status":"no_data","color":"#94a3b8","radius":7}},{"type":"Feature","id":"421","geometry":{"type":"Point","coordinates":[35.96778000000006,39.24361000000005]},"properties":{"OBJECTID":421,"IstNo":12015289,"SuAdi":"GÖKSU D.","IstAdi":"EĞERCİ","BolgeNo":19,"ILKODU":58,"ILCEKODU":1342,"HAVZA_ID":15,"entityId":"421","entityType":"lakeStations","id":"421","name":"EĞERCİ","stationId":12015289,"basinId":15,"status":"no_data","color":"#94a3b8","radius":7}},{"type":"Feature","id":"422","geometry":{"type":"Point","coordinates":[37.132780000000025,39.78250000000003]},"properties":{"OBJECTID":422,"IstNo":12015290,"SuAdi":"KIZILIRMAK","IstAdi":"DİKMENCİK","BolgeNo":19,"ILKODU":58,"ILCEKODU":1628,"HAVZA_ID":15,"entityId":"422","entityType":"lakeStations","id":"422","name":"DİKMENCİK","stationId":12015290,"basinId":15,"status":"no_data","color":"#94a3b8","radius":7}},{"type":"Feature","id":"423","geometry":{"type":"Point","coordinates":[35.730560000000025,39.57389000000006]},"properties":{"OBJECTID":423,"IstNo":12015298,"SuAdi":"YONCALIK DERESİ","IstAdi":"EYNELLİ","BolgeNo":12,"ILKODU":66,"ILCEKODU":1117,"HAVZA_ID":15,"entityId":"423","entityType":"lakeStations","id":"423","name":"EYNELLİ","stationId":12015298,"basinId":15,"status":"no_data","color":"#94a3b8","radius":7}},{"type":"Feature","id":"424","geometry":{"type":"Point","coordinates":[36.86528000000004,39.99556000000007]},"properties":{"OBJECTID":424,"IstNo":12015306,"SuAdi":"YILDIZ IRMAĞI","IstAdi":"ALİAĞILI","BolgeNo":19,"ILKODU":58,"ILCEKODU":1628,"HAVZA_ID":15,"entityId":"424","entityType":"lakeStations","id":"424","name":"ALİAĞILI","stationId":12015306,"basinId":15,"status":"no_data","color":"#94a3b8","radius":7}},{"type":"Feature","id":"425","geometry":{"type":"Point","coordinates":[36.77222000000006,39.76556000000005]},"properties":{"OBJECTID":425,"IstNo":12015307,"SuAdi":"YILDIZ IRMAĞI","IstAdi":"YUKARI YILDIZLI","BolgeNo":19,"ILKODU":58,"ILCEKODU":1628,"HAVZA_ID":15,"entityId":"425","entityType":"lakeStations","id":"425","name":"YUKARI YILDIZLI","stationId":12015307,"basinId":15,"status":"no_data","color":"#94a3b8","radius":7}},{"type":"Feature","id":"426","geometry":{"type":"Point","coordinates":[35.65083000000004,41.53250000000003]},"properties":{"OBJECTID":426,"IstNo":12015315,"SuAdi":"TAŞKELİK Ç.","IstAdi":"DİKMEN ","BolgeNo":7,"ILKODU":55,"ILCEKODU":1125,"HAVZA_ID":15,"entityId":"426","entityType":"lakeStations","id":"426","name":"DİKMEN ","stationId":12015315,"basinId":15,"status":"no_data","color":"#94a3b8","radius":7}},{"type":"Feature","id":"427","geometry":{"type":"Point","coordinates":[35.838610000000074,41.47028000000006]},"properties":{"OBJECTID":427,"IstNo":12015318,"SuAdi":"KIZILIRMAK N.","IstAdi":"DERBENT ","BolgeNo":7,"ILKODU":55,"ILCEKODU":1164,"HAVZA_ID":15,"entityId":"427","entityType":"lakeStations","id":"427","name":"DERBENT ","stationId":12015318,"basinId":15,"status":"no_data","color":"#94a3b8","radius":7}},{"type":"Feature","id":"428","geometry":{"type":"Point","coordinates":[37.70028000000008,39.923050000000046]},"properties":{"OBJECTID":428,"IstNo":12015319,"SuAdi":"HABEŞ ÇAYI","IstAdi":"ÜTÜK","BolgeNo":19,"ILKODU":58,"ILCEKODU":1738,"HAVZA_ID":15,"entityId":"428","entityType":"lakeStations","id":"428","name":"ÜTÜK","stationId":12015319,"basinId":15,"status":"no_data","color":"#94a3b8","radius":7}},{"type":"Feature","id":"429","geometry":{"type":"Point","coordinates":[37.08972000000006,39.40750000000003]},"properties":{"OBJECTID":429,"IstNo":12015322,"SuAdi":"TECER SUYU","IstAdi":"TECER","BolgeNo":19,"ILKODU":58,"ILCEKODU":1991,"HAVZA_ID":15,"entityId":"429","entityType":"lakeStations","id":"429","name":"TECER","stationId":12015322,"basinId":15,"status":"no_data","color":"#94a3b8","radius":7}},{"type":"Feature","id":"430","geometry":{"type":"Point","coordinates":[36.67500000000007,39.62083000000007]},"properties":{"OBJECTID":430,"IstNo":12015323,"SuAdi":"DAĞILGAN D.","IstAdi":"DURDULU","BolgeNo":19,"ILKODU":58,"ILCEKODU":1628,"HAVZA_ID":15,"entityId":"430","entityType":"lakeStations","id":"430","name":"DURDULU","stationId":12015323,"basinId":15,"status":"no_data","color":"#94a3b8","radius":7}},{"type":"Feature","id":"431","geometry":{"type":"Point","coordinates":[34.02417000000003,41.33667000000003]},"properties":{"OBJECTID":431,"IstNo":12015329,"SuAdi":"AKKAYA ÇAYI","IstAdi":"EMİRKÖY","BolgeNo":23,"ILKODU":37,"ILCEKODU":1450,"HAVZA_ID":15,"entityId":"431","entityType":"lakeStations","id":"431","name":"EMİRKÖY","stationId":12015329,"basinId":15,"status":"no_data","color":"#94a3b8","radius":7}},{"type":"Feature","id":"432","geometry":{"type":"Point","coordinates":[35.050560000000075,41.41250000000008]},"properties":{"OBJECTID":432,"IstNo":12015330,"SuAdi":"GÖKIRMAK","IstAdi":"DURAĞAN","BolgeNo":7,"ILKODU":57,"ILCEKODU":1290,"HAVZA_ID":15,"entityId":"432","entityType":"lakeStations","id":"432","name":"DURAĞAN","stationId":12015330,"basinId":15,"status":"no_data","color":"#94a3b8","radius":7}},{"type":"Feature","id":"433","geometry":{"type":"Point","coordinates":[35.25028000000003,41.16333000000003]},"properties":{"OBJECTID":433,"IstNo":12015331,"SuAdi":"GÖLÇAY D.","IstAdi":"NARLISARAY","BolgeNo":7,"ILKODU":55,"ILCEKODU":1712,"HAVZA_ID":15,"entityId":"433","entityType":"lakeStations","id":"433","name":"NARLISARAY","stationId":12015331,"basinId":15,"status":"no_data","color":"#94a3b8","radius":7}},{"type":"Feature","id":"434","geometry":{"type":"Point","coordinates":[33.74055000000004,41.10889000000003]},"properties":{"OBJECTID":434,"IstNo":12015332,"SuAdi":"KARANLIK D.","IstAdi":"AŞAĞI TÜFEKÇİ","BolgeNo":23,"ILKODU":37,"ILCEKODU":1450,"HAVZA_ID":15,"entityId":"434","entityType":"lakeStations","id":"434","name":"AŞAĞI TÜFEKÇİ","stationId":12015332,"basinId":15,"status":"no_data","color":"#94a3b8","radius":7}},{"type":"Feature","id":"435","geometry":{"type":"Point","coordinates":[37.052500000000066,39.710830000000044]},"properties":{"OBJECTID":435,"IstNo":12015333,"SuAdi":"FADLIM IRMAĞI","IstAdi":"GARDAŞLAR","BolgeNo":19,"ILKODU":58,"ILCEKODU":1628,"HAVZA_ID":15,"entityId":"435","entityType":"lakeStations","id":"435","name":"GARDAŞLAR","stationId":12015333,"basinId":15,"status":"no_data","color":"#94a3b8","radius":7}},{"type":"Feature","id":"436","geometry":{"type":"Point","coordinates":[37.754170000000045,39.863330000000076]},"properties":{"OBJECTID":436,"IstNo":12015334,"SuAdi":"ACISU ÇAYI","IstAdi":"TEKKEKÖY","BolgeNo":19,"ILKODU":58,"ILCEKODU":1738,"HAVZA_ID":15,"entityId":"436","entityType":"lakeStations","id":"436","name":"TEKKEKÖY","stationId":12015334,"basinId":15,"status":"no_data","color":"#94a3b8","radius":7}},{"type":"Feature","id":"437","geometry":{"type":"Point","coordinates":[35.83055000000007,41.47556000000003]},"properties":{"OBJECTID":437,"IstNo":12015335,"SuAdi":"İLYASLI Ç.","IstAdi":"KOZAĞAÇ KÖP.","BolgeNo":7,"ILKODU":55,"ILCEKODU":1164,"HAVZA_ID":15,"entityId":"437","entityType":"lakeStations","id":"437","name":"KOZAĞAÇ KÖP.","stationId":12015335,"basinId":15,"status":"no_data","color":"#94a3b8","radius":7}},{"type":"Feature","id":"438","geometry":{"type":"Point","coordinates":[35.776670000000024,41.443610000000035]},"properties":{"OBJECTID":438,"IstNo":12015337,"SuAdi":"ZAHNE D.","IstAdi":"TERZİLİ","BolgeNo":7,"ILKODU":55,"ILCEKODU":1164,"HAVZA_ID":15,"entityId":"438","entityType":"lakeStations","id":"438","name":"TERZİLİ","stationId":12015337,"basinId":15,"status":"no_data","color":"#94a3b8","radius":7}},{"type":"Feature","id":"439","geometry":{"type":"Point","coordinates":[35.98611000000005,39.21806000000004]},"properties":{"OBJECTID":439,"IstNo":12015340,"SuAdi":"KIZILIRMAK","IstAdi":"EĞERCİ","BolgeNo":19,"ILKODU":58,"ILCEKODU":1342,"HAVZA_ID":15,"entityId":"439","entityType":"lakeStations","id":"439","name":"EĞERCİ","stationId":12015340,"basinId":15,"status":"no_data","color":"#94a3b8","radius":7}},{"type":"Feature","id":"440","geometry":{"type":"Point","coordinates":[33.78305000000006,41.401940000000025]},"properties":{"OBJECTID":440,"IstNo":12015343,"SuAdi":"KARAÇOMAK D.","IstAdi":"İNÖNÜ  ","BolgeNo":23,"ILKODU":37,"ILCEKODU":1450,"HAVZA_ID":15,"entityId":"440","entityType":"lakeStations","id":"440","name":"İNÖNÜ  ","stationId":12015343,"basinId":15,"status":"no_data","color":"#94a3b8","radius":7}},{"type":"Feature","id":"441","geometry":{"type":"Point","coordinates":[33.198060000000055,40.26111000000003]},"properties":{"OBJECTID":441,"IstNo":12015344,"SuAdi":"HAN D.","IstAdi":"BEKİRAĞA MAHALLESI","BolgeNo":5,"ILKODU":6,"ILCEKODU":1260,"HAVZA_ID":15,"entityId":"441","entityType":"lakeStations","id":"441","name":"BEKİRAĞA MAHALLESI","stationId":12015344,"basinId":15,"status":"no_data","color":"#94a3b8","radius":7}},{"type":"Feature","id":"442","geometry":{"type":"Point","coordinates":[33.236950000000036,40.37028000000004]},"properties":{"OBJECTID":442,"IstNo":12015345,"SuAdi":"ŞABANÖZÜ Ç.","IstAdi":"ÖZBEK KÖYÜ","BolgeNo":5,"ILKODU":18,"ILCEKODU":1649,"HAVZA_ID":15,"entityId":"442","entityType":"lakeStations","id":"442","name":"ÖZBEK KÖYÜ","stationId":12015345,"basinId":15,"status":"no_data","color":"#94a3b8","radius":7}},{"type":"Feature","id":"443","geometry":{"type":"Point","coordinates":[34.13889000000006,40.74306000000007]},"properties":{"OBJECTID":443,"IstNo":12015346,"SuAdi":"LAPA Ç.","IstAdi":"KORUM KAYA LİNYIT OCAĞI","BolgeNo":5,"ILKODU":19,"ILCEKODU":1177,"HAVZA_ID":15,"entityId":"443","entityType":"lakeStations","id":"443","name":"KORUM KAYA LİNYIT OCAĞI","stationId":12015346,"basinId":15,"status":"no_data","color":"#94a3b8","radius":7}},{"type":"Feature","id":"444","geometry":{"type":"Point","coordinates":[33.881110000000035,41.33445000000006]},"properties":{"OBJECTID":444,"IstNo":12015347,"SuAdi":"İĞDİR Ç.","IstAdi":"DARIBÜKÜ","BolgeNo":23,"ILKODU":37,"ILCEKODU":1450,"HAVZA_ID":15,"entityId":"444","entityType":"lakeStations","id":"444","name":"DARIBÜKÜ","stationId":12015347,"basinId":15,"status":"no_data","color":"#94a3b8","radius":7}},{"type":"Feature","id":"445","geometry":{"type":"Point","coordinates":[34.142220000000066,40.46556000000004]},"properties":{"OBJECTID":445,"IstNo":12015350,"SuAdi":"DELİCE Ç.","IstAdi":"KULA","BolgeNo":5,"ILKODU":18,"ILCEKODU":1817,"HAVZA_ID":15,"entityId":"445","entityType":"lakeStations","id":"445","name":"KULA","stationId":12015350,"basinId":15,"status":"no_data","color":"#94a3b8","radius":7}},{"type":"Feature","id":"446","geometry":{"type":"Point","coordinates":[35.29500000000007,41.052500000000066]},"properties":{"OBJECTID":446,"IstNo":12015352,"SuAdi":"KUYMA Ç.","IstAdi":"DURUÇAY BARAJI GİRİŞ","BolgeNo":7,"ILKODU":55,"ILCEKODU":1712,"HAVZA_ID":15,"entityId":"446","entityType":"lakeStations","id":"446","name":"DURUÇAY BARAJI GİRİŞ","stationId":12015352,"basinId":15,"status":"no_data","color":"#94a3b8","radius":7}},{"type":"Feature","id":"447","geometry":{"type":"Point","coordinates":[35.29500000000007,41.052500000000066]},"properties":{"OBJECTID":447,"IstNo":12015352,"SuAdi":"KUYMA ÇAYI","IstAdi":"DURUÇAY BARAJI-DURUÇAY","BolgeNo":7,"ILKODU":55,"ILCEKODU":1712,"HAVZA_ID":15,"entityId":"447","entityType":"lakeStations","id":"447","name":"DURUÇAY BARAJI-DURUÇAY","stationId":12015352,"basinId":15,"status":"no_data","color":"#94a3b8","radius":7}},{"type":"Feature","id":"448","geometry":{"type":"Point","coordinates":[34.68333000000007,41.30111000000005]},"properties":{"OBJECTID":448,"IstNo":12015353,"SuAdi":"ASARCIK D.","IstAdi":"SARAYDÜZÜ BARAJI GİRİŞ","BolgeNo":7,"ILKODU":57,"ILCEKODU":1981,"HAVZA_ID":15,"entityId":"448","entityType":"lakeStations","id":"448","name":"SARAYDÜZÜ BARAJI GİRİŞ","stationId":12015353,"basinId":15,"status":"no_data","color":"#94a3b8","radius":7}},{"type":"Feature","id":"449","geometry":{"type":"Point","coordinates":[34.68333000000007,41.30111000000005]},"properties":{"OBJECTID":449,"IstNo":12015353,"SuAdi":"ASARCIK D.","IstAdi":"SARAYDÜZÜ BARAJI-ASARCIK KAZAKLI","BolgeNo":7,"ILKODU":57,"ILCEKODU":1981,"HAVZA_ID":15,"entityId":"449","entityType":"lakeStations","id":"449","name":"SARAYDÜZÜ BARAJI-ASARCIK KAZAKLI","stationId":12015353,"basinId":15,"status":"no_data","color":"#94a3b8","radius":7}},{"type":"Feature","id":"450","geometry":{"type":"Point","coordinates":[35.51667000000003,41.04889000000003]},"properties":{"OBJECTID":450,"IstNo":12015354,"SuAdi":"İSTAVROZ Ç.","IstAdi":"VEZİRKÖPRÜ BARAJI GİRİŞ","BolgeNo":7,"ILKODU":55,"ILCEKODU":1712,"HAVZA_ID":15,"entityId":"450","entityType":"lakeStations","id":"450","name":"VEZİRKÖPRÜ BARAJI GİRİŞ","stationId":12015354,"basinId":15,"status":"no_data","color":"#94a3b8","radius":7}},{"type":"Feature","id":"451","geometry":{"type":"Point","coordinates":[35.51667000000003,41.04889000000003]},"properties":{"OBJECTID":451,"IstNo":12015354,"SuAdi":"İSTAVROZ ÇAYI","IstAdi":"VEZİRKÖPRÜ BARAJI-KÖPRÜBAŞI","BolgeNo":7,"ILKODU":55,"ILCEKODU":1712,"HAVZA_ID":15,"entityId":"451","entityType":"lakeStations","id":"451","name":"VEZİRKÖPRÜ BARAJI-KÖPRÜBAŞI","stationId":12015354,"basinId":15,"status":"no_data","color":"#94a3b8","radius":7}},{"type":"Feature","id":"452","geometry":{"type":"Point","coordinates":[35.99667000000005,41.41861000000006]},"properties":{"OBJECTID":452,"IstNo":12015355,"SuAdi":"ENGİZ Ç.","IstAdi":"ONDOKUZ MAYIS BARAJI GİRİŞ","BolgeNo":7,"ILKODU":55,"ILCEKODU":1830,"HAVZA_ID":15,"entityId":"452","entityType":"lakeStations","id":"452","name":"ONDOKUZ MAYIS BARAJI GİRİŞ","stationId":12015355,"basinId":15,"status":"no_data","color":"#94a3b8","radius":7}},{"type":"Feature","id":"453","geometry":{"type":"Point","coordinates":[35.99667000000005,41.41861000000006]},"properties":{"OBJECTID":453,"IstNo":12015355,"SuAdi":"ENGİZ ÇAYI","IstAdi":"ONDOKUZ MAYIS BARAJI-ORMANCIK","BolgeNo":7,"ILKODU":55,"ILCEKODU":1830,"HAVZA_ID":15,"entityId":"453","entityType":"lakeStations","id":"453","name":"ONDOKUZ MAYIS BARAJI-ORMANCIK","stationId":12015355,"basinId":15,"status":"no_data","color":"#94a3b8","radius":7}},{"type":"Feature","id":"454","geometry":{"type":"Point","coordinates":[36.38500000000005,39.504170000000045]},"properties":{"OBJECTID":454,"IstNo":12015358,"SuAdi":"KIZILIRMAK","IstAdi":"ÇERMİKLER","BolgeNo":19,"ILKODU":58,"ILCEKODU":1650,"HAVZA_ID":15,"entityId":"454","entityType":"lakeStations","id":"454","name":"ÇERMİKLER","stationId":12015358,"basinId":15,"status":"no_data","color":"#94a3b8","radius":7}},{"type":"Feature","id":"455","geometry":{"type":"Point","coordinates":[37.616390000000024,39.86889000000008]},"properties":{"OBJECTID":455,"IstNo":12015362,"SuAdi":"TÖDÜRGE D.","IstAdi":"TÖDÜRGE GÖLÜ GİRİŞ","BolgeNo":19,"ILKODU":58,"ILCEKODU":1738,"HAVZA_ID":15,"entityId":"455","entityType":"lakeStations","id":"455","name":"TÖDÜRGE GÖLÜ GİRİŞ","stationId":12015362,"basinId":15,"status":"no_data","color":"#94a3b8","radius":7}},{"type":"Feature","id":"456","geometry":{"type":"Point","coordinates":[37.56472000000008,39.88194000000004]},"properties":{"OBJECTID":456,"IstNo":12015363,"SuAdi":"TÖDÜRGE D. ","IstAdi":"TÖDÜRGE GÖLÜ ÇIKIŞ","BolgeNo":19,"ILKODU":58,"ILCEKODU":1738,"HAVZA_ID":15,"entityId":"456","entityType":"lakeStations","id":"456","name":"TÖDÜRGE GÖLÜ ÇIKIŞ","stationId":12015363,"basinId":15,"status":"no_data","color":"#94a3b8","radius":7}},{"type":"Feature","id":"457","geometry":{"type":"Point","coordinates":[37.052500000000066,39.44111000000004]},"properties":{"OBJECTID":457,"IstNo":12015365,"SuAdi":"ULAŞ D.","IstAdi":"ULAŞ GÖLÜ ÇIKIŞ","BolgeNo":19,"ILKODU":58,"ILCEKODU":1991,"HAVZA_ID":15,"entityId":"457","entityType":"lakeStations","id":"457","name":"ULAŞ GÖLÜ ÇIKIŞ","stationId":12015365,"basinId":15,"status":"no_data","color":"#94a3b8","radius":7}},{"type":"Feature","id":"458","geometry":{"type":"Point","coordinates":[32.32583000000005,37.25945000000007]},"properties":{"OBJECTID":458,"IstNo":12016003,"SuAdi":"ÇARŞAMBA S. ","IstAdi":"MAVİ","BolgeNo":4,"ILKODU":42,"ILCEKODU":1753,"HAVZA_ID":16,"entityId":"458","entityType":"lakeStations","id":"458","name":"MAVİ","stationId":12016003,"basinId":16,"status":"no_data","color":"#94a3b8","radius":7}},{"type":"Feature","id":"459","geometry":{"type":"Point","coordinates":[31.19333000000006,38.03083000000004]},"properties":{"OBJECTID":459,"IstNo":12016013,"SuAdi":"ŞAKİRKARAAĞAÇ S.","IstAdi":"ÇELTEK KÖP.","BolgeNo":18,"ILKODU":32,"ILCEKODU":1651,"HAVZA_ID":16,"entityId":"459","entityType":"lakeStations","id":"459","name":"ÇELTEK KÖP.","stationId":12016013,"basinId":16,"status":"no_data","color":"#94a3b8","radius":7}},{"type":"Feature","id":"460","geometry":{"type":"Point","coordinates":[31.49583000000007,37.539720000000045]},"properties":{"OBJECTID":460,"IstNo":12016014,"SuAdi":"SOĞUKSU","IstAdi":"YEŞİLDAĞ","BolgeNo":4,"ILKODU":42,"ILCEKODU":1188,"HAVZA_ID":16,"entityId":"460","entityType":"lakeStations","id":"460","name":"YEŞİLDAĞ","stationId":12016014,"basinId":16,"status":"no_data","color":"#94a3b8","radius":7}},{"type":"Feature","id":"461","geometry":{"type":"Point","coordinates":[31.591390000000047,37.615830000000074]},"properties":{"OBJECTID":461,"IstNo":12016015,"SuAdi":"ÜSTÜNLER S.","IstAdi":"ÜSTÜNLER","BolgeNo":4,"ILKODU":42,"ILCEKODU":1188,"HAVZA_ID":16,"entityId":"461","entityType":"lakeStations","id":"461","name":"ÜSTÜNLER","stationId":12016015,"basinId":16,"status":"no_data","color":"#94a3b8","radius":7}},{"type":"Feature","id":"462","geometry":{"type":"Point","coordinates":[33.46944000000008,37.15139000000005]},"properties":{"OBJECTID":462,"IstNo":12016028,"SuAdi":"İBRALA Ç.","IstAdi":"NALAMA ÇİFTLİĞİ","BolgeNo":4,"ILKODU":70,"ILCEKODU":1439,"HAVZA_ID":16,"entityId":"462","entityType":"lakeStations","id":"462","name":"NALAMA ÇİFTLİĞİ","stationId":12016028,"basinId":16,"status":"no_data","color":"#94a3b8","radius":7}},{"type":"Feature","id":"463","geometry":{"type":"Point","coordinates":[31.308610000000044,37.701670000000036]},"properties":{"OBJECTID":463,"IstNo":12016039,"SuAdi":"GİRİŞ","IstAdi":"YENİŞAR BADEMLİ BARAJI","BolgeNo":18,"ILKODU":32,"ILCEKODU":1755,"HAVZA_ID":16,"entityId":"463","entityType":"lakeStations","id":"463","name":"YENİŞAR BADEMLİ BARAJI","stationId":12016039,"basinId":16,"status":"no_data","color":"#94a3b8","radius":7}},{"type":"Feature","id":"464","geometry":{"type":"Point","coordinates":[31.891390000000058,37.37806000000006]},"properties":{"OBJECTID":464,"IstNo":12016078,"SuAdi":"SUBERTE Ç.","IstAdi":"TAŞAĞIL","BolgeNo":4,"ILKODU":42,"ILCEKODU":1617,"HAVZA_ID":16,"entityId":"464","entityType":"lakeStations","id":"464","name":"TAŞAĞIL","stationId":12016078,"basinId":16,"status":"no_data","color":"#94a3b8","radius":7}},{"type":"Feature","id":"465","geometry":{"type":"Point","coordinates":[34.279720000000054,38.38861000000003]},"properties":{"OBJECTID":465,"IstNo":12016080,"SuAdi":"KARASU","IstAdi":"DEMİRCI","BolgeNo":4,"ILKODU":68,"ILCEKODU":1932,"HAVZA_ID":16,"entityId":"465","entityType":"lakeStations","id":"465","name":"DEMİRCI","stationId":12016080,"basinId":16,"status":"no_data","color":"#94a3b8","radius":7}},{"type":"Feature","id":"466","geometry":{"type":"Point","coordinates":[33.75694000000004,37.30583000000007]},"properties":{"OBJECTID":466,"IstNo":12016087,"SuAdi":"AYRANCI S.","IstAdi":"KAVAKLIK","BolgeNo":4,"ILKODU":70,"ILCEKODU":1768,"HAVZA_ID":16,"entityId":"466","entityType":"lakeStations","id":"466","name":"KAVAKLIK","stationId":12016087,"basinId":16,"status":"no_data","color":"#94a3b8","radius":7}},{"type":"Feature","id":"467","geometry":{"type":"Point","coordinates":[32.60417000000007,37.385830000000055]},"properties":{"OBJECTID":467,"IstNo":12016095,"SuAdi":"APA BRJ.","IstAdi":"ÇIKIŞI","BolgeNo":4,"ILKODU":42,"ILCEKODU":1262,"HAVZA_ID":16,"entityId":"467","entityType":"lakeStations","id":"467","name":"ÇIKIŞI","stationId":12016095,"basinId":16,"status":"no_data","color":"#94a3b8","radius":7}},{"type":"Feature","id":"468","geometry":{"type":"Point","coordinates":[34.26917000000003,38.29750000000007]},"properties":{"OBJECTID":468,"IstNo":12016098,"SuAdi":"MELENDİZ Ç.","IstAdi":"SELİME","BolgeNo":4,"ILKODU":68,"ILCEKODU":1861,"HAVZA_ID":16,"entityId":"468","entityType":"lakeStations","id":"468","name":"SELİME","stationId":12016098,"basinId":16,"status":"no_data","color":"#94a3b8","radius":7}},{"type":"Feature","id":"469","geometry":{"type":"Point","coordinates":[32.26917000000003,37.924450000000036]},"properties":{"OBJECTID":469,"IstNo":12016100,"SuAdi":"MERAM Ç.","IstAdi":"KÜÇÜKMUHSİNE","BolgeNo":4,"ILKODU":42,"ILCEKODU":1839,"HAVZA_ID":16,"entityId":"469","entityType":"lakeStations","id":"469","name":"KÜÇÜKMUHSİNE","stationId":12016100,"basinId":16,"status":"no_data","color":"#94a3b8","radius":7}},{"type":"Feature","id":"470","geometry":{"type":"Point","coordinates":[31.848050000000057,37.590280000000064]},"properties":{"OBJECTID":470,"IstNo":12016101,"SuAdi":"ÇAVUŞ D.","IstAdi":"AŞAĞIESENCE","BolgeNo":4,"ILKODU":42,"ILCEKODU":1188,"HAVZA_ID":16,"entityId":"470","entityType":"lakeStations","id":"470","name":"AŞAĞIESENCE","stationId":12016101,"basinId":16,"status":"no_data","color":"#94a3b8","radius":7}},{"type":"Feature","id":"471","geometry":{"type":"Point","coordinates":[31.73694000000006,37.71194000000003]},"properties":{"OBJECTID":471,"IstNo":12016104,"SuAdi":"SARISU","IstAdi":"EYLİKLER","BolgeNo":4,"ILKODU":42,"ILCEKODU":1188,"HAVZA_ID":16,"entityId":"471","entityType":"lakeStations","id":"471","name":"EYLİKLER","stationId":12016104,"basinId":16,"status":"no_data","color":"#94a3b8","radius":7}},{"type":"Feature","id":"472","geometry":{"type":"Point","coordinates":[31.49222000000003,37.54194000000007]},"properties":{"OBJECTID":472,"IstNo":12016111,"SuAdi":"SOĞUKSU","IstAdi":"YESİLDAĞ KÖP.","BolgeNo":4,"ILKODU":42,"ILCEKODU":1188,"HAVZA_ID":16,"entityId":"472","entityType":"lakeStations","id":"472","name":"YESİLDAĞ KÖP.","stationId":12016111,"basinId":16,"status":"no_data","color":"#94a3b8","radius":7}},{"type":"Feature","id":"473","geometry":{"type":"Point","coordinates":[32.14944000000003,37.16555000000005]},"properties":{"OBJECTID":473,"IstNo":12016115,"SuAdi":"ÇARŞAMBA S.","IstAdi":"SORKUN","BolgeNo":4,"ILKODU":42,"ILCEKODU":1207,"HAVZA_ID":16,"entityId":"473","entityType":"lakeStations","id":"473","name":"SORKUN","stationId":12016115,"basinId":16,"status":"no_data","color":"#94a3b8","radius":7}},{"type":"Feature","id":"474","geometry":{"type":"Point","coordinates":[33.20055000000008,38.55639000000008]},"properties":{"OBJECTID":474,"IstNo":12016126,"SuAdi":"KONYA ANA TAH.KAN.","IstAdi":"GÖLYAZI","BolgeNo":4,"ILKODU":42,"ILCEKODU":1222,"HAVZA_ID":16,"entityId":"474","entityType":"lakeStations","id":"474","name":"GÖLYAZI","stationId":12016126,"basinId":16,"status":"no_data","color":"#94a3b8","radius":7}},{"type":"Feature","id":"475","geometry":{"type":"Point","coordinates":[31.51917000000003,37.38361000000003]},"properties":{"OBJECTID":475,"IstNo":12016134,"SuAdi":"KOCADERE","IstAdi":"DEREBUCAK","BolgeNo":4,"ILKODU":42,"ILCEKODU":1789,"HAVZA_ID":16,"entityId":"475","entityType":"lakeStations","id":"475","name":"DEREBUCAK","stationId":12016134,"basinId":16,"status":"no_data","color":"#94a3b8","radius":7}},{"type":"Feature","id":"476","geometry":{"type":"Point","coordinates":[32.28639000000004,37.88306000000006]},"properties":{"OBJECTID":476,"IstNo":12016139,"SuAdi":"FINDIKLI D.","IstAdi":"ALTINAPA BRJ.GIRIŞ","BolgeNo":4,"ILKODU":42,"ILCEKODU":1839,"HAVZA_ID":16,"entityId":"476","entityType":"lakeStations","id":"476","name":"ALTINAPA BRJ.GIRIŞ","stationId":12016139,"basinId":16,"status":"no_data","color":"#94a3b8","radius":7}},{"type":"Feature","id":"477","geometry":{"type":"Point","coordinates":[34.17528000000004,37.41611000000006]},"properties":{"OBJECTID":477,"IstNo":12016140,"SuAdi":"İVRİZ Ç.","IstAdi":"AYDINKENT","BolgeNo":4,"ILKODU":42,"ILCEKODU":1937,"HAVZA_ID":16,"entityId":"477","entityType":"lakeStations","id":"477","name":"AYDINKENT","stationId":12016140,"basinId":16,"status":"no_data","color":"#94a3b8","radius":7}},{"type":"Feature","id":"478","geometry":{"type":"Point","coordinates":[34.193610000000035,37.430000000000064]},"properties":{"OBJECTID":478,"IstNo":12016141,"SuAdi":"ZANAPA D.","IstAdi":"HALKAPİNAR","BolgeNo":4,"ILKODU":42,"ILCEKODU":1937,"HAVZA_ID":16,"entityId":"478","entityType":"lakeStations","id":"478","name":"HALKAPİNAR","stationId":12016141,"basinId":16,"status":"no_data","color":"#94a3b8","radius":7}},{"type":"Feature","id":"479","geometry":{"type":"Point","coordinates":[31.49306000000007,37.917500000000075]},"properties":{"OBJECTID":479,"IstNo":12016154,"SuAdi":"OZAN D.","IstAdi":"TOLCA","BolgeNo":4,"ILKODU":42,"ILCEKODU":1804,"HAVZA_ID":16,"entityId":"479","entityType":"lakeStations","id":"479","name":"TOLCA","stationId":12016154,"basinId":16,"status":"no_data","color":"#94a3b8","radius":7}},{"type":"Feature","id":"480","geometry":{"type":"Point","coordinates":[31.541670000000067,37.91889000000003]},"properties":{"OBJECTID":480,"IstNo":12016155,"SuAdi":"ÇAVUŞKÖY D.","IstAdi":"KIRELİ","BolgeNo":4,"ILKODU":42,"ILCEKODU":1804,"HAVZA_ID":16,"entityId":"480","entityType":"lakeStations","id":"480","name":"KIRELİ","stationId":12016155,"basinId":16,"status":"no_data","color":"#94a3b8","radius":7}},{"type":"Feature","id":"481","geometry":{"type":"Point","coordinates":[31.438330000000065,37.72639000000004]},"properties":{"OBJECTID":481,"IstNo":12016158,"SuAdi":"HIZAR D.","IstAdi":"GÖLYAKA","BolgeNo":4,"ILKODU":42,"ILCEKODU":1188,"HAVZA_ID":16,"entityId":"481","entityType":"lakeStations","id":"481","name":"GÖLYAKA","stationId":12016158,"basinId":16,"status":"no_data","color":"#94a3b8","radius":7}},{"type":"Feature","id":"482","geometry":{"type":"Point","coordinates":[32.28028000000006,37.26305000000008]},"properties":{"OBJECTID":482,"IstNo":12016166,"SuAdi":"ÇARSAMBA S.","IstAdi":"PİNARCIK","BolgeNo":4,"ILKODU":42,"ILCEKODU":1207,"HAVZA_ID":16,"entityId":"482","entityType":"lakeStations","id":"482","name":"PİNARCIK","stationId":12016166,"basinId":16,"status":"no_data","color":"#94a3b8","radius":7}},{"type":"Feature","id":"483","geometry":{"type":"Point","coordinates":[31.33639000000005,37.99472000000003]},"properties":{"OBJECTID":483,"IstNo":12016341,"SuAdi":"ÇIKIŞ","IstAdi":"DEREBUCAK BARAJI ","BolgeNo":4,"ILKODU":42,"ILCEKODU":1651,"HAVZA_ID":16,"entityId":"483","entityType":"lakeStations","id":"483","name":"DEREBUCAK BARAJI ","stationId":12016341,"basinId":16,"status":"no_data","color":"#94a3b8","radius":7}},{"type":"Feature","id":"484","geometry":{"type":"Point","coordinates":[31.49917000000005,37.46611000000007]},"properties":{"OBJECTID":484,"IstNo":12016342,"SuAdi":"DEREBUCAK BARAJI","IstAdi":"TÜNEL ÇIKIŞI","BolgeNo":4,"ILKODU":42,"ILCEKODU":1188,"HAVZA_ID":16,"entityId":"484","entityType":"lakeStations","id":"484","name":"TÜNEL ÇIKIŞI","stationId":12016342,"basinId":16,"status":"no_data","color":"#94a3b8","radius":7}},{"type":"Feature","id":"485","geometry":{"type":"Point","coordinates":[34.635560000000055,36.987220000000036]},"properties":{"OBJECTID":485,"IstNo":12017006,"SuAdi":"DELİÇAY","IstAdi":"PUĞKARAAĞAÇ","BolgeNo":6,"ILKODU":33,"ILCEKODU":2066,"HAVZA_ID":17,"entityId":"485","entityType":"lakeStations","id":"485","name":"PUĞKARAAĞAÇ","stationId":12017006,"basinId":17,"status":"no_data","color":"#94a3b8","radius":7}},{"type":"Feature","id":"486","geometry":{"type":"Point","coordinates":[34.76833000000005,37.03056000000004]},"properties":{"OBJECTID":486,"IstNo":12017007,"SuAdi":"PAMUK D.","IstAdi":"KEŞBÜKÜ","BolgeNo":6,"ILKODU":33,"ILCEKODU":1665,"HAVZA_ID":17,"entityId":"486","entityType":"lakeStations","id":"486","name":"KEŞBÜKÜ","stationId":12017007,"basinId":17,"status":"no_data","color":"#94a3b8","radius":7}},{"type":"Feature","id":"487","geometry":{"type":"Point","coordinates":[34.55305000000004,36.86167000000006]},"properties":{"OBJECTID":487,"IstNo":12017011,"SuAdi":"EFRENK D.","IstAdi":"HAMZABEYLİ","BolgeNo":6,"ILKODU":33,"ILCEKODU":2066,"HAVZA_ID":17,"entityId":"487","entityType":"lakeStations","id":"487","name":"HAMZABEYLİ","stationId":12017011,"basinId":17,"status":"no_data","color":"#94a3b8","radius":7}},{"type":"Feature","id":"488","geometry":{"type":"Point","coordinates":[33.91611000000006,36.76194000000004]},"properties":{"OBJECTID":488,"IstNo":12017012,"SuAdi":"LAMAS Ç.","IstAdi":"SARIAYDIN","BolgeNo":6,"ILKODU":33,"ILCEKODU":1621,"HAVZA_ID":17,"entityId":"488","entityType":"lakeStations","id":"488","name":"SARIAYDIN","stationId":12017012,"basinId":17,"status":"no_data","color":"#94a3b8","radius":7}},{"type":"Feature","id":"489","geometry":{"type":"Point","coordinates":[33.18750000000006,36.78167000000008]},"properties":{"OBJECTID":489,"IstNo":12017016,"SuAdi":"GÖKSU N.","IstAdi":"KRAVGA KÖPRÜSÜ","BolgeNo":6,"ILKODU":33,"ILCEKODU":1536,"HAVZA_ID":17,"entityId":"489","entityType":"lakeStations","id":"489","name":"KRAVGA KÖPRÜSÜ","stationId":12017016,"basinId":17,"status":"no_data","color":"#94a3b8","radius":7}},{"type":"Feature","id":"490","geometry":{"type":"Point","coordinates":[33.53667000000007,36.23667000000006]},"properties":{"OBJECTID":490,"IstNo":12017024,"SuAdi":"KORUCAK D.","IstAdi":"ÇATALDEĞİRMEN","BolgeNo":6,"ILKODU":33,"ILCEKODU":1366,"HAVZA_ID":17,"entityId":"490","entityType":"lakeStations","id":"490","name":"ÇATALDEĞİRMEN","stationId":12017024,"basinId":17,"status":"no_data","color":"#94a3b8","radius":7}},{"type":"Feature","id":"491","geometry":{"type":"Point","coordinates":[32.35417000000007,36.32611000000003]},"properties":{"OBJECTID":491,"IstNo":12017027,"SuAdi":"BIÇKICI D.","IstAdi":"İNCEĞİZ","BolgeNo":13,"ILKODU":7,"ILCEKODU":1337,"HAVZA_ID":17,"entityId":"491","entityType":"lakeStations","id":"491","name":"İNCEĞİZ","stationId":12017027,"basinId":17,"status":"no_data","color":"#94a3b8","radius":7}},{"type":"Feature","id":"492","geometry":{"type":"Point","coordinates":[32.592220000000054,37.052220000000034]},"properties":{"OBJECTID":492,"IstNo":12017033,"SuAdi":"GÖKSU N.","IstAdi":"ALADAĞ KÖP.","BolgeNo":4,"ILKODU":42,"ILCEKODU":1375,"HAVZA_ID":17,"entityId":"492","entityType":"lakeStations","id":"492","name":"ALADAĞ KÖP.","stationId":12017033,"basinId":17,"status":"no_data","color":"#94a3b8","radius":7}},{"type":"Feature","id":"493","geometry":{"type":"Point","coordinates":[32.53250000000003,36.95028000000008]},"properties":{"OBJECTID":493,"IstNo":12017034,"SuAdi":"BOĞAZ D.","IstAdi":"SAZAK KÖP.","BolgeNo":4,"ILKODU":42,"ILCEKODU":1848,"HAVZA_ID":17,"entityId":"493","entityType":"lakeStations","id":"493","name":"SAZAK KÖP.","stationId":12017034,"basinId":17,"status":"no_data","color":"#94a3b8","radius":7}},{"type":"Feature","id":"494","geometry":{"type":"Point","coordinates":[32.53048000000007,36.96117000000004]},"properties":{"OBJECTID":494,"IstNo":12017035,"SuAdi":"ILICAPINAR D.","IstAdi":"KORUCU KÖP.","BolgeNo":4,"ILKODU":42,"ILCEKODU":1848,"HAVZA_ID":17,"entityId":"494","entityType":"lakeStations","id":"494","name":"KORUCU KÖP.","stationId":12017035,"basinId":17,"status":"no_data","color":"#94a3b8","radius":7}},{"type":"Feature","id":"495","geometry":{"type":"Point","coordinates":[32.21611000000007,36.44500000000005]},"properties":{"OBJECTID":495,"IstNo":12017038,"SuAdi":"SEDRE Ç.","IstAdi":"KOCAOĞLANLI","BolgeNo":13,"ILKODU":7,"ILCEKODU":1126,"HAVZA_ID":9,"entityId":"495","entityType":"lakeStations","id":"495","name":"KOCAOĞLANLI","stationId":12017038,"basinId":9,"status":"no_data","color":"#94a3b8","radius":7}},{"type":"Feature","id":"496","geometry":{"type":"Point","coordinates":[32.375560000000064,36.28889000000004]},"properties":{"OBJECTID":496,"IstNo":12017039,"SuAdi":"GÖKÇELER D.","IstAdi":"GAZİPAŞA","BolgeNo":13,"ILKODU":7,"ILCEKODU":1337,"HAVZA_ID":17,"entityId":"496","entityType":"lakeStations","id":"496","name":"GAZİPAŞA","stationId":12017039,"basinId":17,"status":"no_data","color":"#94a3b8","radius":7}},{"type":"Feature","id":"497","geometry":{"type":"Point","coordinates":[34.25472000000008,36.65333000000004]},"properties":{"OBJECTID":497,"IstNo":12017040,"SuAdi":"ALATA Ç.","IstAdi":"SARILAR","BolgeNo":6,"ILKODU":33,"ILCEKODU":1311,"HAVZA_ID":17,"entityId":"497","entityType":"lakeStations","id":"497","name":"SARILAR","stationId":12017040,"basinId":17,"status":"no_data","color":"#94a3b8","radius":7}},{"type":"Feature","id":"498","geometry":{"type":"Point","coordinates":[34.22611000000006,36.57583000000005]},"properties":{"OBJECTID":498,"IstNo":12017049,"SuAdi":"LAMAS Ç.","IstAdi":"LİMONLU","BolgeNo":6,"ILKODU":33,"ILCEKODU":1311,"HAVZA_ID":17,"entityId":"498","entityType":"lakeStations","id":"498","name":"LİMONLU","stationId":12017049,"basinId":17,"status":"no_data","color":"#94a3b8","radius":7}},{"type":"Feature","id":"499","geometry":{"type":"Point","coordinates":[33.441940000000045,36.714440000000025]},"properties":{"OBJECTID":499,"IstNo":12017051,"SuAdi":"PİRİNÇ S.","IstAdi":"GENÇALİ","BolgeNo":6,"ILKODU":33,"ILCEKODU":1536,"HAVZA_ID":17,"entityId":"499","entityType":"lakeStations","id":"499","name":"GENÇALİ","stationId":12017051,"basinId":17,"status":"no_data","color":"#94a3b8","radius":7}},{"type":"Feature","id":"500","geometry":{"type":"Point","coordinates":[33.645560000000046,36.441940000000045]},"properties":{"OBJECTID":500,"IstNo":12017053,"SuAdi":"GÖKSU N.","IstAdi":"KARGICAK","BolgeNo":6,"ILKODU":33,"ILCEKODU":1621,"HAVZA_ID":17,"entityId":"500","entityType":"lakeStations","id":"500","name":"KARGICAK","stationId":12017053,"basinId":17,"status":"no_data","color":"#94a3b8","radius":7}},{"type":"Feature","id":"501","geometry":{"type":"Point","coordinates":[34.32361000000003,36.741940000000056]},"properties":{"OBJECTID":501,"IstNo":12017055,"SuAdi":"KARAKIZ DERESİ","IstAdi":"TÖMÜK","BolgeNo":6,"ILKODU":33,"ILCEKODU":1311,"HAVZA_ID":17,"entityId":"501","entityType":"lakeStations","id":"501","name":"TÖMÜK","stationId":12017055,"basinId":17,"status":"no_data","color":"#94a3b8","radius":7}},{"type":"Feature","id":"502","geometry":{"type":"Point","coordinates":[32.60278000000005,36.15861000000007]},"properties":{"OBJECTID":502,"IstNo":12017056,"SuAdi":"KALADIRAN Ç.","IstAdi":"ANITLI","BolgeNo":6,"ILKODU":33,"ILCEKODU":1135,"HAVZA_ID":17,"entityId":"502","entityType":"lakeStations","id":"502","name":"ANITLI","stationId":12017056,"basinId":17,"status":"no_data","color":"#94a3b8","radius":7}},{"type":"Feature","id":"503","geometry":{"type":"Point","coordinates":[34.398330000000044,36.77111000000008]},"properties":{"OBJECTID":503,"IstNo":12017060,"SuAdi":"SANDAL D.","IstAdi":"DOĞUSANDAL","BolgeNo":6,"ILKODU":33,"ILCEKODU":2065,"HAVZA_ID":17,"entityId":"503","entityType":"lakeStations","id":"503","name":"DOĞUSANDAL","stationId":12017060,"basinId":17,"status":"no_data","color":"#94a3b8","radius":7}},{"type":"Feature","id":"504","geometry":{"type":"Point","coordinates":[34.398330000000044,36.77111000000008]},"properties":{"OBJECTID":504,"IstNo":12017060,"SuAdi":"SANDAL DERESİ","IstAdi":"DOĞUSANDAL","BolgeNo":6,"ILKODU":33,"ILCEKODU":2065,"HAVZA_ID":17,"entityId":"504","entityType":"lakeStations","id":"504","name":"DOĞUSANDAL","stationId":12017060,"basinId":17,"status":"no_data","color":"#94a3b8","radius":7}},{"type":"Feature","id":"505","geometry":{"type":"Point","coordinates":[34.961110000000076,36.95139000000006]},"properties":{"OBJECTID":505,"IstNo":12017061,"SuAdi":"KUSUN DERESİ","IstAdi":"YUNUSOĞLU","BolgeNo":6,"ILKODU":33,"ILCEKODU":1665,"HAVZA_ID":17,"entityId":"505","entityType":"lakeStations","id":"505","name":"YUNUSOĞLU","stationId":12017061,"basinId":17,"status":"no_data","color":"#94a3b8","radius":7}},{"type":"Feature","id":"506","geometry":{"type":"Point","coordinates":[32.63306000000006,36.863330000000076]},"properties":{"OBJECTID":506,"IstNo":12017062,"SuAdi":"AVŞAR BARAJ GİRİŞİ","IstAdi":"ÇETMİ DERESİ","BolgeNo":4,"ILKODU":42,"ILCEKODU":1848,"HAVZA_ID":17,"entityId":"506","entityType":"lakeStations","id":"506","name":"ÇETMİ DERESİ","stationId":12017062,"basinId":17,"status":"no_data","color":"#94a3b8","radius":7}},{"type":"Feature","id":"507","geometry":{"type":"Point","coordinates":[34.861950000000036,37.470830000000035]},"properties":{"OBJECTID":507,"IstNo":12018006,"SuAdi":"ÇAKIT S.","IstAdi":"ŞEKERPINARI","BolgeNo":6,"ILKODU":1,"ILCEKODU":1580,"HAVZA_ID":18,"entityId":"507","entityType":"lakeStations","id":"507","name":"ŞEKERPINARI","stationId":12018006,"basinId":18,"status":"no_data","color":"#94a3b8","radius":7}},{"type":"Feature","id":"508","geometry":{"type":"Point","coordinates":[36.07889000000006,38.83111000000008]},"properties":{"OBJECTID":508,"IstNo":12018008,"SuAdi":"TACİN SUYU","IstAdi":"TACİN","BolgeNo":12,"ILKODU":38,"ILCEKODU":1218,"HAVZA_ID":18,"entityId":"508","entityType":"lakeStations","id":"508","name":"TACİN","stationId":12018008,"basinId":18,"status":"no_data","color":"#94a3b8","radius":7}},{"type":"Feature","id":"509","geometry":{"type":"Point","coordinates":[34.95694000000003,37.55000000000007]},"properties":{"OBJECTID":509,"IstNo":12018012,"SuAdi":"KÖRKÜN S.","IstAdi":"KAMIŞLI","BolgeNo":6,"ILKODU":1,"ILCEKODU":1580,"HAVZA_ID":18,"entityId":"509","entityType":"lakeStations","id":"509","name":"KAMIŞLI","stationId":12018012,"basinId":18,"status":"no_data","color":"#94a3b8","radius":7}},{"type":"Feature","id":"510","geometry":{"type":"Point","coordinates":[36.480000000000075,38.452780000000075]},"properties":{"OBJECTID":510,"IstNo":12018017,"SuAdi":"SARIZ S.","IstAdi":"DARIDERE","BolgeNo":12,"ILKODU":38,"ILCEKODU":1605,"HAVZA_ID":18,"entityId":"510","entityType":"lakeStations","id":"510","name":"DARIDERE","stationId":12018017,"basinId":18,"status":"no_data","color":"#94a3b8","radius":7}},{"type":"Feature","id":"511","geometry":{"type":"Point","coordinates":[35.58055000000007,37.78917000000007]},"properties":{"OBJECTID":511,"IstNo":12018018,"SuAdi":"İNDERESİ","IstAdi":"HASAN ÇAVUSLAR","BolgeNo":6,"ILKODU":1,"ILCEKODU":1486,"HAVZA_ID":18,"entityId":"511","entityType":"lakeStations","id":"511","name":"HASAN ÇAVUSLAR","stationId":12018018,"basinId":18,"status":"no_data","color":"#94a3b8","radius":7}},{"type":"Feature","id":"512","geometry":{"type":"Point","coordinates":[35.89139000000006,37.831390000000056]},"properties":{"OBJECTID":512,"IstNo":12018019,"SuAdi":"ASMACA Ç.","IstAdi":"FEKE","BolgeNo":6,"ILKODU":1,"ILCEKODU":1329,"HAVZA_ID":18,"entityId":"512","entityType":"lakeStations","id":"512","name":"FEKE","stationId":12018019,"basinId":18,"status":"no_data","color":"#94a3b8","radius":7}},{"type":"Feature","id":"513","geometry":{"type":"Point","coordinates":[35.39444000000003,37.76972000000006]},"properties":{"OBJECTID":513,"IstNo":12018021,"SuAdi":"KAPUZ D.","IstAdi":"KAPUZ","BolgeNo":12,"ILKODU":38,"ILCEKODU":1715,"HAVZA_ID":18,"entityId":"513","entityType":"lakeStations","id":"513","name":"KAPUZ","stationId":12018021,"basinId":18,"status":"no_data","color":"#94a3b8","radius":7}},{"type":"Feature","id":"514","geometry":{"type":"Point","coordinates":[35.206110000000024,37.56778000000003]},"properties":{"OBJECTID":514,"IstNo":12018022,"SuAdi":"AKSU Ç.","IstAdi":"B.SOFULU","BolgeNo":6,"ILKODU":1,"ILCEKODU":1757,"HAVZA_ID":18,"entityId":"514","entityType":"lakeStations","id":"514","name":"B.SOFULU","stationId":12018022,"basinId":18,"status":"no_data","color":"#94a3b8","radius":7}},{"type":"Feature","id":"515","geometry":{"type":"Point","coordinates":[35.01556000000005,37.772500000000036]},"properties":{"OBJECTID":515,"IstNo":12018027,"SuAdi":"ECEMİŞ Ç.","IstAdi":"ELEKGÖLÜ","BolgeNo":4,"ILKODU":51,"ILCEKODU":1225,"HAVZA_ID":18,"entityId":"515","entityType":"lakeStations","id":"515","name":"ELEKGÖLÜ","stationId":12018027,"basinId":18,"status":"no_data","color":"#94a3b8","radius":7}},{"type":"Feature","id":"516","geometry":{"type":"Point","coordinates":[35.049720000000036,37.83667000000003]},"properties":{"OBJECTID":516,"IstNo":12018028,"SuAdi":"ECEMİŞ Ç.","IstAdi":"ÇUKURBAĞ","BolgeNo":4,"ILKODU":51,"ILCEKODU":1225,"HAVZA_ID":18,"entityId":"516","entityType":"lakeStations","id":"516","name":"ÇUKURBAĞ","stationId":12018028,"basinId":18,"status":"no_data","color":"#94a3b8","radius":7}},{"type":"Feature","id":"517","geometry":{"type":"Point","coordinates":[36.32389000000006,38.33167000000003]},"properties":{"OBJECTID":517,"IstNo":12018032,"SuAdi":"SARIZ D.","IstAdi":"ŞARKÖY","BolgeNo":6,"ILKODU":1,"ILCEKODU":1687,"HAVZA_ID":18,"entityId":"517","entityType":"lakeStations","id":"517","name":"ŞARKÖY","stationId":12018032,"basinId":18,"status":"no_data","color":"#94a3b8","radius":7}},{"type":"Feature","id":"518","geometry":{"type":"Point","coordinates":[35.063060000000064,36.78472000000005]},"properties":{"OBJECTID":518,"IstNo":12018045,"SuAdi":"SEYHAN N.","IstAdi":"TUZLA","BolgeNo":6,"ILKODU":1,"ILCEKODU":1443,"HAVZA_ID":18,"entityId":"518","entityType":"lakeStations","id":"518","name":"TUZLA","stationId":12018045,"basinId":18,"status":"no_data","color":"#94a3b8","radius":7}},{"type":"Feature","id":"519","geometry":{"type":"Point","coordinates":[35.15417000000008,37.552220000000034]},"properties":{"OBJECTID":519,"IstNo":12018051,"SuAdi":"EĞNİ Ç.","IstAdi":"BÜYÜK SOFULU","BolgeNo":6,"ILKODU":1,"ILCEKODU":1757,"HAVZA_ID":18,"entityId":"519","entityType":"lakeStations","id":"519","name":"BÜYÜK SOFULU","stationId":12018051,"basinId":18,"status":"no_data","color":"#94a3b8","radius":7}},{"type":"Feature","id":"520","geometry":{"type":"Point","coordinates":[35.220830000000035,37.32000000000005]},"properties":{"OBJECTID":520,"IstNo":12018054,"SuAdi":"EĞLENCE Ç.","IstAdi":"ARMUTLU","BolgeNo":6,"ILKODU":1,"ILCEKODU":1437,"HAVZA_ID":18,"entityId":"520","entityType":"lakeStations","id":"520","name":"ARMUTLU","stationId":12018054,"basinId":18,"status":"no_data","color":"#94a3b8","radius":7}},{"type":"Feature","id":"521","geometry":{"type":"Point","coordinates":[36.45694000000003,38.77417000000003]},"properties":{"OBJECTID":521,"IstNo":12018055,"SuAdi":"ZAMANTI I.","IstAdi":"KARABOĞAZ KÖP.","BolgeNo":12,"ILKODU":38,"ILCEKODU":1576,"HAVZA_ID":18,"entityId":"521","entityType":"lakeStations","id":"521","name":"KARABOĞAZ KÖP.","stationId":12018055,"basinId":18,"status":"no_data","color":"#94a3b8","radius":7}},{"type":"Feature","id":"522","geometry":{"type":"Point","coordinates":[35.79694000000006,38.17805000000004]},"properties":{"OBJECTID":522,"IstNo":12018057,"SuAdi":"HOMURLU D.","IstAdi":"KÜNYE KÖPRÜSÜ","BolgeNo":12,"ILKODU":38,"ILCEKODU":1275,"HAVZA_ID":18,"entityId":"522","entityType":"lakeStations","id":"522","name":"KÜNYE KÖPRÜSÜ","stationId":12018057,"basinId":18,"status":"no_data","color":"#94a3b8","radius":7}},{"type":"Feature","id":"523","geometry":{"type":"Point","coordinates":[35.79694000000006,38.17805000000004]},"properties":{"OBJECTID":523,"IstNo":12018057,"SuAdi":"HOMURLU DERE","IstAdi":"KÜNYE KÖPRÜSÜ","BolgeNo":12,"ILKODU":38,"ILCEKODU":1275,"HAVZA_ID":18,"entityId":"523","entityType":"lakeStations","id":"523","name":"KÜNYE KÖPRÜSÜ","stationId":12018057,"basinId":18,"status":"no_data","color":"#94a3b8","radius":7}},{"type":"Feature","id":"524","geometry":{"type":"Point","coordinates":[35.84306000000004,38.213610000000074]},"properties":{"OBJECTID":524,"IstNo":12018058,"SuAdi":"ZAMANTI N.","IstAdi":"EŞELİK KÖPRÜSÜ","BolgeNo":12,"ILKODU":38,"ILCEKODU":1275,"HAVZA_ID":18,"entityId":"524","entityType":"lakeStations","id":"524","name":"EŞELİK KÖPRÜSÜ","stationId":12018058,"basinId":18,"status":"no_data","color":"#94a3b8","radius":7}},{"type":"Feature","id":"525","geometry":{"type":"Point","coordinates":[35.84306000000004,38.213610000000074]},"properties":{"OBJECTID":525,"IstNo":12018058,"SuAdi":"ZAMANTI NEHRİ","IstAdi":"EŞELİK KÖPRÜSÜ","BolgeNo":12,"ILKODU":38,"ILCEKODU":1275,"HAVZA_ID":18,"entityId":"525","entityType":"lakeStations","id":"525","name":"EŞELİK KÖPRÜSÜ","stationId":12018058,"basinId":18,"status":"no_data","color":"#94a3b8","radius":7}},{"type":"Feature","id":"526","geometry":{"type":"Point","coordinates":[36.98195000000004,36.80750000000006]},"properties":{"OBJECTID":526,"IstNo":12019006,"SuAdi":"AFRİN S.","IstAdi":"AFRİN KÖP.","BolgeNo":20,"ILKODU":79,"ILCEKODU":1476,"HAVZA_ID":19,"entityId":"526","entityType":"lakeStations","id":"526","name":"AFRİN KÖP.","stationId":12019006,"basinId":19,"status":"no_data","color":"#94a3b8","radius":7}},{"type":"Feature","id":"527","geometry":{"type":"Point","coordinates":[36.00389000000007,36.07750000000004]},"properties":{"OBJECTID":527,"IstNo":12019009,"SuAdi":"ASİ N.","IstAdi":"ÇÖĞÜRLÜ","BolgeNo":6,"ILKODU":31,"ILCEKODU":1591,"HAVZA_ID":19,"entityId":"527","entityType":"lakeStations","id":"527","name":"ÇÖĞÜRLÜ","stationId":12019009,"basinId":19,"status":"no_data","color":"#94a3b8","radius":7}},{"type":"Feature","id":"528","geometry":{"type":"Point","coordinates":[36.018890000000056,36.43778000000003]},"properties":{"OBJECTID":528,"IstNo":12019016,"SuAdi":"GÖNEN Ç.","IstAdi":"ADA MAHALLESİ","BolgeNo":6,"ILKODU":31,"ILCEKODU":2081,"HAVZA_ID":19,"entityId":"528","entityType":"lakeStations","id":"528","name":"ADA MAHALLESİ","stationId":12019016,"basinId":19,"status":"no_data","color":"#94a3b8","radius":7}},{"type":"Feature","id":"529","geometry":{"type":"Point","coordinates":[36.89695000000006,36.81556000000006]},"properties":{"OBJECTID":529,"IstNo":12019019,"SuAdi":"SABUN S.","IstAdi":"GÜNEŞLİ","BolgeNo":20,"ILKODU":79,"ILCEKODU":1476,"HAVZA_ID":19,"entityId":"529","entityType":"lakeStations","id":"529","name":"GÜNEŞLİ","stationId":12019019,"basinId":19,"status":"no_data","color":"#94a3b8","radius":7}},{"type":"Feature","id":"530","geometry":{"type":"Point","coordinates":[35.94028000000003,36.37500000000006]},"properties":{"OBJECTID":530,"IstNo":12019023,"SuAdi":"H.AHMETLİ D.","IstAdi":"H.AHMETLİ","BolgeNo":6,"ILKODU":31,"ILCEKODU":2081,"HAVZA_ID":19,"entityId":"530","entityType":"lakeStations","id":"530","name":"H.AHMETLİ","stationId":12019023,"basinId":19,"status":"no_data","color":"#94a3b8","radius":7}},{"type":"Feature","id":"531","geometry":{"type":"Point","coordinates":[36.208060000000046,36.27278000000007]},"properties":{"OBJECTID":531,"IstNo":12019026,"SuAdi":"KÜÇÜK ASİ N.","IstAdi":"HASANLI KÖP.","BolgeNo":6,"ILKODU":31,"ILCEKODU":2080,"HAVZA_ID":19,"entityId":"531","entityType":"lakeStations","id":"531","name":"HASANLI KÖP.","stationId":12019026,"basinId":19,"status":"no_data","color":"#94a3b8","radius":7}},{"type":"Feature","id":"532","geometry":{"type":"Point","coordinates":[36.38833000000005,36.22139000000004]},"properties":{"OBJECTID":532,"IstNo":12019030,"SuAdi":"ASİ N.","IstAdi":"EŞREFİYE KARAKOLU","BolgeNo":6,"ILKODU":31,"ILCEKODU":1585,"HAVZA_ID":19,"entityId":"532","entityType":"lakeStations","id":"532","name":"EŞREFİYE KARAKOLU","stationId":12019030,"basinId":19,"status":"no_data","color":"#94a3b8","radius":7}},{"type":"Feature","id":"533","geometry":{"type":"Point","coordinates":[36.57361000000003,36.66056000000003]},"properties":{"OBJECTID":533,"IstNo":12019031,"SuAdi":"KARASU N.","IstAdi":"KALETEPE","BolgeNo":6,"ILKODU":31,"ILCEKODU":1468,"HAVZA_ID":19,"entityId":"533","entityType":"lakeStations","id":"533","name":"KALETEPE","stationId":12019031,"basinId":19,"status":"no_data","color":"#94a3b8","radius":7}},{"type":"Feature","id":"534","geometry":{"type":"Point","coordinates":[35.98250000000007,36.21556000000004]},"properties":{"OBJECTID":534,"IstNo":12019036,"SuAdi":"SELDİREN D.","IstAdi":"YENİKÖY","BolgeNo":6,"ILKODU":31,"ILCEKODU":1591,"HAVZA_ID":19,"entityId":"534","entityType":"lakeStations","id":"534","name":"YENİKÖY","stationId":12019036,"basinId":19,"status":"no_data","color":"#94a3b8","radius":7}},{"type":"Feature","id":"535","geometry":{"type":"Point","coordinates":[36.695280000000025,36.980000000000075]},"properties":{"OBJECTID":535,"IstNo":12019037,"SuAdi":"KARASU","IstAdi":"ALİKURTOBASI","BolgeNo":6,"ILKODU":31,"ILCEKODU":1415,"HAVZA_ID":19,"entityId":"535","entityType":"lakeStations","id":"535","name":"ALİKURTOBASI","stationId":12019037,"basinId":19,"status":"no_data","color":"#94a3b8","radius":7}},{"type":"Feature","id":"536","geometry":{"type":"Point","coordinates":[36.60722000000004,36.32639000000006]},"properties":{"OBJECTID":536,"IstNo":12019038,"SuAdi":"AFRİN ÇAYI","IstAdi":"DAVUTPAŞA","BolgeNo":6,"ILKODU":31,"ILCEKODU":1585,"HAVZA_ID":19,"entityId":"536","entityType":"lakeStations","id":"536","name":"DAVUTPAŞA","stationId":12019038,"basinId":19,"status":"no_data","color":"#94a3b8","radius":7}},{"type":"Feature","id":"537","geometry":{"type":"Point","coordinates":[37.44778000000008,37.70722000000006]},"properties":{"OBJECTID":537,"IstNo":12020002,"SuAdi":"AKSU Ç.","IstAdi":"BAŞPINAR","BolgeNo":20,"ILKODU":46,"ILCEKODU":1785,"HAVZA_ID":20,"entityId":"537","entityType":"lakeStations","id":"537","name":"BAŞPINAR","stationId":12020002,"basinId":20,"status":"no_data","color":"#94a3b8","radius":7}},{"type":"Feature","id":"538","geometry":{"type":"Point","coordinates":[36.33667000000003,37.09945000000005]},"properties":{"OBJECTID":538,"IstNo":12020005,"SuAdi":"YARPUZ Ç.","IstAdi":"ÇONA","BolgeNo":6,"ILKODU":80,"ILCEKODU":1560,"HAVZA_ID":20,"entityId":"538","entityType":"lakeStations","id":"538","name":"ÇONA","stationId":12020005,"basinId":20,"status":"no_data","color":"#94a3b8","radius":7}},{"type":"Feature","id":"539","geometry":{"type":"Point","coordinates":[36.28028000000006,37.04833000000008]},"properties":{"OBJECTID":539,"IstNo":12020008,"SuAdi":"KARAÇAY","IstAdi":"OSMANİYE","BolgeNo":6,"ILKODU":80,"ILCEKODU":1560,"HAVZA_ID":20,"entityId":"539","entityType":"lakeStations","id":"539","name":"OSMANİYE","stationId":12020008,"basinId":20,"status":"no_data","color":"#94a3b8","radius":7}},{"type":"Feature","id":"540","geometry":{"type":"Point","coordinates":[36.48472000000004,37.179160000000024]},"properties":{"OBJECTID":540,"IstNo":12020010,"SuAdi":"HUMUS S.","IstAdi":"ARIKLIKAŞ","BolgeNo":6,"ILKODU":80,"ILCEKODU":1165,"HAVZA_ID":20,"entityId":"540","entityType":"lakeStations","id":"540","name":"ARIKLIKAŞ","stationId":12020010,"basinId":20,"status":"no_data","color":"#94a3b8","radius":7}},{"type":"Feature","id":"541","geometry":{"type":"Point","coordinates":[36.53111000000007,38.09722000000005]},"properties":{"OBJECTID":541,"IstNo":12020016,"SuAdi":"KÖMÜR S.","IstAdi":"ALIŞLIBUCAK","BolgeNo":20,"ILKODU":46,"ILCEKODU":1353,"HAVZA_ID":20,"entityId":"541","entityType":"lakeStations","id":"541","name":"ALIŞLIBUCAK","stationId":12020016,"basinId":20,"status":"no_data","color":"#94a3b8","radius":7}},{"type":"Feature","id":"542","geometry":{"type":"Point","coordinates":[36.08341000000007,37.19520000000006]},"properties":{"OBJECTID":542,"IstNo":12020024,"SuAdi":"CEYHAN N.","IstAdi":"HEMİTE KÖP.","BolgeNo":6,"ILKODU":80,"ILCEKODU":1560,"HAVZA_ID":20,"entityId":"542","entityType":"lakeStations","id":"542","name":"HEMİTE KÖP.","stationId":12020024,"basinId":20,"status":"no_data","color":"#94a3b8","radius":7}},{"type":"Feature","id":"543","geometry":{"type":"Point","coordinates":[36.488060000000075,37.72805000000005]},"properties":{"OBJECTID":543,"IstNo":12020036,"SuAdi":"KÖRSULU D.","IstAdi":"SİSNE","BolgeNo":20,"ILKODU":46,"ILCEKODU":1136,"HAVZA_ID":20,"entityId":"543","entityType":"lakeStations","id":"543","name":"SİSNE","stationId":12020036,"basinId":20,"status":"no_data","color":"#94a3b8","radius":7}},{"type":"Feature","id":"544","geometry":{"type":"Point","coordinates":[36.87778000000003,37.13445000000007]},"properties":{"OBJECTID":544,"IstNo":12020040,"SuAdi":"İÇERİ S.","IstAdi":"BALLIKAYA","BolgeNo":20,"ILKODU":27,"ILCEKODU":1974,"HAVZA_ID":20,"entityId":"544","entityType":"lakeStations","id":"544","name":"BALLIKAYA","stationId":12020040,"basinId":20,"status":"no_data","color":"#94a3b8","radius":7}},{"type":"Feature","id":"545","geometry":{"type":"Point","coordinates":[36.00361000000004,37.558610000000044]},"properties":{"OBJECTID":545,"IstNo":12020043,"SuAdi":"KESİK S.","IstAdi":"TAŞKÖPRÜ","BolgeNo":6,"ILKODU":80,"ILCEKODU":2028,"HAVZA_ID":20,"entityId":"545","entityType":"lakeStations","id":"545","name":"TAŞKÖPRÜ","stationId":12020043,"basinId":20,"status":"no_data","color":"#94a3b8","radius":7}},{"type":"Feature","id":"546","geometry":{"type":"Point","coordinates":[35.836110000000076,37.555000000000064]},"properties":{"OBJECTID":546,"IstNo":12020044,"SuAdi":"DALACAK D.","IstAdi":"DAĞLICAK","BolgeNo":6,"ILKODU":1,"ILCEKODU":1486,"HAVZA_ID":20,"entityId":"546","entityType":"lakeStations","id":"546","name":"DAĞLICAK","stationId":12020044,"basinId":20,"status":"no_data","color":"#94a3b8","radius":7}},{"type":"Feature","id":"547","geometry":{"type":"Point","coordinates":[36.25195000000008,37.47333000000003]},"properties":{"OBJECTID":547,"IstNo":12020046,"SuAdi":"KEŞİŞ S.","IstAdi":"SARIDANIŞMANLI","BolgeNo":6,"ILKODU":80,"ILCEKODU":1423,"HAVZA_ID":20,"entityId":"547","entityType":"lakeStations","id":"547","name":"SARIDANIŞMANLI","stationId":12020046,"basinId":20,"status":"no_data","color":"#94a3b8","radius":7}},{"type":"Feature","id":"548","geometry":{"type":"Point","coordinates":[36.69584000000003,37.75917000000004]},"properties":{"OBJECTID":548,"IstNo":12020053,"SuAdi":"FIRNIZ D.","IstAdi":"KABAKTEPE","BolgeNo":20,"ILKODU":46,"ILCEKODU":2085,"HAVZA_ID":20,"entityId":"548","entityType":"lakeStations","id":"548","name":"KABAKTEPE","stationId":12020053,"basinId":20,"status":"no_data","color":"#94a3b8","radius":7}},{"type":"Feature","id":"549","geometry":{"type":"Point","coordinates":[37.04083000000003,37.728890000000035]},"properties":{"OBJECTID":549,"IstNo":12020056,"SuAdi":"BERTİZ Ç.","IstAdi":"HİMMETLİ","BolgeNo":20,"ILKODU":46,"ILCEKODU":2084,"HAVZA_ID":20,"entityId":"549","entityType":"lakeStations","id":"549","name":"HİMMETLİ","stationId":12020056,"basinId":20,"status":"no_data","color":"#94a3b8","radius":7}},{"type":"Feature","id":"550","geometry":{"type":"Point","coordinates":[36.28278000000006,37.65805000000006]},"properties":{"OBJECTID":550,"IstNo":12020058,"SuAdi":"TAHTA S.","IstAdi":"CANBAZKÖY","BolgeNo":20,"ILKODU":46,"ILCEKODU":1136,"HAVZA_ID":20,"entityId":"550","entityType":"lakeStations","id":"550","name":"CANBAZKÖY","stationId":12020058,"basinId":20,"status":"no_data","color":"#94a3b8","radius":7}},{"type":"Feature","id":"551","geometry":{"type":"Point","coordinates":[36.312220000000025,37.58722000000006]},"properties":{"OBJECTID":551,"IstNo":12020059,"SuAdi":"KEŞİŞ D.","IstAdi":"KELEŞLİ","BolgeNo":20,"ILKODU":46,"ILCEKODU":1136,"HAVZA_ID":20,"entityId":"551","entityType":"lakeStations","id":"551","name":"KELEŞLİ","stationId":12020059,"basinId":20,"status":"no_data","color":"#94a3b8","radius":7}},{"type":"Feature","id":"552","geometry":{"type":"Point","coordinates":[37.375560000000064,37.63139000000007]},"properties":{"OBJECTID":552,"IstNo":12020060,"SuAdi":"KISIK D.","IstAdi":"KISIK","BolgeNo":20,"ILKODU":46,"ILCEKODU":1570,"HAVZA_ID":20,"entityId":"552","entityType":"lakeStations","id":"552","name":"KISIK","stationId":12020060,"basinId":20,"status":"no_data","color":"#94a3b8","radius":7}},{"type":"Feature","id":"553","geometry":{"type":"Point","coordinates":[36.803330000000074,37.47750000000008]},"properties":{"OBJECTID":553,"IstNo":12020063,"SuAdi":"ORCAN Ç.","IstAdi":"JANDARMALAR","BolgeNo":20,"ILKODU":46,"ILCEKODU":1694,"HAVZA_ID":20,"entityId":"553","entityType":"lakeStations","id":"553","name":"JANDARMALAR","stationId":12020063,"basinId":20,"status":"no_data","color":"#94a3b8","radius":7}},{"type":"Feature","id":"554","geometry":{"type":"Point","coordinates":[37.61167000000006,38.15889000000004]},"properties":{"OBJECTID":554,"IstNo":12020066,"SuAdi":"SÖĞÜTLÜ Ç.","IstAdi":"KARAHASAN UŞAĞI","BolgeNo":20,"ILKODU":46,"ILCEKODU":1299,"HAVZA_ID":20,"entityId":"554","entityType":"lakeStations","id":"554","name":"KARAHASAN UŞAĞI","stationId":12020066,"basinId":20,"status":"no_data","color":"#94a3b8","radius":7}},{"type":"Feature","id":"555","geometry":{"type":"Point","coordinates":[36.390280000000075,37.76000000000005]},"properties":{"OBJECTID":555,"IstNo":12020069,"SuAdi":"KARAPINAR D.","IstAdi":"GEBEN","BolgeNo":20,"ILKODU":46,"ILCEKODU":1136,"HAVZA_ID":20,"entityId":"555","entityType":"lakeStations","id":"555","name":"GEBEN","stationId":12020069,"basinId":20,"status":"no_data","color":"#94a3b8","radius":7}},{"type":"Feature","id":"556","geometry":{"type":"Point","coordinates":[36.63306000000006,37.87500000000006]},"properties":{"OBJECTID":556,"IstNo":12020074,"SuAdi":"TEKİR D.","IstAdi":"ALİŞAR","BolgeNo":20,"ILKODU":46,"ILCEKODU":2085,"HAVZA_ID":20,"entityId":"556","entityType":"lakeStations","id":"556","name":"ALİŞAR","stationId":12020074,"basinId":20,"status":"no_data","color":"#94a3b8","radius":7}},{"type":"Feature","id":"557","geometry":{"type":"Point","coordinates":[36.375560000000064,37.51778000000007]},"properties":{"OBJECTID":557,"IstNo":12020077,"SuAdi":"ÇATAK DERESİ","IstAdi":"ÇATAK","BolgeNo":20,"ILKODU":46,"ILCEKODU":1136,"HAVZA_ID":20,"entityId":"557","entityType":"lakeStations","id":"557","name":"ÇATAK","stationId":12020077,"basinId":20,"status":"no_data","color":"#94a3b8","radius":7}},{"type":"Feature","id":"558","geometry":{"type":"Point","coordinates":[36.635560000000055,38.043330000000026]},"properties":{"OBJECTID":558,"IstNo":12020078,"SuAdi":"SALYAN D.","IstAdi":"SALYAN","BolgeNo":20,"ILKODU":46,"ILCEKODU":1353,"HAVZA_ID":20,"entityId":"558","entityType":"lakeStations","id":"558","name":"SALYAN","stationId":12020078,"basinId":20,"status":"no_data","color":"#94a3b8","radius":7}},{"type":"Feature","id":"559","geometry":{"type":"Point","coordinates":[36.68417000000005,37.79639000000003]},"properties":{"OBJECTID":559,"IstNo":12020080,"SuAdi":"TANIR D.","IstAdi":"ŞAHİNKAYASI","BolgeNo":20,"ILKODU":46,"ILCEKODU":2085,"HAVZA_ID":20,"entityId":"559","entityType":"lakeStations","id":"559","name":"ŞAHİNKAYASI","stationId":12020080,"basinId":20,"status":"no_data","color":"#94a3b8","radius":7}},{"type":"Feature","id":"560","geometry":{"type":"Point","coordinates":[37.45694000000003,37.65972000000005]},"properties":{"OBJECTID":560,"IstNo":12020081,"SuAdi":"AKSU Ç.","IstAdi":"SÖĞÜTLÜ","BolgeNo":20,"ILKODU":46,"ILCEKODU":1570,"HAVZA_ID":20,"entityId":"560","entityType":"lakeStations","id":"560","name":"SÖĞÜTLÜ","stationId":12020081,"basinId":20,"status":"no_data","color":"#94a3b8","radius":7}},{"type":"Feature","id":"561","geometry":{"type":"Point","coordinates":[41.385560000000055,40.10806000000008]},"properties":{"OBJECTID":561,"IstNo":12021001,"SuAdi":"KARASU","IstAdi":"KIRKGÖZE","BolgeNo":8,"ILKODU":25,"ILCEKODU":2045,"HAVZA_ID":21,"entityId":"561","entityType":"lakeStations","id":"561","name":"KIRKGÖZE","stationId":12021001,"basinId":21,"status":"no_data","color":"#94a3b8","radius":7}},{"type":"Feature","id":"562","geometry":{"type":"Point","coordinates":[43.66527000000008,39.53952000000004]},"properties":{"OBJECTID":562,"IstNo":12021004,"SuAdi":"MURAT N.","IstAdi":"DİYADİN","BolgeNo":8,"ILKODU":4,"ILCEKODU":1283,"HAVZA_ID":21,"entityId":"562","entityType":"lakeStations","id":"562","name":"DİYADİN","stationId":12021004,"basinId":21,"status":"no_data","color":"#94a3b8","radius":7}},{"type":"Feature","id":"563","geometry":{"type":"Point","coordinates":[39.71806000000004,39.587500000000034]},"properties":{"OBJECTID":563,"IstNo":12021040,"SuAdi":"AKPINAR D.","IstAdi":"GİRLEVİK","BolgeNo":8,"ILKODU":24,"ILCEKODU":1318,"HAVZA_ID":21,"entityId":"563","entityType":"lakeStations","id":"563","name":"GİRLEVİK","stationId":12021040,"basinId":21,"status":"no_data","color":"#94a3b8","radius":7}},{"type":"Feature","id":"564","geometry":{"type":"Point","coordinates":[40.99317000000008,40.112900000000025]},"properties":{"OBJECTID":564,"IstNo":12021052,"SuAdi":"SERÇEME D.","IstAdi":"EĞERTİ","BolgeNo":8,"ILKODU":25,"ILCEKODU":1945,"HAVZA_ID":21,"entityId":"564","entityType":"lakeStations","id":"564","name":"EĞERTİ","stationId":12021052,"basinId":21,"status":"no_data","color":"#94a3b8","radius":7}},{"type":"Feature","id":"565","geometry":{"type":"Point","coordinates":[38.06083000000007,38.337780000000066]},"properties":{"OBJECTID":565,"IstNo":12021096,"SuAdi":"SULTAN S.","IstAdi":"HARA","BolgeNo":9,"ILKODU":44,"ILCEKODU":1114,"HAVZA_ID":21,"entityId":"565","entityType":"lakeStations","id":"565","name":"HARA","stationId":12021096,"basinId":21,"status":"no_data","color":"#94a3b8","radius":7}},{"type":"Feature","id":"566","geometry":{"type":"Point","coordinates":[38.58278000000007,38.365830000000074]},"properties":{"OBJECTID":566,"IstNo":12021121,"SuAdi":"MAMİKAN D.","IstAdi":"KAPIKAYA","BolgeNo":9,"ILKODU":44,"ILCEKODU":1772,"HAVZA_ID":21,"entityId":"566","entityType":"lakeStations","id":"566","name":"KAPIKAYA","stationId":12021121,"basinId":21,"status":"no_data","color":"#94a3b8","radius":7}},{"type":"Feature","id":"567","geometry":{"type":"Point","coordinates":[41.12361000000004,39.87500000000006]},"properties":{"OBJECTID":567,"IstNo":12021132,"SuAdi":"PULUR Ç.","IstAdi":"SAKALI KESİK","BolgeNo":8,"ILKODU":25,"ILCEKODU":1945,"HAVZA_ID":21,"entityId":"567","entityType":"lakeStations","id":"567","name":"SAKALI KESİK","stationId":12021132,"basinId":21,"status":"no_data","color":"#94a3b8","radius":7}},{"type":"Feature","id":"568","geometry":{"type":"Point","coordinates":[37.823330000000055,38.50528000000003]},"properties":{"OBJECTID":568,"IstNo":12021134,"SuAdi":"TOHMA S. ","IstAdi":"ÇATALBAHÇE ","BolgeNo":9,"ILKODU":44,"ILCEKODU":1265,"HAVZA_ID":21,"entityId":"568","entityType":"lakeStations","id":"568","name":"ÇATALBAHÇE ","stationId":12021134,"basinId":21,"status":"no_data","color":"#94a3b8","radius":7}},{"type":"Feature","id":"569","geometry":{"type":"Point","coordinates":[39.05750000000006,38.65694000000008]},"properties":{"OBJECTID":569,"IstNo":12021140,"SuAdi":"CİP D.","IstAdi":"CİP BARAJI GİRİŞ","BolgeNo":9,"ILKODU":23,"ILCEKODU":1298,"HAVZA_ID":21,"entityId":"569","entityType":"lakeStations","id":"569","name":"CİP BARAJI GİRİŞ","stationId":12021140,"basinId":21,"status":"no_data","color":"#94a3b8","radius":7}},{"type":"Feature","id":"570","geometry":{"type":"Point","coordinates":[39.01139000000006,36.73417000000006]},"properties":{"OBJECTID":570,"IstNo":12021146,"SuAdi":"CULAP D. + ANA TAHLİYE","IstAdi":"AKÇAKALE ARICAN","BolgeNo":15,"ILKODU":63,"ILCEKODU":1115,"HAVZA_ID":21,"entityId":"570","entityType":"lakeStations","id":"570","name":"AKÇAKALE ARICAN","stationId":12021146,"basinId":21,"status":"no_data","color":"#94a3b8","radius":7}},{"type":"Feature","id":"571","geometry":{"type":"Point","coordinates":[42.28305000000006,39.33111000000008]},"properties":{"OBJECTID":571,"IstNo":12021148,"SuAdi":"HAFTRENK S.","IstAdi":"AKTUZLA","BolgeNo":17,"ILKODU":49,"ILCEKODU":1510,"HAVZA_ID":21,"entityId":"571","entityType":"lakeStations","id":"571","name":"AKTUZLA","stationId":12021148,"basinId":21,"status":"no_data","color":"#94a3b8","radius":7}},{"type":"Feature","id":"572","geometry":{"type":"Point","coordinates":[39.466950000000054,38.16333000000003]},"properties":{"OBJECTID":572,"IstNo":12021157,"SuAdi":"ŞEYHAN. Ç.","IstAdi":"BETON KÖPRÜ.","BolgeNo":10,"ILKODU":21,"ILCEKODU":1249,"HAVZA_ID":21,"entityId":"572","entityType":"lakeStations","id":"572","name":"BETON KÖPRÜ.","stationId":12021157,"basinId":21,"status":"no_data","color":"#94a3b8","radius":7}},{"type":"Feature","id":"573","geometry":{"type":"Point","coordinates":[37.980000000000075,38.741940000000056]},"properties":{"OBJECTID":573,"IstNo":12021159,"SuAdi":"KURUÇAY","IstAdi":"KESİKKÖPRÜ","BolgeNo":9,"ILKODU":44,"ILCEKODU":1390,"HAVZA_ID":21,"entityId":"573","entityType":"lakeStations","id":"573","name":"KESİKKÖPRÜ","stationId":12021159,"basinId":21,"status":"no_data","color":"#94a3b8","radius":7}},{"type":"Feature","id":"574","geometry":{"type":"Point","coordinates":[38.25583000000006,39.00667000000004]},"properties":{"OBJECTID":574,"IstNo":12021161,"SuAdi":"ŞOTİK D.","IstAdi":"YONCALI","BolgeNo":9,"ILKODU":44,"ILCEKODU":1148,"HAVZA_ID":21,"entityId":"574","entityType":"lakeStations","id":"574","name":"YONCALI","stationId":12021161,"basinId":21,"status":"no_data","color":"#94a3b8","radius":7}},{"type":"Feature","id":"575","geometry":{"type":"Point","coordinates":[37.666390000000035,38.70667000000003]},"properties":{"OBJECTID":575,"IstNo":12021162,"SuAdi":"AYVALI TOHMA S.","IstAdi":"GÖYNÜK","BolgeNo":9,"ILKODU":44,"ILCEKODU":1265,"HAVZA_ID":21,"entityId":"575","entityType":"lakeStations","id":"575","name":"GÖYNÜK","stationId":12021162,"basinId":21,"status":"no_data","color":"#94a3b8","radius":7}},{"type":"Feature","id":"576","geometry":{"type":"Point","coordinates":[41.79361000000006,39.25667000000004]},"properties":{"OBJECTID":576,"IstNo":12021169,"SuAdi":"AHİRÇİMEN Ç.","IstAdi":"HALİL ÇAVUŞ","BolgeNo":8,"ILKODU":25,"ILCEKODU":1392,"HAVZA_ID":21,"entityId":"576","entityType":"lakeStations","id":"576","name":"HALİL ÇAVUŞ","stationId":12021169,"basinId":21,"status":"no_data","color":"#94a3b8","radius":7}},{"type":"Feature","id":"577","geometry":{"type":"Point","coordinates":[39.95861000000008,38.67861000000005]},"properties":{"OBJECTID":577,"IstNo":12021179,"SuAdi":"CARO D.","IstAdi":"HAMZABEY BAHÇELERİ","BolgeNo":9,"ILKODU":23,"ILCEKODU":1566,"HAVZA_ID":21,"entityId":"577","entityType":"lakeStations","id":"577","name":"HAMZABEY BAHÇELERİ","stationId":12021179,"basinId":21,"status":"no_data","color":"#94a3b8","radius":7}},{"type":"Feature","id":"578","geometry":{"type":"Point","coordinates":[39.49445000000003,38.45889000000005]},"properties":{"OBJECTID":578,"IstNo":12021180,"SuAdi":"KEYDAN Ç.","IstAdi":"BEHRAMAZ KANALI","BolgeNo":9,"ILKODU":23,"ILCEKODU":1506,"HAVZA_ID":21,"entityId":"578","entityType":"lakeStations","id":"578","name":"BEHRAMAZ KANALI","stationId":12021180,"basinId":21,"status":"no_data","color":"#94a3b8","radius":7}},{"type":"Feature","id":"579","geometry":{"type":"Point","coordinates":[38.40694000000008,39.08528000000007]},"properties":{"OBJECTID":579,"IstNo":12021193,"SuAdi":"KOZLUK Ç.","IstAdi":"AŞAĞIŞIHLAR","BolgeNo":9,"ILKODU":44,"ILCEKODU":1143,"HAVZA_ID":21,"entityId":"579","entityType":"lakeStations","id":"579","name":"AŞAĞIŞIHLAR","stationId":12021193,"basinId":21,"status":"no_data","color":"#94a3b8","radius":7}},{"type":"Feature","id":"580","geometry":{"type":"Point","coordinates":[40.88528000000008,39.39167000000003]},"properties":{"OBJECTID":580,"IstNo":12021194,"SuAdi":"PERİ S.","IstAdi":"KIZILÇUBUK","BolgeNo":9,"ILKODU":12,"ILCEKODU":1446,"HAVZA_ID":21,"entityId":"580","entityType":"lakeStations","id":"580","name":"KIZILÇUBUK","stationId":12021194,"basinId":21,"status":"no_data","color":"#94a3b8","radius":7}},{"type":"Feature","id":"581","geometry":{"type":"Point","coordinates":[41.102400000000046,39.95917000000003]},"properties":{"OBJECTID":581,"IstNo":12021200,"SuAdi":"KARASU","IstAdi":"ILICA","BolgeNo":8,"ILKODU":25,"ILCEKODU":1945,"HAVZA_ID":21,"entityId":"581","entityType":"lakeStations","id":"581","name":"ILICA","stationId":12021200,"basinId":21,"status":"no_data","color":"#94a3b8","radius":7}},{"type":"Feature","id":"582","geometry":{"type":"Point","coordinates":[42.414720000000045,39.81917000000004]},"properties":{"OBJECTID":582,"IstNo":12021201,"SuAdi":"GÜZEL D.","IstAdi":"KARABACAK","BolgeNo":8,"ILKODU":4,"ILCEKODU":1301,"HAVZA_ID":21,"entityId":"582","entityType":"lakeStations","id":"582","name":"KARABACAK","stationId":12021201,"basinId":21,"status":"no_data","color":"#94a3b8","radius":7}},{"type":"Feature","id":"583","geometry":{"type":"Point","coordinates":[43.42629000000005,39.693610000000035]},"properties":{"OBJECTID":583,"IstNo":12021202,"SuAdi":"DERECEK D.","IstAdi":"DERECEK","BolgeNo":8,"ILKODU":4,"ILCEKODU":1667,"HAVZA_ID":21,"entityId":"583","entityType":"lakeStations","id":"583","name":"DERECEK","stationId":12021202,"basinId":21,"status":"no_data","color":"#94a3b8","radius":7}},{"type":"Feature","id":"584","geometry":{"type":"Point","coordinates":[42.10005000000007,39.33229000000006]},"properties":{"OBJECTID":584,"IstNo":12021203,"SuAdi":"HINIS Ç.","IstAdi":"KARAÇOBAN","BolgeNo":8,"ILKODU":25,"ILCEKODU":1812,"HAVZA_ID":21,"entityId":"584","entityType":"lakeStations","id":"584","name":"KARAÇOBAN","stationId":12021203,"basinId":21,"status":"no_data","color":"#94a3b8","radius":7}},{"type":"Feature","id":"585","geometry":{"type":"Point","coordinates":[43.282880000000034,39.739460000000065]},"properties":{"OBJECTID":585,"IstNo":12021204,"SuAdi":"TOPRAKKALE D.","IstAdi":"KAVAK","BolgeNo":8,"ILKODU":4,"ILCEKODU":1111,"HAVZA_ID":21,"entityId":"585","entityType":"lakeStations","id":"585","name":"KAVAK","stationId":12021204,"basinId":21,"status":"no_data","color":"#94a3b8","radius":7}},{"type":"Feature","id":"586","geometry":{"type":"Point","coordinates":[40.114720000000034,39.98333000000008]},"properties":{"OBJECTID":586,"IstNo":12021214,"SuAdi":"OTLUKBELİ D.","IstAdi":"SÖĞÜTLÜ","BolgeNo":8,"ILKODU":24,"ILCEKODU":1977,"HAVZA_ID":21,"entityId":"586","entityType":"lakeStations","id":"586","name":"SÖĞÜTLÜ","stationId":12021214,"basinId":21,"status":"no_data","color":"#94a3b8","radius":7}},{"type":"Feature","id":"587","geometry":{"type":"Point","coordinates":[43.29083000000003,39.59083000000004]},"properties":{"OBJECTID":587,"IstNo":12021217,"SuAdi":"MADRİK D.","IstAdi":"ÇÖKELGE","BolgeNo":8,"ILKODU":4,"ILCEKODU":1667,"HAVZA_ID":21,"entityId":"587","entityType":"lakeStations","id":"587","name":"ÇÖKELGE","stationId":12021217,"basinId":21,"status":"no_data","color":"#94a3b8","radius":7}},{"type":"Feature","id":"588","geometry":{"type":"Point","coordinates":[42.148610000000076,39.50972000000007]},"properties":{"OBJECTID":588,"IstNo":12021220,"SuAdi":"SOLAN D.","IstAdi":"GÖKSU","BolgeNo":8,"ILKODU":25,"ILCEKODU":1444,"HAVZA_ID":21,"entityId":"588","entityType":"lakeStations","id":"588","name":"GÖKSU","stationId":12021220,"basinId":21,"status":"no_data","color":"#94a3b8","radius":7}},{"type":"Feature","id":"589","geometry":{"type":"Point","coordinates":[38.023060000000044,36.86528000000004]},"properties":{"OBJECTID":589,"IstNo":12021227,"SuAdi":"FIRAT N.","IstAdi":"KARKAMIŞ","BolgeNo":20,"ILKODU":27,"ILCEKODU":1956,"HAVZA_ID":21,"entityId":"589","entityType":"lakeStations","id":"589","name":"KARKAMIŞ","stationId":12021227,"basinId":21,"status":"no_data","color":"#94a3b8","radius":7}},{"type":"Feature","id":"590","geometry":{"type":"Point","coordinates":[38.904720000000054,39.066670000000045]},"properties":{"OBJECTID":590,"IstNo":12021228,"SuAdi":"TAGAR Ç.","IstAdi":"KÜÇÜKKUMLUK","BolgeNo":9,"ILKODU":62,"ILCEKODU":1247,"HAVZA_ID":21,"entityId":"590","entityType":"lakeStations","id":"590","name":"KÜÇÜKKUMLUK","stationId":12021228,"basinId":21,"status":"no_data","color":"#94a3b8","radius":7}},{"type":"Feature","id":"591","geometry":{"type":"Point","coordinates":[40.202780000000075,39.98611000000005]},"properties":{"OBJECTID":591,"IstNo":12021230,"SuAdi":"ÇATAK D.","IstAdi":"ÇATAKSU","BolgeNo":8,"ILKODU":24,"ILCEKODU":1243,"HAVZA_ID":21,"entityId":"591","entityType":"lakeStations","id":"591","name":"ÇATAKSU","stationId":12021230,"basinId":21,"status":"no_data","color":"#94a3b8","radius":7}},{"type":"Feature","id":"592","geometry":{"type":"Point","coordinates":[39.392900000000054,39.823390000000074]},"properties":{"OBJECTID":592,"IstNo":12021232,"SuAdi":"KALECİK D.","IstAdi":"DEREYURT","BolgeNo":8,"ILKODU":24,"ILCEKODU":1318,"HAVZA_ID":21,"entityId":"592","entityType":"lakeStations","id":"592","name":"DEREYURT","stationId":12021232,"basinId":21,"status":"no_data","color":"#94a3b8","radius":7}},{"type":"Feature","id":"593","geometry":{"type":"Point","coordinates":[39.323330000000055,39.757780000000025]},"properties":{"OBJECTID":593,"IstNo":12021233,"SuAdi":"BAHÇELİ D.","IstAdi":"BAHÇELİ","BolgeNo":8,"ILKODU":24,"ILCEKODU":1318,"HAVZA_ID":21,"entityId":"593","entityType":"lakeStations","id":"593","name":"BAHÇELİ","stationId":12021233,"basinId":21,"status":"no_data","color":"#94a3b8","radius":7}},{"type":"Feature","id":"594","geometry":{"type":"Point","coordinates":[40.11722000000003,39.97611000000006]},"properties":{"OBJECTID":594,"IstNo":12021236,"SuAdi":"OTLUKBELİ Ç.","IstAdi":"ÇAVUŞKOMU","BolgeNo":8,"ILKODU":24,"ILCEKODU":1977,"HAVZA_ID":21,"entityId":"594","entityType":"lakeStations","id":"594","name":"ÇAVUŞKOMU","stationId":12021236,"basinId":21,"status":"no_data","color":"#94a3b8","radius":7}},{"type":"Feature","id":"595","geometry":{"type":"Point","coordinates":[40.01000000000005,39.842220000000054]},"properties":{"OBJECTID":595,"IstNo":12021237,"SuAdi":"BALIKLI D.","IstAdi":"BALIKLI ","BolgeNo":8,"ILKODU":24,"ILCEKODU":1243,"HAVZA_ID":21,"entityId":"595","entityType":"lakeStations","id":"595","name":"BALIKLI ","stationId":12021237,"basinId":21,"status":"no_data","color":"#94a3b8","radius":7}},{"type":"Feature","id":"596","geometry":{"type":"Point","coordinates":[39.16444000000007,38.51278000000008]},"properties":{"OBJECTID":596,"IstNo":12021240,"SuAdi":"HARİNGET Ç.","IstAdi":"DEDEPINARI","BolgeNo":9,"ILKODU":23,"ILCEKODU":1298,"HAVZA_ID":21,"entityId":"596","entityType":"lakeStations","id":"596","name":"DEDEPINARI","stationId":12021240,"basinId":21,"status":"no_data","color":"#94a3b8","radius":7}},{"type":"Feature","id":"597","geometry":{"type":"Point","coordinates":[37.78389000000004,39.16361000000006]},"properties":{"OBJECTID":597,"IstNo":12021243,"SuAdi":"BEKTAŞ D.","IstAdi":"AKÇAKALE","BolgeNo":19,"ILKODU":58,"ILCEKODU":1431,"HAVZA_ID":21,"entityId":"597","entityType":"lakeStations","id":"597","name":"AKÇAKALE","stationId":12021243,"basinId":21,"status":"no_data","color":"#94a3b8","radius":7}},{"type":"Feature","id":"598","geometry":{"type":"Point","coordinates":[39.34361000000007,37.60528000000005]},"properties":{"OBJECTID":598,"IstNo":12021250,"SuAdi":"ÇAMÇAYI","IstAdi":"ÖZENPINAR","BolgeNo":15,"ILKODU":63,"ILCEKODU":1630,"HAVZA_ID":21,"entityId":"598","entityType":"lakeStations","id":"598","name":"ÖZENPINAR","stationId":12021250,"basinId":21,"status":"no_data","color":"#94a3b8","radius":7}},{"type":"Feature","id":"599","geometry":{"type":"Point","coordinates":[39.76556000000005,39.85722000000004]},"properties":{"OBJECTID":599,"IstNo":12021252,"SuAdi":"BALIKLI Ç.","IstAdi":"ESENDORUK","BolgeNo":8,"ILKODU":24,"ILCEKODU":1243,"HAVZA_ID":21,"entityId":"599","entityType":"lakeStations","id":"599","name":"ESENDORUK","stationId":12021252,"basinId":21,"status":"no_data","color":"#94a3b8","radius":7}},{"type":"Feature","id":"600","geometry":{"type":"Point","coordinates":[37.17250000000007,39.06000000000006]},"properties":{"OBJECTID":600,"IstNo":12021254,"SuAdi":"MÜHÜRKULAK IRMAĞI","IstAdi":"MANCILIK","BolgeNo":19,"ILKODU":58,"ILCEKODU":1431,"HAVZA_ID":21,"entityId":"600","entityType":"lakeStations","id":"600","name":"MANCILIK","stationId":12021254,"basinId":21,"status":"no_data","color":"#94a3b8","radius":7}},{"type":"Feature","id":"601","geometry":{"type":"Point","coordinates":[37.47139000000004,37.79583000000008]},"properties":{"OBJECTID":601,"IstNo":12021262,"SuAdi":"GÖKSU N.","IstAdi":"DÜZBAĞ","BolgeNo":20,"ILKODU":46,"ILCEKODU":1785,"HAVZA_ID":21,"entityId":"601","entityType":"lakeStations","id":"601","name":"DÜZBAĞ","stationId":12021262,"basinId":21,"status":"no_data","color":"#94a3b8","radius":7}},{"type":"Feature","id":"602","geometry":{"type":"Point","coordinates":[38.37333000000007,38.76667000000003]},"properties":{"OBJECTID":602,"IstNo":12021263,"SuAdi":"ALİAĞA D.","IstAdi":"GÖRGÜÇLER","BolgeNo":9,"ILKODU":44,"ILCEKODU":1148,"HAVZA_ID":21,"entityId":"602","entityType":"lakeStations","id":"602","name":"GÖRGÜÇLER","stationId":12021263,"basinId":21,"status":"no_data","color":"#94a3b8","radius":7}},{"type":"Feature","id":"603","geometry":{"type":"Point","coordinates":[39.07278000000008,39.02917000000008]},"properties":{"OBJECTID":603,"IstNo":12021264,"SuAdi":"CEVİZLİ D.","IstAdi":"CEVİZLİ","BolgeNo":9,"ILKODU":62,"ILCEKODU":1247,"HAVZA_ID":21,"entityId":"603","entityType":"lakeStations","id":"603","name":"CEVİZLİ","stationId":12021264,"basinId":21,"status":"no_data","color":"#94a3b8","radius":7}},{"type":"Feature","id":"604","geometry":{"type":"Point","coordinates":[36.91361000000006,39.191670000000045]},"properties":{"OBJECTID":604,"IstNo":12021271,"SuAdi":"ŞEKERPINAR D.","IstAdi":"ÇAMURLU","BolgeNo":19,"ILKODU":58,"ILCEKODU":1875,"HAVZA_ID":21,"entityId":"604","entityType":"lakeStations","id":"604","name":"ÇAMURLU","stationId":12021271,"basinId":21,"status":"no_data","color":"#94a3b8","radius":7}},{"type":"Feature","id":"605","geometry":{"type":"Point","coordinates":[38.007220000000075,37.98944000000006]},"properties":{"OBJECTID":605,"IstNo":12021272,"SuAdi":"SÜRGÜ Ç.","IstAdi":"REŞADİYE","BolgeNo":9,"ILKODU":44,"ILCEKODU":1286,"HAVZA_ID":21,"entityId":"605","entityType":"lakeStations","id":"605","name":"REŞADİYE","stationId":12021272,"basinId":21,"status":"no_data","color":"#94a3b8","radius":7}},{"type":"Feature","id":"606","geometry":{"type":"Point","coordinates":[38.813060000000064,38.23195000000004]},"properties":{"OBJECTID":606,"IstNo":12021275,"SuAdi":"ŞİRO ÇAYI","IstAdi":"PÜTÜRGE","BolgeNo":9,"ILKODU":44,"ILCEKODU":1582,"HAVZA_ID":21,"entityId":"606","entityType":"lakeStations","id":"606","name":"PÜTÜRGE","stationId":12021275,"basinId":21,"status":"no_data","color":"#94a3b8","radius":7}},{"type":"Feature","id":"607","geometry":{"type":"Point","coordinates":[38.02722000000006,36.83222000000006]},"properties":{"OBJECTID":607,"IstNo":12021276,"SuAdi":"FIRAT N.","IstAdi":"DDY KÖPRÜSÜ","BolgeNo":20,"ILKODU":27,"ILCEKODU":1194,"HAVZA_ID":21,"entityId":"607","entityType":"lakeStations","id":"607","name":"DDY KÖPRÜSÜ","stationId":12021276,"basinId":21,"status":"no_data","color":"#94a3b8","radius":7}},{"type":"Feature","id":"608","geometry":{"type":"Point","coordinates":[37.68778000000003,39.46778000000006]},"properties":{"OBJECTID":608,"IstNo":12021277,"SuAdi":"YILANLI Ç.","IstAdi":"İKİZDERE","BolgeNo":19,"ILKODU":58,"ILCEKODU":1738,"HAVZA_ID":21,"entityId":"608","entityType":"lakeStations","id":"608","name":"İKİZDERE","stationId":12021277,"basinId":21,"status":"no_data","color":"#94a3b8","radius":7}},{"type":"Feature","id":"609","geometry":{"type":"Point","coordinates":[37.391110000000026,39.32111000000003]},"properties":{"OBJECTID":609,"IstNo":12021279,"SuAdi":"KARANLIK D.","IstAdi":"DAVULBAZ","BolgeNo":19,"ILKODU":58,"ILCEKODU":1431,"HAVZA_ID":21,"entityId":"609","entityType":"lakeStations","id":"609","name":"DAVULBAZ","stationId":12021279,"basinId":21,"status":"no_data","color":"#94a3b8","radius":7}},{"type":"Feature","id":"610","geometry":{"type":"Point","coordinates":[39.846940000000075,38.836110000000076]},"properties":{"OBJECTID":610,"IstNo":12021287,"SuAdi":"KAMIŞLI D.","IstAdi":"TATAR","BolgeNo":9,"ILKODU":23,"ILCEKODU":1820,"HAVZA_ID":21,"entityId":"610","entityType":"lakeStations","id":"610","name":"TATAR","stationId":12021287,"basinId":21,"status":"no_data","color":"#94a3b8","radius":7}},{"type":"Feature","id":"611","geometry":{"type":"Point","coordinates":[37.87194000000005,38.81889000000007]},"properties":{"OBJECTID":611,"IstNo":12021288,"SuAdi":"KARADERE","IstAdi":"KARADERE","BolgeNo":9,"ILKODU":44,"ILCEKODU":1390,"HAVZA_ID":21,"entityId":"611","entityType":"lakeStations","id":"611","name":"KARADERE","stationId":12021288,"basinId":21,"status":"no_data","color":"#94a3b8","radius":7}},{"type":"Feature","id":"612","geometry":{"type":"Point","coordinates":[39.75806000000006,38.71639000000005]},"properties":{"OBJECTID":612,"IstNo":12021290,"SuAdi":"ŞORAK D.","IstAdi":"KUŞCUKÖY","BolgeNo":9,"ILKODU":23,"ILCEKODU":1820,"HAVZA_ID":21,"entityId":"612","entityType":"lakeStations","id":"612","name":"KUŞCUKÖY","stationId":12021290,"basinId":21,"status":"no_data","color":"#94a3b8","radius":7}},{"type":"Feature","id":"613","geometry":{"type":"Point","coordinates":[41.01636000000008,40.24314000000004]},"properties":{"OBJECTID":613,"IstNo":12021294,"SuAdi":"KALE D.","IstAdi":"BAKIMEVİ","BolgeNo":8,"ILKODU":25,"ILCEKODU":1945,"HAVZA_ID":21,"entityId":"613","entityType":"lakeStations","id":"613","name":"BAKIMEVİ","stationId":12021294,"basinId":21,"status":"no_data","color":"#94a3b8","radius":7}},{"type":"Feature","id":"614","geometry":{"type":"Point","coordinates":[40.51111000000003,39.800830000000076]},"properties":{"OBJECTID":614,"IstNo":12021295,"SuAdi":"BALLIKAYA D.","IstAdi":"YAYLACIK","BolgeNo":8,"ILKODU":24,"ILCEKODU":1675,"HAVZA_ID":21,"entityId":"614","entityType":"lakeStations","id":"614","name":"YAYLACIK","stationId":12021295,"basinId":21,"status":"no_data","color":"#94a3b8","radius":7}},{"type":"Feature","id":"615","geometry":{"type":"Point","coordinates":[40.471670000000074,39.04167000000007]},"properties":{"OBJECTID":615,"IstNo":12021300,"SuAdi":"KİLISE D.","IstAdi":"SANCAK","BolgeNo":9,"ILKODU":12,"ILCEKODU":1193,"HAVZA_ID":21,"entityId":"615","entityType":"lakeStations","id":"615","name":"SANCAK","stationId":12021300,"basinId":21,"status":"no_data","color":"#94a3b8","radius":7}},{"type":"Feature","id":"616","geometry":{"type":"Point","coordinates":[40.06389000000007,38.91972000000004]},"properties":{"OBJECTID":616,"IstNo":12021303,"SuAdi":"SARICAN D.","IstAdi":"SARICAN","BolgeNo":9,"ILKODU":23,"ILCEKODU":1438,"HAVZA_ID":21,"entityId":"616","entityType":"lakeStations","id":"616","name":"SARICAN","stationId":12021303,"basinId":21,"status":"no_data","color":"#94a3b8","radius":7}},{"type":"Feature","id":"617","geometry":{"type":"Point","coordinates":[38.472500000000025,38.77417000000003]},"properties":{"OBJECTID":617,"IstNo":12021304,"SuAdi":"SÖGÜTLÜ D.","IstAdi":"DEREGEZEN","BolgeNo":9,"ILKODU":44,"ILCEKODU":1148,"HAVZA_ID":21,"entityId":"617","entityType":"lakeStations","id":"617","name":"DEREGEZEN","stationId":12021304,"basinId":21,"status":"no_data","color":"#94a3b8","radius":7}},{"type":"Feature","id":"618","geometry":{"type":"Point","coordinates":[39.092910000000074,38.50675000000007]},"properties":{"OBJECTID":618,"IstNo":12021307,"SuAdi":"GÖKÇE D.","IstAdi":"GÖKÇE","BolgeNo":9,"ILKODU":23,"ILCEKODU":1298,"HAVZA_ID":21,"entityId":"618","entityType":"lakeStations","id":"618","name":"GÖKÇE","stationId":12021307,"basinId":21,"status":"no_data","color":"#94a3b8","radius":7}},{"type":"Feature","id":"619","geometry":{"type":"Point","coordinates":[38.50389000000007,37.75111000000004]},"properties":{"OBJECTID":619,"IstNo":12021311,"SuAdi":"KALBURCU Ç.","IstAdi":"OSMAN SENAYİ CAN BARAJI","BolgeNo":20,"ILKODU":2,"ILCEKODU":1105,"HAVZA_ID":21,"entityId":"619","entityType":"lakeStations","id":"619","name":"OSMAN SENAYİ CAN BARAJI","stationId":12021311,"basinId":21,"status":"no_data","color":"#94a3b8","radius":7}},{"type":"Feature","id":"620","geometry":{"type":"Point","coordinates":[38.327780000000075,38.083060000000046]},"properties":{"OBJECTID":620,"IstNo":12021323,"SuAdi":"GÖRNEK D.","IstAdi":"TAŞDAMLAR","BolgeNo":20,"ILKODU":2,"ILCEKODU":1246,"HAVZA_ID":21,"entityId":"620","entityType":"lakeStations","id":"620","name":"TAŞDAMLAR","stationId":12021323,"basinId":21,"status":"no_data","color":"#94a3b8","radius":7}},{"type":"Feature","id":"621","geometry":{"type":"Point","coordinates":[39.999720000000025,36.84555000000006]},"properties":{"OBJECTID":621,"IstNo":12021325,"SuAdi":"ÇIRPI DERESİ","IstAdi":"CEYLANPINAR TİGEM","BolgeNo":15,"ILKODU":63,"ILCEKODU":1220,"HAVZA_ID":21,"entityId":"621","entityType":"lakeStations","id":"621","name":"CEYLANPINAR TİGEM","stationId":12021325,"basinId":21,"status":"no_data","color":"#94a3b8","radius":7}},{"type":"Feature","id":"622","geometry":{"type":"Point","coordinates":[40.02893000000006,38.60524000000004]},"properties":{"OBJECTID":622,"IstNo":12021329,"SuAdi":"TARHANA D.","IstAdi":"ARICAK","BolgeNo":9,"ILKODU":23,"ILCEKODU":1566,"HAVZA_ID":21,"entityId":"622","entityType":"lakeStations","id":"622","name":"ARICAK","stationId":12021329,"basinId":21,"status":"no_data","color":"#94a3b8","radius":7}},{"type":"Feature","id":"623","geometry":{"type":"Point","coordinates":[39.799450000000036,38.535000000000025]},"properties":{"OBJECTID":623,"IstNo":12021330,"SuAdi":"TENGİLA D.","IstAdi":"KAYAÖNÜ","BolgeNo":9,"ILKODU":23,"ILCEKODU":1566,"HAVZA_ID":21,"entityId":"623","entityType":"lakeStations","id":"623","name":"KAYAÖNÜ","stationId":12021330,"basinId":21,"status":"no_data","color":"#94a3b8","radius":7}},{"type":"Feature","id":"624","geometry":{"type":"Point","coordinates":[38.51305000000008,38.28639000000004]},"properties":{"OBJECTID":624,"IstNo":12021333,"SuAdi":"HANDERE","IstAdi":"YAYGIN","BolgeNo":9,"ILKODU":23,"ILCEKODU":1772,"HAVZA_ID":21,"entityId":"624","entityType":"lakeStations","id":"624","name":"YAYGIN","stationId":12021333,"basinId":21,"status":"no_data","color":"#94a3b8","radius":7}},{"type":"Feature","id":"625","geometry":{"type":"Point","coordinates":[42.029720000000054,39.113060000000075]},"properties":{"OBJECTID":625,"IstNo":12021335,"SuAdi":"MURAT N.","IstAdi":"ALPASLAN_1 BRJ","BolgeNo":17,"ILKODU":49,"ILCEKODU":1213,"HAVZA_ID":21,"entityId":"625","entityType":"lakeStations","id":"625","name":"ALPASLAN_1 BRJ","stationId":12021335,"basinId":21,"status":"no_data","color":"#94a3b8","radius":7}},{"type":"Feature","id":"626","geometry":{"type":"Point","coordinates":[41.23111000000006,37.11555000000004]},"properties":{"OBJECTID":626,"IstNo":12021336,"SuAdi":"ÇAĞÇAĞ Ç.","IstAdi":"REGÜLATÖR ÇKŞ.","BolgeNo":10,"ILKODU":47,"ILCEKODU":1547,"HAVZA_ID":21,"entityId":"626","entityType":"lakeStations","id":"626","name":"REGÜLATÖR ÇKŞ.","stationId":12021336,"basinId":21,"status":"no_data","color":"#94a3b8","radius":7}},{"type":"Feature","id":"627","geometry":{"type":"Point","coordinates":[37.17861000000005,39.060280000000034]},"properties":{"OBJECTID":627,"IstNo":12021338,"SuAdi":"AVŞARÖREN D.","IstAdi":"MANCILIK","BolgeNo":19,"ILKODU":58,"ILCEKODU":1431,"HAVZA_ID":21,"entityId":"627","entityType":"lakeStations","id":"627","name":"MANCILIK","stationId":12021338,"basinId":21,"status":"no_data","color":"#94a3b8","radius":7}},{"type":"Feature","id":"628","geometry":{"type":"Point","coordinates":[38.053330000000074,39.28250000000003]},"properties":{"OBJECTID":628,"IstNo":12021339,"SuAdi":"GÜRESİN D.","IstAdi":"GÜRESİN","BolgeNo":19,"ILKODU":58,"ILCEKODU":1282,"HAVZA_ID":21,"entityId":"628","entityType":"lakeStations","id":"628","name":"GÜRESİN","stationId":12021339,"basinId":21,"status":"no_data","color":"#94a3b8","radius":7}},{"type":"Feature","id":"629","geometry":{"type":"Point","coordinates":[37.871110000000044,39.51445000000007]},"properties":{"OBJECTID":629,"IstNo":12021340,"SuAdi":"ILICA DERESİ","IstAdi":"TİROLAR","BolgeNo":19,"ILKODU":58,"ILCEKODU":1282,"HAVZA_ID":21,"entityId":"629","entityType":"lakeStations","id":"629","name":"TİROLAR","stationId":12021340,"basinId":21,"status":"no_data","color":"#94a3b8","radius":7}},{"type":"Feature","id":"630","geometry":{"type":"Point","coordinates":[43.095470000000034,39.22200000000004]},"properties":{"OBJECTID":630,"IstNo":12021345,"SuAdi":"DEDELİ DERE","IstAdi":"DEDELİ","BolgeNo":8,"ILKODU":4,"ILCEKODU":1568,"HAVZA_ID":21,"entityId":"630","entityType":"lakeStations","id":"630","name":"DEDELİ","stationId":12021345,"basinId":21,"status":"no_data","color":"#94a3b8","radius":7}},{"type":"Feature","id":"631","geometry":{"type":"Point","coordinates":[37.49055000000004,38.952780000000075]},"properties":{"OBJECTID":631,"IstNo":12021350,"SuAdi":"BALIKLI TOHMA Ç.","IstAdi":"SARICA","BolgeNo":19,"ILKODU":58,"ILCEKODU":1373,"HAVZA_ID":21,"entityId":"631","entityType":"lakeStations","id":"631","name":"SARICA","stationId":12021350,"basinId":21,"status":"no_data","color":"#94a3b8","radius":7}},{"type":"Feature","id":"632","geometry":{"type":"Point","coordinates":[37.98917000000006,38.190000000000055]},"properties":{"OBJECTID":632,"IstNo":12021351,"SuAdi":"MELET D.","IstAdi":"MELET ","BolgeNo":9,"ILKODU":44,"ILCEKODU":1286,"HAVZA_ID":21,"entityId":"632","entityType":"lakeStations","id":"632","name":"MELET ","stationId":12021351,"basinId":21,"status":"no_data","color":"#94a3b8","radius":7}},{"type":"Feature","id":"633","geometry":{"type":"Point","coordinates":[37.53194000000008,36.902780000000064]},"properties":{"OBJECTID":633,"IstNo":12021352,"SuAdi":"SACIR S.","IstAdi":"YAKACIK","BolgeNo":20,"ILKODU":27,"ILCEKODU":1549,"HAVZA_ID":21,"entityId":"633","entityType":"lakeStations","id":"633","name":"YAKACIK","stationId":12021352,"basinId":21,"status":"no_data","color":"#94a3b8","radius":7}},{"type":"Feature","id":"634","geometry":{"type":"Point","coordinates":[39.07472000000007,38.76833000000005]},"properties":{"OBJECTID":634,"IstNo":12021356,"SuAdi":"SARNİ D.","IstAdi":"SARNİ","BolgeNo":9,"ILKODU":23,"ILCEKODU":1298,"HAVZA_ID":21,"entityId":"634","entityType":"lakeStations","id":"634","name":"SARNİ","stationId":12021356,"basinId":21,"status":"no_data","color":"#94a3b8","radius":7}},{"type":"Feature","id":"635","geometry":{"type":"Point","coordinates":[38.12611000000004,38.72750000000008]},"properties":{"OBJECTID":635,"IstNo":12021357,"SuAdi":"HASAR D.","IstAdi":"BOZTEPE ","BolgeNo":9,"ILKODU":44,"ILCEKODU":1390,"HAVZA_ID":21,"entityId":"635","entityType":"lakeStations","id":"635","name":"BOZTEPE ","stationId":12021357,"basinId":21,"status":"no_data","color":"#94a3b8","radius":7}},{"type":"Feature","id":"636","geometry":{"type":"Point","coordinates":[38.387500000000045,38.13306000000006]},"properties":{"OBJECTID":636,"IstNo":12021358,"SuAdi":"KARLIK D.","IstAdi":"ÇAT BARAJI","BolgeNo":9,"ILKODU":44,"ILCEKODU":1729,"HAVZA_ID":21,"entityId":"636","entityType":"lakeStations","id":"636","name":"ÇAT BARAJI","stationId":12021358,"basinId":21,"status":"no_data","color":"#94a3b8","radius":7}},{"type":"Feature","id":"637","geometry":{"type":"Point","coordinates":[39.749720000000025,39.70250000000004]},"properties":{"OBJECTID":637,"IstNo":12021359,"SuAdi":"BÜYÜKÇUKUR D.","IstAdi":"BAYIRBAĞ","BolgeNo":8,"ILKODU":24,"ILCEKODU":1853,"HAVZA_ID":21,"entityId":"637","entityType":"lakeStations","id":"637","name":"BAYIRBAĞ","stationId":12021359,"basinId":21,"status":"no_data","color":"#94a3b8","radius":7}},{"type":"Feature","id":"638","geometry":{"type":"Point","coordinates":[39.034170000000074,37.160000000000025]},"properties":{"OBJECTID":638,"IstNo":12021361,"SuAdi":"CULLAP D.","IstAdi":"İNCİRLİ","BolgeNo":15,"ILKODU":63,"ILCEKODU":2092,"HAVZA_ID":21,"entityId":"638","entityType":"lakeStations","id":"638","name":"İNCİRLİ","stationId":12021361,"basinId":21,"status":"no_data","color":"#94a3b8","radius":7}},{"type":"Feature","id":"639","geometry":{"type":"Point","coordinates":[39.06805000000003,37.15583000000004]},"properties":{"OBJECTID":639,"IstNo":12021362,"SuAdi":"KÖRCE D.","IstAdi":"ÇAMLIDERE","BolgeNo":15,"ILKODU":63,"ILCEKODU":2092,"HAVZA_ID":21,"entityId":"639","entityType":"lakeStations","id":"639","name":"ÇAMLIDERE","stationId":12021362,"basinId":21,"status":"no_data","color":"#94a3b8","radius":7}},{"type":"Feature","id":"640","geometry":{"type":"Point","coordinates":[39.09472000000005,37.15778000000006]},"properties":{"OBJECTID":640,"IstNo":12021363,"SuAdi":"EĞRİCE D.","IstAdi":"KAYNAKLI","BolgeNo":15,"ILKODU":63,"ILCEKODU":2092,"HAVZA_ID":21,"entityId":"640","entityType":"lakeStations","id":"640","name":"KAYNAKLI","stationId":12021363,"basinId":21,"status":"no_data","color":"#94a3b8","radius":7}},{"type":"Feature","id":"641","geometry":{"type":"Point","coordinates":[39.25195000000008,38.635560000000055]},"properties":{"OBJECTID":641,"IstNo":12021364,"SuAdi":"ŞOR ŞOR DERESİ","IstAdi":"BAYRAK KÖPRÜSÜ","BolgeNo":9,"ILKODU":23,"ILCEKODU":1298,"HAVZA_ID":21,"entityId":"641","entityType":"lakeStations","id":"641","name":"BAYRAK KÖPRÜSÜ","stationId":12021364,"basinId":21,"status":"no_data","color":"#94a3b8","radius":7}},{"type":"Feature","id":"642","geometry":{"type":"Point","coordinates":[39.25195000000008,38.635560000000055]},"properties":{"OBJECTID":642,"IstNo":12021364,"SuAdi":"ŞORŞOR D.","IstAdi":"BAYRAK KÖPRÜSÜ","BolgeNo":9,"ILKODU":23,"ILCEKODU":1298,"HAVZA_ID":21,"entityId":"642","entityType":"lakeStations","id":"642","name":"BAYRAK KÖPRÜSÜ","stationId":12021364,"basinId":21,"status":"no_data","color":"#94a3b8","radius":7}},{"type":"Feature","id":"643","geometry":{"type":"Point","coordinates":[39.06250000000006,39.331390000000056]},"properties":{"OBJECTID":643,"IstNo":12021366,"SuAdi":"MUNZUR S.","IstAdi":"GÖZELER","BolgeNo":9,"ILKODU":62,"ILCEKODU":1562,"HAVZA_ID":21,"entityId":"643","entityType":"lakeStations","id":"643","name":"GÖZELER","stationId":12021366,"basinId":21,"status":"no_data","color":"#94a3b8","radius":7}},{"type":"Feature","id":"644","geometry":{"type":"Point","coordinates":[39.06250000000006,39.331390000000056]},"properties":{"OBJECTID":644,"IstNo":12021366,"SuAdi":"MUNZUR SUYU","IstAdi":"GÖZELER","BolgeNo":9,"ILKODU":62,"ILCEKODU":1562,"HAVZA_ID":21,"entityId":"644","entityType":"lakeStations","id":"644","name":"GÖZELER","stationId":12021366,"basinId":21,"status":"no_data","color":"#94a3b8","radius":7}},{"type":"Feature","id":"645","geometry":{"type":"Point","coordinates":[37.454720000000066,38.89695000000006]},"properties":{"OBJECTID":645,"IstNo":12021367,"SuAdi":"ULAMALIK D.","IstAdi":"ESKİHAMAL GİRİŞ","BolgeNo":19,"ILKODU":58,"ILCEKODU":1373,"HAVZA_ID":21,"entityId":"645","entityType":"lakeStations","id":"645","name":"ESKİHAMAL GİRİŞ","stationId":12021367,"basinId":21,"status":"no_data","color":"#94a3b8","radius":7}},{"type":"Feature","id":"646","geometry":{"type":"Point","coordinates":[41.42361000000005,39.14278000000007]},"properties":{"OBJECTID":646,"IstNo":12021369,"SuAdi":"KOŞKÖR DERESİ","IstAdi":"AŞAĞIALAGÖZ K. - VARTO","BolgeNo":17,"ILKODU":49,"ILCEKODU":1711,"HAVZA_ID":21,"entityId":"646","entityType":"lakeStations","id":"646","name":"AŞAĞIALAGÖZ K. - VARTO","stationId":12021369,"basinId":21,"status":"no_data","color":"#94a3b8","radius":7}},{"type":"Feature","id":"647","geometry":{"type":"Point","coordinates":[41.42167000000006,39.13083000000006]},"properties":{"OBJECTID":647,"IstNo":12021370,"SuAdi":"BİNGÖL ÇAYI","IstAdi":"AŞAĞIALAGÖZ K.-VATRO","BolgeNo":17,"ILKODU":49,"ILCEKODU":1711,"HAVZA_ID":21,"entityId":"647","entityType":"lakeStations","id":"647","name":"AŞAĞIALAGÖZ K.-VATRO","stationId":12021370,"basinId":21,"status":"no_data","color":"#94a3b8","radius":7}},{"type":"Feature","id":"648","geometry":{"type":"Point","coordinates":[38.339170000000024,39.371110000000044]},"properties":{"OBJECTID":648,"IstNo":12021371,"SuAdi":"ÇALTI ÇAYI","IstAdi":"ÇALTI","BolgeNo":19,"ILKODU":58,"ILCEKODU":1282,"HAVZA_ID":21,"entityId":"648","entityType":"lakeStations","id":"648","name":"ÇALTI","stationId":12021371,"basinId":21,"status":"no_data","color":"#94a3b8","radius":7}},{"type":"Feature","id":"649","geometry":{"type":"Point","coordinates":[36.97278000000006,41.20917000000003]},"properties":{"OBJECTID":649,"IstNo":12022002,"SuAdi":"TERME Ç.","IstAdi":"TERME","BolgeNo":7,"ILKODU":55,"ILCEKODU":1676,"HAVZA_ID":14,"entityId":"649","entityType":"lakeStations","id":"649","name":"TERME","stationId":12022002,"basinId":14,"status":"no_data","color":"#94a3b8","radius":7}},{"type":"Feature","id":"650","geometry":{"type":"Point","coordinates":[41.25098000000003,41.25025000000005]},"properties":{"OBJECTID":650,"IstNo":12022006,"SuAdi":"ABUÇAĞLAYAN D.","IstAdi":"KÖPRÜBAŞI","BolgeNo":22,"ILKODU":53,"ILCEKODU":1332,"HAVZA_ID":22,"entityId":"650","entityType":"lakeStations","id":"650","name":"KÖPRÜBAŞI","stationId":12022006,"basinId":22,"status":"no_data","color":"#94a3b8","radius":7}},{"type":"Feature","id":"651","geometry":{"type":"Point","coordinates":[40.289720000000045,40.62444000000005]},"properties":{"OBJECTID":651,"IstNo":12022007,"SuAdi":"HALDİZEN S.","IstAdi":"ŞERAH","BolgeNo":22,"ILKODU":61,"ILCEKODU":1244,"HAVZA_ID":22,"entityId":"651","entityType":"lakeStations","id":"651","name":"ŞERAH","stationId":12022007,"basinId":22,"status":"no_data","color":"#94a3b8","radius":7}},{"type":"Feature","id":"652","geometry":{"type":"Point","coordinates":[41.346940000000075,41.30778000000004]},"properties":{"OBJECTID":652,"IstNo":12022049,"SuAdi":"KAPİSTRE D.","IstAdi":"BAŞKÖY","BolgeNo":26,"ILKODU":8,"ILCEKODU":1147,"HAVZA_ID":22,"entityId":"652","entityType":"lakeStations","id":"652","name":"BAŞKÖY","stationId":12022049,"basinId":22,"status":"no_data","color":"#94a3b8","radius":7}},{"type":"Feature","id":"653","geometry":{"type":"Point","coordinates":[39.01139000000006,40.88611000000003]},"properties":{"OBJECTID":653,"IstNo":12022058,"SuAdi":"GÖRELE D.","IstAdi":"CÜCEN KÖPRÜSÜ","BolgeNo":22,"ILKODU":28,"ILCEKODU":1894,"HAVZA_ID":22,"entityId":"653","entityType":"lakeStations","id":"653","name":"CÜCEN KÖPRÜSÜ","stationId":12022058,"basinId":22,"status":"no_data","color":"#94a3b8","radius":7}},{"type":"Feature","id":"654","geometry":{"type":"Point","coordinates":[41.385290000000055,41.27671000000004]},"properties":{"OBJECTID":654,"IstNo":12022079,"SuAdi":"KAPİSTRE D.","IstAdi":"ÇAMLICA","BolgeNo":26,"ILKODU":8,"ILCEKODU":1147,"HAVZA_ID":22,"entityId":"654","entityType":"lakeStations","id":"654","name":"ÇAMLICA","stationId":12022079,"basinId":22,"status":"no_data","color":"#94a3b8","radius":7}},{"type":"Feature","id":"655","geometry":{"type":"Point","coordinates":[40.54292000000004,40.92789000000005]},"properties":{"OBJECTID":655,"IstNo":12022082,"SuAdi":"SALARHA D.","IstAdi":"KÖMÜRCÜLER","BolgeNo":22,"ILKODU":53,"ILCEKODU":1586,"HAVZA_ID":22,"entityId":"655","entityType":"lakeStations","id":"655","name":"KÖMÜRCÜLER","stationId":12022082,"basinId":22,"status":"no_data","color":"#94a3b8","radius":7}},{"type":"Feature","id":"656","geometry":{"type":"Point","coordinates":[39.46658000000008,40.56308000000007]},"properties":{"OBJECTID":656,"IstNo":12022084,"SuAdi":"KORUM D.","IstAdi":"YAĞLIDERE ","BolgeNo":22,"ILKODU":29,"ILCEKODU":1684,"HAVZA_ID":22,"entityId":"656","entityType":"lakeStations","id":"656","name":"YAĞLIDERE ","stationId":12022084,"basinId":22,"status":"no_data","color":"#94a3b8","radius":7}},{"type":"Feature","id":"657","geometry":{"type":"Point","coordinates":[39.67889000000008,40.86528000000004]},"properties":{"OBJECTID":657,"IstNo":12022086,"SuAdi":"DEĞİRMEN D.","IstAdi":"ÖĞÜTLÜ","BolgeNo":22,"ILKODU":61,"ILCEKODU":1507,"HAVZA_ID":22,"entityId":"657","entityType":"lakeStations","id":"657","name":"ÖĞÜTLÜ","stationId":12022086,"basinId":22,"status":"no_data","color":"#94a3b8","radius":7}},{"type":"Feature","id":"658","geometry":{"type":"Point","coordinates":[41.363890000000026,41.26445000000007]},"properties":{"OBJECTID":658,"IstNo":12022089,"SuAdi":"BALLI  D.","IstAdi":"KÜÇÜKKÖY","BolgeNo":26,"ILKODU":8,"ILCEKODU":1147,"HAVZA_ID":22,"entityId":"658","entityType":"lakeStations","id":"658","name":"KÜÇÜKKÖY","stationId":12022089,"basinId":22,"status":"no_data","color":"#94a3b8","radius":7}},{"type":"Feature","id":"659","geometry":{"type":"Point","coordinates":[37.961110000000076,40.83055000000007]},"properties":{"OBJECTID":659,"IstNo":12022093,"SuAdi":"TURNASUYU","IstAdi":"CUMHURİYET KÖYÜ","BolgeNo":7,"ILKODU":52,"ILCEKODU":2103,"HAVZA_ID":22,"entityId":"659","entityType":"lakeStations","id":"659","name":"CUMHURİYET KÖYÜ","stationId":12022093,"basinId":22,"status":"no_data","color":"#94a3b8","radius":7}},{"type":"Feature","id":"660","geometry":{"type":"Point","coordinates":[36.82195000000007,41.073330000000055]},"properties":{"OBJECTID":660,"IstNo":12022105,"SuAdi":"DEĞİRMEN D.","IstAdi":"SALIPAZARI","BolgeNo":7,"ILKODU":55,"ILCEKODU":1838,"HAVZA_ID":14,"entityId":"660","entityType":"lakeStations","id":"660","name":"SALIPAZARI","stationId":12022105,"basinId":14,"status":"no_data","color":"#94a3b8","radius":7}},{"type":"Feature","id":"661","geometry":{"type":"Point","coordinates":[38.30833000000007,40.84333000000004]},"properties":{"OBJECTID":661,"IstNo":12022106,"SuAdi":"BATLAMA D.","IstAdi":"ÇUKURKÖY","BolgeNo":22,"ILKODU":28,"ILCEKODU":1352,"HAVZA_ID":22,"entityId":"661","entityType":"lakeStations","id":"661","name":"ÇUKURKÖY","stationId":12022106,"basinId":22,"status":"no_data","color":"#94a3b8","radius":7}},{"type":"Feature","id":"662","geometry":{"type":"Point","coordinates":[39.31389000000007,41.04472000000004]},"properties":{"OBJECTID":662,"IstNo":12022114,"SuAdi":"KİRAZLIK D.","IstAdi":"MISIRLI","BolgeNo":22,"ILKODU":61,"ILCEKODU":1709,"HAVZA_ID":22,"entityId":"662","entityType":"lakeStations","id":"662","name":"MISIRLI","stationId":12022114,"basinId":22,"status":"no_data","color":"#94a3b8","radius":7}},{"type":"Feature","id":"663","geometry":{"type":"Point","coordinates":[38.72917000000007,40.891940000000034]},"properties":{"OBJECTID":663,"IstNo":12022117,"SuAdi":"YAĞLIDERE","IstAdi":"KAŞDİBİ","BolgeNo":22,"ILKODU":28,"ILCEKODU":1320,"HAVZA_ID":22,"entityId":"663","entityType":"lakeStations","id":"663","name":"KAŞDİBİ","stationId":12022117,"basinId":22,"status":"no_data","color":"#94a3b8","radius":7}},{"type":"Feature","id":"664","geometry":{"type":"Point","coordinates":[39.19500000000005,41.04278000000005]},"properties":{"OBJECTID":664,"IstNo":12022120,"SuAdi":"AĞAŞAR DERESI","IstAdi":"AMBARLI","BolgeNo":22,"ILKODU":null,"ILCEKODU":1775,"HAVZA_ID":22,"entityId":"664","entityType":"lakeStations","id":"664","name":"AMBARLI","stationId":12022120,"basinId":22,"status":"no_data","color":"#94a3b8","radius":7}},{"type":"Feature","id":"665","geometry":{"type":"Point","coordinates":[39.28510000000006,41.01640000000003]},"properties":{"OBJECTID":665,"IstNo":12022121,"SuAdi":"FOL DERESI","IstAdi":"ŞERİFLİ","BolgeNo":22,"ILKODU":61,"ILCEKODU":1709,"HAVZA_ID":22,"entityId":"665","entityType":"lakeStations","id":"665","name":"ŞERİFLİ","stationId":12022121,"basinId":22,"status":"no_data","color":"#94a3b8","radius":7}},{"type":"Feature","id":"666","geometry":{"type":"Point","coordinates":[40.72611000000006,41.08194000000003]},"properties":{"OBJECTID":666,"IstNo":12022131,"SuAdi":"ŞAİRLER D.","IstAdi":"ÇAYELİ","BolgeNo":22,"ILKODU":53,"ILCEKODU":1241,"HAVZA_ID":22,"entityId":"666","entityType":"lakeStations","id":"666","name":"ÇAYELİ","stationId":12022131,"basinId":22,"status":"no_data","color":"#94a3b8","radius":7}},{"type":"Feature","id":"667","geometry":{"type":"Point","coordinates":[39.09000000000003,41.02583000000004]},"properties":{"OBJECTID":667,"IstNo":12022135,"SuAdi":"ÇAVUŞLU D.","IstAdi":"GÜLEF","BolgeNo":22,"ILKODU":28,"ILCEKODU":1361,"HAVZA_ID":22,"entityId":"667","entityType":"lakeStations","id":"667","name":"GÜLEF","stationId":12022135,"basinId":22,"status":"no_data","color":"#94a3b8","radius":7}},{"type":"Feature","id":"668","geometry":{"type":"Point","coordinates":[38.96611000000007,41.02222000000006]},"properties":{"OBJECTID":668,"IstNo":12022136,"SuAdi":"ÇÖMLEKCİ D.","IstAdi":"HAYDARLI","BolgeNo":22,"ILKODU":28,"ILCEKODU":1361,"HAVZA_ID":22,"entityId":"668","entityType":"lakeStations","id":"668","name":"HAYDARLI","stationId":12022136,"basinId":22,"status":"no_data","color":"#94a3b8","radius":7}},{"type":"Feature","id":"669","geometry":{"type":"Point","coordinates":[36.86417000000006,41.09945000000005]},"properties":{"OBJECTID":669,"IstNo":12022142,"SuAdi":"KONAKKÖY D.","IstAdi":"MESCİTKÖY","BolgeNo":7,"ILKODU":55,"ILCEKODU":1676,"HAVZA_ID":14,"entityId":"669","entityType":"lakeStations","id":"669","name":"MESCİTKÖY","stationId":12022142,"basinId":14,"status":"no_data","color":"#94a3b8","radius":7}},{"type":"Feature","id":"670","geometry":{"type":"Point","coordinates":[36.85000000000008,41.12028000000004]},"properties":{"OBJECTID":670,"IstNo":12022143,"SuAdi":"TERME Ç.","IstAdi":"ŞEYHLİ","BolgeNo":7,"ILKODU":55,"ILCEKODU":1838,"HAVZA_ID":14,"entityId":"670","entityType":"lakeStations","id":"670","name":"ŞEYHLİ","stationId":12022143,"basinId":14,"status":"no_data","color":"#94a3b8","radius":7}},{"type":"Feature","id":"671","geometry":{"type":"Point","coordinates":[37.776110000000074,40.62250000000006]},"properties":{"OBJECTID":671,"IstNo":12022144,"SuAdi":"MELET IRMAĞI","IstAdi":"TOPÇAM","BolgeNo":7,"ILKODU":52,"ILCEKODU":1525,"HAVZA_ID":22,"entityId":"671","entityType":"lakeStations","id":"671","name":"TOPÇAM","stationId":12022144,"basinId":22,"status":"no_data","color":"#94a3b8","radius":7}},{"type":"Feature","id":"672","geometry":{"type":"Point","coordinates":[37.450000000000045,40.75222000000008]},"properties":{"OBJECTID":672,"IstNo":12022145,"SuAdi":"EGELİ Ç.","IstAdi":"KABATAŞ","BolgeNo":7,"ILKODU":52,"ILCEKODU":1951,"HAVZA_ID":22,"entityId":"672","entityType":"lakeStations","id":"672","name":"KABATAŞ","stationId":12022145,"basinId":22,"status":"no_data","color":"#94a3b8","radius":7}},{"type":"Feature","id":"673","geometry":{"type":"Point","coordinates":[41.46944000000008,41.39000000000004]},"properties":{"OBJECTID":673,"IstNo":12022147,"SuAdi":"SUNDURA D.","IstAdi":"HOPA","BolgeNo":26,"ILKODU":8,"ILCEKODU":1395,"HAVZA_ID":22,"entityId":"673","entityType":"lakeStations","id":"673","name":"HOPA","stationId":12022147,"basinId":22,"status":"no_data","color":"#94a3b8","radius":7}},{"type":"Feature","id":"674","geometry":{"type":"Point","coordinates":[41.526110000000074,41.480560000000025]},"properties":{"OBJECTID":674,"IstNo":12022149,"SuAdi":"KARAOSMANİYE D.","IstAdi":"KEMALPAŞA","BolgeNo":26,"ILKODU":8,"ILCEKODU":1395,"HAVZA_ID":22,"entityId":"674","entityType":"lakeStations","id":"674","name":"KEMALPAŞA","stationId":12022149,"basinId":22,"status":"no_data","color":"#94a3b8","radius":7}},{"type":"Feature","id":"675","geometry":{"type":"Point","coordinates":[41.53000000000003,41.485550000000046]},"properties":{"OBJECTID":675,"IstNo":12022150,"SuAdi":"HALVAŞİ D.","IstAdi":"KEMALPAŞA","BolgeNo":26,"ILKODU":8,"ILCEKODU":1395,"HAVZA_ID":22,"entityId":"675","entityType":"lakeStations","id":"675","name":"KEMALPAŞA","stationId":12022150,"basinId":22,"status":"no_data","color":"#94a3b8","radius":7}},{"type":"Feature","id":"676","geometry":{"type":"Point","coordinates":[41.301390000000026,41.329720000000066]},"properties":{"OBJECTID":676,"IstNo":12022151,"SuAdi":"KAPİSTRE D.","IstAdi":"ARHAVİ","BolgeNo":26,"ILKODU":8,"ILCEKODU":1147,"HAVZA_ID":22,"entityId":"676","entityType":"lakeStations","id":"676","name":"ARHAVİ","stationId":12022151,"basinId":22,"status":"no_data","color":"#94a3b8","radius":7}},{"type":"Feature","id":"677","geometry":{"type":"Point","coordinates":[41.14167000000003,41.26805000000007]},"properties":{"OBJECTID":677,"IstNo":12022152,"SuAdi":"TAHİROĞLU D.","IstAdi":"FINDIKLI","BolgeNo":22,"ILKODU":53,"ILCEKODU":1332,"HAVZA_ID":24,"entityId":"677","entityType":"lakeStations","id":"677","name":"FINDIKLI","stationId":12022152,"basinId":24,"status":"no_data","color":"#94a3b8","radius":7}},{"type":"Feature","id":"678","geometry":{"type":"Point","coordinates":[39.60083000000003,40.95389000000006]},"properties":{"OBJECTID":678,"IstNo":12022153,"SuAdi":"SERA D.","IstAdi":"DERECİK","BolgeNo":22,"ILKODU":61,"ILCEKODU":1113,"HAVZA_ID":22,"entityId":"678","entityType":"lakeStations","id":"678","name":"DERECİK","stationId":12022153,"basinId":22,"status":"no_data","color":"#94a3b8","radius":7}},{"type":"Feature","id":"679","geometry":{"type":"Point","coordinates":[39.502500000000055,40.95111000000003]},"properties":{"OBJECTID":679,"IstNo":12022154,"SuAdi":"SÖĞÜTLÜ D.","IstAdi":"ŞİNIK","BolgeNo":22,"ILKODU":61,"ILCEKODU":1113,"HAVZA_ID":22,"entityId":"679","entityType":"lakeStations","id":"679","name":"ŞİNIK","stationId":12022154,"basinId":22,"status":"no_data","color":"#94a3b8","radius":7}},{"type":"Feature","id":"680","geometry":{"type":"Point","coordinates":[38.84361000000007,40.91333000000003]},"properties":{"OBJECTID":680,"IstNo":12022155,"SuAdi":"HARŞİT Ç.","IstAdi":"ASLANCIK","BolgeNo":22,"ILKODU":28,"ILCEKODU":1678,"HAVZA_ID":22,"entityId":"680","entityType":"lakeStations","id":"680","name":"ASLANCIK","stationId":12022155,"basinId":22,"status":"no_data","color":"#94a3b8","radius":7}},{"type":"Feature","id":"681","geometry":{"type":"Point","coordinates":[39.62778000000003,40.401940000000025]},"properties":{"OBJECTID":681,"IstNo":12022156,"SuAdi":"HARŞİT Ç.","IstAdi":"YENİYOL","BolgeNo":22,"ILKODU":29,"ILCEKODU":1369,"HAVZA_ID":22,"entityId":"681","entityType":"lakeStations","id":"681","name":"YENİYOL","stationId":12022156,"basinId":22,"status":"no_data","color":"#94a3b8","radius":7}},{"type":"Feature","id":"682","geometry":{"type":"Point","coordinates":[36.47611000000006,41.026940000000025]},"properties":{"OBJECTID":682,"IstNo":12022157,"SuAdi":"ABDAL I.","IstAdi":"ÇAKMAK BARAJI-GÜLÖREN ","BolgeNo":7,"ILKODU":55,"ILCEKODU":1234,"HAVZA_ID":14,"entityId":"682","entityType":"lakeStations","id":"682","name":"ÇAKMAK BARAJI-GÜLÖREN ","stationId":12022157,"basinId":14,"status":"no_data","color":"#94a3b8","radius":7}},{"type":"Feature","id":"683","geometry":{"type":"Point","coordinates":[37.210560000000044,41.00111000000004]},"properties":{"OBJECTID":683,"IstNo":12022158,"SuAdi":"CEVİZ D.","IstAdi":"ÇINARCIK","BolgeNo":7,"ILKODU":52,"ILCEKODU":1706,"HAVZA_ID":22,"entityId":"683","entityType":"lakeStations","id":"683","name":"ÇINARCIK","stationId":12022158,"basinId":22,"status":"no_data","color":"#94a3b8","radius":7}},{"type":"Feature","id":"684","geometry":{"type":"Point","coordinates":[36.55944000000005,41.07528000000008]},"properties":{"OBJECTID":684,"IstNo":12022159,"SuAdi":"EĞRİDERE","IstAdi":"ÇAKMAK BARAJI GİRİŞ","BolgeNo":7,"ILKODU":55,"ILCEKODU":1234,"HAVZA_ID":14,"entityId":"684","entityType":"lakeStations","id":"684","name":"ÇAKMAK BARAJI GİRİŞ","stationId":12022159,"basinId":14,"status":"no_data","color":"#94a3b8","radius":7}},{"type":"Feature","id":"685","geometry":{"type":"Point","coordinates":[37.27028000000007,41.11639000000008]},"properties":{"OBJECTID":685,"IstNo":12022160,"SuAdi":"TABAKHANE DERESİ","IstAdi":"ÜNYE","BolgeNo":7,"ILKODU":52,"ILCEKODU":1706,"HAVZA_ID":22,"entityId":"685","entityType":"lakeStations","id":"685","name":"ÜNYE","stationId":12022160,"basinId":22,"status":"no_data","color":"#94a3b8","radius":7}},{"type":"Feature","id":"686","geometry":{"type":"Point","coordinates":[37.553890000000024,41.00834000000003]},"properties":{"OBJECTID":686,"IstNo":12022161,"SuAdi":"ILICA DERE","IstAdi":"KILIÇLI","BolgeNo":7,"ILKODU":52,"ILCEKODU":1328,"HAVZA_ID":22,"entityId":"686","entityType":"lakeStations","id":"686","name":"KILIÇLI","stationId":12022161,"basinId":22,"status":"no_data","color":"#94a3b8","radius":7}},{"type":"Feature","id":"687","geometry":{"type":"Point","coordinates":[40.25472000000008,40.429440000000056]},"properties":{"OBJECTID":687,"IstNo":12023003,"SuAdi":"ÇENGÜL D.","IstAdi":"ERİKDİBİ","BolgeNo":22,"ILKODU":69,"ILCEKODU":1767,"HAVZA_ID":23,"entityId":"687","entityType":"lakeStations","id":"687","name":"ERİKDİBİ","stationId":12023003,"basinId":23,"status":"no_data","color":"#94a3b8","radius":7}},{"type":"Feature","id":"688","geometry":{"type":"Point","coordinates":[40.063060000000064,40.402780000000064]},"properties":{"OBJECTID":688,"IstNo":12023028,"SuAdi":"BÜYÜKÇAY","IstAdi":"ÇATIKSU","BolgeNo":22,"ILKODU":69,"ILCEKODU":1767,"HAVZA_ID":23,"entityId":"688","entityType":"lakeStations","id":"688","name":"ÇATIKSU","stationId":12023028,"basinId":23,"status":"no_data","color":"#94a3b8","radius":7}},{"type":"Feature","id":"689","geometry":{"type":"Point","coordinates":[41.38055000000003,40.292500000000075]},"properties":{"OBJECTID":689,"IstNo":12023032,"SuAdi":"TEPE D.","IstAdi":"YELLİ TEPE","BolgeNo":8,"ILKODU":25,"ILCEKODU":1683,"HAVZA_ID":23,"entityId":"689","entityType":"lakeStations","id":"689","name":"YELLİ TEPE","stationId":12023032,"basinId":23,"status":"no_data","color":"#94a3b8","radius":7}},{"type":"Feature","id":"690","geometry":{"type":"Point","coordinates":[41.86002000000008,40.27102000000008]},"properties":{"OBJECTID":690,"IstNo":12023037,"SuAdi":"BAŞKALE Ç.","IstAdi":"YANIKTAŞ","BolgeNo":8,"ILKODU":25,"ILCEKODU":1540,"HAVZA_ID":23,"entityId":"690","entityType":"lakeStations","id":"690","name":"YANIKTAŞ","stationId":12023037,"basinId":23,"status":"no_data","color":"#94a3b8","radius":7}},{"type":"Feature","id":"691","geometry":{"type":"Point","coordinates":[41.51583000000005,40.50139000000007]},"properties":{"OBJECTID":691,"IstNo":12023040,"SuAdi":"TORTUM Ç.","IstAdi":"DİKYAR","BolgeNo":8,"ILKODU":25,"ILCEKODU":1851,"HAVZA_ID":23,"entityId":"691","entityType":"lakeStations","id":"691","name":"DİKYAR","stationId":12023040,"basinId":23,"status":"no_data","color":"#94a3b8","radius":7}},{"type":"Feature","id":"692","geometry":{"type":"Point","coordinates":[41.472300000000075,40.34342000000004]},"properties":{"OBJECTID":692,"IstNo":12023041,"SuAdi":"ESENDORUK ","IstAdi":"TORTUMKALE","BolgeNo":8,"ILKODU":25,"ILCEKODU":1683,"HAVZA_ID":23,"entityId":"692","entityType":"lakeStations","id":"692","name":"TORTUMKALE","stationId":12023041,"basinId":23,"status":"no_data","color":"#94a3b8","radius":7}},{"type":"Feature","id":"693","geometry":{"type":"Point","coordinates":[42.351350000000025,40.42871000000008]},"properties":{"OBJECTID":693,"IstNo":12023046,"SuAdi":"BARDIZ Ç.","IstAdi":"GAZİLER","BolgeNo":8,"ILKODU":25,"ILCEKODU":1657,"HAVZA_ID":23,"entityId":"693","entityType":"lakeStations","id":"693","name":"GAZİLER","stationId":12023046,"basinId":23,"status":"no_data","color":"#94a3b8","radius":7}},{"type":"Feature","id":"694","geometry":{"type":"Point","coordinates":[42.060550000000035,41.131110000000035]},"properties":{"OBJECTID":694,"IstNo":12023047,"SuAdi":"CEHENNEM D.","IstAdi":"ARDANUÇ","BolgeNo":26,"ILKODU":8,"ILCEKODU":1145,"HAVZA_ID":23,"entityId":"694","entityType":"lakeStations","id":"694","name":"ARDANUÇ","stationId":12023047,"basinId":23,"status":"no_data","color":"#94a3b8","radius":7}},{"type":"Feature","id":"695","geometry":{"type":"Point","coordinates":[40.787780000000055,40.27555000000007]},"properties":{"OBJECTID":695,"IstNo":12023048,"SuAdi":"ÇORUH Ç.","IstAdi":"DEĞİRMENLİ","BolgeNo":8,"ILKODU":25,"ILCEKODU":1416,"HAVZA_ID":23,"entityId":"695","entityType":"lakeStations","id":"695","name":"DEĞİRMENLİ","stationId":12023048,"basinId":23,"status":"no_data","color":"#94a3b8","radius":7}},{"type":"Feature","id":"696","geometry":{"type":"Point","coordinates":[41.568610000000035,41.38861000000003]},"properties":{"OBJECTID":696,"IstNo":12023051,"SuAdi":"ÇIKALA D.","IstAdi":"ÇİFTE KÖPRÜ","BolgeNo":26,"ILKODU":8,"ILCEKODU":1202,"HAVZA_ID":23,"entityId":"696","entityType":"lakeStations","id":"696","name":"ÇİFTE KÖPRÜ","stationId":12023051,"basinId":23,"status":"no_data","color":"#94a3b8","radius":7}},{"type":"Feature","id":"697","geometry":{"type":"Point","coordinates":[41.50834000000003,40.93472000000003]},"properties":{"OBJECTID":697,"IstNo":12023052,"SuAdi":"PARHAL ÇAYI","IstAdi":"LİVANEDERE","BolgeNo":26,"ILKODU":8,"ILCEKODU":1736,"HAVZA_ID":23,"entityId":"697","entityType":"lakeStations","id":"697","name":"LİVANEDERE","stationId":12023052,"basinId":23,"status":"no_data","color":"#94a3b8","radius":7}},{"type":"Feature","id":"698","geometry":{"type":"Point","coordinates":[41.60305000000005,40.730000000000075]},"properties":{"OBJECTID":698,"IstNo":12023053,"SuAdi":"OLTU SUYU","IstAdi":"MORKAYA","BolgeNo":26,"ILKODU":8,"ILCEKODU":1736,"HAVZA_ID":23,"entityId":"698","entityType":"lakeStations","id":"698","name":"MORKAYA","stationId":12023053,"basinId":23,"status":"no_data","color":"#94a3b8","radius":7}},{"type":"Feature","id":"699","geometry":{"type":"Point","coordinates":[43.84722000000005,40.042500000000075]},"properties":{"OBJECTID":699,"IstNo":12024004,"SuAdi":"ARAS N.","IstAdi":"SERDARABAT REG. (DOĞU)","BolgeNo":24,"ILKODU":76,"ILCEKODU":1398,"HAVZA_ID":24,"entityId":"699","entityType":"lakeStations","id":"699","name":"SERDARABAT REG. (DOĞU)","stationId":12024004,"basinId":24,"status":"no_data","color":"#94a3b8","radius":7}},{"type":"Feature","id":"700","geometry":{"type":"Point","coordinates":[43.84722000000005,40.042500000000075]},"properties":{"OBJECTID":700,"IstNo":12024004,"SuAdi":"ARAS N.","IstAdi":"SERDARABAT REG. DOĞU IĞDIR ANAKANAL","BolgeNo":24,"ILKODU":76,"ILCEKODU":1398,"HAVZA_ID":24,"entityId":"700","entityType":"lakeStations","id":"700","name":"SERDARABAT REG. DOĞU IĞDIR ANAKANAL","stationId":12024004,"basinId":24,"status":"no_data","color":"#94a3b8","radius":7}},{"type":"Feature","id":"701","geometry":{"type":"Point","coordinates":[43.62778000000003,40.738890000000026]},"properties":{"OBJECTID":701,"IstNo":12024009,"SuAdi":"KARAHAN Ç.","IstAdi":"AKYAKA","BolgeNo":24,"ILKODU":36,"ILCEKODU":1756,"HAVZA_ID":24,"entityId":"701","entityType":"lakeStations","id":"701","name":"AKYAKA","stationId":12024009,"basinId":24,"status":"no_data","color":"#94a3b8","radius":7}},{"type":"Feature","id":"702","geometry":{"type":"Point","coordinates":[43.55305000000004,40.73444000000006]},"properties":{"OBJECTID":702,"IstNo":12024010,"SuAdi":"KARS Ç.","IstAdi":"ŞAHNALAR","BolgeNo":24,"ILKODU":36,"ILCEKODU":1756,"HAVZA_ID":24,"entityId":"702","entityType":"lakeStations","id":"702","name":"ŞAHNALAR","stationId":12024010,"basinId":24,"status":"no_data","color":"#94a3b8","radius":7}},{"type":"Feature","id":"703","geometry":{"type":"Point","coordinates":[43.84722000000005,40.042500000000075]},"properties":{"OBJECTID":703,"IstNo":12024013,"SuAdi":"ARAS N.","IstAdi":"SERDARABAT REG. (BATI)","BolgeNo":24,"ILKODU":76,"ILCEKODU":1398,"HAVZA_ID":24,"entityId":"703","entityType":"lakeStations","id":"703","name":"SERDARABAT REG. (BATI)","stationId":12024013,"basinId":24,"status":"no_data","color":"#94a3b8","radius":7}},{"type":"Feature","id":"704","geometry":{"type":"Point","coordinates":[43.84722000000005,40.042500000000075]},"properties":{"OBJECTID":704,"IstNo":12024013,"SuAdi":"ARAS N.","IstAdi":"SERDARABAT REG. BATI IĞDIR ANAKANAL","BolgeNo":24,"ILKODU":76,"ILCEKODU":1398,"HAVZA_ID":24,"entityId":"704","entityType":"lakeStations","id":"704","name":"SERDARABAT REG. BATI IĞDIR ANAKANAL","stationId":12024013,"basinId":24,"status":"no_data","color":"#94a3b8","radius":7}},{"type":"Feature","id":"705","geometry":{"type":"Point","coordinates":[42.84833000000003,41.19778000000008]},"properties":{"OBJECTID":705,"IstNo":12024018,"SuAdi":"KANTARLI Ç.","IstAdi":"ÇAYAĞZI","BolgeNo":24,"ILKODU":75,"ILCEKODU":1380,"HAVZA_ID":24,"entityId":"705","entityType":"lakeStations","id":"705","name":"ÇAYAĞZI","stationId":12024018,"basinId":24,"status":"no_data","color":"#94a3b8","radius":7}},{"type":"Feature","id":"706","geometry":{"type":"Point","coordinates":[43.783330000000035,40.066670000000045]},"properties":{"OBJECTID":706,"IstNo":12024020,"SuAdi":"ARAS N.","IstAdi":"SÜRMELİ","BolgeNo":24,"ILKODU":76,"ILCEKODU":1692,"HAVZA_ID":24,"entityId":"706","entityType":"lakeStations","id":"706","name":"SÜRMELİ","stationId":12024020,"basinId":24,"status":"no_data","color":"#94a3b8","radius":7}},{"type":"Feature","id":"707","geometry":{"type":"Point","coordinates":[42.71833000000004,40.39695000000006]},"properties":{"OBJECTID":707,"IstNo":12024022,"SuAdi":"GÜNEY D.","IstAdi":"TANSUK","BolgeNo":24,"ILKODU":36,"ILCEKODU":1601,"HAVZA_ID":24,"entityId":"707","entityType":"lakeStations","id":"707","name":"TANSUK","stationId":12024022,"basinId":24,"status":"no_data","color":"#94a3b8","radius":7}},{"type":"Feature","id":"708","geometry":{"type":"Point","coordinates":[43.63334000000003,40.616660000000024]},"properties":{"OBJECTID":708,"IstNo":12024024,"SuAdi":"TAZEKENT S.","IstAdi":"TAZEKENT","BolgeNo":24,"ILKODU":36,"ILCEKODU":1447,"HAVZA_ID":24,"entityId":"708","entityType":"lakeStations","id":"708","name":"TAZEKENT","stationId":12024024,"basinId":24,"status":"no_data","color":"#94a3b8","radius":7}},{"type":"Feature","id":"709","geometry":{"type":"Point","coordinates":[43.64250000000004,40.53917000000007]},"properties":{"OBJECTID":709,"IstNo":12024027,"SuAdi":"ARPAÇAY","IstAdi":"KIZILAY (AHMET ŞAHAN)","BolgeNo":24,"ILKODU":36,"ILCEKODU":1447,"HAVZA_ID":24,"entityId":"709","entityType":"lakeStations","id":"709","name":"KIZILAY (AHMET ŞAHAN)","stationId":12024027,"basinId":24,"status":"no_data","color":"#94a3b8","radius":7}},{"type":"Feature","id":"710","geometry":{"type":"Point","coordinates":[42.71167000000003,40.50972000000007]},"properties":{"OBJECTID":710,"IstNo":12024028,"SuAdi":"KEKEÇ S.","IstAdi":"ESKİGEÇİT","BolgeNo":24,"ILKODU":36,"ILCEKODU":1614,"HAVZA_ID":24,"entityId":"710","entityType":"lakeStations","id":"710","name":"ESKİGEÇİT","stationId":12024028,"basinId":24,"status":"no_data","color":"#94a3b8","radius":7}},{"type":"Feature","id":"711","geometry":{"type":"Point","coordinates":[41.618670000000066,39.898000000000025]},"properties":{"OBJECTID":711,"IstNo":12024040,"SuAdi":"MASAT D.","IstAdi":"BULKASIM","BolgeNo":8,"ILKODU":25,"ILCEKODU":1567,"HAVZA_ID":24,"entityId":"711","entityType":"lakeStations","id":"711","name":"BULKASIM","stationId":12024040,"basinId":24,"status":"no_data","color":"#94a3b8","radius":7}},{"type":"Feature","id":"712","geometry":{"type":"Point","coordinates":[41.82917000000003,39.954440000000034]},"properties":{"OBJECTID":712,"IstNo":12024042,"SuAdi":"HASANKALE Ç.","IstAdi":"EĞİRMEZ","BolgeNo":8,"ILKODU":25,"ILCEKODU":1967,"HAVZA_ID":24,"entityId":"712","entityType":"lakeStations","id":"712","name":"EĞİRMEZ","stationId":12024042,"basinId":24,"status":"no_data","color":"#94a3b8","radius":7}},{"type":"Feature","id":"713","geometry":{"type":"Point","coordinates":[43.338610000000074,40.44111000000004]},"properties":{"OBJECTID":713,"IstNo":12024048,"SuAdi":"DİGOR S.","IstAdi":"GÜLHAYRAN","BolgeNo":24,"ILKODU":36,"ILCEKODU":1279,"HAVZA_ID":24,"entityId":"713","entityType":"lakeStations","id":"713","name":"GÜLHAYRAN","stationId":12024048,"basinId":24,"status":"no_data","color":"#94a3b8","radius":7}},{"type":"Feature","id":"714","geometry":{"type":"Point","coordinates":[43.47611000000006,40.35444000000007]},"properties":{"OBJECTID":714,"IstNo":12024049,"SuAdi":"DİGOR S.","IstAdi":"HİSARÖNÜ","BolgeNo":24,"ILKODU":36,"ILCEKODU":1279,"HAVZA_ID":24,"entityId":"714","entityType":"lakeStations","id":"714","name":"HİSARÖNÜ","stationId":12024049,"basinId":24,"status":"no_data","color":"#94a3b8","radius":7}},{"type":"Feature","id":"715","geometry":{"type":"Point","coordinates":[44.18111000000005,39.57278000000008]},"properties":{"OBJECTID":715,"IstNo":12024052,"SuAdi":"SARISU","IstAdi":"TOPÇATAN ","BolgeNo":8,"ILKODU":4,"ILCEKODU":1287,"HAVZA_ID":24,"entityId":"715","entityType":"lakeStations","id":"715","name":"TOPÇATAN ","stationId":12024052,"basinId":24,"status":"no_data","color":"#94a3b8","radius":7}},{"type":"Feature","id":"716","geometry":{"type":"Point","coordinates":[42.485550000000046,41.071390000000065]},"properties":{"OBJECTID":716,"IstNo":12024053,"SuAdi":"KURA N.","IstAdi":"ÇATALKÖPRÜ","BolgeNo":24,"ILKODU":75,"ILCEKODU":1144,"HAVZA_ID":24,"entityId":"716","entityType":"lakeStations","id":"716","name":"ÇATALKÖPRÜ","stationId":12024053,"basinId":24,"status":"no_data","color":"#94a3b8","radius":7}},{"type":"Feature","id":"717","geometry":{"type":"Point","coordinates":[43.59639000000004,40.35417000000007]},"properties":{"OBJECTID":717,"IstNo":12024061,"SuAdi":"ARPAÇAY","IstAdi":"GÜVEN","BolgeNo":24,"ILKODU":36,"ILCEKODU":1279,"HAVZA_ID":24,"entityId":"717","entityType":"lakeStations","id":"717","name":"GÜVEN","stationId":12024061,"basinId":24,"status":"no_data","color":"#94a3b8","radius":7}},{"type":"Feature","id":"718","geometry":{"type":"Point","coordinates":[43.660000000000025,40.15222000000006]},"properties":{"OBJECTID":718,"IstNo":12024062,"SuAdi":"ARPAÇAY","IstAdi":"HALIKIŞLAK","BolgeNo":24,"ILKODU":36,"ILCEKODU":null,"HAVZA_ID":24,"entityId":"718","entityType":"lakeStations","id":"718","name":"HALIKIŞLAK","stationId":12024062,"basinId":24,"status":"no_data","color":"#94a3b8","radius":7}},{"type":"Feature","id":"719","geometry":{"type":"Point","coordinates":[42.79389000000003,41.238890000000026]},"properties":{"OBJECTID":719,"IstNo":12024063,"SuAdi":"COT S.","IstAdi":"KOYUNPINARI","BolgeNo":24,"ILKODU":75,"ILCEKODU":1380,"HAVZA_ID":24,"entityId":"719","entityType":"lakeStations","id":"719","name":"KOYUNPINARI","stationId":12024063,"basinId":24,"status":"no_data","color":"#94a3b8","radius":7}},{"type":"Feature","id":"720","geometry":{"type":"Point","coordinates":[43.40611000000007,40.328610000000026]},"properties":{"OBJECTID":720,"IstNo":12024064,"SuAdi":"HERÇİKLİ D.","IstAdi":"VARLI","BolgeNo":24,"ILKODU":36,"ILCEKODU":1279,"HAVZA_ID":24,"entityId":"720","entityType":"lakeStations","id":"720","name":"VARLI","stationId":12024064,"basinId":24,"status":"no_data","color":"#94a3b8","radius":7}},{"type":"Feature","id":"721","geometry":{"type":"Point","coordinates":[42.660000000000025,40.77750000000003]},"properties":{"OBJECTID":721,"IstNo":12024065,"SuAdi":"TÜRKMEN D.","IstAdi":"SENEMOĞLU","BolgeNo":24,"ILKODU":75,"ILCEKODU":1356,"HAVZA_ID":24,"entityId":"721","entityType":"lakeStations","id":"721","name":"SENEMOĞLU","stationId":12024065,"basinId":24,"status":"no_data","color":"#94a3b8","radius":7}},{"type":"Feature","id":"722","geometry":{"type":"Point","coordinates":[43.676390000000026,40.09889000000004]},"properties":{"OBJECTID":722,"IstNo":12024066,"SuAdi":"ARAS N.","IstAdi":"HALİMCAN KARAKOLU","BolgeNo":24,"ILKODU":76,"ILCEKODU":1692,"HAVZA_ID":24,"entityId":"722","entityType":"lakeStations","id":"722","name":"HALİMCAN KARAKOLU","stationId":12024066,"basinId":24,"status":"no_data","color":"#94a3b8","radius":7}},{"type":"Feature","id":"723","geometry":{"type":"Point","coordinates":[42.66500000000008,40.37056000000007]},"properties":{"OBJECTID":723,"IstNo":12024069,"SuAdi":"SARIKAMIŞ S.","IstAdi":"YAĞBASAN","BolgeNo":24,"ILKODU":36,"ILCEKODU":1601,"HAVZA_ID":24,"entityId":"723","entityType":"lakeStations","id":"723","name":"YAĞBASAN","stationId":12024069,"basinId":24,"status":"no_data","color":"#94a3b8","radius":7}},{"type":"Feature","id":"724","geometry":{"type":"Point","coordinates":[43.12695000000008,40.78083000000004]},"properties":{"OBJECTID":724,"IstNo":12024070,"SuAdi":"SUSUZ D.","IstAdi":"SUSUZ","BolgeNo":24,"ILKODU":36,"ILCEKODU":1645,"HAVZA_ID":24,"entityId":"724","entityType":"lakeStations","id":"724","name":"SUSUZ","stationId":12024070,"basinId":24,"status":"no_data","color":"#94a3b8","radius":7}},{"type":"Feature","id":"725","geometry":{"type":"Point","coordinates":[42.68778000000003,40.48472000000004]},"properties":{"OBJECTID":725,"IstNo":12024073,"SuAdi":"KATRANLI Ç.","IstAdi":"BÖLÜKBAŞI","BolgeNo":24,"ILKODU":36,"ILCEKODU":1614,"HAVZA_ID":24,"entityId":"725","entityType":"lakeStations","id":"725","name":"BÖLÜKBAŞI","stationId":12024073,"basinId":24,"status":"no_data","color":"#94a3b8","radius":7}},{"type":"Feature","id":"726","geometry":{"type":"Point","coordinates":[42.678330000000074,40.401670000000024]},"properties":{"OBJECTID":726,"IstNo":12024074,"SuAdi":"ÇUBUK D.","IstAdi":"ÇATAK","BolgeNo":24,"ILKODU":36,"ILCEKODU":1601,"HAVZA_ID":24,"entityId":"726","entityType":"lakeStations","id":"726","name":"ÇATAK","stationId":12024074,"basinId":24,"status":"no_data","color":"#94a3b8","radius":7}},{"type":"Feature","id":"727","geometry":{"type":"Point","coordinates":[43.606670000000065,39.91444000000007]},"properties":{"OBJECTID":727,"IstNo":12024078,"SuAdi":"ACIÇAY","IstAdi":"HAMURKESEN","BolgeNo":24,"ILKODU":76,"ILCEKODU":1692,"HAVZA_ID":24,"entityId":"727","entityType":"lakeStations","id":"727","name":"HAMURKESEN","stationId":12024078,"basinId":24,"status":"no_data","color":"#94a3b8","radius":7}},{"type":"Feature","id":"728","geometry":{"type":"Point","coordinates":[42.741660000000024,41.499720000000025]},"properties":{"OBJECTID":728,"IstNo":12024080,"SuAdi":"POSOF Ç.","IstAdi":"POSOF","BolgeNo":24,"ILKODU":75,"ILCEKODU":1579,"HAVZA_ID":24,"entityId":"728","entityType":"lakeStations","id":"728","name":"POSOF","stationId":12024080,"basinId":24,"status":"no_data","color":"#94a3b8","radius":7}},{"type":"Feature","id":"729","geometry":{"type":"Point","coordinates":[42.24861000000004,40.12667000000005]},"properties":{"OBJECTID":729,"IstNo":12024083,"SuAdi":"SÜNGÜTAŞ D.","IstAdi":"ÇERMİK","BolgeNo":8,"ILKODU":25,"ILCEKODU":1396,"HAVZA_ID":24,"entityId":"729","entityType":"lakeStations","id":"729","name":"ÇERMİK","stationId":12024083,"basinId":24,"status":"no_data","color":"#94a3b8","radius":7}},{"type":"Feature","id":"730","geometry":{"type":"Point","coordinates":[42.840280000000064,41.23222000000004]},"properties":{"OBJECTID":730,"IstNo":12024086,"SuAdi":"HANAK Ç.","IstAdi":"HANAK (AVCILAR)","BolgeNo":24,"ILKODU":75,"ILCEKODU":1380,"HAVZA_ID":24,"entityId":"730","entityType":"lakeStations","id":"730","name":"HANAK (AVCILAR)","stationId":12024086,"basinId":24,"status":"no_data","color":"#94a3b8","radius":7}},{"type":"Feature","id":"731","geometry":{"type":"Point","coordinates":[43.14528000000007,40.175830000000076]},"properties":{"OBJECTID":731,"IstNo":12024087,"SuAdi":"DEĞİRMEN D.","IstAdi":"KAĞIZMAN","BolgeNo":24,"ILKODU":36,"ILCEKODU":1424,"HAVZA_ID":24,"entityId":"731","entityType":"lakeStations","id":"731","name":"KAĞIZMAN","stationId":12024087,"basinId":24,"status":"no_data","color":"#94a3b8","radius":7}},{"type":"Feature","id":"732","geometry":{"type":"Point","coordinates":[42.973610000000065,40.458060000000046]},"properties":{"OBJECTID":732,"IstNo":12024088,"SuAdi":"KARS Ç.","IstAdi":"ALABALIK REG.","BolgeNo":24,"ILKODU":36,"ILCEKODU":1447,"HAVZA_ID":24,"entityId":"732","entityType":"lakeStations","id":"732","name":"ALABALIK REG.","stationId":12024088,"basinId":24,"status":"no_data","color":"#94a3b8","radius":7}},{"type":"Feature","id":"733","geometry":{"type":"Point","coordinates":[43.58889000000005,40.86000000000007]},"properties":{"OBJECTID":733,"IstNo":12024090,"SuAdi":"KARAHAN Ç.","IstAdi":"TAŞDERE","BolgeNo":24,"ILKODU":36,"ILCEKODU":1756,"HAVZA_ID":24,"entityId":"733","entityType":"lakeStations","id":"733","name":"TAŞDERE","stationId":12024090,"basinId":24,"status":"no_data","color":"#94a3b8","radius":7}},{"type":"Feature","id":"734","geometry":{"type":"Point","coordinates":[43.09444000000008,40.61639000000008]},"properties":{"OBJECTID":734,"IstNo":12024091,"SuAdi":"KARS Ç.","IstAdi":"FAKÜLTE ÖNÜ","BolgeNo":24,"ILKODU":36,"ILCEKODU":1447,"HAVZA_ID":24,"entityId":"734","entityType":"lakeStations","id":"734","name":"FAKÜLTE ÖNÜ","stationId":12024091,"basinId":24,"status":"no_data","color":"#94a3b8","radius":7}},{"type":"Feature","id":"735","geometry":{"type":"Point","coordinates":[42.99333000000007,40.22639000000004]},"properties":{"OBJECTID":735,"IstNo":12024095,"SuAdi":"KÖTEK Ç.","IstAdi":"KÖTEK","BolgeNo":24,"ILKODU":36,"ILCEKODU":1424,"HAVZA_ID":24,"entityId":"735","entityType":"lakeStations","id":"735","name":"KÖTEK","stationId":12024095,"basinId":24,"status":"no_data","color":"#94a3b8","radius":7}},{"type":"Feature","id":"736","geometry":{"type":"Point","coordinates":[41.838610000000074,39.837780000000066]},"properties":{"OBJECTID":736,"IstNo":12024096,"SuAdi":"ARAS N.","IstAdi":"KAYABAŞI","BolgeNo":8,"ILKODU":25,"ILCEKODU":1967,"HAVZA_ID":24,"entityId":"736","entityType":"lakeStations","id":"736","name":"KAYABAŞI","stationId":12024096,"basinId":24,"status":"no_data","color":"#94a3b8","radius":7}},{"type":"Feature","id":"737","geometry":{"type":"Point","coordinates":[42.588610000000074,41.175830000000076]},"properties":{"OBJECTID":737,"IstNo":12024098,"SuAdi":"ÇATALDERE","IstAdi":"DEĞİRMENLİ","BolgeNo":24,"ILKODU":75,"ILCEKODU":1144,"HAVZA_ID":24,"entityId":"737","entityType":"lakeStations","id":"737","name":"DEĞİRMENLİ","stationId":12024098,"basinId":24,"status":"no_data","color":"#94a3b8","radius":7}},{"type":"Feature","id":"738","geometry":{"type":"Point","coordinates":[43.26805000000007,40.941940000000045]},"properties":{"OBJECTID":738,"IstNo":12024102,"SuAdi":"LAVAŞ GÖLÜ","IstAdi":"BATI DERİVASYONU","BolgeNo":24,"ILKODU":75,"ILCEKODU":1149,"HAVZA_ID":24,"entityId":"738","entityType":"lakeStations","id":"738","name":"BATI DERİVASYONU","stationId":12024102,"basinId":24,"status":"no_data","color":"#94a3b8","radius":7}},{"type":"Feature","id":"739","geometry":{"type":"Point","coordinates":[43.331390000000056,41.05972000000003]},"properties":{"OBJECTID":739,"IstNo":12024103,"SuAdi":"ALABALIK DERE","IstAdi":"DOĞRUYOL","BolgeNo":24,"ILKODU":75,"ILCEKODU":1149,"HAVZA_ID":24,"entityId":"739","entityType":"lakeStations","id":"739","name":"DOĞRUYOL","stationId":12024103,"basinId":24,"status":"no_data","color":"#94a3b8","radius":7}},{"type":"Feature","id":"740","geometry":{"type":"Point","coordinates":[43.121110000000044,38.30695000000003]},"properties":{"OBJECTID":740,"IstNo":12025021,"SuAdi":"GEVAŞ S.","IstAdi":"GEVAŞ","BolgeNo":17,"ILKODU":65,"ILCEKODU":1350,"HAVZA_ID":25,"entityId":"740","entityType":"lakeStations","id":"740","name":"GEVAŞ","stationId":12025021,"basinId":25,"status":"no_data","color":"#94a3b8","radius":7}},{"type":"Feature","id":"741","geometry":{"type":"Point","coordinates":[44.31250000000006,38.499720000000025]},"properties":{"OBJECTID":741,"IstNo":12025037,"SuAdi":"ÇAYBAĞI D.","IstAdi":"KAPIKÖY","BolgeNo":17,"ILKODU":65,"ILCEKODU":1980,"HAVZA_ID":25,"entityId":"741","entityType":"lakeStations","id":"741","name":"KAPIKÖY","stationId":12025037,"basinId":25,"status":"no_data","color":"#94a3b8","radius":7}},{"type":"Feature","id":"742","geometry":{"type":"Point","coordinates":[42.997780000000034,38.30194000000006]},"properties":{"OBJECTID":742,"IstNo":12025038,"SuAdi":"GEVAŞ Ç.","IstAdi":"GÜZELKONAK","BolgeNo":17,"ILKODU":65,"ILCEKODU":1350,"HAVZA_ID":25,"entityId":"742","entityType":"lakeStations","id":"742","name":"GÜZELKONAK","stationId":12025038,"basinId":25,"status":"no_data","color":"#94a3b8","radius":7}},{"type":"Feature","id":"743","geometry":{"type":"Point","coordinates":[43.24273000000005,38.60352000000006]},"properties":{"OBJECTID":743,"IstNo":12025039,"SuAdi":"KARASU","IstAdi":"MERMİT KÖYÜ","BolgeNo":17,"ILKODU":65,"ILCEKODU":2099,"HAVZA_ID":25,"entityId":"743","entityType":"lakeStations","id":"743","name":"MERMİT KÖYÜ","stationId":12025039,"basinId":25,"status":"no_data","color":"#94a3b8","radius":7}},{"type":"Feature","id":"744","geometry":{"type":"Point","coordinates":[42.34528000000006,38.446390000000065]},"properties":{"OBJECTID":744,"IstNo":12025040,"SuAdi":"KOTUM Ç.","IstAdi":"TATVAN","BolgeNo":17,"ILKODU":13,"ILCEKODU":1669,"HAVZA_ID":21,"entityId":"744","entityType":"lakeStations","id":"744","name":"TATVAN","stationId":12025040,"basinId":21,"status":"no_data","color":"#94a3b8","radius":7}},{"type":"Feature","id":"745","geometry":{"type":"Point","coordinates":[42.91333000000003,38.26944000000003]},"properties":{"OBJECTID":745,"IstNo":12025043,"SuAdi":"BÜYÜK D.","IstAdi":"KOÇAK KÖYÜ","BolgeNo":17,"ILKODU":65,"ILCEKODU":1350,"HAVZA_ID":25,"entityId":"745","entityType":"lakeStations","id":"745","name":"KOÇAK KÖYÜ","stationId":12025043,"basinId":25,"status":"no_data","color":"#94a3b8","radius":7}},{"type":"Feature","id":"746","geometry":{"type":"Point","coordinates":[42.75028000000003,38.79500000000007]},"properties":{"OBJECTID":746,"IstNo":12025045,"SuAdi":"KASAP D.","IstAdi":"ADİLCEVAZ","BolgeNo":17,"ILKODU":13,"ILCEKODU":1106,"HAVZA_ID":25,"entityId":"746","entityType":"lakeStations","id":"746","name":"ADİLCEVAZ","stationId":12025045,"basinId":25,"status":"no_data","color":"#94a3b8","radius":7}},{"type":"Feature","id":"747","geometry":{"type":"Point","coordinates":[43.76015000000007,38.340130000000045]},"properties":{"OBJECTID":747,"IstNo":12025051,"SuAdi":"GUZELSU Ç.","IstAdi":"ZERNEK 2 KÖP.","BolgeNo":17,"ILKODU":65,"ILCEKODU":1372,"HAVZA_ID":25,"entityId":"747","entityType":"lakeStations","id":"747","name":"ZERNEK 2 KÖP.","stationId":12025051,"basinId":25,"status":"no_data","color":"#94a3b8","radius":7}},{"type":"Feature","id":"748","geometry":{"type":"Point","coordinates":[43.757780000000025,38.34361000000007]},"properties":{"OBJECTID":748,"IstNo":12025052,"SuAdi":"KELAN D.","IstAdi":"ZERNEK 1 KÖPRÜSÜ","BolgeNo":17,"ILKODU":65,"ILCEKODU":1372,"HAVZA_ID":25,"entityId":"748","entityType":"lakeStations","id":"748","name":"ZERNEK 1 KÖPRÜSÜ","stationId":12025052,"basinId":25,"status":"no_data","color":"#94a3b8","radius":7}},{"type":"Feature","id":"749","geometry":{"type":"Point","coordinates":[43.38000000000005,38.30305000000004]},"properties":{"OBJECTID":749,"IstNo":12025053,"SuAdi":"MEJİNGIR KAYNAK ","IstAdi":"YUKARI KAYMAZ K. ","BolgeNo":17,"ILKODU":65,"ILCEKODU":1372,"HAVZA_ID":25,"entityId":"749","entityType":"lakeStations","id":"749","name":"YUKARI KAYMAZ K. ","stationId":12025053,"basinId":25,"status":"no_data","color":"#94a3b8","radius":7}},{"type":"Feature","id":"750","geometry":{"type":"Point","coordinates":[40.88334000000003,37.85000000000008]},"properties":{"OBJECTID":750,"IstNo":12026012,"SuAdi":"BAŞNİK Ç.","IstAdi":"SALAT","BolgeNo":10,"ILKODU":21,"ILCEKODU":1195,"HAVZA_ID":21,"entityId":"750","entityType":"lakeStations","id":"750","name":"SALAT","stationId":12026012,"basinId":21,"status":"no_data","color":"#94a3b8","radius":7}},{"type":"Feature","id":"751","geometry":{"type":"Point","coordinates":[43.05944000000005,38.00667000000004]},"properties":{"OBJECTID":751,"IstNo":12026033,"SuAdi":"ÇATAK S.","IstAdi":"ÇATAK","BolgeNo":17,"ILKODU":65,"ILCEKODU":1236,"HAVZA_ID":21,"entityId":"751","entityType":"lakeStations","id":"751","name":"ÇATAK","stationId":12026033,"basinId":21,"status":"no_data","color":"#94a3b8","radius":7}},{"type":"Feature","id":"752","geometry":{"type":"Point","coordinates":[43.566670000000045,37.48333000000008]},"properties":{"OBJECTID":752,"IstNo":12026036,"SuAdi":"ZAP S.","IstAdi":"ÜZÜMCÜ KÖP.","BolgeNo":17,"ILKODU":30,"ILCEKODU":1377,"HAVZA_ID":21,"entityId":"752","entityType":"lakeStations","id":"752","name":"ÜZÜMCÜ KÖP.","stationId":12026036,"basinId":21,"status":"no_data","color":"#94a3b8","radius":7}},{"type":"Feature","id":"753","geometry":{"type":"Point","coordinates":[43.57546000000008,37.26253000000003]},"properties":{"OBJECTID":753,"IstNo":12026037,"SuAdi":"ÇIĞLI S.","IstAdi":"GEYMAN KÖP.","BolgeNo":17,"ILKODU":30,"ILCEKODU":1261,"HAVZA_ID":21,"entityId":"753","entityType":"lakeStations","id":"753","name":"GEYMAN KÖP.","stationId":12026037,"basinId":21,"status":"no_data","color":"#94a3b8","radius":7}},{"type":"Feature","id":"754","geometry":{"type":"Point","coordinates":[42.703610000000026,37.460830000000044]},"properties":{"OBJECTID":754,"IstNo":12026048,"SuAdi":"HEZİL ÇAYI","IstAdi":"ŞENOBA","BolgeNo":10,"ILKODU":73,"ILCEKODU":1698,"HAVZA_ID":21,"entityId":"754","entityType":"lakeStations","id":"754","name":"ŞENOBA","stationId":12026048,"basinId":21,"status":"no_data","color":"#94a3b8","radius":7}},{"type":"Feature","id":"755","geometry":{"type":"Point","coordinates":[42.793330000000026,38.088610000000074]},"properties":{"OBJECTID":755,"IstNo":12026051,"SuAdi":"MÜKÜS Ç.","IstAdi":"BAHÇESARAY","BolgeNo":17,"ILKODU":65,"ILCEKODU":1770,"HAVZA_ID":21,"entityId":"755","entityType":"lakeStations","id":"755","name":"BAHÇESARAY","stationId":12026051,"basinId":21,"status":"no_data","color":"#94a3b8","radius":7}},{"type":"Feature","id":"756","geometry":{"type":"Point","coordinates":[42.17805000000004,37.39695000000006]},"properties":{"OBJECTID":756,"IstNo":12026054,"SuAdi":"KIZILSU","IstAdi":"KASRİK BOĞAZI","BolgeNo":10,"ILKODU":73,"ILCEKODU":1661,"HAVZA_ID":21,"entityId":"756","entityType":"lakeStations","id":"756","name":"KASRİK BOĞAZI","stationId":12026054,"basinId":21,"status":"no_data","color":"#94a3b8","radius":7}},{"type":"Feature","id":"757","geometry":{"type":"Point","coordinates":[42.97972000000004,37.916390000000035]},"properties":{"OBJECTID":757,"IstNo":12026055,"SuAdi":"ÇATAK S..","IstAdi":"DALBASTI KÖP.","BolgeNo":17,"ILKODU":65,"ILCEKODU":1236,"HAVZA_ID":21,"entityId":"757","entityType":"lakeStations","id":"757","name":"DALBASTI KÖP.","stationId":12026055,"basinId":21,"status":"no_data","color":"#94a3b8","radius":7}},{"type":"Feature","id":"758","geometry":{"type":"Point","coordinates":[39.704440000000034,38.24333000000007]},"properties":{"OBJECTID":758,"IstNo":12026062,"SuAdi":"SALLAR Ç.","IstAdi":"YOLKÖPRÜ KÖYÜ","BolgeNo":10,"ILKODU":21,"ILCEKODU":1315,"HAVZA_ID":21,"entityId":"758","entityType":"lakeStations","id":"758","name":"YOLKÖPRÜ KÖYÜ","stationId":12026062,"basinId":21,"status":"no_data","color":"#94a3b8","radius":7}},{"type":"Feature","id":"759","geometry":{"type":"Point","coordinates":[44.60417000000007,37.714170000000024]},"properties":{"OBJECTID":759,"IstNo":12026065,"SuAdi":"ESENDERE Ç.","IstAdi":"ESENDERE","BolgeNo":17,"ILKODU":30,"ILCEKODU":1737,"HAVZA_ID":21,"entityId":"759","entityType":"lakeStations","id":"759","name":"ESENDERE","stationId":12026065,"basinId":21,"status":"no_data","color":"#94a3b8","radius":7}},{"type":"Feature","id":"760","geometry":{"type":"Point","coordinates":[42.17389000000003,37.35194000000007]},"properties":{"OBJECTID":760,"IstNo":12026067,"SuAdi":"DİCLE N.","IstAdi":"CİZRE","BolgeNo":10,"ILKODU":73,"ILCEKODU":1223,"HAVZA_ID":21,"entityId":"760","entityType":"lakeStations","id":"760","name":"CİZRE","stationId":12026067,"basinId":21,"status":"no_data","color":"#94a3b8","radius":7}},{"type":"Feature","id":"761","geometry":{"type":"Point","coordinates":[42.318610000000035,37.268890000000056]},"properties":{"OBJECTID":761,"IstNo":12026068,"SuAdi":"NERDÜŞ Ç.","IstAdi":"PINARÖNÜ","BolgeNo":10,"ILKODU":73,"ILCEKODU":1223,"HAVZA_ID":21,"entityId":"761","entityType":"lakeStations","id":"761","name":"PINARÖNÜ","stationId":12026068,"basinId":21,"status":"no_data","color":"#94a3b8","radius":7}},{"type":"Feature","id":"762","geometry":{"type":"Point","coordinates":[43.57583000000005,37.26305000000008]},"properties":{"OBJECTID":762,"IstNo":12026075,"SuAdi":"ZAPSUYU","IstAdi":"ÇUKURCA","BolgeNo":17,"ILKODU":30,"ILCEKODU":1261,"HAVZA_ID":21,"entityId":"762","entityType":"lakeStations","id":"762","name":"ÇUKURCA","stationId":12026075,"basinId":21,"status":"no_data","color":"#94a3b8","radius":7}},{"type":"Feature","id":"763","geometry":{"type":"Point","coordinates":[44.452780000000075,37.222500000000025]},"properties":{"OBJECTID":763,"IstNo":12026076,"SuAdi":"ŞEMDİNLI Ç.","IstAdi":"YAYLAPINAR KÖP.","BolgeNo":17,"ILKODU":30,"ILCEKODU":1656,"HAVZA_ID":21,"entityId":"763","entityType":"lakeStations","id":"763","name":"YAYLAPINAR KÖP.","stationId":12026076,"basinId":21,"status":"no_data","color":"#94a3b8","radius":7}},{"type":"Feature","id":"764","geometry":{"type":"Point","coordinates":[41.83889000000005,37.51583000000005]},"properties":{"OBJECTID":764,"IstNo":12026081,"SuAdi":"DİCLE N.","IstAdi":"ILISU BRJ","BolgeNo":10,"ILKODU":47,"ILCEKODU":1787,"HAVZA_ID":21,"entityId":"764","entityType":"lakeStations","id":"764","name":"ILISU BRJ","stationId":12026081,"basinId":21,"status":"no_data","color":"#94a3b8","radius":7}},{"type":"Feature","id":"765","geometry":{"type":"Point","coordinates":[41.83889000000005,37.51583000000005]},"properties":{"OBJECTID":765,"IstNo":12026081,"SuAdi":"DİCLE NEHRİ","IstAdi":"ILISU BRJ","BolgeNo":10,"ILKODU":47,"ILCEKODU":1787,"HAVZA_ID":21,"entityId":"765","entityType":"lakeStations","id":"765","name":"ILISU BRJ","stationId":12026081,"basinId":21,"status":"no_data","color":"#94a3b8","radius":7}},{"type":"Feature","id":"766","geometry":{"type":"Point","coordinates":[43.15250000000003,37.37056000000007]},"properties":{"OBJECTID":766,"IstNo":12026082,"SuAdi":"HABUR Ç.","IstAdi":"HABUR-2 KÖPRÜSÜ","BolgeNo":10,"ILKODU":73,"ILCEKODU":1698,"HAVZA_ID":21,"entityId":"766","entityType":"lakeStations","id":"766","name":"HABUR-2 KÖPRÜSÜ","stationId":12026082,"basinId":21,"status":"no_data","color":"#94a3b8","radius":7}},{"type":"Feature","id":"767","geometry":{"type":"Point","coordinates":[43.15250000000003,37.37056000000007]},"properties":{"OBJECTID":767,"IstNo":12026082,"SuAdi":"HABUR ÇAYI","IstAdi":"HABUR-II KÖPRÜSÜ","BolgeNo":10,"ILKODU":73,"ILCEKODU":1698,"HAVZA_ID":21,"entityId":"767","entityType":"lakeStations","id":"767","name":"HABUR-II KÖPRÜSÜ","stationId":12026082,"basinId":21,"status":"no_data","color":"#94a3b8","radius":7}},{"type":"Feature","id":"768","geometry":{"type":"Point","coordinates":[41.026670000000024,38.28833000000003]},"properties":{"OBJECTID":768,"IstNo":12026083,"SuAdi":"KULP  Ç.","IstAdi":"SİLVAN BRJ","BolgeNo":10,"ILKODU":21,"ILCEKODU":1490,"HAVZA_ID":21,"entityId":"768","entityType":"lakeStations","id":"768","name":"SİLVAN BRJ","stationId":12026083,"basinId":21,"status":"no_data","color":"#94a3b8","radius":7}},{"type":"Feature","id":"769","geometry":{"type":"Point","coordinates":[40.89000000000004,37.56722000000008]},"properties":{"OBJECTID":769,"IstNo":12026084,"SuAdi":"SAVUR ÇAYI","IstAdi":"AHMEDİ KÖYÜ","BolgeNo":10,"ILKODU":47,"ILCEKODU":1609,"HAVZA_ID":21,"entityId":"769","entityType":"lakeStations","id":"769","name":"AHMEDİ KÖYÜ","stationId":12026084,"basinId":21,"status":"no_data","color":"#94a3b8","radius":7}},{"type":"Feature","id":"770","geometry":{"type":"Point","coordinates":[41.29583000000008,38.28833000000003]},"properties":{"OBJECTID":770,"IstNo":12026085,"SuAdi":"AYDINLIK  ÇAYI","IstAdi":"SASON","BolgeNo":10,"ILKODU":72,"ILCEKODU":1607,"HAVZA_ID":21,"entityId":"770","entityType":"lakeStations","id":"770","name":"SASON","stationId":12026085,"basinId":21,"status":"no_data","color":"#94a3b8","radius":7}},{"type":"Feature","id":"771","geometry":{"type":"Point","coordinates":[26.238890000000026,40.775280000000066]},"properties":{"OBJECTID":771,"IstNo":14001040,"SuAdi":"ÇELTİK GÖLÜ","IstAdi":"GALA","BolgeNo":11,"ILKODU":22,"ILCEKODU":1307,"HAVZA_ID":1,"entityId":"771","entityType":"lakeStations","id":"771","name":"GALA","stationId":14001040,"basinId":1,"status":"no_data","color":"#94a3b8","radius":7}},{"type":"Feature","id":"772","geometry":{"type":"Point","coordinates":[29.69944000000004,40.40750000000003]},"properties":{"OBJECTID":772,"IstNo":14002109,"SuAdi":"İZNİK GÖLÜ","IstAdi":"İZNİK MERKEZ","BolgeNo":1,"ILKODU":16,"ILCEKODU":1420,"HAVZA_ID":2,"entityId":"772","entityType":"lakeStations","id":"772","name":"İZNİK MERKEZ","stationId":14002109,"basinId":2,"status":"no_data","color":"#94a3b8","radius":7}},{"type":"Feature","id":"773","geometry":{"type":"Point","coordinates":[28.04889000000003,40.131110000000035]},"properties":{"OBJECTID":773,"IstNo":14003047,"SuAdi":"MANYAS GÖLÜ","IstAdi":"ERGİLİ REGÜLATÖR ÇIKIŞI","BolgeNo":25,"ILKODU":10,"ILCEKODU":1171,"HAVZA_ID":3,"entityId":"773","entityType":"lakeStations","id":"773","name":"ERGİLİ REGÜLATÖR ÇIKIŞI","stationId":14003047,"basinId":3,"status":"no_data","color":"#94a3b8","radius":7}},{"type":"Feature","id":"774","geometry":{"type":"Point","coordinates":[27.875000000000057,40.18333000000007]},"properties":{"OBJECTID":774,"IstNo":14003093,"SuAdi":"MANYAS GÖLÜ","IstAdi":"GÖLYAKA","BolgeNo":25,"ILKODU":10,"ILCEKODU":1171,"HAVZA_ID":3,"entityId":"774","entityType":"lakeStations","id":"774","name":"GÖLYAKA","stationId":14003093,"basinId":3,"status":"no_data","color":"#94a3b8","radius":7}},{"type":"Feature","id":"775","geometry":{"type":"Point","coordinates":[27.985280000000046,40.24028000000004]},"properties":{"OBJECTID":775,"IstNo":14003124,"SuAdi":"MANYAS GÖLÜ","IstAdi":"BEREKETLİ","BolgeNo":25,"ILKODU":10,"ILCEKODU":1171,"HAVZA_ID":3,"entityId":"775","entityType":"lakeStations","id":"775","name":"BEREKETLİ","stationId":14003124,"basinId":3,"status":"no_data","color":"#94a3b8","radius":7}},{"type":"Feature","id":"776","geometry":{"type":"Point","coordinates":[28.025000000000034,38.32222000000007]},"properties":{"OBJECTID":776,"IstNo":14005051,"SuAdi":"GÖLCÜK GÖLÜ","IstAdi":"GÖL GÖZLEM","BolgeNo":2,"ILKODU":35,"ILCEKODU":1563,"HAVZA_ID":5,"entityId":"776","entityType":"lakeStations","id":"776","name":"GÖL GÖZLEM","stationId":14005051,"basinId":5,"status":"no_data","color":"#94a3b8","radius":7}},{"type":"Feature","id":"777","geometry":{"type":"Point","coordinates":[29.828890000000058,38.215280000000064]},"properties":{"OBJECTID":777,"IstNo":14007002,"SuAdi":"IŞIKLI GÖLÜ","IstAdi":"GÖL GÖZLEM","BolgeNo":21,"ILKODU":20,"ILCEKODU":1257,"HAVZA_ID":7,"entityId":"777","entityType":"lakeStations","id":"777","name":"GÖL GÖZLEM","stationId":14007002,"basinId":7,"status":"no_data","color":"#94a3b8","radius":7}},{"type":"Feature","id":"778","geometry":{"type":"Point","coordinates":[27.486110000000053,37.47667000000007]},"properties":{"OBJECTID":778,"IstNo":14007024,"SuAdi":"BAFA GÖLÜ","IstAdi":"GÖL GÖZLEM","BolgeNo":21,"ILKODU":9,"ILCEKODU":1528,"HAVZA_ID":7,"entityId":"778","entityType":"lakeStations","id":"778","name":"GÖL GÖZLEM","stationId":14007024,"basinId":7,"status":"no_data","color":"#94a3b8","radius":7}},{"type":"Feature","id":"779","geometry":{"type":"Point","coordinates":[30.219720000000052,38.06389000000007]},"properties":{"OBJECTID":779,"IstNo":14007067,"SuAdi":"ÇAPALI GÖLÜ","IstAdi":"ÇAPALI GÖL GÖZLEM","BolgeNo":18,"ILKODU":3,"ILCEKODU":1281,"HAVZA_ID":7,"entityId":"779","entityType":"lakeStations","id":"779","name":"ÇAPALI GÖL GÖZLEM","stationId":14007067,"basinId":7,"status":"no_data","color":"#94a3b8","radius":7}},{"type":"Feature","id":"780","geometry":{"type":"Point","coordinates":[29.663890000000038,36.691940000000045]},"properties":{"OBJECTID":780,"IstNo":14008001,"SuAdi":"GİRDEV GÖLÜ","IstAdi":"GÖL GÖZLEM","BolgeNo":21,"ILKODU":48,"ILCEKODU":2090,"HAVZA_ID":8,"entityId":"780","entityType":"lakeStations","id":"780","name":"GÖL GÖZLEM","stationId":14008001,"basinId":8,"status":"no_data","color":"#94a3b8","radius":7}},{"type":"Feature","id":"781","geometry":{"type":"Point","coordinates":[30.854440000000068,37.875830000000065]},"properties":{"OBJECTID":781,"IstNo":14009009,"SuAdi":"EĞİRDİR GÖLÜ","IstAdi":"EĞİRDİR GÖL GÖZLEM","BolgeNo":18,"ILKODU":32,"ILCEKODU":1297,"HAVZA_ID":9,"entityId":"781","entityType":"lakeStations","id":"781","name":"EĞİRDİR GÖL GÖZLEM","stationId":14009009,"basinId":9,"status":"no_data","color":"#94a3b8","radius":7}},{"type":"Feature","id":"782","geometry":{"type":"Point","coordinates":[30.87056000000007,37.61972000000003]},"properties":{"OBJECTID":782,"IstNo":14009017,"SuAdi":"KOVADA GÖLÜ","IstAdi":"KOVADA GÖL GÖZLEM","BolgeNo":18,"ILKODU":32,"ILCEKODU":1297,"HAVZA_ID":9,"entityId":"782","entityType":"lakeStations","id":"782","name":"KOVADA GÖL GÖZLEM","stationId":14009017,"basinId":9,"status":"no_data","color":"#94a3b8","radius":7}},{"type":"Feature","id":"783","geometry":{"type":"Point","coordinates":[30.498060000000066,37.733610000000056]},"properties":{"OBJECTID":783,"IstNo":14009032,"SuAdi":"GÖLCÜK GÖLÜ","IstAdi":"GÖLCÜK GÖL GÖZLEM","BolgeNo":18,"ILKODU":32,"ILCEKODU":1401,"HAVZA_ID":9,"entityId":"783","entityType":"lakeStations","id":"783","name":"GÖLCÜK GÖL GÖZLEM","stationId":14009032,"basinId":9,"status":"no_data","color":"#94a3b8","radius":7}},{"type":"Feature","id":"784","geometry":{"type":"Point","coordinates":[31.181940000000054,38.61861000000005]},"properties":{"OBJECTID":784,"IstNo":14011004,"SuAdi":"EBER GÖLÜ","IstAdi":" EBER GÖL GÖZLEM","BolgeNo":18,"ILKODU":3,"ILCEKODU":1239,"HAVZA_ID":11,"entityId":"784","entityType":"lakeStations","id":"784","name":" EBER GÖL GÖZLEM","stationId":14011004,"basinId":11,"status":"no_data","color":"#94a3b8","radius":7}},{"type":"Feature","id":"785","geometry":{"type":"Point","coordinates":[30.869170000000054,38.41555000000005]},"properties":{"OBJECTID":785,"IstNo":14011011,"SuAdi":"KARAMİK GÖLÜ","IstAdi":"KARAMIK GÖL GÖZLEM","BolgeNo":18,"ILKODU":3,"ILCEKODU":1239,"HAVZA_ID":11,"entityId":"785","entityType":"lakeStations","id":"785","name":"KARAMIK GÖL GÖZLEM","stationId":14011011,"basinId":11,"status":"no_data","color":"#94a3b8","radius":7}},{"type":"Feature","id":"786","geometry":{"type":"Point","coordinates":[27.833330000000046,37.833330000000046]},"properties":{"OBJECTID":786,"IstNo":14012005,"SuAdi":"BALIKDAMI GÖLÜ","IstAdi":"SAKARYA","BolgeNo":3,"ILKODU":26,"ILCEKODU":2076,"HAVZA_ID":7,"entityId":"786","entityType":"lakeStations","id":"786","name":"SAKARYA","stationId":14012005,"basinId":7,"status":"no_data","color":"#94a3b8","radius":7}},{"type":"Feature","id":"787","geometry":{"type":"Point","coordinates":[32.80472000000003,39.779450000000054]},"properties":{"OBJECTID":787,"IstNo":14012013,"SuAdi":"MOGAN GÖLÜ","IstAdi":"GÖLBAŞI","BolgeNo":5,"ILKODU":6,"ILCEKODU":1744,"HAVZA_ID":12,"entityId":"787","entityType":"lakeStations","id":"787","name":"GÖLBAŞI","stationId":14012013,"basinId":12,"status":"no_data","color":"#94a3b8","radius":7}},{"type":"Feature","id":"788","geometry":{"type":"Point","coordinates":[32.846940000000075,39.829720000000066]},"properties":{"OBJECTID":788,"IstNo":14012014,"SuAdi":"EYMİR GÖLÜ","IstAdi":"ODTÜ EYMİR GÖLÜ TESISLERI","BolgeNo":5,"ILKODU":6,"ILCEKODU":1231,"HAVZA_ID":12,"entityId":"788","entityType":"lakeStations","id":"788","name":"ODTÜ EYMİR GÖLÜ TESISLERI","stationId":14012014,"basinId":12,"status":"no_data","color":"#94a3b8","radius":7}},{"type":"Feature","id":"789","geometry":{"type":"Point","coordinates":[32.739720000000034,39.88139000000007]},"properties":{"OBJECTID":789,"IstNo":14012042,"SuAdi":"BEYTEPE GÖLETİ","IstAdi":"BEYTEPE","BolgeNo":5,"ILKODU":6,"ILCEKODU":1231,"HAVZA_ID":12,"entityId":"789","entityType":"lakeStations","id":"789","name":"BEYTEPE","stationId":14012042,"basinId":12,"status":"no_data","color":"#94a3b8","radius":7}},{"type":"Feature","id":"790","geometry":{"type":"Point","coordinates":[30.293330000000026,40.73778000000004]},"properties":{"OBJECTID":790,"IstNo":14012133,"SuAdi":"SAPANCA GÖLÜ","IstAdi":"GÖL GÖZLEM","BolgeNo":3,"ILKODU":54,"ILCEKODU":2071,"HAVZA_ID":12,"entityId":"790","entityType":"lakeStations","id":"790","name":"GÖL GÖZLEM","stationId":14012133,"basinId":12,"status":"no_data","color":"#94a3b8","radius":7}},{"type":"Feature","id":"791","geometry":{"type":"Point","coordinates":[31.05750000000006,40.75500000000005]},"properties":{"OBJECTID":791,"IstNo":14013001,"SuAdi":"EFTENİ GÖLÜ","IstAdi":"EFTENİ ","BolgeNo":5,"ILKODU":81,"ILCEKODU":1292,"HAVZA_ID":13,"entityId":"791","entityType":"lakeStations","id":"791","name":"EFTENİ ","stationId":14013001,"basinId":13,"status":"no_data","color":"#94a3b8","radius":7}},{"type":"Feature","id":"792","geometry":{"type":"Point","coordinates":[32.02111000000008,40.77472000000006]},"properties":{"OBJECTID":792,"IstNo":14013028,"SuAdi":"YENİÇAĞA GÖLÜ","IstAdi":"YENİÇAĞA","BolgeNo":5,"ILKODU":14,"ILCEKODU":1997,"HAVZA_ID":13,"entityId":"792","entityType":"lakeStations","id":"792","name":"YENİÇAĞA","stationId":14013028,"basinId":13,"status":"no_data","color":"#94a3b8","radius":7}},{"type":"Feature","id":"793","geometry":{"type":"Point","coordinates":[36.02028000000007,40.919170000000065]},"properties":{"OBJECTID":793,"IstNo":14014006,"SuAdi":"LADİK GÖLÜ","IstAdi":"LADİK","BolgeNo":7,"ILKODU":55,"ILCEKODU":1501,"HAVZA_ID":14,"entityId":"793","entityType":"lakeStations","id":"793","name":"LADİK","stationId":14014006,"basinId":14,"status":"no_data","color":"#94a3b8","radius":7}},{"type":"Feature","id":"794","geometry":{"type":"Point","coordinates":[36.065000000000055,41.65750000000003]},"properties":{"OBJECTID":794,"IstNo":14015001,"SuAdi":"CERNEK GÖLÜ","IstAdi":"BAFRA","BolgeNo":7,"ILKODU":55,"ILCEKODU":1164,"HAVZA_ID":15,"entityId":"794","entityType":"lakeStations","id":"794","name":"BAFRA","stationId":14015001,"basinId":15,"status":"no_data","color":"#94a3b8","radius":7}},{"type":"Feature","id":"795","geometry":{"type":"Point","coordinates":[35.80472000000003,41.67861000000005]},"properties":{"OBJECTID":795,"IstNo":14015002,"SuAdi":"KARABOĞAZ GÖLÜ","IstAdi":"BAFRA","BolgeNo":7,"ILKODU":55,"ILCEKODU":1164,"HAVZA_ID":15,"entityId":"795","entityType":"lakeStations","id":"795","name":"BAFRA","stationId":14015002,"basinId":15,"status":"no_data","color":"#94a3b8","radius":7}},{"type":"Feature","id":"796","geometry":{"type":"Point","coordinates":[36.01972000000006,41.68889000000007]},"properties":{"OBJECTID":796,"IstNo":14015003,"SuAdi":"LİMAN GÖLÜ","IstAdi":"BAFRA","BolgeNo":7,"ILKODU":55,"ILCEKODU":1164,"HAVZA_ID":15,"entityId":"796","entityType":"lakeStations","id":"796","name":"BAFRA","stationId":14015003,"basinId":15,"status":"no_data","color":"#94a3b8","radius":7}},{"type":"Feature","id":"797","geometry":{"type":"Point","coordinates":[36.08167000000003,41.55305000000004]},"properties":{"OBJECTID":797,"IstNo":14015020,"SuAdi":"BALIK (UZUN) GÖLÜ","IstAdi":"YÖRÜKLER","BolgeNo":7,"ILKODU":55,"ILCEKODU":1830,"HAVZA_ID":15,"entityId":"797","entityType":"lakeStations","id":"797","name":"YÖRÜKLER","stationId":14015020,"basinId":15,"status":"no_data","color":"#94a3b8","radius":7}},{"type":"Feature","id":"798","geometry":{"type":"Point","coordinates":[31.883330000000058,38.316670000000045]},"properties":{"OBJECTID":798,"IstNo":14016016,"SuAdi":"ÇAVUSÇU GÖLÜ","IstAdi":"GÖL GÖZLEM","BolgeNo":4,"ILKODU":42,"ILCEKODU":1400,"HAVZA_ID":12,"entityId":"798","entityType":"lakeStations","id":"798","name":"GÖL GÖZLEM","stationId":14016016,"basinId":12,"status":"no_data","color":"#94a3b8","radius":7}},{"type":"Feature","id":"799","geometry":{"type":"Point","coordinates":[32.71667000000008,37.48333000000008]},"properties":{"OBJECTID":799,"IstNo":14016052,"SuAdi":"TIMRAŞ OBRUĞU","IstAdi":"GÖKHÜYÜK","BolgeNo":4,"ILKODU":42,"ILCEKODU":1262,"HAVZA_ID":16,"entityId":"799","entityType":"lakeStations","id":"799","name":"GÖKHÜYÜK","stationId":14016052,"basinId":16,"status":"no_data","color":"#94a3b8","radius":7}},{"type":"Feature","id":"800","geometry":{"type":"Point","coordinates":[31.593060000000037,37.781390000000044]},"properties":{"OBJECTID":800,"IstNo":14016169,"SuAdi":"BEYSEHİR GÖLÜ","IstAdi":"AKBURUN","BolgeNo":4,"ILKODU":42,"ILCEKODU":1188,"HAVZA_ID":16,"entityId":"800","entityType":"lakeStations","id":"800","name":"AKBURUN","stationId":14016169,"basinId":16,"status":"no_data","color":"#94a3b8","radius":7}},{"type":"Feature","id":"801","geometry":{"type":"Point","coordinates":[31.723050000000057,37.68139000000008]},"properties":{"OBJECTID":801,"IstNo":14016175,"SuAdi":"BEYŞEHİR GÖLÜ","IstAdi":"GÖLGÖZLEM","BolgeNo":4,"ILKODU":42,"ILCEKODU":1188,"HAVZA_ID":16,"entityId":"801","entityType":"lakeStations","id":"801","name":"GÖLGÖZLEM","stationId":14016175,"basinId":16,"status":"no_data","color":"#94a3b8","radius":7}},{"type":"Feature","id":"802","geometry":{"type":"Point","coordinates":[31.39889000000005,37.81778000000003]},"properties":{"OBJECTID":802,"IstNo":14016176,"SuAdi":"BEYŞEHİR GÖLÜ","IstAdi":"KANLIBOĞAZ ","BolgeNo":4,"ILKODU":42,"ILCEKODU":2001,"HAVZA_ID":16,"entityId":"802","entityType":"lakeStations","id":"802","name":"KANLIBOĞAZ ","stationId":14016176,"basinId":16,"status":"no_data","color":"#94a3b8","radius":7}},{"type":"Feature","id":"803","geometry":{"type":"Point","coordinates":[32.43778000000003,37.10333000000003]},"properties":{"OBJECTID":803,"IstNo":14017055,"SuAdi":"BAĞBAŞI BRJ ","IstAdi":"BAĞBAŞI ","BolgeNo":4,"ILKODU":null,"ILCEKODU":1375,"HAVZA_ID":17,"entityId":"803","entityType":"lakeStations","id":"803","name":"BAĞBAŞI ","stationId":14017055,"basinId":17,"status":"no_data","color":"#94a3b8","radius":7}},{"type":"Feature","id":"804","geometry":{"type":"Point","coordinates":[37.50555000000003,37.70083000000005]},"properties":{"OBJECTID":804,"IstNo":14020028,"SuAdi":"INEKLİ GÖLÜ","IstAdi":"GÖL GÖZLEM","BolgeNo":20,"ILKODU":2,"ILCEKODU":1354,"HAVZA_ID":20,"entityId":"804","entityType":"lakeStations","id":"804","name":"GÖL GÖZLEM","stationId":14020028,"basinId":20,"status":"no_data","color":"#94a3b8","radius":7}},{"type":"Feature","id":"805","geometry":{"type":"Point","coordinates":[37.65055000000007,37.79528000000005]},"properties":{"OBJECTID":805,"IstNo":14020030,"SuAdi":"GÖLBAŞI GÖLÜ","IstAdi":"GÖL GÖZLEM","BolgeNo":20,"ILKODU":2,"ILCEKODU":1354,"HAVZA_ID":20,"entityId":"805","entityType":"lakeStations","id":"805","name":"GÖL GÖZLEM","stationId":14020030,"basinId":20,"status":"no_data","color":"#94a3b8","radius":7}},{"type":"Feature","id":"806","geometry":{"type":"Point","coordinates":[36.83000000000004,37.294170000000065]},"properties":{"OBJECTID":806,"IstNo":14020031,"SuAdi":"GAVUR GÖLÜ","IstAdi":"GÖL GÖZLEM","BolgeNo":20,"ILKODU":46,"ILCEKODU":1694,"HAVZA_ID":20,"entityId":"806","entityType":"lakeStations","id":"806","name":"GÖL GÖZLEM","stationId":14020031,"basinId":20,"status":"no_data","color":"#94a3b8","radius":7}},{"type":"Feature","id":"807","geometry":{"type":"Point","coordinates":[39.37361000000004,38.496110000000044]},"properties":{"OBJECTID":807,"IstNo":14021127,"SuAdi":"HAZAR GÖLÜ","IstAdi":"DSİ KAMPI","BolgeNo":9,"ILKODU":23,"ILCEKODU":1298,"HAVZA_ID":21,"entityId":"807","entityType":"lakeStations","id":"807","name":"DSİ KAMPI","stationId":14021127,"basinId":21,"status":"no_data","color":"#94a3b8","radius":7}},{"type":"Feature","id":"808","geometry":{"type":"Point","coordinates":[36.94083000000006,41.277780000000064]},"properties":{"OBJECTID":808,"IstNo":14022001,"SuAdi":"AKGÖL  GÖLÜ","IstAdi":"AKGÖL ","BolgeNo":7,"ILKODU":55,"ILCEKODU":1676,"HAVZA_ID":14,"entityId":"808","entityType":"lakeStations","id":"808","name":"AKGÖL ","stationId":14022001,"basinId":14,"status":"no_data","color":"#94a3b8","radius":7}},{"type":"Feature","id":"809","geometry":{"type":"Point","coordinates":[43.60000000000008,39.71667000000008]},"properties":{"OBJECTID":809,"IstNo":14024033,"SuAdi":"BALIK GÖLÜ","IstAdi":"GÖL GÖZLEM","BolgeNo":8,"ILKODU":4,"ILCEKODU":1287,"HAVZA_ID":24,"entityId":"809","entityType":"lakeStations","id":"809","name":"GÖL GÖZLEM","stationId":14024033,"basinId":24,"status":"no_data","color":"#94a3b8","radius":7}},{"type":"Feature","id":"810","geometry":{"type":"Point","coordinates":[43.293330000000026,40.988330000000076]},"properties":{"OBJECTID":810,"IstNo":14024059,"SuAdi":"ÇILDIR GÖLÜ","IstAdi":"GÖL GÖZLEM","BolgeNo":24,"ILKODU":75,"ILCEKODU":1149,"HAVZA_ID":24,"entityId":"810","entityType":"lakeStations","id":"810","name":"GÖL GÖZLEM","stationId":14024059,"basinId":24,"status":"no_data","color":"#94a3b8","radius":7}},{"type":"Feature","id":"811","geometry":{"type":"Point","coordinates":[43.13667000000004,41.073330000000055]},"properties":{"OBJECTID":811,"IstNo":14024060,"SuAdi":"ÇILDIR GÖLÜ","IstAdi":"GÖLEBAKAN","BolgeNo":24,"ILKODU":75,"ILCEKODU":1252,"HAVZA_ID":24,"entityId":"811","entityType":"lakeStations","id":"811","name":"GÖLEBAKAN","stationId":14024060,"basinId":24,"status":"no_data","color":"#94a3b8","radius":7}},{"type":"Feature","id":"812","geometry":{"type":"Point","coordinates":[43.19056000000006,41.22639000000004]},"properties":{"OBJECTID":812,"IstNo":14024061,"SuAdi":"AKTAŞ GÖLÜ","IstAdi":"AKTAŞ","BolgeNo":24,"ILKODU":75,"ILCEKODU":1252,"HAVZA_ID":24,"entityId":"812","entityType":"lakeStations","id":"812","name":"AKTAŞ","stationId":14024061,"basinId":24,"status":"no_data","color":"#94a3b8","radius":7}},{"type":"Feature","id":"813","geometry":{"type":"Point","coordinates":[43.02195000000006,40.770830000000046]},"properties":{"OBJECTID":813,"IstNo":14024062,"SuAdi":"AYGIR GÖLÜ","IstAdi":"TAŞLICA","BolgeNo":24,"ILKODU":36,"ILCEKODU":1645,"HAVZA_ID":24,"entityId":"813","entityType":"lakeStations","id":"813","name":"TAŞLICA","stationId":14024062,"basinId":24,"status":"no_data","color":"#94a3b8","radius":7}},{"type":"Feature","id":"814","geometry":{"type":"Point","coordinates":[43.42028000000005,38.52639000000005]},"properties":{"OBJECTID":814,"IstNo":14025010,"SuAdi":"SIHKE GÖLÜ","IstAdi":"GÖL GÖZLEM","BolgeNo":17,"ILKODU":65,"ILCEKODU":2099,"HAVZA_ID":25,"entityId":"814","entityType":"lakeStations","id":"814","name":"GÖL GÖZLEM","stationId":14025010,"basinId":25,"status":"no_data","color":"#94a3b8","radius":7}},{"type":"Feature","id":"815","geometry":{"type":"Point","coordinates":[43.056670000000054,38.31361000000004]},"properties":{"OBJECTID":815,"IstNo":14025036,"SuAdi":"VAN GÖLÜ","IstAdi":"GEVAŞ","BolgeNo":17,"ILKODU":65,"ILCEKODU":1350,"HAVZA_ID":25,"entityId":"815","entityType":"lakeStations","id":"815","name":"GEVAŞ","stationId":14025036,"basinId":25,"status":"no_data","color":"#94a3b8","radius":7}},{"type":"Feature","id":"816","geometry":{"type":"Point","coordinates":[27.100000000000023,41.42778000000004]},"properties":{"OBJECTID":816,"IstNo":32001001,"SuAdi":"ŞEYTAN DERESİ","IstAdi":"BABAESKİ","BolgeNo":11,"ILKODU":39,"ILCEKODU":1163,"HAVZA_ID":1,"entityId":"816","entityType":"lakeStations","id":"816","name":"BABAESKİ","stationId":32001001,"basinId":1,"status":"no_data","color":"#94a3b8","radius":7}},{"type":"Feature","id":"817","geometry":{"type":"Point","coordinates":[27.11806000000007,41.210000000000036]},"properties":{"OBJECTID":817,"IstNo":32001006,"SuAdi":"HAYRABOLU DERESİ","IstAdi":"HAYRABOLU","BolgeNo":11,"ILKODU":59,"ILCEKODU":1388,"HAVZA_ID":1,"entityId":"817","entityType":"lakeStations","id":"817","name":"HAYRABOLU","stationId":32001006,"basinId":1,"status":"no_data","color":"#94a3b8","radius":7}},{"type":"Feature","id":"818","geometry":{"type":"Point","coordinates":[27.608060000000023,41.30556000000007]},"properties":{"OBJECTID":818,"IstNo":32001011,"SuAdi":"ANAÇAY","IstAdi":"MİSİNLİ","BolgeNo":11,"ILKODU":59,"ILCEKODU":2094,"HAVZA_ID":1,"entityId":"818","entityType":"lakeStations","id":"818","name":"MİSİNLİ","stationId":32001011,"basinId":1,"status":"no_data","color":"#94a3b8","radius":7}},{"type":"Feature","id":"819","geometry":{"type":"Point","coordinates":[26.480000000000075,41.12972000000008]},"properties":{"OBJECTID":819,"IstNo":32001012,"SuAdi":"ERGENE N.","IstAdi":"YENİCEGÖRÜCE","BolgeNo":11,"ILKODU":22,"ILCEKODU":1523,"HAVZA_ID":1,"entityId":"819","entityType":"lakeStations","id":"819","name":"YENİCEGÖRÜCE","stationId":32001012,"basinId":1,"status":"no_data","color":"#94a3b8","radius":7}},{"type":"Feature","id":"820","geometry":{"type":"Point","coordinates":[26.58444000000003,41.84306000000004]},"properties":{"OBJECTID":820,"IstNo":32001013,"SuAdi":"TUNCA N.","IstAdi":"SUAKACAĞI","BolgeNo":11,"ILKODU":22,"ILCEKODU":1295,"HAVZA_ID":1,"entityId":"820","entityType":"lakeStations","id":"820","name":"SUAKACAĞI","stationId":32001013,"basinId":1,"status":"no_data","color":"#94a3b8","radius":7}},{"type":"Feature","id":"821","geometry":{"type":"Point","coordinates":[27.787500000000023,41.31000000000006]},"properties":{"OBJECTID":821,"IstNo":32001018,"SuAdi":"ERGENE N.","IstAdi":"BAKIRCA","BolgeNo":11,"ILKODU":59,"ILCEKODU":2094,"HAVZA_ID":1,"entityId":"821","entityType":"lakeStations","id":"821","name":"BAKIRCA","stationId":32001018,"basinId":1,"status":"no_data","color":"#94a3b8","radius":7}},{"type":"Feature","id":"822","geometry":{"type":"Point","coordinates":[27.27028000000007,40.30917000000005]},"properties":{"OBJECTID":822,"IstNo":32002012,"SuAdi":"BİGA Ç.","IstAdi":"ÇINARKÖPRÜ","BolgeNo":25,"ILKODU":10,"ILCEKODU":1190,"HAVZA_ID":2,"entityId":"822","entityType":"lakeStations","id":"822","name":"ÇINARKÖPRÜ","stationId":32002012,"basinId":2,"status":"no_data","color":"#94a3b8","radius":7}},{"type":"Feature","id":"823","geometry":{"type":"Point","coordinates":[29.418890000000033,40.36167000000006]},"properties":{"OBJECTID":823,"IstNo":32002016,"SuAdi":"FINDICAK DERESİ","IstAdi":"BAYIRKÖY","BolgeNo":1,"ILKODU":16,"ILCEKODU":1554,"HAVZA_ID":2,"entityId":"823","entityType":"lakeStations","id":"823","name":"BAYIRKÖY","stationId":32002016,"basinId":2,"status":"no_data","color":"#94a3b8","radius":7}},{"type":"Feature","id":"824","geometry":{"type":"Point","coordinates":[27.210830000000044,39.754440000000045]},"properties":{"OBJECTID":824,"IstNo":32002024,"SuAdi":"HAN DERESİ","IstAdi":"ORTAKÖPRÜ","BolgeNo":25,"ILKODU":10,"ILCEKODU":1722,"HAVZA_ID":2,"entityId":"824","entityType":"lakeStations","id":"824","name":"ORTAKÖPRÜ","stationId":32002024,"basinId":2,"status":"no_data","color":"#94a3b8","radius":7}},{"type":"Feature","id":"825","geometry":{"type":"Point","coordinates":[29.186390000000074,41.14667000000003]},"properties":{"OBJECTID":825,"IstNo":32002026,"SuAdi":"YENİÇİFTLİK D.","IstAdi":"MAHMUT ŞEVKET PAŞA","BolgeNo":14,"ILKODU":34,"ILCEKODU":1185,"HAVZA_ID":2,"entityId":"825","entityType":"lakeStations","id":"825","name":"MAHMUT ŞEVKET PAŞA","stationId":32002026,"basinId":2,"status":"no_data","color":"#94a3b8","radius":7}},{"type":"Feature","id":"826","geometry":{"type":"Point","coordinates":[27.662500000000023,41.835560000000044]},"properties":{"OBJECTID":826,"IstNo":32002055,"SuAdi":"MAHYA D.","IstAdi":"BALABAN","BolgeNo":11,"ILKODU":39,"ILCEKODU":1270,"HAVZA_ID":2,"entityId":"826","entityType":"lakeStations","id":"826","name":"BALABAN","stationId":32002055,"basinId":2,"status":"no_data","color":"#94a3b8","radius":7}},{"type":"Feature","id":"827","geometry":{"type":"Point","coordinates":[27.664720000000045,41.835000000000036]},"properties":{"OBJECTID":827,"IstNo":32002056,"SuAdi":"BALABAN D.","IstAdi":"BALABAN","BolgeNo":11,"ILKODU":39,"ILCEKODU":1270,"HAVZA_ID":2,"entityId":"827","entityType":"lakeStations","id":"827","name":"BALABAN","stationId":32002056,"basinId":2,"status":"no_data","color":"#94a3b8","radius":7}},{"type":"Feature","id":"828","geometry":{"type":"Point","coordinates":[27.954170000000033,41.82084000000003]},"properties":{"OBJECTID":828,"IstNo":32002057,"SuAdi":"BULANIK D.","IstAdi":"LONGOS ORMAN FİDANLIĞI","BolgeNo":11,"ILKODU":39,"ILCEKODU":1270,"HAVZA_ID":2,"entityId":"828","entityType":"lakeStations","id":"828","name":"LONGOS ORMAN FİDANLIĞI","stationId":32002057,"basinId":2,"status":"no_data","color":"#94a3b8","radius":7}},{"type":"Feature","id":"829","geometry":{"type":"Point","coordinates":[28.516110000000026,39.96139000000005]},"properties":{"OBJECTID":829,"IstNo":32003002,"SuAdi":"MUSTAFA KEMALPAŞA Ç.","IstAdi":"DÖLLÜK","BolgeNo":1,"ILKODU":16,"ILCEKODU":1535,"HAVZA_ID":3,"entityId":"829","entityType":"lakeStations","id":"829","name":"DÖLLÜK","stationId":32003002,"basinId":3,"status":"no_data","color":"#94a3b8","radius":7}},{"type":"Feature","id":"830","geometry":{"type":"Point","coordinates":[29.463900000000024,39.62426000000005]},"properties":{"OBJECTID":830,"IstNo":32003011,"SuAdi":"ORHANELİ Ç.","IstAdi":"KÜÇÜKİLET","BolgeNo":3,"ILKODU":43,"ILCEKODU":1671,"HAVZA_ID":3,"entityId":"830","entityType":"lakeStations","id":"830","name":"KÜÇÜKİLET","stationId":32003011,"basinId":3,"status":"no_data","color":"#94a3b8","radius":7}},{"type":"Feature","id":"831","geometry":{"type":"Point","coordinates":[28.17611000000005,39.98611000000005]},"properties":{"OBJECTID":831,"IstNo":32003016,"SuAdi":"SİMAV Ç.","IstAdi":"YAHYAKÖY","BolgeNo":1,"ILKODU":10,"ILCEKODU":1644,"HAVZA_ID":3,"entityId":"831","entityType":"lakeStations","id":"831","name":"YAHYAKÖY","stationId":32003016,"basinId":3,"status":"no_data","color":"#94a3b8","radius":7}},{"type":"Feature","id":"832","geometry":{"type":"Point","coordinates":[28.405830000000037,40.264170000000036]},"properties":{"OBJECTID":832,"IstNo":32003017,"SuAdi":"KOCADERE","IstAdi":"AKÇASUSURLUK","BolgeNo":1,"ILKODU":16,"ILCEKODU":1434,"HAVZA_ID":3,"entityId":"832","entityType":"lakeStations","id":"832","name":"AKÇASUSURLUK","stationId":32003017,"basinId":3,"status":"no_data","color":"#94a3b8","radius":7}},{"type":"Feature","id":"833","geometry":{"type":"Point","coordinates":[28.02861000000007,39.632220000000075]},"properties":{"OBJECTID":833,"IstNo":32003024,"SuAdi":"ATNOS Ç.","IstAdi":"BALIKLI","BolgeNo":25,"ILKODU":10,"ILCEKODU":2077,"HAVZA_ID":3,"entityId":"833","entityType":"lakeStations","id":"833","name":"BALIKLI","stationId":32003024,"basinId":3,"status":"no_data","color":"#94a3b8","radius":7}},{"type":"Feature","id":"834","geometry":{"type":"Point","coordinates":[29.258330000000058,39.46222000000006]},"properties":{"OBJECTID":834,"IstNo":32003028,"SuAdi":"EMET Ç.","IstAdi":"DERELİ","BolgeNo":3,"ILKODU":43,"ILCEKODU":1304,"HAVZA_ID":3,"entityId":"834","entityType":"lakeStations","id":"834","name":"DERELİ","stationId":32003028,"basinId":3,"status":"no_data","color":"#94a3b8","radius":7}},{"type":"Feature","id":"835","geometry":{"type":"Point","coordinates":[29.025550000000067,39.92972000000003]},"properties":{"OBJECTID":835,"IstNo":32003031,"SuAdi":"ORHANELİ Ç.","IstAdi":"DAĞGÜNEY","BolgeNo":1,"ILKODU":16,"ILCEKODU":1553,"HAVZA_ID":3,"entityId":"835","entityType":"lakeStations","id":"835","name":"DAĞGÜNEY","stationId":32003031,"basinId":3,"status":"no_data","color":"#94a3b8","radius":7}},{"type":"Feature","id":"836","geometry":{"type":"Point","coordinates":[28.09194000000008,39.32611000000003]},"properties":{"OBJECTID":836,"IstNo":32003035,"SuAdi":"SİMAV Ç.","IstAdi":"ARMUTLU","BolgeNo":25,"ILKODU":10,"ILCEKODU":1619,"HAVZA_ID":3,"entityId":"836","entityType":"lakeStations","id":"836","name":"ARMUTLU","stationId":32003035,"basinId":3,"status":"no_data","color":"#94a3b8","radius":7}},{"type":"Feature","id":"837","geometry":{"type":"Point","coordinates":[27.756670000000042,39.570280000000025]},"properties":{"OBJECTID":837,"IstNo":32003036,"SuAdi":"ÜZÜMLÜ Ç.","IstAdi":"ÇUKURHÜSEYİN","BolgeNo":25,"ILKODU":10,"ILCEKODU":2077,"HAVZA_ID":3,"entityId":"837","entityType":"lakeStations","id":"837","name":"ÇUKURHÜSEYİN","stationId":32003036,"basinId":3,"status":"no_data","color":"#94a3b8","radius":7}},{"type":"Feature","id":"838","geometry":{"type":"Point","coordinates":[27.63861000000003,39.337500000000034]},"properties":{"OBJECTID":838,"IstNo":32004010,"SuAdi":"YAĞCILI Ç.","IstAdi":"YAĞCILI","BolgeNo":25,"ILKODU":10,"ILCEKODU":1608,"HAVZA_ID":4,"entityId":"838","entityType":"lakeStations","id":"838","name":"YAĞCILI","stationId":32004010,"basinId":4,"status":"no_data","color":"#94a3b8","radius":7}},{"type":"Feature","id":"839","geometry":{"type":"Point","coordinates":[27.047780000000046,39.01000000000005]},"properties":{"OBJECTID":839,"IstNo":32004011,"SuAdi":"BAKIRÇAY","IstAdi":"KURFALLI","BolgeNo":2,"ILKODU":35,"ILCEKODU":1181,"HAVZA_ID":4,"entityId":"839","entityType":"lakeStations","id":"839","name":"KURFALLI","stationId":32004011,"basinId":4,"status":"no_data","color":"#94a3b8","radius":7}},{"type":"Feature","id":"840","geometry":{"type":"Point","coordinates":[27.666390000000035,38.768890000000056]},"properties":{"OBJECTID":840,"IstNo":32005010,"SuAdi":"KUM Ç.","IstAdi":"NURİYE","BolgeNo":2,"ILKODU":45,"ILCEKODU":1606,"HAVZA_ID":5,"entityId":"840","entityType":"lakeStations","id":"840","name":"NURİYE","stationId":32005010,"basinId":5,"status":"no_data","color":"#94a3b8","radius":7}},{"type":"Feature","id":"841","geometry":{"type":"Point","coordinates":[28.700000000000045,38.69944000000004]},"properties":{"OBJECTID":841,"IstNo":32005014,"SuAdi":"SELENDİ Ç.","IstAdi":"DEREKÖY","BolgeNo":2,"ILKODU":45,"ILCEKODU":1613,"HAVZA_ID":5,"entityId":"841","entityType":"lakeStations","id":"841","name":"DEREKÖY","stationId":32005014,"basinId":5,"status":"no_data","color":"#94a3b8","radius":7}},{"type":"Feature","id":"842","geometry":{"type":"Point","coordinates":[28.482780000000048,38.75306000000006]},"properties":{"OBJECTID":842,"IstNo":32005022,"SuAdi":"DEMİRCİ Ç.","IstAdi":"BORLU","BolgeNo":2,"ILKODU":45,"ILCEKODU":1965,"HAVZA_ID":5,"entityId":"842","entityType":"lakeStations","id":"842","name":"BORLU","stationId":32005022,"basinId":5,"status":"no_data","color":"#94a3b8","radius":7}},{"type":"Feature","id":"843","geometry":{"type":"Point","coordinates":[29.512500000000045,38.95722000000006]},"properties":{"OBJECTID":843,"IstNo":32005024,"SuAdi":"MURAT Ç.","IstAdi":"SAZKÖY","BolgeNo":3,"ILKODU":43,"ILCEKODU":1339,"HAVZA_ID":5,"entityId":"843","entityType":"lakeStations","id":"843","name":"SAZKÖY","stationId":32005024,"basinId":5,"status":"no_data","color":"#94a3b8","radius":7}},{"type":"Feature","id":"844","geometry":{"type":"Point","coordinates":[27.613060000000075,38.41222000000005]},"properties":{"OBJECTID":844,"IstNo":32005025,"SuAdi":"YİĞİTLER DERESİ","IstAdi":"YİĞİTLER","BolgeNo":2,"ILKODU":35,"ILCEKODU":1461,"HAVZA_ID":5,"entityId":"844","entityType":"lakeStations","id":"844","name":"YİĞİTLER","stationId":32005025,"basinId":5,"status":"no_data","color":"#94a3b8","radius":7}},{"type":"Feature","id":"845","geometry":{"type":"Point","coordinates":[28.58194000000003,38.73333000000008]},"properties":{"OBJECTID":845,"IstNo":32005029,"SuAdi":"DELİİNİŞ ÇAYI","IstAdi":"ÇAYKÖY","BolgeNo":2,"ILKODU":45,"ILCEKODU":1965,"HAVZA_ID":5,"entityId":"845","entityType":"lakeStations","id":"845","name":"ÇAYKÖY","stationId":32005029,"basinId":5,"status":"no_data","color":"#94a3b8","radius":7}},{"type":"Feature","id":"846","geometry":{"type":"Point","coordinates":[28.560830000000067,37.43056000000007]},"properties":{"OBJECTID":846,"IstNo":32007033,"SuAdi":"SARHOŞ Ç.","IstAdi":"GÖKTEPE","BolgeNo":21,"ILKODU":48,"ILCEKODU":2089,"HAVZA_ID":7,"entityId":"846","entityType":"lakeStations","id":"846","name":"GÖKTEPE","stationId":32007033,"basinId":7,"status":"no_data","color":"#94a3b8","radius":7}},{"type":"Feature","id":"847","geometry":{"type":"Point","coordinates":[28.61555000000004,37.26194000000004]},"properties":{"OBJECTID":847,"IstNo":32007037,"SuAdi":"MORTUMA Ç.","IstAdi":"YEMİŞENDERE","BolgeNo":21,"ILKODU":48,"ILCEKODU":2089,"HAVZA_ID":7,"entityId":"847","entityType":"lakeStations","id":"847","name":"YEMİŞENDERE","stationId":32007037,"basinId":7,"status":"no_data","color":"#94a3b8","radius":7}},{"type":"Feature","id":"848","geometry":{"type":"Point","coordinates":[28.025000000000034,37.90750000000003]},"properties":{"OBJECTID":848,"IstNo":32007038,"SuAdi":"KOÇAK DERESİ","IstAdi":"CUMADERE","BolgeNo":21,"ILKODU":9,"ILCEKODU":1968,"HAVZA_ID":7,"entityId":"848","entityType":"lakeStations","id":"848","name":"CUMADERE","stationId":32007038,"basinId":7,"status":"no_data","color":"#94a3b8","radius":7}},{"type":"Feature","id":"849","geometry":{"type":"Point","coordinates":[29.305890000000034,38.37202000000008]},"properties":{"OBJECTID":849,"IstNo":32007042,"SuAdi":"BANAZ Ç.","IstAdi":"ULUBEY","BolgeNo":2,"ILKODU":64,"ILCEKODU":1697,"HAVZA_ID":7,"entityId":"849","entityType":"lakeStations","id":"849","name":"ULUBEY","stationId":32007042,"basinId":7,"status":"no_data","color":"#94a3b8","radius":7}},{"type":"Feature","id":"850","geometry":{"type":"Point","coordinates":[29.005280000000027,38.07889000000006]},"properties":{"OBJECTID":850,"IstNo":32007043,"SuAdi":"BÜYÜKMENDERES N.","IstAdi":"ERTUĞRUL","BolgeNo":21,"ILKODU":20,"ILCEKODU":1371,"HAVZA_ID":7,"entityId":"850","entityType":"lakeStations","id":"850","name":"ERTUĞRUL","stationId":32007043,"basinId":7,"status":"no_data","color":"#94a3b8","radius":7}},{"type":"Feature","id":"851","geometry":{"type":"Point","coordinates":[28.962780000000066,37.558890000000076]},"properties":{"OBJECTID":851,"IstNo":32007044,"SuAdi":"YENİDERE","IstAdi":"ÇİTFLİKKÖY","BolgeNo":21,"ILKODU":20,"ILCEKODU":1670,"HAVZA_ID":7,"entityId":"851","entityType":"lakeStations","id":"851","name":"ÇİTFLİKKÖY","stationId":32007044,"basinId":7,"status":"no_data","color":"#94a3b8","radius":7}},{"type":"Feature","id":"852","geometry":{"type":"Point","coordinates":[30.07444000000004,36.490830000000074]},"properties":{"OBJECTID":852,"IstNo":32008008,"SuAdi":"BAŞGÖZ Ç.","IstAdi":"ÇATALLAR","BolgeNo":13,"ILKODU":7,"ILCEKODU":1333,"HAVZA_ID":8,"entityId":"852","entityType":"lakeStations","id":"852","name":"ÇATALLAR","stationId":32008008,"basinId":8,"status":"no_data","color":"#94a3b8","radius":7}},{"type":"Feature","id":"853","geometry":{"type":"Point","coordinates":[29.56194000000005,36.82528000000008]},"properties":{"OBJECTID":853,"IstNo":32008009,"SuAdi":"EŞEN Ç.","IstAdi":"KAVAKLIDERE","BolgeNo":21,"ILKODU":7,"ILCEKODU":2090,"HAVZA_ID":8,"entityId":"853","entityType":"lakeStations","id":"853","name":"KAVAKLIDERE","stationId":32008009,"basinId":8,"status":"no_data","color":"#94a3b8","radius":7}},{"type":"Feature","id":"854","geometry":{"type":"Point","coordinates":[31.72667000000007,36.69695000000007]},"properties":{"OBJECTID":854,"IstNo":32009017,"SuAdi":"ALARA Ç.","IstAdi":"ALARAHAN","BolgeNo":13,"ILKODU":7,"ILCEKODU":1126,"HAVZA_ID":9,"entityId":"854","entityType":"lakeStations","id":"854","name":"ALARAHAN","stationId":32009017,"basinId":9,"status":"no_data","color":"#94a3b8","radius":7}},{"type":"Feature","id":"855","geometry":{"type":"Point","coordinates":[31.451670000000036,36.816670000000045]},"properties":{"OBJECTID":855,"IstNo":32009018,"SuAdi":"MANAVGAT Ç.","IstAdi":"ŞELALE","BolgeNo":13,"ILKODU":7,"ILCEKODU":1512,"HAVZA_ID":9,"entityId":"855","entityType":"lakeStations","id":"855","name":"ŞELALE","stationId":32009018,"basinId":9,"status":"no_data","color":"#94a3b8","radius":7}},{"type":"Feature","id":"856","geometry":{"type":"Point","coordinates":[30.43889000000007,36.44750000000005]},"properties":{"OBJECTID":856,"IstNo":32009029,"SuAdi":"ULUPINAR DERESİ","IstAdi":"ULUPINAR","BolgeNo":13,"ILKODU":7,"ILCEKODU":1959,"HAVZA_ID":8,"entityId":"856","entityType":"lakeStations","id":"856","name":"ULUPINAR","stationId":32009029,"basinId":8,"status":"no_data","color":"#94a3b8","radius":7}},{"type":"Feature","id":"857","geometry":{"type":"Point","coordinates":[31.19028000000003,37.14944000000003]},"properties":{"OBJECTID":857,"IstNo":32009030,"SuAdi":"İTİCE DERESİ","IstAdi":"BOZYAKA","BolgeNo":13,"ILKODU":7,"ILCEKODU":1512,"HAVZA_ID":9,"entityId":"857","entityType":"lakeStations","id":"857","name":"BOZYAKA","stationId":32009030,"basinId":9,"status":"no_data","color":"#94a3b8","radius":7}},{"type":"Feature","id":"858","geometry":{"type":"Point","coordinates":[30.793890000000033,37.51000000000005]},"properties":{"OBJECTID":858,"IstNo":32009031,"SuAdi":"AKSU Ç.","IstAdi":"AŞAĞI GÖKDERE","BolgeNo":18,"ILKODU":32,"ILCEKODU":1211,"HAVZA_ID":9,"entityId":"858","entityType":"lakeStations","id":"858","name":"AŞAĞI GÖKDERE","stationId":32009031,"basinId":9,"status":"no_data","color":"#94a3b8","radius":7}},{"type":"Feature","id":"859","geometry":{"type":"Point","coordinates":[31.293330000000026,37.03695000000005]},"properties":{"OBJECTID":859,"IstNo":32009032,"SuAdi":"KAPLANBÜKÜ DERESİ","IstAdi":"KARABUCAK","BolgeNo":13,"ILKODU":7,"ILCEKODU":1512,"HAVZA_ID":9,"entityId":"859","entityType":"lakeStations","id":"859","name":"KARABUCAK","stationId":32009032,"basinId":9,"status":"no_data","color":"#94a3b8","radius":7}},{"type":"Feature","id":"860","geometry":{"type":"Point","coordinates":[30.07611000000003,37.51556000000005]},"properties":{"OBJECTID":860,"IstNo":32010013,"SuAdi":"BOZÇAY","IstAdi":"BOĞAZİÇİ","BolgeNo":18,"ILKODU":15,"ILCEKODU":1215,"HAVZA_ID":10,"entityId":"860","entityType":"lakeStations","id":"860","name":"BOĞAZİÇİ","stationId":32010013,"basinId":10,"status":"no_data","color":"#94a3b8","radius":7}},{"type":"Feature","id":"861","geometry":{"type":"Point","coordinates":[29.63861000000003,37.52417000000003]},"properties":{"OBJECTID":861,"IstNo":32010014,"SuAdi":"KİLLİK D.","IstAdi":"SALDA","BolgeNo":18,"ILKODU":15,"ILCEKODU":1728,"HAVZA_ID":10,"entityId":"861","entityType":"lakeStations","id":"861","name":"SALDA","stationId":32010014,"basinId":10,"status":"no_data","color":"#94a3b8","radius":7}},{"type":"Feature","id":"862","geometry":{"type":"Point","coordinates":[30.501940000000047,38.93583000000007]},"properties":{"OBJECTID":862,"IstNo":32011002,"SuAdi":"SİVRİKAYA D.","IstAdi":"GAZLIGÖL","BolgeNo":18,"ILKODU":3,"ILCEKODU":1404,"HAVZA_ID":11,"entityId":"862","entityType":"lakeStations","id":"862","name":"GAZLIGÖL","stationId":32011002,"basinId":11,"status":"no_data","color":"#94a3b8","radius":7}},{"type":"Feature","id":"863","geometry":{"type":"Point","coordinates":[30.422780000000046,38.85833000000008]},"properties":{"OBJECTID":863,"IstNo":32011008,"SuAdi":"AKARÇAY","IstAdi":"BALCA","BolgeNo":18,"ILKODU":3,"ILCEKODU":1108,"HAVZA_ID":11,"entityId":"863","entityType":"lakeStations","id":"863","name":"BALCA","stationId":32011008,"basinId":11,"status":"no_data","color":"#94a3b8","radius":7}},{"type":"Feature","id":"864","geometry":{"type":"Point","coordinates":[30.60056000000003,40.775280000000066]},"properties":{"OBJECTID":864,"IstNo":32012019,"SuAdi":"DİNSİZ Ç.","IstAdi":"YAĞBASAN","BolgeNo":3,"ILKODU":54,"ILCEKODU":1391,"HAVZA_ID":12,"entityId":"864","entityType":"lakeStations","id":"864","name":"YAĞBASAN","stationId":32012019,"basinId":12,"status":"no_data","color":"#94a3b8","radius":7}},{"type":"Feature","id":"865","geometry":{"type":"Point","coordinates":[31.33639000000005,39.32167000000004]},"properties":{"OBJECTID":865,"IstNo":32012024,"SuAdi":"SAKARYA N.","IstAdi":"AKTAŞ","BolgeNo":3,"ILKODU":26,"ILCEKODU":1632,"HAVZA_ID":12,"entityId":"865","entityType":"lakeStations","id":"865","name":"AKTAŞ","stationId":32012024,"basinId":12,"status":"no_data","color":"#94a3b8","radius":7}},{"type":"Feature","id":"866","geometry":{"type":"Point","coordinates":[31.65778000000006,40.18778000000003]},"properties":{"OBJECTID":866,"IstNo":32012033,"SuAdi":"ALADAĞ Ç.","IstAdi":"KARAKÖY","BolgeNo":5,"ILKODU":6,"ILCEKODU":1539,"HAVZA_ID":12,"entityId":"866","entityType":"lakeStations","id":"866","name":"KARAKÖY","stationId":32012033,"basinId":12,"status":"no_data","color":"#94a3b8","radius":7}},{"type":"Feature","id":"867","geometry":{"type":"Point","coordinates":[30.860280000000046,40.57528000000008]},"properties":{"OBJECTID":867,"IstNo":32012037,"SuAdi":"MUDURNU Ç.","IstAdi":"DOKURCUN","BolgeNo":3,"ILKODU":54,"ILCEKODU":1123,"HAVZA_ID":12,"entityId":"867","entityType":"lakeStations","id":"867","name":"DOKURCUN","stationId":32012037,"basinId":12,"status":"no_data","color":"#94a3b8","radius":7}},{"type":"Feature","id":"868","geometry":{"type":"Point","coordinates":[29.652220000000057,40.01167000000004]},"properties":{"OBJECTID":868,"IstNo":32012050,"SuAdi":"AKSU D.","IstAdi":"KINIK","BolgeNo":1,"ILKODU":16,"ILCEKODU":1411,"HAVZA_ID":12,"entityId":"868","entityType":"lakeStations","id":"868","name":"KINIK","stationId":32012050,"basinId":12,"status":"no_data","color":"#94a3b8","radius":7}},{"type":"Feature","id":"869","geometry":{"type":"Point","coordinates":[32.66222000000005,40.60361000000006]},"properties":{"OBJECTID":869,"IstNo":32012053,"SuAdi":"SOHU DERESİ","IstAdi":"FINDIKLI","BolgeNo":5,"ILKODU":6,"ILCEKODU":1473,"HAVZA_ID":12,"entityId":"869","entityType":"lakeStations","id":"869","name":"FINDIKLI","stationId":32012053,"basinId":12,"status":"no_data","color":"#94a3b8","radius":7}},{"type":"Feature","id":"870","geometry":{"type":"Point","coordinates":[30.60194000000007,41.02472000000006]},"properties":{"OBJECTID":870,"IstNo":32012057,"SuAdi":"SAKARYA N.","IstAdi":"ADATEPE","BolgeNo":14,"ILKODU":54,"ILCEKODU":1442,"HAVZA_ID":12,"entityId":"870","entityType":"lakeStations","id":"870","name":"ADATEPE","stationId":32012057,"basinId":12,"status":"no_data","color":"#94a3b8","radius":7}},{"type":"Feature","id":"871","geometry":{"type":"Point","coordinates":[30.072780000000023,40.238890000000026]},"properties":{"OBJECTID":871,"IstNo":32012058,"SuAdi":"SAKARYA N.","IstAdi":"KAYABELİ","BolgeNo":3,"ILKODU":11,"ILCEKODU":1192,"HAVZA_ID":12,"entityId":"871","entityType":"lakeStations","id":"871","name":"KAYABELİ","stationId":32012058,"basinId":12,"status":"no_data","color":"#94a3b8","radius":7}},{"type":"Feature","id":"872","geometry":{"type":"Point","coordinates":[30.027780000000064,40.284170000000074]},"properties":{"OBJECTID":872,"IstNo":32012061,"SuAdi":"KARASU Ç.","IstAdi":"BAYIRKÖY","BolgeNo":3,"ILKODU":11,"ILCEKODU":1192,"HAVZA_ID":12,"entityId":"872","entityType":"lakeStations","id":"872","name":"BAYIRKÖY","stationId":32012061,"basinId":12,"status":"no_data","color":"#94a3b8","radius":7}},{"type":"Feature","id":"873","geometry":{"type":"Point","coordinates":[30.991390000000024,40.06805000000003]},"properties":{"OBJECTID":873,"IstNo":32012063,"SuAdi":"AYVACIK DERESİ","IstAdi":"AYVACIK","BolgeNo":5,"ILKODU":6,"ILCEKODU":1539,"HAVZA_ID":12,"entityId":"873","entityType":"lakeStations","id":"873","name":"AYVACIK","stationId":32012063,"basinId":12,"status":"no_data","color":"#94a3b8","radius":7}},{"type":"Feature","id":"874","geometry":{"type":"Point","coordinates":[29.604720000000043,40.00500000000005]},"properties":{"OBJECTID":874,"IstNo":32012064,"SuAdi":"ÇANDIR DERESİ","IstAdi":"HAMAMLI","BolgeNo":1,"ILKODU":16,"ILCEKODU":1411,"HAVZA_ID":12,"entityId":"874","entityType":"lakeStations","id":"874","name":"HAMAMLI","stationId":32012064,"basinId":12,"status":"no_data","color":"#94a3b8","radius":7}},{"type":"Feature","id":"875","geometry":{"type":"Point","coordinates":[30.985830000000078,40.85611000000006]},"properties":{"OBJECTID":875,"IstNo":32013002,"SuAdi":"BÜYÜK MELEN DERESİ","IstAdi":"YAKABAŞI","BolgeNo":5,"ILKODU":81,"ILCEKODU":2017,"HAVZA_ID":13,"entityId":"875","entityType":"lakeStations","id":"875","name":"YAKABAŞI","stationId":32013002,"basinId":13,"status":"no_data","color":"#94a3b8","radius":7}},{"type":"Feature","id":"876","geometry":{"type":"Point","coordinates":[33.300830000000076,41.641110000000026]},"properties":{"OBJECTID":876,"IstNo":32013007,"SuAdi":"DEVREKANİ Ç.","IstAdi":"AZDAVAY","BolgeNo":23,"ILKODU":37,"ILCEKODU":1162,"HAVZA_ID":13,"entityId":"876","entityType":"lakeStations","id":"876","name":"AZDAVAY","stationId":32013007,"basinId":13,"status":"no_data","color":"#94a3b8","radius":7}},{"type":"Feature","id":"877","geometry":{"type":"Point","coordinates":[31.967220000000054,40.89639000000005]},"properties":{"OBJECTID":877,"IstNo":32013019,"SuAdi":"MENGEN ÇAYI","IstAdi":"GÖKÇESU","BolgeNo":5,"ILKODU":14,"ILCEKODU":1522,"HAVZA_ID":13,"entityId":"877","entityType":"lakeStations","id":"877","name":"GÖKÇESU","stationId":32013019,"basinId":13,"status":"no_data","color":"#94a3b8","radius":7}},{"type":"Feature","id":"878","geometry":{"type":"Point","coordinates":[32.355560000000025,41.64167000000003]},"properties":{"OBJECTID":878,"IstNo":32013031,"SuAdi":"KOCAIRMAK","IstAdi":"BARTIN","BolgeNo":23,"ILKODU":74,"ILCEKODU":1172,"HAVZA_ID":13,"entityId":"878","entityType":"lakeStations","id":"878","name":"BARTIN","stationId":32013031,"basinId":13,"status":"no_data","color":"#94a3b8","radius":7}},{"type":"Feature","id":"879","geometry":{"type":"Point","coordinates":[35.03250000000003,41.99917000000005]},"properties":{"OBJECTID":879,"IstNo":32013032,"SuAdi":"KARASU ","IstAdi":"HACILAR KÖPRÜSÜ","BolgeNo":7,"ILKODU":57,"ILCEKODU":1627,"HAVZA_ID":13,"entityId":"879","entityType":"lakeStations","id":"879","name":"HACILAR KÖPRÜSÜ","stationId":32013032,"basinId":13,"status":"no_data","color":"#94a3b8","radius":7}},{"type":"Feature","id":"880","geometry":{"type":"Point","coordinates":[32.087500000000034,41.42667000000006]},"properties":{"OBJECTID":880,"IstNo":32013035,"SuAdi":"FİLYOS Ç.","IstAdi":"ÇAYCUMA","BolgeNo":23,"ILKODU":67,"ILCEKODU":1240,"HAVZA_ID":13,"entityId":"880","entityType":"lakeStations","id":"880","name":"ÇAYCUMA","stationId":32013035,"basinId":13,"status":"no_data","color":"#94a3b8","radius":7}},{"type":"Feature","id":"881","geometry":{"type":"Point","coordinates":[32.323330000000055,41.201670000000036]},"properties":{"OBJECTID":881,"IstNo":32013036,"SuAdi":"YENİCE IRMAĞI","IstAdi":"YENİCE","BolgeNo":23,"ILKODU":78,"ILCEKODU":1856,"HAVZA_ID":13,"entityId":"881","entityType":"lakeStations","id":"881","name":"YENİCE","stationId":32013036,"basinId":13,"status":"no_data","color":"#94a3b8","radius":7}},{"type":"Feature","id":"882","geometry":{"type":"Point","coordinates":[30.920560000000023,40.71556000000004]},"properties":{"OBJECTID":882,"IstNo":32013039,"SuAdi":"AKSU D.","IstAdi":"ÇİFTEKESE","BolgeNo":3,"ILKODU":54,"ILCEKODU":1391,"HAVZA_ID":13,"entityId":"882","entityType":"lakeStations","id":"882","name":"ÇİFTEKESE","stationId":32013039,"basinId":13,"status":"no_data","color":"#94a3b8","radius":7}},{"type":"Feature","id":"883","geometry":{"type":"Point","coordinates":[32.25472000000008,40.94111000000004]},"properties":{"OBJECTID":883,"IstNo":32013043,"SuAdi":"KORUBAŞI DERESİ","IstAdi":"ARAK","BolgeNo":5,"ILKODU":14,"ILCEKODU":1522,"HAVZA_ID":13,"entityId":"883","entityType":"lakeStations","id":"883","name":"ARAK","stationId":32013043,"basinId":13,"status":"no_data","color":"#94a3b8","radius":7}},{"type":"Feature","id":"884","geometry":{"type":"Point","coordinates":[31.95667000000003,41.22389000000004]},"properties":{"OBJECTID":884,"IstNo":32013051,"SuAdi":"DEVREK Ç.","IstAdi":"DEVREK","BolgeNo":23,"ILKODU":67,"ILCEKODU":1276,"HAVZA_ID":13,"entityId":"884","entityType":"lakeStations","id":"884","name":"DEVREK","stationId":32013051,"basinId":13,"status":"no_data","color":"#94a3b8","radius":7}},{"type":"Feature","id":"885","geometry":{"type":"Point","coordinates":[31.30528000000004,41.11278000000004]},"properties":{"OBJECTID":885,"IstNo":32013062,"SuAdi":"KOCAMAN DERE","IstAdi":"KOCAMAN","BolgeNo":23,"ILKODU":67,"ILCEKODU":1758,"HAVZA_ID":13,"entityId":"885","entityType":"lakeStations","id":"885","name":"KOCAMAN","stationId":32013062,"basinId":13,"status":"no_data","color":"#94a3b8","radius":7}},{"type":"Feature","id":"886","geometry":{"type":"Point","coordinates":[36.512500000000045,40.77167000000003]},"properties":{"OBJECTID":886,"IstNo":32014002,"SuAdi":"YEŞİLIRMAK","IstAdi":"KALE","BolgeNo":7,"ILKODU":60,"ILCEKODU":1308,"HAVZA_ID":14,"entityId":"886","entityType":"lakeStations","id":"886","name":"KALE","stationId":32014002,"basinId":14,"status":"no_data","color":"#94a3b8","radius":7}},{"type":"Feature","id":"887","geometry":{"type":"Point","coordinates":[35.417500000000075,40.451670000000036]},"properties":{"OBJECTID":887,"IstNo":32014012,"SuAdi":"ÇORUM ÇAT IRMAĞI","IstAdi":"ŞEYHOĞLU KÖPRÜSÜ","BolgeNo":7,"ILKODU":5,"ILCEKODU":1363,"HAVZA_ID":14,"entityId":"887","entityType":"lakeStations","id":"887","name":"ŞEYHOĞLU KÖPRÜSÜ","stationId":32014012,"basinId":14,"status":"no_data","color":"#94a3b8","radius":7}},{"type":"Feature","id":"888","geometry":{"type":"Point","coordinates":[36.11555000000004,40.43306000000007]},"properties":{"OBJECTID":888,"IstNo":32014014,"SuAdi":"YEŞİLIRMAK N.","IstAdi":"SÜTLÜCE","BolgeNo":7,"ILKODU":60,"ILCEKODU":1690,"HAVZA_ID":14,"entityId":"888","entityType":"lakeStations","id":"888","name":"SÜTLÜCE","stationId":32014014,"basinId":14,"status":"no_data","color":"#94a3b8","radius":7}},{"type":"Feature","id":"889","geometry":{"type":"Point","coordinates":[37.12861000000004,40.31167000000005]},"properties":{"OBJECTID":889,"IstNo":32014018,"SuAdi":"YEŞİLIRMAK N.","IstAdi":"GÖMELEÖNÜ","BolgeNo":7,"ILKODU":60,"ILCEKODU":1129,"HAVZA_ID":14,"entityId":"889","entityType":"lakeStations","id":"889","name":"GÖMELEÖNÜ","stationId":32014018,"basinId":14,"status":"no_data","color":"#94a3b8","radius":7}},{"type":"Feature","id":"890","geometry":{"type":"Point","coordinates":[39.31167000000005,40.11528000000004]},"properties":{"OBJECTID":890,"IstNo":32014022,"SuAdi":"KELKİT Ç.","IstAdi":"ÇİÇEKBÜKÜ","BolgeNo":22,"ILKODU":29,"ILCEKODU":1458,"HAVZA_ID":14,"entityId":"890","entityType":"lakeStations","id":"890","name":"ÇİÇEKBÜKÜ","stationId":32014022,"basinId":14,"status":"no_data","color":"#94a3b8","radius":7}},{"type":"Feature","id":"891","geometry":{"type":"Point","coordinates":[36.14639000000005,40.00806000000006]},"properties":{"OBJECTID":891,"IstNo":32014024,"SuAdi":"ÇEKEREK Ç.","IstAdi":"ÇIRDAK KÖPRÜSÜ","BolgeNo":7,"ILKODU":60,"ILCEKODU":1858,"HAVZA_ID":14,"entityId":"891","entityType":"lakeStations","id":"891","name":"ÇIRDAK KÖPRÜSÜ","stationId":32014024,"basinId":14,"status":"no_data","color":"#94a3b8","radius":7}},{"type":"Feature","id":"892","geometry":{"type":"Point","coordinates":[37.97306000000003,40.236950000000036]},"properties":{"OBJECTID":892,"IstNo":32014027,"SuAdi":"KELKİT ÇAYI","IstAdi":"YEMİŞLI KÖPRÜSÜ","BolgeNo":19,"ILKODU":58,"ILCEKODU":1484,"HAVZA_ID":14,"entityId":"892","entityType":"lakeStations","id":"892","name":"YEMİŞLI KÖPRÜSÜ","stationId":32014027,"basinId":14,"status":"no_data","color":"#94a3b8","radius":7}},{"type":"Feature","id":"893","geometry":{"type":"Point","coordinates":[38.70799000000005,39.95475000000005]},"properties":{"OBJECTID":893,"IstNo":32014030,"SuAdi":"KÖROĞLU D.","IstAdi":"KÖROĞLU","BolgeNo":8,"ILKODU":24,"ILCEKODU":1583,"HAVZA_ID":14,"entityId":"893","entityType":"lakeStations","id":"893","name":"KÖROĞLU","stationId":32014030,"basinId":14,"status":"no_data","color":"#94a3b8","radius":7}},{"type":"Feature","id":"894","geometry":{"type":"Point","coordinates":[35.887500000000045,40.986950000000036]},"properties":{"OBJECTID":894,"IstNo":32014032,"SuAdi":"TERSAKAN Ç.","IstAdi":"AHMETSARAY","BolgeNo":7,"ILKODU":55,"ILCEKODU":1501,"HAVZA_ID":14,"entityId":"894","entityType":"lakeStations","id":"894","name":"AHMETSARAY","stationId":32014032,"basinId":14,"status":"no_data","color":"#94a3b8","radius":7}},{"type":"Feature","id":"895","geometry":{"type":"Point","coordinates":[35.83639000000005,40.67333000000008]},"properties":{"OBJECTID":895,"IstNo":32014034,"SuAdi":"TERSAKAN Ç.","IstAdi":"GÖLLÜBAĞLAR","BolgeNo":7,"ILKODU":5,"ILCEKODU":1134,"HAVZA_ID":14,"entityId":"895","entityType":"lakeStations","id":"895","name":"GÖLLÜBAĞLAR","stationId":32014034,"basinId":14,"status":"no_data","color":"#94a3b8","radius":7}},{"type":"Feature","id":"896","geometry":{"type":"Point","coordinates":[36.160000000000025,40.480000000000075]},"properties":{"OBJECTID":896,"IstNo":32014040,"SuAdi":"DELİ ÇAY","IstAdi":"DERBENTÇİ","BolgeNo":7,"ILKODU":60,"ILCEKODU":1134,"HAVZA_ID":14,"entityId":"896","entityType":"lakeStations","id":"896","name":"DERBENTÇİ","stationId":32014040,"basinId":14,"status":"no_data","color":"#94a3b8","radius":7}},{"type":"Feature","id":"897","geometry":{"type":"Point","coordinates":[34.74500000000006,39.50306000000006]},"properties":{"OBJECTID":897,"IstNo":32015017,"SuAdi":"KARANLIK D.","IstAdi":"ŞEFAATLİ","BolgeNo":12,"ILKODU":66,"ILCEKODU":1655,"HAVZA_ID":15,"entityId":"897","entityType":"lakeStations","id":"897","name":"ŞEFAATLİ","stationId":32015017,"basinId":15,"status":"no_data","color":"#94a3b8","radius":7}},{"type":"Feature","id":"898","geometry":{"type":"Point","coordinates":[36.84167000000008,39.71639000000005]},"properties":{"OBJECTID":898,"IstNo":32015035,"SuAdi":"KIZILIRMAK N.","IstAdi":"SÖĞÜTLÜHAN","BolgeNo":19,"ILKODU":58,"ILCEKODU":1628,"HAVZA_ID":15,"entityId":"898","entityType":"lakeStations","id":"898","name":"SÖĞÜTLÜHAN","stationId":32015035,"basinId":15,"status":"no_data","color":"#94a3b8","radius":7}},{"type":"Feature","id":"899","geometry":{"type":"Point","coordinates":[33.77889000000005,40.90361000000007]},"properties":{"OBJECTID":899,"IstNo":32015038,"SuAdi":"DEVRES ÇAYI","IstAdi":"ÇELTİKÇİBAŞI","BolgeNo":23,"ILKODU":37,"ILCEKODU":1399,"HAVZA_ID":15,"entityId":"899","entityType":"lakeStations","id":"899","name":"ÇELTİKÇİBAŞI","stationId":32015038,"basinId":15,"status":"no_data","color":"#94a3b8","radius":7}},{"type":"Feature","id":"900","geometry":{"type":"Point","coordinates":[37.56167000000005,39.87639000000007]},"properties":{"OBJECTID":900,"IstNo":32015039,"SuAdi":"KIZILIRMAK N.","IstAdi":"BULAKBAŞI","BolgeNo":19,"ILKODU":58,"ILCEKODU":1738,"HAVZA_ID":15,"entityId":"900","entityType":"lakeStations","id":"900","name":"BULAKBAŞI","stationId":32015039,"basinId":15,"status":"no_data","color":"#94a3b8","radius":7}},{"type":"Feature","id":"901","geometry":{"type":"Point","coordinates":[34.26556000000005,41.56472000000008]},"properties":{"OBJECTID":901,"IstNo":32015045,"SuAdi":"GÖKIRMAK","IstAdi":"PURTULU","BolgeNo":23,"ILKODU":37,"ILCEKODU":1666,"HAVZA_ID":15,"entityId":"901","entityType":"lakeStations","id":"901","name":"PURTULU","stationId":32015045,"basinId":15,"status":"no_data","color":"#94a3b8","radius":7}},{"type":"Feature","id":"902","geometry":{"type":"Point","coordinates":[34.50500000000005,41.07167000000004]},"properties":{"OBJECTID":902,"IstNo":32015048,"SuAdi":"KIZILIRMAK N.","IstAdi":"KARAKÖY","BolgeNo":5,"ILKODU":19,"ILCEKODU":1558,"HAVZA_ID":15,"entityId":"902","entityType":"lakeStations","id":"902","name":"KARAKÖY","stationId":32015048,"basinId":15,"status":"no_data","color":"#94a3b8","radius":7}},{"type":"Feature","id":"903","geometry":{"type":"Point","coordinates":[35.83528000000007,41.33083000000005]},"properties":{"OBJECTID":903,"IstNo":32015049,"SuAdi":"ÇAĞŞUR Ç.","IstAdi":"ESENÇAY","BolgeNo":7,"ILKODU":55,"ILCEKODU":1164,"HAVZA_ID":15,"entityId":"903","entityType":"lakeStations","id":"903","name":"ESENÇAY","stationId":32015049,"basinId":15,"status":"no_data","color":"#94a3b8","radius":7}},{"type":"Feature","id":"904","geometry":{"type":"Point","coordinates":[36.718890000000044,39.72500000000008]},"properties":{"OBJECTID":904,"IstNo":32015050,"SuAdi":"KALINÇAY","IstAdi":"KALINKÖY","BolgeNo":19,"ILKODU":58,"ILCEKODU":1731,"HAVZA_ID":15,"entityId":"904","entityType":"lakeStations","id":"904","name":"KALINKÖY","stationId":32015050,"basinId":15,"status":"no_data","color":"#94a3b8","radius":7}},{"type":"Feature","id":"905","geometry":{"type":"Point","coordinates":[37.00639000000007,39.69444000000004]},"properties":{"OBJECTID":905,"IstNo":32015054,"SuAdi":"TECER IRMAĞI","IstAdi":"İMARET","BolgeNo":19,"ILKODU":58,"ILCEKODU":1628,"HAVZA_ID":15,"entityId":"905","entityType":"lakeStations","id":"905","name":"İMARET","stationId":32015054,"basinId":15,"status":"no_data","color":"#94a3b8","radius":7}},{"type":"Feature","id":"906","geometry":{"type":"Point","coordinates":[37.42333000000008,39.81917000000004]},"properties":{"OBJECTID":906,"IstNo":32015055,"SuAdi":"ACISU DERESİ","IstAdi":"ACISU KÖPRÜSÜ","BolgeNo":19,"ILKODU":58,"ILCEKODU":1376,"HAVZA_ID":15,"entityId":"906","entityType":"lakeStations","id":"906","name":"ACISU KÖPRÜSÜ","stationId":32015055,"basinId":15,"status":"no_data","color":"#94a3b8","radius":7}},{"type":"Feature","id":"907","geometry":{"type":"Point","coordinates":[31.745280000000037,37.68333000000007]},"properties":{"OBJECTID":907,"IstNo":32016004,"SuAdi":"BEYŞEHİR GÖLAYAĞI","IstAdi":"BEYŞEHİR","BolgeNo":4,"ILKODU":42,"ILCEKODU":1188,"HAVZA_ID":16,"entityId":"907","entityType":"lakeStations","id":"907","name":"BEYŞEHİR","stationId":32016004,"basinId":16,"status":"no_data","color":"#94a3b8","radius":7}},{"type":"Feature","id":"908","geometry":{"type":"Point","coordinates":[32.11972000000003,37.32000000000005]},"properties":{"OBJECTID":908,"IstNo":32016021,"SuAdi":"BEYSEHİR G. SUĞLA ÇIKIŞI","IstAdi":"SARAYKÖY","BolgeNo":4,"ILKODU":42,"ILCEKODU":1994,"HAVZA_ID":16,"entityId":"908","entityType":"lakeStations","id":"908","name":"SARAYKÖY","stationId":32016021,"basinId":16,"status":"no_data","color":"#94a3b8","radius":7}},{"type":"Feature","id":"909","geometry":{"type":"Point","coordinates":[32.66945000000004,38.69861000000003]},"properties":{"OBJECTID":909,"IstNo":32016023,"SuAdi":"İNSU DERESİ","IstAdi":"İNSU KÖYÜ","BolgeNo":4,"ILKODU":42,"ILCEKODU":1222,"HAVZA_ID":16,"entityId":"909","entityType":"lakeStations","id":"909","name":"İNSU KÖYÜ","stationId":32016023,"basinId":16,"status":"no_data","color":"#94a3b8","radius":7}},{"type":"Feature","id":"910","geometry":{"type":"Point","coordinates":[33.70694000000003,38.867500000000064]},"properties":{"OBJECTID":910,"IstNo":32016029,"SuAdi":"PEÇENEKÖZÜ D.","IstAdi":"DEVEKOVAN","BolgeNo":5,"ILKODU":6,"ILCEKODU":1658,"HAVZA_ID":16,"entityId":"910","entityType":"lakeStations","id":"910","name":"DEVEKOVAN","stationId":32016029,"basinId":16,"status":"no_data","color":"#94a3b8","radius":7}},{"type":"Feature","id":"911","geometry":{"type":"Point","coordinates":[33.81556000000006,36.40361000000007]},"properties":{"OBJECTID":911,"IstNo":32017014,"SuAdi":"GÖKSU N.","IstAdi":"KARAHACILI","BolgeNo":6,"ILKODU":33,"ILCEKODU":1621,"HAVZA_ID":17,"entityId":"911","entityType":"lakeStations","id":"911","name":"KARAHACILI","stationId":32017014,"basinId":17,"status":"no_data","color":"#94a3b8","radius":7}},{"type":"Feature","id":"912","geometry":{"type":"Point","coordinates":[34.00555000000003,36.660000000000025]},"properties":{"OBJECTID":912,"IstNo":32017017,"SuAdi":"LAMAS Ç.","IstAdi":"KIZILGEÇİT","BolgeNo":6,"ILKODU":33,"ILCEKODU":1621,"HAVZA_ID":17,"entityId":"912","entityType":"lakeStations","id":"912","name":"KIZILGEÇİT","stationId":32017017,"basinId":17,"status":"no_data","color":"#94a3b8","radius":7}},{"type":"Feature","id":"913","geometry":{"type":"Point","coordinates":[33.36945000000003,36.635830000000055]},"properties":{"OBJECTID":913,"IstNo":32017020,"SuAdi":"GÖKSU N.","IstAdi":"HAMAM","BolgeNo":6,"ILKODU":33,"ILCEKODU":1536,"HAVZA_ID":17,"entityId":"913","entityType":"lakeStations","id":"913","name":"HAMAM","stationId":32017020,"basinId":17,"status":"no_data","color":"#94a3b8","radius":7}},{"type":"Feature","id":"914","geometry":{"type":"Point","coordinates":[32.895560000000046,36.175830000000076]},"properties":{"OBJECTID":914,"IstNo":32017021,"SuAdi":"ANAMUR Ç.","IstAdi":"ALAKÖPRÜ","BolgeNo":6,"ILKODU":33,"ILCEKODU":1135,"HAVZA_ID":17,"entityId":"914","entityType":"lakeStations","id":"914","name":"ALAKÖPRÜ","stationId":32017021,"basinId":17,"status":"no_data","color":"#94a3b8","radius":7}},{"type":"Feature","id":"915","geometry":{"type":"Point","coordinates":[32.65667000000008,36.61555000000004]},"properties":{"OBJECTID":915,"IstNo":32017025,"SuAdi":"GÖKTEPE D.","IstAdi":"GÜNDER","BolgeNo":4,"ILKODU":70,"ILCEKODU":1983,"HAVZA_ID":17,"entityId":"915","entityType":"lakeStations","id":"915","name":"GÜNDER","stationId":32017025,"basinId":17,"status":"no_data","color":"#94a3b8","radius":7}},{"type":"Feature","id":"916","geometry":{"type":"Point","coordinates":[34.33361000000008,36.865000000000066]},"properties":{"OBJECTID":916,"IstNo":32017039,"SuAdi":"ŞAHNA DERESİ","IstAdi":"ŞAHNA","BolgeNo":6,"ILKODU":33,"ILCEKODU":1311,"HAVZA_ID":17,"entityId":"916","entityType":"lakeStations","id":"916","name":"ŞAHNA","stationId":32017039,"basinId":17,"status":"no_data","color":"#94a3b8","radius":7}},{"type":"Feature","id":"917","geometry":{"type":"Point","coordinates":[32.76750000000004,36.69778000000008]},"properties":{"OBJECTID":917,"IstNo":32017040,"SuAdi":"KIŞLA DERESİ","IstAdi":"SERPER","BolgeNo":4,"ILKODU":70,"ILCEKODU":1316,"HAVZA_ID":17,"entityId":"917","entityType":"lakeStations","id":"917","name":"SERPER","stationId":32017040,"basinId":17,"status":"no_data","color":"#94a3b8","radius":7}},{"type":"Feature","id":"918","geometry":{"type":"Point","coordinates":[32.45083000000005,36.69083000000006]},"properties":{"OBJECTID":918,"IstNo":32017041,"SuAdi":"GEVNE Ç.","IstAdi":"FAKIRCALI KÖPRÜSÜ","BolgeNo":4,"ILKODU":70,"ILCEKODU":1983,"HAVZA_ID":17,"entityId":"918","entityType":"lakeStations","id":"918","name":"FAKIRCALI KÖPRÜSÜ","stationId":32017041,"basinId":17,"status":"no_data","color":"#94a3b8","radius":7}},{"type":"Feature","id":"919","geometry":{"type":"Point","coordinates":[32.68111000000005,36.568610000000035]},"properties":{"OBJECTID":919,"IstNo":32017042,"SuAdi":"ERMENEK Ç.","IstAdi":"DARAN KÖPRÜSÜ","BolgeNo":4,"ILKODU":70,"ILCEKODU":1983,"HAVZA_ID":17,"entityId":"919","entityType":"lakeStations","id":"919","name":"DARAN KÖPRÜSÜ","stationId":32017042,"basinId":17,"status":"no_data","color":"#94a3b8","radius":7}},{"type":"Feature","id":"920","geometry":{"type":"Point","coordinates":[35.154720000000054,37.29556000000008]},"properties":{"OBJECTID":920,"IstNo":32018020,"SuAdi":"KÖRKÜN SUYU","IstAdi":"HACILI KÖPRÜSÜ","BolgeNo":6,"ILKODU":1,"ILCEKODU":1437,"HAVZA_ID":18,"entityId":"920","entityType":"lakeStations","id":"920","name":"HACILI KÖPRÜSÜ","stationId":32018020,"basinId":18,"status":"no_data","color":"#94a3b8","radius":7}},{"type":"Feature","id":"921","geometry":{"type":"Point","coordinates":[35.62639000000007,38.24583000000007]},"properties":{"OBJECTID":921,"IstNo":32018022,"SuAdi":"ZAMANTİ N.","IstAdi":"FRAKTİN KÖPRÜSÜ","BolgeNo":12,"ILKODU":38,"ILCEKODU":1275,"HAVZA_ID":18,"entityId":"921","entityType":"lakeStations","id":"921","name":"FRAKTİN KÖPRÜSÜ","stationId":32018022,"basinId":18,"status":"no_data","color":"#94a3b8","radius":7}},{"type":"Feature","id":"922","geometry":{"type":"Point","coordinates":[36.285000000000025,38.141110000000026]},"properties":{"OBJECTID":922,"IstNo":32018024,"SuAdi":"GÖKSU","IstAdi":"ÇUKURKIŞLA","BolgeNo":6,"ILKODU":1,"ILCEKODU":1687,"HAVZA_ID":18,"entityId":"922","entityType":"lakeStations","id":"922","name":"ÇUKURKIŞLA","stationId":32018024,"basinId":18,"status":"no_data","color":"#94a3b8","radius":7}},{"type":"Feature","id":"923","geometry":{"type":"Point","coordinates":[35.48611000000005,37.855000000000075]},"properties":{"OBJECTID":923,"IstNo":32018027,"SuAdi":"ZAMANTİ N.","IstAdi":"DEGİRMENOCAĞI","BolgeNo":12,"ILKODU":38,"ILCEKODU":1715,"HAVZA_ID":18,"entityId":"923","entityType":"lakeStations","id":"923","name":"DEGİRMENOCAĞI","stationId":32018027,"basinId":18,"status":"no_data","color":"#94a3b8","radius":7}},{"type":"Feature","id":"924","geometry":{"type":"Point","coordinates":[35.10722000000004,37.103890000000035]},"properties":{"OBJECTID":924,"IstNo":32018028,"SuAdi":"ÇAKIT S.","IstAdi":"SALBAŞ","BolgeNo":6,"ILKODU":1,"ILCEKODU":2033,"HAVZA_ID":18,"entityId":"924","entityType":"lakeStations","id":"924","name":"SALBAŞ","stationId":32018028,"basinId":18,"status":"no_data","color":"#94a3b8","radius":7}},{"type":"Feature","id":"925","geometry":{"type":"Point","coordinates":[36.458330000000046,38.68444000000005]},"properties":{"OBJECTID":925,"IstNo":32018032,"SuAdi":"ÖZDERE","IstAdi":"BÜYÜKGÜMÜŞGÜN","BolgeNo":12,"ILKODU":38,"ILCEKODU":1576,"HAVZA_ID":18,"entityId":"925","entityType":"lakeStations","id":"925","name":"BÜYÜKGÜMÜŞGÜN","stationId":32018032,"basinId":18,"status":"no_data","color":"#94a3b8","radius":7}},{"type":"Feature","id":"926","geometry":{"type":"Point","coordinates":[36.41361000000006,38.737220000000036]},"properties":{"OBJECTID":926,"IstNo":32018034,"SuAdi":"ZAMANTİ N.","IstAdi":"KILIÇMEHMET","BolgeNo":12,"ILKODU":38,"ILCEKODU":1576,"HAVZA_ID":18,"entityId":"926","entityType":"lakeStations","id":"926","name":"KILIÇMEHMET","stationId":32018034,"basinId":18,"status":"no_data","color":"#94a3b8","radius":7}},{"type":"Feature","id":"927","geometry":{"type":"Point","coordinates":[35.84139000000005,38.15861000000007]},"properties":{"OBJECTID":927,"IstNo":32018039,"SuAdi":"İKİZDERE","IstAdi":"ÇATALOLUK","BolgeNo":12,"ILKODU":38,"ILCEKODU":1275,"HAVZA_ID":18,"entityId":"927","entityType":"lakeStations","id":"927","name":"ÇATALOLUK","stationId":32018039,"basinId":18,"status":"no_data","color":"#94a3b8","radius":7}},{"type":"Feature","id":"928","geometry":{"type":"Point","coordinates":[36.411110000000065,36.50333000000006]},"properties":{"OBJECTID":928,"IstNo":32019005,"SuAdi":"KARASU","IstAdi":"TORUN KÖPRÜSÜ","BolgeNo":6,"ILKODU":31,"ILCEKODU":1468,"HAVZA_ID":19,"entityId":"928","entityType":"lakeStations","id":"928","name":"TORUN KÖPRÜSÜ","stationId":32019005,"basinId":19,"status":"no_data","color":"#94a3b8","radius":7}},{"type":"Feature","id":"929","geometry":{"type":"Point","coordinates":[36.35333000000003,36.25139000000007]},"properties":{"OBJECTID":929,"IstNo":32019007,"SuAdi":"ASİ N.","IstAdi":"DEMİRKÖPRÜ","BolgeNo":6,"ILKODU":31,"ILCEKODU":2080,"HAVZA_ID":19,"entityId":"929","entityType":"lakeStations","id":"929","name":"DEMİRKÖPRÜ","stationId":32019007,"basinId":19,"status":"no_data","color":"#94a3b8","radius":7}},{"type":"Feature","id":"930","geometry":{"type":"Point","coordinates":[36.15694000000008,36.19778000000008]},"properties":{"OBJECTID":930,"IstNo":32019008,"SuAdi":"ASİ N.","IstAdi":"ANTAKYA","BolgeNo":6,"ILKODU":31,"ILCEKODU":2080,"HAVZA_ID":19,"entityId":"930","entityType":"lakeStations","id":"930","name":"ANTAKYA","stationId":32019008,"basinId":19,"status":"no_data","color":"#94a3b8","radius":7}},{"type":"Feature","id":"931","geometry":{"type":"Point","coordinates":[35.63417000000004,36.95778000000007]},"properties":{"OBJECTID":931,"IstNo":32020004,"SuAdi":"CEYHAN N.","IstAdi":"MİSİS","BolgeNo":6,"ILKODU":1,"ILCEKODU":1748,"HAVZA_ID":20,"entityId":"931","entityType":"lakeStations","id":"931","name":"MİSİS","stationId":32020004,"basinId":20,"status":"no_data","color":"#94a3b8","radius":7}},{"type":"Feature","id":"932","geometry":{"type":"Point","coordinates":[36.569720000000075,38.03194000000008]},"properties":{"OBJECTID":932,"IstNo":32020006,"SuAdi":"GÖKSUN Ç.","IstAdi":"KARAAHMET","BolgeNo":20,"ILKODU":46,"ILCEKODU":1353,"HAVZA_ID":20,"entityId":"932","entityType":"lakeStations","id":"932","name":"KARAAHMET","stationId":32020006,"basinId":20,"status":"no_data","color":"#94a3b8","radius":7}},{"type":"Feature","id":"933","geometry":{"type":"Point","coordinates":[35.917500000000075,37.34139000000005]},"properties":{"OBJECTID":933,"IstNo":32020007,"SuAdi":"SONBOZ Ç.","IstAdi":"ÇUKURKÖPRÜ","BolgeNo":6,"ILKODU":80,"ILCEKODU":1423,"HAVZA_ID":20,"entityId":"933","entityType":"lakeStations","id":"933","name":"ÇUKURKÖPRÜ","stationId":32020007,"basinId":20,"status":"no_data","color":"#94a3b8","radius":7}},{"type":"Feature","id":"934","geometry":{"type":"Point","coordinates":[36.08472000000006,37.361950000000036]},"properties":{"OBJECTID":934,"IstNo":32020008,"SuAdi":"SAVRUN D.","IstAdi":"KADİRLİ","BolgeNo":6,"ILKODU":80,"ILCEKODU":1423,"HAVZA_ID":20,"entityId":"934","entityType":"lakeStations","id":"934","name":"KADİRLİ","stationId":32020008,"basinId":20,"status":"no_data","color":"#94a3b8","radius":7}},{"type":"Feature","id":"935","geometry":{"type":"Point","coordinates":[37.53361000000007,38.25555000000003]},"properties":{"OBJECTID":935,"IstNo":32020022,"SuAdi":"SÖĞÜTLÜ SUYU","IstAdi":"HANKÖY","BolgeNo":20,"ILKODU":46,"ILCEKODU":1299,"HAVZA_ID":20,"entityId":"935","entityType":"lakeStations","id":"935","name":"HANKÖY","stationId":32020022,"basinId":20,"status":"no_data","color":"#94a3b8","radius":7}},{"type":"Feature","id":"936","geometry":{"type":"Point","coordinates":[36.92000000000007,38.42194000000006]},"properties":{"OBJECTID":936,"IstNo":32020025,"SuAdi":"HURMAN SUYU","IstAdi":"GÖZLER ÜSTÜ","BolgeNo":20,"ILKODU":46,"ILCEKODU":1107,"HAVZA_ID":20,"entityId":"936","entityType":"lakeStations","id":"936","name":"GÖZLER ÜSTÜ","stationId":32020025,"basinId":20,"status":"no_data","color":"#94a3b8","radius":7}},{"type":"Feature","id":"937","geometry":{"type":"Point","coordinates":[36.466950000000054,38.068610000000035]},"properties":{"OBJECTID":937,"IstNo":32020029,"SuAdi":"TÖRBÜZEK D.","IstAdi":"MEHMETBEY","BolgeNo":20,"ILKODU":46,"ILCEKODU":1353,"HAVZA_ID":20,"entityId":"937","entityType":"lakeStations","id":"937","name":"MEHMETBEY","stationId":32020029,"basinId":20,"status":"no_data","color":"#94a3b8","radius":7}},{"type":"Feature","id":"938","geometry":{"type":"Point","coordinates":[38.72805000000005,38.80278000000004]},"properties":{"OBJECTID":938,"IstNo":32021003,"SuAdi":"FIRAT N.","IstAdi":"KEBAN","BolgeNo":9,"ILKODU":23,"ILCEKODU":1455,"HAVZA_ID":21,"entityId":"938","entityType":"lakeStations","id":"938","name":"KEBAN","stationId":32021003,"basinId":21,"status":"no_data","color":"#94a3b8","radius":7}},{"type":"Feature","id":"939","geometry":{"type":"Point","coordinates":[39.39305000000007,39.68250000000006]},"properties":{"OBJECTID":939,"IstNo":32021019,"SuAdi":"FIRAT N.","IstAdi":"KEMAH BOĞAZI","BolgeNo":8,"ILKODU":24,"ILCEKODU":1318,"HAVZA_ID":21,"entityId":"939","entityType":"lakeStations","id":"939","name":"KEMAH BOĞAZI","stationId":32021019,"basinId":21,"status":"no_data","color":"#94a3b8","radius":7}},{"type":"Feature","id":"940","geometry":{"type":"Point","coordinates":[42.78028000000006,39.53861000000006]},"properties":{"OBJECTID":940,"IstNo":32021022,"SuAdi":"MURAT N.","IstAdi":"TUTAK","BolgeNo":8,"ILKODU":4,"ILCEKODU":1691,"HAVZA_ID":21,"entityId":"940","entityType":"lakeStations","id":"940","name":"TUTAK","stationId":32021022,"basinId":21,"status":"no_data","color":"#94a3b8","radius":7}},{"type":"Feature","id":"941","geometry":{"type":"Point","coordinates":[37.44305000000003,38.673050000000046]},"properties":{"OBJECTID":941,"IstNo":32021024,"SuAdi":"TOHMA S.","IstAdi":"YAZIKÖY","BolgeNo":9,"ILKODU":44,"ILCEKODU":1265,"HAVZA_ID":21,"entityId":"941","entityType":"lakeStations","id":"941","name":"YAZIKÖY","stationId":32021024,"basinId":21,"status":"no_data","color":"#94a3b8","radius":7}},{"type":"Feature","id":"942","geometry":{"type":"Point","coordinates":[38.236950000000036,37.99389000000008]},"properties":{"OBJECTID":942,"IstNo":32021035,"SuAdi":"BULAM Ç.","IstAdi":"FATOPAŞA","BolgeNo":20,"ILKODU":2,"ILCEKODU":1105,"HAVZA_ID":21,"entityId":"942","entityType":"lakeStations","id":"942","name":"FATOPAŞA","stationId":32021035,"basinId":21,"status":"no_data","color":"#94a3b8","radius":7}},{"type":"Feature","id":"943","geometry":{"type":"Point","coordinates":[39.539720000000045,39.10917000000006]},"properties":{"OBJECTID":943,"IstNo":32021049,"SuAdi":"MUNZUR S.","IstAdi":"MİSKİSAĞ","BolgeNo":9,"ILKODU":62,"ILCEKODU":1688,"HAVZA_ID":21,"entityId":"943","entityType":"lakeStations","id":"943","name":"MİSKİSAĞ","stationId":32021049,"basinId":21,"status":"no_data","color":"#94a3b8","radius":7}},{"type":"Feature","id":"944","geometry":{"type":"Point","coordinates":[40.17014000000006,39.57865000000004]},"properties":{"OBJECTID":944,"IstNo":32021051,"SuAdi":"FIRAT N.","IstAdi":"DEMİRKAPI(SANSA BOĞAZI)","BolgeNo":8,"ILKODU":24,"ILCEKODU":1853,"HAVZA_ID":21,"entityId":"944","entityType":"lakeStations","id":"944","name":"DEMİRKAPI(SANSA BOĞAZI)","stationId":32021051,"basinId":21,"status":"no_data","color":"#94a3b8","radius":7}},{"type":"Feature","id":"945","geometry":{"type":"Point","coordinates":[40.55472000000003,38.808610000000044]},"properties":{"OBJECTID":945,"IstNo":32021064,"SuAdi":"GÖYNÜK Ç.","IstAdi":"ÇAYAĞZI","BolgeNo":9,"ILKODU":12,"ILCEKODU":1193,"HAVZA_ID":21,"entityId":"945","entityType":"lakeStations","id":"945","name":"ÇAYAĞZI","stationId":32021064,"basinId":21,"status":"no_data","color":"#94a3b8","radius":7}},{"type":"Feature","id":"946","geometry":{"type":"Point","coordinates":[39.79639000000003,38.85917000000006]},"properties":{"OBJECTID":946,"IstNo":32021066,"SuAdi":"PERİ S.","IstAdi":"LOĞMAR","BolgeNo":9,"ILKODU":23,"ILCEKODU":1518,"HAVZA_ID":21,"entityId":"946","entityType":"lakeStations","id":"946","name":"LOĞMAR","stationId":32021066,"basinId":21,"status":"no_data","color":"#94a3b8","radius":7}},{"type":"Feature","id":"947","geometry":{"type":"Point","coordinates":[39.87056000000007,39.590250000000026]},"properties":{"OBJECTID":947,"IstNo":32021076,"SuAdi":"TACİK D.","IstAdi":"MUTU BOĞAZI","BolgeNo":8,"ILKODU":24,"ILCEKODU":1581,"HAVZA_ID":21,"entityId":"947","entityType":"lakeStations","id":"947","name":"MUTU BOĞAZI","stationId":32021076,"basinId":21,"status":"no_data","color":"#94a3b8","radius":7}},{"type":"Feature","id":"948","geometry":{"type":"Point","coordinates":[42.168330000000026,39.21944000000008]},"properties":{"OBJECTID":948,"IstNo":32021077,"SuAdi":"HINIS Ç.","IstAdi":"ADIVAR","BolgeNo":17,"ILKODU":49,"ILCEKODU":1213,"HAVZA_ID":21,"entityId":"948","entityType":"lakeStations","id":"948","name":"ADIVAR","stationId":32021077,"basinId":21,"status":"no_data","color":"#94a3b8","radius":7}},{"type":"Feature","id":"949","geometry":{"type":"Point","coordinates":[41.409440000000075,40.137500000000045]},"properties":{"OBJECTID":949,"IstNo":32021080,"SuAdi":"DUMLU SUYU","IstAdi":"YEŞİLDERE","BolgeNo":8,"ILKODU":25,"ILCEKODU":2045,"HAVZA_ID":21,"entityId":"949","entityType":"lakeStations","id":"949","name":"YEŞİLDERE","stationId":32021080,"basinId":21,"status":"no_data","color":"#94a3b8","radius":7}},{"type":"Feature","id":"950","geometry":{"type":"Point","coordinates":[38.26222000000007,37.926390000000026]},"properties":{"OBJECTID":950,"IstNo":32021083,"SuAdi":"PAMUK Ç.","IstAdi":"KOÇALİ","BolgeNo":20,"ILKODU":2,"ILCEKODU":1105,"HAVZA_ID":21,"entityId":"950","entityType":"lakeStations","id":"950","name":"KOÇALİ","stationId":32021083,"basinId":21,"status":"no_data","color":"#94a3b8","radius":7}},{"type":"Feature","id":"951","geometry":{"type":"Point","coordinates":[41.61945000000003,38.754440000000045]},"properties":{"OBJECTID":951,"IstNo":32021096,"SuAdi":"KARASU Ç.","IstAdi":"SUNGU","BolgeNo":17,"ILKODU":49,"ILCEKODU":1534,"HAVZA_ID":21,"entityId":"951","entityType":"lakeStations","id":"951","name":"SUNGU","stationId":32021096,"basinId":21,"status":"no_data","color":"#94a3b8","radius":7}},{"type":"Feature","id":"952","geometry":{"type":"Point","coordinates":[37.64972000000006,38.741940000000056]},"properties":{"OBJECTID":952,"IstNo":32021097,"SuAdi":"AYVALI  D.","IstAdi":"AYVALI ","BolgeNo":9,"ILKODU":44,"ILCEKODU":1969,"HAVZA_ID":21,"entityId":"952","entityType":"lakeStations","id":"952","name":"AYVALI ","stationId":32021097,"basinId":21,"status":"no_data","color":"#94a3b8","radius":7}},{"type":"Feature","id":"953","geometry":{"type":"Point","coordinates":[38.55167000000006,39.119170000000054]},"properties":{"OBJECTID":953,"IstNo":32021098,"SuAdi":"VİRAN Ç.","IstAdi":"KEKLİKPINARI","BolgeNo":9,"ILKODU":44,"ILCEKODU":1460,"HAVZA_ID":21,"entityId":"953","entityType":"lakeStations","id":"953","name":"KEKLİKPINARI","stationId":32021098,"basinId":21,"status":"no_data","color":"#94a3b8","radius":7}},{"type":"Feature","id":"954","geometry":{"type":"Point","coordinates":[40.59778000000006,40.728890000000035]},"properties":{"OBJECTID":954,"IstNo":32022015,"SuAdi":"ÇAMLIK DERE","IstAdi":"DEREKÖY","BolgeNo":22,"ILKODU":53,"ILCEKODU":1405,"HAVZA_ID":22,"entityId":"954","entityType":"lakeStations","id":"954","name":"DEREKÖY","stationId":32022015,"basinId":22,"status":"no_data","color":"#94a3b8","radius":7}},{"type":"Feature","id":"955","geometry":{"type":"Point","coordinates":[40.57889000000006,40.66583000000003]},"properties":{"OBJECTID":955,"IstNo":32022033,"SuAdi":"TOZKÖY DERESİ","IstAdi":"TOZKÖY","BolgeNo":22,"ILKODU":53,"ILCEKODU":1405,"HAVZA_ID":22,"entityId":"955","entityType":"lakeStations","id":"955","name":"TOZKÖY","stationId":32022033,"basinId":22,"status":"no_data","color":"#94a3b8","radius":7}},{"type":"Feature","id":"956","geometry":{"type":"Point","coordinates":[37.89667000000003,40.88639000000006]},"properties":{"OBJECTID":956,"IstNo":32022047,"SuAdi":"MELET Ç.","IstAdi":"GOCALLI KÖPRÜSÜ","BolgeNo":7,"ILKODU":52,"ILCEKODU":2103,"HAVZA_ID":22,"entityId":"956","entityType":"lakeStations","id":"956","name":"GOCALLI KÖPRÜSÜ","stationId":32022047,"basinId":22,"status":"no_data","color":"#94a3b8","radius":7}},{"type":"Feature","id":"957","geometry":{"type":"Point","coordinates":[38.175560000000075,40.92694000000006]},"properties":{"OBJECTID":957,"IstNo":32022053,"SuAdi":"PAZARSUYU","IstAdi":"EMECAN","BolgeNo":22,"ILKODU":28,"ILCEKODU":1212,"HAVZA_ID":22,"entityId":"957","entityType":"lakeStations","id":"957","name":"EMECAN","stationId":32022053,"basinId":22,"status":"no_data","color":"#94a3b8","radius":7}},{"type":"Feature","id":"958","geometry":{"type":"Point","coordinates":[37.14722000000006,41.110550000000046]},"properties":{"OBJECTID":958,"IstNo":32022054,"SuAdi":"AKÇAY ","IstAdi":"DURAKLI","BolgeNo":7,"ILKODU":52,"ILCEKODU":1676,"HAVZA_ID":22,"entityId":"958","entityType":"lakeStations","id":"958","name":"DURAKLI","stationId":32022054,"basinId":22,"status":"no_data","color":"#94a3b8","radius":7}},{"type":"Feature","id":"959","geometry":{"type":"Point","coordinates":[39.29222000000004,40.54194000000007]},"properties":{"OBJECTID":959,"IstNo":32022055,"SuAdi":"ÇİT DERESİ","IstAdi":"TORUL","BolgeNo":22,"ILKODU":29,"ILCEKODU":1684,"HAVZA_ID":22,"entityId":"959","entityType":"lakeStations","id":"959","name":"TORUL","stationId":32022055,"basinId":22,"status":"no_data","color":"#94a3b8","radius":7}},{"type":"Feature","id":"960","geometry":{"type":"Point","coordinates":[38.00195000000008,40.95528000000007]},"properties":{"OBJECTID":960,"IstNo":32022063,"SuAdi":"TURNASUYU","IstAdi":"KAPÇULLU","BolgeNo":7,"ILKODU":52,"ILCEKODU":1795,"HAVZA_ID":22,"entityId":"960","entityType":"lakeStations","id":"960","name":"KAPÇULLU","stationId":32022063,"basinId":22,"status":"no_data","color":"#94a3b8","radius":7}},{"type":"Feature","id":"961","geometry":{"type":"Point","coordinates":[37.305000000000064,41.060280000000034]},"properties":{"OBJECTID":961,"IstNo":32022066,"SuAdi":"CEVİZDERE","IstAdi":"DÜZKÖY","BolgeNo":7,"ILKODU":52,"ILCEKODU":1706,"HAVZA_ID":22,"entityId":"961","entityType":"lakeStations","id":"961","name":"DÜZKÖY","stationId":32022066,"basinId":22,"status":"no_data","color":"#94a3b8","radius":7}},{"type":"Feature","id":"962","geometry":{"type":"Point","coordinates":[40.07056000000006,40.850280000000055]},"properties":{"OBJECTID":962,"IstNo":32022070,"SuAdi":"KÜÇÜKDERE Ç.","IstAdi":"ÇİMENLİ","BolgeNo":22,"ILKODU":61,"ILCEKODU":1647,"HAVZA_ID":22,"entityId":"962","entityType":"lakeStations","id":"962","name":"ÇİMENLİ","stationId":32022070,"basinId":22,"status":"no_data","color":"#94a3b8","radius":7}},{"type":"Feature","id":"963","geometry":{"type":"Point","coordinates":[37.20139000000006,41.115830000000074]},"properties":{"OBJECTID":963,"IstNo":32022071,"SuAdi":"CURA Ç.","IstAdi":"CURİ","BolgeNo":7,"ILKODU":52,"ILCEKODU":1706,"HAVZA_ID":22,"entityId":"963","entityType":"lakeStations","id":"963","name":"CURİ","stationId":32022071,"basinId":22,"status":"no_data","color":"#94a3b8","radius":7}},{"type":"Feature","id":"964","geometry":{"type":"Point","coordinates":[40.964600000000075,40.45922000000007]},"properties":{"OBJECTID":964,"IstNo":32023016,"SuAdi":"ÇORUH N.","IstAdi":"İSPİR KÖPRÜSÜ","BolgeNo":8,"ILKODU":25,"ILCEKODU":1416,"HAVZA_ID":23,"entityId":"964","entityType":"lakeStations","id":"964","name":"İSPİR KÖPRÜSÜ","stationId":32023016,"basinId":23,"status":"no_data","color":"#94a3b8","radius":7}},{"type":"Feature","id":"965","geometry":{"type":"Point","coordinates":[42.17411000000004,40.76455000000004]},"properties":{"OBJECTID":965,"IstNo":32023029,"SuAdi":"OLTU SUYU","IstAdi":"COŞKUNLAR","BolgeNo":8,"ILKODU":25,"ILCEKODU":1551,"HAVZA_ID":23,"entityId":"965","entityType":"lakeStations","id":"965","name":"COŞKUNLAR","stationId":32023029,"basinId":23,"status":"no_data","color":"#94a3b8","radius":7}},{"type":"Feature","id":"966","geometry":{"type":"Point","coordinates":[41.17500000000007,40.635560000000055]},"properties":{"OBJECTID":966,"IstNo":32023030,"SuAdi":"ÇAMLIKAYA DERESİ","IstAdi":"ÇAMLIKAYA","BolgeNo":8,"ILKODU":25,"ILCEKODU":1416,"HAVZA_ID":23,"entityId":"966","entityType":"lakeStations","id":"966","name":"ÇAMLIKAYA","stationId":32023030,"basinId":23,"status":"no_data","color":"#94a3b8","radius":7}},{"type":"Feature","id":"967","geometry":{"type":"Point","coordinates":[42.31278000000003,41.257780000000025]},"properties":{"OBJECTID":967,"IstNo":32023033,"SuAdi":"MANSURAT DERESİ","IstAdi":"SAVŞAT","BolgeNo":26,"ILKODU":8,"ILCEKODU":1653,"HAVZA_ID":23,"entityId":"967","entityType":"lakeStations","id":"967","name":"SAVŞAT","stationId":32023033,"basinId":23,"status":"no_data","color":"#94a3b8","radius":7}},{"type":"Feature","id":"968","geometry":{"type":"Point","coordinates":[41.40222000000006,40.968890000000044]},"properties":{"OBJECTID":968,"IstNo":32023042,"SuAdi":"PARHAL DERESİ","IstAdi":"ALTIPARMAK","BolgeNo":26,"ILKODU":8,"ILCEKODU":1736,"HAVZA_ID":23,"entityId":"968","entityType":"lakeStations","id":"968","name":"ALTIPARMAK","stationId":32023042,"basinId":23,"status":"no_data","color":"#94a3b8","radius":7}},{"type":"Feature","id":"969","geometry":{"type":"Point","coordinates":[43.23444000000006,40.148060000000044]},"properties":{"OBJECTID":969,"IstNo":32024002,"SuAdi":"ARAS N.","IstAdi":"KAĞIZMAN","BolgeNo":24,"ILKODU":36,"ILCEKODU":1424,"HAVZA_ID":24,"entityId":"969","entityType":"lakeStations","id":"969","name":"KAĞIZMAN","stationId":32024002,"basinId":24,"status":"no_data","color":"#94a3b8","radius":7}},{"type":"Feature","id":"970","geometry":{"type":"Point","coordinates":[43.98387000000008,39.54316000000006]},"properties":{"OBJECTID":970,"IstNo":32024008,"SuAdi":"SARISU","IstAdi":"NONAK KÖPRÜSÜ","BolgeNo":8,"ILKODU":4,"ILCEKODU":1287,"HAVZA_ID":24,"entityId":"970","entityType":"lakeStations","id":"970","name":"NONAK KÖPRÜSÜ","stationId":32024008,"basinId":24,"status":"no_data","color":"#94a3b8","radius":7}},{"type":"Feature","id":"971","geometry":{"type":"Point","coordinates":[42.87222000000003,41.159440000000075]},"properties":{"OBJECTID":971,"IstNo":32024015,"SuAdi":"KURA N.","IstAdi":"UR KÖPRÜSÜ","BolgeNo":24,"ILKODU":75,"ILCEKODU":1144,"HAVZA_ID":24,"entityId":"971","entityType":"lakeStations","id":"971","name":"UR KÖPRÜSÜ","stationId":32024015,"basinId":24,"status":"no_data","color":"#94a3b8","radius":7}},{"type":"Feature","id":"972","geometry":{"type":"Point","coordinates":[42.85611000000006,41.13445000000007]},"properties":{"OBJECTID":972,"IstNo":32024022,"SuAdi":"ÖLÇEK Ç.","IstAdi":"ÖLÇEK","BolgeNo":24,"ILKODU":75,"ILCEKODU":1144,"HAVZA_ID":24,"entityId":"972","entityType":"lakeStations","id":"972","name":"ÖLÇEK","stationId":32024022,"basinId":24,"status":"no_data","color":"#94a3b8","radius":7}},{"type":"Feature","id":"973","geometry":{"type":"Point","coordinates":[42.34000000000003,40.09555000000006]},"properties":{"OBJECTID":973,"IstNo":32024028,"SuAdi":"ARAS N.","IstAdi":"MEŞECİK","BolgeNo":8,"ILKODU":25,"ILCEKODU":1396,"HAVZA_ID":24,"entityId":"973","entityType":"lakeStations","id":"973","name":"MEŞECİK","stationId":32024028,"basinId":24,"status":"no_data","color":"#94a3b8","radius":7}},{"type":"Feature","id":"974","geometry":{"type":"Point","coordinates":[43.20555000000007,38.34333000000004]},"properties":{"OBJECTID":974,"IstNo":32025027,"SuAdi":"GÜZELSU Ç.","IstAdi":"DÖNEMEÇ","BolgeNo":17,"ILKODU":65,"ILCEKODU":1918,"HAVZA_ID":25,"entityId":"974","entityType":"lakeStations","id":"974","name":"DÖNEMEÇ","stationId":32025027,"basinId":25,"status":"no_data","color":"#94a3b8","radius":7}},{"type":"Feature","id":"975","geometry":{"type":"Point","coordinates":[41.78278000000006,38.16139000000004]},"properties":{"OBJECTID":975,"IstNo":32026010,"SuAdi":"BİTLİS Ç.","IstAdi":"BAYKAN","BolgeNo":10,"ILKODU":56,"ILCEKODU":1179,"HAVZA_ID":21,"entityId":"975","entityType":"lakeStations","id":"975","name":"BAYKAN","stationId":32026010,"basinId":21,"status":"no_data","color":"#94a3b8","radius":7}},{"type":"Feature","id":"976","geometry":{"type":"Point","coordinates":[41.20333000000005,38.15333000000004]},"properties":{"OBJECTID":976,"IstNo":32026012,"SuAdi":"BATMAN Ç.","IstAdi":"MALABADİ KÖPRÜSÜ","BolgeNo":10,"ILKODU":21,"ILCEKODU":1624,"HAVZA_ID":21,"entityId":"976","entityType":"lakeStations","id":"976","name":"MALABADİ KÖPRÜSÜ","stationId":32026012,"basinId":21,"status":"no_data","color":"#94a3b8","radius":7}},{"type":"Feature","id":"977","geometry":{"type":"Point","coordinates":[44.07056000000006,37.68222000000003]},"properties":{"OBJECTID":977,"IstNo":32026022,"SuAdi":"NEHİL Ç.","IstAdi":"KONAK","BolgeNo":17,"ILKODU":30,"ILCEKODU":1737,"HAVZA_ID":21,"entityId":"977","entityType":"lakeStations","id":"977","name":"KONAK","stationId":32026022,"basinId":21,"status":"no_data","color":"#94a3b8","radius":7}},{"type":"Feature","id":"978","geometry":{"type":"Point","coordinates":[41.85722000000004,37.96139000000005]},"properties":{"OBJECTID":978,"IstNo":32026024,"SuAdi":"KEZER Ç.","IstAdi":"PINARCA","BolgeNo":10,"ILKODU":56,"ILCEKODU":1620,"HAVZA_ID":21,"entityId":"978","entityType":"lakeStations","id":"978","name":"PINARCA","stationId":32026024,"basinId":21,"status":"no_data","color":"#94a3b8","radius":7}},{"type":"Feature","id":"979","geometry":{"type":"Point","coordinates":[39.70028000000008,38.342220000000054]},"properties":{"OBJECTID":979,"IstNo":32026035,"SuAdi":"DİCLE N.","IstAdi":"KALENDER KÖPRÜ","BolgeNo":10,"ILKODU":21,"ILCEKODU":1506,"HAVZA_ID":21,"entityId":"979","entityType":"lakeStations","id":"979","name":"KALENDER KÖPRÜ","stationId":32026035,"basinId":21,"status":"no_data","color":"#94a3b8","radius":7}},{"type":"Feature","id":"980","geometry":{"type":"Point","coordinates":[40.27111000000008,37.83889000000005]},"properties":{"OBJECTID":980,"IstNo":32026038,"SuAdi":"DİCLE N.","IstAdi":"ZİYARET","BolgeNo":10,"ILKODU":21,"ILCEKODU":2042,"HAVZA_ID":21,"entityId":"980","entityType":"lakeStations","id":"980","name":"ZİYARET","stationId":32026038,"basinId":21,"status":"no_data","color":"#94a3b8","radius":7}},{"type":"Feature","id":"981","geometry":{"type":"Point","coordinates":[44.59806000000003,37.28056000000004]},"properties":{"OBJECTID":981,"IstNo":32026039,"SuAdi":"ŞEMDİNLİ Ç.","IstAdi":"OLGUNLAR","BolgeNo":17,"ILKODU":30,"ILCEKODU":1656,"HAVZA_ID":21,"entityId":"981","entityType":"lakeStations","id":"981","name":"OLGUNLAR","stationId":32026039,"basinId":21,"status":"no_data","color":"#94a3b8","radius":7}},{"type":"Feature","id":"982","geometry":{"type":"Point","coordinates":[28.681940000000054,40.166390000000035]},"properties":{"OBJECTID":982,"IstNo":34003034,"SuAdi":"ULUBAT GÖLÜ","IstAdi":"GÖLYAZI","BolgeNo":1,"ILKODU":16,"ILCEKODU":1829,"HAVZA_ID":3,"entityId":"982","entityType":"lakeStations","id":"982","name":"GÖLYAZI","stationId":34003034,"basinId":3,"status":"no_data","color":"#94a3b8","radius":7}},{"type":"Feature","id":"983","geometry":{"type":"Point","coordinates":[28.69333000000006,36.95694000000003]},"properties":{"OBJECTID":983,"IstNo":34008019,"SuAdi":"KÖYCEĞİZ GÖLÜ","IstAdi":"KÖYCEĞİZ","BolgeNo":21,"ILKODU":48,"ILCEKODU":1488,"HAVZA_ID":8,"entityId":"983","entityType":"lakeStations","id":"983","name":"KÖYCEĞİZ","stationId":34008019,"basinId":8,"status":"no_data","color":"#94a3b8","radius":7}},{"type":"Feature","id":"984","geometry":{"type":"Point","coordinates":[28.83361000000008,36.68083000000007]},"properties":{"OBJECTID":984,"IstNo":34008021,"SuAdi":"KOCAGÖL","IstAdi":"DALAMANCIK","BolgeNo":21,"ILKODU":48,"ILCEKODU":1742,"HAVZA_ID":8,"entityId":"984","entityType":"lakeStations","id":"984","name":"DALAMANCIK","stationId":34008021,"basinId":8,"status":"no_data","color":"#94a3b8","radius":7}},{"type":"Feature","id":"985","geometry":{"type":"Point","coordinates":[30.194170000000042,37.69750000000005]},"properties":{"OBJECTID":985,"IstNo":34010012,"SuAdi":"BURDUR GÖLÜ","IstAdi":" BURDUR ÇENDİK PLAJI GÖL GÖZLEM","BolgeNo":18,"ILKODU":15,"ILCEKODU":1215,"HAVZA_ID":10,"entityId":"985","entityType":"lakeStations","id":"985","name":" BURDUR ÇENDİK PLAJI GÖL GÖZLEM","stationId":34010012,"basinId":10,"status":"no_data","color":"#94a3b8","radius":7}},{"type":"Feature","id":"986","geometry":{"type":"Point","coordinates":[31.272500000000036,40.60278000000005]},"properties":{"OBJECTID":986,"IstNo":34013053,"SuAdi":"ABANT GÖLÜ","IstAdi":"ABANT ","BolgeNo":5,"ILKODU":14,"ILCEKODU":1531,"HAVZA_ID":13,"entityId":"986","entityType":"lakeStations","id":"986","name":"ABANT ","stationId":34013053,"basinId":13,"status":"no_data","color":"#94a3b8","radius":7}},{"type":"Feature","id":"987","geometry":{"type":"Point","coordinates":[33.41861000000006,38.95555000000007]},"properties":{"OBJECTID":987,"IstNo":34016019,"SuAdi":"TUZ GÖLÜ","IstAdi":"KALDIRIM TUZLASI","BolgeNo":4,"ILKODU":6,"ILCEKODU":1658,"HAVZA_ID":16,"entityId":"987","entityType":"lakeStations","id":"987","name":"KALDIRIM TUZLASI","stationId":34016019,"basinId":16,"status":"no_data","color":"#94a3b8","radius":7}},{"type":"Feature","id":"988","geometry":{"type":"Point","coordinates":[42.294170000000065,38.49278000000004]},"properties":{"OBJECTID":988,"IstNo":34025001,"SuAdi":"VAN GÖLÜ","IstAdi":"TATVAN","BolgeNo":17,"ILKODU":13,"ILCEKODU":1669,"HAVZA_ID":25,"entityId":"988","entityType":"lakeStations","id":"988","name":"TATVAN","stationId":34025001,"basinId":25,"status":"no_data","color":"#94a3b8","radius":7}},{"type":"Feature","id":"989","geometry":{"type":"Point","coordinates":[43.57806000000005,38.60639000000003]},"properties":{"OBJECTID":989,"IstNo":34025012,"SuAdi":"ERÇEK GÖLÜ","IstAdi":"ERÇEK","BolgeNo":17,"ILKODU":65,"ILCEKODU":2098,"HAVZA_ID":25,"entityId":"989","entityType":"lakeStations","id":"989","name":"ERÇEK","stationId":34025012,"basinId":25,"status":"no_data","color":"#94a3b8","radius":7}}]}
