{"type":"FeatureCollection","features":[{"type":"Feature","id":"319","geometry":{"type":"LineString","coordinates":[[26.399,40.737],[26.317,40.73],[26.291,40.769]]},"properties":{"OBJECTID":319,"adi":"Bilinmiyor","nehir_kod":"TR01NH001854","hidrolojik_kategori":3,"strahler":7,"olcek_sinifi":2,"uzunluk":12239.2,"HAVZA_ID":1,"Havza_Id_Text":"TR01","entityId":"319","entityType":"rivers","id":"319","name":"Bilinmiyor","riverCode":"TR01NH001854","basinId":1,"lengthKm":12.2392,"flow":null,"status":"no_data","color":"#38bdf8","width":2.8}},{"type":"Feature","id":"1152","geometry":{"type":"LineString","coordinates":[[26.359,40.915],[26.277,40.853],[26.23,40.779]]},"properties":{"OBJECTID":1152,"adi":"Bilinmiyor","nehir_kod":"TR01NH006969","hidrolojik_kategori":3,"strahler":5,"olcek_sinifi":2,"uzunluk":18898.2,"HAVZA_ID":1,"Havza_Id_Text":"TR01","entityId":"1152","entityType":"rivers","id":"1152","name":"Bilinmiyor","riverCode":"TR01NH006969","basinId":1,"lengthKm":18.8982,"flow":null,"status":"no_data","color":"#38bdf8","width":2.8}},{"type":"Feature","id":"1800","geometry":{"type":"LineString","coordinates":[[26.366,41.021],[26.358,40.999],[26.326,40.988],[26.359,40.946],[26.271,40.923],[26.204,40.821],[26.17,40.815]]},"properties":{"OBJECTID":1800,"adi":"Bilinmiyor","nehir_kod":"TR01NH010714","hidrolojik_kategori":3,"strahler":9,"olcek_sinifi":2,"uzunluk":39258.2,"HAVZA_ID":1,"Havza_Id_Text":"TR01","entityId":"1800","entityType":"rivers","id":"1800","name":"Bilinmiyor","riverCode":"TR01NH010714","basinId":1,"lengthKm":39.258199999999995,"flow":null,"status":"no_data","color":"#38bdf8","width":2.8}},{"type":"Feature","id":"2551","geometry":{"type":"LineString","coordinates":[[26.354,41.122],[26.328,41.084],[26.355,41.039]]},"properties":{"OBJECTID":2551,"adi":"Bilinmiyor","nehir_kod":"TR01NH015141","hidrolojik_kategori":2,"strahler":5,"olcek_sinifi":2,"uzunluk":11084.4,"HAVZA_ID":1,"Havza_Id_Text":"TR01","entityId":"2551","entityType":"rivers","id":"2551","name":"Bilinmiyor","riverCode":"TR01NH015141","basinId":1,"lengthKm":11.0844,"flow":null,"status":"no_data","color":"#38bdf8","width":2.8}},{"type":"Feature","id":"3120","geometry":{"type":"LineString","coordinates":[[26.323,41.187],[26.307,41.174],[26.336,41.143],[26.303,41.113],[26.336,41.106],[26.311,41.075],[26.327,41.041],[26.361,41.026]]},"properties":{"OBJECTID":3120,"adi":"Bilinmiyor","nehir_kod":"TR01NH018525","hidrolojik_kategori":3,"strahler":9,"olcek_sinifi":2,"uzunluk":27648.9,"HAVZA_ID":1,"Havza_Id_Text":"TR01","entityId":"3120","entityType":"rivers","id":"3120","name":"Bilinmiyor","riverCode":"TR01NH018525","basinId":1,"lengthKm":27.6489,"flow":null,"status":"no_data","color":"#38bdf8","width":2.8}},{"type":"Feature","id":"3639","geometry":{"type":"LineString","coordinates":[[26.391,41.249],[26.326,41.255],[26.318,41.238],[26.331,41.219]]},"properties":{"OBJECTID":3639,"adi":"Bilinmiyor","nehir_kod":"TR01NH021444","hidrolojik_kategori":3,"strahler":9,"olcek_sinifi":2,"uzunluk":11129.3,"HAVZA_ID":1,"Havza_Id_Text":"TR01","entityId":"3639","entityType":"rivers","id":"3639","name":"Bilinmiyor","riverCode":"TR01NH021444","basinId":1,"lengthKm":11.129299999999999,"flow":null,"status":"no_data","color":"#38bdf8","width":2.8}},{"type":"Feature","id":"4165","geometry":{"type":"LineString","coordinates":[[26.589,41.324],[26.519,41.339],[26.465,41.3],[26.464,41.285]]},"properties":{"OBJECTID":4165,"adi":"Bilinmiyor","nehir_kod":"TR01NH024423","hidrolojik_kategori":3,"strahler":9,"olcek_sinifi":2,"uzunluk":16488.7,"HAVZA_ID":1,"Havza_Id_Text":"TR01","entityId":"4165","entityType":"rivers","id":"4165","name":"Bilinmiyor","riverCode":"TR01NH024423","basinId":1,"lengthKm":16.4887,"flow":null,"status":"no_data","color":"#38bdf8","width":2.8}},{"type":"Feature","id":"51932","geometry":{"type":"LineString","coordinates":[[28.175,39.99],[28.201,40.033],[28.187,40.048],[28.206,40.06]]},"properties":{"OBJECTID":51932,"adi":"Bilinmiyor","nehir_kod":"TR03NH103833","hidrolojik_kategori":3,"strahler":8,"olcek_sinifi":2,"uzunluk":10770.9,"HAVZA_ID":3,"Havza_Id_Text":"TR03","entityId":"51932","entityType":"rivers","id":"51932","name":"Bilinmiyor","riverCode":"TR03NH103833","basinId":3,"lengthKm":10.7709,"flow":null,"status":"no_data","color":"#38bdf8","width":2.8}},{"type":"Feature","id":"52343","geometry":{"type":"LineString","coordinates":[[28.415,40.015],[28.399,40.029],[28.431,40.052],[28.437,40.09]]},"properties":{"OBJECTID":52343,"adi":"Bilinmiyor","nehir_kod":"TR03NH106056","hidrolojik_kategori":3,"strahler":8,"olcek_sinifi":2,"uzunluk":10925.4,"HAVZA_ID":3,"Havza_Id_Text":"TR03","entityId":"52343","entityType":"rivers","id":"52343","name":"Bilinmiyor","riverCode":"TR03NH106056","basinId":3,"lengthKm":10.9254,"flow":null,"status":"no_data","color":"#38bdf8","width":2.8}},{"type":"Feature","id":"52926","geometry":{"type":"LineString","coordinates":[[27.976,40.078],[27.961,40.108],[27.97,40.12],[27.937,40.137]]},"properties":{"OBJECTID":52926,"adi":"Bilinmiyor","nehir_kod":"TR03NH109286","hidrolojik_kategori":3,"strahler":7,"olcek_sinifi":2,"uzunluk":10604.2,"HAVZA_ID":3,"Havza_Id_Text":"TR03","entityId":"52926","entityType":"rivers","id":"52926","name":"Bilinmiyor","riverCode":"TR03NH109286","basinId":3,"lengthKm":10.6042,"flow":null,"status":"no_data","color":"#38bdf8","width":2.8}},{"type":"Feature","id":"53506","geometry":{"type":"LineString","coordinates":[[29.223,40.216],[29.222,40.232],[29.199,40.24],[29.132,40.234]]},"properties":{"OBJECTID":53506,"adi":"Bilinmiyor","nehir_kod":"TR03NH112829","hidrolojik_kategori":3,"strahler":4,"olcek_sinifi":2,"uzunluk":10922,"HAVZA_ID":3,"Havza_Id_Text":"TR03","entityId":"53506","entityType":"rivers","id":"53506","name":"Bilinmiyor","riverCode":"TR03NH112829","basinId":3,"lengthKm":10.922,"flow":null,"status":"no_data","color":"#38bdf8","width":2.8}},{"type":"Feature","id":"73183","geometry":{"type":"LineString","coordinates":[[27.688,38.513],[27.62,38.574]]},"properties":{"OBJECTID":73183,"adi":"Irlamaz","nehir_kod":"TR05NH032322","hidrolojik_kategori":3,"strahler":6,"olcek_sinifi":2,"uzunluk":10083.3,"HAVZA_ID":5,"Havza_Id_Text":"TR05","entityId":"73183","entityType":"rivers","id":"73183","name":"Irlamaz","riverCode":"TR05NH032322","basinId":5,"lengthKm":10.0833,"flow":null,"status":"no_data","color":"#38bdf8","width":2.8}},{"type":"Feature","id":"74887","geometry":{"type":"LineString","coordinates":[[27.618,38.614],[27.57,38.612],[27.528,38.642],[27.532,38.657]]},"properties":{"OBJECTID":74887,"adi":"Bilinmiyor","nehir_kod":"TR05NH041628","hidrolojik_kategori":3,"strahler":9,"olcek_sinifi":2,"uzunluk":12670,"HAVZA_ID":5,"Havza_Id_Text":"TR05","entityId":"74887","entityType":"rivers","id":"74887","name":"Bilinmiyor","riverCode":"TR05NH041628","basinId":5,"lengthKm":12.67,"flow":null,"status":"no_data","color":"#38bdf8","width":2.8}},{"type":"Feature","id":"75334","geometry":{"type":"LineString","coordinates":[[26.927,38.636],[26.898,38.638],[26.903,38.625],[26.834,38.607]]},"properties":{"OBJECTID":75334,"adi":"Bilinmiyor","nehir_kod":"TR05NH044124","hidrolojik_kategori":3,"strahler":9,"olcek_sinifi":2,"uzunluk":12716.6,"HAVZA_ID":5,"Havza_Id_Text":"TR05","entityId":"75334","entityType":"rivers","id":"75334","name":"Bilinmiyor","riverCode":"TR05NH044124","basinId":5,"lengthKm":12.7166,"flow":null,"status":"no_data","color":"#38bdf8","width":2.8}},{"type":"Feature","id":"91723","geometry":{"type":"LineString","coordinates":[[27.586,38.177],[27.496,38.137]]},"properties":{"OBJECTID":91723,"adi":"Bilinmiyor","nehir_kod":"TR06NH015649","hidrolojik_kategori":3,"strahler":7,"olcek_sinifi":2,"uzunluk":14197.5,"HAVZA_ID":6,"Havza_Id_Text":"TR06","entityId":"91723","entityType":"rivers","id":"91723","name":"Bilinmiyor","riverCode":"TR06NH015649","basinId":6,"lengthKm":14.1975,"flow":null,"status":"no_data","color":"#38bdf8","width":2.8}},{"type":"Feature","id":"100962","geometry":{"type":"LineString","coordinates":[[27.373,37.644],[27.279,37.581]]},"properties":{"OBJECTID":100962,"adi":"Bilinmiyor","nehir_kod":"TR07NH026444","hidrolojik_kategori":3,"strahler":6,"olcek_sinifi":2,"uzunluk":11269.6,"HAVZA_ID":7,"Havza_Id_Text":"TR07","entityId":"100962","entityType":"rivers","id":"100962","name":"Bilinmiyor","riverCode":"TR07NH026444","basinId":7,"lengthKm":11.2696,"flow":null,"status":"no_data","color":"#38bdf8","width":2.8}},{"type":"Feature","id":"101422","geometry":{"type":"LineString","coordinates":[[27.315,37.658],[27.277,37.637],[27.293,37.627],[27.279,37.629],[27.286,37.613],[27.261,37.607],[27.28,37.601],[27.266,37.589],[27.279,37.581]]},"properties":{"OBJECTID":101422,"adi":"Bilinmiyor","nehir_kod":"TR07NH029150","hidrolojik_kategori":3,"strahler":4,"olcek_sinifi":2,"uzunluk":29959.5,"HAVZA_ID":7,"Havza_Id_Text":"TR07","entityId":"101422","entityType":"rivers","id":"101422","name":"Bilinmiyor","riverCode":"TR07NH029150","basinId":7,"lengthKm":29.9595,"flow":null,"status":"no_data","color":"#38bdf8","width":2.8}},{"type":"Feature","id":"102685","geometry":{"type":"LineString","coordinates":[[27.484,37.719],[27.464,37.682],[27.5,37.637]]},"properties":{"OBJECTID":102685,"adi":"Bilinmiyor","nehir_kod":"TR07NH036545","hidrolojik_kategori":3,"strahler":9,"olcek_sinifi":2,"uzunluk":14944,"HAVZA_ID":7,"Havza_Id_Text":"TR07","entityId":"102685","entityType":"rivers","id":"102685","name":"Bilinmiyor","riverCode":"TR07NH036545","basinId":7,"lengthKm":14.944,"flow":null,"status":"no_data","color":"#38bdf8","width":2.8}},{"type":"Feature","id":"110494","geometry":{"type":"LineString","coordinates":[[28.182,37.837],[28.126,37.862],[28.104,37.853]]},"properties":{"OBJECTID":110494,"adi":"Bilinmiyor","nehir_kod":"TR07NH082868","hidrolojik_kategori":3,"strahler":8,"olcek_sinifi":2,"uzunluk":12848.7,"HAVZA_ID":7,"Havza_Id_Text":"TR07","entityId":"110494","entityType":"rivers","id":"110494","name":"Bilinmiyor","riverCode":"TR07NH082868","basinId":7,"lengthKm":12.848700000000001,"flow":null,"status":"no_data","color":"#38bdf8","width":2.8}},{"type":"Feature","id":"113460","geometry":{"type":"LineString","coordinates":[[29.047,37.585],[29.032,37.54],[28.997,37.513]]},"properties":{"OBJECTID":113460,"adi":"Bilinmiyor","nehir_kod":"TR07NH103401","hidrolojik_kategori":3,"strahler":6,"olcek_sinifi":2,"uzunluk":10570.8,"HAVZA_ID":7,"Havza_Id_Text":"TR07","entityId":"113460","entityType":"rivers","id":"113460","name":"Bilinmiyor","riverCode":"TR07NH103401","basinId":7,"lengthKm":10.570799999999998,"flow":null,"status":"no_data","color":"#38bdf8","width":2.8}},{"type":"Feature","id":"119618","geometry":{"type":"LineString","coordinates":[[29.718,38.191],[29.654,38.168]]},"properties":{"OBJECTID":119618,"adi":"Bilinmiyor","nehir_kod":"TR07NH140328","hidrolojik_kategori":3,"strahler":7,"olcek_sinifi":2,"uzunluk":10284.5,"HAVZA_ID":7,"Havza_Id_Text":"TR07","entityId":"119618","entityType":"rivers","id":"119618","name":"Bilinmiyor","riverCode":"TR07NH140328","basinId":7,"lengthKm":10.2845,"flow":null,"status":"no_data","color":"#38bdf8","width":2.8}},{"type":"Feature","id":"120499","geometry":{"type":"LineString","coordinates":[[30.169,38.295],[30.189,38.371]]},"properties":{"OBJECTID":120499,"adi":"Kızıl","nehir_kod":"TR07NH146511","hidrolojik_kategori":2,"strahler":5,"olcek_sinifi":2,"uzunluk":12014.7,"HAVZA_ID":7,"Havza_Id_Text":"TR07","entityId":"120499","entityType":"rivers","id":"120499","name":"Kızıl","riverCode":"TR07NH146511","basinId":7,"lengthKm":12.014700000000001,"flow":null,"status":"no_data","color":"#38bdf8","width":2.8}},{"type":"Feature","id":"129198","geometry":{"type":"LineString","coordinates":[[29.319,36.365],[29.316,36.323],[29.276,36.307],[29.284,36.295]]},"properties":{"OBJECTID":129198,"adi":"Bilinmiyor","nehir_kod":"TR08NH002643","hidrolojik_kategori":3,"strahler":7,"olcek_sinifi":2,"uzunluk":13478.6,"HAVZA_ID":8,"Havza_Id_Text":"TR08","entityId":"129198","entityType":"rivers","id":"129198","name":"Bilinmiyor","riverCode":"TR08NH002643","basinId":8,"lengthKm":13.4786,"flow":null,"status":"no_data","color":"#38bdf8","width":2.8}},{"type":"Feature","id":"131010","geometry":{"type":"LineString","coordinates":[[29.832,36.634],[29.901,36.635],[29.947,36.593]]},"properties":{"OBJECTID":131010,"adi":"Akçay","nehir_kod":"TR08NH013633","hidrolojik_kategori":3,"strahler":5,"olcek_sinifi":2,"uzunluk":15352.2,"HAVZA_ID":8,"Havza_Id_Text":"TR08","entityId":"131010","entityType":"rivers","id":"131010","name":"Akçay","riverCode":"TR08NH013633","basinId":8,"lengthKm":15.3522,"flow":null,"status":"no_data","color":"#38bdf8","width":2.8}},{"type":"Feature","id":"140513","geometry":{"type":"LineString","coordinates":[[27.731,37.204],[27.64,37.248]]},"properties":{"OBJECTID":140513,"adi":"Bilinmiyor","nehir_kod":"TR08NH071335","hidrolojik_kategori":3,"strahler":6,"olcek_sinifi":2,"uzunluk":10099.3,"HAVZA_ID":8,"Havza_Id_Text":"TR08","entityId":"140513","entityType":"rivers","id":"140513","name":"Bilinmiyor","riverCode":"TR08NH071335","basinId":8,"lengthKm":10.0993,"flow":null,"status":"no_data","color":"#38bdf8","width":2.8}},{"type":"Feature","id":"144428","geometry":{"type":"LineString","coordinates":[[30.261,37.023],[30.303,37.034],[30.349,37.071]]},"properties":{"OBJECTID":144428,"adi":"Bilinmiyor","nehir_kod":"TR09NH005508","hidrolojik_kategori":3,"strahler":6,"olcek_sinifi":2,"uzunluk":15979.7,"HAVZA_ID":9,"Havza_Id_Text":"TR09","entityId":"144428","entityType":"rivers","id":"144428","name":"Bilinmiyor","riverCode":"TR09NH005508","basinId":9,"lengthKm":15.979700000000001,"flow":null,"status":"no_data","color":"#38bdf8","width":2.8}},{"type":"Feature","id":"146129","geometry":{"type":"LineString","coordinates":[[30.447,37.309],[30.49,37.288],[30.506,37.222],[30.532,37.216]]},"properties":{"OBJECTID":146129,"adi":"Bilinmiyor","nehir_kod":"TR09NH015480","hidrolojik_kategori":3,"strahler":7,"olcek_sinifi":2,"uzunluk":14703.7,"HAVZA_ID":9,"Havza_Id_Text":"TR09","entityId":"146129","entityType":"rivers","id":"146129","name":"Bilinmiyor","riverCode":"TR09NH015480","basinId":9,"lengthKm":14.703700000000001,"flow":null,"status":"no_data","color":"#38bdf8","width":2.8}},{"type":"Feature","id":"150387","geometry":{"type":"LineString","coordinates":[[31.505,37.057],[31.599,36.999]]},"properties":{"OBJECTID":150387,"adi":"Bilinmiyor","nehir_kod":"TR09NH038867","hidrolojik_kategori":2,"strahler":4,"olcek_sinifi":2,"uzunluk":11011.1,"HAVZA_ID":9,"Havza_Id_Text":"TR09","entityId":"150387","entityType":"rivers","id":"150387","name":"Bilinmiyor","riverCode":"TR09NH038867","basinId":9,"lengthKm":11.0111,"flow":null,"status":"no_data","color":"#38bdf8","width":2.8}},{"type":"Feature","id":"154342","geometry":{"type":"LineString","coordinates":[[30.591,38.103],[30.585,38.116],[30.671,38.15]]},"properties":{"OBJECTID":154342,"adi":"Bilinmiyor","nehir_kod":"TR09NH060680","hidrolojik_kategori":2,"strahler":4,"olcek_sinifi":2,"uzunluk":11237.9,"HAVZA_ID":9,"Havza_Id_Text":"TR09","entityId":"154342","entityType":"rivers","id":"154342","name":"Bilinmiyor","riverCode":"TR09NH060680","basinId":9,"lengthKm":11.2379,"flow":null,"status":"no_data","color":"#38bdf8","width":2.8}},{"type":"Feature","id":"154353","geometry":{"type":"LineString","coordinates":[[30.636,38.116],[30.658,38.136],[30.745,38.15]]},"properties":{"OBJECTID":154353,"adi":"Bilinmiyor","nehir_kod":"TR09NH060792","hidrolojik_kategori":2,"strahler":4,"olcek_sinifi":2,"uzunluk":11093.1,"HAVZA_ID":9,"Havza_Id_Text":"TR09","entityId":"154353","entityType":"rivers","id":"154353","name":"Bilinmiyor","riverCode":"TR09NH060792","basinId":9,"lengthKm":11.0931,"flow":null,"status":"no_data","color":"#38bdf8","width":2.8}},{"type":"Feature","id":"159551","geometry":{"type":"LineString","coordinates":[[30.074,37.586],[30.071,37.626],[30.088,37.637]]},"properties":{"OBJECTID":159551,"adi":"Boz","nehir_kod":"TR10NH011646","hidrolojik_kategori":3,"strahler":7,"olcek_sinifi":2,"uzunluk":10231.8,"HAVZA_ID":10,"Havza_Id_Text":"TR10","entityId":"159551","entityType":"rivers","id":"159551","name":"Boz","riverCode":"TR10NH011646","basinId":10,"lengthKm":10.2318,"flow":null,"status":"no_data","color":"#38bdf8","width":2.8}},{"type":"Feature","id":"160923","geometry":{"type":"LineString","coordinates":[[29.683,37.741],[29.683,37.763],[29.736,37.779],[29.752,37.8]]},"properties":{"OBJECTID":160923,"adi":"Bilinmiyor","nehir_kod":"TR10NH019512","hidrolojik_kategori":3,"strahler":4,"olcek_sinifi":2,"uzunluk":10971.2,"HAVZA_ID":10,"Havza_Id_Text":"TR10","entityId":"160923","entityType":"rivers","id":"160923","name":"Bilinmiyor","riverCode":"TR10NH019512","basinId":10,"lengthKm":10.971200000000001,"flow":null,"status":"no_data","color":"#38bdf8","width":2.8}},{"type":"Feature","id":"163726","geometry":{"type":"LineString","coordinates":[[31.58,38.335],[31.557,38.371],[31.526,38.378]]},"properties":{"OBJECTID":163726,"adi":"Adıyan","nehir_kod":"TR11NH003929","hidrolojik_kategori":3,"strahler":6,"olcek_sinifi":2,"uzunluk":10205.4,"HAVZA_ID":11,"Havza_Id_Text":"TR11","entityId":"163726","entityType":"rivers","id":"163726","name":"Adıyan","riverCode":"TR11NH003929","basinId":11,"lengthKm":10.2054,"flow":null,"status":"no_data","color":"#38bdf8","width":2.8}},{"type":"Feature","id":"165637","geometry":{"type":"LineString","coordinates":[[31.62,38.577],[31.597,38.599],[31.56,38.6],[31.481,38.572]]},"properties":{"OBJECTID":165637,"adi":"Bilinmiyor","nehir_kod":"TR11NH014918","hidrolojik_kategori":2,"strahler":4,"olcek_sinifi":2,"uzunluk":14233.2,"HAVZA_ID":11,"Havza_Id_Text":"TR11","entityId":"165637","entityType":"rivers","id":"165637","name":"Bilinmiyor","riverCode":"TR11NH014918","basinId":11,"lengthKm":14.2332,"flow":null,"status":"no_data","color":"#38bdf8","width":2.8}},{"type":"Feature","id":"165811","geometry":{"type":"LineString","coordinates":[[31.26,38.6],[31.299,38.591],[31.297,38.559]]},"properties":{"OBJECTID":165811,"adi":"Bilinmiyor","nehir_kod":"TR11NH015923","hidrolojik_kategori":3,"strahler":7,"olcek_sinifi":2,"uzunluk":11801.5,"HAVZA_ID":11,"Havza_Id_Text":"TR11","entityId":"165811","entityType":"rivers","id":"165811","name":"Bilinmiyor","riverCode":"TR11NH015923","basinId":11,"lengthKm":11.8015,"flow":null,"status":"no_data","color":"#38bdf8","width":2.8}},{"type":"Feature","id":"169422","geometry":{"type":"LineString","coordinates":[[31.127,38.957],[31.148,38.992],[31.222,39.03]]},"properties":{"OBJECTID":169422,"adi":"Bilinmiyor","nehir_kod":"TR12NH004149","hidrolojik_kategori":2,"strahler":4,"olcek_sinifi":2,"uzunluk":13250.4,"HAVZA_ID":12,"Havza_Id_Text":"TR12","entityId":"169422","entityType":"rivers","id":"169422","name":"Bilinmiyor","riverCode":"TR12NH004149","basinId":12,"lengthKm":13.250399999999999,"flow":null,"status":"no_data","color":"#38bdf8","width":2.8}},{"type":"Feature","id":"170980","geometry":{"type":"LineString","coordinates":[[29.925,39.173],[29.939,39.186],[29.969,39.171],[29.99,39.197]]},"properties":{"OBJECTID":170980,"adi":"Sarıyar","nehir_kod":"TR12NH013881","hidrolojik_kategori":3,"strahler":6,"olcek_sinifi":2,"uzunluk":12897.2,"HAVZA_ID":12,"Havza_Id_Text":"TR12","entityId":"170980","entityType":"rivers","id":"170980","name":"Sarıyar","riverCode":"TR12NH013881","basinId":12,"lengthKm":12.897200000000002,"flow":null,"status":"no_data","color":"#38bdf8","width":2.8}},{"type":"Feature","id":"172617","geometry":{"type":"LineString","coordinates":[[31.07,39.422],[31.126,39.414],[31.166,39.388]]},"properties":{"OBJECTID":172617,"adi":"Bilinmiyor","nehir_kod":"TR12NH024372","hidrolojik_kategori":3,"strahler":7,"olcek_sinifi":2,"uzunluk":10069.6,"HAVZA_ID":12,"Havza_Id_Text":"TR12","entityId":"172617","entityType":"rivers","id":"172617","name":"Bilinmiyor","riverCode":"TR12NH024372","basinId":12,"lengthKm":10.069600000000001,"flow":null,"status":"no_data","color":"#38bdf8","width":2.8}},{"type":"Feature","id":"172619","geometry":{"type":"LineString","coordinates":[[30.913,39.42],[31.033,39.361]]},"properties":{"OBJECTID":172619,"adi":"Bilinmiyor","nehir_kod":"TR12NH024376","hidrolojik_kategori":3,"strahler":5,"olcek_sinifi":2,"uzunluk":12814.9,"HAVZA_ID":12,"Havza_Id_Text":"TR12","entityId":"172619","entityType":"rivers","id":"172619","name":"Bilinmiyor","riverCode":"TR12NH024376","basinId":12,"lengthKm":12.8149,"flow":null,"status":"no_data","color":"#38bdf8","width":2.8}},{"type":"Feature","id":"173238","geometry":{"type":"LineString","coordinates":[[31.168,39.512],[31.141,39.48],[31.158,39.422]]},"properties":{"OBJECTID":173238,"adi":"Bilinmiyor","nehir_kod":"TR12NH028173","hidrolojik_kategori":3,"strahler":4,"olcek_sinifi":2,"uzunluk":11389.5,"HAVZA_ID":12,"Havza_Id_Text":"TR12","entityId":"173238","entityType":"rivers","id":"173238","name":"Bilinmiyor","riverCode":"TR12NH028173","basinId":12,"lengthKm":11.3895,"flow":null,"status":"no_data","color":"#38bdf8","width":2.8}},{"type":"Feature","id":"173465","geometry":{"type":"LineString","coordinates":[[30.923,39.564],[30.999,39.489]]},"properties":{"OBJECTID":173465,"adi":"Bilinmiyor","nehir_kod":"TR12NH029767","hidrolojik_kategori":3,"strahler":7,"olcek_sinifi":2,"uzunluk":11333.7,"HAVZA_ID":12,"Havza_Id_Text":"TR12","entityId":"173465","entityType":"rivers","id":"173465","name":"Bilinmiyor","riverCode":"TR12NH029767","basinId":12,"lengthKm":11.3337,"flow":null,"status":"no_data","color":"#38bdf8","width":2.8}},{"type":"Feature","id":"174594","geometry":{"type":"LineString","coordinates":[[32.441,38.207],[32.419,38.321],[32.401,38.335]]},"properties":{"OBJECTID":174594,"adi":"Seyit","nehir_kod":"TR12NH035984","hidrolojik_kategori":2,"strahler":4,"olcek_sinifi":2,"uzunluk":18476.1,"HAVZA_ID":12,"Havza_Id_Text":"TR12","entityId":"174594","entityType":"rivers","id":"174594","name":"Seyit","riverCode":"TR12NH035984","basinId":12,"lengthKm":18.4761,"flow":null,"status":"no_data","color":"#38bdf8","width":2.8}},{"type":"Feature","id":"174830","geometry":{"type":"LineString","coordinates":[[32.181,38.434],[32.197,38.498],[32.166,38.523]]},"properties":{"OBJECTID":174830,"adi":"Bilinmiyor","nehir_kod":"TR12NH037722","hidrolojik_kategori":3,"strahler":8,"olcek_sinifi":2,"uzunluk":13150.2,"HAVZA_ID":12,"Havza_Id_Text":"TR12","entityId":"174830","entityType":"rivers","id":"174830","name":"Bilinmiyor","riverCode":"TR12NH037722","basinId":12,"lengthKm":13.1502,"flow":null,"status":"no_data","color":"#38bdf8","width":2.8}},{"type":"Feature","id":"174919","geometry":{"type":"LineString","coordinates":[[32.272,38.52],[32.2,38.536],[32.166,38.523]]},"properties":{"OBJECTID":174919,"adi":"Bilinmiyor","nehir_kod":"TR12NH038469","hidrolojik_kategori":3,"strahler":6,"olcek_sinifi":2,"uzunluk":10868.8,"HAVZA_ID":12,"Havza_Id_Text":"TR12","entityId":"174919","entityType":"rivers","id":"174919","name":"Bilinmiyor","riverCode":"TR12NH038469","basinId":12,"lengthKm":10.868799999999998,"flow":null,"status":"no_data","color":"#38bdf8","width":2.8}},{"type":"Feature","id":"174985","geometry":{"type":"LineString","coordinates":[[32.054,38.648],[32.067,38.668],[32.039,38.657],[32.027,38.67],[32.039,38.676],[32.0,38.685]]},"properties":{"OBJECTID":174985,"adi":"Bilinmiyor","nehir_kod":"TR12NH039282","hidrolojik_kategori":3,"strahler":8,"olcek_sinifi":2,"uzunluk":14204,"HAVZA_ID":12,"Havza_Id_Text":"TR12","entityId":"174985","entityType":"rivers","id":"174985","name":"Bilinmiyor","riverCode":"TR12NH039282","basinId":12,"lengthKm":14.204,"flow":null,"status":"no_data","color":"#38bdf8","width":2.8}},{"type":"Feature","id":"174986","geometry":{"type":"LineString","coordinates":[[32.0,38.685],[31.964,38.683],[31.933,38.718],[31.934,38.742]]},"properties":{"OBJECTID":174986,"adi":"Bilinmiyor","nehir_kod":"TR12NH039492","hidrolojik_kategori":3,"strahler":8,"olcek_sinifi":2,"uzunluk":12383.8,"HAVZA_ID":12,"Havza_Id_Text":"TR12","entityId":"174986","entityType":"rivers","id":"174986","name":"Bilinmiyor","riverCode":"TR12NH039492","basinId":12,"lengthKm":12.383799999999999,"flow":null,"status":"no_data","color":"#38bdf8","width":2.8}},{"type":"Feature","id":"174994","geometry":{"type":"LineString","coordinates":[[31.934,38.742],[31.917,38.745],[31.926,38.77],[31.905,38.777],[31.928,38.778],[31.935,38.8],[31.96,38.798]]},"properties":{"OBJECTID":174994,"adi":"Bilinmiyor","nehir_kod":"TR12NH040014","hidrolojik_kategori":3,"strahler":8,"olcek_sinifi":2,"uzunluk":16892.5,"HAVZA_ID":12,"Havza_Id_Text":"TR12","entityId":"174994","entityType":"rivers","id":"174994","name":"Bilinmiyor","riverCode":"TR12NH040014","basinId":12,"lengthKm":16.8925,"flow":null,"status":"no_data","color":"#38bdf8","width":2.8}},{"type":"Feature","id":"175221","geometry":{"type":"LineString","coordinates":[[31.984,38.905],[31.951,38.936],[31.831,38.958],[31.822,38.972],[31.841,38.986],[31.835,39.015]]},"properties":{"OBJECTID":175221,"adi":"Bilinmiyor","nehir_kod":"TR12NH042793","hidrolojik_kategori":3,"strahler":8,"olcek_sinifi":2,"uzunluk":27055.4,"HAVZA_ID":12,"Havza_Id_Text":"TR12","entityId":"175221","entityType":"rivers","id":"175221","name":"Bilinmiyor","riverCode":"TR12NH042793","basinId":12,"lengthKm":27.055400000000002,"flow":null,"status":"no_data","color":"#38bdf8","width":2.8}},{"type":"Feature","id":"188495","geometry":{"type":"LineString","coordinates":[[29.53,40.171],[29.615,40.237]]},"properties":{"OBJECTID":188495,"adi":"Bilinmiyor","nehir_kod":"TR12NH122540","hidrolojik_kategori":3,"strahler":6,"olcek_sinifi":2,"uzunluk":13727.7,"HAVZA_ID":12,"Havza_Id_Text":"TR12","entityId":"188495","entityType":"rivers","id":"188495","name":"Bilinmiyor","riverCode":"TR12NH122540","basinId":12,"lengthKm":13.7277,"flow":null,"status":"no_data","color":"#38bdf8","width":2.8}},{"type":"Feature","id":"189359","geometry":{"type":"LineString","coordinates":[[29.472,40.226],[29.577,40.269]]},"properties":{"OBJECTID":189359,"adi":"Bilinmiyor","nehir_kod":"TR12NH126991","hidrolojik_kategori":2,"strahler":4,"olcek_sinifi":2,"uzunluk":10841.7,"HAVZA_ID":12,"Havza_Id_Text":"TR12","entityId":"189359","entityType":"rivers","id":"189359","name":"Bilinmiyor","riverCode":"TR12NH126991","basinId":12,"lengthKm":10.841700000000001,"flow":null,"status":"no_data","color":"#38bdf8","width":2.8}},{"type":"Feature","id":"189738","geometry":{"type":"LineString","coordinates":[[30.167,40.244],[30.108,40.239],[30.074,40.269]]},"properties":{"OBJECTID":189738,"adi":"Bilinmiyor","nehir_kod":"TR12NH128590","hidrolojik_kategori":2,"strahler":4,"olcek_sinifi":2,"uzunluk":10178.2,"HAVZA_ID":12,"Havza_Id_Text":"TR12","entityId":"189738","entityType":"rivers","id":"189738","name":"Bilinmiyor","riverCode":"TR12NH128590","basinId":12,"lengthKm":10.1782,"flow":null,"status":"no_data","color":"#38bdf8","width":2.8}},{"type":"Feature","id":"194808","geometry":{"type":"LineString","coordinates":[[30.432,40.751],[30.432,40.794],[30.475,40.83]]},"properties":{"OBJECTID":194808,"adi":"Bilinmiyor","nehir_kod":"TR12NH155726","hidrolojik_kategori":3,"strahler":9,"olcek_sinifi":2,"uzunluk":12058.1,"HAVZA_ID":12,"Havza_Id_Text":"TR12","entityId":"194808","entityType":"rivers","id":"194808","name":"Bilinmiyor","riverCode":"TR12NH155726","basinId":12,"lengthKm":12.0581,"flow":null,"status":"no_data","color":"#38bdf8","width":2.8}},{"type":"Feature","id":"194875","geometry":{"type":"LineString","coordinates":[[30.377,40.757],[30.387,40.774],[30.342,40.837]]},"properties":{"OBJECTID":194875,"adi":"Bilinmiyor","nehir_kod":"TR12NH156136","hidrolojik_kategori":3,"strahler":5,"olcek_sinifi":2,"uzunluk":10233.7,"HAVZA_ID":12,"Havza_Id_Text":"TR12","entityId":"194875","entityType":"rivers","id":"194875","name":"Bilinmiyor","riverCode":"TR12NH156136","basinId":12,"lengthKm":10.2337,"flow":null,"status":"no_data","color":"#38bdf8","width":2.8}},{"type":"Feature","id":"195087","geometry":{"type":"LineString","coordinates":[[30.475,40.83],[30.52,40.86],[30.526,40.85],[30.553,40.872],[30.575,40.868],[30.593,40.888]]},"properties":{"OBJECTID":195087,"adi":"Bilinmiyor","nehir_kod":"TR12NH157270","hidrolojik_kategori":3,"strahler":9,"olcek_sinifi":2,"uzunluk":17051,"HAVZA_ID":12,"Havza_Id_Text":"TR12","entityId":"195087","entityType":"rivers","id":"195087","name":"Bilinmiyor","riverCode":"TR12NH157270","basinId":12,"lengthKm":17.051,"flow":null,"status":"no_data","color":"#38bdf8","width":2.8}},{"type":"Feature","id":"201106","geometry":{"type":"LineString","coordinates":[[32.674,39.954],[32.586,39.975],[32.558,39.966]]},"properties":{"OBJECTID":201106,"adi":"Bilinmiyor","nehir_kod":"TR12NH194646","hidrolojik_kategori":3,"strahler":7,"olcek_sinifi":2,"uzunluk":11153.1,"HAVZA_ID":12,"Havza_Id_Text":"TR12","entityId":"201106","entityType":"rivers","id":"201106","name":"Bilinmiyor","riverCode":"TR12NH194646","basinId":12,"lengthKm":11.1531,"flow":null,"status":"no_data","color":"#38bdf8","width":2.8}},{"type":"Feature","id":"201915","geometry":{"type":"LineString","coordinates":[[32.787,40.019],[32.76,39.97],[32.765,39.939]]},"properties":{"OBJECTID":201915,"adi":"Bilinmiyor","nehir_kod":"TR12NH199445","hidrolojik_kategori":3,"strahler":5,"olcek_sinifi":2,"uzunluk":10369.2,"HAVZA_ID":12,"Havza_Id_Text":"TR12","entityId":"201915","entityType":"rivers","id":"201915","name":"Bilinmiyor","riverCode":"TR12NH199445","basinId":12,"lengthKm":10.369200000000001,"flow":null,"status":"no_data","color":"#38bdf8","width":2.8}},{"type":"Feature","id":"211214","geometry":{"type":"LineString","coordinates":[[31.242,39.246],[31.279,39.235],[31.319,39.271],[31.37,39.257]]},"properties":{"OBJECTID":211214,"adi":"Bilinmiyor","nehir_kod":"TR12NH249789","hidrolojik_kategori":2,"strahler":4,"olcek_sinifi":2,"uzunluk":15914.9,"HAVZA_ID":12,"Havza_Id_Text":"TR12","entityId":"211214","entityType":"rivers","id":"211214","name":"Bilinmiyor","riverCode":"TR12NH249789","basinId":12,"lengthKm":15.9149,"flow":null,"status":"no_data","color":"#38bdf8","width":2.8}},{"type":"Feature","id":"211235","geometry":{"type":"LineString","coordinates":[[30.925,39.617],[30.991,39.604],[31.014,39.566]]},"properties":{"OBJECTID":211235,"adi":"Bilinmiyor","nehir_kod":"TR12NH249936","hidrolojik_kategori":2,"strahler":2,"olcek_sinifi":3,"uzunluk":11149.1,"HAVZA_ID":12,"Havza_Id_Text":"TR12","entityId":"211235","entityType":"rivers","id":"211235","name":"Bilinmiyor","riverCode":"TR12NH249936","basinId":12,"lengthKm":11.1491,"flow":null,"status":"no_data","color":"#38bdf8","width":2.8}},{"type":"Feature","id":"254275","geometry":{"type":"LineString","coordinates":[[36.191,40.302],[36.149,40.309],[36.107,40.352]]},"properties":{"OBJECTID":254275,"adi":"Bilinmiyor","nehir_kod":"TR14NH091058","hidrolojik_kategori":3,"strahler":7,"olcek_sinifi":2,"uzunluk":12964.2,"HAVZA_ID":14,"Havza_Id_Text":"TR14","entityId":"254275","entityType":"rivers","id":"254275","name":"Bilinmiyor","riverCode":"TR14NH091058","basinId":14,"lengthKm":12.9642,"flow":null,"status":"no_data","color":"#38bdf8","width":2.8}},{"type":"Feature","id":"259113","geometry":{"type":"LineString","coordinates":[[34.861,40.44],[34.912,40.454],[34.94,40.428]]},"properties":{"OBJECTID":259113,"adi":"Ilgınözü","nehir_kod":"TR14NH118606","hidrolojik_kategori":3,"strahler":6,"olcek_sinifi":2,"uzunluk":10083.3,"HAVZA_ID":14,"Havza_Id_Text":"TR14","entityId":"259113","entityType":"rivers","id":"259113","name":"Ilgınözü","riverCode":"TR14NH118606","basinId":14,"lengthKm":10.0833,"flow":null,"status":"no_data","color":"#38bdf8","width":2.8}},{"type":"Feature","id":"262808","geometry":{"type":"LineString","coordinates":[[35.687,40.611],[35.687,40.567],[35.64,40.532]]},"properties":{"OBJECTID":262808,"adi":"Bilinmiyor","nehir_kod":"TR14NH139626","hidrolojik_kategori":2,"strahler":4,"olcek_sinifi":2,"uzunluk":12531.7,"HAVZA_ID":14,"Havza_Id_Text":"TR14","entityId":"262808","entityType":"rivers","id":"262808","name":"Bilinmiyor","riverCode":"TR14NH139626","basinId":14,"lengthKm":12.5317,"flow":null,"status":"no_data","color":"#38bdf8","width":2.8}},{"type":"Feature","id":"269749","geometry":{"type":"LineString","coordinates":[[36.9,41.164],[36.927,41.168],[36.942,41.194],[36.987,41.216],[37.021,41.213]]},"properties":{"OBJECTID":269749,"adi":"Bilinmiyor","nehir_kod":"TR14NH176726","hidrolojik_kategori":3,"strahler":6,"olcek_sinifi":2,"uzunluk":16632,"HAVZA_ID":14,"Havza_Id_Text":"TR14","entityId":"269749","entityType":"rivers","id":"269749","name":"Bilinmiyor","riverCode":"TR14NH176726","basinId":14,"lengthKm":16.632,"flow":null,"status":"no_data","color":"#38bdf8","width":2.8}},{"type":"Feature","id":"270041","geometry":{"type":"LineString","coordinates":[[36.71,41.219],[36.702,41.241],[36.716,41.248],[36.681,41.255],[36.689,41.27],[36.673,41.296],[36.689,41.319],[36.639,41.339],[36.661,41.382]]},"properties":{"OBJECTID":270041,"adi":"Bilinmiyor","nehir_kod":"TR14NH178267","hidrolojik_kategori":3,"strahler":9,"olcek_sinifi":2,"uzunluk":26669.6,"HAVZA_ID":14,"Havza_Id_Text":"TR14","entityId":"270041","entityType":"rivers","id":"270041","name":"Bilinmiyor","riverCode":"TR14NH178267","basinId":14,"lengthKm":26.6696,"flow":null,"status":"no_data","color":"#38bdf8","width":2.8}},{"type":"Feature","id":"272849","geometry":{"type":"LineString","coordinates":[[35.091,38.356],[35.147,38.374],[35.232,38.351]]},"properties":{"OBJECTID":272849,"adi":"Bilinmiyor","nehir_kod":"TR15NH005435","hidrolojik_kategori":3,"strahler":6,"olcek_sinifi":2,"uzunluk":14370.2,"HAVZA_ID":15,"Havza_Id_Text":"TR15","entityId":"272849","entityType":"rivers","id":"272849","name":"Bilinmiyor","riverCode":"TR15NH005435","basinId":15,"lengthKm":14.3702,"flow":null,"status":"no_data","color":"#38bdf8","width":2.8}},{"type":"Feature","id":"276021","geometry":{"type":"LineString","coordinates":[[34.14,38.844],[34.206,38.916]]},"properties":{"OBJECTID":276021,"adi":"Öteyüz","nehir_kod":"TR15NH025704","hidrolojik_kategori":3,"strahler":5,"olcek_sinifi":2,"uzunluk":13613.9,"HAVZA_ID":15,"Havza_Id_Text":"TR15","entityId":"276021","entityType":"rivers","id":"276021","name":"Öteyüz","riverCode":"TR15NH025704","basinId":15,"lengthKm":13.6139,"flow":null,"status":"no_data","color":"#38bdf8","width":2.8}},{"type":"Feature","id":"277410","geometry":{"type":"LineString","coordinates":[[34.827,39.009],[34.794,39.108]]},"properties":{"OBJECTID":277410,"adi":"Kalankaldınınözü","nehir_kod":"TR15NH034840","hidrolojik_kategori":3,"strahler":4,"olcek_sinifi":2,"uzunluk":13418.8,"HAVZA_ID":15,"Havza_Id_Text":"TR15","entityId":"277410","entityType":"rivers","id":"277410","name":"Kalankaldınınözü","riverCode":"TR15NH034840","basinId":15,"lengthKm":13.4188,"flow":null,"status":"no_data","color":"#38bdf8","width":2.8}},{"type":"Feature","id":"278490","geometry":{"type":"LineString","coordinates":[[34.854,39.191],[34.853,39.226],[34.881,39.228],[34.897,39.248]]},"properties":{"OBJECTID":278490,"adi":"Bilinmiyor","nehir_kod":"TR15NH044014","hidrolojik_kategori":2,"strahler":3,"olcek_sinifi":3,"uzunluk":10240.4,"HAVZA_ID":15,"Havza_Id_Text":"TR15","entityId":"278490","entityType":"rivers","id":"278490","name":"Bilinmiyor","riverCode":"TR15NH044014","basinId":15,"lengthKm":10.2404,"flow":null,"status":"no_data","color":"#38bdf8","width":2.8}},{"type":"Feature","id":"280184","geometry":{"type":"LineString","coordinates":[[34.349,39.364],[34.368,39.347],[34.372,39.252]]},"properties":{"OBJECTID":280184,"adi":"Kepir","nehir_kod":"TR15NH055356","hidrolojik_kategori":2,"strahler":4,"olcek_sinifi":2,"uzunluk":13808.8,"HAVZA_ID":15,"Havza_Id_Text":"TR15","entityId":"280184","entityType":"rivers","id":"280184","name":"Kepir","riverCode":"TR15NH055356","basinId":15,"lengthKm":13.8088,"flow":null,"status":"no_data","color":"#38bdf8","width":2.8}},{"type":"Feature","id":"288711","geometry":{"type":"LineString","coordinates":[[35.655,38.648],[35.649,38.709],[35.627,38.742]]},"properties":{"OBJECTID":288711,"adi":"Evedik","nehir_kod":"TR15NH105750","hidrolojik_kategori":2,"strahler":3,"olcek_sinifi":3,"uzunluk":12177.7,"HAVZA_ID":15,"Havza_Id_Text":"TR15","entityId":"288711","entityType":"rivers","id":"288711","name":"Evedik","riverCode":"TR15NH105750","basinId":15,"lengthKm":12.177700000000002,"flow":null,"status":"no_data","color":"#38bdf8","width":2.8}},{"type":"Feature","id":"314969","geometry":{"type":"LineString","coordinates":[[34.205,40.336],[34.146,40.342],[34.151,40.386]]},"properties":{"OBJECTID":314969,"adi":"Gölbıcığı","nehir_kod":"TR15NH258664","hidrolojik_kategori":3,"strahler":6,"olcek_sinifi":2,"uzunluk":11627.4,"HAVZA_ID":15,"Havza_Id_Text":"TR15","entityId":"314969","entityType":"rivers","id":"314969","name":"Gölbıcığı","riverCode":"TR15NH258664","basinId":15,"lengthKm":11.6274,"flow":null,"status":"no_data","color":"#38bdf8","width":2.8}},{"type":"Feature","id":"334570","geometry":{"type":"LineString","coordinates":[[37.614,39.851],[37.557,39.878],[37.533,39.877],[37.515,39.853],[37.499,39.86]]},"properties":{"OBJECTID":334570,"adi":"Kızılırmak","nehir_kod":"TR15NH368268","hidrolojik_kategori":3,"strahler":7,"olcek_sinifi":2,"uzunluk":16567.4,"HAVZA_ID":15,"Havza_Id_Text":"TR15","entityId":"334570","entityType":"rivers","id":"334570","name":"Kızılırmak","riverCode":"TR15NH368268","basinId":15,"lengthKm":16.567400000000003,"flow":null,"status":"no_data","color":"#38bdf8","width":2.8}},{"type":"Feature","id":"340111","geometry":{"type":"LineString","coordinates":[[35.872,41.554],[35.913,41.62],[35.913,41.652]]},"properties":{"OBJECTID":340111,"adi":"Kızılırmak","nehir_kod":"TR15NH397613","hidrolojik_kategori":3,"strahler":9,"olcek_sinifi":2,"uzunluk":11925.8,"HAVZA_ID":15,"Havza_Id_Text":"TR15","entityId":"340111","entityType":"rivers","id":"340111","name":"Kızılırmak","riverCode":"TR15NH397613","basinId":15,"lengthKm":11.925799999999999,"flow":null,"status":"no_data","color":"#38bdf8","width":2.8}},{"type":"Feature","id":"340279","geometry":{"type":"LineString","coordinates":[[37.499,39.86],[37.465,39.837],[37.424,39.848]]},"properties":{"OBJECTID":340279,"adi":"Kızılırmak","nehir_kod":"TR15NH398443","hidrolojik_kategori":3,"strahler":7,"olcek_sinifi":2,"uzunluk":12097.7,"HAVZA_ID":15,"Havza_Id_Text":"TR15","entityId":"340279","entityType":"rivers","id":"340279","name":"Kızılırmak","riverCode":"TR15NH398443","basinId":15,"lengthKm":12.097700000000001,"flow":null,"status":"no_data","color":"#38bdf8","width":2.8}},{"type":"Feature","id":"340293","geometry":{"type":"LineString","coordinates":[[34.164,40.4],[34.164,40.425],[34.141,40.434],[34.141,40.473]]},"properties":{"OBJECTID":340293,"adi":"Kızılırmak","nehir_kod":"TR15NH398486","hidrolojik_kategori":3,"strahler":8,"olcek_sinifi":2,"uzunluk":12056.9,"HAVZA_ID":15,"Havza_Id_Text":"TR15","entityId":"340293","entityType":"rivers","id":"340293","name":"Kızılırmak","riverCode":"TR15NH398486","basinId":15,"lengthKm":12.056899999999999,"flow":null,"status":"no_data","color":"#38bdf8","width":2.8}},{"type":"Feature","id":"345061","geometry":{"type":"LineString","coordinates":[[33.147,37.128],[33.119,37.19],[33.132,37.222]]},"properties":{"OBJECTID":345061,"adi":"Bilinmiyor","nehir_kod":"TR16NH002979","hidrolojik_kategori":2,"strahler":3,"olcek_sinifi":2,"uzunluk":12360.5,"HAVZA_ID":16,"Havza_Id_Text":"TR16","entityId":"345061","entityType":"rivers","id":"345061","name":"Bilinmiyor","riverCode":"TR16NH002979","basinId":16,"lengthKm":12.3605,"flow":null,"status":"no_data","color":"#38bdf8","width":2.8}},{"type":"Feature","id":"345396","geometry":{"type":"LineString","coordinates":[[33.102,37.133],[33.086,37.215],[33.132,37.222]]},"properties":{"OBJECTID":345396,"adi":"Eskiçay","nehir_kod":"TR16NH003969","hidrolojik_kategori":3,"strahler":4,"olcek_sinifi":2,"uzunluk":17134.6,"HAVZA_ID":16,"Havza_Id_Text":"TR16","entityId":"345396","entityType":"rivers","id":"345396","name":"Eskiçay","riverCode":"TR16NH003969","basinId":16,"lengthKm":17.1346,"flow":null,"status":"no_data","color":"#38bdf8","width":2.8}},{"type":"Feature","id":"346836","geometry":{"type":"LineString","coordinates":[[33.191,37.237],[33.268,37.329]]},"properties":{"OBJECTID":346836,"adi":"Bilinmiyor","nehir_kod":"TR16NH008153","hidrolojik_kategori":3,"strahler":6,"olcek_sinifi":2,"uzunluk":12715.1,"HAVZA_ID":16,"Havza_Id_Text":"TR16","entityId":"346836","entityType":"rivers","id":"346836","name":"Bilinmiyor","riverCode":"TR16NH008153","basinId":16,"lengthKm":12.7151,"flow":null,"status":"no_data","color":"#38bdf8","width":2.8}},{"type":"Feature","id":"347215","geometry":{"type":"LineString","coordinates":[[33.371,37.258],[33.268,37.329]]},"properties":{"OBJECTID":347215,"adi":"Bilinmiyor","nehir_kod":"TR16NH009262","hidrolojik_kategori":3,"strahler":5,"olcek_sinifi":2,"uzunluk":14074.4,"HAVZA_ID":16,"Havza_Id_Text":"TR16","entityId":"347215","entityType":"rivers","id":"347215","name":"Bilinmiyor","riverCode":"TR16NH009262","basinId":16,"lengthKm":14.074399999999999,"flow":null,"status":"no_data","color":"#38bdf8","width":2.8}},{"type":"Feature","id":"348363","geometry":{"type":"LineString","coordinates":[[32.662,37.329],[32.653,37.355],[32.607,37.39]]},"properties":{"OBJECTID":348363,"adi":"Finaboğazı","nehir_kod":"TR16NH012643","hidrolojik_kategori":3,"strahler":5,"olcek_sinifi":2,"uzunluk":10214.9,"HAVZA_ID":16,"Havza_Id_Text":"TR16","entityId":"348363","entityType":"rivers","id":"348363","name":"Finaboğazı","riverCode":"TR16NH012643","basinId":16,"lengthKm":10.2149,"flow":null,"status":"no_data","color":"#38bdf8","width":2.8}},{"type":"Feature","id":"348498","geometry":{"type":"LineString","coordinates":[[33.268,37.329],[33.328,37.41],[33.423,37.428]]},"properties":{"OBJECTID":348498,"adi":"Bilinmiyor","nehir_kod":"TR16NH013089","hidrolojik_kategori":3,"strahler":6,"olcek_sinifi":2,"uzunluk":19314.4,"HAVZA_ID":16,"Havza_Id_Text":"TR16","entityId":"348498","entityType":"rivers","id":"348498","name":"Bilinmiyor","riverCode":"TR16NH013089","basinId":16,"lengthKm":19.314400000000003,"flow":null,"status":"no_data","color":"#38bdf8","width":2.8}},{"type":"Feature","id":"349494","geometry":{"type":"LineString","coordinates":[[32.607,37.39],[32.649,37.427],[32.667,37.471]]},"properties":{"OBJECTID":349494,"adi":"Bilinmiyor","nehir_kod":"TR16NH016414","hidrolojik_kategori":3,"strahler":8,"olcek_sinifi":2,"uzunluk":11312.4,"HAVZA_ID":16,"Havza_Id_Text":"TR16","entityId":"349494","entityType":"rivers","id":"349494","name":"Bilinmiyor","riverCode":"TR16NH016414","basinId":16,"lengthKm":11.3124,"flow":null,"status":"no_data","color":"#38bdf8","width":2.8}},{"type":"Feature","id":"351033","geometry":{"type":"LineString","coordinates":[[33.476,37.463],[33.494,37.518],[33.555,37.559],[33.581,37.555],[33.628,37.584],[33.67,37.577],[33.729,37.526]]},"properties":{"OBJECTID":351033,"adi":"Bilinmiyor","nehir_kod":"TR16NH021322","hidrolojik_kategori":3,"strahler":6,"olcek_sinifi":2,"uzunluk":32988.6,"HAVZA_ID":16,"Havza_Id_Text":"TR16","entityId":"351033","entityType":"rivers","id":"351033","name":"Bilinmiyor","riverCode":"TR16NH021322","basinId":16,"lengthKm":32.9886,"flow":null,"status":"no_data","color":"#38bdf8","width":2.8}},{"type":"Feature","id":"351159","geometry":{"type":"LineString","coordinates":[[32.667,37.471],[32.718,37.492],[32.733,37.532],[32.773,37.552]]},"properties":{"OBJECTID":351159,"adi":"Bilinmiyor","nehir_kod":"TR16NH021792","hidrolojik_kategori":3,"strahler":8,"olcek_sinifi":2,"uzunluk":15574.4,"HAVZA_ID":16,"Havza_Id_Text":"TR16","entityId":"351159","entityType":"rivers","id":"351159","name":"Bilinmiyor","riverCode":"TR16NH021792","basinId":16,"lengthKm":15.574399999999999,"flow":null,"status":"no_data","color":"#38bdf8","width":2.8}},{"type":"Feature","id":"351645","geometry":{"type":"LineString","coordinates":[[31.864,37.502],[31.861,37.475],[31.899,37.442],[31.978,37.393],[32.062,37.396],[32.089,37.352]]},"properties":{"OBJECTID":351645,"adi":"Bilinmiyor","nehir_kod":"TR16NH023558","hidrolojik_kategori":3,"strahler":8,"olcek_sinifi":2,"uzunluk":32620.3,"HAVZA_ID":16,"Havza_Id_Text":"TR16","entityId":"351645","entityType":"rivers","id":"351645","name":"Bilinmiyor","riverCode":"TR16NH023558","basinId":16,"lengthKm":32.6203,"flow":null,"status":"no_data","color":"#38bdf8","width":2.8}},{"type":"Feature","id":"351730","geometry":{"type":"LineString","coordinates":[[32.685,37.562],[32.747,37.605],[32.77,37.636],[32.762,37.656]]},"properties":{"OBJECTID":351730,"adi":"Bilinmiyor","nehir_kod":"TR16NH023746","hidrolojik_kategori":3,"strahler":7,"olcek_sinifi":2,"uzunluk":14263.1,"HAVZA_ID":16,"Havza_Id_Text":"TR16","entityId":"351730","entityType":"rivers","id":"351730","name":"Bilinmiyor","riverCode":"TR16NH023746","basinId":16,"lengthKm":14.2631,"flow":null,"status":"no_data","color":"#38bdf8","width":2.8}},{"type":"Feature","id":"352895","geometry":{"type":"LineString","coordinates":[[32.793,37.582],[32.823,37.669]]},"properties":{"OBJECTID":352895,"adi":"Bilinmiyor","nehir_kod":"TR16NH027518","hidrolojik_kategori":3,"strahler":8,"olcek_sinifi":2,"uzunluk":10741.3,"HAVZA_ID":16,"Havza_Id_Text":"TR16","entityId":"352895","entityType":"rivers","id":"352895","name":"Bilinmiyor","riverCode":"TR16NH027518","basinId":16,"lengthKm":10.741299999999999,"flow":null,"status":"no_data","color":"#38bdf8","width":2.8}},{"type":"Feature","id":"352942","geometry":{"type":"LineString","coordinates":[[34.103,37.588],[34.036,37.643],[34.012,37.643]]},"properties":{"OBJECTID":352942,"adi":"Bilinmiyor","nehir_kod":"TR16NH027726","hidrolojik_kategori":3,"strahler":6,"olcek_sinifi":2,"uzunluk":11000.8,"HAVZA_ID":16,"Havza_Id_Text":"TR16","entityId":"352942","entityType":"rivers","id":"352942","name":"Bilinmiyor","riverCode":"TR16NH027726","basinId":16,"lengthKm":11.0008,"flow":null,"status":"no_data","color":"#38bdf8","width":2.8}},{"type":"Feature","id":"353314","geometry":{"type":"LineString","coordinates":[[34.141,37.613],[34.131,37.649],[34.15,37.723]]},"properties":{"OBJECTID":353314,"adi":"Bilinmiyor","nehir_kod":"TR16NH028821","hidrolojik_kategori":2,"strahler":4,"olcek_sinifi":2,"uzunluk":13495.2,"HAVZA_ID":16,"Havza_Id_Text":"TR16","entityId":"353314","entityType":"rivers","id":"353314","name":"Bilinmiyor","riverCode":"TR16NH028821","basinId":16,"lengthKm":13.4952,"flow":null,"status":"no_data","color":"#38bdf8","width":2.8}},{"type":"Feature","id":"353938","geometry":{"type":"LineString","coordinates":[[34.012,37.643],[33.932,37.625],[33.916,37.601]]},"properties":{"OBJECTID":353938,"adi":"Bilinmiyor","nehir_kod":"TR16NH030594","hidrolojik_kategori":3,"strahler":7,"olcek_sinifi":2,"uzunluk":10391.5,"HAVZA_ID":16,"Havza_Id_Text":"TR16","entityId":"353938","entityType":"rivers","id":"353938","name":"Bilinmiyor","riverCode":"TR16NH030594","basinId":16,"lengthKm":10.3915,"flow":null,"status":"no_data","color":"#38bdf8","width":2.8}},{"type":"Feature","id":"354269","geometry":{"type":"LineString","coordinates":[[32.823,37.669],[32.849,37.739],[32.79,37.833],[32.82,37.878],[32.816,37.9]]},"properties":{"OBJECTID":354269,"adi":"Bilinmiyor","nehir_kod":"TR16NH031581","hidrolojik_kategori":3,"strahler":8,"olcek_sinifi":2,"uzunluk":29134.8,"HAVZA_ID":16,"Havza_Id_Text":"TR16","entityId":"354269","entityType":"rivers","id":"354269","name":"Bilinmiyor","riverCode":"TR16NH031581","basinId":16,"lengthKm":29.1348,"flow":null,"status":"no_data","color":"#38bdf8","width":2.8}},{"type":"Feature","id":"355029","geometry":{"type":"LineString","coordinates":[[32.704,37.712],[32.713,37.824]]},"properties":{"OBJECTID":355029,"adi":"Bilinmiyor","nehir_kod":"TR16NH033863","hidrolojik_kategori":3,"strahler":7,"olcek_sinifi":2,"uzunluk":12639.9,"HAVZA_ID":16,"Havza_Id_Text":"TR16","entityId":"355029","entityType":"rivers","id":"355029","name":"Bilinmiyor","riverCode":"TR16NH033863","basinId":16,"lengthKm":12.639899999999999,"flow":null,"status":"no_data","color":"#38bdf8","width":2.8}},{"type":"Feature","id":"355238","geometry":{"type":"LineString","coordinates":[[33.974,37.725],[33.959,37.698],[33.967,37.681],[33.942,37.665],[33.874,37.636],[33.809,37.634],[33.777,37.554]]},"properties":{"OBJECTID":355238,"adi":"Bilinmiyor","nehir_kod":"TR16NH034484","hidrolojik_kategori":1,"strahler":4,"olcek_sinifi":2,"uzunluk":32322.6,"HAVZA_ID":16,"Havza_Id_Text":"TR16","entityId":"355238","entityType":"rivers","id":"355238","name":"Bilinmiyor","riverCode":"TR16NH034484","basinId":16,"lengthKm":32.3226,"flow":null,"status":"no_data","color":"#38bdf8","width":2.8}},{"type":"Feature","id":"357162","geometry":{"type":"LineString","coordinates":[[32.555,37.861],[32.613,37.859],[32.713,37.824]]},"properties":{"OBJECTID":357162,"adi":"Bilinmiyor","nehir_kod":"TR16NH040735","hidrolojik_kategori":3,"strahler":6,"olcek_sinifi":2,"uzunluk":15166.1,"HAVZA_ID":16,"Havza_Id_Text":"TR16","entityId":"357162","entityType":"rivers","id":"357162","name":"Bilinmiyor","riverCode":"TR16NH040735","basinId":16,"lengthKm":15.1661,"flow":null,"status":"no_data","color":"#38bdf8","width":2.8}},{"type":"Feature","id":"357315","geometry":{"type":"LineString","coordinates":[[32.42,37.868],[32.555,37.861]]},"properties":{"OBJECTID":357315,"adi":"Bilinmiyor","nehir_kod":"TR16NH041154","hidrolojik_kategori":2,"strahler":3,"olcek_sinifi":2,"uzunluk":11889.7,"HAVZA_ID":16,"Havza_Id_Text":"TR16","entityId":"357315","entityType":"rivers","id":"357315","name":"Bilinmiyor","riverCode":"TR16NH041154","basinId":16,"lengthKm":11.889700000000001,"flow":null,"status":"no_data","color":"#38bdf8","width":2.8}},{"type":"Feature","id":"357443","geometry":{"type":"LineString","coordinates":[[31.765,37.858],[31.769,37.782]]},"properties":{"OBJECTID":357443,"adi":"Horoz","nehir_kod":"TR16NH041584","hidrolojik_kategori":2,"strahler":3,"olcek_sinifi":2,"uzunluk":10026.2,"HAVZA_ID":16,"Havza_Id_Text":"TR16","entityId":"357443","entityType":"rivers","id":"357443","name":"Horoz","riverCode":"TR16NH041584","basinId":16,"lengthKm":10.026200000000001,"flow":null,"status":"no_data","color":"#38bdf8","width":2.8}},{"type":"Feature","id":"358445","geometry":{"type":"LineString","coordinates":[[34.375,37.917],[34.38,37.887],[34.361,37.854],[34.374,37.827],[34.355,37.79]]},"properties":{"OBJECTID":358445,"adi":"Bilinmiyor","nehir_kod":"TR16NH044949","hidrolojik_kategori":3,"strahler":6,"olcek_sinifi":2,"uzunluk":15925,"HAVZA_ID":16,"Havza_Id_Text":"TR16","entityId":"358445","entityType":"rivers","id":"358445","name":"Bilinmiyor","riverCode":"TR16NH044949","basinId":16,"lengthKm":15.925,"flow":null,"status":"no_data","color":"#38bdf8","width":2.8}},{"type":"Feature","id":"358511","geometry":{"type":"LineString","coordinates":[[32.468,37.92],[32.513,37.928],[32.605,37.88],[32.716,37.888]]},"properties":{"OBJECTID":358511,"adi":"Bilinmiyor","nehir_kod":"TR16NH045164","hidrolojik_kategori":3,"strahler":5,"olcek_sinifi":2,"uzunluk":24032.7,"HAVZA_ID":16,"Havza_Id_Text":"TR16","entityId":"358511","entityType":"rivers","id":"358511","name":"Bilinmiyor","riverCode":"TR16NH045164","basinId":16,"lengthKm":24.032700000000002,"flow":null,"status":"no_data","color":"#38bdf8","width":2.8}},{"type":"Feature","id":"358823","geometry":{"type":"LineString","coordinates":[[32.837,37.934],[32.752,38.062],[32.751,38.09]]},"properties":{"OBJECTID":358823,"adi":"Bilinmiyor","nehir_kod":"TR16NH046283","hidrolojik_kategori":3,"strahler":8,"olcek_sinifi":2,"uzunluk":19098.9,"HAVZA_ID":16,"Havza_Id_Text":"TR16","entityId":"358823","entityType":"rivers","id":"358823","name":"Bilinmiyor","riverCode":"TR16NH046283","basinId":16,"lengthKm":19.0989,"flow":null,"status":"no_data","color":"#38bdf8","width":2.8}},{"type":"Feature","id":"362510","geometry":{"type":"LineString","coordinates":[[32.609,38.066],[32.751,38.09]]},"properties":{"OBJECTID":362510,"adi":"Bilinmiyor","nehir_kod":"TR16NH058032","hidrolojik_kategori":3,"strahler":6,"olcek_sinifi":2,"uzunluk":12945.5,"HAVZA_ID":16,"Havza_Id_Text":"TR16","entityId":"362510","entityType":"rivers","id":"362510","name":"Bilinmiyor","riverCode":"TR16NH058032","basinId":16,"lengthKm":12.9455,"flow":null,"status":"no_data","color":"#38bdf8","width":2.8}},{"type":"Feature","id":"364587","geometry":{"type":"LineString","coordinates":[[32.72,38.145],[32.715,38.208],[32.728,38.241],[32.873,38.392]]},"properties":{"OBJECTID":364587,"adi":"Bilinmiyor","nehir_kod":"TR16NH064709","hidrolojik_kategori":3,"strahler":8,"olcek_sinifi":2,"uzunluk":32671.8,"HAVZA_ID":16,"Havza_Id_Text":"TR16","entityId":"364587","entityType":"rivers","id":"364587","name":"Bilinmiyor","riverCode":"TR16NH064709","basinId":16,"lengthKm":32.6718,"flow":null,"status":"no_data","color":"#38bdf8","width":2.8}},{"type":"Feature","id":"365446","geometry":{"type":"LineString","coordinates":[[34.051,38.19],[34.049,38.218],[34.019,38.249],[34.046,38.285]]},"properties":{"OBJECTID":365446,"adi":"Bilinmiyor","nehir_kod":"TR16NH067472","hidrolojik_kategori":3,"strahler":5,"olcek_sinifi":2,"uzunluk":12554.7,"HAVZA_ID":16,"Havza_Id_Text":"TR16","entityId":"365446","entityType":"rivers","id":"365446","name":"Bilinmiyor","riverCode":"TR16NH067472","basinId":16,"lengthKm":12.5547,"flow":null,"status":"no_data","color":"#38bdf8","width":2.8}},{"type":"Feature","id":"367183","geometry":{"type":"LineString","coordinates":[[33.891,38.349],[33.804,38.332],[33.694,38.35]]},"properties":{"OBJECTID":367183,"adi":"Bilinmiyor","nehir_kod":"TR16NH073009","hidrolojik_kategori":3,"strahler":7,"olcek_sinifi":2,"uzunluk":17769.6,"HAVZA_ID":16,"Havza_Id_Text":"TR16","entityId":"367183","entityType":"rivers","id":"367183","name":"Bilinmiyor","riverCode":"TR16NH073009","basinId":16,"lengthKm":17.769599999999997,"flow":null,"status":"no_data","color":"#38bdf8","width":2.8}},{"type":"Feature","id":"368371","geometry":{"type":"LineString","coordinates":[[33.881,38.402],[33.83,38.408],[33.757,38.472],[33.759,38.543]]},"properties":{"OBJECTID":368371,"adi":"Bilinmiyor","nehir_kod":"TR16NH076708","hidrolojik_kategori":3,"strahler":6,"olcek_sinifi":2,"uzunluk":22969.5,"HAVZA_ID":16,"Havza_Id_Text":"TR16","entityId":"368371","entityType":"rivers","id":"368371","name":"Bilinmiyor","riverCode":"TR16NH076708","basinId":16,"lengthKm":22.9695,"flow":null,"status":"no_data","color":"#38bdf8","width":2.8}},{"type":"Feature","id":"369618","geometry":{"type":"LineString","coordinates":[[32.862,38.492],[32.894,38.497],[32.901,38.523],[32.919,38.52],[32.923,38.537]]},"properties":{"OBJECTID":369618,"adi":"Bilinmiyor","nehir_kod":"TR16NH080662","hidrolojik_kategori":3,"strahler":8,"olcek_sinifi":2,"uzunluk":11389.6,"HAVZA_ID":16,"Havza_Id_Text":"TR16","entityId":"369618","entityType":"rivers","id":"369618","name":"Bilinmiyor","riverCode":"TR16NH080662","basinId":16,"lengthKm":11.3896,"flow":null,"status":"no_data","color":"#38bdf8","width":2.8}},{"type":"Feature","id":"372850","geometry":{"type":"LineString","coordinates":[[32.918,38.908],[32.993,38.857],[33.09,38.876],[33.138,38.867]]},"properties":{"OBJECTID":372850,"adi":"Bilinmiyor","nehir_kod":"TR16NH091554","hidrolojik_kategori":3,"strahler":7,"olcek_sinifi":2,"uzunluk":22337,"HAVZA_ID":16,"Havza_Id_Text":"TR16","entityId":"372850","entityType":"rivers","id":"372850","name":"Bilinmiyor","riverCode":"TR16NH091554","basinId":16,"lengthKm":22.337,"flow":null,"status":"no_data","color":"#38bdf8","width":2.8}},{"type":"Feature","id":"374606","geometry":{"type":"LineString","coordinates":[[32.733,39.314],[32.763,39.308],[32.773,39.286],[32.759,39.248]]},"properties":{"OBJECTID":374606,"adi":"Bilinmiyor","nehir_kod":"TR16NH097615","hidrolojik_kategori":2,"strahler":4,"olcek_sinifi":2,"uzunluk":11140.2,"HAVZA_ID":16,"Havza_Id_Text":"TR16","entityId":"374606","entityType":"rivers","id":"374606","name":"Bilinmiyor","riverCode":"TR16NH097615","basinId":16,"lengthKm":11.1402,"flow":null,"status":"no_data","color":"#38bdf8","width":2.8}},{"type":"Feature","id":"375024","geometry":{"type":"LineString","coordinates":[[31.574,37.852],[31.464,37.817]]},"properties":{"OBJECTID":375024,"adi":"Bilinmiyor","nehir_kod":"TR16NH098851","hidrolojik_kategori":2,"strahler":4,"olcek_sinifi":2,"uzunluk":10419.7,"HAVZA_ID":16,"Havza_Id_Text":"TR16","entityId":"375024","entityType":"rivers","id":"375024","name":"Bilinmiyor","riverCode":"TR16NH098851","basinId":16,"lengthKm":10.4197,"flow":null,"status":"no_data","color":"#38bdf8","width":2.8}},{"type":"Feature","id":"375090","geometry":{"type":"LineString","coordinates":[[33.009,38.55],[33.179,38.54]]},"properties":{"OBJECTID":375090,"adi":"Bilinmiyor","nehir_kod":"TR16NH098981","hidrolojik_kategori":3,"strahler":8,"olcek_sinifi":2,"uzunluk":16320.6,"HAVZA_ID":16,"Havza_Id_Text":"TR16","entityId":"375090","entityType":"rivers","id":"375090","name":"Bilinmiyor","riverCode":"TR16NH098981","basinId":16,"lengthKm":16.3206,"flow":null,"status":"no_data","color":"#38bdf8","width":2.8}},{"type":"Feature","id":"375243","geometry":{"type":"LineString","coordinates":[[31.597,37.815],[31.484,37.791]]},"properties":{"OBJECTID":375243,"adi":"Bilinmiyor","nehir_kod":"TR16NH099269","hidrolojik_kategori":2,"strahler":6,"olcek_sinifi":2,"uzunluk":10313.9,"HAVZA_ID":16,"Havza_Id_Text":"TR16","entityId":"375243","entityType":"rivers","id":"375243","name":"Bilinmiyor","riverCode":"TR16NH099269","basinId":16,"lengthKm":10.3139,"flow":null,"status":"no_data","color":"#38bdf8","width":2.8}},{"type":"Feature","id":"379038","geometry":{"type":"LineString","coordinates":[[33.999,36.371],[34.045,36.32],[34.034,36.312],[34.048,36.298]]},"properties":{"OBJECTID":379038,"adi":"Bilinmiyor","nehir_kod":"TR17NH017286","hidrolojik_kategori":3,"strahler":8,"olcek_sinifi":2,"uzunluk":12319.8,"HAVZA_ID":17,"Havza_Id_Text":"TR17","entityId":"379038","entityType":"rivers","id":"379038","name":"Bilinmiyor","riverCode":"TR17NH017286","basinId":17,"lengthKm":12.319799999999999,"flow":null,"status":"no_data","color":"#38bdf8","width":2.8}},{"type":"Feature","id":"379566","geometry":{"type":"LineString","coordinates":[[33.204,36.413],[33.241,36.487]]},"properties":{"OBJECTID":379566,"adi":"Bilinmiyor","nehir_kod":"TR17NH020108","hidrolojik_kategori":2,"strahler":4,"olcek_sinifi":2,"uzunluk":11246,"HAVZA_ID":17,"Havza_Id_Text":"TR17","entityId":"379566","entityType":"rivers","id":"379566","name":"Bilinmiyor","riverCode":"TR17NH020108","basinId":17,"lengthKm":11.246,"flow":null,"status":"no_data","color":"#38bdf8","width":2.8}},{"type":"Feature","id":"386167","geometry":{"type":"LineString","coordinates":[[34.932,36.865],[34.969,36.846],[34.912,36.755],[34.832,36.79]]},"properties":{"OBJECTID":386167,"adi":"Bilinmiyor","nehir_kod":"TR17NH054460","hidrolojik_kategori":3,"strahler":7,"olcek_sinifi":2,"uzunluk":37640.2,"HAVZA_ID":17,"Havza_Id_Text":"TR17","entityId":"386167","entityType":"rivers","id":"386167","name":"Bilinmiyor","riverCode":"TR17NH054460","basinId":17,"lengthKm":37.6402,"flow":null,"status":"no_data","color":"#38bdf8","width":2.8}},{"type":"Feature","id":"387104","geometry":{"type":"LineString","coordinates":[[34.938,36.915],[34.932,36.865]]},"properties":{"OBJECTID":387104,"adi":"Bilinmiyor","nehir_kod":"TR17NH060019","hidrolojik_kategori":3,"strahler":7,"olcek_sinifi":2,"uzunluk":12338.1,"HAVZA_ID":17,"Havza_Id_Text":"TR17","entityId":"387104","entityType":"rivers","id":"387104","name":"Bilinmiyor","riverCode":"TR17NH060019","basinId":17,"lengthKm":12.3381,"flow":null,"status":"no_data","color":"#38bdf8","width":2.8}},{"type":"Feature","id":"392679","geometry":{"type":"LineString","coordinates":[[34.945,36.748],[34.943,36.746]]},"properties":{"OBJECTID":392679,"adi":"Bilinmiyor","nehir_kod":"TR18NH000046","hidrolojik_kategori":2,"strahler":4,"olcek_sinifi":2,"uzunluk":28867.2839389,"HAVZA_ID":18,"Havza_Id_Text":"TR18","entityId":"392679","entityType":"rivers","id":"392679","name":"Bilinmiyor","riverCode":"TR18NH000046","basinId":18,"lengthKm":28.8672839389,"flow":null,"status":"no_data","color":"#38bdf8","width":2.8}},{"type":"Feature","id":"392681","geometry":{"type":"LineString","coordinates":[[35.056,36.782],[35.041,36.764],[35.025,36.777],[35.025,36.757],[35.002,36.767],[35.009,36.752],[34.973,36.759]]},"properties":{"OBJECTID":392681,"adi":"Bilinmiyor","nehir_kod":"TR18NH000049","hidrolojik_kategori":3,"strahler":9,"olcek_sinifi":2,"uzunluk":16973.8759828,"HAVZA_ID":18,"Havza_Id_Text":"TR18","entityId":"392681","entityType":"rivers","id":"392681","name":"Bilinmiyor","riverCode":"TR18NH000049","basinId":18,"lengthKm":16.9738759828,"flow":null,"status":"no_data","color":"#38bdf8","width":2.8}},{"type":"Feature","id":"392682","geometry":{"type":"LineString","coordinates":[[35.162,36.795],[35.095,36.783],[35.075,36.799],[35.056,36.782]]},"properties":{"OBJECTID":392682,"adi":"Bilinmiyor","nehir_kod":"TR18NH000050","hidrolojik_kategori":3,"strahler":9,"olcek_sinifi":2,"uzunluk":12940.0988119,"HAVZA_ID":18,"Havza_Id_Text":"TR18","entityId":"392682","entityType":"rivers","id":"392682","name":"Bilinmiyor","riverCode":"TR18NH000050","basinId":18,"lengthKm":12.940098811899999,"flow":null,"status":"no_data","color":"#38bdf8","width":2.8}},{"type":"Feature","id":"392683","geometry":{"type":"LineString","coordinates":[[35.236,36.836],[35.162,36.795]]},"properties":{"OBJECTID":392683,"adi":"Bilinmiyor","nehir_kod":"TR18NH000051","hidrolojik_kategori":3,"strahler":9,"olcek_sinifi":2,"uzunluk":10533.972988,"HAVZA_ID":18,"Havza_Id_Text":"TR18","entityId":"392683","entityType":"rivers","id":"392683","name":"Bilinmiyor","riverCode":"TR18NH000051","basinId":18,"lengthKm":10.533972988,"flow":null,"status":"no_data","color":"#38bdf8","width":2.8}},{"type":"Feature","id":"392684","geometry":{"type":"LineString","coordinates":[[35.293,36.893],[35.272,36.868],[35.253,36.881],[35.262,36.854],[35.234,36.853],[35.236,36.836]]},"properties":{"OBJECTID":392684,"adi":"Bilinmiyor","nehir_kod":"TR18NH000052","hidrolojik_kategori":3,"strahler":9,"olcek_sinifi":2,"uzunluk":15415.5776392,"HAVZA_ID":18,"Havza_Id_Text":"TR18","entityId":"392684","entityType":"rivers","id":"392684","name":"Bilinmiyor","riverCode":"TR18NH000052","basinId":18,"lengthKm":15.4155776392,"flow":null,"status":"no_data","color":"#38bdf8","width":2.8}},{"type":"Feature","id":"392685","geometry":{"type":"LineString","coordinates":[[35.161,36.9],[35.137,36.861],[35.07,36.809],[35.017,36.796],[34.945,36.748]]},"properties":{"OBJECTID":392685,"adi":"Bilinmiyor","nehir_kod":"TR18NH000053","hidrolojik_kategori":2,"strahler":4,"olcek_sinifi":2,"uzunluk":28867.2839389,"HAVZA_ID":18,"Havza_Id_Text":"TR18","entityId":"392685","entityType":"rivers","id":"392685","name":"Bilinmiyor","riverCode":"TR18NH000053","basinId":18,"lengthKm":28.8672839389,"flow":null,"status":"no_data","color":"#38bdf8","width":2.8}},{"type":"Feature","id":"392686","geometry":{"type":"LineString","coordinates":[[35.337,36.919],[35.331,36.9],[35.311,36.904],[35.322,36.881],[35.293,36.893]]},"properties":{"OBJECTID":392686,"adi":"Bilinmiyor","nehir_kod":"TR18NH000054","hidrolojik_kategori":3,"strahler":9,"olcek_sinifi":2,"uzunluk":11477.7109552,"HAVZA_ID":18,"Havza_Id_Text":"TR18","entityId":"392686","entityType":"rivers","id":"392686","name":"Bilinmiyor","riverCode":"TR18NH000054","basinId":18,"lengthKm":11.477710955200001,"flow":null,"status":"no_data","color":"#38bdf8","width":2.8}},{"type":"Feature","id":"392690","geometry":{"type":"LineString","coordinates":[[35.196,37.004],[35.222,36.944],[35.161,36.9]]},"properties":{"OBJECTID":392690,"adi":"Bilinmiyor","nehir_kod":"TR18NH000065","hidrolojik_kategori":2,"strahler":3,"olcek_sinifi":3,"uzunluk":15289.2181719,"HAVZA_ID":18,"Havza_Id_Text":"TR18","entityId":"392690","entityType":"rivers","id":"392690","name":"Bilinmiyor","riverCode":"TR18NH000065","basinId":18,"lengthKm":15.2892181719,"flow":null,"status":"no_data","color":"#38bdf8","width":2.8}},{"type":"Feature","id":"413715","geometry":{"type":"LineString","coordinates":[[35.297,36.606],[35.178,36.682]]},"properties":{"OBJECTID":413715,"adi":"Bilinmiyor","nehir_kod":"TR18NH110550","hidrolojik_kategori":3,"strahler":2,"olcek_sinifi":4,"uzunluk":13649.3573766,"HAVZA_ID":18,"Havza_Id_Text":"TR18","entityId":"413715","entityType":"rivers","id":"413715","name":"Bilinmiyor","riverCode":"TR18NH110550","basinId":18,"lengthKm":13.649357376600001,"flow":null,"status":"no_data","color":"#38bdf8","width":2.8}},{"type":"Feature","id":"414220","geometry":{"type":"LineString","coordinates":[[36.368,36.178],[36.4,36.191],[36.388,36.21]]},"properties":{"OBJECTID":414220,"adi":"Bilinmiyor","nehir_kod":"TR19NH002906","hidrolojik_kategori":3,"strahler":4,"olcek_sinifi":2,"uzunluk":12570.4,"HAVZA_ID":19,"Havza_Id_Text":"TR19","entityId":"414220","entityType":"rivers","id":"414220","name":"Bilinmiyor","riverCode":"TR19NH002906","basinId":19,"lengthKm":12.5704,"flow":null,"status":"no_data","color":"#38bdf8","width":2.8}},{"type":"Feature","id":"414319","geometry":{"type":"LineString","coordinates":[[36.388,36.21],[36.368,36.229],[36.375,36.238],[36.335,36.255]]},"properties":{"OBJECTID":414319,"adi":"Bilinmiyor","nehir_kod":"TR19NH003555","hidrolojik_kategori":3,"strahler":5,"olcek_sinifi":2,"uzunluk":17520,"HAVZA_ID":19,"Havza_Id_Text":"TR19","entityId":"414319","entityType":"rivers","id":"414319","name":"Bilinmiyor","riverCode":"TR19NH003555","basinId":19,"lengthKm":17.52,"flow":null,"status":"no_data","color":"#38bdf8","width":2.8}},{"type":"Feature","id":"414553","geometry":{"type":"LineString","coordinates":[[36.335,36.255],[36.275,36.275]]},"properties":{"OBJECTID":414553,"adi":"Bilinmiyor","nehir_kod":"TR19NH004855","hidrolojik_kategori":3,"strahler":6,"olcek_sinifi":2,"uzunluk":13572.6,"HAVZA_ID":19,"Havza_Id_Text":"TR19","entityId":"414553","entityType":"rivers","id":"414553","name":"Bilinmiyor","riverCode":"TR19NH004855","basinId":19,"lengthKm":13.5726,"flow":null,"status":"no_data","color":"#38bdf8","width":2.8}},{"type":"Feature","id":"414628","geometry":{"type":"LineString","coordinates":[[36.565,36.282],[36.511,36.265],[36.418,36.276]]},"properties":{"OBJECTID":414628,"adi":"Kızılark","nehir_kod":"TR19NH005261","hidrolojik_kategori":2,"strahler":4,"olcek_sinifi":2,"uzunluk":16049,"HAVZA_ID":19,"Havza_Id_Text":"TR19","entityId":"414628","entityType":"rivers","id":"414628","name":"Kızılark","riverCode":"TR19NH005261","basinId":19,"lengthKm":16.049,"flow":null,"status":"no_data","color":"#38bdf8","width":2.8}},{"type":"Feature","id":"414687","geometry":{"type":"LineString","coordinates":[[36.536,36.309],[36.354,36.316]]},"properties":{"OBJECTID":414687,"adi":"Bilinmiyor","nehir_kod":"TR19NH005654","hidrolojik_kategori":3,"strahler":8,"olcek_sinifi":2,"uzunluk":16330.7,"HAVZA_ID":19,"Havza_Id_Text":"TR19","entityId":"414687","entityType":"rivers","id":"414687","name":"Bilinmiyor","riverCode":"TR19NH005654","basinId":19,"lengthKm":16.3307,"flow":null,"status":"no_data","color":"#38bdf8","width":2.8}},{"type":"Feature","id":"414742","geometry":{"type":"LineString","coordinates":[[36.619,36.334],[36.586,36.3],[36.536,36.309]]},"properties":{"OBJECTID":414742,"adi":"Bilinmiyor","nehir_kod":"TR19NH005963","hidrolojik_kategori":3,"strahler":8,"olcek_sinifi":2,"uzunluk":13343.8,"HAVZA_ID":19,"Havza_Id_Text":"TR19","entityId":"414742","entityType":"rivers","id":"414742","name":"Bilinmiyor","riverCode":"TR19NH005963","basinId":19,"lengthKm":13.3438,"flow":null,"status":"no_data","color":"#38bdf8","width":2.8}},{"type":"Feature","id":"414918","geometry":{"type":"LineString","coordinates":[[36.465,36.403],[36.338,36.371],[36.261,36.325]]},"properties":{"OBJECTID":414918,"adi":"Bilinmiyor","nehir_kod":"TR19NH006785","hidrolojik_kategori":3,"strahler":4,"olcek_sinifi":2,"uzunluk":20739.6,"HAVZA_ID":19,"Havza_Id_Text":"TR19","entityId":"414918","entityType":"rivers","id":"414918","name":"Bilinmiyor","riverCode":"TR19NH006785","basinId":19,"lengthKm":20.7396,"flow":null,"status":"no_data","color":"#38bdf8","width":2.8}},{"type":"Feature","id":"415543","geometry":{"type":"LineString","coordinates":[[36.615,36.74],[36.629,36.707],[36.578,36.659]]},"properties":{"OBJECTID":415543,"adi":"Bilinmiyor","nehir_kod":"TR19NH010484","hidrolojik_kategori":3,"strahler":7,"olcek_sinifi":2,"uzunluk":13269,"HAVZA_ID":19,"Havza_Id_Text":"TR19","entityId":"415543","entityType":"rivers","id":"415543","name":"Bilinmiyor","riverCode":"TR19NH010484","basinId":19,"lengthKm":13.269,"flow":null,"status":"no_data","color":"#38bdf8","width":2.8}},{"type":"Feature","id":"415774","geometry":{"type":"LineString","coordinates":[[36.665,36.827],[36.671,36.801],[36.615,36.74]]},"properties":{"OBJECTID":415774,"adi":"Bilinmiyor","nehir_kod":"TR19NH011935","hidrolojik_kategori":3,"strahler":7,"olcek_sinifi":2,"uzunluk":15283,"HAVZA_ID":19,"Havza_Id_Text":"TR19","entityId":"415774","entityType":"rivers","id":"415774","name":"Bilinmiyor","riverCode":"TR19NH011935","basinId":19,"lengthKm":15.283,"flow":null,"status":"no_data","color":"#38bdf8","width":2.8}},{"type":"Feature","id":"416699","geometry":{"type":"LineString","coordinates":[[36.127,36.986],[36.084,36.9]]},"properties":{"OBJECTID":416699,"adi":"Bilinmiyor","nehir_kod":"TR19NH016716","hidrolojik_kategori":3,"strahler":6,"olcek_sinifi":2,"uzunluk":10479.7,"HAVZA_ID":19,"Havza_Id_Text":"TR19","entityId":"416699","entityType":"rivers","id":"416699","name":"Bilinmiyor","riverCode":"TR19NH016716","basinId":19,"lengthKm":10.479700000000001,"flow":null,"status":"no_data","color":"#38bdf8","width":2.8}},{"type":"Feature","id":"418629","geometry":{"type":"LineString","coordinates":[[35.489,36.772],[35.502,36.734],[35.467,36.672],[35.491,36.666],[35.489,36.649],[35.521,36.647],[35.528,36.673],[35.57,36.646]]},"properties":{"OBJECTID":418629,"adi":"Bilinmiyor","nehir_kod":"TR20NH000187","hidrolojik_kategori":3,"strahler":9,"olcek_sinifi":2,"uzunluk":30454.2,"HAVZA_ID":20,"Havza_Id_Text":"TR20","entityId":"418629","entityType":"rivers","id":"418629","name":"Bilinmiyor","riverCode":"TR20NH000187","basinId":20,"lengthKm":30.4542,"flow":null,"status":"no_data","color":"#38bdf8","width":2.8}},{"type":"Feature","id":"418947","geometry":{"type":"LineString","coordinates":[[35.575,36.912],[35.569,36.883],[35.596,36.859],[35.557,36.839]]},"properties":{"OBJECTID":418947,"adi":"Bilinmiyor","nehir_kod":"TR20NH002164","hidrolojik_kategori":3,"strahler":9,"olcek_sinifi":2,"uzunluk":12710.9,"HAVZA_ID":20,"Havza_Id_Text":"TR20","entityId":"418947","entityType":"rivers","id":"418947","name":"Bilinmiyor","riverCode":"TR20NH002164","basinId":20,"lengthKm":12.710899999999999,"flow":null,"status":"no_data","color":"#38bdf8","width":2.8}},{"type":"Feature","id":"418964","geometry":{"type":"LineString","coordinates":[[35.609,36.946],[35.594,36.914],[35.616,36.902],[35.598,36.895],[35.575,36.912]]},"properties":{"OBJECTID":418964,"adi":"Bilinmiyor","nehir_kod":"TR20NH002346","hidrolojik_kategori":3,"strahler":9,"olcek_sinifi":2,"uzunluk":12638.9,"HAVZA_ID":18,"Havza_Id_Text":"TR20","entityId":"418964","entityType":"rivers","id":"418964","name":"Bilinmiyor","riverCode":"TR20NH002346","basinId":18,"lengthKm":12.6389,"flow":null,"status":"no_data","color":"#38bdf8","width":2.8}},{"type":"Feature","id":"419222","geometry":{"type":"LineString","coordinates":[[35.925,37.038],[35.915,37.054],[35.858,37.032],[35.845,36.98]]},"properties":{"OBJECTID":419222,"adi":"Bilinmiyor","nehir_kod":"TR20NH003758","hidrolojik_kategori":2,"strahler":4,"olcek_sinifi":2,"uzunluk":14262.3,"HAVZA_ID":20,"Havza_Id_Text":"TR20","entityId":"419222","entityType":"rivers","id":"419222","name":"Bilinmiyor","riverCode":"TR20NH003758","basinId":20,"lengthKm":14.2623,"flow":null,"status":"no_data","color":"#38bdf8","width":2.8}},{"type":"Feature","id":"419676","geometry":{"type":"LineString","coordinates":[[35.97,37.084],[35.967,37.099],[35.942,37.094],[35.929,37.108],[35.86,37.087],[35.861,37.073],[35.84,37.08]]},"properties":{"OBJECTID":419676,"adi":"Bilinmiyor","nehir_kod":"TR20NH006221","hidrolojik_kategori":3,"strahler":5,"olcek_sinifi":2,"uzunluk":17983.5,"HAVZA_ID":20,"Havza_Id_Text":"TR20","entityId":"419676","entityType":"rivers","id":"419676","name":"Bilinmiyor","riverCode":"TR20NH006221","basinId":20,"lengthKm":17.9835,"flow":null,"status":"no_data","color":"#38bdf8","width":2.8}},{"type":"Feature","id":"419941","geometry":{"type":"LineString","coordinates":[[36.178,37.105],[36.162,37.123],[36.024,37.133]]},"properties":{"OBJECTID":419941,"adi":"Bilinmiyor","nehir_kod":"TR20NH007516","hidrolojik_kategori":1,"strahler":4,"olcek_sinifi":2,"uzunluk":15696.8,"HAVZA_ID":20,"Havza_Id_Text":"TR20","entityId":"419941","entityType":"rivers","id":"419941","name":"Bilinmiyor","riverCode":"TR20NH007516","basinId":20,"lengthKm":15.6968,"flow":null,"status":"no_data","color":"#38bdf8","width":2.8}},{"type":"Feature","id":"420580","geometry":{"type":"LineString","coordinates":[[35.85,37.174],[35.849,37.163],[35.823,37.164],[35.824,37.139],[35.796,37.111]]},"properties":{"OBJECTID":420580,"adi":"Bilinmiyor","nehir_kod":"TR20NH010833","hidrolojik_kategori":3,"strahler":9,"olcek_sinifi":2,"uzunluk":10860.3,"HAVZA_ID":20,"Havza_Id_Text":"TR20","entityId":"420580","entityType":"rivers","id":"420580","name":"Bilinmiyor","riverCode":"TR20NH010833","basinId":20,"lengthKm":10.860299999999999,"flow":null,"status":"no_data","color":"#38bdf8","width":2.8}},{"type":"Feature","id":"420889","geometry":{"type":"LineString","coordinates":[[35.945,37.209],[35.898,37.174],[35.876,37.185]]},"properties":{"OBJECTID":420889,"adi":"Bilinmiyor","nehir_kod":"TR20NH012711","hidrolojik_kategori":3,"strahler":8,"olcek_sinifi":2,"uzunluk":10840.6,"HAVZA_ID":20,"Havza_Id_Text":"TR20","entityId":"420889","entityType":"rivers","id":"420889","name":"Bilinmiyor","riverCode":"TR20NH012711","basinId":20,"lengthKm":10.8406,"flow":null,"status":"no_data","color":"#38bdf8","width":2.8}},{"type":"Feature","id":"421363","geometry":{"type":"LineString","coordinates":[[35.778,37.261],[35.839,37.206],[35.849,37.179]]},"properties":{"OBJECTID":421363,"adi":"Bilinmiyor","nehir_kod":"TR20NH015752","hidrolojik_kategori":2,"strahler":5,"olcek_sinifi":2,"uzunluk":12187.2,"HAVZA_ID":20,"Havza_Id_Text":"TR20","entityId":"421363","entityType":"rivers","id":"421363","name":"Bilinmiyor","riverCode":"TR20NH015752","basinId":20,"lengthKm":12.1872,"flow":null,"status":"no_data","color":"#38bdf8","width":2.8}},{"type":"Feature","id":"421793","geometry":{"type":"LineString","coordinates":[[35.99,37.3],[35.954,37.284],[35.945,37.209]]},"properties":{"OBJECTID":421793,"adi":"Bilinmiyor","nehir_kod":"TR20NH017935","hidrolojik_kategori":3,"strahler":6,"olcek_sinifi":2,"uzunluk":12825.2,"HAVZA_ID":20,"Havza_Id_Text":"TR20","entityId":"421793","entityType":"rivers","id":"421793","name":"Bilinmiyor","riverCode":"TR20NH017935","basinId":20,"lengthKm":12.8252,"flow":null,"status":"no_data","color":"#38bdf8","width":2.8}},{"type":"Feature","id":"423627","geometry":{"type":"LineString","coordinates":[[35.753,37.443],[35.784,37.412],[35.799,37.368]]},"properties":{"OBJECTID":423627,"adi":"Deli","nehir_kod":"TR20NH028172","hidrolojik_kategori":3,"strahler":6,"olcek_sinifi":2,"uzunluk":10592,"HAVZA_ID":20,"Havza_Id_Text":"TR20","entityId":"423627","entityType":"rivers","id":"423627","name":"Deli","riverCode":"TR20NH028172","basinId":20,"lengthKm":10.592,"flow":null,"status":"no_data","color":"#38bdf8","width":2.8}},{"type":"Feature","id":"423783","geometry":{"type":"LineString","coordinates":[[36.036,37.453],[36.003,37.39],[35.958,37.359]]},"properties":{"OBJECTID":423783,"adi":"Bilinmiyor","nehir_kod":"TR20NH028939","hidrolojik_kategori":3,"strahler":6,"olcek_sinifi":2,"uzunluk":16666,"HAVZA_ID":20,"Havza_Id_Text":"TR20","entityId":"423783","entityType":"rivers","id":"423783","name":"Bilinmiyor","riverCode":"TR20NH028939","basinId":20,"lengthKm":16.666,"flow":null,"status":"no_data","color":"#38bdf8","width":2.8}},{"type":"Feature","id":"423997","geometry":{"type":"LineString","coordinates":[[35.807,37.47],[35.791,37.425],[35.799,37.368]]},"properties":{"OBJECTID":423997,"adi":"Kilgen","nehir_kod":"TR20NH030292","hidrolojik_kategori":3,"strahler":6,"olcek_sinifi":2,"uzunluk":14705.9,"HAVZA_ID":20,"Havza_Id_Text":"TR20","entityId":"423997","entityType":"rivers","id":"423997","name":"Kilgen","riverCode":"TR20NH030292","basinId":20,"lengthKm":14.7059,"flow":null,"status":"no_data","color":"#38bdf8","width":2.8}},{"type":"Feature","id":"439865","geometry":{"type":"LineString","coordinates":[[37.368,36.75],[37.375,36.712],[37.361,36.656]]},"properties":{"OBJECTID":439865,"adi":"Haleparkı","nehir_kod":"TR21NH000342","hidrolojik_kategori":3,"strahler":4,"olcek_sinifi":2,"uzunluk":13279.8,"HAVZA_ID":21,"Havza_Id_Text":"TR21","entityId":"439865","entityType":"rivers","id":"439865","name":"Haleparkı","riverCode":"TR21NH000342","basinId":21,"lengthKm":13.2798,"flow":null,"status":"no_data","color":"#38bdf8","width":2.8}},{"type":"Feature","id":"439879","geometry":{"type":"LineString","coordinates":[[39.429,36.759],[39.403,36.694]]},"properties":{"OBJECTID":439879,"adi":"Koçar","nehir_kod":"TR21NH000430","hidrolojik_kategori":3,"strahler":4,"olcek_sinifi":2,"uzunluk":10160.1,"HAVZA_ID":21,"Havza_Id_Text":"TR21","entityId":"439879","entityType":"rivers","id":"439879","name":"Koçar","riverCode":"TR21NH000430","basinId":21,"lengthKm":10.1601,"flow":null,"status":"no_data","color":"#38bdf8","width":2.8}},{"type":"Feature","id":"439926","geometry":{"type":"LineString","coordinates":[[38.736,36.769],[38.766,36.729],[38.813,36.711]]},"properties":{"OBJECTID":439926,"adi":"Bilinmiyor","nehir_kod":"TR21NH000725","hidrolojik_kategori":3,"strahler":4,"olcek_sinifi":2,"uzunluk":12875.6,"HAVZA_ID":21,"Havza_Id_Text":"TR21","entityId":"439926","entityType":"rivers","id":"439926","name":"Bilinmiyor","riverCode":"TR21NH000725","basinId":21,"lengthKm":12.8756,"flow":null,"status":"no_data","color":"#38bdf8","width":2.8}},{"type":"Feature","id":"439928","geometry":{"type":"LineString","coordinates":[[39.142,36.778],[39.048,36.739]]},"properties":{"OBJECTID":439928,"adi":"Bilinmiyor","nehir_kod":"TR21NH000730","hidrolojik_kategori":2,"strahler":4,"olcek_sinifi":2,"uzunluk":10433.6,"HAVZA_ID":21,"Havza_Id_Text":"TR21","entityId":"439928","entityType":"rivers","id":"439928","name":"Bilinmiyor","riverCode":"TR21NH000730","basinId":21,"lengthKm":10.4336,"flow":null,"status":"no_data","color":"#38bdf8","width":2.8}},{"type":"Feature","id":"439977","geometry":{"type":"LineString","coordinates":[[38.866,36.795],[38.884,36.777],[38.971,36.757],[39.0,36.717]]},"properties":{"OBJECTID":439977,"adi":"Bilinmiyor","nehir_kod":"TR21NH001038","hidrolojik_kategori":2,"strahler":4,"olcek_sinifi":2,"uzunluk":16975.3,"HAVZA_ID":21,"Havza_Id_Text":"TR21","entityId":"439977","entityType":"rivers","id":"439977","name":"Bilinmiyor","riverCode":"TR21NH001038","basinId":21,"lengthKm":16.9753,"flow":null,"status":"no_data","color":"#38bdf8","width":2.8}},{"type":"Feature","id":"440085","geometry":{"type":"LineString","coordinates":[[38.916,36.824],[39.026,36.768]]},"properties":{"OBJECTID":440085,"adi":"Bilinmiyor","nehir_kod":"TR21NH001700","hidrolojik_kategori":3,"strahler":6,"olcek_sinifi":2,"uzunluk":12377.1,"HAVZA_ID":21,"Havza_Id_Text":"TR21","entityId":"440085","entityType":"rivers","id":"440085","name":"Bilinmiyor","riverCode":"TR21NH001700","basinId":21,"lengthKm":12.3771,"flow":null,"status":"no_data","color":"#38bdf8","width":2.8}},{"type":"Feature","id":"440108","geometry":{"type":"LineString","coordinates":[[39.141,36.817],[39.061,36.831],[39.026,36.752]]},"properties":{"OBJECTID":440108,"adi":"Bilinmiyor","nehir_kod":"TR21NH001792","hidrolojik_kategori":2,"strahler":4,"olcek_sinifi":2,"uzunluk":17733,"HAVZA_ID":21,"Havza_Id_Text":"TR21","entityId":"440108","entityType":"rivers","id":"440108","name":"Bilinmiyor","riverCode":"TR21NH001792","basinId":21,"lengthKm":17.733,"flow":null,"status":"no_data","color":"#38bdf8","width":2.8}},{"type":"Feature","id":"440269","geometry":{"type":"LineString","coordinates":[[37.612,36.853],[37.652,36.822],[37.654,36.775]]},"properties":{"OBJECTID":440269,"adi":"Bilinmiyor","nehir_kod":"TR21NH002536","hidrolojik_kategori":3,"strahler":5,"olcek_sinifi":2,"uzunluk":15423.8,"HAVZA_ID":21,"Havza_Id_Text":"TR21","entityId":"440269","entityType":"rivers","id":"440269","name":"Bilinmiyor","riverCode":"TR21NH002536","basinId":21,"lengthKm":15.4238,"flow":null,"status":"no_data","color":"#38bdf8","width":2.8}},{"type":"Feature","id":"440743","geometry":{"type":"LineString","coordinates":[[38.483,36.924],[38.527,36.91],[38.55,36.86]]},"properties":{"OBJECTID":440743,"adi":"Tilanter","nehir_kod":"TR21NH005303","hidrolojik_kategori":3,"strahler":6,"olcek_sinifi":2,"uzunluk":12627.1,"HAVZA_ID":21,"Havza_Id_Text":"TR21","entityId":"440743","entityType":"rivers","id":"440743","name":"Tilanter","riverCode":"TR21NH005303","basinId":21,"lengthKm":12.6271,"flow":null,"status":"no_data","color":"#38bdf8","width":2.8}},{"type":"Feature","id":"441590","geometry":{"type":"LineString","coordinates":[[38.289,36.982],[38.321,36.952],[38.319,36.913]]},"properties":{"OBJECTID":441590,"adi":"Kırmızı","nehir_kod":"TR21NH010096","hidrolojik_kategori":2,"strahler":4,"olcek_sinifi":2,"uzunluk":10590.5,"HAVZA_ID":21,"Havza_Id_Text":"TR21","entityId":"441590","entityType":"rivers","id":"441590","name":"Kırmızı","riverCode":"TR21NH010096","basinId":21,"lengthKm":10.5905,"flow":null,"status":"no_data","color":"#38bdf8","width":2.8}},{"type":"Feature","id":"442006","geometry":{"type":"LineString","coordinates":[[38.935,37.011],[38.96,36.933],[38.997,36.901]]},"properties":{"OBJECTID":442006,"adi":"Bilinmiyor","nehir_kod":"TR21NH012293","hidrolojik_kategori":3,"strahler":6,"olcek_sinifi":2,"uzunluk":14816.2,"HAVZA_ID":21,"Havza_Id_Text":"TR21","entityId":"442006","entityType":"rivers","id":"442006","name":"Bilinmiyor","riverCode":"TR21NH012293","basinId":21,"lengthKm":14.8162,"flow":null,"status":"no_data","color":"#38bdf8","width":2.8}},{"type":"Feature","id":"442007","geometry":{"type":"LineString","coordinates":[[38.441,37.0],[38.471,36.98],[38.479,36.938]]},"properties":{"OBJECTID":442007,"adi":"Bilinmiyor","nehir_kod":"TR21NH012302","hidrolojik_kategori":3,"strahler":6,"olcek_sinifi":2,"uzunluk":10070,"HAVZA_ID":21,"Havza_Id_Text":"TR21","entityId":"442007","entityType":"rivers","id":"442007","name":"Bilinmiyor","riverCode":"TR21NH012302","basinId":21,"lengthKm":10.07,"flow":null,"status":"no_data","color":"#38bdf8","width":2.8}},{"type":"Feature","id":"442204","geometry":{"type":"LineString","coordinates":[[38.883,37.023],[38.927,36.98],[38.93,36.941],[39.01,36.868],[39.019,36.83]]},"properties":{"OBJECTID":442204,"adi":"Bilinmiyor","nehir_kod":"TR21NH013680","hidrolojik_kategori":2,"strahler":4,"olcek_sinifi":2,"uzunluk":28118.5,"HAVZA_ID":21,"Havza_Id_Text":"TR21","entityId":"442204","entityType":"rivers","id":"442204","name":"Bilinmiyor","riverCode":"TR21NH013680","basinId":21,"lengthKm":28.1185,"flow":null,"status":"no_data","color":"#38bdf8","width":2.8}},{"type":"Feature","id":"443783","geometry":{"type":"LineString","coordinates":[[39.024,37.106],[39.04,37.049],[39.017,36.993],[39.044,36.921],[39.037,36.882]]},"properties":{"OBJECTID":443783,"adi":"Bilinmiyor","nehir_kod":"TR21NH023304","hidrolojik_kategori":3,"strahler":6,"olcek_sinifi":2,"uzunluk":27720.7,"HAVZA_ID":21,"Havza_Id_Text":"TR21","entityId":"443783","entityType":"rivers","id":"443783","name":"Bilinmiyor","riverCode":"TR21NH023304","basinId":21,"lengthKm":27.7207,"flow":null,"status":"no_data","color":"#38bdf8","width":2.8}},{"type":"Feature","id":"444025","geometry":{"type":"LineString","coordinates":[[38.842,37.111],[38.935,37.011]]},"properties":{"OBJECTID":444025,"adi":"Bilinmiyor","nehir_kod":"TR21NH024765","hidrolojik_kategori":2,"strahler":4,"olcek_sinifi":2,"uzunluk":14458,"HAVZA_ID":21,"Havza_Id_Text":"TR21","entityId":"444025","entityType":"rivers","id":"444025","name":"Bilinmiyor","riverCode":"TR21NH024765","basinId":21,"lengthKm":14.458,"flow":null,"status":"no_data","color":"#38bdf8","width":2.8}},{"type":"Feature","id":"444239","geometry":{"type":"LineString","coordinates":[[38.99,37.13],[38.958,37.029],[38.989,36.987],[38.997,36.901]]},"properties":{"OBJECTID":444239,"adi":"Bilinmiyor","nehir_kod":"TR21NH025967","hidrolojik_kategori":2,"strahler":4,"olcek_sinifi":2,"uzunluk":28522.9,"HAVZA_ID":21,"Havza_Id_Text":"TR21","entityId":"444239","entityType":"rivers","id":"444239","name":"Bilinmiyor","riverCode":"TR21NH025967","basinId":21,"lengthKm":28.5229,"flow":null,"status":"no_data","color":"#38bdf8","width":2.8}},{"type":"Feature","id":"445274","geometry":{"type":"LineString","coordinates":[[40.441,37.207],[40.44,37.166],[40.397,37.141]]},"properties":{"OBJECTID":445274,"adi":"Areban","nehir_kod":"TR21NH032321","hidrolojik_kategori":2,"strahler":4,"olcek_sinifi":2,"uzunluk":13906.8,"HAVZA_ID":21,"Havza_Id_Text":"TR21","entityId":"445274","entityType":"rivers","id":"445274","name":"Areban","riverCode":"TR21NH032321","basinId":21,"lengthKm":13.906799999999999,"flow":null,"status":"no_data","color":"#38bdf8","width":2.8}},{"type":"Feature","id":"445453","geometry":{"type":"LineString","coordinates":[[40.398,37.223],[40.4,37.194],[40.425,37.177],[40.397,37.141]]},"properties":{"OBJECTID":445453,"adi":"Bilinmiyor","nehir_kod":"TR21NH033202","hidrolojik_kategori":3,"strahler":4,"olcek_sinifi":2,"uzunluk":14625.4,"HAVZA_ID":21,"Havza_Id_Text":"TR21","entityId":"445453","entityType":"rivers","id":"445453","name":"Bilinmiyor","riverCode":"TR21NH033202","basinId":21,"lengthKm":14.625399999999999,"flow":null,"status":"no_data","color":"#38bdf8","width":2.8}},{"type":"Feature","id":"445718","geometry":{"type":"LineString","coordinates":[[40.662,37.252],[40.671,37.237],[40.647,37.196]]},"properties":{"OBJECTID":445718,"adi":"Şirtik","nehir_kod":"TR21NH035042","hidrolojik_kategori":2,"strahler":4,"olcek_sinifi":2,"uzunluk":10000.8,"HAVZA_ID":21,"Havza_Id_Text":"TR21","entityId":"445718","entityType":"rivers","id":"445718","name":"Şirtik","riverCode":"TR21NH035042","basinId":21,"lengthKm":10.0008,"flow":null,"status":"no_data","color":"#38bdf8","width":2.8}},{"type":"Feature","id":"446014","geometry":{"type":"LineString","coordinates":[[39.894,37.281],[39.919,37.246],[39.914,37.216],[39.945,37.156],[39.939,37.134]]},"properties":{"OBJECTID":446014,"adi":"Işıklı","nehir_kod":"TR21NH036921","hidrolojik_kategori":3,"strahler":4,"olcek_sinifi":2,"uzunluk":20721.1,"HAVZA_ID":21,"Havza_Id_Text":"TR21","entityId":"446014","entityType":"rivers","id":"446014","name":"Işıklı","riverCode":"TR21NH036921","basinId":21,"lengthKm":20.7211,"flow":null,"status":"no_data","color":"#38bdf8","width":2.8}},{"type":"Feature","id":"446018","geometry":{"type":"LineString","coordinates":[[39.738,37.28],[39.721,37.27],[39.722,37.251],[39.756,37.206]]},"properties":{"OBJECTID":446018,"adi":"Sulutepe","nehir_kod":"TR21NH036942","hidrolojik_kategori":3,"strahler":4,"olcek_sinifi":2,"uzunluk":11381.2,"HAVZA_ID":21,"Havza_Id_Text":"TR21","entityId":"446018","entityType":"rivers","id":"446018","name":"Sulutepe","riverCode":"TR21NH036942","basinId":21,"lengthKm":11.381200000000002,"flow":null,"status":"no_data","color":"#38bdf8","width":2.8}},{"type":"Feature","id":"446194","geometry":{"type":"LineString","coordinates":[[40.187,37.261],[40.194,37.227],[40.171,37.194],[40.137,37.18]]},"properties":{"OBJECTID":446194,"adi":"İncil","nehir_kod":"TR21NH037785","hidrolojik_kategori":2,"strahler":4,"olcek_sinifi":2,"uzunluk":13815.7,"HAVZA_ID":21,"Havza_Id_Text":"TR21","entityId":"446194","entityType":"rivers","id":"446194","name":"İncil","riverCode":"TR21NH037785","basinId":21,"lengthKm":13.815700000000001,"flow":null,"status":"no_data","color":"#38bdf8","width":2.8}},{"type":"Feature","id":"446425","geometry":{"type":"LineString","coordinates":[[40.239,37.321],[40.211,37.241],[40.241,37.17],[40.233,37.149]]},"properties":{"OBJECTID":446425,"adi":"Kap","nehir_kod":"TR21NH039036","hidrolojik_kategori":2,"strahler":4,"olcek_sinifi":2,"uzunluk":27357.4,"HAVZA_ID":21,"Havza_Id_Text":"TR21","entityId":"446425","entityType":"rivers","id":"446425","name":"Kap","riverCode":"TR21NH039036","basinId":21,"lengthKm":27.357400000000002,"flow":null,"status":"no_data","color":"#38bdf8","width":2.8}},{"type":"Feature","id":"446600","geometry":{"type":"LineString","coordinates":[[39.966,37.347],[40.008,37.268]]},"properties":{"OBJECTID":446600,"adi":"Zikreç","nehir_kod":"TR21NH040510","hidrolojik_kategori":2,"strahler":4,"olcek_sinifi":2,"uzunluk":11172.7,"HAVZA_ID":21,"Havza_Id_Text":"TR21","entityId":"446600","entityType":"rivers","id":"446600","name":"Zikreç","riverCode":"TR21NH040510","basinId":21,"lengthKm":11.1727,"flow":null,"status":"no_data","color":"#38bdf8","width":2.8}},{"type":"Feature","id":"446857","geometry":{"type":"LineString","coordinates":[[39.572,37.354],[39.558,37.313],[39.572,37.279],[39.585,37.283]]},"properties":{"OBJECTID":446857,"adi":"İnişli","nehir_kod":"TR21NH042344","hidrolojik_kategori":3,"strahler":5,"olcek_sinifi":2,"uzunluk":12272,"HAVZA_ID":21,"Havza_Id_Text":"TR21","entityId":"446857","entityType":"rivers","id":"446857","name":"İnişli","riverCode":"TR21NH042344","basinId":21,"lengthKm":12.272,"flow":null,"status":"no_data","color":"#38bdf8","width":2.8}},{"type":"Feature","id":"447926","geometry":{"type":"LineString","coordinates":[[39.111,37.499],[39.092,37.515],[39.09,37.564]]},"properties":{"OBJECTID":447926,"adi":"Hemdun","nehir_kod":"TR21NH050588","hidrolojik_kategori":3,"strahler":3,"olcek_sinifi":3,"uzunluk":11168.8,"HAVZA_ID":21,"Havza_Id_Text":"TR21","entityId":"447926","entityType":"rivers","id":"447926","name":"Hemdun","riverCode":"TR21NH050588","basinId":21,"lengthKm":11.1688,"flow":null,"status":"no_data","color":"#38bdf8","width":2.8}},{"type":"Feature","id":"462705","geometry":{"type":"LineString","coordinates":[[39.764,38.168],[39.833,38.125]]},"properties":{"OBJECTID":462705,"adi":"Boğaz","nehir_kod":"TR21NH141824","hidrolojik_kategori":3,"strahler":6,"olcek_sinifi":2,"uzunluk":11287.8,"HAVZA_ID":21,"Havza_Id_Text":"TR21","entityId":"462705","entityType":"rivers","id":"462705","name":"Boğaz","riverCode":"TR21NH141824","basinId":21,"lengthKm":11.287799999999999,"flow":null,"status":"no_data","color":"#38bdf8","width":2.8}},{"type":"Feature","id":"465350","geometry":{"type":"LineString","coordinates":[[37.909,38.276],[38.013,38.32]]},"properties":{"OBJECTID":465350,"adi":"Bilinmiyor","nehir_kod":"TR21NH156787","hidrolojik_kategori":3,"strahler":5,"olcek_sinifi":2,"uzunluk":11749.4,"HAVZA_ID":21,"Havza_Id_Text":"TR21","entityId":"465350","entityType":"rivers","id":"465350","name":"Bilinmiyor","riverCode":"TR21NH156787","basinId":21,"lengthKm":11.7494,"flow":null,"status":"no_data","color":"#38bdf8","width":2.8}},{"type":"Feature","id":"471738","geometry":{"type":"LineString","coordinates":[[41.776,37.248],[41.684,37.201]]},"properties":{"OBJECTID":471738,"adi":"Kil","nehir_kod":"TR21NH195487","hidrolojik_kategori":1,"strahler":3,"olcek_sinifi":3,"uzunluk":10594.9,"HAVZA_ID":21,"Havza_Id_Text":"TR21","entityId":"471738","entityType":"rivers","id":"471738","name":"Kil","riverCode":"TR21NH195487","basinId":21,"lengthKm":10.594899999999999,"flow":null,"status":"no_data","color":"#38bdf8","width":2.8}},{"type":"Feature","id":"475175","geometry":{"type":"LineString","coordinates":[[41.219,37.385],[41.235,37.381],[41.219,37.371],[41.248,37.349],[41.242,37.339],[41.254,37.342]]},"properties":{"OBJECTID":475175,"adi":"Cade","nehir_kod":"TR21NH213484","hidrolojik_kategori":2,"strahler":4,"olcek_sinifi":2,"uzunluk":11915.3,"HAVZA_ID":21,"Havza_Id_Text":"TR21","entityId":"475175","entityType":"rivers","id":"475175","name":"Cade","riverCode":"TR21NH213484","basinId":21,"lengthKm":11.915299999999998,"flow":null,"status":"no_data","color":"#38bdf8","width":2.8}},{"type":"Feature","id":"477769","geometry":{"type":"LineString","coordinates":[[41.176,37.465],[41.22,37.451],[41.209,37.419],[41.231,37.42],[41.247,37.394],[41.229,37.395]]},"properties":{"OBJECTID":477769,"adi":"Alem","nehir_kod":"TR21NH226657","hidrolojik_kategori":2,"strahler":4,"olcek_sinifi":2,"uzunluk":21435.1,"HAVZA_ID":21,"Havza_Id_Text":"TR21","entityId":"477769","entityType":"rivers","id":"477769","name":"Alem","riverCode":"TR21NH226657","basinId":21,"lengthKm":21.4351,"flow":null,"status":"no_data","color":"#38bdf8","width":2.8}},{"type":"Feature","id":"536403","geometry":{"type":"LineString","coordinates":[[39.648,39.657],[39.572,39.698],[39.488,39.698]]},"properties":{"OBJECTID":536403,"adi":"Bilinmiyor","nehir_kod":"TR21NH550652","hidrolojik_kategori":3,"strahler":8,"olcek_sinifi":2,"uzunluk":17644.1,"HAVZA_ID":21,"Havza_Id_Text":"TR21","entityId":"536403","entityType":"rivers","id":"536403","name":"Bilinmiyor","riverCode":"TR21NH550652","basinId":21,"lengthKm":17.644099999999998,"flow":null,"status":"no_data","color":"#38bdf8","width":2.8}},{"type":"Feature","id":"547626","geometry":{"type":"LineString","coordinates":[[41.72,38.832],[41.659,38.803],[41.654,38.775]]},"properties":{"OBJECTID":547626,"adi":"Ebülbahar","nehir_kod":"TR21NH608841","hidrolojik_kategori":3,"strahler":4,"olcek_sinifi":2,"uzunluk":10836.6,"HAVZA_ID":21,"Havza_Id_Text":"TR21","entityId":"547626","entityType":"rivers","id":"547626","name":"Ebülbahar","riverCode":"TR21NH608841","basinId":21,"lengthKm":10.8366,"flow":null,"status":"no_data","color":"#38bdf8","width":2.8}},{"type":"Feature","id":"547750","geometry":{"type":"LineString","coordinates":[[41.673,38.857],[41.614,38.772]]},"properties":{"OBJECTID":547750,"adi":"Değirmen","nehir_kod":"TR21NH609895","hidrolojik_kategori":2,"strahler":3,"olcek_sinifi":3,"uzunluk":12958.6,"HAVZA_ID":21,"Havza_Id_Text":"TR21","entityId":"547750","entityType":"rivers","id":"547750","name":"Değirmen","riverCode":"TR21NH609895","basinId":21,"lengthKm":12.9586,"flow":null,"status":"no_data","color":"#38bdf8","width":2.8}},{"type":"Feature","id":"550603","geometry":{"type":"LineString","coordinates":[[42.847,39.146],[42.8,39.174],[42.768,39.169]]},"properties":{"OBJECTID":550603,"adi":"Uzunca","nehir_kod":"TR21NH626663","hidrolojik_kategori":2,"strahler":4,"olcek_sinifi":2,"uzunluk":10708.5,"HAVZA_ID":21,"Havza_Id_Text":"TR21","entityId":"550603","entityType":"rivers","id":"550603","name":"Uzunca","riverCode":"TR21NH626663","basinId":21,"lengthKm":10.7085,"flow":null,"status":"no_data","color":"#38bdf8","width":2.8}},{"type":"Feature","id":"551719","geometry":{"type":"LineString","coordinates":[[42.855,39.221],[42.756,39.191]]},"properties":{"OBJECTID":551719,"adi":"Bilinmiyor","nehir_kod":"TR21NH632388","hidrolojik_kategori":3,"strahler":6,"olcek_sinifi":2,"uzunluk":17079.9,"HAVZA_ID":21,"Havza_Id_Text":"TR21","entityId":"551719","entityType":"rivers","id":"551719","name":"Bilinmiyor","riverCode":"TR21NH632388","basinId":21,"lengthKm":17.079900000000002,"flow":null,"status":"no_data","color":"#38bdf8","width":2.8}},{"type":"Feature","id":"551910","geometry":{"type":"LineString","coordinates":[[42.926,39.235],[42.905,39.257],[42.884,39.236]]},"properties":{"OBJECTID":551910,"adi":"Zincirli","nehir_kod":"TR21NH633498","hidrolojik_kategori":2,"strahler":4,"olcek_sinifi":2,"uzunluk":11416.5,"HAVZA_ID":21,"Havza_Id_Text":"TR21","entityId":"551910","entityType":"rivers","id":"551910","name":"Zincirli","riverCode":"TR21NH633498","basinId":21,"lengthKm":11.4165,"flow":null,"status":"no_data","color":"#38bdf8","width":2.8}},{"type":"Feature","id":"560130","geometry":{"type":"LineString","coordinates":[[42.68,39.795],[42.755,39.781],[42.784,39.758]]},"properties":{"OBJECTID":560130,"adi":"Bilinmiyor","nehir_kod":"TR21NH677263","hidrolojik_kategori":3,"strahler":5,"olcek_sinifi":2,"uzunluk":13014.5,"HAVZA_ID":21,"Havza_Id_Text":"TR21","entityId":"560130","entityType":"rivers","id":"560130","name":"Bilinmiyor","riverCode":"TR21NH677263","basinId":21,"lengthKm":13.0145,"flow":null,"status":"no_data","color":"#38bdf8","width":2.8}},{"type":"Feature","id":"560725","geometry":{"type":"LineString","coordinates":[[42.856,39.852],[42.874,39.791],[42.904,39.753]]},"properties":{"OBJECTID":560725,"adi":"Bilinmiyor","nehir_kod":"TR21NH680267","hidrolojik_kategori":3,"strahler":5,"olcek_sinifi":2,"uzunluk":14524.4,"HAVZA_ID":21,"Havza_Id_Text":"TR21","entityId":"560725","entityType":"rivers","id":"560725","name":"Bilinmiyor","riverCode":"TR21NH680267","basinId":21,"lengthKm":14.5244,"flow":null,"status":"no_data","color":"#38bdf8","width":2.8}},{"type":"Feature","id":"563159","geometry":{"type":"LineString","coordinates":[[38.198,38.378],[38.209,38.49]]},"properties":{"OBJECTID":563159,"adi":"Şahnahan","nehir_kod":"TR21NH692532","hidrolojik_kategori":3,"strahler":6,"olcek_sinifi":2,"uzunluk":16476.8,"HAVZA_ID":21,"Havza_Id_Text":"TR21","entityId":"563159","entityType":"rivers","id":"563159","name":"Şahnahan","riverCode":"TR21NH692532","basinId":21,"lengthKm":16.4768,"flow":null,"status":"no_data","color":"#38bdf8","width":2.8}},{"type":"Feature","id":"617119","geometry":{"type":"LineString","coordinates":[[44.665,39.717],[44.715,39.714],[44.756,39.671]]},"properties":{"OBJECTID":617119,"adi":"Bilinmiyor","nehir_kod":"TR24NH036160","hidrolojik_kategori":2,"strahler":5,"olcek_sinifi":2,"uzunluk":15161.5,"HAVZA_ID":24,"Havza_Id_Text":"TR24","entityId":"617119","entityType":"rivers","id":"617119","name":"Bilinmiyor","riverCode":"TR24NH036160","basinId":24,"lengthKm":15.1615,"flow":null,"status":"no_data","color":"#38bdf8","width":2.8}},{"type":"Feature","id":"617280","geometry":{"type":"LineString","coordinates":[[44.634,39.78],[44.774,39.685],[44.807,39.638]]},"properties":{"OBJECTID":617280,"adi":"Bilinmiyor","nehir_kod":"TR24NH037423","hidrolojik_kategori":2,"strahler":5,"olcek_sinifi":2,"uzunluk":22783.6,"HAVZA_ID":24,"Havza_Id_Text":"TR24","entityId":"617280","entityType":"rivers","id":"617280","name":"Bilinmiyor","riverCode":"TR24NH037423","basinId":24,"lengthKm":22.7836,"flow":null,"status":"no_data","color":"#38bdf8","width":2.8}},{"type":"Feature","id":"617409","geometry":{"type":"LineString","coordinates":[[44.619,39.822],[44.611,39.815],[44.656,39.792],[44.696,39.792],[44.688,39.771],[44.71,39.77],[44.723,39.742],[44.744,39.743],[44.748,39.716],[44.802,39.684],[44.799,39.658],[44.818,39.654],[44.807,39.638]]},"properties":{"OBJECTID":617409,"adi":"Bilinmiyor","nehir_kod":"TR24NH038257","hidrolojik_kategori":3,"strahler":8,"olcek_sinifi":2,"uzunluk":42179.9,"HAVZA_ID":24,"Havza_Id_Text":"TR24","entityId":"617409","entityType":"rivers","id":"617409","name":"Bilinmiyor","riverCode":"TR24NH038257","basinId":24,"lengthKm":42.1799,"flow":null,"status":"no_data","color":"#38bdf8","width":2.8}},{"type":"Feature","id":"617543","geometry":{"type":"LineString","coordinates":[[44.064,39.877],[44.1,39.87],[44.13,39.889],[44.133,39.946]]},"properties":{"OBJECTID":617543,"adi":"Bilinmiyor","nehir_kod":"TR24NH039210","hidrolojik_kategori":2,"strahler":6,"olcek_sinifi":2,"uzunluk":13693.7,"HAVZA_ID":24,"Havza_Id_Text":"TR24","entityId":"617543","entityType":"rivers","id":"617543","name":"Bilinmiyor","riverCode":"TR24NH039210","basinId":24,"lengthKm":13.693700000000002,"flow":null,"status":"no_data","color":"#38bdf8","width":2.8}},{"type":"Feature","id":"617622","geometry":{"type":"LineString","coordinates":[[44.529,39.893],[44.562,39.845],[44.594,39.826]]},"properties":{"OBJECTID":617622,"adi":"Bilinmiyor","nehir_kod":"TR24NH039588","hidrolojik_kategori":2,"strahler":4,"olcek_sinifi":2,"uzunluk":11351.9,"HAVZA_ID":24,"Havza_Id_Text":"TR24","entityId":"617622","entityType":"rivers","id":"617622","name":"Bilinmiyor","riverCode":"TR24NH039588","basinId":24,"lengthKm":11.351899999999999,"flow":null,"status":"no_data","color":"#38bdf8","width":2.8}},{"type":"Feature","id":"617667","geometry":{"type":"LineString","coordinates":[[44.521,39.92],[44.536,39.921],[44.553,39.881],[44.592,39.859],[44.594,39.826]]},"properties":{"OBJECTID":617667,"adi":"Bilinmiyor","nehir_kod":"TR24NH039776","hidrolojik_kategori":3,"strahler":8,"olcek_sinifi":2,"uzunluk":15488.8,"HAVZA_ID":24,"Havza_Id_Text":"TR24","entityId":"617667","entityType":"rivers","id":"617667","name":"Bilinmiyor","riverCode":"TR24NH039776","basinId":24,"lengthKm":15.4888,"flow":null,"status":"no_data","color":"#38bdf8","width":2.8}},{"type":"Feature","id":"617693","geometry":{"type":"LineString","coordinates":[[43.944,39.93],[44.036,39.904],[44.05,39.878]]},"properties":{"OBJECTID":617693,"adi":"Bilinmiyor","nehir_kod":"TR24NH039953","hidrolojik_kategori":2,"strahler":5,"olcek_sinifi":2,"uzunluk":12071.1,"HAVZA_ID":24,"Havza_Id_Text":"TR24","entityId":"617693","entityType":"rivers","id":"617693","name":"Bilinmiyor","riverCode":"TR24NH039953","basinId":24,"lengthKm":12.0711,"flow":null,"status":"no_data","color":"#38bdf8","width":2.8}},{"type":"Feature","id":"617747","geometry":{"type":"LineString","coordinates":[[43.967,39.951],[44.119,39.964]]},"properties":{"OBJECTID":617747,"adi":"Bilinmiyor","nehir_kod":"TR24NH040202","hidrolojik_kategori":3,"strahler":6,"olcek_sinifi":2,"uzunluk":13259,"HAVZA_ID":24,"Havza_Id_Text":"TR24","entityId":"617747","entityType":"rivers","id":"617747","name":"Bilinmiyor","riverCode":"TR24NH040202","basinId":24,"lengthKm":13.259,"flow":null,"status":"no_data","color":"#38bdf8","width":2.8}},{"type":"Feature","id":"617835","geometry":{"type":"LineString","coordinates":[[44.233,39.988],[44.378,40.005]]},"properties":{"OBJECTID":617835,"adi":"Bilinmiyor","nehir_kod":"TR24NH040833","hidrolojik_kategori":3,"strahler":7,"olcek_sinifi":2,"uzunluk":12600.2,"HAVZA_ID":24,"Havza_Id_Text":"TR24","entityId":"617835","entityType":"rivers","id":"617835","name":"Bilinmiyor","riverCode":"TR24NH040833","basinId":24,"lengthKm":12.600200000000001,"flow":null,"status":"no_data","color":"#38bdf8","width":2.8}},{"type":"Feature","id":"617990","geometry":{"type":"LineString","coordinates":[[44.402,40.002],[44.457,39.99],[44.521,39.92]]},"properties":{"OBJECTID":617990,"adi":"Bilinmiyor","nehir_kod":"TR24NH041455","hidrolojik_kategori":3,"strahler":8,"olcek_sinifi":2,"uzunluk":16277.9,"HAVZA_ID":24,"Havza_Id_Text":"TR24","entityId":"617990","entityType":"rivers","id":"617990","name":"Bilinmiyor","riverCode":"TR24NH041455","basinId":24,"lengthKm":16.2779,"flow":null,"status":"no_data","color":"#38bdf8","width":2.8}},{"type":"Feature","id":"618171","geometry":{"type":"LineString","coordinates":[[43.879,40.031],[43.964,40.016],[43.988,40.032],[44.171,40.027],[44.252,40.049]]},"properties":{"OBJECTID":618171,"adi":"Bilinmiyor","nehir_kod":"TR24NH042466","hidrolojik_kategori":3,"strahler":8,"olcek_sinifi":2,"uzunluk":39818.1,"HAVZA_ID":24,"Havza_Id_Text":"TR24","entityId":"618171","entityType":"rivers","id":"618171","name":"Bilinmiyor","riverCode":"TR24NH042466","basinId":24,"lengthKm":39.8181,"flow":null,"status":"no_data","color":"#38bdf8","width":2.8}},{"type":"Feature","id":"618226","geometry":{"type":"LineString","coordinates":[[44.286,40.043],[44.352,40.027],[44.377,40.006]]},"properties":{"OBJECTID":618226,"adi":"Bilinmiyor","nehir_kod":"TR24NH042799","hidrolojik_kategori":3,"strahler":8,"olcek_sinifi":2,"uzunluk":10590.9,"HAVZA_ID":24,"Havza_Id_Text":"TR24","entityId":"618226","entityType":"rivers","id":"618226","name":"Bilinmiyor","riverCode":"TR24NH042799","basinId":24,"lengthKm":10.5909,"flow":null,"status":"no_data","color":"#38bdf8","width":2.8}},{"type":"Feature","id":"621402","geometry":{"type":"LineString","coordinates":[[43.481,40.556],[43.526,40.572],[43.597,40.535]]},"properties":{"OBJECTID":621402,"adi":"Bilinmiyor","nehir_kod":"TR24NH061172","hidrolojik_kategori":2,"strahler":3,"olcek_sinifi":3,"uzunluk":13633.4,"HAVZA_ID":24,"Havza_Id_Text":"TR24","entityId":"621402","entityType":"rivers","id":"621402","name":"Bilinmiyor","riverCode":"TR24NH061172","basinId":24,"lengthKm":13.6334,"flow":null,"status":"no_data","color":"#38bdf8","width":2.8}},{"type":"Feature","id":"621658","geometry":{"type":"LineString","coordinates":[[43.576,40.779],[43.611,40.745]]},"properties":{"OBJECTID":621658,"adi":"Bilinmiyor","nehir_kod":"TR24NH062495","hidrolojik_kategori":3,"strahler":4,"olcek_sinifi":2,"uzunluk":11389,"HAVZA_ID":24,"Havza_Id_Text":"TR24","entityId":"621658","entityType":"rivers","id":"621658","name":"Bilinmiyor","riverCode":"TR24NH062495","basinId":24,"lengthKm":11.389,"flow":null,"status":"no_data","color":"#38bdf8","width":2.8}},{"type":"Feature","id":"621926","geometry":{"type":"LineString","coordinates":[[43.624,40.901],[43.627,40.874],[43.601,40.852],[43.599,40.825]]},"properties":{"OBJECTID":621926,"adi":"Möküz","nehir_kod":"TR24NH063821","hidrolojik_kategori":2,"strahler":3,"olcek_sinifi":3,"uzunluk":11830.2,"HAVZA_ID":24,"Havza_Id_Text":"TR24","entityId":"621926","entityType":"rivers","id":"621926","name":"Möküz","riverCode":"TR24NH063821","basinId":24,"lengthKm":11.830200000000001,"flow":null,"status":"no_data","color":"#38bdf8","width":2.8}},{"type":"Feature","id":"622269","geometry":{"type":"LineString","coordinates":[[43.642,40.272],[43.683,40.257],[43.684,40.227],[43.664,40.228]]},"properties":{"OBJECTID":622269,"adi":"Bilinmiyor","nehir_kod":"TR24NH065798","hidrolojik_kategori":3,"strahler":7,"olcek_sinifi":2,"uzunluk":12061.6,"HAVZA_ID":24,"Havza_Id_Text":"TR24","entityId":"622269","entityType":"rivers","id":"622269","name":"Bilinmiyor","riverCode":"TR24NH065798","basinId":24,"lengthKm":12.0616,"flow":null,"status":"no_data","color":"#38bdf8","width":2.8}},{"type":"Feature","id":"622387","geometry":{"type":"LineString","coordinates":[[43.645,40.563],[43.651,40.532],[43.633,40.54],[43.639,40.523],[43.614,40.518]]},"properties":{"OBJECTID":622387,"adi":"Bilinmiyor","nehir_kod":"TR24NH066101","hidrolojik_kategori":3,"strahler":7,"olcek_sinifi":2,"uzunluk":13100.8,"HAVZA_ID":24,"Havza_Id_Text":"TR24","entityId":"622387","entityType":"rivers","id":"622387","name":"Bilinmiyor","riverCode":"TR24NH066101","basinId":24,"lengthKm":13.1008,"flow":null,"status":"no_data","color":"#38bdf8","width":2.8}},{"type":"Feature","id":"630416","geometry":{"type":"LineString","coordinates":[[44.086,39.078],[44.003,39.109]]},"properties":{"OBJECTID":630416,"adi":"Bilinmiyor","nehir_kod":"TR25NH044484","hidrolojik_kategori":3,"strahler":5,"olcek_sinifi":2,"uzunluk":10801.1,"HAVZA_ID":25,"Havza_Id_Text":"TR25","entityId":"630416","entityType":"rivers","id":"630416","name":"Bilinmiyor","riverCode":"TR25NH044484","basinId":25,"lengthKm":10.8011,"flow":null,"status":"no_data","color":"#38bdf8","width":2.8}}]}
